{"type":"FeatureCollection","features":[{"type":"Feature","geometry":{"type":"MultiPolygon","coordinates":[[[[151.118,-33.8642],[151.0924,-33.8236],[151.0511,-33.8242],[151.1743,-33.8431],[151.1442,-33.803],[151.1459,-33.829],[151.2467,-33.8534],[151.2689,-33.8271],[151.2194,-33.819],[151.2325,-33.7875],[151.2044,-33.7725],[151.3015,-33.8233],[151.3079,-33.7035],[151.2697,-33.7149],[151.3102,-33.7038],[151.343,-33.6245],[151.3235,-33.579],[151.3121,-33.6667],[151.2722,-33.659],[151.3108,-33.5801],[151.2848,-33.5722],[151.1494,-33.6555],[151.2131,-33.6079],[151.1863,-33.5921],[151.2469,-33.5783],[151.1756,-33.514],[151.1489,-33.5368],[151.1622,-33.5758],[151.1028,-33.5878],[151.1515,-33.5622],[151.1114,-33.507],[151.1539,-33.5239],[151.1313,-33.4913],[151.1556,-33.4674],[151.0976,-33.4835],[151.0735,-33.4476],[151.1016,-33.4807],[151.1664,-33.4267],[151.1598,-33.511],[151.1819,-33.5008],[151.1994,-33.5361],[151.1919,-33.4888],[151.2375,-33.4538],[151.1976,-33.4952],[151.227,-33.5305],[151.2657,-33.4849],[151.2373,-33.5109],[151.2587,-33.5706],[151.3504,-33.5156],[151.3365,-33.4844],[151.2996,-33.4958],[151.3228,-33.4278],[151.3695,-33.4387],[151.342,-33.4811],[151.3828,-33.4719],[151.3757,-33.5006],[151.3412,-33.4893],[151.3634,-33.5209],[151.3359,-33.5223],[151.345,-33.547],[151.419,-33.5215],[151.5044,-33.3625],[151.494,-33.3365],[151.4488,-33.3546],[151.4418,-33.3299],[151.4686,-33.3285],[151.4416,-33.3071],[151.519,-33.2617],[151.5086,-33.2227],[151.5619,-33.2395],[151.5625,-33.195],[151.5858,-33.2081],[151.5205,-33.2626],[151.5456,-33.2777],[151.5019,-33.3439],[151.579,-33.2822],[151.5642,-33.2489],[151.6251,-33.198],[151.6657,-33.0869],[151.6338,-33.0707],[151.5971,-33.1616],[151.5792,-33.1033],[151.5676,-33.1753],[151.5098,-33.1375],[151.5651,-33.1006],[151.51,-33.0931],[151.5534,-33.061],[151.6138,-33.0821],[151.5773,-33.0329],[151.6195,-33.0482],[151.5841,-32.9961],[151.6166,-33.0058],[151.6143,-32.9626],[151.6439,-32.9748],[151.6283,-33.0155],[151.6611,-33.0838],[151.803,-32.9162],[151.7635,-32.9245],[151.7338,-32.8776],[151.7773,-32.9022],[151.7748,-32.8571],[151.6965,-32.8329],[151.7282,-32.8787],[151.6861,-32.823],[151.7567,-32.8526],[151.8173,-32.8241],[151.7852,-32.9202],[151.9094,-32.8283],[152.1156,-32.7929],[152.1726,-32.7617],[152.1882,-32.7119],[152.0911,-32.7282],[152.0635,-32.6985],[152.0695,-32.736],[152.0586,-32.7162],[151.9433,-32.7393],[151.9789,-32.6967],[151.9445,-32.6755],[151.9699,-32.6538],[152.043,-32.6797],[152.0611,-32.6499],[152.0614,-32.6881],[152.1219,-32.6578],[152.1295,-32.6857],[152.205,-32.7012],[152.1957,-32.6479],[152.3356,-32.5271],[152.54,-32.4434],[152.5163,-32.4085],[152.5517,-32.3346],[152.5237,-32.2944],[152.5709,-32.2156],[152.5089,-32.1724],[152.5128,-32.117],[152.6088,-31.9471],[152.7546,-31.8451],[152.7361,-31.8111],[152.8495,-31.6413],[152.8453,-31.5729],[152.9378,-31.4761],[152.915,-31.4094],[152.9764,-31.3141],[152.9774,-31.1714],[153.0647,-31.0566],[153.039,-31.0032],[153.0887,-30.9113],[153.0115,-30.8564],[152.9899,-30.7075],[153.036,-30.4857],[153.1529,-30.3095],[153.1402,-30.2559],[153.2067,-30.157],[153.1971,-30.0406],[153.2601,-29.9519],[153.2959,-29.7371],[153.334,-29.6746],[153.3767,-29.3656],[153.3444,-29.3444],[153.3443,-29.2966],[153.4567,-29.1402],[153.4328,-29.1008],[153.464,-29.0187],[153.5901,-28.8776],[153.5269,-28.8729],[153.5768,-28.8698],[153.5749,-28.8402],[153.592,-28.8756],[153.6089,-28.8432],[153.5958,-28.7752],[153.6386,-28.6335],[153.5806,-28.6108],[153.552,-28.5092],[153.5863,-28.2582],[153.5564,-28.17],[153.5531,-28.2377],[153.5379,-28.1838],[153.493,-28.2165],[153.5522,-28.1644],[153.4769,-28.1569],[153.3573,-28.2493],[153.1767,-28.2496],[153.1077,-28.3585],[152.8804,-28.3098],[152.7509,-28.3639],[152.6397,-28.3122],[152.6142,-28.2695],[152.5795,-28.3392],[152.5259,-28.306],[152.534,-28.2627],[152.4635,-28.2592],[152.388,-28.3675],[152.3094,-28.3628],[152.2172,-28.4491],[152.1601,-28.4333],[152.0167,-28.5252],[151.9554,-28.5192],[152.0105,-28.665],[152.076,-28.7083],[152.0423,-28.7318],[152.0107,-28.9067],[151.9163,-28.9293],[151.8498,-28.9076],[151.8307,-28.9617],[151.7769,-28.959],[151.7339,-28.8715],[151.7064,-28.8717],[151.5448,-28.9533],[151.4978,-29.0209],[151.5028,-29.0699],[151.3941,-29.178],[151.3156,-29.1661],[151.2805,-29.1022],[151.2742,-28.9379],[151.1033,-28.8366],[151.0444,-28.8439],[151.0099,-28.7409],[150.7513,-28.6343],[150.6322,-28.6771],[150.4422,-28.6643],[150.2901,-28.5372],[150.2126,-28.5743],[150.1525,-28.5502],[150.0154,-28.5805],[149.9772,-28.6136],[149.7212,-28.6094],[149.704,-28.6339],[149.5872,-28.5734],[149.5033,-28.5744],[149.4525,-28.5949],[149.3875,-28.6962],[149.2967,-28.7097],[149.0805,-28.842],[149.0319,-28.9566],[148.9581,-28.9991],[140.9993,-28.9991],[141.0019,-34.0393],[141.0892,-34.0767],[141.0942,-34.0507],[141.1531,-34.0545],[141.185,-34.092],[141.2418,-34.0613],[141.3249,-34.1388],[141.359,-34.1107],[141.4445,-34.168],[141.4968,-34.1555],[141.5101,-34.2165],[141.6033,-34.1912],[141.5839,-34.152],[141.6185,-34.1563],[141.6774,-34.1012],[141.8766,-34.1374],[141.9035,-34.1112],[141.9341,-34.1383],[142.0378,-34.0998],[142.0296,-34.1261],[142.0756,-34.1314],[142.0828,-34.1735],[142.1487,-34.1488],[142.1661,-34.1829],[142.228,-34.1895],[142.2359,-34.307],[142.3966,-34.3377],[142.351,-34.3966],[142.3533,-34.4696],[142.3842,-34.4781],[142.3596,-34.4988],[142.3947,-34.4935],[142.3749,-34.5153],[142.3999,-34.5223],[142.3677,-34.5304],[142.4516,-34.5843],[142.468,-34.5643],[142.4523,-34.6335],[142.4836,-34.6364],[142.4756,-34.6726],[142.5159,-34.6637],[142.4996,-34.7391],[142.5242,-34.7594],[142.6393,-34.7803],[142.6183,-34.7288],[142.6994,-34.7245],[142.6789,-34.6808],[142.7108,-34.6758],[142.7,-34.5994],[142.7592,-34.6001],[142.7483,-34.5768],[142.7838,-34.5791],[142.7914,-34.5464],[142.8101,-34.5609],[142.7869,-34.5894],[142.8683,-34.6275],[142.8868,-34.6798],[142.9238,-34.6479],[142.9727,-34.6952],[142.9893,-34.6626],[143.0395,-34.7026],[143.1123,-34.6809],[143.1071,-34.7016],[143.2188,-34.7295],[143.2244,-34.7587],[143.274,-34.7527],[143.2521,-34.7728],[143.2767,-34.7923],[143.3479,-34.7916],[143.3221,-35.0367],[143.3911,-35.1889],[143.4495,-35.1891],[143.4715,-35.2193],[143.5639,-35.2026],[143.5909,-35.2817],[143.5622,-35.3375],[143.6312,-35.3955],[143.6842,-35.3682],[143.7638,-35.3922],[143.7629,-35.4231],[143.8588,-35.48],[143.9701,-35.5001],[143.9899,-35.5547],[144.105,-35.5908],[144.2678,-35.7537],[144.2961,-35.7371],[144.3489,-35.767],[144.3814,-35.8524],[144.4114,-35.859],[144.4079,-35.904],[144.5833,-36.039],[144.6155,-36.0316],[144.6177,-36.0772],[144.6327,-36.0481],[144.655,-36.0753],[144.6887,-36.0613],[144.6842,-36.0955],[144.719,-36.0859],[144.7184,-36.1136],[144.778,-36.1299],[144.8633,-36.0592],[144.9806,-36.0732],[144.9236,-35.9889],[144.9574,-35.9609],[144.9682,-35.8654],[145.1142,-35.8205],[145.3552,-35.8671],[145.5357,-35.802],[145.6739,-35.9259],[145.81,-35.9914],[145.9027,-35.9525],[145.9537,-35.9616],[145.9718,-36.0157],[146.1348,-36.0025],[146.186,-36.0421],[146.2829,-36.011],[146.283,-36.0415],[146.3389,-36.0264],[146.3696,-36.0507],[146.4261,-35.9639],[146.4927,-35.9913],[146.5018,-35.9582],[146.5496,-35.9925],[146.6113,-35.9726],[146.6858,-36.0406],[146.7316,-36.0237],[146.7499,-36.0613],[146.873,-36.0737],[146.9437,-36.116],[146.9568,-36.0781],[147.053,-36.1079],[147.1234,-35.9945],[147.1444,-36.0378],[147.3193,-36.0611],[147.3918,-35.9476],[147.4941,-35.9435],[147.5519,-36.0041],[147.584,-35.9846],[147.5491,-35.9645],[147.6014,-35.9791],[147.7085,-35.9286],[147.9126,-35.9953],[147.9337,-36.0476],[147.9997,-36.0462],[147.9802,-36.0866],[148.0044,-36.1401],[148.0377,-36.1408],[148.035,-36.3106],[148.0589,-36.32],[148.0375,-36.3901],[148.1247,-36.4647],[148.1334,-36.5669],[148.2176,-36.5984],[148.1089,-36.8009],[148.1949,-36.7963],[149.9768,-37.5051],[149.9498,-37.3747],[149.9697,-37.3097],[149.944,-37.2777],[149.9869,-37.2399],[150.0519,-37.2623],[150.0049,-37.1413],[149.8725,-37.0832],[149.9447,-37.054],[149.9459,-36.9491],[149.9048,-36.9146],[149.9381,-36.9025],[149.9406,-36.8117],[150.0683,-36.5541],[150.0668,-36.3985],[150.1486,-36.267],[150.1243,-36.1419],[150.1646,-36.013],[150.1502,-35.8911],[150.1867,-35.8331],[150.2353,-35.8355],[150.2372,-35.8017],[150.1773,-35.7031],[150.2656,-35.7265],[150.3065,-35.6861],[150.2993,-35.6474],[150.4063,-35.5339],[150.3928,-35.4646],[150.4924,-35.3667],[150.478,-35.2918],[150.5972,-35.1903],[150.5939,-35.1439],[150.702,-35.123],[150.6794,-35.0239],[150.7603,-34.9922],[150.7762,-35.083],[150.8338,-35.0744],[150.8497,-35.0129],[150.7847,-34.9866],[150.7495,-34.8552],[150.7821,-34.7913],[150.8251,-34.7825],[150.8559,-34.6146],[150.9045,-34.597],[150.8632,-34.5379],[150.7969,-34.5458],[150.8324,-34.4863],[150.8866,-34.4916],[150.8748,-34.5423],[150.9219,-34.4939],[150.8841,-34.4577],[150.9098,-34.4648],[150.928,-34.3166],[151.1718,-34.0865],[151.0786,-34.0893],[151.102,-34.0654],[151.0611,-34.0644],[151.1052,-34.0421],[151.1116,-34.0725],[151.1534,-34.0732],[151.1655,-34.0407],[151.2303,-34.0264],[151.2219,-34.0012],[151.1596,-34.0233],[151.1621,-34],[151.145,-34.0386],[151.0695,-33.9959],[151.0428,-34.0292],[151.0663,-33.9923],[151.0225,-33.9642],[151.0447,-33.9477],[151.0365,-33.9909],[151.1299,-33.9836],[151.1285,-34.006],[151.1852,-33.9518],[151.2492,-34.0018],[151.2878,-33.8502],[151.2446,-33.8739],[151.1753,-33.8724],[151.1854,-33.846],[151.1417,-33.8703],[151.154,-33.8421],[151.118,-33.8642]],[[149.2318,-35.222],[149.2718,-35.2735],[149.398,-35.3253],[149.3512,-35.3513],[149.2482,-35.3304],[149.1468,-35.4147],[149.1427,-35.5928],[149.0781,-35.5864],[149.1094,-35.6966],[149.0957,-35.8456],[149.049,-35.9202],[148.9616,-35.8967],[148.8867,-35.8101],[148.8867,-35.7192],[148.8557,-35.761],[148.7675,-35.6474],[148.7935,-35.3391],[149.1209,-35.1244],[149.1856,-35.1611],[149.205,-35.2291],[149.2318,-35.222]]],[[[159.0623,-31.5089],[159.0631,-31.5092],[159.0637,-31.5087],[159.0623,-31.5089]]],[[[159.0675,-31.5046],[159.0688,-31.5042],[159.0679,-31.5036],[159.0675,-31.5046]]],[[[151.6403,-33.0582],[151.6411,-33.0621],[151.6431,-33.0616],[151.6403,-33.0582]]],[[[159.0714,-31.5993],[159.0734,-31.5993],[159.072,-31.5987],[159.0714,-31.5993]]],[[[159.1069,-31.54],[159.1073,-31.5419],[159.1092,-31.5391],[159.1069,-31.54]]],[[[159.0727,-31.5017],[159.0723,-31.5027],[159.0739,-31.5018],[159.0727,-31.5017]]],[[[159.0642,-31.5016],[159.0651,-31.5016],[159.0644,-31.501],[159.0642,-31.5016]]],[[[159.07,-31.4963],[159.071,-31.4962],[159.0707,-31.494],[159.07,-31.4963]]],[[[159.0718,-31.4873],[159.0709,-31.487],[159.0706,-31.4883],[159.0718,-31.4873]]],[[[159.0634,-31.5158],[159.0369,-31.5169],[159.0771,-31.5431],[159.0736,-31.5978],[159.1054,-31.5639],[159.0634,-31.5158]]],[[[159.061,-31.5346],[159.0582,-31.5349],[159.0603,-31.5354],[159.061,-31.5346]]],[[[159.1054,-31.5405],[159.1057,-31.5407],[159.1058,-31.5398],[159.1054,-31.5405]]],[[[152.0939,-32.7918],[152.0949,-32.7925],[152.0945,-32.7914],[152.0939,-32.7918]]],[[[159.0685,-31.5011],[159.0696,-31.4971],[159.0655,-31.4975],[159.0685,-31.5011]]],[[[152.1202,-32.7898],[152.1208,-32.7893],[152.1198,-32.7889],[152.1202,-32.7898]]],[[[152.124,-32.7848],[152.124,-32.7843],[152.1235,-32.7849],[152.124,-32.7848]]],[[[152.081,-32.7894],[152.0806,-32.7895],[152.0814,-32.7896],[152.081,-32.7894]]],[[[152.0799,-32.7899],[152.0802,-32.7896],[152.0797,-32.7896],[152.0799,-32.7899]]],[[[152.0774,-32.7889],[152.0775,-32.7891],[152.0776,-32.7888],[152.0774,-32.7889]]],[[[151.599,-33.0995],[151.5911,-33.088],[151.585,-33.0916],[151.599,-33.0995]]],[[[151.2045,-33.5328],[151.2168,-33.53],[151.2122,-33.5278],[151.2045,-33.5328]]],[[[151.1786,-33.5155],[151.1831,-33.5192],[151.1773,-33.5073],[151.1786,-33.5155]]],[[[151.152,-33.5277],[151.1536,-33.5282],[151.1533,-33.5253],[151.152,-33.5277]]],[[[151.6745,-33.0869],[151.6722,-33.0866],[151.6706,-33.0892],[151.6745,-33.0869]]],[[[151.5727,-33.2907],[151.5719,-33.2894],[151.5705,-33.29],[151.5727,-33.2907]]],[[[151.6672,-33.094],[151.668,-33.0941],[151.6679,-33.0935],[151.6672,-33.094]]],[[[151.6555,-33.1002],[151.6563,-33.1001],[151.656,-33.0999],[151.6555,-33.1002]]],[[[152.1982,-32.7464],[152.1924,-32.7398],[152.1849,-32.7497],[152.1982,-32.7464]]],[[[152.228,-32.7057],[152.2262,-32.709],[152.2313,-32.7099],[152.228,-32.7057]]],[[[151.9978,-32.7006],[152.0034,-32.7058],[152.0016,-32.7016],[151.9978,-32.7006]]],[[[152.0552,-32.7029],[152.0594,-32.7018],[152.0571,-32.6999],[152.0552,-32.7029]]],[[[152.1423,-32.7679],[152.1451,-32.7679],[152.143,-32.7668],[152.1423,-32.7679]]],[[[152.2419,-32.7011],[152.243,-32.7017],[152.2433,-32.7002],[152.2419,-32.7011]]],[[[152.2054,-32.7423],[152.2041,-32.7426],[152.2049,-32.7432],[152.2054,-32.7423]]],[[[152.1608,-32.764],[152.1615,-32.7652],[152.1615,-32.7636],[152.1608,-32.764]]],[[[152.1772,-32.7558],[152.1793,-32.7562],[152.1772,-32.7553],[152.1772,-32.7558]]],[[[152.1715,-32.7624],[152.1726,-32.7626],[152.1729,-32.7623],[152.1715,-32.7624]]],[[[152.1517,-32.7684],[152.153,-32.7684],[152.1524,-32.768],[152.1517,-32.7684]]],[[[152.1574,-32.7654],[152.1582,-32.7654],[152.1575,-32.7649],[152.1574,-32.7654]]],[[[151.9806,-32.7084],[151.981,-32.7088],[151.9807,-32.7078],[151.9806,-32.7084]]],[[[152.1447,-32.7687],[152.1452,-32.7686],[152.1447,-32.7684],[152.1447,-32.7687]]],[[[152.1462,-32.7656],[152.1469,-32.7658],[152.1463,-32.7655],[152.1462,-32.7656]]],[[[152.1534,-32.7652],[152.1534,-32.7649],[152.1532,-32.7651],[152.1534,-32.7652]]],[[[152.3236,-32.6156],[152.3053,-32.6072],[152.312,-32.6268],[152.3236,-32.6156]]],[[[151.98,-32.6735],[151.974,-32.6654],[151.98,-32.6776],[151.98,-32.6735]]],[[[151.9654,-32.6735],[151.9749,-32.6802],[151.9704,-32.6676],[151.9654,-32.6735]]],[[[152.2226,-32.6893],[152.2287,-32.6872],[152.2228,-32.684],[152.2226,-32.6893]]],[[[152.3309,-32.619],[152.3362,-32.6248],[152.3361,-32.6198],[152.3309,-32.619]]],[[[152.0655,-32.6948],[152.0688,-32.6936],[152.0665,-32.6932],[152.0655,-32.6948]]],[[[152.3164,-32.6301],[152.3179,-32.6305],[152.3174,-32.6277],[152.3164,-32.6301]]],[[[151.9839,-32.6698],[151.9856,-32.6713],[151.9871,-32.6712],[151.9839,-32.6698]]],[[[152.0174,-32.6734],[152.017,-32.6728],[152.0157,-32.6744],[152.0174,-32.6734]]],[[[152.5522,-32.4633],[152.5534,-32.4632],[152.5531,-32.4618],[152.5522,-32.4633]]],[[[152.0537,-32.6947],[152.0553,-32.6946],[152.0541,-32.6941],[152.0537,-32.6947]]],[[[152.5412,-32.4479],[152.5429,-32.4476],[152.5416,-32.4471],[152.5412,-32.4479]]],[[[152.5481,-32.0711],[152.549,-32.0718],[152.5487,-32.0709],[152.5481,-32.0711]]],[[[152.5449,-32.0805],[152.5461,-32.0808],[152.5456,-32.0802],[152.5449,-32.0805]]],[[[151.9824,-32.6724],[151.9838,-32.6725],[151.9835,-32.6719],[151.9824,-32.6724]]],[[[152.3177,-32.624],[152.3188,-32.6246],[152.3181,-32.6239],[152.3177,-32.624]]],[[[152.3194,-32.627],[152.3194,-32.6275],[152.3199,-32.6273],[152.3194,-32.627]]],[[[152.0573,-32.6982],[152.0578,-32.6984],[152.0576,-32.6979],[152.0573,-32.6982]]],[[[152.0514,-32.691],[152.0519,-32.6911],[152.051,-32.6907],[152.0514,-32.691]]],[[[152.2258,-32.6924],[152.2255,-32.6924],[152.2255,-32.693],[152.2258,-32.6924]]],[[[152.2247,-32.693],[152.2249,-32.6932],[152.2248,-32.6927],[152.2247,-32.693]]],[[[152.225,-32.693],[152.2253,-32.6925],[152.225,-32.6926],[152.225,-32.693]]],[[[152.9349,-31.4465],[152.9351,-31.4466],[152.9352,-31.4464],[152.9349,-31.4465]]],[[[152.3187,-32.6283],[152.3189,-32.6283],[152.3188,-32.6282],[152.3187,-32.6283]]],[[[153.3905,-29.9262],[153.3924,-29.9241],[153.3888,-29.9231],[153.3905,-29.9262]]],[[[153.2672,-30.2031],[153.2674,-30.2077],[153.2694,-30.206],[153.2672,-30.2031]]],[[[153.3926,-29.9317],[153.3948,-29.9328],[153.3928,-29.9274],[153.3926,-29.9317]]],[[[153.2253,-30.1604],[153.2267,-30.1624],[153.2291,-30.1609],[153.2253,-30.1604]]],[[[153.5792,-28.1958],[153.5784,-28.1945],[153.5763,-28.1956],[153.5792,-28.1958]]],[[[153.1824,-30.2408],[153.1809,-30.2393],[153.1792,-30.2403],[153.1824,-30.2408]]],[[[153.2785,-29.9187],[153.2758,-29.9203],[153.2773,-29.9207],[153.2785,-29.9187]]],[[[153.271,-30.0163],[153.2706,-30.0195],[153.2715,-30.0154],[153.271,-30.0163]]],[[[153.0764,-30.4298],[153.0754,-30.4298],[153.0776,-30.4328],[153.0764,-30.4298]]],[[[153.2582,-29.9728],[153.2595,-29.9741],[153.2594,-29.973],[153.2582,-29.9728]]],[[[153.0895,-30.911],[153.0915,-30.9113],[153.0906,-30.9102],[153.0895,-30.911]]],[[[153.2598,-29.9754],[153.2609,-29.9751],[153.2602,-29.9741],[153.2598,-29.9754]]],[[[153.2069,-30.1308],[153.2089,-30.1301],[153.2071,-30.13],[153.2069,-30.1308]]],[[[153.1433,-30.2956],[153.1444,-30.2959],[153.144,-30.2949],[153.1433,-30.2956]],[[153.5711,-28.8738],[153.5712,-28.8728],[153.572,-28.8736],[153.5711,-28.8738]]],[[[153.0876,-30.9155],[153.0889,-30.9156],[153.0875,-30.9147],[153.0876,-30.9155]]],[[[153.3031,-29.7732],[153.304,-29.7737],[153.3036,-29.7727],[153.3031,-29.7732]]],[[[153.1005,-30.9384],[153.1016,-30.9394],[153.1008,-30.9379],[153.1005,-30.9384]]],[[[153.065,-31.0563],[153.0657,-31.0556],[153.0648,-31.0555],[153.065,-31.0563]]],[[[153.0761,-30.9497],[153.0774,-30.9487],[153.0769,-30.9486],[153.0761,-30.9497]]],[[[153.2065,-30.0956],[153.2055,-30.0962],[153.2061,-30.0964],[153.2065,-30.0956]]],[[[153.3657,-29.3602],[153.3664,-29.3596],[153.3655,-29.3598],[153.3657,-29.3602]]],[[[153.3006,-29.7709],[153.3015,-29.7708],[153.3004,-29.7706],[153.3006,-29.7709]]],[[[153.2062,-30.1299],[153.207,-30.1296],[153.2064,-30.1295],[153.2062,-30.1299]]],[[[153.0765,-30.8787],[153.077,-30.879],[153.0766,-30.8782],[153.0765,-30.8787]]],[[[153.0882,-30.9105],[153.0878,-30.9103],[153.0889,-30.9111],[153.0882,-30.9105]]],[[[153.1569,-30.234],[153.1572,-30.2345],[153.1575,-30.2338],[153.1569,-30.234]]],[[[153.6203,-28.7056],[153.6209,-28.7054],[153.6208,-28.7051],[153.6203,-28.7056]]],[[[153.0756,-30.9496],[153.0763,-30.9491],[153.0762,-30.9488],[153.0756,-30.9496]]],[[[153.3615,-29.3564],[153.362,-29.3559],[153.3615,-29.3558],[153.3615,-29.3564]]],[[[153.6219,-28.706],[153.6219,-28.7063],[153.6223,-28.7063],[153.6219,-28.706]]],[[[153.0198,-30.6492],[153.0194,-30.6491],[153.0196,-30.6494],[153.0198,-30.6492]]],[[[153.2077,-30.0953],[153.2073,-30.0956],[153.2076,-30.0957],[153.2077,-30.0953]]],[[[153.0537,-31.0713],[153.0542,-31.0715],[153.0538,-31.0711],[153.0537,-31.0713]]],[[[153.0657,-31.0555],[153.0658,-31.055],[153.0656,-31.0551],[153.0657,-31.0555]]],[[[153.1459,-30.3018],[153.1455,-30.3021],[153.146,-30.3021],[153.1459,-30.3018]]],[[[152.9232,-31.4296],[152.9234,-31.4294],[152.9234,-31.4291],[152.9232,-31.4296]]],[[[153.2084,-30.0681],[153.208,-30.0681],[153.2082,-30.0684],[153.2084,-30.0681]]],[[[153.2081,-30.0959],[153.2084,-30.0958],[153.2079,-30.0959],[153.2081,-30.0959]]],[[[153.2079,-30.0964],[153.2083,-30.0962],[153.2079,-30.0961],[153.2079,-30.0964]]],[[[152.9274,-31.4434],[152.9276,-31.4432],[152.9271,-31.4433],[152.9274,-31.4434]]],[[[153.0661,-31.0484],[153.0663,-31.0481],[153.0661,-31.0482],[153.0661,-31.0484]]],[[[153.1454,-30.3018],[153.1454,-30.3017],[153.145,-30.3019],[153.1454,-30.3018]]],[[[153.6188,-28.7229],[153.6192,-28.7229],[153.619,-28.7227],[153.6188,-28.7229]]],[[[153.0435,-30.8821],[153.0437,-30.8818],[153.0434,-30.8819],[153.0435,-30.8821]]],[[[153.1023,-30.9388],[153.1023,-30.9387],[153.1019,-30.9385],[153.1023,-30.9388]]],[[[152.9317,-31.433],[152.9315,-31.4327],[152.9314,-31.4328],[152.9317,-31.433]]],[[[153.0621,-31.0585],[153.0623,-31.0584],[153.0621,-31.0583],[153.0621,-31.0585]]],[[[153.0888,-30.9119],[153.0888,-30.9117],[153.0887,-30.9116],[153.0888,-30.9119]]],[[[153.0845,-30.8981],[153.0844,-30.8978],[153.0843,-30.8979],[153.0845,-30.8981]]],[[[153.6195,-28.7077],[153.6193,-28.7079],[153.6195,-28.7078],[153.6195,-28.7077]]],[[[152.9214,-31.4293],[152.9213,-31.4291],[152.9212,-31.4291],[152.9214,-31.4293]]],[[[152.9212,-31.429],[152.9213,-31.4288],[152.9211,-31.4289],[152.9212,-31.429]]],[[[153.6226,-28.7058],[153.6227,-28.7058],[153.6226,-28.7056],[153.6226,-28.7058]]],[[[153.6184,-28.7114],[153.6185,-28.7114],[153.6183,-28.7113],[153.6184,-28.7114]]],[[[150.2307,-36.2447],[150.2232,-36.2456],[150.2271,-36.2595],[150.2307,-36.2447]]],[[[151.2868,-33.6378],[151.2915,-33.6445],[151.2957,-33.6417],[151.2868,-33.6378]]],[[[150.4185,-35.5312],[150.4208,-35.526],[150.4113,-35.5303],[150.4185,-35.5312]]],[[[151.2404,-33.5371],[151.2353,-33.5416],[151.2429,-33.54],[151.2404,-33.5371]]],[[[150.9291,-34.4919],[150.9357,-34.4929],[150.9278,-34.4884],[150.9291,-34.4919]]],[[[151.1741,-33.8459],[151.1689,-33.8485],[151.1745,-33.849],[151.1741,-33.8459]]],[[[151.315,-33.5558],[151.318,-33.5586],[151.3209,-33.5572],[151.315,-33.5558]]],[[[150.8768,-34.545],[150.8791,-34.5468],[150.8818,-34.5458],[150.8768,-34.545]]],[[[150.2585,-35.7515],[150.257,-35.749],[150.2554,-35.7517],[150.2585,-35.7515]]],[[[150.2336,-35.8185],[150.2374,-35.8178],[150.234,-35.8168],[150.2336,-35.8185]]],[[[151.1947,-33.8533],[151.1967,-33.8537],[151.1989,-33.8509],[151.1947,-33.8533]]],[[[150.2603,-35.7477],[150.2608,-35.7513],[150.2623,-35.7485],[150.2603,-35.7477]]],[[[150.5146,-35.2728],[150.5176,-35.2725],[150.5144,-35.2707],[150.5146,-35.2728]]],[[[150.3344,-35.6315],[150.3308,-35.6304],[150.3349,-35.6333],[150.3344,-35.6315]]],[[[150.3113,-35.6659],[150.3097,-35.6671],[150.3122,-35.6684],[150.3113,-35.6659]]],[[[150.3886,-35.5532],[150.392,-35.5546],[150.3906,-35.5529],[150.3886,-35.5532]]],[[[150.929,-34.4561],[150.9309,-34.4569],[150.9299,-34.4543],[150.929,-34.4561]]],[[[150.3623,-35.5764],[150.3651,-35.5783],[150.3644,-35.5767],[150.3623,-35.5764]]],[[[150.9471,-34.4645],[150.9443,-34.4643],[150.9455,-34.4655],[150.9471,-34.4645]]],[[[150.9366,-34.4946],[150.9383,-34.4951],[150.9389,-34.4944],[150.9366,-34.4946]]],[[[151.2586,-33.8597],[151.2578,-33.8576],[151.2571,-33.8576],[151.2586,-33.8597]]],[[[150.3532,-35.5865],[150.3552,-35.5869],[150.353,-35.5859],[150.3532,-35.5865]]],[[[150.0058,-37.1409],[150.0053,-37.1423],[150.0063,-37.1426],[150.0058,-37.1409]]],[[[150.2041,-35.8338],[150.2044,-35.8317],[150.2032,-35.8325],[150.2041,-35.8338]]],[[[151.3289,-33.6608],[151.3304,-33.6609],[151.3276,-33.6599],[151.3289,-33.6608]]],[[[149.9699,-36.7859],[149.9691,-36.7857],[149.9693,-36.787],[149.9699,-36.7859]]],[[[150.2119,-35.7252],[150.2126,-35.7258],[150.2131,-35.7248],[150.2119,-35.7252]]],[[[151.2654,-33.9263],[151.2661,-33.9254],[151.2652,-33.9256],[151.2654,-33.9263]]],[[[150.9235,-34.4903],[150.9244,-34.4903],[150.9236,-34.4898],[150.9235,-34.4903]]],[[[149.9731,-36.7792],[149.9736,-36.7784],[149.9732,-36.778],[149.9731,-36.7792]]],[[[150.3588,-35.5864],[150.3598,-35.5864],[150.3594,-35.5861],[150.3588,-35.5864]]],[[[150.1499,-36.2616],[150.1509,-36.2627],[150.1512,-36.2625],[150.1499,-36.2616]]],[[[151.2254,-33.8553],[151.2261,-33.8547],[151.2252,-33.8549],[151.2254,-33.8553]]],[[[149.9481,-37.0176],[149.9489,-37.0182],[149.9482,-37.0172],[149.9481,-37.0176]]],[[[151.2816,-33.8332],[151.2816,-33.8325],[151.2812,-33.8328],[151.2816,-33.8332]]],[[[150.2229,-36.255],[150.2234,-36.255],[150.2231,-36.2546],[150.2229,-36.255]]],[[[150.2295,-36.2464],[150.2299,-36.2468],[150.2304,-36.2465],[150.2295,-36.2464]]],[[[149.9731,-36.7778],[149.9738,-36.7775],[149.9735,-36.7773],[149.9731,-36.7778]]],[[[150.0006,-37.1415],[150,-37.1408],[149.9999,-37.1412],[150.0006,-37.1415]]],[[[151.2705,-33.8479],[151.271,-33.8472],[151.2705,-33.8475],[151.2705,-33.8479]]],[[[149.9464,-36.9493],[149.9472,-36.9496],[149.9463,-36.9487],[149.9464,-36.9493]]],[[[149.9834,-36.7529],[149.9831,-36.7523],[149.9828,-36.7526],[149.9834,-36.7529]]],[[[149.9832,-36.7491],[149.983,-36.7494],[149.9832,-36.7498],[149.9832,-36.7491]]],[[[150.0506,-36.5856],[150.0511,-36.5859],[150.0514,-36.5857],[150.0506,-36.5856]]],[[[149.9824,-36.757],[149.9827,-36.7571],[149.9826,-36.7566],[149.9824,-36.757]]],[[[150.1471,-36.2334],[150.1467,-36.2335],[150.1474,-36.2338],[150.1471,-36.2334]]],[[[150.0196,-37.1839],[150.0193,-37.1832],[150.0191,-37.1832],[150.0196,-37.1839]]],[[[150.1356,-36.3115],[150.1354,-36.3111],[150.1354,-36.3115],[150.1356,-36.3115]]],[[[150.1364,-36.3033],[150.1365,-36.3028],[150.1361,-36.3026],[150.1364,-36.3033]]],[[[149.991,-36.7295],[149.9915,-36.7294],[149.9911,-36.7293],[149.991,-36.7295]]],[[[150.2219,-36.2562],[150.2223,-36.256],[150.222,-36.2557],[150.2219,-36.2562]]],[[[150.1469,-36.2332],[150.1462,-36.233],[150.1462,-36.2332],[150.1469,-36.2332]]],[[[150.0214,-37.1889],[150.0216,-37.1887],[150.0215,-37.1883],[150.0214,-37.1889]]],[[[150.052,-37.2631],[150.0517,-37.2634],[150.0521,-37.2637],[150.052,-37.2631]]],[[[150.0511,-37.2636],[150.0514,-37.2631],[150.0511,-37.2631],[150.0511,-37.2636]]],[[[149.955,-37.1087],[149.9548,-37.1084],[149.9543,-37.1084],[149.955,-37.1087]],[[150.15,-36.264],[150.1496,-36.2641],[150.1499,-36.2638],[150.15,-36.264]]],[[[150.1505,-36.2642],[150.1509,-36.2643],[150.1509,-36.264],[150.1505,-36.2642]]],[[[149.9836,-36.7497],[149.9837,-36.75],[149.9838,-36.7494],[149.9836,-36.7497]]],[[[150.1428,-36.2716],[150.1434,-36.2718],[150.1431,-36.2715],[150.1428,-36.2716]]],[[[150.0106,-37.1739],[150.0108,-37.1736],[150.0103,-37.1738],[150.0106,-37.1739]]],[[[150.0806,-36.3787],[150.0806,-36.3784],[150.0801,-36.3782],[150.0806,-36.3787]]],[[[150.1439,-36.2705],[150.1439,-36.2707],[150.1444,-36.2705],[150.1439,-36.2705]]],[[[149.9461,-37.0563],[149.9465,-37.0564],[149.9464,-37.0562],[149.9461,-37.0563]]],[[[149.945,-37.053],[149.9452,-37.0525],[149.9449,-37.0527],[149.945,-37.053]]],[[[150.1502,-36.2656],[150.1499,-36.2655],[150.1501,-36.2659],[150.1502,-36.2656]]],[[[150.2984,-35.6915],[150.2986,-35.6915],[150.2985,-35.6912],[150.2984,-35.6915]]],[[[150.2819,-35.7102],[150.2823,-35.7101],[150.282,-35.7099],[150.2819,-35.7102]]],[[[150.0526,-37.2625],[150.0522,-37.2622],[150.0522,-37.2623],[150.0526,-37.2625]]],[[[150.0748,-36.4429],[150.0751,-36.4428],[150.075,-36.4426],[150.0748,-36.4429]]],[[[149.9132,-37.0697],[149.9135,-37.0698],[149.9136,-37.0697],[149.9132,-37.0697]]],[[[149.9599,-37.1141],[149.9601,-37.1137],[149.9599,-37.1138],[149.9599,-37.1141]]],[[[150.2145,-35.7359],[150.2141,-35.736],[150.2144,-35.7362],[150.2145,-35.7359]]],[[[150.0203,-37.184],[150.0206,-37.1837],[150.0202,-37.1838],[150.0203,-37.184]]],[[[150.0152,-36.6452],[150.015,-36.6454],[150.0151,-36.6456],[150.0152,-36.6452]]],[[[150.0807,-36.4234],[150.0809,-36.4232],[150.0807,-36.4232],[150.0807,-36.4234]]],[[[150.08,-36.3791],[150.0802,-36.379],[150.08,-36.3789],[150.08,-36.3791]]],[[[150.0188,-37.1834],[150.0189,-37.1832],[150.0186,-37.1831],[150.0188,-37.1834]]],[[[149.9446,-37.0558],[149.9448,-37.0555],[149.9446,-37.0556],[149.9446,-37.0558]]],[[[150.0668,-36.4141],[150.0669,-36.4138],[150.0667,-36.4137],[150.0668,-36.4141]]],[[[150.0573,-36.4874],[150.0575,-36.4871],[150.0571,-36.4873],[150.0573,-36.4874]]],[[[150.0792,-36.3789],[150.0795,-36.3789],[150.0794,-36.3787],[150.0792,-36.3789]]],[[[149.9137,-37.0694],[149.9139,-37.0693],[149.9137,-37.0691],[149.9137,-37.0694]]],[[[150.0725,-36.4657],[150.0727,-36.4656],[150.0727,-36.4655],[150.0725,-36.4657]]],[[[150.1422,-36.2194],[150.1425,-36.2193],[150.1423,-36.2192],[150.1422,-36.2194]]],[[[150.0721,-36.4653],[150.0724,-36.4652],[150.0722,-36.4652],[150.0721,-36.4653]]],[[[150.1478,-36.2336],[150.148,-36.2338],[150.1483,-36.2337],[150.1478,-36.2336]]],[[[150.0725,-36.4606],[150.0724,-36.4607],[150.0727,-36.4607],[150.0725,-36.4606]]],[[[149.9348,-36.8851],[149.935,-36.8849],[149.9349,-36.8847],[149.9348,-36.8851]]],[[[150.0807,-36.3759],[150.0809,-36.3757],[150.0809,-36.3755],[150.0807,-36.3759]]],[[[150.2129,-35.7243],[150.2132,-35.7242],[150.2129,-35.7242],[150.2129,-35.7243]]],[[[150.0669,-36.4158],[150.0668,-36.416],[150.0669,-36.4161],[150.0669,-36.4158]]],[[[150.0606,-36.4976],[150.0609,-36.4974],[150.0608,-36.4974],[150.0606,-36.4976]]],[[[150.0052,-37.1628],[150.0054,-37.1627],[150.0052,-37.1626],[150.0052,-37.1628]]],[[[149.9564,-37.1094],[149.9566,-37.1094],[149.9565,-37.1092],[149.9564,-37.1094]]],[[[150.0814,-36.3781],[150.0816,-36.3781],[150.0816,-36.378],[150.0814,-36.3781]]],[[[150.0569,-36.4876],[150.0571,-36.4875],[150.0571,-36.4874],[150.0569,-36.4876]]],[[[149.957,-37.1096],[149.9572,-37.1095],[149.957,-37.1094],[149.957,-37.1096]]],[[[150.0676,-36.4176],[150.0677,-36.4174],[150.0676,-36.4174],[150.0676,-36.4176]]],[[[150.0818,-36.377],[150.0817,-36.3768],[150.0816,-36.377],[150.0818,-36.377]]],[[[150.0718,-36.4479],[150.0719,-36.4479],[150.0719,-36.4477],[150.0718,-36.4479]]],[[[149.946,-36.9492],[149.946,-36.9493],[149.9461,-36.9493],[149.946,-36.9492]]],[[[150.0815,-36.3755],[150.0815,-36.3753],[150.0814,-36.3753],[150.0815,-36.3755]]],[[[150.0745,-36.4218],[150.0744,-36.4218],[150.0742,-36.4221],[150.0745,-36.4218]]],[[[150.0722,-36.45],[150.0723,-36.45],[150.0725,-36.4498],[150.0722,-36.45]]],[[[150.0821,-36.4226],[150.0821,-36.4225],[150.082,-36.4224],[150.0821,-36.4226]]],[[[150.0728,-36.4659],[150.0729,-36.4658],[150.0728,-36.4657],[150.0728,-36.4659]]],[[[150.0053,-37.1626],[150.0053,-37.1625],[150.0052,-37.1625],[150.0053,-37.1626]]],[[[150.0723,-36.453],[150.0724,-36.4529],[150.0723,-36.4529],[150.0723,-36.453]]],[[[150.0738,-36.4218],[150.0739,-36.4216],[150.0738,-36.4216],[150.0738,-36.4218]]],[[[150.0724,-36.4534],[150.0725,-36.4535],[150.0723,-36.4533],[150.0724,-36.4534]]],[[[150.0804,-36.3781],[150.0805,-36.3779],[150.0803,-36.378],[150.0804,-36.3781]]],[[[150.0812,-36.3768],[150.0813,-36.3767],[150.0811,-36.3766],[150.0812,-36.3768]]],[[[149.9315,-36.8975],[149.9318,-36.8975],[149.9316,-36.8974],[149.9315,-36.8975]]],[[[150.0573,-36.4866],[150.0574,-36.4864],[150.0572,-36.4865],[150.0573,-36.4866]]],[[[150.0565,-36.4879],[150.0566,-36.4877],[150.0564,-36.4878],[150.0565,-36.4879]]],[[[150.0725,-36.4528],[150.0726,-36.4528],[150.0726,-36.4527],[150.0725,-36.4528]]],[[[150.0741,-36.422],[150.0743,-36.4219],[150.0743,-36.4218],[150.0741,-36.422]]],[[[150.073,-36.454],[150.0731,-36.4539],[150.073,-36.4539],[150.073,-36.454]]],[[[150.0562,-36.4961],[150.0563,-36.4959],[150.0562,-36.4959],[150.0562,-36.4961]]],[[[150.0721,-36.4505],[150.0723,-36.4505],[150.0722,-36.4504],[150.0721,-36.4505]]],[[[150.1378,-36.3054],[150.1377,-36.3054],[150.1377,-36.3055],[150.1378,-36.3054]]],[[[150.0728,-36.4529],[150.0729,-36.4528],[150.0728,-36.4527],[150.0728,-36.4529]]],[[[150.075,-36.4216],[150.0751,-36.4215],[150.0749,-36.4215],[150.075,-36.4216]]],[[[150.0727,-36.449],[150.0728,-36.449],[150.0728,-36.4489],[150.0727,-36.449]]],[[[150.0728,-36.4536],[150.0729,-36.4536],[150.0729,-36.4535],[150.0728,-36.4536]]],[[[150.0741,-36.4219],[150.0742,-36.4217],[150.0741,-36.4217],[150.0741,-36.4219]]],[[[149.9163,-37.074],[149.9163,-37.0739],[149.9162,-37.0739],[149.9163,-37.074]]]]},"properties":{"name":"New South Wales"}},{"type":"Feature","geometry":{"type":"MultiPolygon","coordinates":[[[[145.1759,-38.3967],[145.2346,-38.4095],[145.184,-38.3746],[145.222,-38.3778],[145.1929,-38.2966],[145.223,-38.3065],[145.2548,-38.2231],[145.2983,-38.2485],[145.3471,-38.2136],[145.489,-38.2334],[145.5489,-38.3717],[145.5154,-38.4155],[145.4164,-38.407],[145.4345,-38.4936],[145.372,-38.5363],[145.4837,-38.556],[145.6067,-38.6788],[145.7139,-38.6455],[145.7655,-38.6668],[145.8695,-38.7761],[145.9212,-38.9096],[146.0063,-38.8779],[146.0336,-38.8132],[146.1269,-38.8336],[146.2339,-38.9187],[146.2695,-38.973],[146.249,-38.996],[146.3523,-39.0586],[146.3207,-39.0805],[146.3458,-39.1254],[146.4248,-39.131],[146.4308,-39.0658],[146.4834,-39.0607],[146.4318,-39.011],[146.4893,-38.9105],[146.4786,-38.7918],[146.438,-38.7789],[146.4149,-38.8521],[146.2926,-38.9046],[146.2728,-38.806],[146.233,-38.809],[146.1856,-38.7434],[146.2121,-38.6929],[146.3507,-38.6729],[146.3871,-38.7207],[146.4947,-38.6797],[146.5512,-38.7038],[146.6531,-38.643],[146.6576,-38.6715],[146.6977,-38.6753],[146.7129,-38.6478],[146.7422,-38.6649],[146.7847,-38.6228],[146.9255,-38.5942],[146.8831,-38.6346],[147.4763,-38.1517],[147.7882,-37.9553],[148.2896,-37.811],[148.7278,-37.8154],[148.8087,-37.7864],[149.1242,-37.7773],[149.2755,-37.8038],[149.485,-37.7754],[149.6773,-37.6851],[149.7752,-37.5578],[149.9762,-37.5052],[148.1949,-36.7963],[148.1089,-36.8009],[148.2176,-36.5982],[148.1334,-36.5669],[148.1247,-36.4647],[148.0376,-36.3902],[148.0589,-36.32],[148.035,-36.3106],[148.0377,-36.1408],[147.9907,-36.1213],[147.9997,-36.0462],[147.924,-36.0425],[147.9123,-35.9952],[147.7084,-35.9285],[147.6014,-35.9791],[147.5491,-35.9645],[147.584,-35.9846],[147.5519,-36.0041],[147.4941,-35.9435],[147.4046,-35.9435],[147.3199,-36.061],[147.1444,-36.0378],[147.1234,-35.9945],[147.053,-36.1079],[146.9568,-36.0781],[146.9437,-36.116],[146.873,-36.0737],[146.7499,-36.0613],[146.7316,-36.0237],[146.6858,-36.0406],[146.6125,-35.9729],[146.5496,-35.9925],[146.5026,-35.9582],[146.4997,-35.9909],[146.4217,-35.9658],[146.3687,-36.0509],[146.3389,-36.0264],[146.283,-36.0415],[146.2829,-36.011],[146.186,-36.0421],[146.1348,-36.0025],[145.9721,-36.0157],[145.9537,-35.9616],[145.9027,-35.9525],[145.8114,-35.9917],[145.6739,-35.9259],[145.5354,-35.802],[145.3554,-35.8671],[145.1277,-35.8207],[144.9923,-35.8523],[144.9236,-35.9888],[144.9819,-36.0723],[144.8635,-36.0591],[144.8079,-36.1236],[144.7271,-36.1179],[144.719,-36.0859],[144.6839,-36.0951],[144.689,-36.0614],[144.655,-36.0753],[144.6327,-36.0481],[144.6177,-36.0772],[144.6155,-36.0316],[144.5158,-35.9944],[144.5202,-35.9697],[144.4079,-35.904],[144.4114,-35.859],[144.3814,-35.8524],[144.3491,-35.7671],[144.2645,-35.7514],[144.105,-35.5908],[143.9899,-35.5547],[143.9701,-35.5001],[143.8588,-35.48],[143.751,-35.3878],[143.6204,-35.3877],[143.5621,-35.3372],[143.5909,-35.2817],[143.5708,-35.2069],[143.4715,-35.2193],[143.4495,-35.1891],[143.3947,-35.1924],[143.3221,-35.0367],[143.3479,-34.7916],[143.2767,-34.7923],[143.2521,-34.7728],[143.274,-34.7527],[143.2244,-34.7587],[143.2188,-34.7295],[143.1071,-34.7016],[143.1123,-34.6809],[143.0395,-34.7026],[142.9893,-34.6626],[142.9727,-34.6952],[142.9238,-34.6479],[142.8868,-34.6798],[142.8683,-34.6275],[142.7869,-34.5894],[142.8101,-34.5609],[142.7914,-34.5464],[142.7838,-34.5791],[142.7483,-34.5768],[142.7618,-34.5985],[142.6894,-34.6166],[142.699,-34.7251],[142.6183,-34.7288],[142.6322,-34.7841],[142.5567,-34.7754],[142.4996,-34.7392],[142.5159,-34.6637],[142.4756,-34.6726],[142.4836,-34.6364],[142.4524,-34.6337],[142.468,-34.5643],[142.4516,-34.5843],[142.3677,-34.5304],[142.3999,-34.5223],[142.3749,-34.5153],[142.3947,-34.4935],[142.3596,-34.4988],[142.3842,-34.4781],[142.3533,-34.4696],[142.351,-34.3966],[142.3968,-34.3381],[142.2359,-34.307],[142.2437,-34.2099],[142.1661,-34.1829],[142.1659,-34.1523],[142.0828,-34.1735],[142.0756,-34.1314],[142.0296,-34.1261],[142.0378,-34.0998],[142.0222,-34.1252],[141.933,-34.1382],[141.9007,-34.1112],[141.8766,-34.1374],[141.7297,-34.0909],[141.5845,-34.1514],[141.6033,-34.1912],[141.5101,-34.2165],[141.495,-34.1546],[141.4445,-34.168],[141.359,-34.1107],[141.3249,-34.1388],[141.2418,-34.0613],[141.1862,-34.092],[141.1531,-34.0545],[141.0942,-34.0507],[141.0892,-34.0767],[141.0343,-34.0357],[141.0233,-34.0597],[140.9637,-33.9806],[140.9658,-38.056],[141.2953,-38.2206],[141.3921,-38.3197],[141.3743,-38.3868],[141.461,-38.3621],[141.5428,-38.433],[141.5731,-38.3897],[141.6264,-38.4063],[141.6503,-38.393],[141.6016,-38.3132],[141.742,-38.2531],[141.9295,-38.2782],[142.1458,-38.3915],[142.2449,-38.3965],[142.2615,-38.3646],[142.3725,-38.3495],[142.5633,-38.422],[142.8576,-38.6053],[143.0367,-38.6317],[143.2331,-38.7665],[143.373,-38.7597],[143.5113,-38.8577],[143.6617,-38.7827],[143.6854,-38.7354],[143.8404,-38.691],[144.0352,-38.4767],[144.254,-38.3955],[144.3323,-38.3233],[144.429,-38.2815],[144.6139,-38.2923],[144.6722,-38.2653],[144.6232,-38.2515],[144.6866,-38.1975],[144.7064,-38.2102],[144.7202,-38.1466],[144.6922,-38.12],[144.6314,-38.1074],[144.4781,-38.1645],[144.4256,-38.1238],[144.4166,-38.1553],[144.3652,-38.1448],[144.3616,-38.1051],[144.3979,-38.0738],[144.5069,-38.0915],[144.5157,-38.0456],[144.7935,-37.927],[144.8196,-37.8725],[144.908,-37.8707],[144.8992,-37.8404],[144.9689,-37.8593],[145.0179,-37.9818],[145.0958,-38.0214],[145.1256,-38.0717],[145.1178,-38.1439],[145.0324,-38.2127],[144.9884,-38.3167],[144.9232,-38.3493],[144.8147,-38.3685],[144.6517,-38.3038],[144.8386,-38.4303],[144.8883,-38.4994],[145.0313,-38.4871],[145.0503,-38.4299],[145.1759,-38.3967]]],[[[146.2929,-39.1578],[146.2949,-39.159],[146.2961,-39.1565],[146.2929,-39.1578]]],[[[146.2985,-39.1556],[146.2993,-39.1554],[146.2995,-39.1546],[146.2985,-39.1556]]],[[[146.3023,-39.1542],[146.3029,-39.1539],[146.3022,-39.1532],[146.3023,-39.1542]]],[[[146.3562,-39.1388],[146.3595,-39.1408],[146.3683,-39.1391],[146.3562,-39.1388]]],[[[146.3105,-39.1573],[146.3154,-39.1566],[146.3089,-39.15],[146.3105,-39.1573]]],[[[146.3047,-39.1519],[146.3056,-39.1517],[146.3045,-39.1512],[146.3047,-39.1519]]],[[[149.9058,-37.5644],[149.9185,-37.5684],[149.9048,-37.5483],[149.9058,-37.5644]]],[[[149.8442,-37.5556],[149.8432,-37.557],[149.8466,-37.557],[149.8442,-37.5556]]],[[[144.6858,-38.2458],[144.6877,-38.2454],[144.6842,-38.2446],[144.6858,-38.2458]]],[[[144.6673,-38.2555],[144.7021,-38.2434],[144.6787,-38.2376],[144.6673,-38.2555]]],[[[145.2129,-38.3289],[145.2094,-38.3268],[145.2085,-38.3329],[145.2129,-38.3289]]],[[[144.6665,-38.2586],[144.6663,-38.2571],[144.6619,-38.2589],[144.6665,-38.2586]]],[[[144.6378,-38.2672],[144.6389,-38.2674],[144.6385,-38.2667],[144.6378,-38.2672]]],[[[144.734,-38.3525],[144.7344,-38.3523],[144.7341,-38.3523],[144.734,-38.3525]]],[[[144.7361,-38.3545],[144.7363,-38.3544],[144.7361,-38.3543],[144.7361,-38.3545]]],[[[144.7314,-38.3503],[144.7314,-38.3504],[144.7315,-38.3504],[144.7314,-38.3503]]],[[[145.2766,-38.3876],[145.2704,-38.4091],[145.3526,-38.42],[145.4061,-38.3728],[145.5034,-38.3533],[145.4524,-38.3069],[145.352,-38.3113],[145.2973,-38.282],[145.2766,-38.3876]]],[[[142.0087,-38.4172],[141.9935,-38.4174],[141.9988,-38.4255],[142.0087,-38.4172]]],[[[145.3661,-38.4164],[145.3721,-38.4176],[145.3688,-38.4113],[145.3661,-38.4164]]],[[[144.7404,-38.356],[144.7411,-38.3559],[144.7407,-38.3558],[144.7404,-38.356]]],[[[145.3481,-38.4218],[145.3483,-38.4216],[145.3481,-38.4214],[145.3481,-38.4218]]],[[[144.7876,-38.3936],[144.7878,-38.3936],[144.7878,-38.3934],[144.7876,-38.3936]]],[[[144.7401,-38.3573],[144.7404,-38.3572],[144.7401,-38.357],[144.7401,-38.3573]]],[[[144.7399,-38.3561],[144.7401,-38.3557],[144.7399,-38.3559],[144.7399,-38.3561]]],[[[144.7407,-38.3584],[144.7407,-38.3582],[144.7405,-38.3582],[144.7407,-38.3584]]],[[[144.7403,-38.3585],[144.7403,-38.3584],[144.7402,-38.3585],[144.7403,-38.3585]]],[[[145.1609,-38.4719],[145.1162,-38.5185],[145.2212,-38.53],[145.2711,-38.5049],[145.3611,-38.5658],[145.3409,-38.535],[145.3628,-38.512],[145.2973,-38.5064],[145.3104,-38.4606],[145.2732,-38.4603],[145.2986,-38.4515],[145.1609,-38.4719]]],[[[146.5678,-38.7423],[146.5009,-38.763],[146.5416,-38.7277],[146.4646,-38.7391],[146.5453,-38.7909],[146.6677,-38.7478],[146.5678,-38.7423]]],[[[146.8521,-38.6343],[146.8801,-38.6155],[146.7911,-38.633],[146.8521,-38.6343]]],[[[146.627,-38.7238],[146.6776,-38.7083],[146.5854,-38.714],[146.627,-38.7238]]],[[[146.4629,-38.7137],[146.4387,-38.7278],[146.5019,-38.7163],[146.4629,-38.7137]]],[[[146.843,-38.6633],[146.8284,-38.6795],[146.879,-38.6381],[146.843,-38.6633]]],[[[146.8136,-38.6767],[146.7529,-38.6897],[146.8263,-38.6842],[146.8136,-38.6767]]],[[[146.7241,-38.6773],[146.7278,-38.6612],[146.7099,-38.6766],[146.7241,-38.6773]]],[[[146.6966,-38.6873],[146.7157,-38.6871],[146.7082,-38.6767],[146.6966,-38.6873]]],[[[146.2314,-39.0885],[146.2367,-39.0979],[146.2222,-39.0713],[146.2314,-39.0885]]],[[[146.6297,-38.7241],[146.6526,-38.7272],[146.6693,-38.7183],[146.6297,-38.7241]]],[[[146.8154,-38.6591],[146.7941,-38.6568],[146.786,-38.6691],[146.8154,-38.6591]]],[[[146.6688,-38.6826],[146.6834,-38.6897],[146.6854,-38.6779],[146.6688,-38.6826]]],[[[146.7078,-38.71],[146.6794,-38.7271],[146.7322,-38.6963],[146.7078,-38.71]]],[[[146.7633,-38.6591],[146.7744,-38.6598],[146.7561,-38.6546],[146.7633,-38.6591]]],[[[146.3217,-39.1446],[146.3292,-39.1394],[146.3121,-39.1348],[146.3217,-39.1446]]],[[[145.3378,-38.4938],[145.333,-38.4995],[145.3461,-38.5087],[145.3378,-38.4938]]],[[[146.2392,-39.0191],[146.242,-39.0295],[146.2462,-39.0244],[146.2392,-39.0191]]],[[[146.6219,-38.7502],[146.6426,-38.7472],[146.6405,-38.7442],[146.6219,-38.7502]]],[[[146.2239,-38.9697],[146.2339,-38.9679],[146.224,-38.9667],[146.2239,-38.9697]]],[[[146.626,-38.6921],[146.6218,-38.6948],[146.6341,-38.6972],[146.626,-38.6921]]],[[[146.5444,-38.7438],[146.5534,-38.7411],[146.5459,-38.7397],[146.5444,-38.7438]]],[[[146.514,-38.9102],[146.5058,-38.9134],[146.512,-38.9137],[146.514,-38.9102]]],[[[146.6621,-38.9221],[146.6606,-38.9269],[146.6653,-38.926],[146.6621,-38.9221]]],[[[146.6087,-38.6844],[146.5985,-38.6857],[146.607,-38.6864],[146.6087,-38.6844]]],[[[146.2374,-39.1093],[146.2414,-39.108],[146.2366,-39.101],[146.2374,-39.1093]]],[[[146.7407,-38.6671],[146.7381,-38.6689],[146.7481,-38.669],[146.7407,-38.6671]]],[[[146.2345,-39.1144],[146.2371,-39.1178],[146.2393,-39.1142],[146.2345,-39.1144]]],[[[146.7316,-38.667],[146.7372,-38.667],[146.729,-38.6617],[146.7316,-38.667]],[[146.7776,-38.658],[146.783,-38.6581],[146.7729,-38.658],[146.7776,-38.658]]],[[[146.6763,-38.9418],[146.679,-38.9408],[146.6737,-38.9377],[146.6763,-38.9418]]],[[[146.5517,-38.704],[146.5617,-38.7051],[146.5537,-38.7024],[146.5517,-38.704]]],[[[146.5099,-38.7243],[146.5168,-38.7211],[146.5096,-38.7217],[146.5099,-38.7243]]],[[[146.7456,-38.678],[146.7449,-38.6746],[146.7397,-38.6791],[146.7456,-38.678]],[[146.7581,-38.6749],[146.7536,-38.6755],[146.7625,-38.6731],[146.7581,-38.6749]]],[[[146.8032,-38.6661],[146.8094,-38.6661],[146.8217,-38.66],[146.8032,-38.6661]]],[[[146.6512,-38.6729],[146.6556,-38.6729],[146.6549,-38.6695],[146.6512,-38.6729]]],[[[146.6924,-38.7088],[146.7,-38.7096],[146.6948,-38.707],[146.6924,-38.7088]]],[[[146.565,-38.7141],[146.5676,-38.7159],[146.5724,-38.715],[146.565,-38.7141]]],[[[146.5675,-38.6972],[146.5631,-38.6972],[146.5712,-38.6983],[146.5675,-38.6972]]],[[[146.2403,-39.1157],[146.2437,-39.117],[146.2423,-39.114],[146.2403,-39.1157]]],[[[146.6798,-38.955],[146.6843,-38.9538],[146.6808,-38.9526],[146.6798,-38.955]]],[[[146.594,-38.6886],[146.5877,-38.6906],[146.5893,-38.692],[146.594,-38.6886]]],[[[146.3679,-38.8419],[146.3707,-38.8438],[146.3709,-38.8411],[146.3679,-38.8419]]],[[[146.7051,-38.9517],[146.707,-38.9496],[146.7038,-38.9493],[146.7051,-38.9517]],[[146.8741,-38.6319],[146.8722,-38.6322],[146.8787,-38.6284],[146.8741,-38.6319]]],[[[145.2891,-38.4551],[145.2965,-38.4551],[145.2935,-38.454],[145.2891,-38.4551]]],[[[146.5733,-38.7009],[146.5712,-38.7048],[146.5744,-38.7042],[146.5733,-38.7009]]],[[[146.7249,-38.6845],[146.719,-38.6852],[146.722,-38.6862],[146.7249,-38.6845]]],[[[146.6534,-38.6615],[146.658,-38.6588],[146.6555,-38.6587],[146.6534,-38.6615]]],[[[146.5288,-38.7129],[146.5317,-38.7159],[146.5365,-38.7164],[146.5288,-38.7129]]],[[[146.6422,-38.6863],[146.6449,-38.6878],[146.6511,-38.6835],[146.6422,-38.6863]]],[[[146.651,-38.6862],[146.6576,-38.6859],[146.6524,-38.6854],[146.651,-38.6862]]],[[[146.7279,-38.6846],[146.7296,-38.6861],[146.7328,-38.6851],[146.7279,-38.6846]]],[[[146.6892,-38.7105],[146.6886,-38.7089],[146.6869,-38.711],[146.6892,-38.7105]]],[[[146.2768,-38.7724],[146.2797,-38.7716],[146.2769,-38.7711],[146.2768,-38.7724]]],[[[146.8202,-38.6648],[146.8286,-38.661],[146.8275,-38.6606],[146.8202,-38.6648]]],[[[146.4639,-38.736],[146.4641,-38.7378],[146.466,-38.7368],[146.4639,-38.736]]],[[[146.7569,-38.6723],[146.7609,-38.6701],[146.7589,-38.6701],[146.7569,-38.6723]]],[[[146.6806,-38.6731],[146.6845,-38.6749],[146.6819,-38.6729],[146.6806,-38.6731]]],[[[146.7275,-38.6788],[146.7299,-38.6785],[146.7294,-38.6769],[146.7275,-38.6788]]],[[[146.7513,-38.6746],[146.7484,-38.6766],[146.7507,-38.6763],[146.7513,-38.6746]]],[[[146.6267,-38.68],[146.6292,-38.6801],[146.631,-38.6789],[146.6267,-38.68]]],[[[146.5263,-38.7416],[146.5285,-38.7409],[146.527,-38.7401],[146.5263,-38.7416]]],[[[145.1099,-38.5196],[145.1122,-38.5186],[145.1095,-38.5184],[145.1099,-38.5196]]],[[[146.5419,-38.7461],[146.5392,-38.7477],[146.5418,-38.7472],[146.5419,-38.7461]]],[[[146.7482,-38.6636],[146.7468,-38.664],[146.7498,-38.6642],[146.7482,-38.6636]]],[[[143.0618,-38.6499],[143.0659,-38.6487],[143.0635,-38.6485],[143.0618,-38.6499]]],[[[146.7014,-38.7027],[146.7044,-38.7022],[146.7027,-38.7015],[146.7014,-38.7027]]],[[[146.69,-38.697],[146.6881,-38.6966],[146.6869,-38.6988],[146.69,-38.697]]],[[[146.6076,-38.6802],[146.6059,-38.6812],[146.6079,-38.6817],[146.6076,-38.6802]]],[[[146.5771,-38.6988],[146.5777,-38.7011],[146.5783,-38.6997],[146.5771,-38.6988]]],[[[146.8789,-38.6104],[146.8816,-38.6105],[146.8803,-38.6098],[146.8789,-38.6104]]],[[[146.7959,-38.667],[146.7998,-38.6662],[146.7978,-38.6659],[146.7959,-38.667]]],[[[146.3939,-38.8064],[146.3926,-38.8074],[146.3943,-38.807],[146.3939,-38.8064]]],[[[146.6887,-38.6867],[146.6899,-38.6851],[146.6889,-38.6853],[146.6887,-38.6867]]],[[[146.7935,-38.6667],[146.7946,-38.6671],[146.7951,-38.6665],[146.7935,-38.6667]]],[[[146.5698,-38.6911],[146.5711,-38.6907],[146.5709,-38.6898],[146.5698,-38.6911]]],[[[144.8888,-38.5005],[144.8895,-38.5008],[144.8897,-38.5001],[144.8888,-38.5005]]],[[[146.6883,-38.6815],[146.6917,-38.6807],[146.6885,-38.6812],[146.6883,-38.6815]]],[[[143.0688,-38.6497],[143.0709,-38.6484],[143.0687,-38.6494],[143.0688,-38.6497]]],[[[146.7457,-38.6724],[146.7457,-38.6732],[146.7471,-38.6716],[146.7457,-38.6724]]],[[[146.54,-38.7461],[146.5405,-38.7461],[146.5413,-38.7451],[146.54,-38.7461]]],[[[146.6872,-38.7],[146.69,-38.7008],[146.6875,-38.6993],[146.6872,-38.7]]],[[[146.8229,-38.6779],[146.8239,-38.6801],[146.8229,-38.6775],[146.8229,-38.6779]]],[[[146.5791,-38.7021],[146.5798,-38.7027],[146.5807,-38.7021],[146.5791,-38.7021]]],[[[143.0816,-38.6549],[143.0813,-38.6555],[143.0821,-38.6556],[143.0816,-38.6549]]],[[[143.072,-38.6506],[143.0732,-38.6495],[143.0721,-38.6501],[143.072,-38.6506]]],[[[146.7335,-38.6782],[146.7349,-38.6781],[146.7343,-38.6777],[146.7335,-38.6782]]],[[[143.0219,-38.6302],[143.0226,-38.6291],[143.0218,-38.6294],[143.0219,-38.6302]]],[[[143.2651,-38.7701],[143.266,-38.7698],[143.2651,-38.7696],[143.2651,-38.7701]]],[[[146.8025,-38.6761],[146.8043,-38.6768],[146.804,-38.6763],[146.8025,-38.6761]]],[[[143.0474,-38.6415],[143.0482,-38.6411],[143.0469,-38.6411],[143.0474,-38.6415]]],[[[143.0882,-38.6586],[143.0885,-38.6581],[143.0878,-38.658],[143.0882,-38.6586]]],[[[146.8106,-38.6667],[146.8114,-38.6673],[146.8109,-38.6664],[146.8106,-38.6667]]],[[[145.114,-38.5188],[145.1149,-38.5183],[145.1136,-38.5186],[145.114,-38.5188]]],[[[146.6855,-38.6859],[146.6859,-38.6862],[146.686,-38.6851],[146.6855,-38.6859]],[[146.7087,-38.6762],[146.7077,-38.6763],[146.7104,-38.6758],[146.7087,-38.6762]]],[[[146.7328,-38.6823],[146.7337,-38.6821],[146.7338,-38.6817],[146.7328,-38.6823]]],[[[144.8851,-38.4964],[144.8853,-38.496],[144.8847,-38.4959],[144.8851,-38.4964]]],[[[144.9068,-38.4936],[144.9073,-38.4937],[144.9074,-38.4934],[144.9068,-38.4936]]],[[[143.0952,-38.6612],[143.0956,-38.6613],[143.0958,-38.6609],[143.0952,-38.6612]]],[[[144.9061,-38.4934],[144.9069,-38.493],[144.9062,-38.4931],[144.9061,-38.4934]]],[[[146.8529,-38.6363],[146.8533,-38.6356],[146.8528,-38.6359],[146.8529,-38.6363]]],[[[146.8127,-38.6675],[146.8132,-38.6676],[146.8125,-38.6673],[146.8127,-38.6675]]],[[[146.5766,-38.7074],[146.5768,-38.7069],[146.5764,-38.7072],[146.5766,-38.7074]]],[[[143.0743,-38.6512],[143.0746,-38.6509],[143.0742,-38.6508],[143.0743,-38.6512]]],[[[143.0762,-38.6518],[143.0768,-38.6513],[143.0765,-38.6513],[143.0762,-38.6518]]],[[[143.4026,-38.7815],[143.4029,-38.7811],[143.4026,-38.7811],[143.4026,-38.7815]]],[[[144.8883,-38.5026],[144.888,-38.503],[144.8886,-38.5028],[144.8883,-38.5026]]],[[[143.1007,-38.6635],[143.1011,-38.6634],[143.1007,-38.6633],[143.1007,-38.6635]]],[[[143.103,-38.6648],[143.1031,-38.6646],[143.1027,-38.6645],[143.103,-38.6648]]],[[[144.8845,-38.496],[144.8848,-38.4956],[144.8845,-38.4957],[144.8845,-38.496]]],[[[143.0754,-38.6523],[143.0758,-38.6521],[143.0754,-38.6521],[143.0754,-38.6523]]],[[[143.0567,-38.6448],[143.0571,-38.6445],[143.0567,-38.6445],[143.0567,-38.6448]]],[[[143.0754,-38.651],[143.0753,-38.6513],[143.0756,-38.6512],[143.0754,-38.651]]],[[[144.9072,-38.4929],[144.907,-38.4928],[144.9074,-38.4932],[144.9072,-38.4929]]],[[[144.8944,-38.4936],[144.8945,-38.4933],[144.8943,-38.4933],[144.8944,-38.4936]]],[[[145.3441,-38.5616],[145.3443,-38.5616],[145.3439,-38.5614],[145.3441,-38.5616]]],[[[143.0837,-38.6537],[143.0835,-38.654],[143.0837,-38.654],[143.0837,-38.6537]]],[[[143.108,-38.6685],[143.1082,-38.6683],[143.1078,-38.6685],[143.108,-38.6685]]],[[[144.8858,-38.4947],[144.886,-38.4945],[144.8858,-38.4946],[144.8858,-38.4947]]],[[[143.1072,-38.6685],[143.1073,-38.6683],[143.107,-38.6685],[143.1072,-38.6685]]],[[[143.0996,-38.6626],[143.0998,-38.6625],[143.0997,-38.6624],[143.0996,-38.6626]]],[[[145.3474,-38.5634],[145.3475,-38.5632],[145.3474,-38.5631],[145.3474,-38.5634]]],[[[144.886,-38.4974],[144.8861,-38.4972],[144.8858,-38.4973],[144.886,-38.4974]]],[[[145.3509,-38.5659],[145.3511,-38.5658],[145.3509,-38.5657],[145.3509,-38.5659]]],[[[144.8858,-38.4952],[144.8859,-38.4951],[144.8857,-38.4951],[144.8858,-38.4952]]],[[[144.8856,-38.4957],[144.8856,-38.4956],[144.8854,-38.4956],[144.8856,-38.4957]]],[[[144.8857,-38.497],[144.8858,-38.4969],[144.8856,-38.4969],[144.8857,-38.497]]]]},"properties":{"name":"Victoria"}},{"type":"Feature","geometry":{"type":"MultiPolygon","coordinates":[[[[152.9363,-25.7436],[152.8782,-25.6837],[152.9115,-25.6748],[152.8619,-25.5534],[152.9026,-25.5416],[152.8966,-25.4989],[152.9563,-25.4336],[152.8237,-25.494],[152.8965,-25.4189],[152.9244,-25.4308],[152.9145,-25.2933],[152.8344,-25.2763],[152.8139,-25.2435],[152.7224,-25.2696],[152.6442,-25.2339],[152.615,-25.1833],[152.547,-25.205],[152.5554,-25.1717],[152.633,-25.1518],[152.5462,-25.0738],[152.5075,-25.0775],[152.5507,-25.0737],[152.4861,-24.9706],[152.4682,-24.8161],[152.4128,-24.7577],[152.3814,-24.7966],[152.3789,-24.732],[152.2743,-24.7119],[152.044,-24.5251],[151.8863,-24.1494],[151.8491,-24.2185],[151.8758,-24.1715],[151.7715,-24.1295],[151.7654,-24.016],[151.7384,-24.0033],[151.7158,-24.0873],[151.7046,-24.0398],[151.7303,-24.0225],[151.6106,-23.9793],[151.6044,-24.0088],[151.6382,-23.9969],[151.6376,-24.0329],[151.6775,-24.0496],[151.6825,-24.1041],[151.5737,-24.0357],[151.5553,-24.07],[151.5801,-24.0871],[151.5605,-24.0736],[151.5454,-24.1133],[151.5011,-24.045],[151.5439,-24.0293],[151.4405,-23.992],[151.4938,-24.067],[151.4658,-24.072],[151.4435,-24.026],[151.4404,-24.0773],[151.427,-23.9877],[151.3548,-23.9358],[151.3232,-23.8548],[151.173,-23.8159],[151.1511,-23.7284],[151.1096,-23.7041],[151.1346,-23.6984],[151.1218,-23.6714],[151.0458,-23.6279],[151.0266,-23.572],[150.9754,-23.5554],[150.968,-23.6051],[150.9253,-23.6228],[150.9586,-23.6004],[150.957,-23.5503],[150.8685,-23.5768],[150.8794,-23.5422],[150.7906,-23.506],[150.8714,-23.4809],[150.7593,-23.3004],[150.7899,-23.3096],[150.8298,-23.2551],[150.7497,-23.1294],[150.8352,-22.6842],[150.7784,-22.641],[150.7696,-22.5218],[150.7406,-22.5973],[150.7589,-22.6267],[150.7073,-22.6362],[150.6941,-22.6064],[150.7322,-22.6234],[150.7248,-22.5632],[150.6796,-22.5735],[150.6443,-22.4743],[150.7239,-22.5186],[150.7585,-22.4684],[150.6932,-22.4306],[150.6692,-22.3472],[150.6663,-22.4541],[150.6553,-22.4221],[150.6273,-22.4417],[150.6578,-22.4142],[150.6109,-22.3889],[150.6425,-22.3796],[150.6259,-22.3277],[150.5624,-22.3164],[150.5398,-22.3507],[150.5386,-22.4424],[150.59,-22.4641],[150.5331,-22.45],[150.6078,-22.5008],[150.5525,-22.484],[150.5976,-22.5594],[150.5515,-22.5665],[150.5486,-22.6171],[150.5148,-22.5574],[150.5448,-22.5614],[150.4918,-22.5214],[150.4976,-22.5602],[150.3005,-22.3977],[150.2171,-22.3939],[150.1774,-22.3605],[150.1922,-22.3252],[150.06,-22.1319],[149.9975,-22.1456],[149.9436,-22.2101],[149.913,-22.3458],[150.0467,-22.6611],[149.8111,-22.3821],[149.7521,-22.4364],[149.7667,-22.3713],[149.6583,-22.3549],[149.5973,-22.2815],[149.4654,-21.9257],[149.4717,-21.8385],[149.4343,-21.8181],[149.4308,-21.7459],[149.4217,-21.7724],[149.4565,-21.7299],[149.4358,-21.7219],[149.4797,-21.7429],[149.4386,-21.6409],[149.4846,-21.5317],[149.4434,-21.5934],[149.4378,-21.5538],[149.3736,-21.5351],[149.3958,-21.4931],[149.3501,-21.5094],[149.3396,-21.4746],[149.2972,-21.5113],[149.2743,-21.4777],[149.2983,-21.4264],[149.3382,-21.4269],[149.2764,-21.4007],[149.3173,-21.3927],[149.2987,-21.2733],[149.2559,-21.2447],[149.1792,-21.2847],[149.2141,-21.2415],[149.1742,-21.1983],[149.196,-21.211],[149.2152,-21.1454],[149.1528,-21.143],[149.1969,-21.1256],[149.2228,-21.1477],[149.227,-21.0628],[149.2056,-21.0768],[149.1581,-21.0003],[149.0888,-20.9757],[149.0174,-20.9934],[149.0142,-20.9358],[149.0607,-20.9282],[149.0461,-20.903],[148.9151,-20.892],[148.8848,-20.8488],[148.8448,-20.8758],[148.8389,-20.8245],[148.7951,-20.8125],[148.8408,-20.7911],[148.7308,-20.7167],[148.7063,-20.6707],[148.7272,-20.633],[148.6999,-20.6397],[148.662,-20.5858],[148.7151,-20.4948],[148.6802,-20.4413],[148.7636,-20.4797],[148.7844,-20.4518],[148.7561,-20.4189],[148.7939,-20.4537],[148.7909,-20.4152],[148.824,-20.4261],[148.8215,-20.4968],[148.8569,-20.5279],[148.9301,-20.5338],[148.8841,-20.4881],[148.9028,-20.467],[148.8387,-20.431],[148.8164,-20.3849],[148.8407,-20.3519],[148.7691,-20.2997],[148.8018,-20.278],[148.7693,-20.236],[148.7386,-20.2818],[148.6732,-20.2823],[148.6779,-20.1787],[148.653,-20.2161],[148.6394,-20.1709],[148.63,-20.2195],[148.6012,-20.2109],[148.6199,-20.1767],[148.5826,-20.1976],[148.5629,-20.0667],[148.5133,-20.0933],[148.452,-20.0594],[148.4436,-20.1111],[148.479,-20.1175],[148.4349,-20.1685],[148.342,-20.153],[148.2306,-20.0453],[148.2675,-20.0237],[148.2598,-19.9754],[148.1132,-19.9414],[148.0801,-19.8819],[147.9922,-19.9276],[147.9178,-19.9083],[147.8648,-19.851],[147.8235,-19.7097],[147.7523,-19.7066],[147.7646,-19.8371],[147.6714,-19.8284],[147.6014,-19.7575],[147.6154,-19.6731],[147.4143,-19.3126],[147.3846,-19.3025],[147.446,-19.3652],[147.441,-19.4212],[147.1261,-19.4225],[147.0407,-19.2957],[147.0606,-19.2563],[147.0163,-19.1823],[146.958,-19.3088],[146.8826,-19.3036],[146.8388,-19.243],[146.7896,-19.239],[146.7675,-19.1845],[146.6766,-19.1899],[146.4542,-19.0737],[146.2898,-18.8919],[146.2764,-18.8132],[146.3385,-18.6303],[146.3193,-18.6457],[146.3379,-18.5266],[146.1894,-18.4738],[146.1411,-18.3641],[146.0162,-18.245],[146.008,-18.1205],[146.1014,-17.9769],[146.1196,-17.8558],[146.0913,-17.7993],[146.149,-17.6486],[146.0682,-17.5104],[146.0278,-17.5503],[146.0327,-17.5123],[146.077,-17.5046],[146.0732,-17.3947],[146.0208,-17.3468],[145.9492,-17.1307],[145.8894,-17.0576],[145.9577,-16.8966],[145.9192,-16.8643],[145.8698,-16.9066],[145.8489,-16.8712],[145.7792,-16.9405],[145.7749,-16.87],[145.7249,-16.8039],[145.5819,-16.6872],[145.4686,-16.4799],[145.4101,-16.4593],[145.4182,-16.3383],[145.4889,-16.2767],[145.4423,-16.1863],[145.4769,-16.0761],[145.4138,-15.951],[145.3573,-15.9105],[145.3774,-15.8406],[145.3519,-15.8075],[145.3613,-15.7196],[145.3128,-15.6468],[145.3296,-15.5941],[145.272,-15.5413],[145.2628,-15.4611],[145.2285,-15.462],[145.2882,-15.376],[145.2864,-15.3165],[145.3571,-15.2772],[145.3395,-15.2266],[145.3159,-15.2594],[145.267,-15.2558],[145.2338,-15.1407],[145.3553,-14.9874],[145.352,-14.953],[145.2809,-14.9549],[145.2193,-14.8809],[145.2297,-14.8317],[145.1735,-14.8427],[145.0234,-14.7954],[145.0078,-14.7558],[144.9538,-14.7372],[144.9097,-14.6137],[144.7827,-14.5936],[144.7751,-14.5461],[144.6827,-14.5513],[144.6194,-14.4764],[144.6511,-14.3587],[144.5875,-14.3614],[144.5958,-14.2603],[144.5162,-14.1666],[144.4355,-14.2597],[144.3383,-14.307],[144.1954,-14.2614],[144.1683,-14.3814],[144.0324,-14.4829],[143.8814,-14.4824],[143.7836,-14.4058],[143.7032,-14.2087],[143.6796,-14.0145],[143.6233,-13.9648],[143.5313,-13.755],[143.5974,-13.4228],[143.5269,-13.3274],[143.5021,-13.1243],[143.4977,-12.9491],[143.5442,-12.8433],[143.3535,-12.8961],[143.3577,-12.7996],[143.4384,-12.6118],[143.3054,-12.5507],[143.2474,-12.3791],[143.0786,-12.3375],[143.0787,-12.1592],[143.1856,-11.9908],[143.2441,-11.9687],[143.1675,-11.9733],[143.1475,-11.9194],[143.0978,-11.8928],[143.0661,-11.9283],[142.9746,-11.9329],[142.8564,-11.8455],[142.8268,-11.4765],[142.8687,-11.3816],[142.7935,-11.2785],[142.7861,-11.0742],[142.7163,-10.9611],[142.6148,-10.9419],[142.5892,-10.8682],[142.5953,-10.8911],[142.5575,-10.8741],[142.5558,-10.9134],[142.4821,-10.9784],[142.5172,-10.8438],[142.6093,-10.749],[142.5309,-10.6875],[142.4982,-10.7168],[142.4383,-10.7082],[142.3901,-10.8284],[142.315,-10.9152],[142.1936,-10.915],[142.1328,-10.9484],[142.1573,-11.1218],[142.1162,-11.2247],[142.12,-11.3685],[141.9422,-11.9455],[142.0122,-12.0391],[141.9323,-12.0709],[141.9489,-12.1499],[141.9134,-12.1644],[141.945,-12.1464],[141.8865,-11.985],[141.909,-11.9555],[141.8504,-11.9845],[141.7148,-12.2347],[141.5919,-12.559],[141.6432,-12.5776],[141.7094,-12.519],[141.8199,-12.6015],[141.8937,-12.5935],[141.8273,-12.6486],[141.8777,-12.6713],[141.8631,-12.6934],[141.8038,-12.6795],[141.7399,-12.8535],[141.636,-12.9088],[141.5832,-12.9967],[141.6954,-13.2701],[141.5233,-13.5721],[141.4672,-13.8642],[141.4763,-13.9459],[141.599,-14.1167],[141.5984,-14.2584],[141.5256,-14.4871],[141.5903,-14.8573],[141.6658,-15.0304],[141.6355,-15.1497],[141.5756,-15.2054],[141.5696,-15.2922],[141.4347,-15.6576],[141.4093,-15.8713],[141.3734,-15.9169],[141.4328,-16.0748],[141.2861,-16.4082],[141.2965,-16.4962],[141.2044,-16.692],[141.0823,-16.8032],[141.0648,-16.8702],[140.958,-16.9981],[140.9008,-17.3487],[140.8284,-17.4653],[140.3846,-17.6779],[140.0044,-17.7146],[139.9377,-17.631],[139.8339,-17.6054],[139.8218,-17.5706],[139.6467,-17.5381],[139.4769,-17.4009],[139.4364,-17.4225],[139.4505,-17.3938],[139.4174,-17.3746],[139.3058,-17.3648],[139.2377,-17.3198],[139.155,-17.1639],[139.1579,-17.0292],[139.0867,-16.9985],[139.0387,-16.9124],[138.8838,-16.8848],[138.629,-16.7679],[138.4795,-16.7836],[138.3236,-16.7505],[138.1184,-16.6492],[137.9946,-16.5383],[137.9991,-25.9969],[140.9994,-25.9964],[140.9993,-28.9991],[148.9581,-28.9991],[149.0319,-28.9566],[149.0805,-28.842],[149.2967,-28.7097],[149.3875,-28.6962],[149.4525,-28.5949],[149.5033,-28.5744],[149.5872,-28.5734],[149.704,-28.6339],[149.7212,-28.6094],[149.9772,-28.6136],[150.0154,-28.5805],[150.1525,-28.5502],[150.2126,-28.5743],[150.2901,-28.5372],[150.4422,-28.6643],[150.6322,-28.6771],[150.7513,-28.6343],[151.0099,-28.7409],[151.0444,-28.8439],[151.1033,-28.8366],[151.2747,-28.9386],[151.2791,-29.0991],[151.3384,-29.1793],[151.3941,-29.178],[151.4527,-29.1263],[151.5448,-28.9533],[151.7064,-28.8717],[151.7339,-28.8715],[151.7769,-28.959],[151.8307,-28.9617],[151.8498,-28.9076],[151.9163,-28.9293],[152.0107,-28.9067],[152.0423,-28.7318],[152.076,-28.7083],[152.0105,-28.665],[151.9554,-28.5192],[152.0167,-28.5252],[152.1601,-28.4333],[152.2172,-28.4491],[152.3094,-28.3628],[152.388,-28.3675],[152.4635,-28.2592],[152.534,-28.2627],[152.5259,-28.306],[152.5795,-28.3392],[152.6142,-28.2695],[152.6397,-28.3122],[152.7509,-28.3639],[152.8804,-28.3098],[153.1077,-28.3585],[153.1767,-28.2496],[153.3573,-28.2493],[153.4769,-28.1569],[153.5522,-28.1644],[153.5143,-28.161],[153.4504,-28.0836],[153.4006,-27.8723],[153.3432,-27.9101],[153.3808,-27.8891],[153.3664,-27.8513],[153.4019,-27.8638],[153.3499,-27.8002],[153.4266,-27.7785],[153.4393,-27.7358],[153.2932,-27.7017],[153.323,-27.7003],[153.3181,-27.582],[153.2413,-27.4652],[153.192,-27.4763],[153.1654,-27.3983],[153.2022,-27.3529],[153.1142,-27.4407],[153.0046,-27.4767],[153.0096,-27.523],[152.9725,-27.506],[152.9741,-27.5446],[152.9043,-27.5449],[152.9067,-27.6013],[152.8885,-27.5908],[152.906,-27.6013],[152.9041,-27.5445],[152.9735,-27.5426],[152.9706,-27.5046],[153.0084,-27.521],[153.0041,-27.4745],[153.108,-27.4416],[153.1605,-27.3774],[153.065,-27.3014],[153.0539,-27.2302],[153.1079,-27.2617],[153.1148,-27.1914],[153.0295,-27.179],[153.0667,-27.111],[153.1442,-27.0756],[153.0989,-27.064],[153.0428,-26.9695],[153.0659,-26.975],[153.0431,-26.9462],[153.0611,-26.8929],[153.1089,-26.8868],[153.1246,-26.8066],[153.1514,-26.8016],[153.1394,-26.6792],[153.0987,-26.6426],[153.1199,-26.3792],[153.0804,-26.3813],[153.0614,-26.3132],[153.1923,-25.9329],[153.1199,-25.9336],[153.0722,-25.8118],[153.0455,-25.8083],[153.0708,-25.8196],[153.0465,-25.8494],[153.0661,-25.8856],[153.0583,-25.9144],[153.0246,-25.9078],[153.0568,-25.9296],[153.0165,-25.9973],[152.998,-25.9541],[153.0313,-25.934],[153.0009,-25.9066],[153.0318,-25.8777],[152.9936,-25.8811],[153.0205,-25.8296],[152.9872,-25.8034],[152.9411,-25.8198],[152.9761,-25.7724],[152.9363,-25.7436]]],[[[153.3115,-24.9556],[153.2653,-24.8772],[153.2507,-24.6973],[153.1189,-24.8151],[153.1691,-24.832],[153.2262,-24.912],[153.2223,-24.9957],[152.9916,-25.2245],[153.0515,-25.2447],[153.0514,-25.3453],[152.9425,-25.5859],[152.9642,-25.5767],[152.9956,-25.7319],[153.0461,-25.7952],[153.0892,-25.7584],[153.0777,-25.6732],[153.1155,-25.54],[153.3603,-25.0066],[153.3504,-24.963],[153.3115,-24.9556]]],[[[139.195,-16.6619],[139.2293,-16.7327],[139.3131,-16.7302],[139.3739,-16.6863],[139.3759,-16.642],[139.4513,-16.6663],[139.4391,-16.6307],[139.4653,-16.6291],[139.4731,-16.5832],[139.4531,-16.5695],[139.5063,-16.5779],[139.5143,-16.5452],[139.475,-16.5262],[139.5303,-16.5176],[139.5466,-16.4605],[139.5941,-16.5553],[139.6572,-16.5194],[139.7115,-16.5322],[139.7016,-16.4863],[139.5509,-16.3908],[139.4654,-16.4461],[139.3071,-16.4622],[139.1605,-16.6098],[139.1615,-16.6652],[139.195,-16.6619]]],[[[151.2776,-23.6767],[151.2256,-23.6095],[151.2352,-23.4837],[151.1834,-23.5413],[151.2024,-23.5121],[151.0727,-23.4884],[151.057,-23.4477],[150.9777,-23.4883],[151.0477,-23.6229],[151.1297,-23.6692],[151.2155,-23.797],[151.2621,-23.7491],[151.2846,-23.7973],[151.3149,-23.7606],[151.2776,-23.6767]]],[[[146.2436,-18.2954],[146.1271,-18.2346],[146.0706,-18.2475],[146.1913,-18.3667],[146.2218,-18.4768],[146.3052,-18.4937],[146.3584,-18.4183],[146.2756,-18.3175],[146.3056,-18.2403],[146.2505,-18.2371],[146.2235,-18.1942],[146.2436,-18.2954]]],[[[153.4006,-27.5004],[153.4217,-27.6421],[153.3929,-27.7071],[153.4227,-27.7408],[153.454,-27.7288],[153.5435,-27.4255],[153.44,-27.3928],[153.4006,-27.5004]]],[[[153.3638,-27.1285],[153.4283,-27.3636],[153.4197,-27.2036],[153.4682,-27.0278],[153.3618,-27.0603],[153.3638,-27.1285]]],[[[142.1954,-10.5945],[142.1102,-10.6627],[142.1142,-10.7221],[142.1779,-10.7709],[142.2069,-10.7264],[142.2774,-10.7065],[142.1954,-10.5945]]],[[[153.1339,-26.8886],[153.1312,-26.8096],[153.1299,-26.8739],[153.0777,-26.907],[153.0771,-26.9794],[153.1653,-27.0991],[153.1963,-27.097],[153.1339,-26.8886]]],[[[142.3147,-10.2159],[142.3441,-10.169],[142.2679,-10.1159],[142.2198,-10.1289],[142.1859,-10.1904],[142.2768,-10.2597],[142.3147,-10.2159]]],[[[139.4847,-17.1184],[139.578,-17.0936],[139.4945,-16.9796],[139.4901,-17.0446],[139.4616,-17.0253],[139.3941,-17.083],[139.4346,-17.1395],[139.4299,-17.1043],[139.4808,-17.0846],[139.4847,-17.1184]]],[[[148.9532,-20.2508],[148.9127,-20.291],[148.9376,-20.3071],[148.9749,-20.2688],[148.9632,-20.3288],[149.0631,-20.2942],[149.015,-20.2697],[149.0259,-20.2349],[148.9916,-20.2504],[148.9668,-20.1561],[148.9532,-20.2508]]],[[[142.6886,-9.376],[142.6446,-9.3652],[142.5978,-9.4076],[142.7073,-9.4283],[142.8009,-9.382],[142.6886,-9.376]]],[[[142.1194,-10.1493],[142.1637,-10.1815],[142.1872,-10.1517],[142.1819,-10.0593],[142.1136,-10.069],[142.0851,-10.1134],[142.1194,-10.1493]]],[[[149.8618,-22.1697],[149.8662,-22.222],[149.9006,-22.2329],[149.93,-22.1337],[149.9077,-22.0528],[149.8618,-22.1697]]],[[[150.4711,-22.2859],[150.5,-22.3031],[150.4856,-22.35],[150.5608,-22.295],[150.4894,-22.2067],[150.4702,-22.2216],[150.5005,-22.2696],[150.4711,-22.2859]]],[[[142.1334,-9.2692],[142.2723,-9.2898],[142.2949,-9.2627],[142.2219,-9.2293],[142.1334,-9.2692]]],[[[146.5798,-18.7653],[146.6948,-18.7593],[146.6421,-18.7496],[146.5739,-18.6765],[146.5798,-18.7653]]],[[[148.9485,-20.0835],[148.9593,-20.0598],[148.9068,-20.0713],[148.8876,-20.1692],[148.9156,-20.1234],[148.9022,-20.1661],[148.93,-20.1328],[148.9315,-20.1783],[148.9513,-20.1565],[148.9485,-20.0835]]],[[[146.8345,-19.1799],[146.883,-19.1115],[146.7813,-19.1238],[146.8345,-19.1799]]],[[[142.2397,-10.6007],[142.266,-10.6421],[142.3265,-10.6129],[142.3063,-10.5706],[142.2397,-10.6007]]],[[[151.3639,-23.8589],[151.3941,-23.8653],[151.3325,-23.754],[151.3639,-23.8589]]],[[[139.1826,-16.6984],[139.1796,-16.6718],[139.146,-16.6919],[139.1414,-16.7541],[139.1848,-16.7336],[139.1826,-16.6984]]],[[[150.0125,-22.1047],[149.9366,-22.1451],[149.9434,-22.1709],[150.0402,-22.112],[150.0125,-22.1047]]],[[[148.4784,-20.0002],[148.4426,-19.9773],[148.4573,-20.0518],[148.4784,-20.0002]]],[[[153.4313,-27.7938],[153.4064,-27.835],[153.428,-27.934],[153.4397,-27.7511],[153.4313,-27.7938]]],[[[150.2476,-21.6745],[150.302,-21.6649],[150.2475,-21.6189],[150.2476,-21.6745]]],[[[153.4011,-27.6448],[153.365,-27.6527],[153.3748,-27.7069],[153.4011,-27.6448]]],[[[152.914,-25.5259],[152.9521,-25.4824],[152.9093,-25.4999],[152.914,-25.5259]]],[[[139.1371,-16.8046],[139.0939,-16.8134],[139.0947,-16.8431],[139.1505,-16.8243],[139.1371,-16.8046]]],[[[149.0669,-20.526],[149.1047,-20.4812],[149.0833,-20.435],[149.0654,-20.5021],[149.0365,-20.5037],[149.0669,-20.526]]],[[[150.9397,-23.1978],[150.9881,-23.1923],[150.9762,-23.1493],[150.9328,-23.1677],[150.9397,-23.1978]]],[[[142.216,-10.5222],[142.1952,-10.575],[142.2313,-10.5369],[142.216,-10.5222]]],[[[144.2515,-14.1688],[144.2316,-14.1852],[144.283,-14.1964],[144.2733,-14.1589],[144.2515,-14.1688]]],[[[150.3583,-21.7326],[150.2995,-21.7455],[150.332,-21.7717],[150.3583,-21.7326]]],[[[146.4854,-18.6167],[146.4913,-18.6674],[146.4843,-18.5674],[146.4854,-18.6167]]],[[[150.4204,-22.2955],[150.4634,-22.2592],[150.464,-22.2252],[150.4204,-22.2955]]],[[[142.7014,-10.9427],[142.6519,-10.9148],[142.6923,-10.9586],[142.7014,-10.9427]]],[[[139.7258,-16.4947],[139.7177,-16.4501],[139.7012,-16.4753],[139.7258,-16.4947]]],[[[149.6232,-20.8563],[149.5783,-20.8704],[149.6166,-20.8845],[149.6232,-20.8563]]],[[[139.6047,-17.1382],[139.6294,-17.0624],[139.5957,-17.112],[139.6047,-17.1382]]],[[[142.3182,-9.5632],[142.2583,-9.5539],[142.3067,-9.5743],[142.3182,-9.5632]]],[[[149.432,-20.9316],[149.4607,-20.915],[149.4255,-20.9068],[149.432,-20.9316]]],[[[153.3861,-27.786],[153.384,-27.8204],[153.4116,-27.7909],[153.3861,-27.786]],[[148.8507,-20.3442],[148.8544,-20.316],[148.8742,-20.3947],[148.8507,-20.3442]]],[[[139.2321,-17.0241],[139.2073,-17.0033],[139.2657,-17.0583],[139.2321,-17.0241]]],[[[139.4553,-16.6732],[139.4458,-16.7064],[139.4777,-16.6795],[139.4553,-16.6732]]],[[[146.1718,-18.3665],[146.145,-18.3581],[146.1787,-18.4097],[146.1718,-18.3665]]],[[[142.8353,-10.0359],[142.8678,-10.0408],[142.8482,-10.0174],[142.8353,-10.0359]]],[[[153.2354,-27.3382],[153.271,-27.3381],[153.2476,-27.3207],[153.2354,-27.3382]]],[[[145.4455,-14.6679],[145.4777,-14.6707],[145.4549,-14.6463],[145.4455,-14.6679]]],[[[142.8994,-9.8582],[142.9486,-9.8556],[142.9173,-9.843],[142.8994,-9.8582]]],[[[153.3663,-27.6167],[153.3608,-27.5803],[153.3467,-27.6222],[153.3663,-27.6167]]],[[[144.2359,-14.1352],[144.2094,-14.1851],[144.2676,-14.1499],[144.2359,-14.1352]]],[[[146.1572,-18.1768],[146.1922,-18.1666],[146.1605,-18.1522],[146.1572,-18.1768]]],[[[149.0917,-20.271],[149.0752,-20.3012],[149.1033,-20.2505],[149.0917,-20.271]]],[[[142.3085,-10.5157],[142.2842,-10.5271],[142.3003,-10.5423],[142.3085,-10.5157]]],[[[142.6697,-9.3732],[142.7255,-9.3683],[142.6889,-9.3583],[142.6697,-9.3732]],[[146.5164,-18.6815],[146.5198,-18.7151],[146.5062,-18.659],[146.5164,-18.6815]]],[[[148.9609,-20.3482],[148.947,-20.3322],[148.9529,-20.3768],[148.9822,-20.3482],[148.9609,-20.3482]]],[[[146.1722,-17.9649],[146.1515,-17.9277],[146.1341,-17.9354],[146.1722,-17.9649]]],[[[152.9843,-25.3102],[152.943,-25.2729],[152.9935,-25.3359],[152.9843,-25.3102]]],[[[149.3953,-20.9196],[149.423,-20.9251],[149.4142,-20.8969],[149.3953,-20.9196]]],[[[149.0292,-20.4515],[149.0646,-20.453],[149.0335,-20.4299],[149.0292,-20.4515]]],[[[142.6368,-10.6285],[142.6473,-10.6566],[142.6671,-10.6303],[142.6368,-10.6285]]],[[[146.1833,-18.4146],[146.1926,-18.4294],[146.1789,-18.3731],[146.1833,-18.4146]]],[[[150.1854,-21.9788],[150.1515,-21.9714],[150.1687,-22.0041],[150.1854,-21.9788]]],[[[142.1751,-9.9695],[142.1998,-9.9464],[142.1655,-9.95],[142.1751,-9.9695]]],[[[153.3441,-27.5131],[153.3731,-27.4918],[153.3386,-27.4958],[153.3441,-27.5131]]],[[[149.2757,-20.7913],[149.3014,-20.7979],[149.2849,-20.7717],[149.2757,-20.7913]]],[[[153.2224,-27.3901],[153.2385,-27.4024],[153.239,-27.3735],[153.2224,-27.3901]]],[[[142.6038,-10.7361],[142.6224,-10.7461],[142.5844,-10.7144],[142.6038,-10.7361]]],[[[150.9066,-23.0852],[150.8921,-23.0545],[150.8846,-23.0774],[150.9066,-23.0852]]],[[[143.7757,-9.5756],[143.7612,-9.5991],[143.7831,-9.5872],[143.7757,-9.5756]]],[[[142.2857,-10.7243],[142.305,-10.7242],[142.2951,-10.7017],[142.2857,-10.7243]]],[[[149.8005,-21.5961],[149.7811,-21.6131],[149.8188,-21.6068],[149.8005,-21.5961]]],[[[149.6839,-21.3282],[149.6942,-21.3131],[149.6679,-21.3016],[149.6839,-21.3282]]],[[[144.9567,-14.5071],[144.9901,-14.5034],[144.9771,-14.493],[144.9567,-14.5071]]],[[[142.1573,-9.2437],[142.1882,-9.2316],[142.1643,-9.2239],[142.1573,-9.2437]]],[[[146.5529,-18.6768],[146.5675,-18.6705],[146.545,-18.652],[146.5529,-18.6768]]],[[[148.8969,-20.8536],[148.9153,-20.8536],[148.9024,-20.8268],[148.8969,-20.8536]]],[[[142.124,-10.3652],[142.1356,-10.3886],[142.138,-10.3625],[142.124,-10.3652]]],[[[142.3849,-10.7475],[142.4075,-10.7089],[142.3897,-10.718],[142.3849,-10.7475]]],[[[149.2773,-20.798],[149.2493,-20.8059],[149.2861,-20.8203],[149.2773,-20.798]]],[[[142.1777,-10.5912],[142.145,-10.5963],[142.169,-10.6059],[142.1777,-10.5912]]],[[[149.9136,-22.2291],[149.8986,-22.2603],[149.9129,-22.2504],[149.9136,-22.2291]]],[[[148.8467,-20.2703],[148.8302,-20.2558],[148.8265,-20.2849],[148.8467,-20.2703]]],[[[153.3273,-27.6427],[153.3292,-27.6705],[153.3414,-27.6486],[153.3273,-27.6427]]],[[[149.1453,-20.6883],[149.1667,-20.6833],[149.1626,-20.6641],[149.1453,-20.6883]]],[[[149.4796,-21.8334],[149.4975,-21.8214],[149.4696,-21.8211],[149.4796,-21.8334]]],[[[148.9362,-20.3628],[148.9278,-20.3373],[148.9404,-20.3808],[148.9362,-20.3628]]],[[[139.8699,-16.6558],[139.8553,-16.6771],[139.8875,-16.653],[139.8699,-16.6558]]],[[[149.8461,-22.0077],[149.8618,-22.0131],[149.881,-21.9943],[149.8461,-22.0077]]],[[[146.5035,-18.5456],[146.4913,-18.5381],[146.4881,-18.5581],[146.5035,-18.5456]]],[[[142.649,-9.7648],[142.6284,-9.7578],[142.622,-9.7726],[142.649,-9.7648]]],[[[144.0629,-9.9108],[144.0414,-9.9132],[144.0423,-9.9263],[144.0629,-9.9108]]],[[[144.2642,-14.2348],[144.2776,-14.2175],[144.2452,-14.2205],[144.2642,-14.2348]]],[[[148.883,-20.0591],[148.8981,-20.0505],[148.881,-20.037],[148.883,-20.0591]]],[[[142.2187,-10.5733],[142.2094,-10.5886],[142.2334,-10.5755],[142.2187,-10.5733]]],[[[142.5276,-9.4233],[142.5324,-9.4363],[142.552,-9.4208],[142.5276,-9.4233]]],[[[146.0046,-16.9253],[145.9908,-16.9253],[145.9855,-16.9422],[146.0046,-16.9253]]],[[[149.8793,-22.2523],[149.8929,-22.2515],[149.8806,-22.2343],[149.8793,-22.2523]]],[[[153.3194,-27.6815],[153.3393,-27.695],[153.3334,-27.6819],[153.3194,-27.6815]]],[[[150.8537,-23.534],[150.8653,-23.5279],[150.8379,-23.5212],[150.8537,-23.534]],[[149.0729,-20.6423],[149.0552,-20.6184],[149.0889,-20.661],[149.0729,-20.6423]]],[[[146.2083,-18.4596],[146.19,-18.4708],[146.2061,-18.4718],[146.2083,-18.4596]]],[[[150.2973,-22.2424],[150.3036,-22.2497],[150.3233,-22.2357],[150.2973,-22.2424]]],[[[149.0355,-20.1591],[149.0207,-20.1628],[149.0387,-20.1829],[149.0355,-20.1591]]],[[[148.9082,-20.2725],[148.9213,-20.2712],[148.9222,-20.2525],[148.9082,-20.2725]]],[[[152.9462,-25.5816],[152.9485,-25.5569],[152.938,-25.5628],[152.9462,-25.5816]]],[[[153.3554,-27.6606],[153.3539,-27.6492],[153.3559,-27.6872],[153.3554,-27.6606]]],[[[148.8295,-20.2413],[148.8253,-20.2246],[148.8101,-20.2141],[148.8295,-20.2413]]],[[[152.8881,-25.5819],[152.8999,-25.5974],[152.899,-25.5784],[152.8881,-25.5819]]],[[[150.3389,-21.6696],[150.3505,-21.667],[150.3258,-21.6586],[150.3389,-21.6696]]],[[[139.0602,-16.8881],[139.0462,-16.8853],[139.0768,-16.9051],[139.0602,-16.8881]]],[[[149.1858,-20.6874],[149.1939,-20.6716],[149.1807,-20.6664],[149.1858,-20.6874]]],[[[149.8947,-21.0176],[149.9113,-21.0186],[149.9038,-21.0029],[149.8947,-21.0176]]],[[[144.328,-14.0969],[144.3357,-14.1024],[144.3397,-14.0875],[144.328,-14.0969]]],[[[149.9197,-22.2005],[149.9317,-22.1873],[149.9266,-22.1748],[149.9197,-22.2005]]],[[[149.1016,-20.5496],[149.1244,-20.544],[149.1126,-20.5378],[149.1016,-20.5496]]],[[[150.682,-21.9607],[150.6983,-21.9534],[150.6861,-21.9459],[150.682,-21.9607]]],[[[142.6362,-10.915],[142.6212,-10.923],[142.6353,-10.927],[142.6362,-10.915]]],[[[142.1538,-10.5708],[142.1719,-10.5543],[142.147,-10.5634],[142.1538,-10.5708]]],[[[142.1005,-10.9878],[142.1161,-10.9951],[142.1116,-10.9678],[142.1005,-10.9878]]],[[[152.9551,-25.6329],[152.9613,-25.6163],[152.9528,-25.6162],[152.9551,-25.6329]]],[[[153.3972,-27.3437],[153.4076,-27.3462],[153.4047,-27.3268],[153.3972,-27.3437]]],[[[151.434,-24.0519],[151.4347,-24.0362],[151.4268,-24.0439],[151.434,-24.0519]]],[[[150.8518,-23.5132],[150.8645,-23.517],[150.8718,-23.5059],[150.8518,-23.5132]]],[[[153.3233,-27.5746],[153.3354,-27.5748],[153.3382,-27.5645],[153.3233,-27.5746]]],[[[142.2347,-9.2254],[142.2516,-9.233],[142.2438,-9.2227],[142.2347,-9.2254]]],[[[144.2024,-14.2313],[144.2306,-14.2145],[144.2288,-14.2061],[144.2024,-14.2313]]],[[[152.5636,-25.1785],[152.5873,-25.1805],[152.5743,-25.1728],[152.5636,-25.1785]]],[[[149.4058,-20.7688],[149.3903,-20.7739],[149.4116,-20.7745],[149.4058,-20.7688]]],[[[152.9612,-25.4914],[152.97,-25.4815],[152.9657,-25.4736],[152.9612,-25.4914]]],[[[143.3639,-12.8857],[143.3752,-12.8956],[143.3769,-12.8837],[143.3639,-12.8857]]],[[[152.9368,-25.6014],[152.9308,-25.5864],[152.938,-25.6113],[152.9368,-25.6014]]],[[[142.7819,-9.9013],[142.7651,-9.8947],[142.7686,-9.9051],[142.7819,-9.9013]]],[[[142.4872,-10.2483],[142.474,-10.2503],[142.48,-10.2604],[142.4872,-10.2483]]],[[[139.266,-16.9985],[139.2787,-16.9913],[139.2638,-16.9848],[139.266,-16.9985]]],[[[152.8892,-25.5699],[152.9038,-25.5717],[152.8985,-25.5601],[152.8892,-25.5699]]],[[[146.5426,-18.837],[146.531,-18.835],[146.5498,-18.849],[146.5426,-18.837]]],[[[149.4733,-20.7476],[149.4837,-20.741],[149.4663,-20.7267],[149.4733,-20.7476]]],[[[152.9254,-25.5899],[152.921,-25.5742],[152.9242,-25.5981],[152.9254,-25.5899]]],[[[150.2516,-22.3648],[150.2619,-22.3711],[150.2827,-22.3518],[150.2516,-22.3648]]],[[[153.3352,-27.6241],[153.3517,-27.6352],[153.3394,-27.6205],[153.3352,-27.6241]]],[[[146.6015,-19.0372],[146.6213,-19.0305],[146.6008,-19.0298],[146.6015,-19.0372]]],[[[153.3728,-27.6297],[153.3904,-27.6199],[153.383,-27.6159],[153.3728,-27.6297]]],[[[150.1248,-21.9956],[150.1396,-21.9984],[150.1297,-21.9875],[150.1248,-21.9956]]],[[[149.6157,-20.7792],[149.6264,-20.7734],[149.6227,-20.7608],[149.6157,-20.7792]]],[[[150.2538,-21.5231],[150.2765,-21.5166],[150.2454,-21.5167],[150.2538,-21.5231]]],[[[149.7109,-21.4545],[149.7185,-21.4587],[149.7133,-21.4387],[149.7109,-21.4545]]],[[[143.4018,-9.7496],[143.4007,-9.7574],[143.4237,-9.7503],[143.4018,-9.7496]]],[[[146.1745,-18.4096],[146.1726,-18.4203],[146.1825,-18.4136],[146.1745,-18.4096]]],[[[144.804,-14.434],[144.8138,-14.4381],[144.8163,-14.4259],[144.804,-14.434]]],[[[146.1892,-18.436],[146.1709,-18.4455],[146.186,-18.4432],[146.1892,-18.436]]],[[[151.7067,-23.3011],[151.7171,-23.2948],[151.7007,-23.2952],[151.7067,-23.3011]]],[[[149.88,-22.2592],[149.8951,-22.2582],[149.8781,-22.2542],[149.88,-22.2592]]],[[[153.4026,-27.8754],[153.4048,-27.8821],[153.4096,-27.8681],[153.4026,-27.8754]]],[[[143.389,-12.8723],[143.4009,-12.8694],[143.3893,-12.8654],[143.389,-12.8723]]],[[[149.561,-21.9882],[149.5825,-21.9744],[149.578,-21.9686],[149.561,-21.9882]]],[[[148.2777,-20.038],[148.2942,-20.0319],[148.2826,-20.027],[148.2777,-20.038]]],[[[142.165,-10.2259],[142.1727,-10.2257],[142.1726,-10.2073],[142.165,-10.2259]]],[[[149.123,-20.3576],[149.1269,-20.348],[149.1199,-20.343],[149.123,-20.3576]]],[[[153.3878,-27.8215],[153.3865,-27.8282],[153.3969,-27.8288],[153.3878,-27.8215]]],[[[148.6003,-20.1525],[148.6138,-20.1516],[148.6114,-20.137],[148.6003,-20.1525]]],[[[150.111,-21.9321],[150.1186,-21.9152],[150.1083,-21.9222],[150.111,-21.9321]]],[[[142.6157,-10.6007],[142.6293,-10.5987],[142.612,-10.5908],[142.6157,-10.6007]]],[[[152.9532,-25.6053],[152.9563,-25.6132],[152.9627,-25.6042],[152.9532,-25.6053]]],[[[152.8795,-25.563],[152.874,-25.5701],[152.8835,-25.5754],[152.8795,-25.563]]],[[[146.2256,-18.2773],[146.2411,-18.2928],[146.2379,-18.2823],[146.2256,-18.2773]]],[[[143.2663,-11.9882],[143.2758,-11.9867],[143.263,-11.9749],[143.2663,-11.9882]]],[[[149.0341,-20.4038],[149.0264,-20.3928],[149.0243,-20.4013],[149.0341,-20.4038]]],[[[142.0499,-10.3669],[142.0623,-10.3549],[142.0505,-10.3558],[142.0499,-10.3669]]],[[[150.2714,-21.4895],[150.2805,-21.4834],[150.2665,-21.4768],[150.2714,-21.4895]]],[[[149.9076,-22.4779],[149.9085,-22.4695],[149.8984,-22.4625],[149.9076,-22.4779]]],[[[149.8348,-21.6622],[149.8425,-21.6598],[149.8343,-21.6466],[149.8348,-21.6622]]],[[[153.3664,-27.6394],[153.3865,-27.6395],[153.3605,-27.6359],[153.3664,-27.6394]]],[[[149.1328,-20.4671],[149.1207,-20.4694],[149.1323,-20.482],[149.1328,-20.4671]]],[[[150.1414,-21.9793],[150.1499,-21.9611],[150.1414,-21.9575],[150.1414,-21.9793]]],[[[152.9085,-25.5485],[152.9021,-25.5567],[152.9067,-25.5638],[152.9085,-25.5485]]],[[[146.1764,-18.4324],[146.1789,-18.4187],[146.1706,-18.4235],[146.1764,-18.4324]]],[[[149.6578,-21.9784],[149.6647,-21.975],[149.6558,-21.9658],[149.6578,-21.9784]]],[[[149.7926,-21.8378],[149.8039,-21.8309],[149.7935,-21.8303],[149.7926,-21.8378]]],[[[150.3617,-22.0176],[150.3739,-22.0234],[150.3669,-22.0114],[150.3617,-22.0176]]],[[[151.5371,-24.0832],[151.5477,-24.0784],[151.5417,-24.0747],[151.5371,-24.0832]]],[[[149.9649,-22.4806],[149.9741,-22.4916],[149.9664,-22.4735],[149.9649,-22.4806]]],[[[149.7564,-22.413],[149.7634,-22.4057],[149.7567,-22.4003],[149.7564,-22.413]]],[[[143.7194,-13.8714],[143.7225,-13.8628],[143.716,-13.8592],[143.7194,-13.8714]]],[[[153.3955,-27.833],[153.3819,-27.8363],[153.3956,-27.84],[153.3955,-27.833]]],[[[149.5735,-22.1256],[149.5885,-22.1392],[149.5782,-22.1197],[149.5735,-22.1256]]],[[[139.0665,-16.8685],[139.0631,-16.8606],[139.0589,-16.8769],[139.0665,-16.8685]]],[[[143.3839,-12.8654],[143.3783,-12.8738],[143.3881,-12.8736],[143.3839,-12.8654]]],[[[153.3361,-27.6202],[153.3413,-27.6042],[153.3334,-27.6143],[153.3361,-27.6202]]],[[[152.8848,-25.5553],[152.8944,-25.558],[152.8979,-25.5503],[152.8848,-25.5553]]],[[[139.5495,-17.1292],[139.5598,-17.1139],[139.5522,-17.1145],[139.5495,-17.1292]]],[[[149.4881,-21.6],[149.4933,-21.605],[149.4986,-21.5978],[149.4881,-21.6]]],[[[149.2,-20.6855],[149.2052,-20.6985],[149.2091,-20.6906],[149.2,-20.6855]]],[[[151.0764,-23.1546],[151.069,-23.1611],[151.0794,-23.1634],[151.0764,-23.1546]]],[[[149.8048,-21.9866],[149.8195,-21.9957],[149.8094,-21.9823],[149.8048,-21.9866]]],[[[152.9559,-25.5068],[152.9529,-25.5133],[152.9663,-25.5008],[152.9559,-25.5068]]],[[[151.6522,-24.0469],[151.6641,-24.0482],[151.6605,-24.0429],[151.6522,-24.0469]]],[[[149.0825,-20.4327],[149.0922,-20.4181],[149.0854,-20.4206],[149.0825,-20.4327]]],[[[146.1497,-18.0093],[146.1517,-17.9973],[146.1415,-18.0039],[146.1497,-18.0093]]],[[[149.9165,-21.4955],[149.9064,-21.4965],[149.9171,-21.5066],[149.9165,-21.4955]]],[[[149.1098,-20.2864],[149.107,-20.2653],[149.1041,-20.2763],[149.1098,-20.2864]],[[139.3834,-17.0724],[139.3651,-17.0697],[139.3918,-17.073],[139.3834,-17.0724]]],[[[143.3955,-12.8839],[143.4007,-12.8969],[143.399,-12.8767],[143.3955,-12.8839]]],[[[148.6524,-20.1064],[148.6545,-20.0925],[148.6455,-20.1003],[148.6524,-20.1064]]],[[[149.824,-21.3744],[149.839,-21.3821],[149.8279,-21.3709],[149.824,-21.3744]]],[[[152.9235,-25.6118],[152.9218,-25.6169],[152.9289,-25.6242],[152.9235,-25.6118]]],[[[143.5787,-13.1832],[143.5775,-13.1728],[143.5742,-13.192],[143.5787,-13.1832]]],[[[148.8935,-20.3814],[148.8828,-20.3689],[148.8961,-20.3851],[148.8935,-20.3814]]],[[[153.0486,-25.8354],[153.0501,-25.8249],[153.0448,-25.8427],[153.0486,-25.8354]]],[[[146.0166,-17.156],[146.0049,-17.1544],[146.0118,-17.165],[146.0166,-17.156]]],[[[151.1551,-23.4054],[151.163,-23.3967],[151.1451,-23.3985],[151.1551,-23.4054]]],[[[149.8915,-22.2428],[149.9007,-22.236],[149.8889,-22.2367],[149.8915,-22.2428]]],[[[149.7579,-22.3986],[149.7673,-22.3911],[149.7576,-22.3918],[149.7579,-22.3986]]],[[[143.0824,-11.766],[143.0957,-11.774],[143.0935,-11.7672],[143.0824,-11.766]]],[[[143.409,-12.2868],[143.4073,-12.2925],[143.4159,-12.2908],[143.409,-12.2868]]],[[[153.3949,-27.6622],[153.4108,-27.6501],[153.4021,-27.6522],[153.3949,-27.6622]]],[[[152.9412,-25.5555],[152.946,-25.56],[152.9496,-25.5484],[152.9412,-25.5555]]],[[[153.0855,-27.007],[153.0787,-27.0019],[153.0779,-27.01],[153.0855,-27.007]]],[[[152.713,-24.1179],[152.7182,-24.1165],[152.7173,-24.1089],[152.713,-24.1179]]],[[[149.8407,-21.445],[149.8553,-21.4477],[149.8477,-21.4411],[149.8407,-21.445]]],[[[149.7896,-20.9893],[149.7802,-20.9834],[149.7717,-20.9855],[149.7896,-20.9893]]],[[[142.8178,-10.209],[142.8249,-10.2107],[142.8302,-10.2059],[142.8178,-10.209]]],[[[149.6539,-21.9289],[149.6425,-21.9319],[149.6513,-21.9365],[149.6539,-21.9289]]],[[[146.1786,-18.4357],[146.1871,-18.4331],[146.1844,-18.4273],[146.1786,-18.4357]]],[[[153.2318,-27.4208],[153.2264,-27.4203],[153.2346,-27.4305],[153.2318,-27.4208]]],[[[143.3806,-12.8812],[143.3915,-12.8809],[143.3842,-12.8768],[143.3806,-12.8812]]],[[[143.4853,-11.9202],[143.477,-11.9151],[143.4781,-11.9217],[143.4853,-11.9202]]],[[[150.4963,-22.553],[150.5003,-22.5503],[150.497,-22.5405],[150.4963,-22.553]]],[[[144.5278,-14.1213],[144.5316,-14.125],[144.5255,-14.112],[144.5278,-14.1213]]],[[[152.8713,-25.4459],[152.8727,-25.451],[152.881,-25.4472],[152.8713,-25.4459]]],[[[142.5131,-10.1953],[142.5157,-10.1873],[142.5041,-10.1838],[142.5131,-10.1953]]],[[[149.0629,-20.6511],[149.0538,-20.6374],[149.0569,-20.6479],[149.0629,-20.6511]]],[[[146.6325,-19.0241],[146.6292,-19.0332],[146.6429,-19.0323],[146.6325,-19.0241]]],[[[150.8281,-23.5242],[150.8374,-23.5276],[150.8311,-23.5197],[150.8281,-23.5242]]],[[[142.5058,-10.1592],[142.5148,-10.1609],[142.513,-10.1554],[142.5058,-10.1592]]],[[[152.8567,-25.4872],[152.8631,-25.4706],[152.8579,-25.4768],[152.8567,-25.4872]]],[[[145.4947,-16.2943],[145.5071,-16.304],[145.4995,-16.2929],[145.4947,-16.2943]]],[[[143.299,-9.6168],[143.3113,-9.6085],[143.2998,-9.6123],[143.299,-9.6168]]],[[[149.8887,-21.5003],[149.8965,-21.4988],[149.8911,-21.4853],[149.8887,-21.5003]]],[[[143.4025,-12.76],[143.3976,-12.7539],[143.4009,-12.7678],[143.4025,-12.76]]],[[[151.6559,-24.0432],[151.6528,-24.0363],[151.6442,-24.0367],[151.6559,-24.0432]],[[151.4697,-24.0452],[151.4752,-24.0537],[151.4644,-24.0373],[151.4697,-24.0452]]],[[[148.8732,-20.6169],[148.8643,-20.6071],[148.8654,-20.6186],[148.8732,-20.6169]]],[[[151.2561,-23.7872],[151.2623,-23.7923],[151.2587,-23.7804],[151.2561,-23.7872]]],[[[139.1491,-16.756],[139.1399,-16.7623],[139.1485,-16.762],[139.1491,-16.756]]],[[[150.2688,-22.2248],[150.2609,-22.2273],[150.2752,-22.2295],[150.2688,-22.2248]]],[[[151.4573,-24.0502],[151.4607,-24.0565],[151.4598,-24.0394],[151.4573,-24.0502]]],[[[142.1489,-10.2025],[142.1418,-10.2051],[142.1453,-10.212],[142.1489,-10.2025]]],[[[150.5184,-22.3734],[150.5287,-22.374],[150.5209,-22.3665],[150.5184,-22.3734]]],[[[139.2771,-16.2655],[139.2731,-16.2762],[139.2825,-16.2645],[139.2771,-16.2655]]],[[[139.8288,-16.7034],[139.8402,-16.6986],[139.8317,-16.6971],[139.8288,-16.7034]]],[[[144.9254,-14.6066],[144.9353,-14.6121],[144.9256,-14.6017],[144.9254,-14.6066]]],[[[148.8796,-20.6019],[148.8817,-20.6056],[148.8787,-20.5906],[148.8796,-20.6019]]],[[[153.1885,-27.4009],[153.1837,-27.3934],[153.178,-27.3967],[153.1885,-27.4009]]],[[[146.2782,-18.1402],[146.2874,-18.1433],[146.2821,-18.1351],[146.2782,-18.1402]]],[[[148.5457,-20.0585],[148.5418,-20.0565],[148.5358,-20.0654],[148.5457,-20.0585]]],[[[148.9207,-20.856],[148.9277,-20.8521],[148.9178,-20.8473],[148.9207,-20.856]]],[[[150.6697,-22.094],[150.6769,-22.0909],[150.6702,-22.0827],[150.6697,-22.094]]],[[[139.8069,-16.4968],[139.8136,-16.4913],[139.8028,-16.4868],[139.8069,-16.4968]]],[[[145.2499,-14.6592],[145.2577,-14.656],[145.255,-14.6499],[145.2499,-14.6592]]],[[[146.5355,-18.7782],[146.5419,-18.7882],[146.5486,-18.7888],[146.5355,-18.7782]]],[[[152.9207,-25.5668],[152.9184,-25.5571],[152.915,-25.5629],[152.9207,-25.5668]]],[[[143.4979,-12.5277],[143.4544,-12.5044],[143.4734,-12.5205],[143.4979,-12.5277]]],[[[153.4163,-27.7918],[153.416,-27.7952],[153.4248,-27.7838],[153.4163,-27.7918]]],[[[142.0763,-10.2598],[142.069,-10.2653],[142.0789,-10.2664],[142.0763,-10.2598]]],[[[150.9703,-23.2169],[150.9734,-23.2091],[150.9649,-23.2148],[150.9703,-23.2169]]],[[[149.067,-20.3047],[149.0747,-20.3055],[149.0683,-20.2997],[149.067,-20.3047]]],[[[145.5203,-14.8282],[145.5302,-14.8305],[145.5213,-14.825],[145.5203,-14.8282]]],[[[144.0219,-9.9426],[144.0241,-9.9473],[144.0317,-9.9479],[144.0219,-9.9426]]],[[[149.6673,-21.7268],[149.6744,-21.7284],[149.6629,-21.7184],[149.6673,-21.7268]]],[[[143.4642,-11.9044],[143.4712,-11.9066],[143.4707,-11.8981],[143.4642,-11.9044]]],[[[148.9329,-20.8541],[148.9376,-20.8518],[148.9319,-20.8436],[148.9329,-20.8541]]],[[[149.0808,-20.5256],[149.0902,-20.5244],[149.0809,-20.515],[149.0808,-20.5256]]],[[[153.4142,-27.8099],[153.4219,-27.7941],[153.4137,-27.8038],[153.4142,-27.8099]]],[[[143.2441,-11.9894],[143.252,-11.9963],[143.2473,-11.9851],[143.2441,-11.9894]]],[[[145.442,-14.6929],[145.4455,-14.6961],[145.4509,-14.6923],[145.442,-14.6929]]],[[[142.2248,-10.7376],[142.2202,-10.7393],[142.2241,-10.7476],[142.2248,-10.7376]]],[[[153.3993,-27.8193],[153.402,-27.8213],[153.4079,-27.8096],[153.3993,-27.8193]]],[[[149.9301,-22.1605],[149.9354,-22.1662],[149.9311,-22.1559],[149.9301,-22.1605]]],[[[152.9807,-25.8005],[152.9768,-25.8034],[152.9874,-25.8018],[152.9807,-25.8005]]],[[[143.7504,-13.9387],[143.7582,-13.9393],[143.7594,-13.9344],[143.7504,-13.9387]]],[[[153.4404,-27.7405],[153.4488,-27.7379],[153.4454,-27.7344],[153.4404,-27.7405]]],[[[149.1719,-20.2504],[149.178,-20.2504],[149.1736,-20.2411],[149.1719,-20.2504]]],[[[145.3733,-15.0905],[145.3796,-15.0967],[145.3853,-15.0941],[145.3733,-15.0905]]],[[[153.3733,-27.802],[153.3734,-27.8073],[153.3813,-27.8017],[153.3733,-27.802]]],[[[142.9753,-9.7973],[142.9717,-9.8033],[142.9742,-9.8079],[142.9753,-9.7973]]],[[[143.2841,-9.9566],[143.2923,-9.9535],[143.2941,-9.947],[143.2841,-9.9566]]],[[[149.8186,-21.824],[149.8228,-21.837],[149.825,-21.8347],[149.8186,-21.824]]],[[[146.5154,-18.7686],[146.5206,-18.7741],[146.5205,-18.7668],[146.5154,-18.7686]]],[[[150.2935,-22.0274],[150.303,-22.0241],[150.2896,-22.0241],[150.2935,-22.0274]]],[[[142.3704,-10.7673],[142.3761,-10.7564],[142.3697,-10.7614],[142.3704,-10.7673]],[[151.2845,-23.8055],[151.286,-23.8188],[151.2821,-23.8013],[151.2845,-23.8055]]],[[[143.4449,-12.6241],[143.4502,-12.6208],[143.4485,-12.6144],[143.4449,-12.6241]]],[[[143.3033,-12.0393],[143.2989,-12.0361],[143.2955,-12.0418],[143.3033,-12.0393]]],[[[145.5073,-14.7453],[145.5149,-14.7493],[145.5159,-14.7455],[145.5073,-14.7453]]],[[[149.862,-21.6029],[149.8701,-21.6063],[149.8628,-21.5997],[149.862,-21.6029]]],[[[153.4169,-27.8802],[153.4217,-27.8791],[153.4158,-27.869],[153.4169,-27.8802]]],[[[144.9158,-14.5095],[144.9194,-14.5054],[144.9101,-14.5031],[144.9158,-14.5095]]],[[[144.9655,-14.5242],[144.9717,-14.5271],[144.981,-14.5234],[144.9655,-14.5242]]],[[[143.2565,-9.7682],[143.2678,-9.7632],[143.2576,-9.765],[143.2565,-9.7682]]],[[[152.8353,-25.4901],[152.845,-25.4909],[152.8475,-25.4874],[152.8353,-25.4901]]],[[[142.1002,-10.2953],[142.1059,-10.2904],[142.1029,-10.2866],[142.1002,-10.2953]]],[[[144.2672,-14.0575],[144.2678,-14.0512],[144.2618,-14.0505],[144.2672,-14.0575]]],[[[149.4649,-20.9306],[149.4675,-20.9372],[149.4696,-20.9282],[149.4649,-20.9306]]],[[[150.4499,-22.3197],[150.4501,-22.3146],[150.443,-22.3118],[150.4499,-22.3197]]],[[[150.0148,-22.6255],[150.0193,-22.6227],[150.0141,-22.6176],[150.0148,-22.6255]]],[[[146.1728,-18.0388],[146.1824,-18.0413],[146.1773,-18.0363],[146.1728,-18.0388]],[[148.9268,-20.3192],[148.9277,-20.3256],[148.9239,-20.3112],[148.9268,-20.3192]]],[[[148.5744,-20.1044],[148.5723,-20.0956],[148.5696,-20.1037],[148.5744,-20.1044]]],[[[142.3489,-10.7087],[142.3577,-10.6978],[142.3493,-10.7031],[142.3489,-10.7087]]],[[[153.0774,-26.9527],[153.0726,-26.9548],[153.0754,-26.9591],[153.0774,-26.9527]]],[[[148.6044,-20.0992],[148.6126,-20.0942],[148.6072,-20.0937],[148.6044,-20.0992]]],[[[150.9247,-23.1695],[150.9144,-23.1615],[150.9195,-23.1686],[150.9247,-23.1695]]],[[[143.061,-10.0504],[143.0781,-10.0506],[143.0716,-10.0488],[143.061,-10.0504]]],[[[152.8863,-25.5663],[152.8931,-25.5602],[152.8866,-25.561],[152.8863,-25.5663]]],[[[149.0351,-20.4267],[149.0366,-20.4235],[149.0266,-20.4212],[149.0351,-20.4267]]],[[[142.1018,-10.2775],[142.1078,-10.2816],[142.0993,-10.2726],[142.1018,-10.2775]],[[144.9964,-14.5402],[144.9862,-14.5412],[144.9961,-14.5364],[144.9964,-14.5402]]],[[[143.7719,-14.2206],[143.7792,-14.2241],[143.7748,-14.2137],[143.7719,-14.2206]]],[[[150.6606,-22.3395],[150.6626,-22.3347],[150.6574,-22.3296],[150.6606,-22.3395]]],[[[149.9387,-22.2244],[149.9406,-22.2128],[149.9367,-22.2175],[149.9387,-22.2244]]],[[[142.1592,-9.9463],[142.1654,-9.9473],[142.1563,-9.9414],[142.1592,-9.9463]]],[[[151.179,-23.495],[151.1739,-23.4985],[151.207,-23.5046],[151.179,-23.495]]],[[[152.8469,-25.4913],[152.8547,-25.4883],[152.856,-25.4827],[152.8469,-25.4913]]],[[[153.4179,-27.9352],[153.4115,-27.9315],[153.4162,-27.9401],[153.4179,-27.9352]]],[[[143.6421,-13.7722],[143.6416,-13.7681],[143.636,-13.7743],[143.6421,-13.7722]]],[[[141.5745,-9.5138],[141.5683,-9.5234],[141.5736,-9.5195],[141.5745,-9.5138]]],[[[148.996,-20.3527],[148.9907,-20.3496],[148.9891,-20.3566],[148.996,-20.3527]]],[[[143.1135,-9.989],[143.1268,-9.9845],[143.1182,-9.9856],[143.1135,-9.989]]],[[[143.6942,-13.6666],[143.6881,-13.669],[143.6894,-13.6752],[143.6942,-13.6666]]],[[[153.0597,-26.9119],[153.0659,-26.9088],[153.0633,-26.9043],[153.0597,-26.9119]]],[[[148.3614,-19.9851],[148.3697,-19.9843],[148.364,-19.9814],[148.3614,-19.9851]]],[[[142.155,-10.2273],[142.1539,-10.2198],[142.1489,-10.2186],[142.155,-10.2273]]],[[[142.0737,-10.2293],[142.0791,-10.2413],[142.0813,-10.2376],[142.0737,-10.2293]]],[[[149.9371,-22.1416],[149.943,-22.1378],[149.942,-22.1344],[149.9371,-22.1416]]],[[[142.3539,-10.8471],[142.3647,-10.8425],[142.3551,-10.8423],[142.3539,-10.8471]]],[[[151.7252,-23.5369],[151.7203,-23.5385],[151.7318,-23.5394],[151.7252,-23.5369]]],[[[143.5426,-9.5092],[143.549,-9.5068],[143.5442,-9.5046],[143.5426,-9.5092]]],[[[149.7763,-21.6709],[149.7816,-21.679],[149.7818,-21.6748],[149.7763,-21.6709]]],[[[150.1489,-21.5195],[150.1529,-21.5293],[150.1556,-21.5262],[150.1489,-21.5195]]],[[[150.202,-22.323],[150.2066,-22.3178],[150.2018,-22.3176],[150.202,-22.323]]],[[[153.1182,-26.8606],[153.1197,-26.8659],[153.123,-26.865],[153.1182,-26.8606]]],[[[139.2891,-16.7487],[139.2956,-16.7524],[139.289,-16.7432],[139.2891,-16.7487]]],[[[146.5285,-18.7649],[146.5372,-18.7732],[146.5334,-18.7668],[146.5285,-18.7649]]],[[[149.1548,-20.2432],[149.1572,-20.2372],[149.153,-20.2361],[149.1548,-20.2432]]],[[[144.7681,-14.508],[144.7648,-14.501],[144.7623,-14.5044],[144.7681,-14.508]]],[[[150.6454,-22.003],[150.6418,-22.0083],[150.646,-22.0101],[150.6454,-22.003]]],[[[142.1466,-9.2315],[142.1516,-9.2262],[142.1447,-9.2266],[142.1466,-9.2315]]],[[[146.6353,-18.9651],[146.6432,-18.9621],[146.6318,-18.9635],[146.6353,-18.9651]]],[[[144.8843,-14.5606],[144.8909,-14.5623],[144.8859,-14.558],[144.8843,-14.5606]]],[[[146.2023,-18.052],[146.2055,-18.0513],[146.1991,-18.0456],[146.2023,-18.052]]],[[[149.9136,-22.3054],[149.9196,-22.3072],[149.9163,-22.3028],[149.9136,-22.3054]]],[[[149.1125,-20.5919],[149.1121,-20.5828],[149.1095,-20.5819],[149.1125,-20.5919]]],[[[149.1235,-20.2725],[149.1234,-20.2649],[149.1192,-20.2716],[149.1235,-20.2725]]],[[[142.6638,-9.3647],[142.6698,-9.3627],[142.664,-9.3615],[142.6638,-9.3647]]],[[[150.1245,-21.942],[150.1276,-21.9364],[150.12,-21.9389],[150.1245,-21.942]]],[[[150.8843,-23.2779],[150.8935,-23.281],[150.886,-23.2752],[150.8843,-23.2779]]],[[[150.4493,-22.0397],[150.452,-22.0366],[150.4508,-22.0316],[150.4493,-22.0397]]],[[[152.9565,-25.5385],[152.9418,-25.5468],[152.9559,-25.541],[152.9565,-25.5385]]],[[[149.8729,-22.2079],[149.8773,-22.2041],[149.8709,-22.2042],[149.8729,-22.2079]]],[[[143.0155,-11.1714],[143.0198,-11.1709],[143.0118,-11.1663],[143.0155,-11.1714]]],[[[150.3776,-21.9987],[150.3793,-22.0031],[150.3844,-22.0031],[150.3776,-21.9987]]],[[[146.1668,-18.029],[146.17,-18.0283],[146.1664,-18.023],[146.1668,-18.029]]],[[[153.0728,-26.9297],[153.074,-26.9374],[153.0741,-26.9268],[153.0728,-26.9297]]],[[[145.4574,-14.7022],[145.4542,-14.6993],[145.4512,-14.7021],[145.4574,-14.7022]]],[[[149.8792,-21.4677],[149.8885,-21.4686],[149.8781,-21.4637],[149.8792,-21.4677]]],[[[152.3897,-23.9091],[152.3938,-23.9092],[152.3954,-23.9052],[152.3897,-23.9091]]],[[[145.1966,-14.7342],[145.2056,-14.7368],[145.2015,-14.7334],[145.1966,-14.7342]]],[[[150.9382,-23.347],[150.9395,-23.3425],[150.9335,-23.3408],[150.9382,-23.347]]],[[[149.0324,-20.4742],[149.0371,-20.4662],[149.0329,-20.4685],[149.0324,-20.4742]]],[[[143.4404,-9.7478],[143.4527,-9.7333],[143.4481,-9.7369],[143.4404,-9.7478]]],[[[150.3834,-22.0127],[150.388,-22.0156],[150.383,-22.0094],[150.3834,-22.0127]]],[[[149.7971,-21.85],[149.7996,-21.8517],[149.7987,-21.8422],[149.7971,-21.85]]],[[[150.9943,-22.7317],[150.9988,-22.7344],[150.9925,-22.7264],[150.9943,-22.7317]]],[[[150.5147,-22.3788],[150.5062,-22.3803],[150.5164,-22.3827],[150.5147,-22.3788]]],[[[144.7079,-14.5575],[144.714,-14.5577],[144.706,-14.5549],[144.7079,-14.5575]]],[[[148.8022,-20.2968],[148.8001,-20.2909],[148.8027,-20.3004],[148.8022,-20.2968]]],[[[145.443,-15.7493],[145.4458,-15.7536],[145.4432,-15.7446],[145.443,-15.7493]]],[[[150.217,-21.6564],[150.2253,-21.6534],[150.2209,-21.6518],[150.217,-21.6564]]],[[[148.7162,-20.104],[148.7246,-20.102],[148.7162,-20.0999],[148.7162,-20.104]]],[[[142.7093,-9.8346],[142.7172,-9.8365],[142.708,-9.8322],[142.7093,-9.8346]]],[[[149.8884,-22.2681],[149.8919,-22.2636],[149.887,-22.2648],[149.8884,-22.2681]]],[[[142.4146,-10.7227],[142.4127,-10.7286],[142.416,-10.7264],[142.4146,-10.7227]]],[[[149.4605,-21.4534],[149.4567,-21.4563],[149.4615,-21.4574],[149.4605,-21.4534]]],[[[149.1483,-20.9835],[149.152,-20.9773],[149.1481,-20.9765],[149.1483,-20.9835]]],[[[153.0521,-25.8854],[153.0463,-25.8803],[153.0473,-25.8842],[153.0521,-25.8854]]],[[[149.9079,-21.4812],[149.9132,-21.4864],[149.9075,-21.4781],[149.9079,-21.4812]]],[[[148.3584,-19.7239],[148.357,-19.7294],[148.3637,-19.7299],[148.3584,-19.7239]]],[[[143.4497,-12.4981],[143.4345,-12.4825],[143.4338,-12.4842],[143.4497,-12.4981]]],[[[149.1049,-20.4658],[149.1094,-20.461],[149.1036,-20.4624],[149.1049,-20.4658]]],[[[149.9883,-22.0586],[149.9894,-22.0525],[149.9864,-22.0564],[149.9883,-22.0586]]],[[[144.0318,-11.5908],[144.0386,-11.5926],[144.0348,-11.5883],[144.0318,-11.5908]]],[[[149.2684,-21.1746],[149.2661,-21.1701],[149.2629,-21.1742],[149.2684,-21.1746]]],[[[153.3835,-27.8307],[153.3921,-27.832],[153.3868,-27.8288],[153.3835,-27.8307]]],[[[149.8685,-22.1482],[149.8692,-22.1438],[149.8625,-22.1453],[149.8685,-22.1482]]],[[[151.3363,-23.8305],[151.3377,-23.836],[151.3419,-23.826],[151.3363,-23.8305]]],[[[150.3372,-21.6526],[150.3409,-21.6533],[150.3418,-21.6489],[150.3372,-21.6526]]],[[[143.2871,-11.9745],[143.2904,-11.9716],[143.2865,-11.9685],[143.2871,-11.9745]]],[[[149.2467,-21.1629],[149.2469,-21.1574],[149.2401,-21.1615],[149.2467,-21.1629]]],[[[151.871,-24.1684],[151.8763,-24.1679],[151.8799,-24.1627],[151.871,-24.1684]]],[[[142.1476,-9.2258],[142.1523,-9.2223],[142.1458,-9.2232],[142.1476,-9.2258]]],[[[143.487,-9.5714],[143.4984,-9.5609],[143.4962,-9.5611],[143.487,-9.5714]]],[[[150.9061,-23.1547],[150.9078,-23.1512],[150.9005,-23.151],[150.9061,-23.1547]]],[[[145.6795,-16.7285],[145.6884,-16.7255],[145.686,-16.7224],[145.6795,-16.7285]]],[[[148.3105,-20.1046],[148.3177,-20.1027],[148.3146,-20.1004],[148.3105,-20.1046]]],[[[153.4132,-27.904],[153.4095,-27.8989],[153.4127,-27.9077],[153.4132,-27.904]]],[[[149.8712,-21.4579],[149.8754,-21.4608],[149.8704,-21.4541],[149.8712,-21.4579]]],[[[143.3911,-9.8718],[143.3978,-9.8687],[143.394,-9.8678],[143.3911,-9.8718]]],[[[143.0195,-11.4879],[143.0295,-11.4882],[143.0222,-11.4843],[143.0195,-11.4879]]],[[[151.9127,-23.4408],[151.9103,-23.4421],[151.9193,-23.4428],[151.9127,-23.4408]]],[[[152.8744,-25.5592],[152.8788,-25.5601],[152.8819,-25.5558],[152.8744,-25.5592]]],[[[153.4132,-27.8129],[153.419,-27.8106],[153.4175,-27.8073],[153.4132,-27.8129]]],[[[152.9171,-25.4889],[152.9227,-25.4857],[152.9244,-25.4819],[152.9171,-25.4889]]],[[[149.1618,-20.7546],[149.1632,-20.7501],[149.1586,-20.7495],[149.1618,-20.7546]]],[[[144.0358,-9.9516],[144.0415,-9.9475],[144.0368,-9.9465],[144.0358,-9.9516]]],[[[147.8981,-19.8529],[147.905,-19.8485],[147.9003,-19.8492],[147.8981,-19.8529]]],[[[142.0833,-10.2451],[142.0863,-10.2461],[142.0872,-10.2413],[142.0833,-10.2451]]],[[[153.401,-27.8879],[153.4037,-27.8868],[153.4007,-27.8835],[153.401,-27.8879]]],[[[145.424,-15.1119],[145.4265,-15.1187],[145.4278,-15.1143],[145.424,-15.1119]]],[[[142.6227,-10.7221],[142.626,-10.7199],[142.6217,-10.7182],[142.6227,-10.7221]]],[[[148.5542,-19.9973],[148.5601,-19.9888],[148.5543,-19.9945],[148.5542,-19.9973]]],[[[142.1553,-9.2363],[142.1602,-9.2308],[142.1583,-9.2276],[142.1553,-9.2363]]],[[[139.1897,-16.9905],[139.2032,-16.9955],[139.2002,-16.9926],[139.1897,-16.9905]]],[[[143.3585,-9.7156],[143.3665,-9.7126],[143.3622,-9.712],[143.3585,-9.7156]]],[[[143.3679,-12.8787],[143.3751,-12.8815],[143.3686,-12.8767],[143.3679,-12.8787]]],[[[149.1419,-20.7032],[149.146,-20.7017],[149.1422,-20.6985],[149.1419,-20.7032]]],[[[141.5896,-14.1633],[141.5882,-14.1659],[141.5919,-14.1741],[141.5896,-14.1633]]],[[[148.8129,-20.2558],[148.8146,-20.2608],[148.8159,-20.2518],[148.8129,-20.2558]]],[[[152.9113,-25.6019],[152.9131,-25.6028],[152.9138,-25.596],[152.9113,-25.6019]]],[[[142.6144,-10.6114],[142.6184,-10.6059],[142.6129,-10.6086],[142.6144,-10.6114]]],[[[153.0167,-25.3147],[153.0239,-25.3237],[153.0163,-25.3132],[153.0167,-25.3147]]],[[[139.4715,-16.5629],[139.4735,-16.5673],[139.4753,-16.5637],[139.4715,-16.5629]]],[[[150.9003,-23.0946],[150.907,-23.0895],[150.9016,-23.0899],[150.9003,-23.0946]]],[[[150.7376,-22.6106],[150.7347,-22.6072],[150.7376,-22.6171],[150.7376,-22.6106]]],[[[148.9312,-20.8627],[148.9298,-20.8592],[148.924,-20.86],[148.9312,-20.8627]]],[[[151.2549,-23.8093],[151.2572,-23.8067],[151.2555,-23.8027],[151.2549,-23.8093]]],[[[152.373,-23.8572],[152.3807,-23.8526],[152.379,-23.8518],[152.373,-23.8572]]],[[[145.5701,-16.39],[145.5717,-16.3872],[145.5687,-16.3844],[145.5701,-16.39]]],[[[139.3696,-17.0009],[139.3731,-17.0067],[139.3757,-17.0071],[139.3696,-17.0009]]],[[[146.1567,-17.739],[146.1639,-17.7381],[146.1577,-17.7368],[146.1567,-17.739]]],[[[139.4706,-16.6043],[139.4777,-16.608],[139.4783,-16.6046],[139.4706,-16.6043]]],[[[150.7462,-22.4119],[150.7492,-22.4132],[150.7447,-22.4088],[150.7462,-22.4119]]],[[[142.4466,-10.4635],[142.4503,-10.4628],[142.4466,-10.4602],[142.4466,-10.4635]]],[[[153.0694,-26.9773],[153.0684,-26.9737],[153.0664,-26.9772],[153.0694,-26.9773]]],[[[151.7751,-23.249],[151.7826,-23.2458],[151.7803,-23.2449],[151.7751,-23.249]]],[[[142.3472,-10.5483],[142.3435,-10.5502],[142.3444,-10.5532],[142.3472,-10.5483]]],[[[151.2163,-23.8186],[151.2186,-23.8205],[151.2228,-23.8176],[151.2163,-23.8186]]],[[[142.6747,-10.1684],[142.6806,-10.1718],[142.6734,-10.1664],[142.6747,-10.1684]]],[[[139.4561,-16.6669],[139.4586,-16.6658],[139.4548,-16.6624],[139.4561,-16.6669]]],[[[151.6343,-24.0251],[151.6348,-24.0228],[151.6241,-24.0221],[151.6343,-24.0251]]],[[[146.1332,-17.9822],[146.1385,-17.9812],[146.1333,-17.9796],[146.1332,-17.9822]]],[[[149.9207,-21.4939],[149.9212,-21.4889],[149.9173,-21.4884],[149.9207,-21.4939]]],[[[146.5535,-18.7698],[146.548,-18.7686],[146.5542,-18.7737],[146.5535,-18.7698]]],[[[150.8789,-23.2425],[150.8751,-23.2403],[150.8707,-23.2415],[150.8789,-23.2425]]],[[[152.8776,-25.5817],[152.8795,-25.5836],[152.8795,-25.5764],[152.8776,-25.5817]]],[[[145.4174,-15.1107],[145.4206,-15.1138],[145.4234,-15.1126],[145.4174,-15.1107]]],[[[146.093,-17.2295],[146.0962,-17.2269],[146.0917,-17.2235],[146.093,-17.2295]]],[[[148.7659,-20.6923],[148.7658,-20.6894],[148.7601,-20.6887],[148.7659,-20.6923]]],[[[142.5282,-10.6856],[142.5277,-10.6803],[142.5263,-10.685],[142.5282,-10.6856]]],[[[148.8626,-20.5831],[148.8661,-20.5817],[148.8588,-20.5804],[148.8626,-20.5831]]],[[[149.9715,-22.0378],[149.9746,-22.034],[149.9693,-22.0362],[149.9715,-22.0378]]],[[[150.4436,-22.5153],[150.4493,-22.517],[150.4433,-22.5129],[150.4436,-22.5153]]],[[[146.1777,-17.677],[146.1816,-17.6755],[146.1765,-17.675],[146.1777,-17.677]]],[[[150.8882,-23.0504],[150.8897,-23.0484],[150.8859,-23.0475],[150.8882,-23.0504]]],[[[145.4357,-15.0196],[145.4423,-15.0202],[145.4378,-15.0184],[145.4357,-15.0196]]],[[[143.4039,-12.295],[143.4015,-12.2996],[143.4051,-12.2978],[143.4039,-12.295]]],[[[142.17,-9.9414],[142.1728,-9.9424],[142.174,-9.9397],[142.17,-9.9414]]],[[[145.1888,-14.7357],[145.1871,-14.7328],[145.1838,-14.7328],[145.1888,-14.7357]]],[[[142.1601,-9.9558],[142.1649,-9.9584],[142.1625,-9.9546],[142.1601,-9.9558]]],[[[139.1639,-16.7448],[139.1669,-16.7481],[139.1629,-16.7406],[139.1639,-16.7448]]],[[[153.1004,-26.8947],[153.1104,-26.8888],[153.1036,-26.8917],[153.1004,-26.8947]]],[[[143.4835,-9.8861],[143.4873,-9.8833],[143.4854,-9.881],[143.4835,-9.8861]]],[[[150.8446,-22.6835],[150.8405,-22.6862],[150.8482,-22.6852],[150.8446,-22.6835]]],[[[139.1513,-16.7844],[139.1555,-16.7739],[139.1528,-16.7757],[139.1513,-16.7844]]],[[[145.4751,-14.8582],[145.4806,-14.8602],[145.4773,-14.8563],[145.4751,-14.8582]]],[[[150.4347,-21.772],[150.4387,-21.7723],[150.4317,-21.7714],[150.4347,-21.772]]],[[[142.0327,-10.8855],[142.037,-10.8819],[142.0346,-10.8798],[142.0327,-10.8855]]],[[[143.2091,-11.9284],[143.208,-11.9307],[143.212,-11.931],[143.2091,-11.9284]]],[[[142.3255,-10.0798],[142.3255,-10.0817],[142.3301,-10.0845],[142.3255,-10.0798]]],[[[149.096,-20.3074],[149.0973,-20.3042],[149.095,-20.3026],[149.096,-20.3074]]],[[[142.5562,-10.7098],[142.5601,-10.7097],[142.5532,-10.7084],[142.5562,-10.7098]]],[[[149.6616,-21.4734],[149.665,-21.4711],[149.6622,-21.4704],[149.6616,-21.4734]]],[[[152.9378,-25.5612],[152.9409,-25.5574],[152.9403,-25.5551],[152.9378,-25.5612]]],[[[142.9193,-11.2402],[142.9329,-11.248],[142.9273,-11.242],[142.9193,-11.2402]]],[[[150.4371,-21.7642],[150.4414,-21.7634],[150.4388,-21.762],[150.4371,-21.7642]]],[[[146.1443,-18.1822],[146.1421,-18.1848],[146.1441,-18.1867],[146.1443,-18.1822]]],[[[142.3799,-10.7049],[142.3846,-10.7009],[142.382,-10.7003],[142.3799,-10.7049]]],[[[149.8743,-22.2319],[149.8758,-22.2307],[149.8688,-22.2298],[149.8743,-22.2319]]],[[[149.0061,-20.1753],[149.0106,-20.1719],[149.0052,-20.1737],[149.0061,-20.1753]]],[[[152.8805,-25.5818],[152.8824,-25.576],[152.8801,-25.5763],[152.8805,-25.5818]]],[[[153.3562,-27.7988],[153.3613,-27.8001],[153.3632,-27.7983],[153.3562,-27.7988]]],[[[149.9324,-21.104],[149.9364,-21.1022],[149.9326,-21.1014],[149.9324,-21.104]]],[[[146.3282,-18.3566],[146.3313,-18.356],[146.3284,-18.3532],[146.3282,-18.3566]]],[[[142.8197,-10.145],[142.8157,-10.1465],[142.8232,-10.1458],[142.8197,-10.145]]],[[[142.167,-10.2001],[142.1708,-10.2002],[142.1674,-10.1982],[142.167,-10.2001]]],[[[141.4192,-9.8254],[141.4305,-9.8233],[141.4265,-9.8216],[141.4192,-9.8254]]],[[[149.9327,-22.2058],[149.9334,-22.2008],[149.9316,-22.2023],[149.9327,-22.2058]]],[[[149.0739,-20.1615],[149.0725,-20.1561],[149.0707,-20.1574],[149.0739,-20.1615]]],[[[148.8312,-20.2464],[148.8293,-20.2475],[148.8318,-20.2521],[148.8312,-20.2464]]],[[[145.9731,-16.7605],[145.9774,-16.7598],[145.9715,-16.759],[145.9731,-16.7605]]],[[[152.2872,-23.8081],[152.2926,-23.8053],[152.2881,-23.8062],[152.2872,-23.8081]]],[[[152.8827,-25.5592],[152.8791,-25.5618],[152.8837,-25.5613],[152.8827,-25.5592]]],[[[149.0396,-20.2342],[149.0448,-20.2311],[149.0399,-20.2311],[149.0396,-20.2342]]],[[[149.1393,-20.677],[149.1404,-20.6726],[149.1385,-20.6735],[149.1393,-20.677]]],[[[149.1148,-20.2768],[149.1155,-20.2794],[149.1164,-20.273],[149.1148,-20.2768]]],[[[150.3761,-22.0093],[150.3796,-22.0076],[150.3789,-22.0056],[150.3761,-22.0093]]],[[[153.3055,-27.7141],[153.3095,-27.7129],[153.302,-27.7122],[153.3055,-27.7141]]],[[[151.2631,-23.7982],[151.265,-23.8017],[151.264,-23.796],[151.2631,-23.7982]]],[[[145.5584,-16.384],[145.5621,-16.3841],[145.5628,-16.3817],[145.5584,-16.384]]],[[[153.3842,-27.7996],[153.387,-27.7987],[153.3842,-27.796],[153.3842,-27.7996]]],[[[139.362,-16.9557],[139.3648,-16.9569],[139.3636,-16.9527],[139.362,-16.9557]]],[[[142.1539,-9.2353],[142.1571,-9.2325],[142.1573,-9.2288],[142.1539,-9.2353]]],[[[142.2103,-9.9576],[142.2119,-9.9574],[142.2085,-9.9523],[142.2103,-9.9576]]],[[[152.8861,-25.5866],[152.8853,-25.5931],[152.887,-25.5918],[152.8861,-25.5866]]],[[[150.2568,-21.488],[150.2583,-21.4852],[150.2543,-21.4872],[150.2568,-21.488]]],[[[149.9402,-22.2298],[149.9421,-22.2282],[149.9412,-22.2254],[149.9402,-22.2298]]],[[[153.2906,-27.5302],[153.2953,-27.5315],[153.2908,-27.5269],[153.2906,-27.5302]]],[[[144.2538,-14.0719],[144.2581,-14.0735],[144.2563,-14.0709],[144.2538,-14.0719]]],[[[143.4161,-12.2942],[143.4196,-12.2967],[143.4182,-12.2927],[143.4161,-12.2942]]],[[[148.7937,-20.2992],[148.7961,-20.3004],[148.7975,-20.2974],[148.7937,-20.2992]]],[[[143.1792,-11.7013],[143.181,-11.7049],[143.1806,-11.699],[143.1792,-11.7013]]],[[[148.8176,-20.5045],[148.8218,-20.5041],[148.8179,-20.5029],[148.8176,-20.5045]]],[[[148.8516,-20.2675],[148.8528,-20.2702],[148.8537,-20.2645],[148.8516,-20.2675]]],[[[142.2112,-9.9515],[142.2118,-9.9466],[142.2087,-9.9509],[142.2112,-9.9515]]],[[[150.8165,-23.5195],[150.822,-23.5219],[150.8157,-23.5179],[150.8165,-23.5195]]],[[[149.1381,-20.7149],[149.1406,-20.7093],[149.1371,-20.7122],[149.1381,-20.7149]]],[[[143.0275,-9.9971],[143.0321,-9.9973],[143.0262,-9.9955],[143.0275,-9.9971]]],[[[146.3044,-18.1586],[146.3066,-18.157],[146.3025,-18.156],[146.3044,-18.1586]]],[[[143.3948,-9.9563],[143.3985,-9.9544],[143.3988,-9.9524],[143.3948,-9.9563]]],[[[149.7862,-21.8164],[149.7898,-21.8176],[149.7851,-21.8141],[149.7862,-21.8164]]],[[[146.1984,-18.0373],[146.2018,-18.0387],[146.2032,-18.0373],[146.1984,-18.0373]]],[[[150.7968,-22.5623],[150.7969,-22.5645],[150.7998,-22.5645],[150.7968,-22.5623]]],[[[149.8492,-22.1492],[149.8528,-22.1462],[149.8495,-22.1465],[149.8492,-22.1492]]],[[[149.1531,-20.6533],[149.1528,-20.6495],[149.1511,-20.6519],[149.1531,-20.6533]]],[[[148.7091,-20.1108],[148.7099,-20.1049],[148.7079,-20.1071],[148.7091,-20.1108]]],[[[144.2495,-14.2111],[144.2529,-14.2108],[144.2511,-14.2088],[144.2495,-14.2111]]],[[[142.3435,-10.7173],[142.3441,-10.7132],[142.342,-10.7145],[142.3435,-10.7173]]],[[[149.7182,-21.5104],[149.7198,-21.5129],[149.7189,-21.5075],[149.7182,-21.5104]]],[[[150.5351,-22.4222],[150.5338,-22.4237],[150.537,-22.4279],[150.5351,-22.4222]]],[[[143.4064,-9.8241],[143.4088,-9.8224],[143.4087,-9.819],[143.4064,-9.8241]]],[[[150.9628,-22.6546],[150.9599,-22.6555],[150.9586,-22.658],[150.9628,-22.6546]]],[[[149.614,-22.0548],[149.6158,-22.0539],[149.6125,-22.0513],[149.614,-22.0548]]],[[[153.1216,-26.8727],[153.1246,-26.8703],[153.1219,-26.8696],[153.1216,-26.8727]]],[[[144.8786,-14.4183],[144.882,-14.4157],[144.8785,-14.4163],[144.8786,-14.4183]]],[[[152.9126,-25.6033],[152.91,-25.602],[152.9113,-25.6064],[152.9126,-25.6033]]],[[[153.4379,-27.7692],[153.4339,-27.7712],[153.4374,-27.771],[153.4379,-27.7692]]],[[[150.4553,-22.3092],[150.4496,-22.3061],[150.4557,-22.3112],[150.4553,-22.3092]]],[[[152.9522,-25.601],[152.9546,-25.5979],[152.9517,-25.5982],[152.9522,-25.601]]],[[[143.2402,-11.996],[143.2443,-11.997],[143.2412,-11.9941],[143.2402,-11.996]]],[[[152.9499,-25.5605],[152.9541,-25.559],[152.95,-25.5556],[152.9499,-25.5605]]],[[[143.3056,-9.8654],[143.3087,-9.8641],[143.3096,-9.8614],[143.3056,-9.8654]]],[[[149.1122,-20.4926],[149.1102,-20.486],[149.1102,-20.4915],[149.1122,-20.4926]]],[[[151.4685,-24.0628],[151.4714,-24.0627],[151.4696,-24.0606],[151.4685,-24.0628]]],[[[143.1693,-9.8698],[143.1738,-9.8688],[143.1708,-9.8676],[143.1693,-9.8698]]],[[[152.8813,-25.5891],[152.8831,-25.5915],[152.8821,-25.5846],[152.8813,-25.5891]]],[[[152.4944,-24.9279],[152.491,-24.9263],[152.4956,-24.9316],[152.4944,-24.9279]]],[[[142.4381,-10.4636],[142.4417,-10.4615],[142.4376,-10.4608],[142.4381,-10.4636]]],[[[149.0046,-20.4248],[149.0082,-20.4267],[149.0075,-20.4221],[149.0046,-20.4248]]],[[[142.3573,-10.1161],[142.3605,-10.1183],[142.3597,-10.1151],[142.3573,-10.1161]]],[[[150.465,-22.3345],[150.4629,-22.3399],[150.465,-22.3389],[150.465,-22.3345]]],[[[144.8908,-14.4642],[144.895,-14.4662],[144.8925,-14.4624],[144.8908,-14.4642]]],[[[153.1046,-27.0366],[153.1083,-27.0389],[153.107,-27.0365],[153.1046,-27.0366]]],[[[142.4078,-10.7437],[142.4115,-10.7394],[142.411,-10.7378],[142.4078,-10.7437]]],[[[142.3526,-10.5464],[142.3551,-10.5439],[142.3523,-10.5434],[142.3526,-10.5464]]],[[[151.4611,-24.0582],[151.4587,-24.0567],[151.458,-24.0585],[151.4611,-24.0582]]],[[[149.0867,-20.535],[149.0878,-20.5296],[149.0863,-20.5317],[149.0867,-20.535]]],[[[147.3688,-19.3509],[147.3711,-19.3491],[147.3735,-19.3395],[147.3688,-19.3509]]],[[[151.6628,-24.0522],[151.6661,-24.0507],[151.665,-24.0497],[151.6628,-24.0522]]],[[[153.0368,-25.8355],[153.0395,-25.835],[153.0373,-25.8334],[153.0368,-25.8355]]],[[[150.6682,-21.9915],[150.6711,-21.9926],[150.6681,-21.9884],[150.6682,-21.9915]]],[[[142.1172,-10.1891],[142.1186,-10.1938],[142.1173,-10.1875],[142.1172,-10.1891]]],[[[150.7345,-22.4404],[150.7364,-22.4377],[150.7358,-22.4357],[150.7345,-22.4404]]],[[[145.2034,-14.7055],[145.206,-14.7044],[145.2018,-14.7031],[145.2034,-14.7055]]],[[[152.9158,-25.5704],[152.9167,-25.5683],[152.9135,-25.5684],[152.9158,-25.5704]]],[[[148.6253,-20.0162],[148.6266,-20.0196],[148.6253,-20.0142],[148.6253,-20.0162]]],[[[146.1581,-17.6549],[146.1604,-17.6571],[146.1555,-17.6507],[146.1581,-17.6549]]],[[[146.6682,-18.7753],[146.6647,-18.7778],[146.6676,-18.7777],[146.6682,-18.7753]]],[[[144.3551,-14.2516],[144.3519,-14.2536],[144.3518,-14.2559],[144.3551,-14.2516]]],[[[149.4756,-20.9306],[149.4748,-20.9267],[149.4737,-20.9298],[149.4756,-20.9306]]],[[[153.3233,-27.6103],[153.325,-27.6097],[153.3254,-27.6058],[153.3233,-27.6103]]],[[[149.9294,-22.2603],[149.9299,-22.2562],[149.9283,-22.2592],[149.9294,-22.2603]]],[[[153.4001,-27.8581],[153.4032,-27.863],[153.4022,-27.8591],[153.4001,-27.8581]]],[[[143.6532,-9.5692],[143.6553,-9.5662],[143.6511,-9.5683],[143.6532,-9.5692]]],[[[153.4209,-27.8083],[153.4221,-27.8042],[153.4205,-27.8058],[153.4209,-27.8083]]],[[[150.7748,-22.4817],[150.7757,-22.4806],[150.7727,-22.4771],[150.7748,-22.4817]]],[[[148.997,-20.3583],[148.9963,-20.3598],[148.9996,-20.3545],[148.997,-20.3583]]],[[[152.9996,-25.9692],[153.0037,-25.9679],[152.9998,-25.9677],[152.9996,-25.9692]]],[[[153.4017,-27.8276],[153.404,-27.8267],[153.402,-27.8249],[153.4017,-27.8276]]],[[[150.9701,-23.1975],[150.9722,-23.2016],[150.9721,-23.1971],[150.9701,-23.1975]]],[[[143.3191,-10.1077],[143.3216,-10.1051],[143.3186,-10.1058],[143.3191,-10.1077]]],[[[152.0906,-23.5082],[152.0918,-23.5055],[152.0897,-23.5063],[152.0906,-23.5082]]],[[[152.9014,-25.5492],[152.8978,-25.5497],[152.8988,-25.5517],[152.9014,-25.5492]]],[[[143.7918,-14.2264],[143.7957,-14.2261],[143.7955,-14.2239],[143.7918,-14.2264]]],[[[142.1552,-9.2289],[142.1578,-9.226],[142.1548,-9.2261],[142.1552,-9.2289]]],[[[150.0099,-22.6168],[150.0118,-22.6143],[150.0091,-22.6145],[150.0099,-22.6168]]],[[[146.1967,-18.0419],[146.1992,-18.0436],[146.1987,-18.0405],[146.1967,-18.0419]]],[[[146.2885,-18.149],[146.2892,-18.1501],[146.2937,-18.1507],[146.2885,-18.149]]],[[[148.8511,-20.2826],[148.8487,-20.2813],[148.8511,-20.2854],[148.8511,-20.2826]]],[[[145.3766,-14.6987],[145.3809,-14.6951],[145.3755,-14.6969],[145.3766,-14.6987]],[[142.3182,-10.8393],[142.3165,-10.8423],[142.319,-10.8357],[142.3182,-10.8393]]],[[[149.6574,-21.3727],[149.6602,-21.3705],[149.6566,-21.3707],[149.6574,-21.3727]]],[[[142.2649,-10.0753],[142.2642,-10.071],[142.2637,-10.075],[142.2649,-10.0753]]],[[[142.3856,-10.7684],[142.3874,-10.7687],[142.387,-10.7659],[142.3856,-10.7684]]],[[[142.1097,-10.3476],[142.1113,-10.3472],[142.1105,-10.3431],[142.1097,-10.3476]]],[[[139.3787,-17.0304],[139.3812,-17.0299],[139.3829,-17.0247],[139.3787,-17.0304]]],[[[142.828,-10.2552],[142.8322,-10.2539],[142.8266,-10.2543],[142.828,-10.2552]]],[[[146.1707,-17.6752],[146.1675,-17.6722],[146.1677,-17.6745],[146.1707,-17.6752]]],[[[142.3625,-10.3682],[142.3647,-10.3676],[142.3622,-10.3654],[142.3625,-10.3682]]],[[[149.101,-20.4359],[149.1029,-20.4378],[149.1022,-20.4318],[149.101,-20.4359]]],[[[153.319,-27.7077],[153.311,-27.7104],[153.3166,-27.7092],[153.319,-27.7077]]],[[[149.5454,-21.0305],[149.5484,-21.0313],[149.5457,-21.0281],[149.5454,-21.0305]]],[[[151.2274,-23.802],[151.2304,-23.8018],[151.2293,-23.799],[151.2274,-23.802]]],[[[151.9557,-23.3335],[151.9584,-23.3333],[151.9599,-23.3313],[151.9557,-23.3335]]],[[[153.1111,-26.8787],[153.1121,-26.8813],[153.1133,-26.8786],[153.1111,-26.8787]]],[[[149.6368,-21.6766],[149.6388,-21.6728],[149.637,-21.6731],[149.6368,-21.6766]]],[[[143.7177,-13.6547],[143.7194,-13.6555],[143.7217,-13.6534],[143.7177,-13.6547]]],[[[151.0985,-23.4833],[151.1031,-23.4817],[151.1,-23.4812],[151.0985,-23.4833]]],[[[142.6084,-10.6131],[142.6116,-10.6116],[142.6083,-10.611],[142.6084,-10.6131]]],[[[146.0769,-17.2072],[146.0777,-17.204],[146.0749,-17.205],[146.0769,-17.2072]]],[[[149.8308,-22.0257],[149.8314,-22.0242],[149.8277,-22.0244],[149.8308,-22.0257]]],[[[143.3144,-11.838],[143.3169,-11.8363],[143.3151,-11.8355],[143.3144,-11.838]]],[[[153.0469,-25.872],[153.0499,-25.8732],[153.0487,-25.8704],[153.0469,-25.872]]],[[[149.0601,-20.9208],[149.0589,-20.923],[149.0614,-20.9231],[149.0601,-20.9208]]],[[[143.7214,-13.4954],[143.7245,-13.4916],[143.7217,-13.4933],[143.7214,-13.4954]]],[[[148.8458,-20.4232],[148.8423,-20.4234],[148.8472,-20.4245],[148.8458,-20.4232]]],[[[149.8264,-21.6061],[149.8273,-21.6034],[149.8253,-21.6028],[149.8264,-21.6061]]],[[[152.8841,-25.5732],[152.8858,-25.5725],[152.8851,-25.5696],[152.8841,-25.5732]]],[[[150.0125,-22.6265],[150.0144,-22.6286],[150.0126,-22.6232],[150.0125,-22.6265]]],[[[151.0499,-23.4315],[151.0504,-23.4256],[151.0488,-23.4271],[151.0499,-23.4315]]],[[[150.8495,-23.3175],[150.8507,-23.3161],[150.8479,-23.3148],[150.8495,-23.3175]]],[[[150.8986,-23.1001],[150.9012,-23.0983],[150.8973,-23.098],[150.8986,-23.1001]]],[[[151.2454,-23.8128],[151.2472,-23.8116],[151.2451,-23.8079],[151.2454,-23.8128]]],[[[151.727,-24.0451],[151.7235,-24.0481],[151.724,-24.0493],[151.727,-24.0451]]],[[[142.2375,-9.9773],[142.2403,-9.9779],[142.2388,-9.9758],[142.2375,-9.9773]]],[[[153.0631,-26.9159],[153.0648,-26.9122],[153.0625,-26.9133],[153.0631,-26.9159]]],[[[146.5246,-18.8275],[146.5282,-18.8285],[146.527,-18.8266],[146.5246,-18.8275]]],[[[143.0283,-11.3793],[143.0302,-11.3793],[143.0275,-11.3768],[143.0283,-11.3793]]],[[[144.648,-14.3447],[144.6502,-14.3452],[144.6464,-14.3422],[144.648,-14.3447]]],[[[150.6807,-22.5709],[150.6828,-22.5717],[150.6788,-22.5659],[150.6807,-22.5709]]],[[[142.9376,-11.5925],[142.9462,-11.5928],[142.9428,-11.5908],[142.9376,-11.5925]]],[[[149.6695,-21.7184],[149.6721,-21.7165],[149.6699,-21.7162],[149.6695,-21.7184]]],[[[145.4477,-15.0257],[145.4484,-15.023],[145.4468,-15.0218],[145.4477,-15.0257]]],[[[152.9022,-25.5739],[152.8994,-25.5747],[152.9041,-25.5737],[152.9022,-25.5739]]],[[[150.9239,-23.3026],[150.9243,-23.3055],[150.9255,-23.3026],[150.9239,-23.3026]]],[[[149.0627,-20.613],[149.0658,-20.6144],[149.0629,-20.6115],[149.0627,-20.613]]],[[[143.0187,-11.1114],[143.0225,-11.1093],[143.0172,-11.1091],[143.0187,-11.1114]]],[[[153.0837,-26.8989],[153.0873,-26.8969],[153.0852,-26.8969],[153.0837,-26.8989]]],[[[152.8923,-25.5977],[152.894,-25.597],[152.8914,-25.5951],[152.8923,-25.5977]]],[[[153.3929,-27.8286],[153.3928,-27.8311],[153.3944,-27.8295],[153.3929,-27.8286]]],[[[146.0437,-17.527],[146.0461,-17.5276],[146.0475,-17.5256],[146.0437,-17.527]]],[[[152.9375,-25.5551],[152.9376,-25.5568],[152.9397,-25.5531],[152.9375,-25.5551]]],[[[141.9097,-10.6053],[141.912,-10.604],[141.9094,-10.6031],[141.9097,-10.6053]]],[[[151.1002,-23.4766],[151.101,-23.4791],[151.1044,-23.4805],[151.1002,-23.4766]]],[[[142.024,-10.8483],[142.0241,-10.8514],[142.0258,-10.8503],[142.024,-10.8483]]],[[[143.8334,-13.9089],[143.8361,-13.9118],[143.8352,-13.9085],[143.8334,-13.9089]]],[[[145.8958,-16.885],[145.8936,-16.8826],[145.8957,-16.8874],[145.8958,-16.885]]],[[[148.8999,-20.8651],[148.8975,-20.8665],[148.9025,-20.8655],[148.8999,-20.8651]]],[[[142.9309,-11.5923],[142.9348,-11.5903],[142.9313,-11.5909],[142.9309,-11.5923]]],[[[153.4288,-27.7805],[153.4297,-27.7822],[153.4312,-27.7807],[153.4288,-27.7805]]],[[[146.1393,-17.956],[146.1419,-17.9559],[146.1422,-17.9532],[146.1393,-17.956]]],[[[152.9081,-25.5777],[152.907,-25.5762],[152.9058,-25.5793],[152.9081,-25.5777]]],[[[143.2808,-11.8598],[143.2832,-11.8563],[143.281,-11.8565],[143.2808,-11.8598]]],[[[148.9582,-20.8723],[148.9608,-20.8708],[148.9607,-20.8688],[148.9582,-20.8723]]],[[[149.8405,-22.0347],[149.8436,-22.0345],[149.8443,-22.0326],[149.8405,-22.0347]]],[[[150.5861,-21.9835],[150.5872,-21.9805],[150.5857,-21.981],[150.5861,-21.9835]]],[[[149.5021,-21.6043],[149.5038,-21.6036],[149.5031,-21.602],[149.5021,-21.6043]]],[[[142.9914,-11.0081],[142.9947,-11.0083],[142.9916,-11.0067],[142.9914,-11.0081]]],[[[150.1271,-21.9517],[150.1273,-21.9492],[150.1253,-21.9511],[150.1271,-21.9517]]],[[[150.7404,-22.4037],[150.7431,-22.4063],[150.7427,-22.4046],[150.7404,-22.4037]]],[[[150.2283,-22.3087],[150.2299,-22.3081],[150.2291,-22.3059],[150.2283,-22.3087]]],[[[149.3995,-21.4909],[149.4019,-21.4891],[149.4002,-21.4884],[149.3995,-21.4909]]],[[[142.129,-10.0297],[142.1299,-10.0275],[142.1284,-10.026],[142.129,-10.0297]]],[[[148.8765,-20.7967],[148.8803,-20.7983],[148.8785,-20.7959],[148.8765,-20.7967]]],[[[153.042,-25.844],[153.0436,-25.8439],[153.0422,-25.8414],[153.042,-25.844]]],[[[144.2561,-14.0751],[144.2538,-14.0766],[144.2565,-14.0782],[144.2561,-14.0751]]],[[[149.9153,-22.3119],[149.9185,-22.3112],[149.9188,-22.3102],[149.9153,-22.3119]]],[[[149.7698,-21.6009],[149.7728,-21.6002],[149.7699,-21.5994],[149.7698,-21.6009]]],[[[153.1053,-27.065],[153.108,-27.0655],[153.1095,-27.0645],[153.1053,-27.065]]],[[[152.9105,-25.4219],[152.9073,-25.4211],[152.9098,-25.4231],[152.9105,-25.4219]]],[[[143.3196,-9.764],[143.3217,-9.7623],[143.3199,-9.7619],[143.3196,-9.764]]],[[[142.5967,-10.71],[142.5966,-10.7066],[142.5956,-10.7092],[142.5967,-10.71]]],[[[150.9537,-23.0652],[150.9543,-23.0627],[150.9525,-23.0634],[150.9537,-23.0652]]],[[[142.5314,-10.683],[142.5347,-10.6812],[142.532,-10.6813],[142.5314,-10.683]]],[[[150.8145,-23.356],[150.8123,-23.3584],[150.8176,-23.3575],[150.8145,-23.356]]],[[[150.3817,-21.9733],[150.383,-21.9717],[150.3803,-21.9709],[150.3817,-21.9733]]],[[[148.8429,-20.2799],[148.8446,-20.2801],[148.8449,-20.2784],[148.8429,-20.2799]]],[[[149.9127,-22.0597],[149.9146,-22.059],[149.914,-22.0572],[149.9127,-22.0597]]],[[[153.4007,-27.8293],[153.3989,-27.827],[153.3986,-27.8283],[153.4007,-27.8293]]],[[[152.9164,-25.5557],[152.9163,-25.5572],[152.9196,-25.556],[152.9164,-25.5557]]],[[[148.7916,-20.2962],[148.79,-20.2942],[148.7901,-20.2969],[148.7916,-20.2962]]],[[[148.85,-20.7881],[148.8515,-20.786],[148.8482,-20.7865],[148.85,-20.7881]]],[[[150.4376,-22.5122],[150.4387,-22.5104],[150.4373,-22.5085],[150.4376,-22.5122]]],[[[148.2974,-20.0827],[148.2997,-20.0807],[148.2985,-20.0803],[148.2974,-20.0827]]],[[[150.7613,-22.4697],[150.7623,-22.4682],[150.7596,-22.468],[150.7613,-22.4697]]],[[[143.4278,-9.6893],[143.431,-9.6881],[143.4325,-9.6862],[143.4278,-9.6893]]],[[[143.0339,-11.4501],[143.0348,-11.4463],[143.0332,-11.4486],[143.0339,-11.4501]]],[[[143.5458,-12.8875],[143.5484,-12.8848],[143.5465,-12.8845],[143.5458,-12.8875]]],[[[143.2521,-11.9701],[143.2553,-11.9702],[143.2525,-11.9685],[143.2521,-11.9701]]],[[[144.0058,-14.1261],[144.0069,-14.1234],[144.005,-14.1244],[144.0058,-14.1261]]],[[[149.8114,-21.5762],[149.8123,-21.5737],[149.8115,-21.5721],[149.8114,-21.5762]]],[[[150.1342,-21.9562],[150.1343,-21.9539],[150.1325,-21.9541],[150.1342,-21.9562]]],[[[144.8675,-14.5464],[144.8676,-14.5484],[144.8705,-14.5477],[144.8675,-14.5464]]],[[[150.7291,-22.4329],[150.7305,-22.4303],[150.7276,-22.4323],[150.7291,-22.4329]]],[[[144.3572,-14.2738],[144.3586,-14.2721],[144.357,-14.2705],[144.3572,-14.2738]]],[[[142.1604,-9.2291],[142.1609,-9.2267],[142.159,-9.226],[142.1604,-9.2291]]],[[[151.9147,-23.3057],[151.9171,-23.3042],[151.9148,-23.3041],[151.9147,-23.3057]]],[[[150.426,-21.7577],[150.4269,-21.756],[150.425,-21.7557],[150.426,-21.7577]]],[[[143.5976,-13.2742],[143.5962,-13.2747],[143.5984,-13.2771],[143.5976,-13.2742]]],[[[148.8731,-20.0805],[148.8741,-20.079],[148.8712,-20.0792],[148.8731,-20.0805]]],[[[152.8677,-25.4578],[152.8695,-25.455],[152.8691,-25.4538],[152.8677,-25.4578]]],[[[151.43,-24.0509],[151.4325,-24.0528],[151.4314,-24.0508],[151.43,-24.0509]]],[[[150.7572,-22.479],[150.7582,-22.4783],[150.7562,-22.4762],[150.7572,-22.479]]],[[[143.4166,-12.591],[143.4179,-12.5889],[143.4165,-12.5886],[143.4166,-12.591]]],[[[143.0384,-11.1938],[143.0393,-11.1963],[143.0427,-11.1959],[143.0384,-11.1938]]],[[[153.066,-26.921],[153.0651,-26.9241],[153.067,-26.9196],[153.066,-26.921]]],[[[148.9594,-20.3312],[148.9619,-20.3311],[148.9608,-20.3296],[148.9594,-20.3312]]],[[[142.1747,-9.9459],[142.1737,-9.9436],[142.1729,-9.9449],[142.1747,-9.9459]]],[[[142.1522,-9.2314],[142.1536,-9.2289],[142.1526,-9.2278],[142.1522,-9.2314]]],[[[150.1205,-21.9495],[150.1196,-21.9473],[150.1179,-21.9471],[150.1205,-21.9495]]],[[[150.2299,-22.2874],[150.2284,-22.2848],[150.2285,-22.2869],[150.2299,-22.2874]]],[[[142.6948,-10.8894],[142.6943,-10.8865],[142.692,-10.8871],[142.6948,-10.8894]]],[[[150.9234,-23.3019],[150.9243,-23.3008],[150.9202,-23.3005],[150.9234,-23.3019]]],[[[149.5953,-22.1434],[149.5966,-22.1423],[149.5944,-22.1417],[149.5953,-22.1434]]],[[[149.826,-21.3693],[149.8263,-21.3664],[149.825,-21.3678],[149.826,-21.3693]]],[[[139.2544,-16.23],[139.2526,-16.23],[139.2541,-16.2326],[139.2544,-16.23]]],[[[149.8247,-22.017],[149.8247,-22.0143],[149.8239,-22.0148],[149.8247,-22.017]]],[[[143.3953,-12.7503],[143.3968,-12.7494],[143.3959,-12.7481],[143.3953,-12.7503]]],[[[143.0575,-11.3731],[143.0607,-11.3767],[143.0587,-11.3724],[143.0575,-11.3731]]],[[[149.775,-22.3601],[149.7779,-22.3584],[149.7753,-22.3581],[149.775,-22.3601]]],[[[150.4479,-22.5214],[150.4487,-22.5201],[150.4468,-22.5186],[150.4479,-22.5214]]],[[[149.6585,-21.9844],[149.6574,-21.9846],[149.6596,-21.9879],[149.6585,-21.9844]]],[[[143.2255,-12.244],[143.2279,-12.245],[143.2278,-12.2435],[143.2255,-12.244]]],[[[150.2267,-21.6522],[150.2274,-21.649],[150.2265,-21.6494],[150.2267,-21.6522]]],[[[142.9921,-11.2383],[142.9928,-11.2361],[142.9906,-11.2368],[142.9921,-11.2383]]],[[[145.3344,-15.6075],[145.3369,-15.6063],[145.3352,-15.6057],[145.3344,-15.6075]]],[[[153.4097,-27.8495],[153.4084,-27.8482],[153.4092,-27.8514],[153.4097,-27.8495]]],[[[142.9652,-11.3809],[142.9679,-11.3841],[142.9677,-11.3806],[142.9652,-11.3809]]],[[[149.8778,-21.9815],[149.8794,-21.9807],[149.8783,-21.9793],[149.8778,-21.9815]]],[[[142.7552,-10.6573],[142.751,-10.6569],[142.7554,-10.6579],[142.7552,-10.6573]]],[[[143.107,-11.8915],[143.1086,-11.8896],[143.1076,-11.888],[143.107,-11.8915]]],[[[152.9039,-25.5614],[152.9046,-25.5639],[152.9058,-25.5637],[152.9039,-25.5614]]],[[[144.6969,-14.4748],[144.6987,-14.4732],[144.6958,-14.473],[144.6969,-14.4748]]],[[[152.9065,-25.5802],[152.9052,-25.5826],[152.9069,-25.5818],[152.9065,-25.5802]]],[[[148.8547,-20.7948],[148.8587,-20.7951],[148.8549,-20.7939],[148.8547,-20.7948]]],[[[147.0641,-19.2466],[147.0617,-19.2458],[147.0626,-19.2477],[147.0641,-19.2466]]],[[[151.277,-23.5338],[151.2779,-23.5317],[151.2755,-23.5329],[151.277,-23.5338]]],[[[152.3002,-23.8015],[152.3018,-23.8008],[152.2998,-23.7997],[152.3002,-23.8015]]],[[[150.1555,-21.9709],[150.1557,-21.9685],[150.1545,-21.9692],[150.1555,-21.9709]]],[[[142.089,-10.0919],[142.091,-10.0901],[142.089,-10.0901],[142.089,-10.0919]]],[[[143.603,-12.8857],[143.6049,-12.8876],[143.6038,-12.8845],[143.603,-12.8857]]],[[[150.7027,-21.9528],[150.7028,-21.951],[150.7011,-21.9508],[150.7027,-21.9528]]],[[[144.6531,-14.3471],[144.6523,-14.3446],[144.6511,-14.3448],[144.6531,-14.3471]]],[[[150.6886,-22.5589],[150.6906,-22.5567],[150.689,-22.5572],[150.6886,-22.5589]]],[[[150.309,-21.47],[150.3104,-21.4689],[150.3097,-21.4672],[150.309,-21.47]]],[[[153.0613,-25.8839],[153.0634,-25.8859],[153.0635,-25.8839],[153.0613,-25.8839]]],[[[150.3588,-22.1901],[150.36,-22.1898],[150.3586,-22.1869],[150.3588,-22.1901]]],[[[143.4052,-12.7596],[143.4055,-12.757],[143.404,-12.7586],[143.4052,-12.7596]]],[[[150.2892,-21.7489],[150.2902,-21.7479],[150.2881,-21.7471],[150.2892,-21.7489]]],[[[143.6941,-13.3691],[143.6954,-13.3687],[143.6947,-13.3672],[143.6941,-13.3691]]],[[[143.0992,-10.5184],[143.0986,-10.5203],[143.1005,-10.5197],[143.0992,-10.5184]]],[[[142.0674,-10.2239],[142.0665,-10.2209],[142.066,-10.2225],[142.0674,-10.2239]]],[[[150.4397,-22.2065],[150.4397,-22.2051],[150.4377,-22.2055],[150.4397,-22.2065]]],[[[142.9883,-11.7261],[142.9911,-11.7301],[142.9876,-11.7249],[142.9883,-11.7261]]],[[[150.4301,-21.7611],[150.4285,-21.7605],[150.4298,-21.7625],[150.4301,-21.7611]]],[[[152.9087,-25.6061],[152.908,-25.6079],[152.9094,-25.609],[152.9087,-25.6061]]],[[[144.8813,-14.1987],[144.8848,-14.198],[144.8818,-14.1977],[144.8813,-14.1987]]],[[[150.5393,-22.2668],[150.5422,-22.2663],[150.5392,-22.2653],[150.5393,-22.2668]]],[[[143.8759,-9.1437],[143.8775,-9.1429],[143.8742,-9.1425],[143.8759,-9.1437]]],[[[153.1194,-26.8769],[153.1212,-26.8757],[153.1202,-26.8735],[153.1194,-26.8769]]],[[[150.5374,-22.4312],[150.5376,-22.4288],[150.5363,-22.4297],[150.5374,-22.4312]]],[[[153.4151,-27.7974],[153.4171,-27.7966],[153.4155,-27.7962],[153.4151,-27.7974]]],[[[143.267,-11.9516],[143.2687,-11.9503],[143.2666,-11.9498],[143.267,-11.9516]]],[[[152.889,-25.5788],[152.8917,-25.5768],[152.8901,-25.5767],[152.889,-25.5788]]],[[[150.2958,-21.6733],[150.2969,-21.6714],[150.295,-21.672],[150.2958,-21.6733]]],[[[143.3023,-11.8466],[143.3009,-11.8468],[143.3008,-11.8485],[143.3023,-11.8466]]],[[[148.871,-20.8053],[148.8734,-20.8037],[148.8716,-20.804],[148.871,-20.8053]]],[[[152.8827,-25.5548],[152.885,-25.5524],[152.8832,-25.5534],[152.8827,-25.5548]]],[[[150.359,-22.1946],[150.3618,-22.1943],[150.3588,-22.1932],[150.359,-22.1946]]],[[[143.2629,-11.9705],[143.2639,-11.9694],[143.2632,-11.9669],[143.2629,-11.9705]]],[[[150.7181,-22.3402],[150.7192,-22.3382],[150.7175,-22.3391],[150.7181,-22.3402]]],[[[145.1924,-14.7146],[145.1946,-14.7132],[145.1931,-14.7129],[145.1924,-14.7146]]],[[[150.1549,-21.985],[150.1543,-21.9826],[150.1532,-21.9841],[150.1549,-21.985]]],[[[151.2717,-23.5371],[151.272,-23.5348],[151.2704,-23.535],[151.2717,-23.5371]]],[[[141.5685,-9.611],[141.5705,-9.6086],[141.5689,-9.6093],[141.5685,-9.611]]],[[[148.7954,-20.2874],[148.7962,-20.2889],[148.7963,-20.2869],[148.7954,-20.2874]]],[[[150.2217,-21.9203],[150.2221,-21.9188],[150.2209,-21.918],[150.2217,-21.9203]]],[[[144.5764,-14.2333],[144.578,-14.2314],[144.5763,-14.2319],[144.5764,-14.2333]]],[[[153.121,-26.8438],[153.1229,-26.8431],[153.1224,-26.8419],[153.121,-26.8438]]],[[[143.5971,-12.8856],[143.5983,-12.8833],[143.5961,-12.8846],[143.5971,-12.8856]]],[[[143.2179,-11.9852],[143.2192,-11.9844],[143.2166,-11.9835],[143.2179,-11.9852]]],[[[149.8084,-21.6285],[149.8102,-21.628],[149.8098,-21.6271],[149.8084,-21.6285]]],[[[142.6533,-10.6217],[142.6521,-10.6202],[142.6523,-10.6229],[142.6533,-10.6217]]],[[[150.6792,-22.5642],[150.6806,-22.5622],[150.6794,-22.5624],[150.6792,-22.5642]]],[[[139.4596,-16.6666],[139.459,-16.6689],[139.4604,-16.6679],[139.4596,-16.6666]]],[[[153.4148,-27.8005],[153.4164,-27.7984],[153.415,-27.7985],[153.4148,-27.8005]]],[[[152.9393,-25.3769],[152.9417,-25.3769],[152.9403,-25.3756],[152.9393,-25.3769]]],[[[144.9059,-14.5531],[144.9079,-14.5555],[144.9078,-14.5537],[144.9059,-14.5531]]],[[[142.2291,-10.3525],[142.2294,-10.3516],[142.2263,-10.351],[142.2291,-10.3525]]],[[[142.0536,-10.2192],[142.054,-10.2163],[142.0529,-10.2179],[142.0536,-10.2192]]],[[[146.1743,-17.6742],[146.1746,-17.6733],[146.1731,-17.6718],[146.1743,-17.6742]]],[[[152.9143,-25.4929],[152.9138,-25.4935],[152.9174,-25.4912],[152.9143,-25.4929]]],[[[149.8053,-21.8401],[149.8069,-21.8389],[149.8051,-21.8383],[149.8053,-21.8401]]],[[[144.8883,-14.4337],[144.8835,-14.4304],[144.8829,-14.4306],[144.8883,-14.4337]]],[[[151.4696,-24.0663],[151.4679,-24.0652],[151.4684,-24.0672],[151.4696,-24.0663]]],[[[151.2417,-23.8039],[151.243,-23.8039],[151.2412,-23.8021],[151.2417,-23.8039]]],[[[142.0922,-10.3177],[142.0929,-10.3154],[142.0913,-10.3169],[142.0922,-10.3177]]],[[[149.7334,-20.9482],[149.7343,-20.945],[149.7327,-20.9474],[149.7334,-20.9482]]],[[[150.4285,-21.7567],[150.4291,-21.7548],[150.4279,-21.755],[150.4285,-21.7567]]],[[[148.8922,-20.0849],[148.892,-20.082],[148.8915,-20.0842],[148.8922,-20.0849]]],[[[142.2553,-10.7371],[142.2554,-10.7348],[142.2541,-10.736],[142.2553,-10.7371]]],[[[153.0743,-27.0009],[153.076,-27.0005],[153.0747,-26.9996],[153.0743,-27.0009]]],[[[151.7711,-23.5029],[151.7727,-23.5021],[151.7704,-23.5018],[151.7711,-23.5029]]],[[[149.894,-21.9714],[149.8952,-21.9709],[149.8932,-21.9696],[149.894,-21.9714]]],[[[153.0971,-26.894],[153.0962,-26.8945],[153.1002,-26.8936],[153.0971,-26.894]]],[[[153.0872,-26.8995],[153.0894,-26.8981],[153.0875,-26.8983],[153.0872,-26.8995]]],[[[149.5987,-21.9586],[149.5995,-21.9575],[149.5979,-21.9568],[149.5987,-21.9586]]],[[[150.3132,-22.3286],[150.3143,-22.3283],[150.3129,-22.3269],[150.3132,-22.3286]]],[[[150.3322,-22.2281],[150.3323,-22.2258],[150.3308,-22.2271],[150.3322,-22.2281]]],[[[151.6734,-24.0545],[151.6765,-24.0563],[151.677,-24.0561],[151.6734,-24.0545]]],[[[149.2078,-20.7008],[149.2089,-20.7001],[149.2074,-20.6989],[149.2078,-20.7008]]],[[[150.7374,-22.6095],[150.7374,-22.6078],[150.7361,-22.6066],[150.7374,-22.6095]]],[[[150.8689,-23.2458],[150.8705,-23.2452],[150.8708,-23.2437],[150.8689,-23.2458]]],[[[150.3732,-22.2073],[150.3742,-22.2072],[150.373,-22.2049],[150.3732,-22.2073]]],[[[149.8204,-21.436],[149.8207,-21.434],[149.8198,-21.4337],[149.8204,-21.436]]],[[[149.1424,-20.2341],[149.1426,-20.2314],[149.1418,-20.2325],[149.1424,-20.2341]]],[[[149.2318,-20.7325],[149.2328,-20.7316],[149.2316,-20.7306],[149.2318,-20.7325]]],[[[148.8731,-20.0606],[148.8745,-20.0596],[148.8736,-20.0585],[148.8731,-20.0606]]],[[[146.1526,-17.7802],[146.154,-17.7795],[146.1544,-17.7774],[146.1526,-17.7802]]],[[[146.0061,-16.922],[146.0065,-16.9235],[146.0076,-16.9216],[146.0061,-16.922]]],[[[139.1196,-16.8591],[139.1214,-16.8615],[139.1212,-16.86],[139.1196,-16.8591]]],[[[149.3222,-21.3239],[149.324,-21.3224],[149.3225,-21.3225],[149.3222,-21.3239]]],[[[149.8937,-21.9966],[149.894,-21.995],[149.8924,-21.996],[149.8937,-21.9966]]],[[[150.6485,-22.0284],[150.6495,-22.0274],[150.6481,-22.0265],[150.6485,-22.0284]]],[[[142.8978,-11.588],[142.9014,-11.5901],[142.9005,-11.5878],[142.8978,-11.588]]],[[[142.6371,-10.5988],[142.6387,-10.5986],[142.6378,-10.5968],[142.6371,-10.5988]]],[[[143.0306,-11.4811],[143.0311,-11.4793],[143.0297,-11.4793],[143.0306,-11.4811]]],[[[142.7596,-10.9975],[142.7582,-10.9982],[142.7595,-10.9993],[142.7596,-10.9975]]],[[[144.85,-14.3195],[144.8521,-14.3188],[144.8489,-14.3188],[144.85,-14.3195]]],[[[148.9427,-20.8638],[148.9444,-20.8624],[148.9439,-20.8614],[148.9427,-20.8638]]],[[[151.7277,-24.0618],[151.7291,-24.0612],[151.7274,-24.0603],[151.7277,-24.0618]]],[[[149.1262,-20.5488],[149.1271,-20.5456],[149.1261,-20.5473],[149.1262,-20.5488]]],[[[148.6953,-20.267],[148.6963,-20.2663],[148.6962,-20.2646],[148.6953,-20.267]]],[[[150.8335,-23.2874],[150.8345,-23.2873],[150.8345,-23.2855],[150.8335,-23.2874]]],[[[151.6259,-24.0166],[151.6261,-24.0143],[151.6251,-24.016],[151.6259,-24.0166]]],[[[146.0794,-17.209],[146.0777,-17.2084],[146.0785,-17.2104],[146.0794,-17.209]]],[[[146.0939,-17.2233],[146.095,-17.2225],[146.0939,-17.2213],[146.0939,-17.2233]]],[[[142.1628,-9.9339],[142.1643,-9.9353],[142.1644,-9.9338],[142.1628,-9.9339]]],[[[149.5774,-21.9578],[149.5787,-21.9572],[149.5778,-21.9561],[149.5774,-21.9578]]],[[[151.3359,-23.8387],[151.3385,-23.84],[151.3372,-23.8381],[151.3359,-23.8387]]],[[[149.1867,-20.6003],[149.187,-20.5995],[149.1846,-20.5986],[149.1867,-20.6003]]],[[[153.1158,-26.6147],[153.1131,-26.6141],[153.1148,-26.6153],[153.1158,-26.6147]]],[[[153.0349,-25.905],[153.0369,-25.9035],[153.035,-25.9034],[153.0349,-25.905]]],[[[150.8773,-23.0376],[150.8786,-23.0374],[150.8783,-23.0357],[150.8773,-23.0376]]],[[[149.1612,-20.2362],[149.1606,-20.2337],[149.16,-20.2356],[149.1612,-20.2362]]],[[[153.3839,-27.516],[153.3838,-27.5175],[153.3849,-27.5148],[153.3839,-27.516]]],[[[141.8935,-11.9999],[141.8947,-11.9987],[141.8931,-11.9986],[141.8935,-11.9999]]],[[[142.9754,-11.7281],[142.978,-11.7279],[142.9767,-11.7272],[142.9754,-11.7281]]],[[[153.4036,-27.8214],[153.4045,-27.8205],[153.4045,-27.8188],[153.4036,-27.8214]]],[[[152.8888,-25.5765],[152.8902,-25.5745],[152.8891,-25.5747],[152.8888,-25.5765]]],[[[150.1639,-22.0129],[150.1643,-22.0114],[150.1632,-22.0107],[150.1639,-22.0129]]],[[[149.7995,-21.8265],[149.7989,-21.8237],[149.7987,-21.8255],[149.7995,-21.8265]]],[[[153.0069,-25.3569],[153.0049,-25.3535],[153.0042,-25.3531],[153.0069,-25.3569]]],[[[151.0847,-23.1544],[151.0867,-23.1546],[151.0864,-23.1537],[151.0847,-23.1544]]],[[[149.6604,-21.9512],[149.6617,-21.9496],[149.6599,-21.9503],[149.6604,-21.9512]]],[[[152.954,-25.5097],[152.9553,-25.5086],[152.9549,-25.5068],[152.954,-25.5097]]],[[[147.0467,-19.2754],[147.0498,-19.2743],[147.0472,-19.2744],[147.0467,-19.2754]]],[[[143.3043,-11.8504],[143.3056,-11.8498],[143.3051,-11.8487],[143.3043,-11.8504]]],[[[150.6912,-21.9422],[150.6924,-21.9401],[150.6911,-21.9406],[150.6912,-21.9422]]],[[[152.9421,-25.3727],[152.9405,-25.3747],[152.9409,-25.3753],[152.9421,-25.3727]]],[[[152.3664,-23.8641],[152.367,-23.8631],[152.3657,-23.8624],[152.3664,-23.8641]]],[[[151.7369,-24.0337],[151.7367,-24.0321],[151.7356,-24.0331],[151.7369,-24.0337]]],[[[143.6129,-12.9856],[143.6132,-12.9842],[143.611,-12.9853],[143.6129,-12.9856]]],[[[153.0568,-26.9767],[153.0584,-26.9774],[153.0577,-26.9759],[153.0568,-26.9767]]],[[[144.901,-14.401],[144.9036,-14.4003],[144.9013,-14.4003],[144.901,-14.401]]],[[[151.4612,-24.0618],[151.4613,-24.0604],[151.4598,-24.0601],[151.4612,-24.0618]]],[[[142.4498,-10.496],[142.4516,-10.4964],[142.4502,-10.4948],[142.4498,-10.496]]],[[[145.4578,-15.731],[145.4592,-15.7297],[145.4582,-15.7295],[145.4578,-15.731]]],[[[149.1428,-20.2276],[149.1424,-20.2255],[149.1417,-20.2265],[149.1428,-20.2276]]],[[[152.9026,-25.4237],[152.9048,-25.4234],[152.9036,-25.4224],[152.9026,-25.4237]]],[[[151.3166,-23.7648],[151.3193,-23.7652],[151.3177,-23.764],[151.3166,-23.7648]]],[[[151.6703,-24.0547],[151.67,-24.0535],[151.6686,-24.0538],[151.6703,-24.0547]]],[[[142.3442,-10.1055],[142.3459,-10.1053],[142.3446,-10.1044],[142.3442,-10.1055]]],[[[153.4074,-27.8508],[153.408,-27.8503],[153.4073,-27.8479],[153.4074,-27.8508]]],[[[142.2103,-9.9617],[142.2111,-9.9596],[142.2096,-9.9609],[142.2103,-9.9617]]],[[[152.3684,-23.858],[152.3693,-23.8575],[152.3681,-23.8564],[152.3684,-23.858]]],[[[152.9103,-25.606],[152.9094,-25.605],[152.9113,-25.6075],[152.9103,-25.606]]],[[[142.1565,-9.2372],[142.1583,-9.2361],[142.1584,-9.2352],[142.1565,-9.2372]]],[[[148.44,-20.0628],[148.4418,-20.0633],[148.4403,-20.0618],[148.44,-20.0628]]],[[[146.2176,-18.4727],[146.2187,-18.472],[146.218,-18.4711],[146.2176,-18.4727]]],[[[149.3901,-21.4742],[149.3921,-21.4737],[149.3906,-21.4731],[149.3901,-21.4742]]],[[[152.9515,-25.5501],[152.9549,-25.5472],[152.9521,-25.549],[152.9515,-25.5501]]],[[[143.4123,-12.7815],[143.4121,-12.7805],[143.41,-12.7802],[143.4123,-12.7815]]],[[[150.1976,-21.9656],[150.1994,-21.9666],[150.1989,-21.9654],[150.1976,-21.9656]]],[[[150.4042,-22.4946],[150.4065,-22.4932],[150.4058,-22.4929],[150.4042,-22.4946]]],[[[150.7108,-22.6262],[150.7118,-22.6259],[150.7109,-22.6248],[150.7108,-22.6262]]],[[[149.6688,-21.9858],[149.6696,-21.9861],[149.6678,-21.9844],[149.6688,-21.9858]]],[[[142.0949,-10.0772],[142.0958,-10.0769],[142.0954,-10.0754],[142.0949,-10.0772]]],[[[150.7641,-22.4489],[150.7634,-22.4476],[150.7623,-22.4479],[150.7641,-22.4489]]],[[[150.425,-22.2497],[150.427,-22.249],[150.4248,-22.2489],[150.425,-22.2497]]],[[[142.4923,-10.6962],[142.4927,-10.6943],[142.4917,-10.6942],[142.4923,-10.6962]]],[[[142.0741,-10.1163],[142.0743,-10.1187],[142.0749,-10.1185],[142.0741,-10.1163]]],[[[143.6621,-9.6129],[143.6633,-9.6124],[143.6612,-9.6118],[143.6621,-9.6129]]],[[[149.6525,-21.9591],[149.6534,-21.9586],[149.6529,-21.9575],[149.6525,-21.9591]]],[[[149.6596,-21.9592],[149.6602,-21.9577],[149.6591,-21.9573],[149.6596,-21.9592]]],[[[142.3694,-10.713],[142.3698,-10.7137],[142.371,-10.7128],[142.3694,-10.713]]],[[[145.0853,-14.7368],[145.0838,-14.7361],[145.0833,-14.7367],[145.0853,-14.7368]]],[[[150.77,-22.5181],[150.7721,-22.5176],[150.7706,-22.517],[150.77,-22.5181]]],[[[142.9924,-11.738],[142.9933,-11.7385],[142.9927,-11.7362],[142.9924,-11.738]]],[[[153.0679,-26.9728],[153.0695,-26.9732],[153.0685,-26.972],[153.0679,-26.9728]]],[[[150.7311,-22.4272],[150.7319,-22.4259],[150.7305,-22.4263],[150.7311,-22.4272]]],[[[148.9595,-20.8684],[148.9595,-20.8668],[148.9588,-20.8671],[148.9595,-20.8684]]],[[[152.8395,-25.4866],[152.8425,-25.4867],[152.8391,-25.4864],[152.8395,-25.4866]]],[[[150.8808,-23.0474],[150.8812,-23.0464],[150.8789,-23.0463],[150.8808,-23.0474]]],[[[145.1998,-14.7206],[145.2012,-14.7215],[145.2026,-14.7211],[145.1998,-14.7206]]],[[[143.6169,-12.9851],[143.6158,-12.9848],[143.617,-12.9876],[143.6169,-12.9851]]],[[[146.1595,-17.7463],[146.1605,-17.7454],[146.1596,-17.7445],[146.1595,-17.7463]]],[[[153.3996,-27.8243],[153.4012,-27.8249],[153.3995,-27.8236],[153.3996,-27.8243]]],[[[153.4153,-27.8657],[153.4156,-27.8677],[153.4161,-27.8666],[153.4153,-27.8657]]],[[[148.7587,-20.6734],[148.7584,-20.6717],[148.7579,-20.673],[148.7587,-20.6734]]],[[[142.1768,-9.9366],[142.1793,-9.937],[142.1787,-9.936],[142.1768,-9.9366]]],[[[152.9257,-25.2885],[152.9272,-25.2874],[152.9256,-25.2878],[152.9257,-25.2885]]],[[[142.7556,-11.0253],[142.7565,-11.0246],[142.7543,-11.0244],[142.7556,-11.0253]]],[[[145.1789,-14.7304],[145.1794,-14.729],[145.1786,-14.7292],[145.1789,-14.7304]]],[[[149.2698,-20.7572],[149.2701,-20.7553],[149.2695,-20.7557],[149.2698,-20.7572]]],[[[150.2749,-21.6841],[150.2759,-21.683],[150.2745,-21.6832],[150.2749,-21.6841]]],[[[149.0889,-20.5067],[149.0896,-20.5056],[149.0883,-20.5058],[149.0889,-20.5067]]],[[[139.1345,-16.7912],[139.1355,-16.7899],[139.1341,-16.7905],[139.1345,-16.7912]]],[[[139.1397,-16.79],[139.1402,-16.7889],[139.1385,-16.7889],[139.1397,-16.79]]],[[[151.2268,-23.8144],[151.2262,-23.8131],[151.2251,-23.8133],[151.2268,-23.8144]]],[[[152.8634,-25.4777],[152.864,-25.4756],[152.8632,-25.4765],[152.8634,-25.4777]]],[[[150.1428,-21.9939],[150.1428,-21.9925],[150.1419,-21.9933],[150.1428,-21.9939]]],[[[152.9485,-25.4801],[152.9499,-25.4795],[152.9498,-25.4786],[152.9485,-25.4801]]],[[[143.3864,-12.884],[143.3895,-12.8827],[143.3874,-12.8829],[143.3864,-12.884]]],[[[151.7326,-24.0183],[151.7333,-24.017],[151.7323,-24.0167],[151.7326,-24.0183]]],[[[143.8358,-13.957],[143.8369,-13.956],[143.8353,-13.956],[143.8358,-13.957]]],[[[152.8772,-25.593],[152.8786,-25.5934],[152.8792,-25.5922],[152.8772,-25.593]]],[[[142.4879,-10.2355],[142.4884,-10.2345],[142.4871,-10.2345],[142.4879,-10.2355]]],[[[150.805,-23.1733],[150.8053,-23.1721],[150.804,-23.1728],[150.805,-23.1733]]],[[[149.3035,-21.2934],[149.3032,-21.2921],[149.3025,-21.2927],[149.3035,-21.2934]]],[[[148.8557,-20.7832],[148.8562,-20.7826],[148.8545,-20.7821],[148.8557,-20.7832]]],[[[142.9887,-11.0057],[142.9896,-11.0052],[142.9894,-11.0039],[142.9887,-11.0057]]],[[[150.4493,-22.5226],[150.4506,-22.5211],[150.449,-22.522],[150.4493,-22.5226]]],[[[153.0927,-26.8978],[153.0938,-26.8983],[153.0943,-26.8976],[153.0927,-26.8978]]],[[[145.3048,-15.1329],[145.3058,-15.1328],[145.3036,-15.132],[145.3048,-15.1329]]],[[[153.4004,-27.8231],[153.4016,-27.823],[153.4001,-27.8223],[153.4004,-27.8231]]],[[[148.8406,-20.8235],[148.8418,-20.8228],[148.8399,-20.823],[148.8406,-20.8235]]],[[[145.5676,-16.3833],[145.5666,-16.382],[145.5662,-16.3824],[145.5676,-16.3833]]],[[[149.0974,-20.6815],[149.0972,-20.6794],[149.0966,-20.6811],[149.0974,-20.6815]]],[[[142.21,-9.963],[142.2094,-9.9616],[142.2092,-9.963],[142.21,-9.963]]],[[[150.446,-22.5195],[150.4448,-22.5181],[150.4464,-22.5211],[150.446,-22.5195]]],[[[142.4181,-10.7362],[142.4193,-10.7357],[142.4184,-10.7353],[142.4181,-10.7362]]],[[[145.3252,-15.1396],[145.3255,-15.1383],[145.3249,-15.1377],[145.3252,-15.1396]]],[[[148.94,-20.8625],[148.9404,-20.862],[148.9386,-20.8614],[148.94,-20.8625]]],[[[150.3028,-22.3085],[150.3029,-22.3075],[150.3017,-22.3078],[150.3028,-22.3085]]],[[[150.3342,-22.2274],[150.3346,-22.227],[150.3335,-22.2258],[150.3342,-22.2274]]],[[[149.6603,-21.9469],[149.6596,-21.9453],[149.6594,-21.9463],[149.6603,-21.9469]]],[[[146.326,-18.2357],[146.3263,-18.2347],[146.325,-18.235],[146.326,-18.2357]]],[[[144.764,-14.5003],[144.7641,-14.4996],[144.7617,-14.5],[144.764,-14.5003]]],[[[150.2594,-22.3417],[150.26,-22.3412],[150.2589,-22.3406],[150.2594,-22.3417]]],[[[142.5957,-10.7048],[142.5963,-10.703],[142.5955,-10.7036],[142.5957,-10.7048]]],[[[149.0721,-20.6255],[149.0729,-20.6253],[149.0723,-20.6243],[149.0721,-20.6255]]],[[[150.3433,-21.6757],[150.3441,-21.6749],[150.3428,-21.6747],[150.3433,-21.6757]]],[[[146.1684,-17.6678],[146.1685,-17.6665],[146.1678,-17.6673],[146.1684,-17.6678]]],[[[148.8458,-20.7925],[148.845,-20.7915],[148.8441,-20.792],[148.8458,-20.7925]]],[[[149.6587,-21.9548],[149.6586,-21.9534],[149.658,-21.9541],[149.6587,-21.9548]]],[[[142.212,-10.7651],[142.2126,-10.7634],[142.2117,-10.7638],[142.212,-10.7651]]],[[[142.3492,-10.8443],[142.3489,-10.8432],[142.3484,-10.844],[142.3492,-10.8443]]],[[[143.4887,-12.4045],[143.4895,-12.4056],[143.4896,-12.4033],[143.4887,-12.4045]]],[[[152.9481,-25.4558],[152.9487,-25.4564],[152.9494,-25.4549],[152.9481,-25.4558]]],[[[149.494,-21.4224],[149.495,-21.4217],[149.4937,-21.4217],[149.494,-21.4224]]],[[[152.9152,-25.5848],[152.916,-25.5851],[152.916,-25.5837],[152.9152,-25.5848]]],[[[149.0703,-20.662],[149.0708,-20.661],[149.0703,-20.6605],[149.0703,-20.662]]],[[[144.4831,-14.151],[144.4835,-14.1517],[144.4839,-14.1502],[144.4831,-14.151]]],[[[150.1526,-21.5329],[150.1533,-21.5314],[150.1522,-21.5318],[150.1526,-21.5329]]],[[[139.7729,-16.4402],[139.7733,-16.4396],[139.7712,-16.4397],[139.7729,-16.4402]]],[[[142.2165,-9.9729],[142.2171,-9.972],[142.2154,-9.972],[142.2165,-9.9729]]],[[[148.9374,-20.8602],[148.939,-20.8589],[148.9375,-20.8593],[148.9374,-20.8602]]],[[[150.3698,-22.2155],[150.3709,-22.2164],[150.371,-22.2157],[150.3698,-22.2155]]],[[[149.1154,-20.1973],[149.1157,-20.196],[149.1146,-20.1964],[149.1154,-20.1973]]],[[[144.8914,-14.4353],[144.8919,-14.4349],[144.89,-14.434],[144.8914,-14.4353]]],[[[150.5322,-22.3842],[150.5325,-22.3831],[150.5314,-22.3834],[150.5322,-22.3842]]],[[[144.698,-14.4765],[144.6994,-14.4755],[144.6981,-14.4755],[144.698,-14.4765]]],[[[150.1424,-21.9822],[150.1421,-21.9834],[150.1431,-21.9827],[150.1424,-21.9822]]],[[[142.6797,-10.6415],[142.6805,-10.6404],[142.6793,-10.6403],[142.6797,-10.6415]]],[[[144.5371,-14.1844],[144.5378,-14.1843],[144.5374,-14.183],[144.5371,-14.1844]]],[[[148.5799,-20.1458],[148.5814,-20.1443],[148.5809,-20.1443],[148.5799,-20.1458]]],[[[150.6915,-21.9395],[150.6917,-21.9377],[150.691,-21.939],[150.6915,-21.9395]]],[[[152.9044,-25.5419],[152.9035,-25.5418],[152.9035,-25.5427],[152.9044,-25.5419]]],[[[149.0164,-20.4204],[149.0167,-20.4192],[149.0159,-20.4192],[149.0164,-20.4204]]],[[[143.4628,-12.6222],[143.4634,-12.6221],[143.4633,-12.6207],[143.4628,-12.6222]]],[[[145.4665,-14.6919],[145.4656,-14.6915],[145.4652,-14.6923],[145.4665,-14.6919]]],[[[150.2857,-21.681],[150.2854,-21.6799],[150.2845,-21.6801],[150.2857,-21.681]]],[[[150.2301,-21.6524],[150.2306,-21.6514],[150.2294,-21.6517],[150.2301,-21.6524]]],[[[142.8728,-11.248],[142.8741,-11.2479],[142.8732,-11.247],[142.8728,-11.248]]],[[[152.8983,-25.424],[152.8969,-25.4242],[152.8986,-25.4245],[152.8983,-25.424]]],[[[142.9911,-11.7317],[142.9923,-11.7332],[142.9919,-11.7314],[142.9911,-11.7317]]],[[[153.1117,-26.8847],[153.1126,-26.8839],[153.1113,-26.8837],[153.1117,-26.8847]]],[[[150.4133,-21.7533],[150.4131,-21.7524],[150.4122,-21.7524],[150.4133,-21.7533]]],[[[145.1012,-14.7313],[145.1001,-14.7321],[145.1011,-14.7321],[145.1012,-14.7313]]],[[[153.3849,-27.8247],[153.3844,-27.825],[153.3849,-27.826],[153.3849,-27.8247]]],[[[145.3716,-15.0907],[145.3716,-15.089],[145.3711,-15.0903],[145.3716,-15.0907]]],[[[150.098,-22.032],[150.0985,-22.0313],[150.0978,-22.0309],[150.098,-22.032]]],[[[152.9413,-25.3683],[152.942,-25.3684],[152.9424,-25.3672],[152.9413,-25.3683]]],[[[144.4874,-14.1648],[144.4879,-14.1639],[144.4867,-14.164],[144.4874,-14.1648]]],[[[145.4475,-16.1708],[145.4484,-16.1706],[145.4479,-16.1698],[145.4475,-16.1708]]],[[[145.4189,-15.117],[145.4181,-15.1152],[145.4181,-15.116],[145.4189,-15.117]]],[[[150.3155,-21.7352],[150.3157,-21.7345],[150.3146,-21.7343],[150.3155,-21.7352]]],[[[143.8601,-9.4778],[143.8604,-9.4766],[143.8595,-9.4775],[143.8601,-9.4778]]],[[[153.414,-27.8027],[153.4144,-27.8017],[153.4136,-27.8021],[153.414,-27.8027]]],[[[142.9058,-10.1542],[142.9064,-10.1544],[142.9073,-10.1535],[142.9058,-10.1542]]],[[[150.1885,-21.9836],[150.1895,-21.9825],[150.1885,-21.9828],[150.1885,-21.9836]]],[[[145.3488,-15.5304],[145.3505,-15.5298],[145.3503,-15.5294],[145.3488,-15.5304]]],[[[150.4732,-22.2055],[150.4726,-22.2061],[150.473,-22.2066],[150.4732,-22.2055]]],[[[153.4094,-27.8122],[153.4102,-27.8107],[153.41,-27.8101],[153.4094,-27.8122]]],[[[150.7525,-22.4545],[150.7523,-22.4536],[150.7516,-22.4539],[150.7525,-22.4545]]],[[[153.4152,-27.8991],[153.4145,-27.8991],[153.4146,-27.8998],[153.4152,-27.8991]]],[[[139.8418,-16.7095],[139.8425,-16.7086],[139.8416,-16.7089],[139.8418,-16.7095]]],[[[142.2156,-9.9685],[142.2161,-9.9678],[142.2153,-9.9673],[142.2156,-9.9685]]],[[[153.0505,-25.8657],[153.051,-25.8654],[153.0499,-25.8647],[153.0505,-25.8657]]],[[[153.0305,-25.9385],[153.0314,-25.9389],[153.0317,-25.9381],[153.0305,-25.9385]]],[[[143.5717,-13.2167],[143.5726,-13.2168],[143.5715,-13.2159],[143.5717,-13.2167]]],[[[153.4359,-27.7722],[153.4367,-27.7712],[153.4358,-27.7715],[153.4359,-27.7722]]],[[[150.1946,-21.9789],[150.1942,-21.978],[150.1938,-21.9784],[150.1946,-21.9789]]],[[[144.5279,-14.1284],[144.5281,-14.128],[144.5267,-14.1269],[144.5279,-14.1284]]],[[[150.3255,-22.4281],[150.325,-22.4273],[150.3241,-22.4273],[150.3255,-22.4281]]],[[[144.9037,-14.5533],[144.9046,-14.5533],[144.9042,-14.5524],[144.9037,-14.5533]]],[[[148.8493,-20.4267],[148.8504,-20.4267],[148.8493,-20.4262],[148.8493,-20.4267]]],[[[142.9239,-10.1498],[142.9245,-10.1498],[142.9238,-10.1488],[142.9239,-10.1498]]],[[[150.6276,-22.3279],[150.6281,-22.3275],[150.6275,-22.3269],[150.6276,-22.3279]]],[[[149.2672,-20.7932],[149.2673,-20.7921],[149.2665,-20.792],[149.2672,-20.7932]]],[[[142.1522,-9.9609],[142.1522,-9.9616],[142.153,-9.9617],[142.1522,-9.9609]]],[[[152.9152,-25.4867],[152.9157,-25.4865],[152.9164,-25.4851],[152.9152,-25.4867]]],[[[150.2246,-21.6583],[150.2246,-21.6574],[150.2237,-21.6574],[150.2246,-21.6583]]],[[[139.8432,-16.7075],[139.8438,-16.7065],[139.8434,-16.7062],[139.8432,-16.7075]]],[[[142.8168,-10.1014],[142.8171,-10.1003],[142.8165,-10.1008],[142.8168,-10.1014]]],[[[150.3081,-21.4714],[150.3076,-21.4704],[150.3072,-21.4709],[150.3081,-21.4714]]],[[[152.9072,-25.5367],[152.9075,-25.5372],[152.9083,-25.5362],[152.9072,-25.5367]]],[[[143.55,-12.8862],[143.5501,-12.8853],[143.5494,-12.8857],[143.55,-12.8862]]],[[[147.0715,-19.2576],[147.0728,-19.2579],[147.0721,-19.2573],[147.0715,-19.2576]]],[[[142.1551,-9.2474],[142.1557,-9.247],[142.1551,-9.2463],[142.1551,-9.2474]]],[[[150.6591,-22.3432],[150.6594,-22.3427],[150.6587,-22.3423],[150.6591,-22.3432]]],[[[152.8846,-25.5603],[152.8849,-25.5597],[152.8842,-25.5593],[152.8846,-25.5603]]],[[[148.9432,-20.6614],[148.9433,-20.6606],[148.9427,-20.6608],[148.9432,-20.6614]]],[[[142.9932,-11.742],[142.9936,-11.7412],[142.9929,-11.7413],[142.9932,-11.742]]],[[[150.101,-22.0285],[150.1013,-22.0282],[150.1005,-22.0277],[150.101,-22.0285]]],[[[147.0623,-19.2725],[147.0627,-19.2731],[147.0636,-19.2731],[147.0623,-19.2725]]],[[[153.4156,-27.7863],[153.4163,-27.7857],[153.4156,-27.7856],[153.4156,-27.7863]]],[[[144.8814,-14.4296],[144.8817,-14.4292],[144.8805,-14.4288],[144.8814,-14.4296]]],[[[142.4466,-10.4959],[142.4474,-10.4947],[142.4466,-10.495],[142.4466,-10.4959]]],[[[150.0979,-22.0466],[150.0976,-22.0454],[150.0973,-22.0457],[150.0979,-22.0466]]],[[[146.1362,-17.9252],[146.1357,-17.9242],[146.1355,-17.9248],[146.1362,-17.9252]]],[[[153.1448,-27.0763],[153.1456,-27.0765],[153.1451,-27.0758],[153.1448,-27.0763]]],[[[152.881,-25.5941],[152.8807,-25.5928],[152.8805,-25.5935],[152.881,-25.5941]]],[[[142.0807,-10.1001],[142.0814,-10.0998],[142.0812,-10.099],[142.0807,-10.1001]]],[[[142.0269,-10.8521],[142.0279,-10.8514],[142.0267,-10.8516],[142.0269,-10.8521]]],[[[144.5132,-14.1228],[144.5143,-14.122],[144.5134,-14.1223],[144.5132,-14.1228]]],[[[153.0541,-25.8698],[153.0557,-25.871],[153.055,-25.8701],[153.0541,-25.8698]]],[[[152.9037,-25.5016],[152.9041,-25.5018],[152.9043,-25.501],[152.9037,-25.5016]]],[[[150.2868,-21.6786],[150.2874,-21.6778],[150.2865,-21.6781],[150.2868,-21.6786]]],[[[144.4839,-14.1404],[144.4844,-14.14],[144.4839,-14.1396],[144.4839,-14.1404]]],[[[143.6138,-12.9938],[143.6134,-12.9925],[143.6129,-12.9923],[143.6138,-12.9938]]],[[[144.5408,-14.1833],[144.5414,-14.1824],[144.5407,-14.1824],[144.5408,-14.1833]]],[[[146.2876,-18.1475],[146.2872,-18.1463],[146.287,-18.1471],[146.2876,-18.1475]]],[[[150.442,-21.7662],[150.442,-21.7655],[150.4409,-21.7656],[150.442,-21.7662]]],[[[145.6945,-16.7315],[145.6955,-16.7314],[145.6949,-16.731],[145.6945,-16.7315]]],[[[152.9077,-25.5694],[152.9082,-25.569],[152.9077,-25.5686],[152.9077,-25.5694]]],[[[149.2452,-21.0966],[149.2455,-21.0963],[149.2441,-21.0962],[149.2452,-21.0966]]],[[[150.0992,-21.9399],[150.0995,-21.9392],[150.0986,-21.9393],[150.0992,-21.9399]]],[[[142.9165,-10.151],[142.917,-10.1499],[142.9162,-10.1508],[142.9165,-10.151]]],[[[150.2945,-21.674],[150.2947,-21.6729],[150.294,-21.6732],[150.2945,-21.674]]],[[[150.0512,-22.1309],[150.0518,-22.1304],[150.0512,-22.1301],[150.0512,-22.1309]]],[[[142.9933,-11.741],[142.9934,-11.74],[142.9928,-11.7405],[142.9933,-11.741]]],[[[152.9987,-25.3467],[152.9996,-25.3476],[152.9988,-25.3461],[152.9987,-25.3467]]],[[[150.3349,-22.2298],[150.3344,-22.2303],[150.3351,-22.2307],[150.3349,-22.2298]]],[[[150.4496,-22.3238],[150.4497,-22.3233],[150.449,-22.3233],[150.4496,-22.3238]]],[[[150.2397,-22.3099],[150.2402,-22.3094],[150.2396,-22.3091],[150.2397,-22.3099]]],[[[145.4703,-14.8657],[145.4708,-14.8649],[145.4701,-14.865],[145.4703,-14.8657]]],[[[142.1508,-9.232],[142.1511,-9.2314],[142.1504,-9.2313],[142.1508,-9.232]]],[[[145.9011,-16.994],[145.9017,-16.994],[145.9007,-16.9936],[145.9011,-16.994]]],[[[152.908,-25.5806],[152.9081,-25.58],[152.9074,-25.5798],[152.908,-25.5806]]],[[[144.526,-14.1293],[144.5259,-14.1287],[144.5253,-14.1289],[144.526,-14.1293]]],[[[150.0899,-22.1779],[150.0895,-22.1771],[150.0893,-22.1775],[150.0899,-22.1779]]],[[[152.9039,-25.5404],[152.9043,-25.5394],[152.9039,-25.5397],[152.9039,-25.5404]]],[[[150.2871,-21.6845],[150.2872,-21.6837],[150.2867,-21.6839],[150.2871,-21.6845]]],[[[142.9104,-10.1519],[142.9108,-10.151],[142.9102,-10.1516],[142.9104,-10.1519]]],[[[142.28,-10.6891],[142.2805,-10.6885],[142.2797,-10.6884],[142.28,-10.6891]]],[[[150.6673,-22.3455],[150.6674,-22.3449],[150.667,-22.3449],[150.6673,-22.3455]]],[[[142.3491,-10.8373],[142.3498,-10.8372],[142.3497,-10.8367],[142.3491,-10.8373]]],[[[150.5285,-22.376],[150.5288,-22.3757],[150.5282,-22.3752],[150.5285,-22.376]]],[[[150.2883,-22.2362],[150.2888,-22.2366],[150.2892,-22.2363],[150.2883,-22.2362]]],[[[150.452,-22.5212],[150.4522,-22.5205],[150.4517,-22.5205],[150.452,-22.5212]]],[[[152.9488,-25.452],[152.9493,-25.4514],[152.9489,-25.4514],[152.9488,-25.452]]],[[[150.0588,-22.1318],[150.0587,-22.131],[150.0583,-22.1314],[150.0588,-22.1318]]],[[[150.3561,-21.6731],[150.3566,-21.6729],[150.3555,-21.6727],[150.3561,-21.6731]]],[[[150.0941,-22.1867],[150.0941,-22.1862],[150.0933,-22.1864],[150.0941,-22.1867]]],[[[152.8857,-25.5524],[152.8869,-25.5516],[152.8858,-25.5521],[152.8857,-25.5524]]],[[[144.2436,-14.2089],[144.2435,-14.2083],[144.2431,-14.2084],[144.2436,-14.2089]]],[[[150.2879,-21.6831],[150.2882,-21.6824],[150.2876,-21.6826],[150.2879,-21.6831]]],[[[150.7149,-22.3391],[150.7146,-22.3382],[150.7144,-22.3385],[150.7149,-22.3391]]],[[[153.4025,-27.8291],[153.403,-27.8287],[153.4023,-27.8287],[153.4025,-27.8291]]],[[[148.8101,-20.3029],[148.8102,-20.3019],[148.81,-20.3019],[148.8101,-20.3029]]],[[[142.6689,-10.667],[142.6694,-10.6663],[142.6688,-10.6666],[142.6689,-10.667]]],[[[152.9069,-25.4205],[152.9074,-25.4207],[152.908,-25.4205],[152.9069,-25.4205]]],[[[153.0031,-25.9559],[153.0037,-25.9559],[153.0034,-25.9555],[153.0031,-25.9559]]],[[[153.0239,-25.9421],[153.0251,-25.9416],[153.024,-25.9414],[153.0239,-25.9421]]],[[[144.4856,-14.15],[144.4858,-14.1496],[144.4855,-14.1493],[144.4856,-14.15]]],[[[153.4114,-27.8995],[153.4119,-27.8998],[153.4115,-27.8991],[153.4114,-27.8995]]],[[[152.8656,-25.5524],[152.8665,-25.5523],[152.8654,-25.5523],[152.8656,-25.5524]]],[[[144.4866,-14.1655],[144.487,-14.1653],[144.4866,-14.1651],[144.4866,-14.1655]]],[[[152.8784,-25.5627],[152.8782,-25.5625],[152.878,-25.5632],[152.8784,-25.5627]]],[[[153.0254,-25.9419],[153.025,-25.9426],[153.0255,-25.9426],[153.0254,-25.9419]]],[[[152.9012,-25.5763],[152.9018,-25.5762],[152.9011,-25.5761],[152.9012,-25.5763]]],[[[152.9003,-25.5758],[152.9011,-25.5756],[152.9003,-25.5756],[152.9003,-25.5758]],[[153.0255,-25.9414],[153.0255,-25.9418],[153.0254,-25.9412],[153.0255,-25.9414]]],[[[153.4026,-27.8646],[153.4029,-27.8641],[153.4026,-27.8642],[153.4026,-27.8646]]],[[[152.909,-25.4231],[152.9094,-25.423],[152.909,-25.4229],[152.909,-25.4231]]],[[[153.3965,-27.8311],[153.3966,-27.8309],[153.3963,-27.8307],[153.3965,-27.8311]]],[[[152.9228,-25.5742],[152.9225,-25.5738],[152.9225,-25.5741],[152.9228,-25.5742]]],[[[152.9444,-25.4548],[152.9444,-25.4544],[152.9442,-25.4543],[152.9444,-25.4548]]],[[[152.9221,-25.6185],[152.9223,-25.6183],[152.9221,-25.618],[152.9221,-25.6185]]],[[[152.8991,-25.4246],[152.899,-25.4242],[152.8987,-25.424],[152.8991,-25.4246]]],[[[143.6112,-12.9893],[143.6113,-12.989],[143.6112,-12.9884],[143.6112,-12.9893]]],[[[152.9052,-25.5392],[152.9048,-25.5389],[152.9047,-25.539],[152.9052,-25.5392]]],[[[153.0513,-25.8367],[153.0514,-25.8362],[153.0512,-25.8361],[153.0513,-25.8367]]],[[[152.9027,-25.4229],[152.9029,-25.4227],[152.9025,-25.4228],[152.9027,-25.4229]]],[[[151.3823,-23.8776],[151.3824,-23.8777],[151.3826,-23.8774],[151.3823,-23.8776]]],[[[153.042,-25.845],[153.0423,-25.8454],[153.0423,-25.8452],[153.042,-25.845]]],[[[147.0609,-19.2701],[147.0609,-19.2698],[147.0608,-19.27],[147.0609,-19.2701]]],[[[147.0615,-19.2461],[147.0616,-19.246],[147.0616,-19.2458],[147.0615,-19.2461]]],[[[144.8922,-14.4349],[144.8924,-14.4348],[144.8922,-14.4348],[144.8922,-14.4349]]],[[[144.8924,-14.4354],[144.8925,-14.4353],[144.8923,-14.4353],[144.8924,-14.4354]]],[[[152.9363,-25.7436],[152.9365,-25.7436],[152.9364,-25.7435],[152.9363,-25.7436]]]]},"properties":{"name":"Queensland"}},{"type":"Feature","geometry":{"type":"MultiPolygon","coordinates":[[[[138.6229,-35.5575],[138.7182,-35.5138],[138.9511,-35.5914],[139.2165,-35.758],[139.4841,-35.9999],[139.7093,-36.3125],[139.8548,-36.6614],[139.8429,-36.8396],[139.67,-36.958],[139.7911,-37.1115],[139.7885,-37.1578],[139.7431,-37.1558],[139.74,-37.182],[139.8036,-37.2707],[139.9931,-37.4859],[140.0498,-37.4786],[140.1208,-37.5309],[140.1127,-37.5784],[140.2479,-37.6861],[140.3955,-37.9194],[140.6624,-38.0615],[140.9658,-38.056],[140.9637,-33.9806],[141.003,-34.0219],[140.9994,-25.9964],[129.0018,-25.9986],[129.0019,-31.687],[130.1522,-31.5765],[130.8061,-31.6056],[131.0264,-31.5376],[131.1486,-31.4637],[131.7586,-31.7203],[132.2006,-32.0273],[132.4155,-31.9988],[132.4732,-32.0301],[132.4379,-32.001],[132.4464,-31.9707],[132.5313,-31.9349],[132.7466,-31.9493],[132.9636,-32.0652],[132.9796,-32.1065],[133.0066,-32.0834],[133.0883,-32.127],[133.1381,-32.1749],[133.1258,-32.2088],[133.1647,-32.1701],[133.2532,-32.2109],[133.3228,-32.1799],[133.3898,-32.2002],[133.4462,-32.1785],[133.4877,-32.2061],[133.4643,-32.1722],[133.4118,-32.1778],[133.3951,-32.1416],[133.4515,-32.136],[133.4728,-32.1001],[133.4968,-32.1506],[133.5253,-32.1274],[133.5535,-32.1696],[133.5923,-32.0873],[133.6675,-32.1044],[133.6427,-32.1446],[133.6929,-32.1552],[133.6791,-32.2026],[133.7567,-32.2058],[133.7697,-32.2638],[133.8214,-32.234],[133.9511,-32.3885],[133.9193,-32.4283],[133.8668,-32.3992],[133.849,-32.5417],[133.8937,-32.5412],[133.9227,-32.4948],[133.9916,-32.5054],[134.037,-32.4598],[134.0862,-32.4708],[134.0571,-32.4407],[134.1631,-32.4691],[134.2663,-32.5738],[134.2904,-32.6929],[134.2219,-32.7898],[134.1966,-32.7953],[134.2001,-32.7467],[134.1528,-32.724],[134.2049,-32.7252],[134.0603,-32.7225],[134.1385,-32.8397],[134.0605,-32.9079],[134.1412,-32.9443],[134.1674,-32.9268],[134.2019,-32.9638],[134.1935,-33.0135],[134.1385,-33.0181],[134.1679,-33.0557],[134.2303,-33.0433],[134.2602,-33.1526],[134.3284,-33.1995],[134.3585,-33.1483],[134.2788,-33.1074],[134.2755,-33.0248],[134.3689,-33.1759],[134.4509,-33.1447],[134.6308,-33.2452],[134.6638,-33.2231],[134.6312,-33.2138],[134.6408,-33.1827],[134.5982,-33.1966],[134.5584,-33.1613],[134.5952,-33.1388],[134.7021,-33.1747],[134.7191,-33.23],[134.6583,-33.2336],[134.802,-33.3288],[134.8451,-33.4365],[134.8634,-33.5466],[134.8302,-33.6263],[135.0403,-33.755],[135.2522,-33.9813],[135.2795,-34.1197],[135.2412,-34.1501],[135.3035,-34.1841],[135.3462,-34.2676],[135.3892,-34.5951],[135.4222,-34.6015],[135.3963,-34.5931],[135.4222,-34.5489],[135.3914,-34.534],[135.4051,-34.5072],[135.4103,-34.5388],[135.4458,-34.5372],[135.4317,-34.6034],[135.5168,-34.613],[135.3658,-34.6421],[135.4022,-34.6334],[135.2976,-34.5523],[135.3539,-34.5221],[135.2214,-34.4986],[135.2063,-34.4293],[135.1092,-34.5882],[135.2524,-34.5519],[135.3417,-34.6291],[135.325,-34.6864],[135.4743,-34.7441],[135.6045,-34.8787],[135.6188,-34.9445],[135.6859,-34.9449],[135.7127,-34.8651],[135.7921,-34.861],[135.8538,-34.8866],[135.8561,-34.9273],[135.9289,-34.9483],[135.9545,-35.0064],[136.0045,-34.9803],[135.96,-34.8486],[136.0158,-34.7942],[136.0065,-34.7359],[135.9792,-34.7305],[135.9806,-34.7846],[135.9564,-34.7571],[135.8935,-34.8056],[135.7857,-34.8093],[135.8464,-34.7529],[135.8914,-34.7514],[135.8539,-34.7155],[135.854,-34.6654],[135.8911,-34.6157],[135.9374,-34.649],[135.9021,-34.5926],[135.9323,-34.5285],[136.0218,-34.5162],[136.0563,-34.479],[136.0922,-34.5427],[136.1218,-34.4674],[136.1167,-34.4257],[136.0918,-34.4296],[136.1301,-34.4071],[136.1122,-34.3594],[136.2336,-34.2961],[136.3244,-34.1816],[136.3631,-34.0693],[136.5748,-33.9434],[136.5927,-33.8996],[136.9917,-33.7248],[137.2133,-33.6611],[137.3146,-33.4715],[137.3605,-33.4392],[137.3744,-33.2927],[137.4341,-33.2301],[137.452,-33.1307],[137.536,-33.0948],[137.6414,-32.9553],[137.7865,-32.9999],[137.7501,-32.9222],[137.7991,-32.8937],[137.8104,-32.7487],[137.7503,-32.7101],[137.7607,-32.433],[137.7664,-32.524],[137.8345,-32.5752],[137.8037,-32.6077],[137.8676,-32.6639],[137.8376,-32.6958],[137.9445,-32.7576],[137.9009,-32.7776],[137.9521,-33.006],[138.0188,-33.0356],[138.0459,-33.0867],[138.0246,-33.1058],[138.0544,-33.1151],[138.0242,-33.1819],[138.0008,-33.1316],[137.838,-33.2072],[137.8111,-33.2663],[137.8518,-33.3262],[137.8812,-33.3232],[137.8705,-33.3965],[137.9491,-33.5124],[137.9394,-33.5479],[137.9775,-33.5588],[137.9354,-33.5527],[137.9175,-33.625],[137.8932,-33.6256],[137.9197,-33.5873],[137.879,-33.5968],[137.6004,-33.8768],[137.6306,-33.9218],[137.5271,-34.0044],[137.5674,-34.0436],[137.5223,-34.1293],[137.4499,-34.1355],[137.4999,-34.2265],[137.5003,-34.312],[137.4151,-34.4596],[137.4832,-34.4393],[137.5094,-34.618],[137.4488,-34.9103],[137.3749,-34.9537],[137.2765,-34.8939],[137.0934,-34.9199],[137.0136,-34.893],[136.9303,-35.0291],[136.9611,-35.0823],[136.9411,-35.1291],[136.8457,-35.1901],[136.8219,-35.2453],[136.883,-35.3003],[137.0014,-35.2232],[137.174,-35.2374],[137.2377,-35.1645],[137.3349,-35.1679],[137.4228,-35.0981],[137.5548,-35.1175],[137.6375,-35.1682],[137.7591,-35.1144],[137.7247,-35.0537],[137.764,-35.0406],[137.8001,-34.8775],[137.865,-34.7779],[137.9077,-34.6159],[137.8758,-34.5977],[137.8876,-34.5074],[137.9175,-34.4282],[138.0071,-34.349],[138.0076,-34.2382],[138.0879,-34.1319],[138.1637,-34.2164],[138.1462,-34.2656],[138.223,-34.3113],[138.2656,-34.4768],[138.4084,-34.6003],[138.4304,-34.668],[138.527,-34.739],[138.5662,-34.8254],[138.5162,-34.8108],[138.4971,-34.8506],[138.5153,-34.7702],[138.478,-34.7829],[138.5176,-35.0321],[138.4691,-35.1094],[138.441,-35.35],[138.3413,-35.3929],[138.2445,-35.5008],[138.1655,-35.5194],[138.0955,-35.6239],[138.1914,-35.6651],[138.276,-35.6394],[138.5224,-35.643],[138.6229,-35.5575]]],[[[140.6602,-38.0626],[140.6609,-38.0624],[140.66,-38.0624],[140.6602,-38.0626]]],[[[140.6624,-38.0621],[140.6629,-38.0618],[140.6625,-38.0617],[140.6624,-38.0621]]],[[[140.6609,-38.062],[140.6616,-38.0618],[140.661,-38.0617],[140.6609,-38.062]]],[[[133.5444,-32.294],[133.6003,-32.3079],[133.6143,-32.2568],[133.674,-32.2325],[133.5509,-32.2637],[133.5444,-32.294]]],[[[133.5035,-32.3153],[133.5307,-32.3046],[133.515,-32.3013],[133.5035,-32.3153]]],[[[133.2324,-32.2683],[133.2297,-32.2648],[133.2248,-32.2709],[133.2324,-32.2683]]],[[[133.5977,-32.2491],[133.6087,-32.241],[133.602,-32.2432],[133.5977,-32.2491]]],[[[133.2445,-32.2613],[133.2479,-32.257],[133.247,-32.2551],[133.2445,-32.2613]]],[[[133.3696,-32.2718],[133.3659,-32.2749],[133.3679,-32.2746],[133.3696,-32.2718]]],[[[133.2721,-32.268],[133.2743,-32.2678],[133.2724,-32.2654],[133.2721,-32.268]]],[[[133.24,-32.264],[133.2421,-32.2636],[133.2398,-32.2624],[133.24,-32.264]]],[[[133.254,-32.2594],[133.2556,-32.2586],[133.2533,-32.2577],[133.254,-32.2594]]],[[[133.226,-32.2791],[133.2261,-32.2771],[133.2245,-32.2784],[133.226,-32.2791]]],[[[133.5322,-32.3148],[133.5296,-32.317],[133.5311,-32.3166],[133.5322,-32.3148]]],[[[133.5617,-32.3214],[133.5611,-32.321],[133.5605,-32.3223],[133.5617,-32.3214]]],[[[133.608,-32.3048],[133.6087,-32.3046],[133.6082,-32.3039],[133.608,-32.3048]]],[[[133.7885,-32.3594],[133.8575,-32.3876],[133.8145,-32.3555],[133.7885,-32.3594]]],[[[133.4759,-32.3791],[133.4839,-32.3826],[133.4862,-32.3676],[133.4759,-32.3791]]],[[[133.3684,-32.3962],[133.3744,-32.4032],[133.3819,-32.3947],[133.3684,-32.3962]]],[[[133.8313,-32.3584],[133.83,-32.3523],[133.8162,-32.3547],[133.8313,-32.3584]]],[[[133.768,-32.3625],[133.7596,-32.3647],[133.7749,-32.3619],[133.768,-32.3625]]],[[[133.6904,-32.4377],[133.6952,-32.4339],[133.6943,-32.4326],[133.6904,-32.4377]]],[[[133.8413,-32.3632],[133.8455,-32.3662],[133.8389,-32.3612],[133.8413,-32.3632]]],[[[133.3484,-32.3667],[133.3522,-32.3663],[133.35,-32.3656],[133.3484,-32.3667]]],[[[133.7602,-32.3616],[133.7576,-32.359],[133.7582,-32.3613],[133.7602,-32.3616]]],[[[133.8493,-32.3778],[133.8468,-32.3789],[133.85,-32.3795],[133.8493,-32.3778]]],[[[133.8443,-32.3762],[133.8463,-32.3768],[133.8477,-32.3761],[133.8443,-32.3762]]],[[[133.8368,-32.3607],[133.8375,-32.3611],[133.838,-32.3607],[133.8368,-32.3607]]],[[[133.3398,-32.369],[133.3409,-32.3688],[133.34,-32.3686],[133.3398,-32.369]]],[[[133.3551,-32.3657],[133.3547,-32.3659],[133.3554,-32.3661],[133.3551,-32.3657]]],[[[133.7193,-32.3989],[133.7188,-32.3994],[133.719,-32.3995],[133.7193,-32.3989]]],[[[134.4511,-33.7626],[134.547,-33.7245],[134.5276,-33.6777],[134.47,-33.6923],[134.4511,-33.7626]]],[[[137.3502,-34.4816],[137.352,-34.5341],[137.3818,-34.4973],[137.3635,-34.4625],[137.3502,-34.4816]]],[[[133.287,-32.5233],[133.3101,-32.4993],[133.2707,-32.4961],[133.287,-32.5233]]],[[[136.2857,-34.5234],[136.3046,-34.5034],[136.2799,-34.5039],[136.2756,-34.5496],[136.2857,-34.5234]]],[[[134.8088,-33.607],[134.8096,-33.5908],[134.7761,-33.595],[134.8088,-33.607]]],[[[133.6484,-32.4525],[133.6255,-32.4572],[133.6396,-32.4632],[133.6484,-32.4525]]],[[[134.2687,-33.9653],[134.2769,-33.9442],[134.2645,-33.9371],[134.2687,-33.9653]]],[[[133.67,-32.4386],[133.6585,-32.4556],[133.6835,-32.4407],[133.67,-32.4386]]],[[[133.2803,-32.5676],[133.2988,-32.5564],[133.2837,-32.5541],[133.2803,-32.5676]]],[[[134.6663,-33.214],[134.6818,-33.2081],[134.6708,-33.2024],[134.6663,-33.214]]],[[[134.2759,-32.6754],[134.2597,-32.6787],[134.277,-32.6818],[134.2759,-32.6754]]],[[[133.2856,-32.58],[133.2776,-32.5872],[133.2894,-32.5865],[133.2856,-32.58]]],[[[134.2416,-34.0092],[134.251,-34.006],[134.2447,-33.9967],[134.2416,-34.0092]]],[[[136.2513,-34.5266],[136.261,-34.5235],[136.2556,-34.519],[136.2513,-34.5266]]],[[[136.2883,-34.5807],[136.3025,-34.5818],[136.2909,-34.5777],[136.2883,-34.5807]]],[[[137.8793,-33.3346],[137.8756,-33.3408],[137.882,-33.3451],[137.8793,-33.3346]]],[[[136.2091,-34.5516],[136.2142,-34.553],[136.2167,-34.5474],[136.2091,-34.5516]]],[[[133.3338,-32.4934],[133.3364,-32.4836],[133.3305,-32.4842],[133.3338,-32.4934]]],[[[134.7616,-33.5966],[134.7666,-33.5953],[134.752,-33.5933],[134.7616,-33.5966]]],[[[133.3145,-32.4757],[133.32,-32.4734],[133.3192,-32.4695],[133.3145,-32.4757]]],[[[136.2794,-34.4881],[136.2852,-34.4922],[136.2872,-34.4895],[136.2794,-34.4881]]],[[[133.2496,-32.5105],[133.2523,-32.5134],[133.2556,-32.5085],[133.2496,-32.5105]]],[[[134.2825,-33.7393],[134.2843,-33.7446],[134.2885,-33.7443],[134.2825,-33.7393]]],[[[134.6114,-33.7165],[134.6169,-33.7163],[134.6104,-33.712],[134.6114,-33.7165]]],[[[134.6004,-33.169],[134.6028,-33.171],[134.6094,-33.1704],[134.6004,-33.169]]],[[[134.2648,-33.979],[134.2675,-33.9768],[134.2646,-33.9729],[134.2648,-33.979]]],[[[134.2817,-33.0819],[134.2855,-33.0834],[134.2867,-33.0791],[134.2817,-33.0819]]],[[[133.9657,-32.7228],[133.9691,-32.7235],[133.9708,-32.7201],[133.9657,-32.7228]]],[[[136.2575,-34.5445],[136.2606,-34.5442],[136.2616,-34.5406],[136.2575,-34.5445]]],[[[137.5082,-34.0092],[137.5134,-34.0092],[137.5219,-34.006],[137.5082,-34.0092]]],[[[137.5331,-33.9832],[137.5429,-33.984],[137.5319,-33.9805],[137.5331,-33.9832]]],[[[134.6236,-33.1811],[134.6283,-33.1825],[134.6257,-33.1793],[134.6236,-33.1811]]],[[[134.2582,-33.9837],[134.2665,-33.9847],[134.2629,-33.982],[134.2582,-33.9837]]],[[[134.3642,-33.1875],[134.3677,-33.1855],[134.3675,-33.1824],[134.3642,-33.1875]]],[[[133.1313,-32.6482],[133.1343,-32.6434],[133.1313,-32.6439],[133.1313,-32.6482]]],[[[133.3077,-32.4871],[133.3118,-32.4838],[133.3086,-32.4839],[133.3077,-32.4871]]],[[[133.3473,-32.4792],[133.3439,-32.4823],[133.3467,-32.4823],[133.3473,-32.4792]]],[[[136.2498,-34.5131],[136.2524,-34.5139],[136.2513,-34.5102],[136.2498,-34.5131]]],[[[134.2765,-32.6962],[134.2806,-32.6952],[134.2781,-32.694],[134.2765,-32.6962]]],[[[135.2585,-34.2587],[135.261,-34.2604],[135.2597,-34.2564],[135.2585,-34.2587]]],[[[137.8222,-32.5699],[137.8222,-32.5755],[137.8223,-32.5661],[137.8222,-32.5699]]],[[[135.2096,-34.5626],[135.2131,-34.5633],[135.2106,-34.5613],[135.2096,-34.5626]]],[[[137.5388,-34.0104],[137.5372,-34.0122],[137.5391,-34.0142],[137.5388,-34.0104]]],[[[134.6125,-33.183],[134.6159,-33.1795],[134.6131,-33.1799],[134.6125,-33.183]]],[[[137.3631,-34.4571],[137.3662,-34.4563],[137.3645,-34.4552],[137.3631,-34.4571]]],[[[136.2356,-34.5641],[136.2389,-34.562],[136.2366,-34.5622],[136.2356,-34.5641]]],[[[136.2913,-34.5689],[136.2938,-34.5674],[136.2911,-34.5672],[136.2913,-34.5689]]],[[[133.2627,-32.5053],[133.2613,-32.5082],[133.2642,-32.5044],[133.2627,-32.5053]]],[[[133.6427,-32.4679],[133.6462,-32.4659],[133.6445,-32.4659],[133.6427,-32.4679]]],[[[137.5455,-33.9862],[137.5486,-33.9878],[137.545,-33.9857],[137.5455,-33.9862]]],[[[134.6973,-33.2152],[134.697,-33.2163],[134.6997,-33.2153],[134.6973,-33.2152]]],[[[133.3078,-32.5223],[133.3068,-32.5218],[133.3064,-32.5235],[133.3078,-32.5223]]],[[[137.8741,-33.3318],[137.8769,-33.3334],[137.8746,-33.3309],[137.8741,-33.3318]]],[[[134.6239,-33.7244],[134.6242,-33.7253],[134.6256,-33.724],[134.6239,-33.7244]]],[[[137.4124,-34.4432],[137.4143,-34.4439],[137.4131,-34.4422],[137.4124,-34.4432]]],[[[133.632,-32.4713],[133.6342,-32.4704],[133.6327,-32.4704],[133.632,-32.4713]]],[[[137.3618,-34.4536],[137.3622,-34.4523],[137.3613,-34.4517],[137.3618,-34.4536]]],[[[137.5229,-34.0061],[137.5242,-34.0056],[137.5246,-34.0047],[137.5229,-34.0061]]],[[[137.4039,-34.4625],[137.4047,-34.4618],[137.4036,-34.4619],[137.4039,-34.4625]]],[[[137.5399,-34.0103],[137.5411,-34.0095],[137.54,-34.0098],[137.5399,-34.0103]]],[[[134.6242,-33.7202],[134.625,-33.7204],[134.6243,-33.7197],[134.6242,-33.7202]]],[[[134.6175,-33.7169],[134.6182,-33.7172],[134.618,-33.7165],[134.6175,-33.7169]]],[[[137.5367,-34.0089],[137.5372,-34.0091],[137.537,-34.0083],[137.5367,-34.0089]]],[[[134.7037,-33.2181],[134.7041,-33.2176],[134.7034,-33.2175],[134.7037,-33.2181]]],[[[137.5649,-35.5721],[137.5188,-35.5955],[137.3135,-35.5792],[137.0697,-35.6692],[136.5874,-35.7489],[136.5344,-35.8865],[136.5953,-35.9609],[136.6656,-35.9757],[136.7052,-36.0641],[136.854,-36.0166],[136.9155,-36.0436],[136.9973,-36.0173],[137.1309,-36.034],[137.2095,-35.974],[137.371,-35.9984],[137.4607,-36.075],[137.6026,-36.0093],[137.612,-35.9131],[137.7411,-35.8531],[137.9111,-35.8598],[138.0408,-35.9043],[138.1343,-35.8436],[138.1257,-35.8024],[138.0769,-35.7959],[138.046,-35.7428],[137.9408,-35.7162],[137.9006,-35.7198],[137.8522,-35.795],[137.7774,-35.7844],[137.7584,-35.806],[137.8148,-35.822],[137.7544,-35.843],[137.7442,-35.8056],[137.8028,-35.759],[137.7924,-35.7375],[137.5815,-35.7298],[137.6442,-35.6542],[137.5682,-35.6232],[137.6335,-35.5645],[137.5649,-35.5721]]],[[[136.1455,-34.9981],[136.1558,-35.0472],[136.2033,-35.0641],[136.1897,-35.0044],[136.1073,-34.9324],[136.0828,-34.9454],[136.1455,-34.9981]]],[[[136.4522,-35.1458],[136.4444,-35.1603],[136.4917,-35.1755],[136.4522,-35.1458]]],[[[135.9212,-34.7129],[135.953,-34.7243],[135.9177,-34.673],[135.9212,-34.7129]]],[[[138.5223,-34.7688],[138.5186,-34.8056],[138.5458,-34.8019],[138.5223,-34.7688]]],[[[136.3388,-34.6509],[136.3474,-34.6829],[136.3591,-34.6637],[136.3388,-34.6509]]],[[[136.0014,-34.8786],[136.0129,-34.8899],[136.0124,-34.8665],[136.0014,-34.8786]]],[[[135.9525,-34.5913],[135.9589,-34.5749],[135.9462,-34.5683],[135.9525,-34.5913]]],[[[136.0555,-35.2353],[136.071,-35.2381],[136.0733,-35.2276],[136.0555,-35.2353]]],[[[135.9758,-35.025],[135.9656,-35.0222],[135.975,-35.0376],[135.9758,-35.025]]],[[[136.0514,-34.9703],[136.0699,-34.9627],[136.06,-34.9573],[136.0514,-34.9703]]],[[[135.6177,-34.9934],[135.6182,-35.0019],[135.6241,-34.9795],[135.6177,-34.9934]]],[[[138.5247,-34.8103],[138.5441,-34.806],[138.5377,-34.8014],[138.5247,-34.8103]]],[[[136.3066,-34.5939],[136.3217,-34.5964],[136.3256,-34.5918],[136.3066,-34.5939]]],[[[136.8586,-35.3743],[136.8671,-35.3698],[136.8556,-35.3674],[136.8586,-35.3743]]],[[[136.0315,-34.9087],[136.0324,-34.9181],[136.0382,-34.9074],[136.0315,-34.9087]]],[[[136.4639,-35.1186],[136.4788,-35.121],[136.4705,-35.1157],[136.4639,-35.1186]]],[[[136.2787,-34.6811],[136.2669,-34.6732],[136.2692,-34.6833],[136.2787,-34.6811]]],[[[135.1586,-34.7294],[135.167,-34.7196],[135.1505,-34.7324],[135.1586,-34.7294]]],[[[136.1127,-35.3224],[136.1152,-35.3296],[136.1187,-35.3173],[136.1127,-35.3224]]],[[[136.115,-35.338],[136.1265,-35.3399],[136.111,-35.3328],[136.115,-35.338]]],[[[135.8685,-34.7792],[135.8769,-34.7764],[135.879,-34.77],[135.8685,-34.7792]]],[[[135.2835,-34.7093],[135.2915,-34.7036],[135.286,-34.7031],[135.2835,-34.7093]]],[[[136.1839,-34.6495],[136.1813,-34.6405],[136.1799,-34.6471],[136.1839,-34.6495]]],[[[135.0467,-34.7539],[135.0382,-34.7591],[135.0451,-34.7576],[135.0467,-34.7539]]],[[[138.626,-35.5651],[138.6355,-35.5638],[138.6293,-35.5621],[138.626,-35.5651]]],[[[135.873,-34.9424],[135.8683,-34.9449],[135.8686,-34.949],[135.873,-34.9424]]],[[[136.8353,-35.2161],[136.8275,-35.2123],[136.8319,-35.2175],[136.8353,-35.2161]]],[[[135.0298,-34.7695],[135.031,-34.7772],[135.0308,-34.7668],[135.0298,-34.7695]]],[[[136.2486,-34.597],[136.2596,-34.593],[136.2508,-34.5936],[136.2486,-34.597]]],[[[135.3255,-34.7042],[135.3366,-34.6983],[135.3294,-34.6997],[135.3255,-34.7042]]],[[[136.0275,-34.9815],[136.0297,-34.9869],[136.0301,-34.9802],[136.0275,-34.9815]]],[[[135.0304,-34.7844],[135.037,-34.7824],[135.0325,-34.781],[135.0304,-34.7844]]],[[[135.8712,-34.9388],[135.8748,-34.9396],[135.8746,-34.9334],[135.8712,-34.9388]]],[[[136.0775,-35.2267],[136.0851,-35.2269],[136.0811,-35.2247],[136.0775,-35.2267]]],[[[137.7699,-35.8203],[137.7763,-35.8225],[137.771,-35.8182],[137.7699,-35.8203]]],[[[135.9865,-34.6049],[135.9818,-34.6093],[135.9851,-34.609],[135.9865,-34.6049]]],[[[138.593,-35.6069],[138.5895,-35.6109],[138.5932,-35.6103],[138.593,-35.6069]]],[[[136.3658,-34.6482],[136.3697,-34.646],[136.3663,-34.6452],[136.3658,-34.6482]]],[[[137.8011,-35.8201],[137.804,-35.8214],[137.8075,-35.818],[137.8011,-35.8201]]],[[[136.0313,-34.9575],[136.0331,-34.9557],[136.0306,-34.9535],[136.0313,-34.9575]]],[[[137.639,-35.6233],[137.6438,-35.6253],[137.641,-35.622],[137.639,-35.6233]]],[[[137.7521,-35.8037],[137.747,-35.8089],[137.7526,-35.8081],[137.7521,-35.8037]]],[[[138.5094,-34.7575],[138.5157,-34.7556],[138.5118,-34.7555],[138.5094,-34.7575]]],[[[136.7003,-36.066],[136.7039,-36.0688],[136.705,-36.0672],[136.7003,-36.066]]],[[[136.6927,-36.0855],[136.697,-36.0864],[136.6914,-36.0834],[136.6927,-36.0855]]],[[[136.5345,-35.9017],[136.536,-35.9022],[136.5385,-35.8994],[136.5345,-35.9017]]],[[[136.8288,-35.2305],[136.8314,-35.2319],[136.8333,-35.2296],[136.8288,-35.2305]]],[[[135.9563,-34.7416],[135.9526,-34.7413],[135.9561,-34.7435],[135.9563,-34.7416]]],[[[139.7215,-37.0914],[139.7238,-37.092],[139.7245,-37.0896],[139.7215,-37.0914]]],[[[137.7829,-35.8236],[137.7872,-35.8255],[137.7839,-35.8225],[137.7829,-35.8236]]],[[[135.8554,-34.9003],[135.8525,-34.8981],[135.8545,-34.9015],[135.8554,-34.9003]]],[[[136.318,-34.6558],[136.3216,-34.6546],[136.3187,-34.6537],[136.318,-34.6558]]],[[[136.8404,-35.196],[136.8395,-35.1943],[136.8369,-35.1948],[136.8404,-35.196]]],[[[136.9055,-35.3212],[136.9087,-35.3242],[136.9082,-35.3218],[136.9055,-35.3212]]],[[[136.0076,-34.8584],[136.0095,-34.8603],[136.0085,-34.8565],[136.0076,-34.8584]]],[[[135.8647,-34.9536],[135.8669,-34.9558],[135.8657,-34.952],[135.8647,-34.9536]]],[[[136.9188,-35.3394],[136.9224,-35.3378],[136.9182,-35.3381],[136.9188,-35.3394]]],[[[138.2909,-35.7787],[138.2929,-35.7756],[138.2909,-35.7763],[138.2909,-35.7787]]],[[[138.2996,-35.7591],[138.3036,-35.7591],[138.2998,-35.7581],[138.2996,-35.7591]]],[[[135.0812,-34.7538],[135.0789,-34.7547],[135.0818,-34.755],[135.0812,-34.7538]]],[[[136.4813,-35.1854],[136.4832,-35.1847],[136.4828,-35.1831],[136.4813,-35.1854]]],[[[140.0119,-37.4942],[140.0096,-37.4947],[140.0101,-37.4961],[140.0119,-37.4942]]],[[[136.4924,-35.1821],[136.4932,-35.1804],[136.4913,-35.1793],[136.4924,-35.1821]]],[[[135.9557,-34.7496],[135.9554,-34.7477],[135.9537,-34.749],[135.9557,-34.7496]]],[[[136.848,-35.369],[136.8458,-35.3705],[136.8473,-35.3711],[136.848,-35.369]]],[[[137.7783,-35.8164],[137.7771,-35.8147],[137.7768,-35.8181],[137.7783,-35.8164]]],[[[135.4337,-34.6206],[135.4309,-34.6195],[135.4328,-34.6213],[135.4337,-34.6206]]],[[[138.6922,-35.5374],[138.6899,-35.5384],[138.6934,-35.5384],[138.6922,-35.5374]]],[[[137.2885,-35.9935],[137.2866,-35.9949],[137.2891,-35.9946],[137.2885,-35.9935]]],[[[136.0096,-34.8948],[136.0114,-34.8944],[136.0118,-34.8925],[136.0096,-34.8948]]],[[[136.1971,-34.638],[136.1951,-34.637],[136.1953,-34.6385],[136.1971,-34.638]]],[[[135.8472,-34.8891],[135.8486,-34.8893],[135.8478,-34.8875],[135.8472,-34.8891]]],[[[135.6849,-34.9474],[135.6868,-34.9476],[135.6869,-34.9465],[135.6849,-34.9474]]],[[[139.7234,-37.0869],[139.7245,-37.0857],[139.7232,-37.0852],[139.7234,-37.0869]]],[[[138.6075,-35.5841],[138.6078,-35.5821],[138.6063,-35.5829],[138.6075,-35.5841]]],[[[140.0131,-37.4987],[140.0148,-37.4997],[140.0139,-37.4977],[140.0131,-37.4987]]],[[[136.8444,-35.3725],[136.8461,-35.3736],[136.8451,-35.3718],[136.8444,-35.3725]]],[[[136.8275,-36.0342],[136.8293,-36.0337],[136.8269,-36.0334],[136.8275,-36.0342]]],[[[135.3761,-34.5954],[135.3738,-34.5939],[135.3744,-34.5952],[135.3761,-34.5954]]],[[[138.2877,-35.7853],[138.2899,-35.7825],[138.2875,-35.7844],[138.2877,-35.7853]]],[[[136.0744,-35.1657],[136.0775,-35.1652],[136.0756,-35.165],[136.0744,-35.1657]]],[[[137.7508,-35.8171],[137.7502,-35.8166],[137.749,-35.818],[137.7508,-35.8171]]],[[[136.0257,-34.9504],[136.0264,-34.9494],[136.0244,-34.9491],[136.0257,-34.9504]]],[[[136.2112,-34.8152],[136.2137,-34.8154],[136.2123,-34.8148],[136.2112,-34.8152]]],[[[138.6437,-35.5774],[138.6453,-35.577],[138.6445,-35.5764],[138.6437,-35.5774]]],[[[135.875,-34.933],[135.875,-34.9314],[135.8743,-34.932],[135.875,-34.933]]],[[[135.0312,-34.7797],[135.0324,-34.7782],[135.0316,-34.7783],[135.0312,-34.7797]]],[[[135.9982,-34.7217],[135.9993,-34.7207],[135.9982,-34.7205],[135.9982,-34.7217]]],[[[136.926,-35.0288],[136.924,-35.0288],[136.9247,-35.0294],[136.926,-35.0288]]],[[[140.0046,-37.4991],[140.0063,-37.5],[140.0054,-37.4987],[140.0046,-37.4991]]],[[[140.5685,-38.0208],[140.57,-38.0199],[140.5681,-38.0205],[140.5685,-38.0208]]],[[[135.0367,-34.7865],[135.0379,-34.7856],[135.037,-34.7856],[135.0367,-34.7865]]],[[[135.685,-34.9523],[135.6845,-34.9513],[135.6846,-34.9529],[135.685,-34.9523]]],[[[139.7225,-37.0879],[139.7231,-37.0874],[139.722,-37.087],[139.7225,-37.0879]]],[[[135.6836,-34.9472],[135.6848,-34.9465],[135.684,-34.9464],[135.6836,-34.9472]]],[[[139.7205,-37.0875],[139.7219,-37.0871],[139.7212,-37.0868],[139.7205,-37.0875]]],[[[136.9165,-35.3395],[136.9175,-35.3387],[136.9167,-35.3388],[136.9165,-35.3395]]],[[[135.6863,-34.9462],[135.6868,-34.9457],[135.6857,-34.9456],[135.6863,-34.9462]]],[[[137.7711,-35.8155],[137.7702,-35.8154],[137.7703,-35.816],[137.7711,-35.8155]]],[[[136.5807,-35.9514],[136.5814,-35.9512],[136.5804,-35.951],[136.5807,-35.9514]]],[[[136.5527,-35.9077],[136.552,-35.9083],[136.5526,-35.9084],[136.5527,-35.9077]]],[[[140.3158,-37.7963],[140.3169,-37.7961],[140.3164,-37.7959],[140.3158,-37.7963]]],[[[135.3774,-34.5959],[135.3784,-34.5957],[135.3771,-34.5957],[135.3774,-34.5959]]],[[[136.9076,-36.0435],[136.9083,-36.0434],[136.9074,-36.0431],[136.9076,-36.0435]]],[[[137.7978,-35.827],[137.798,-35.8273],[137.7989,-35.8271],[137.7978,-35.827]]],[[[135.8496,-34.8879],[135.8502,-34.8875],[135.8494,-34.8875],[135.8496,-34.8879]]],[[[140.3185,-37.7959],[140.3189,-37.7955],[140.3182,-37.7954],[140.3185,-37.7959]]],[[[136.3741,-34.6505],[136.3743,-34.6502],[136.3733,-34.6502],[136.3741,-34.6505]]],[[[140.2928,-37.7607],[140.2935,-37.761],[140.2934,-37.7605],[140.2928,-37.7607]]],[[[140.1349,-37.5911],[140.1355,-37.5907],[140.1348,-37.5908],[140.1349,-37.5911]]],[[[140.6662,-38.0599],[140.6658,-38.0601],[140.6665,-38.0602],[140.6662,-38.0599]]],[[[140.1513,-37.6025],[140.1515,-37.602],[140.1511,-37.6022],[140.1513,-37.6025]]],[[[137.7869,-35.8171],[137.7871,-35.8167],[137.7867,-35.8165],[137.7869,-35.8171]]],[[[140.6611,-38.0611],[140.6617,-38.0612],[140.6616,-38.0607],[140.6611,-38.0611]]],[[[139.8475,-37.3254],[139.8471,-37.3256],[139.8479,-37.3259],[139.8475,-37.3254]]],[[[135.8737,-34.9329],[135.8738,-34.9325],[135.8732,-34.9325],[135.8737,-34.9329]]],[[[140.7689,-38.0587],[140.7689,-38.0582],[140.7685,-38.0584],[140.7689,-38.0587]]],[[[140.0132,-37.4966],[140.0131,-37.4969],[140.0137,-37.4972],[140.0132,-37.4966]]],[[[140.66,-38.0603],[140.6604,-38.0601],[140.6598,-38.0601],[140.66,-38.0603]]],[[[140.6639,-38.0605],[140.664,-38.0601],[140.6636,-38.0603],[140.6639,-38.0605]]],[[[139.7364,-37.1769],[139.7368,-37.177],[139.7367,-37.1768],[139.7364,-37.1769]]],[[[137.7952,-35.8319],[137.7955,-35.8319],[137.795,-35.8317],[137.7952,-35.8319]]],[[[137.7842,-35.8306],[137.7844,-35.8305],[137.7841,-35.8302],[137.7842,-35.8306]]],[[[140.131,-37.5894],[140.1306,-37.5896],[140.131,-37.5896],[140.131,-37.5894]]],[[[140.1311,-37.5896],[140.1313,-37.5894],[140.131,-37.5894],[140.1311,-37.5896]]]]},"properties":{"name":"South Australia"}},{"type":"Feature","geometry":{"type":"MultiPolygon","coordinates":[[[[116.0136,-34.84],[116.2507,-34.8761],[116.4817,-35.0162],[116.5328,-35.0044],[116.6304,-35.0608],[116.7683,-35.0147],[116.9212,-35.0643],[116.9568,-35.0194],[117.1505,-35.0615],[117.1952,-35.0171],[117.3261,-35.0439],[117.3692,-34.9695],[117.4552,-34.967],[117.4658,-35.0205],[117.3957,-34.9981],[117.3325,-35.0228],[117.4853,-35.089],[117.5486,-35.0825],[117.6112,-35.1333],[117.6397,-35.1345],[117.6446,-35.0621],[117.6856,-35.0433],[117.9483,-35.1283],[117.9762,-35.0986],[118.0212,-35.1079],[117.9436,-35.0917],[117.9204,-35.0409],[117.9093,-35.0844],[117.8482,-35.0449],[117.9195,-35.0358],[117.9489,-34.9437],[117.9815,-34.94],[117.9619,-35.0131],[118.0348,-35.0204],[118.1088,-34.9859],[118.1946,-35.0231],[118.2107,-34.9788],[118.1726,-34.9677],[118.1753,-34.9401],[118.334,-34.8914],[118.4034,-34.9167],[118.4277,-34.8987],[118.3971,-34.8766],[118.4004,-34.8239],[118.4401,-34.7608],[118.7224,-34.6569],[118.7817,-34.609],[118.7454,-34.5937],[118.7554,-34.5456],[118.8116,-34.5095],[118.9142,-34.5032],[118.9118,-34.4629],[119.0691,-34.4588],[119.2179,-34.498],[119.2222,-34.5313],[119.2545,-34.5346],[119.2899,-34.452],[119.3464,-34.4462],[119.3821,-34.4854],[119.4186,-34.4589],[119.3908,-34.4194],[119.4157,-34.3733],[119.4825,-34.3752],[119.5027,-34.4115],[119.5763,-34.3872],[119.5074,-34.3591],[119.5032,-34.2903],[119.4571,-34.2891],[119.5037,-34.288],[119.5975,-34.1346],[119.8164,-33.9835],[119.9444,-33.9779],[120.0422,-33.9234],[120.1266,-33.9545],[120.2311,-33.9324],[120.4366,-33.9719],[120.5935,-33.8862],[120.8135,-33.8927],[120.8685,-33.8563],[121.0079,-33.8727],[121.0998,-33.8485],[121.1771,-33.8776],[121.1987,-33.8446],[121.3619,-33.8154],[121.5466,-33.828],[121.6447,-33.8982],[121.6951,-33.8612],[121.7899,-33.909],[121.9005,-33.879],[121.9151,-33.8383],[122.001,-33.8293],[122.0854,-33.9028],[122.1136,-34.0172],[122.2773,-34.0007],[122.2745,-33.9595],[122.3642,-33.9135],[122.5097,-33.9534],[122.5576,-33.9366],[122.5715,-33.9614],[122.6187,-33.8928],[122.9759,-33.9023],[123.0227,-33.8566],[123.1339,-33.9044],[123.1631,-34.0166],[123.2869,-33.9799],[123.3714,-33.8959],[123.5343,-33.9401],[123.5734,-33.8877],[123.7642,-33.7952],[123.7744,-33.6982],[123.8777,-33.6332],[123.8751,-33.599],[123.976,-33.5586],[123.998,-33.4264],[124.1012,-33.1762],[124.2387,-33.0176],[124.3936,-32.9491],[124.814,-32.8729],[125.0262,-32.7289],[125.5321,-32.5492],[125.951,-32.2905],[126.2031,-32.2323],[126.6728,-32.3084],[127.326,-32.2565],[128.3143,-31.9794],[129.0019,-31.687],[129.0015,-14.8796],[128.7382,-14.8391],[128.6813,-14.796],[128.5871,-14.8077],[128.5505,-14.7679],[128.3934,-14.8045],[128.3809,-14.8234],[128.467,-14.8891],[128.519,-15.0148],[128.4217,-14.8817],[128.4486,-15.0021],[128.3582,-14.885],[128.3491,-14.968],[128.4104,-15.0321],[128.3581,-14.9913],[128.3619,-15.0666],[128.3139,-14.9257],[128.2925,-14.9668],[128.3312,-15.0354],[128.2892,-14.9741],[128.2655,-14.9826],[128.2282,-15.0032],[128.194,-15.0935],[128.2396,-15.2475],[128.3008,-15.3197],[128.2991,-15.4602],[128.3416,-15.5013],[128.2923,-15.4599],[128.258,-15.3063],[128.1283,-15.1837],[128.1002,-15.2502],[128.1282,-15.2917],[128.1143,-15.428],[128.0681,-15.4921],[127.9988,-15.5181],[128.0524,-15.4795],[128.0894,-15.3903],[128.0404,-15.2928],[128.0928,-15.281],[128.0749,-15.104],[128.1391,-14.8708],[128.1185,-14.8613],[128.1924,-14.8387],[128.1839,-14.7443],[128.2184,-14.7546],[128.2217,-14.7212],[128.0694,-14.6502],[127.993,-14.5562],[127.9526,-14.586],[127.9274,-14.558],[127.9493,-14.5242],[127.8802,-14.4708],[127.8501,-14.4845],[127.8284,-14.4025],[127.7883,-14.3884],[127.7821,-14.3505],[127.7607,-14.3671],[127.7797,-14.3332],[127.6832,-14.2434],[127.6698,-14.1905],[127.5568,-14.1046],[127.5239,-14.1198],[127.5237,-14.0693],[127.4829,-14.0851],[127.4525,-14.0588],[127.4672,-14.0009],[127.4301,-13.9429],[127.4108,-13.9614],[127.3474,-13.9066],[127.3219,-13.9147],[127.3458,-13.9549],[127.3181,-13.9612],[127.2467,-13.9004],[127.2077,-13.9736],[127.1907,-13.904],[127.1429,-13.9823],[127.0939,-13.9274],[127.1028,-13.8843],[127.0606,-13.9079],[127.0814,-13.84],[127.0443,-13.8489],[127.0471,-13.8057],[127.0061,-13.8238],[127.0308,-13.804],[126.9633,-13.7417],[126.9144,-13.7412],[126.9444,-13.7676],[126.9218,-13.7761],[126.8513,-13.7582],[126.8729,-13.799],[126.8423,-13.817],[126.8191,-13.7686],[126.7665,-13.7748],[126.7431,-13.7923],[126.8056,-13.9305],[126.9054,-13.9852],[126.8383,-13.9711],[126.81,-13.9979],[126.7507,-13.9721],[126.7271,-13.9984],[126.7053,-13.9739],[126.7008,-14.0216],[126.7533,-14.0119],[126.7627,-14.0501],[126.7231,-14.0652],[126.6938,-14.1347],[126.6894,-14.0912],[126.6448,-14.0771],[126.6514,-14.1735],[126.607,-14.1801],[126.6017,-14.2358],[126.565,-14.2168],[126.5698,-14.1398],[126.5154,-14.1574],[126.4992,-14.1303],[126.5254,-14.0817],[126.4788,-14.1096],[126.4495,-14.0837],[126.4972,-14.0458],[126.491,-14.0086],[126.5774,-13.9538],[126.537,-13.9344],[126.4852,-13.9957],[126.4384,-13.9827],[126.3966,-14.0149],[126.3943,-14.0518],[126.3343,-14.05],[126.345,-14.098],[126.3145,-14.0973],[126.2976,-14.1388],[126.3608,-14.1899],[126.3008,-14.2336],[126.2697,-14.2365],[126.2725,-14.2071],[126.2536,-14.2392],[126.216,-14.2366],[126.2433,-14.1757],[126.186,-14.1669],[126.2142,-14.0765],[126.1657,-14.1142],[126.1919,-14.0663],[126.1508,-14.0802],[126.2175,-14.0429],[126.2007,-14.0009],[126.1443,-14.015],[126.2158,-13.9676],[126.1098,-14.0283],[126.1587,-13.9701],[126.1262,-13.964],[126.1584,-13.915],[126.1324,-13.9445],[126.0856,-13.9457],[126.0948,-13.8953],[126.0627,-13.943],[126.0112,-13.9257],[126.1072,-13.9767],[126.1026,-14.0408],[126.0382,-13.9815],[126.0219,-13.9969],[126.056,-14.0266],[126.0267,-14.0167],[126.0101,-14.0654],[125.9838,-13.9898],[125.9931,-14.0682],[126.0325,-14.0951],[126.1044,-14.0757],[126.1697,-14.1462],[126.1413,-14.1578],[126.1602,-14.1765],[126.1332,-14.2314],[126.0534,-14.2542],[126.0884,-14.3512],[125.9767,-14.3933],[125.9855,-14.4195],[126.0196,-14.4114],[126.0513,-14.5288],[126.0155,-14.5195],[126.0003,-14.555],[125.9648,-14.5192],[125.9206,-14.5372],[125.9027,-14.5765],[125.9363,-14.6463],[125.9083,-14.6609],[125.8306,-14.5851],[125.8499,-14.5359],[125.8172,-14.4976],[125.8591,-14.475],[125.8026,-14.4791],[125.8036,-14.4442],[125.7067,-14.4894],[125.6485,-14.6502],[125.6887,-14.4994],[125.6512,-14.3876],[125.6642,-14.335],[125.7264,-14.3418],[125.6972,-14.3254],[125.7301,-14.281],[125.7033,-14.3041],[125.6486,-14.2434],[125.6415,-14.2659],[125.6331,-14.2361],[125.5976,-14.2366],[125.6083,-14.2624],[125.5737,-14.2616],[125.5988,-14.2738],[125.5886,-14.3699],[125.6219,-14.4129],[125.5882,-14.5057],[125.6137,-14.5106],[125.5725,-14.5477],[125.5993,-14.5626],[125.5348,-14.5639],[125.5606,-14.5148],[125.5203,-14.5002],[125.4886,-14.5192],[125.4914,-14.5603],[125.4665,-14.5355],[125.4834,-14.568],[125.4524,-14.5792],[125.4634,-14.6053],[125.4372,-14.5946],[125.4299,-14.6415],[125.4103,-14.5456],[125.3546,-14.5841],[125.3641,-14.5057],[125.3476,-14.5647],[125.3257,-14.5844],[125.3004,-14.5582],[125.249,-14.6111],[125.3084,-14.6499],[125.2608,-14.6578],[125.2621,-14.6931],[125.2129,-14.6687],[125.189,-14.747],[125.1414,-14.7477],[125.1668,-14.7905],[125.2052,-14.791],[125.1841,-14.827],[125.2101,-14.8649],[125.2441,-14.8317],[125.2355,-14.8676],[125.2867,-14.853],[125.334,-14.8813],[125.2947,-14.938],[125.2563,-14.8998],[125.2137,-14.9698],[125.2576,-14.9438],[125.2544,-14.9784],[125.3046,-14.9616],[125.2856,-14.9992],[125.3654,-14.9914],[125.3859,-15.0326],[125.409,-14.9986],[125.421,-15.0217],[125.4816,-14.9986],[125.3755,-15.0527],[125.4019,-15.0847],[125.3576,-15.1084],[125.4813,-15.1548],[125.3349,-15.1629],[125.2823,-15.1436],[125.2811,-15.0975],[125.1632,-15.1514],[125.1257,-15.0435],[125.0724,-15.0649],[125.0743,-14.9758],[125.0557,-14.9998],[125.012,-14.9832],[125.0477,-15.0771],[125.0299,-15.1133],[125.0111,-15.0935],[124.9744,-15.1353],[124.9104,-15.1068],[124.8339,-15.158],[124.8377,-15.1832],[124.8964,-15.1734],[124.8643,-15.1949],[124.8688,-15.2436],[124.8918,-15.2303],[124.8758,-15.2619],[124.9438,-15.2131],[124.9352,-15.1874],[124.9711,-15.2083],[124.9701,-15.1643],[124.9949,-15.162],[124.9928,-15.1978],[125.0138,-15.1545],[125.056,-15.1644],[125.0056,-15.2419],[124.9695,-15.2122],[124.9274,-15.2292],[124.8761,-15.302],[124.8979,-15.3399],[124.9791,-15.3294],[125.0307,-15.2748],[125.0813,-15.3144],[125.0734,-15.2539],[125.1003,-15.2859],[125.1189,-15.2556],[125.0886,-15.3377],[125.1577,-15.3061],[125.1641,-15.3306],[125.0909,-15.355],[125.07,-15.4402],[125.4212,-15.696],[125.0887,-15.4632],[125.0469,-15.4738],[125.0171,-15.5447],[125.0183,-15.4715],[124.9995,-15.5104],[124.9962,-15.477],[124.9529,-15.4892],[125.003,-15.4484],[124.9788,-15.4096],[124.8477,-15.3532],[124.8468,-15.2991],[124.8313,-15.3259],[124.7832,-15.2945],[124.7533,-15.3544],[124.7706,-15.3021],[124.705,-15.2534],[124.7014,-15.2784],[124.6747,-15.255],[124.6673,-15.2966],[124.7072,-15.3208],[124.6619,-15.3249],[124.662,-15.3549],[124.7448,-15.3618],[124.6762,-15.4007],[124.6742,-15.4981],[124.6447,-15.4248],[124.6179,-15.4661],[124.6288,-15.5257],[124.5172,-15.4686],[124.4458,-15.5051],[124.4925,-15.4862],[124.5104,-15.5251],[124.4865,-15.4973],[124.4176,-15.5489],[124.4056,-15.6177],[124.4539,-15.5919],[124.5006,-15.6367],[124.4505,-15.6028],[124.4437,-15.6697],[124.4144,-15.6372],[124.4127,-15.6814],[124.3688,-15.6719],[124.3973,-15.726],[124.4373,-15.7115],[124.3859,-15.7176],[124.4093,-15.8638],[124.4391,-15.8704],[124.4625,-15.7849],[124.4609,-15.8541],[124.4994,-15.8898],[124.4749,-15.8857],[124.4767,-15.9416],[124.5125,-15.9344],[124.4965,-15.9971],[124.6328,-15.779],[124.7048,-15.7411],[124.6754,-15.7847],[124.7043,-15.7502],[124.7416,-15.8223],[124.7045,-15.8141],[124.6816,-15.8889],[124.6546,-15.8536],[124.6078,-15.8913],[124.626,-15.9209],[124.5984,-15.9676],[124.6426,-15.9884],[124.5889,-15.9735],[124.5881,-16.1095],[124.6469,-16.0981],[124.5607,-16.1195],[124.5082,-16.206],[124.5141,-16.1647],[124.4584,-16.1025],[124.4772,-16.0785],[124.4443,-16.0654],[124.4347,-16.1788],[124.3986,-16.1695],[124.379,-16.2166],[124.4079,-16.2507],[124.3945,-16.3385],[124.4242,-16.3596],[124.571,-16.3293],[124.6935,-16.3447],[124.8145,-16.4164],[124.9013,-16.416],[124.9533,-16.3713],[124.949,-16.3921],[124.8405,-16.4343],[124.7454,-16.39],[124.4492,-16.4109],[124.3875,-16.3456],[124.3365,-16.4188],[124.3888,-16.4152],[124.4028,-16.4697],[124.4682,-16.4986],[124.4298,-16.4985],[124.4103,-16.5433],[124.3901,-16.4452],[124.3192,-16.4687],[124.325,-16.4149],[124.2227,-16.4184],[124.1797,-16.3096],[124.1244,-16.2804],[123.9998,-16.2647],[123.9099,-16.2103],[124.0001,-16.2918],[123.9336,-16.2977],[123.9876,-16.3704],[123.8838,-16.304],[123.917,-16.3522],[123.8857,-16.3428],[123.909,-16.3629],[123.8843,-16.3537],[123.9,-16.4228],[123.867,-16.4129],[123.8711,-16.4471],[123.8365,-16.3544],[123.8761,-16.3777],[123.8659,-16.3279],[123.7964,-16.3161],[123.7407,-16.2633],[123.7833,-16.243],[123.7969,-16.263],[123.7716,-16.2162],[123.8146,-16.2197],[123.7706,-16.1706],[123.7031,-16.1287],[123.7285,-16.1568],[123.7031,-16.1539],[123.7014,-16.1903],[123.6934,-16.1511],[123.5585,-16.176],[123.6166,-16.2618],[123.5761,-16.2453],[123.5993,-16.2641],[123.5502,-16.2832],[123.5988,-16.3228],[123.6271,-16.2905],[123.7169,-16.3724],[123.6635,-16.3834],[123.6292,-16.3568],[123.6972,-16.4149],[123.6655,-16.4366],[123.5091,-16.3802],[123.5822,-16.4277],[123.5053,-16.42],[123.6629,-16.4911],[123.583,-16.4986],[123.643,-16.53],[123.4735,-16.47],[123.4966,-16.5145],[123.4285,-16.4989],[123.5134,-16.5684],[123.5116,-16.5978],[123.5177,-16.5661],[123.5422,-16.572],[123.5261,-16.5444],[123.6151,-16.5543],[123.5634,-16.5883],[123.5739,-16.6252],[123.5028,-16.6588],[123.6178,-16.6795],[123.7115,-16.7527],[123.7961,-16.9118],[123.9421,-16.8521],[123.9514,-16.8181],[123.9593,-16.8524],[123.7964,-17.004],[123.8296,-17.1346],[123.9125,-17.2119],[123.8625,-17.2166],[123.648,-16.9997],[123.5835,-17.0333],[123.6462,-17.184],[123.5645,-17.4058],[123.6001,-17.5156],[123.5803,-17.5842],[123.5143,-17.4185],[123.3927,-17.3163],[123.3834,-17.24],[123.2906,-17.1077],[123.2634,-17.0118],[123.1491,-16.9247],[123.1778,-16.8577],[123.1529,-16.8016],[123.1025,-16.7837],[123.1388,-16.6885],[123.094,-16.7091],[123.0838,-16.6648],[123.0506,-16.6908],[123.0387,-16.6214],[123.0233,-16.6046],[122.9957,-16.6408],[122.9965,-16.6018],[122.9544,-16.5801],[123.008,-16.5284],[122.9711,-16.5161],[122.983,-16.4651],[123.045,-16.4738],[123.0767,-16.4403],[123.0148,-16.4058],[123.0389,-16.3592],[122.9824,-16.4059],[122.9877,-16.3809],[122.9253,-16.3895],[122.9044,-16.4885],[122.8539,-16.5127],[122.8842,-16.5303],[122.7948,-16.5717],[122.8101,-16.5453],[122.7418,-16.6834],[122.7841,-16.696],[122.7757,-16.7355],[122.8384,-16.7445],[122.8456,-16.792],[122.7816,-16.7474],[122.7866,-16.7717],[122.7735,-16.7514],[122.7427,-16.7722],[122.7574,-16.7461],[122.6374,-16.8007],[122.5794,-16.7621],[122.5533,-16.8054],[122.5712,-16.8362],[122.5338,-16.8369],[122.6122,-16.9653],[122.508,-16.9544],[122.4802,-16.8946],[122.4811,-16.9813],[122.431,-16.9834],[122.4697,-16.9363],[122.3664,-16.9976],[122.2532,-17.1199],[122.3035,-17.1124],[122.3194,-17.1353],[122.2881,-17.1396],[122.319,-17.1589],[122.2516,-17.1576],[122.1732,-17.2636],[122.1452,-17.5604],[122.1996,-17.6848],[122.2129,-17.8737],[122.1753,-17.974],[122.2071,-18.0089],[122.2506,-17.9523],[122.3781,-17.9898],[122.3703,-18.1164],[122.3151,-18.1723],[122.2146,-18.204],[122.1998,-18.2497],[122.0635,-18.3258],[121.9467,-18.4393],[121.872,-18.4717],[121.8152,-18.4511],[121.7983,-18.53],[121.7909,-18.5038],[121.7294,-18.5757],[121.7908,-18.6093],[121.7925,-18.6582],[121.7411,-18.7047],[121.6181,-18.7063],[121.6555,-18.7672],[121.6532,-18.8359],[121.6427,-18.818],[121.6027,-18.8692],[121.576,-18.9474],[121.6001,-18.9407],[121.5532,-18.9435],[121.504,-19.1062],[121.3332,-19.3417],[121.1139,-19.5386],[120.631,-19.77],[120.1959,-19.9139],[119.8662,-19.9696],[119.7641,-19.9556],[119.7301,-19.9762],[119.7539,-20.0216],[119.6911,-20.0411],[119.7009,-19.9951],[119.5693,-20.0803],[119.471,-20.0057],[119.1716,-19.9566],[119.1721,-20.0077],[119.2071,-20.0237],[119.0997,-19.9593],[119.0683,-20.0154],[118.9938,-20.0358],[118.9591,-20.127],[118.8965,-20.1678],[118.8603,-20.2254],[118.8827,-20.2611],[118.8421,-20.2306],[118.8278,-20.2727],[118.8548,-20.2906],[118.7682,-20.2817],[118.6657,-20.3429],[118.598,-20.2866],[118.573,-20.3162],[118.6296,-20.3344],[118.5874,-20.3354],[118.5959,-20.3545],[118.5744,-20.328],[118.552,-20.3463],[118.562,-20.2944],[118.5263,-20.3054],[118.5573,-20.3136],[118.5433,-20.3385],[118.5367,-20.3117],[118.5064,-20.3488],[118.4875,-20.326],[118.4893,-20.351],[118.4169,-20.3396],[118.3636,-20.374],[118.3461,-20.3299],[118.2888,-20.3486],[118.3183,-20.3654],[118.2155,-20.3709],[118.1962,-20.4038],[118.2055,-20.3764],[118.1651,-20.3829],[118.1998,-20.3689],[118.1816,-20.3364],[117.9653,-20.4911],[117.9409,-20.4799],[117.9315,-20.5266],[117.9617,-20.5066],[117.9427,-20.5368],[117.971,-20.5252],[117.975,-20.5505],[117.9418,-20.567],[117.9198,-20.5436],[117.9122,-20.5766],[117.8817,-20.552],[117.898,-20.5853],[117.7743,-20.6635],[117.8097,-20.6742],[117.7041,-20.6946],[117.6804,-20.6666],[117.6563,-20.7155],[117.6283,-20.7091],[117.6417,-20.678],[117.6166,-20.6873],[117.6307,-20.6638],[117.5423,-20.7362],[117.5445,-20.7077],[117.4426,-20.7306],[117.4574,-20.7572],[117.3952,-20.7306],[117.3818,-20.7844],[117.3698,-20.7342],[117.3497,-20.779],[117.3202,-20.7585],[117.3475,-20.7357],[117.2231,-20.6951],[117.2164,-20.7248],[117.1952,-20.6803],[117.2003,-20.7062],[117.1719,-20.7006],[117.2004,-20.6666],[117.168,-20.6822],[117.1814,-20.6451],[117.157,-20.6577],[117.1656,-20.6284],[117.2,-20.6325],[117.1823,-20.5918],[117.1282,-20.6544],[117.0944,-20.624],[117.0388,-20.6676],[116.9881,-20.6585],[116.9199,-20.7407],[116.9237,-20.7123],[116.8282,-20.7087],[116.7884,-20.6653],[116.8674,-20.526],[116.8087,-20.5293],[116.7464,-20.6205],[116.7645,-20.6325],[116.6425,-20.7047],[116.6889,-20.7058],[116.6664,-20.7283],[116.6848,-20.7505],[116.6421,-20.7219],[116.6638,-20.7414],[116.6396,-20.7259],[116.6298,-20.7512],[116.6306,-20.7107],[116.5917,-20.7345],[116.6052,-20.7538],[116.5259,-20.7529],[116.5445,-20.791],[116.5138,-20.7785],[116.4744,-20.831],[116.4424,-20.8242],[116.4949,-20.851],[116.399,-20.8222],[116.2995,-20.8886],[116.2046,-20.8338],[116.191,-20.8884],[116.2267,-20.8835],[116.1897,-20.9013],[116.1881,-20.9679],[116.1461,-21.0127],[116.1032,-21.0011],[116.0989,-21.0517],[116.0971,-21.0004],[115.9119,-21.1016],[115.9182,-21.0788],[115.8604,-21.2042],[115.8335,-21.2056],[115.8193,-21.2475],[115.8444,-21.2529],[115.7919,-21.2465],[115.7793,-21.2886],[115.7838,-21.2567],[115.7526,-21.284],[115.7563,-21.2539],[115.7486,-21.2894],[115.7031,-21.2795],[115.6832,-21.3193],[115.6525,-21.3157],[115.6622,-21.3422],[115.6403,-21.3271],[115.5888,-21.3799],[115.5975,-21.4109],[115.5836,-21.3848],[115.5509,-21.4131],[115.5654,-21.4573],[115.5493,-21.4347],[115.5097,-21.4579],[115.5083,-21.5395],[115.4756,-21.5472],[115.4677,-21.5147],[115.4557,-21.5485],[115.4573,-21.5085],[115.4465,-21.5438],[115.4129,-21.5248],[115.3312,-21.576],[115.3416,-21.596],[115.2423,-21.5768],[115.1422,-21.659],[115.1088,-21.6316],[115.0404,-21.6922],[114.9452,-21.6904],[114.9731,-21.6696],[114.9143,-21.6883],[114.7784,-21.7905],[114.6988,-21.8137],[114.6852,-21.8678],[114.6861,-21.8329],[114.6481,-21.8445],[114.6425,-21.9093],[114.6643,-21.9105],[114.6215,-21.9359],[114.6059,-22.0069],[114.5706,-22.0018],[114.5744,-22.0437],[114.559,-22.0203],[114.5516,-22.0665],[114.5173,-22.0665],[114.508,-22.1835],[114.4557,-22.1595],[114.5005,-22.2205],[114.4532,-22.208],[114.4819,-22.2515],[114.444,-22.242],[114.4726,-22.2644],[114.4298,-22.2754],[114.4609,-22.3293],[114.4336,-22.295],[114.4087,-22.3312],[114.4516,-22.3626],[114.407,-22.3509],[114.3964,-22.383],[114.4233,-22.3957],[114.3934,-22.391],[114.4079,-22.4292],[114.3803,-22.4413],[114.4038,-22.4694],[114.3403,-22.5163],[114.3174,-22.4406],[114.2824,-22.4338],[114.2256,-22.4574],[114.1888,-22.5208],[114.1438,-22.5381],[114.1252,-22.5116],[114.1221,-22.4158],[114.1782,-22.3534],[114.1785,-22.3054],[114.1158,-22.3312],[114.133,-22.2616],[114.0803,-22.1541],[114.1489,-21.8667],[114.191,-21.8146],[114.1612,-21.7862],[113.9951,-21.8755],[113.9336,-21.9732],[113.8162,-22.3157],[113.6541,-22.5788],[113.6864,-22.6644],[113.6705,-22.7171],[113.7553,-22.7562],[113.8262,-22.956],[113.8125,-23.0828],[113.7605,-23.1213],[113.7944,-23.2961],[113.7797,-23.4706],[113.7533,-23.5282],[113.6132,-23.6309],[113.4703,-23.8986],[113.4587,-24.0136],[113.4222,-24.0429],[113.4433,-24.1817],[113.3902,-24.224],[113.3995,-24.4114],[113.4276,-24.5156],[113.6232,-24.746],[113.6175,-24.8586],[113.7069,-24.8507],[113.6444,-24.8781],[113.6919,-24.9285],[113.666,-25.0227],[113.7124,-25.1033],[113.8171,-25.1736],[114.0042,-25.6185],[114.2668,-25.8877],[114.2653,-25.9821],[114.1947,-25.9836],[114.2547,-26.1449],[114.2253,-26.165],[114.2235,-26.119],[114.1883,-26.1803],[114.2377,-26.3128],[114.2103,-26.3721],[114.0768,-26.4666],[113.9729,-26.3425],[113.9343,-26.2039],[113.9476,-26.143],[113.9108,-26.1224],[113.8935,-26.0351],[113.9144,-25.9824],[113.8772,-25.9451],[113.8837,-26.0602],[113.8301,-26.1538],[113.7802,-26.2134],[113.7535,-26.185],[113.7032,-26.1998],[113.7283,-26.1872],[113.6999,-26.045],[113.7343,-26.0137],[113.7619,-25.8786],[113.7217,-25.8681],[113.7219,-25.7932],[113.6067,-25.7143],[113.5813,-25.6208],[113.5252,-25.6078],[113.5111,-25.5033],[113.432,-25.6257],[113.4145,-25.7247],[113.4693,-25.7855],[113.4447,-25.7095],[113.4724,-25.7093],[113.4611,-25.8094],[113.5591,-25.9464],[113.5803,-26.0972],[113.6208,-26.1009],[113.6881,-26.2175],[113.7977,-26.2523],[113.8807,-26.3354],[113.8829,-26.5085],[113.8077,-26.611],[113.7694,-26.5873],[113.7384,-26.6176],[113.6868,-26.6017],[113.7049,-26.6621],[113.664,-26.6745],[113.6637,-26.5962],[113.642,-26.6195],[113.6256,-26.5712],[113.6306,-26.4633],[113.6215,-26.5387],[113.6141,-26.4894],[113.5934,-26.5119],[113.6071,-26.6062],[113.5582,-26.574],[113.5772,-26.5046],[113.5372,-26.2795],[113.4939,-26.3103],[113.5283,-26.3622],[113.5033,-26.4688],[113.477,-26.4771],[113.5066,-26.3639],[113.3637,-26.0175],[113.3865,-26.2127],[113.3364,-26.3004],[113.3999,-26.4182],[113.356,-26.331],[113.3267,-26.3373],[113.2993,-26.016],[113.27,-26.2418],[113.2609,-26.1912],[113.1563,-26.1517],[113.2775,-26.294],[113.2967,-26.4002],[113.5844,-26.6714],[113.9664,-27.232],[114.1031,-27.4994],[114.1634,-27.707],[114.1735,-27.6589],[114.1817,-27.6803],[114.1051,-27.8495],[114.1751,-28.1109],[114.3212,-28.2303],[114.531,-28.496],[114.6124,-28.6635],[114.6147,-28.7626],[114.5761,-28.7844],[114.8721,-29.1167],[114.9976,-29.4935],[114.9579,-29.6837],[114.9827,-29.911],[114.9548,-30.0489],[115.0018,-30.1322],[114.9943,-30.2313],[115.0411,-30.268],[115.0205,-30.317],[115.0712,-30.4781],[115.054,-30.5051],[115.0942,-30.5483],[115.1898,-30.825],[115.3128,-30.9731],[115.4411,-31.2778],[115.6858,-31.6537],[115.7517,-31.8483],[115.7508,-32.0223],[115.7244,-32.0541],[115.7798,-32.0189],[115.7738,-31.9892],[115.8834,-31.967],[115.8847,-31.9384],[115.9141,-31.9503],[115.974,-31.8937],[115.9148,-31.9512],[115.8859,-31.9406],[115.8837,-31.9691],[115.8451,-31.9652],[115.8573,-32.0312],[115.9016,-32.0276],[115.8608,-32.0457],[115.8464,-32.0017],[115.8144,-32.0291],[115.7867,-32.011],[115.7322,-32.0557],[115.7746,-32.1938],[115.7367,-32.2697],[115.6847,-32.266],[115.7433,-32.3336],[115.7129,-32.3702],[115.7502,-32.4396],[115.7185,-32.5644],[115.7775,-32.5963],[115.747,-32.6463],[115.6664,-32.6157],[115.7268,-32.7533],[115.7124,-32.7877],[115.641,-32.6185],[115.7176,-32.5576],[115.7105,-32.5206],[115.6278,-32.5995],[115.6082,-32.6667],[115.6878,-33.1086],[115.6663,-33.3221],[115.6358,-33.3088],[115.5736,-33.4538],[115.3672,-33.6394],[115.2067,-33.651],[115.0043,-33.5302],[115.0283,-33.6342],[114.9751,-33.6981],[115.0001,-33.7942],[114.9759,-33.8642],[114.9911,-34.0985],[115.0391,-34.1982],[115.0237,-34.2529],[115.1333,-34.3757],[115.1664,-34.3568],[115.1438,-34.2895],[115.1767,-34.2657],[115.2019,-34.2776],[115.1689,-34.3217],[115.3454,-34.3162],[115.5779,-34.4221],[115.947,-34.7207],[116.0136,-34.84]]],[[[117.8695,-35.1911],[117.8722,-35.1916],[117.8671,-35.1843],[117.8695,-35.1911]]],[[[117.8939,-35.1853],[117.8997,-35.1815],[117.8727,-35.1825],[117.8939,-35.1853]]],[[[113.103,-25.1718],[113.1184,-24.9922],[113.076,-25.2732],[113.103,-25.1718]]],[[[114.3569,-22.4879],[114.3573,-22.4875],[114.3567,-22.4872],[114.3569,-22.4879]]],[[[114.3396,-22.488],[114.3398,-22.4861],[114.3388,-22.4875],[114.3396,-22.488]],[[114.1696,-22.4551],[114.1476,-22.4894],[114.1687,-22.4455],[114.1696,-22.4551]]],[[[114.1359,-22.4488],[114.1386,-22.4482],[114.1418,-22.4372],[114.1359,-22.4488]]],[[[114.132,-22.4602],[114.1325,-22.4565],[114.1313,-22.4587],[114.132,-22.4602]]],[[[114.4008,-22.4653],[114.3993,-22.4636],[114.3975,-22.4635],[114.4008,-22.4653]]],[[[114.1511,-22.4435],[114.1508,-22.4423],[114.1502,-22.443],[114.1511,-22.4435]]],[[[114.1849,-22.425],[114.1869,-22.4138],[114.1816,-22.4107],[114.1849,-22.425]]],[[[114.3869,-22.4022],[114.3823,-22.3953],[114.3772,-22.3991],[114.3869,-22.4022]]],[[[114.1833,-22.4011],[114.1844,-22.3999],[114.1838,-22.3986],[114.1833,-22.4011]]],[[[114.3051,-22.4302],[114.3039,-22.4283],[114.3037,-22.4293],[114.3051,-22.4302]]],[[[114.3799,-22.439],[114.3798,-22.4372],[114.379,-22.4382],[114.3799,-22.439]]],[[[114.3759,-22.4377],[114.3766,-22.4368],[114.3755,-22.4362],[114.3759,-22.4377]]],[[[114.3898,-22.4017],[114.3903,-22.4015],[114.39,-22.4007],[114.3898,-22.4017]]],[[[114.3806,-22.3938],[114.3809,-22.3932],[114.3804,-22.393],[114.3806,-22.3938]]],[[[113.1261,-24.8927],[113.119,-24.9869],[113.1498,-24.9351],[113.1597,-24.7546],[113.1261,-24.8927]]],[[[113.6412,-24.8971],[113.6438,-24.8711],[113.6199,-24.8717],[113.6412,-24.8971]]],[[[113.6418,-24.8887],[113.6534,-24.8863],[113.645,-24.8809],[113.6418,-24.8887]]],[[[113.6207,-24.8645],[113.6161,-24.8684],[113.6287,-24.8644],[113.6207,-24.8645]]],[[[113.8846,-25.3338],[113.8768,-25.3236],[113.8792,-25.3315],[113.8846,-25.3338]]],[[[113.4082,-24.4905],[113.4094,-24.488],[113.4077,-24.4889],[113.4082,-24.4905]]],[[[113.8869,-25.335],[113.8884,-25.3345],[113.8858,-25.3319],[113.8869,-25.335]]],[[[113.6199,-24.863],[113.6205,-24.8621],[113.618,-24.8609],[113.6199,-24.863]]],[[[113.9112,-25.4017],[113.9117,-25.4008],[113.9097,-25.399],[113.9112,-25.4017]]],[[[113.883,-25.3255],[113.8828,-25.3239],[113.8809,-25.3226],[113.883,-25.3255]]],[[[113.1603,-24.7509],[113.1607,-24.7485],[113.1595,-24.7494],[113.1603,-24.7509]]],[[[113.1679,-24.7988],[113.1684,-24.798],[113.1672,-24.7976],[113.1679,-24.7988]]],[[[113.89,-25.3382],[113.889,-25.3367],[113.8889,-25.3377],[113.89,-25.3382]]],[[[114.5035,-22.0159],[114.5368,-22.0615],[114.5408,-22.0074],[114.5103,-21.9938],[114.5035,-22.0159]]],[[[114.5707,-22.001],[114.5792,-21.9839],[114.5661,-21.9867],[114.5707,-22.001]]],[[[114.5407,-22.0601],[114.5481,-22.0592],[114.5455,-22.0485],[114.5407,-22.0601]]],[[[114.4608,-22.2463],[114.4514,-22.2383],[114.4533,-22.2453],[114.4608,-22.2463]]],[[[114.4914,-22.1186],[114.4843,-22.1353],[114.4902,-22.1354],[114.4914,-22.1186]]],[[[114.5153,-22.0937],[114.5067,-22.1061],[114.5126,-22.1061],[114.5153,-22.0937]]],[[[114.4891,-22.1531],[114.486,-22.1458],[114.4827,-22.1503],[114.4891,-22.1531]]],[[[114.4975,-22.1518],[114.4943,-22.1495],[114.4968,-22.1588],[114.4975,-22.1518]]],[[[114.4228,-21.9517],[114.4175,-21.9503],[114.4178,-21.9555],[114.4228,-21.9517]]],[[[114.4462,-22.298],[114.4503,-22.295],[114.4415,-22.2936],[114.4462,-22.298]]],[[[114.4318,-22.2938],[114.4295,-22.2872],[114.4278,-22.2903],[114.4318,-22.2938]]],[[[114.5645,-21.8894],[114.5606,-21.8838],[114.5572,-21.8837],[114.5645,-21.8894]]],[[[114.4322,-21.9246],[114.4344,-21.9209],[114.431,-21.92],[114.4322,-21.9246]]],[[[114.5515,-21.9999],[114.5541,-21.9994],[114.553,-21.9957],[114.5515,-21.9999]]],[[[114.4895,-21.9623],[114.493,-21.9599],[114.4906,-21.959],[114.4895,-21.9623]]],[[[114.4178,-22.3154],[114.4158,-22.3118],[114.414,-22.3151],[114.4178,-22.3154]]],[[[114.1988,-22.3541],[114.2027,-22.3494],[114.1976,-22.3533],[114.1988,-22.3541]]],[[[114.5211,-21.9577],[114.5233,-21.9563],[114.5211,-21.9558],[114.5211,-21.9577]]],[[[114.5161,-22.1189],[114.5148,-22.1157],[114.5143,-22.1171],[114.5161,-22.1189]]],[[[114.4713,-22.1833],[114.4724,-22.1826],[114.4708,-22.1811],[114.4713,-22.1833]]],[[[114.4588,-22.3248],[114.4591,-22.3235],[114.4577,-22.3223],[114.4588,-22.3248]]],[[[114.4539,-22.2942],[114.4547,-22.2927],[114.4528,-22.2935],[114.4539,-22.2942]]],[[[114.3786,-22.1952],[114.3806,-22.1948],[114.3788,-22.194],[114.3786,-22.1952]]],[[[114.5236,-21.9292],[114.5228,-21.9277],[114.5216,-21.9284],[114.5236,-21.9292]]],[[[114.5462,-22.0617],[114.5471,-22.0614],[114.5465,-22.0605],[114.5462,-22.0617]]],[[[114.5061,-22.1513],[114.5064,-22.1509],[114.5052,-22.1501],[114.5061,-22.1513]]],[[[114.4896,-22.2156],[114.4905,-22.2154],[114.4901,-22.2147],[114.4896,-22.2156]]],[[[114.4604,-22.21],[114.4608,-22.2093],[114.4602,-22.209],[114.4604,-22.21]]],[[[114.4324,-22.2215],[114.4323,-22.2209],[114.4315,-22.2212],[114.4324,-22.2215]]],[[[114.4282,-22.2191],[114.4287,-22.2187],[114.428,-22.2182],[114.4282,-22.2191]]],[[[114.4917,-22.2126],[114.4916,-22.2118],[114.4913,-22.2122],[114.4917,-22.2126]]],[[[114.4894,-22.2142],[114.4898,-22.2137],[114.4894,-22.2135],[114.4894,-22.2142]]],[[[115.4258,-21.5257],[115.4653,-21.4934],[115.4351,-21.5032],[115.4258,-21.5257]]],[[[114.9754,-21.4617],[115.025,-21.4583],[114.9903,-21.451],[114.9754,-21.4617]]],[[[114.306,-21.7116],[114.3502,-21.6602],[114.3176,-21.6856],[114.306,-21.7116]]],[[[114.359,-21.6509],[114.3915,-21.6261],[114.3753,-21.628],[114.359,-21.6509]]],[[[115.4767,-21.5174],[115.4917,-21.535],[115.4962,-21.5109],[115.4767,-21.5174]]],[[[115.2124,-21.5982],[115.245,-21.5649],[115.2289,-21.5693],[115.2124,-21.5982]]],[[[114.6834,-21.6309],[114.6974,-21.6259],[114.665,-21.5913],[114.6834,-21.6309]]],[[[115.376,-21.4453],[115.3626,-21.4634],[115.3732,-21.4591],[115.376,-21.4453]]],[[[115.3556,-21.4871],[115.3615,-21.4851],[115.356,-21.4683],[115.3556,-21.4871]]],[[[115.4127,-21.5152],[115.4283,-21.5028],[115.414,-21.5075],[115.4127,-21.5152]]],[[[114.7581,-21.5284],[114.7667,-21.5302],[114.7658,-21.5211],[114.7581,-21.5284]]],[[[115.5422,-21.3869],[115.5432,-21.394],[115.5451,-21.3809],[115.5422,-21.3869]]],[[[114.9355,-21.595],[114.9368,-21.5893],[114.9326,-21.5916],[114.9355,-21.595]]],[[[114.5503,-21.8091],[114.5554,-21.8067],[114.5492,-21.8039],[114.5503,-21.8091]]],[[[114.7666,-21.7193],[114.7695,-21.713],[114.7654,-21.714],[114.7666,-21.7193]]],[[[115.1639,-21.3248],[115.172,-21.3245],[115.1656,-21.3209],[115.1639,-21.3248]]],[[[114.6218,-21.6063],[114.6253,-21.604],[114.6202,-21.5997],[114.6218,-21.6063]]],[[[115.352,-21.513],[115.3577,-21.5067],[115.3564,-21.504],[115.352,-21.513]]],[[[115.5038,-21.2979],[115.502,-21.2924],[115.4999,-21.2948],[115.5038,-21.2979]]],[[[115.1319,-21.5362],[115.1325,-21.532],[115.1277,-21.5329],[115.1319,-21.5362]]],[[[115.5135,-21.4443],[115.5175,-21.4351],[115.5137,-21.4409],[115.5135,-21.4443]]],[[[114.5421,-21.742],[114.5442,-21.7397],[114.5414,-21.7382],[114.5421,-21.742]]],[[[115.4457,-21.3126],[115.4504,-21.3106],[115.4513,-21.3067],[115.4457,-21.3126]]],[[[114.9843,-21.6759],[114.9856,-21.6738],[114.9817,-21.6727],[114.9843,-21.6759]]],[[[114.4204,-21.7019],[114.4181,-21.7036],[114.4201,-21.7054],[114.4204,-21.7019]]],[[[114.51,-21.6032],[114.5111,-21.6024],[114.5083,-21.5987],[114.51,-21.6032]]],[[[115.4036,-21.411],[115.4116,-21.408],[115.4046,-21.4087],[115.4036,-21.411]]],[[[115.6612,-21.3103],[115.6615,-21.3056],[115.6597,-21.308],[115.6612,-21.3103]]],[[[115.2171,-21.5112],[115.2192,-21.51],[115.2166,-21.5088],[115.2171,-21.5112]]],[[[115.3903,-21.5528],[115.392,-21.5519],[115.3879,-21.55],[115.3903,-21.5528]]],[[[115.4357,-21.4209],[115.44,-21.4177],[115.4351,-21.4193],[115.4357,-21.4209]]],[[[114.8614,-21.5819],[114.8623,-21.5802],[114.8604,-21.5794],[114.8614,-21.5819]]],[[[115.5211,-21.4282],[115.5214,-21.4263],[115.5191,-21.4273],[115.5211,-21.4282]]],[[[115.5982,-21.2761],[115.599,-21.2732],[115.5975,-21.2739],[115.5982,-21.2761]]],[[[115.4313,-21.4146],[115.4317,-21.4121],[115.4303,-21.413],[115.4313,-21.4146]]],[[[115.2028,-21.5217],[115.2055,-21.5206],[115.2024,-21.5205],[115.2028,-21.5217]]],[[[114.9911,-21.6797],[114.9908,-21.6776],[114.9886,-21.6761],[114.9911,-21.6797]]],[[[115.4414,-21.3578],[115.4429,-21.3572],[115.4419,-21.3555],[115.4414,-21.3578]]],[[[115.5109,-21.4547],[115.5126,-21.4532],[115.5097,-21.4542],[115.5109,-21.4547]]],[[[114.7202,-21.6131],[114.7204,-21.6119],[114.7178,-21.6117],[114.7202,-21.6131]]],[[[115.5041,-21.4801],[115.504,-21.4788],[115.502,-21.4798],[115.5041,-21.4801]]],[[[114.654,-21.6468],[114.655,-21.645],[114.653,-21.6456],[114.654,-21.6468]]],[[[115.4432,-21.5413],[115.4458,-21.5398],[115.4443,-21.5396],[115.4432,-21.5413]]],[[[114.5486,-21.8742],[114.5493,-21.8732],[114.5473,-21.873],[114.5486,-21.8742]]],[[[114.6014,-21.8729],[114.6022,-21.8726],[114.6005,-21.8715],[114.6014,-21.8729]]],[[[115.3781,-21.4454],[115.3787,-21.445],[115.3781,-21.4433],[115.3781,-21.4454]]],[[[115.432,-21.4178],[115.4326,-21.4169],[115.4313,-21.4188],[115.432,-21.4178]]],[[[114.7753,-21.5511],[114.7757,-21.5503],[114.7739,-21.5505],[114.7753,-21.5511]]],[[[115.5038,-21.4693],[115.5032,-21.468],[115.5026,-21.4685],[115.5038,-21.4693]]],[[[115.4144,-21.4342],[115.4143,-21.4326],[115.4138,-21.4338],[115.4144,-21.4342]]],[[[114.9752,-21.4228],[114.9763,-21.4219],[114.9751,-21.4218],[114.9752,-21.4228]]],[[[115.4345,-21.3275],[115.4346,-21.3265],[115.4336,-21.3266],[115.4345,-21.3275]]],[[[114.708,-21.5648],[114.7085,-21.5642],[114.7074,-21.5638],[114.708,-21.5648]]],[[[114.5587,-21.8045],[114.5593,-21.8039],[114.5583,-21.8035],[114.5587,-21.8045]]],[[[115.4843,-21.4183],[115.4846,-21.4178],[115.4836,-21.4172],[115.4843,-21.4183]]],[[[115.573,-21.2936],[115.5734,-21.2928],[115.5724,-21.2926],[115.573,-21.2936]]],[[[115.3595,-21.5052],[115.3605,-21.5045],[115.3599,-21.5043],[115.3595,-21.5052]]],[[[115.3513,-21.5159],[115.3516,-21.515],[115.351,-21.5149],[115.3513,-21.5159]]],[[[115.4322,-21.3729],[115.4317,-21.3721],[115.4315,-21.3726],[115.4322,-21.3729]]],[[[115.3496,-21.5099],[115.3499,-21.5095],[115.3492,-21.5091],[115.3496,-21.5099]]],[[[115.441,-21.3617],[115.4407,-21.361],[115.4404,-21.3615],[115.441,-21.3617]]],[[[114.9755,-21.4289],[114.9754,-21.4283],[114.9745,-21.4286],[114.9755,-21.4289]]],[[[113.0124,-25.5167],[113.0217,-25.4978],[112.9707,-25.4804],[112.9282,-25.5285],[112.9664,-25.7803],[113.2163,-26.1625],[113.2379,-26.1064],[113.2198,-26.0367],[113.1681,-25.9433],[113.1367,-25.9774],[113.1265,-25.9224],[113.156,-25.8878],[113.1097,-25.868],[113.0124,-25.5167]]],[[[113.9172,-25.8592],[113.9094,-25.8174],[113.8518,-25.8161],[113.88,-25.8869],[113.9196,-25.8974],[113.9172,-25.8592]]],[[[113.6862,-28.4826],[113.7083,-28.4647],[113.7006,-28.4403],[113.6862,-28.4826]]],[[[113.7197,-28.4455],[113.7447,-28.4264],[113.7181,-28.43],[113.7197,-28.4455]]],[[[113.5891,-28.3022],[113.6029,-28.2972],[113.5949,-28.2893],[113.5891,-28.3022]]],[[[113.7626,-26.544],[113.7757,-26.5454],[113.7728,-26.5317],[113.7626,-26.544]]],[[[113.8792,-26.0409],[113.8688,-26.0168],[113.8373,-26.0021],[113.8792,-26.0409]]],[[[113.8777,-26.0557],[113.8778,-26.0484],[113.8657,-26.0829],[113.8777,-26.0557]]],[[[113.8621,-26.3685],[113.8684,-26.3841],[113.8653,-26.3487],[113.8621,-26.3685]]],[[[113.3382,-26.3158],[113.332,-26.3169],[113.3395,-26.3235],[113.3382,-26.3158]]],[[[113.7058,-26.0945],[113.7211,-26.0633],[113.7169,-26.0577],[113.7058,-26.0945]]],[[[113.7042,-26.1201],[113.705,-26.1236],[113.7034,-26.0949],[113.7042,-26.1201]]],[[[114.0311,-25.6512],[114.024,-25.6381],[114.0231,-25.6436],[114.0311,-25.6512]]],[[[113.8593,-28.6917],[113.8696,-28.686],[113.8598,-28.6861],[113.8593,-28.6917]],[[113.7071,-26.1398],[113.7071,-26.1422],[113.7045,-26.1255],[113.7071,-26.1398]]],[[[113.5081,-26.4],[113.5121,-26.3938],[113.5074,-26.3946],[113.5081,-26.4]]],[[[114.0639,-25.6855],[114.0539,-25.677],[114.0543,-25.68],[114.0639,-25.6855]],[[113.8958,-25.9547],[113.9018,-25.9568],[113.8872,-25.9519],[113.8958,-25.9547]]],[[[113.6476,-26.5185],[113.652,-26.5184],[113.6512,-26.5129],[113.6476,-26.5185]]],[[[114.0258,-25.6619],[114.0286,-25.6607],[114.0234,-25.656],[114.0258,-25.6619]]],[[[113.773,-28.4787],[113.7746,-28.4754],[113.7729,-28.4638],[113.773,-28.4787]]],[[[113.7152,-26.0407],[113.718,-26.0385],[113.7183,-26.0299],[113.7152,-26.0407]]],[[[113.8568,-25.8672],[113.8527,-25.8611],[113.8526,-25.8644],[113.8568,-25.8672]]],[[[113.8813,-26.4529],[113.8833,-26.4519],[113.8805,-26.4445],[113.8813,-26.4529]]],[[[113.706,-26.0813],[113.7091,-26.0766],[113.7072,-26.0737],[113.706,-26.0813]]],[[[113.8805,-26.4564],[113.877,-26.4478],[113.8774,-26.4538],[113.8805,-26.4564]]],[[[113.5048,-26.4142],[113.5064,-26.4128],[113.503,-26.4099],[113.5048,-26.4142]]],[[[113.8321,-28.6869],[113.8336,-28.6794],[113.8314,-28.6797],[113.8321,-28.6869]]],[[[114.2308,-26.1609],[114.2342,-26.1576],[114.2298,-26.1589],[114.2308,-26.1609]]],[[[113.8657,-26.3468],[113.8694,-26.3397],[113.867,-26.3422],[113.8657,-26.3468]]],[[[113.8307,-28.676],[113.8323,-28.6738],[113.8294,-28.6703],[113.8307,-28.676]]],[[[113.957,-26.2511],[113.9627,-26.2459],[113.9572,-26.2499],[113.957,-26.2511]]],[[[113.7154,-28.459],[113.7182,-28.4529],[113.7143,-28.4574],[113.7154,-28.459]]],[[[113.8767,-26.4465],[113.8795,-26.4419],[113.8767,-26.4438],[113.8767,-26.4465]]],[[[113.9157,-25.8462],[113.918,-25.8447],[113.9169,-25.842],[113.9157,-25.8462]]],[[[113.6478,-26.5561],[113.6485,-26.5525],[113.645,-26.554],[113.6478,-26.5561]]],[[[114.0696,-25.6873],[114.07,-25.6861],[114.0663,-25.6836],[114.0696,-25.6873]]],[[[113.8765,-28.6733],[113.8782,-28.6724],[113.8767,-28.6694],[113.8765,-28.6733]]],[[[114.238,-26.0858],[114.2369,-26.0754],[114.2369,-26.0834],[114.238,-26.0858]]],[[[113.8743,-26.0177],[113.8744,-26.0121],[113.8736,-26.0157],[113.8743,-26.0177]]],[[[113.3786,-26.2043],[113.3779,-26.2013],[113.376,-26.2018],[113.3786,-26.2043]]],[[[114.0715,-25.6904],[114.0675,-25.688],[114.0684,-25.69],[114.0715,-25.6904]]],[[[113.7241,-26.2005],[113.7249,-26.1968],[113.7238,-26.1959],[113.7241,-26.2005]]],[[[113.7134,-28.4636],[113.7154,-28.4609],[113.7136,-28.4612],[113.7134,-28.4636]]],[[[113.7153,-26.0566],[113.7143,-26.0541],[113.7123,-26.0539],[113.7153,-26.0566]]],[[[114.2305,-26.1156],[114.2273,-26.1126],[114.225,-26.1121],[114.2305,-26.1156]]],[[[113.5086,-26.2307],[113.5098,-26.23],[113.5076,-26.2277],[113.5086,-26.2307]]],[[[113.8756,-28.6664],[113.877,-28.6659],[113.8776,-28.6622],[113.8756,-28.6664]]],[[[113.8675,-25.8045],[113.8705,-25.8031],[113.8683,-25.8027],[113.8675,-25.8045]]],[[[113.7675,-28.4976],[113.7671,-28.4947],[113.7659,-28.4966],[113.7675,-28.4976]]],[[[113.6927,-26.534],[113.6904,-26.5321],[113.6895,-26.5337],[113.6927,-26.534]]],[[[113.8528,-28.6756],[113.8541,-28.6733],[113.8512,-28.6742],[113.8528,-28.6756]]],[[[113.869,-25.9858],[113.8678,-25.9869],[113.8686,-25.989],[113.869,-25.9858]]],[[[113.7256,-28.4556],[113.7281,-28.4526],[113.7263,-28.4536],[113.7256,-28.4556]]],[[[113.3118,-26.0856],[113.3127,-26.0846],[113.3115,-26.0823],[113.3118,-26.0856]]],[[[113.8777,-26.0212],[113.8781,-26.0203],[113.876,-26.0188],[113.8777,-26.0212]]],[[[113.8293,-28.6686],[113.827,-28.6666],[113.8274,-28.6684],[113.8293,-28.6686]]],[[[113.5042,-26.4042],[113.5056,-26.4017],[113.5039,-26.4031],[113.5042,-26.4042]]],[[[113.8127,-28.4658],[113.8137,-28.463],[113.8126,-28.4635],[113.8127,-28.4658]]],[[[113.802,-28.484],[113.8039,-28.4817],[113.8032,-28.4816],[113.802,-28.484]]],[[[113.8781,-28.6607],[113.8786,-28.6583],[113.8781,-28.6571],[113.8781,-28.6607]]],[[[113.8836,-28.6308],[113.8842,-28.6296],[113.8822,-28.6298],[113.8836,-28.6308]]],[[[113.6917,-26.5463],[113.6919,-26.5448],[113.6908,-26.544],[113.6917,-26.5463]]],[[[113.8616,-28.6697],[113.8633,-28.6684],[113.862,-28.6684],[113.8616,-28.6697]]],[[[113.6664,-26.6139],[113.6674,-26.6129],[113.6656,-26.6125],[113.6664,-26.6139]]],[[[113.8077,-28.4768],[113.8089,-28.4753],[113.8084,-28.4739],[113.8077,-28.4768]]],[[[113.5898,-26.4901],[113.5903,-26.4885],[113.5891,-26.489],[113.5898,-26.4901]]],[[[113.875,-26.0722],[113.8774,-26.0709],[113.8773,-26.07],[113.875,-26.0722]]],[[[113.5007,-26.3202],[113.5021,-26.3187],[113.5016,-26.3177],[113.5007,-26.3202]]],[[[113.7862,-28.4761],[113.7842,-28.4743],[113.7844,-28.4757],[113.7862,-28.4761]]],[[[113.8702,-26.3886],[113.8698,-26.3863],[113.8691,-26.3871],[113.8702,-26.3886]]],[[[113.6325,-26.5754],[113.6339,-26.575],[113.6311,-26.5746],[113.6325,-26.5754]]],[[[113.4147,-26.0916],[113.4156,-26.0908],[113.4139,-26.0899],[113.4147,-26.0916]]],[[[114.0352,-25.652],[114.0338,-25.6501],[114.0337,-25.6514],[114.0352,-25.652]]],[[[113.5712,-26.4883],[113.5717,-26.4869],[113.5707,-26.4866],[113.5712,-26.4883]]],[[[114.0251,-25.6374],[114.0255,-25.6367],[114.0236,-25.6363],[114.0251,-25.6374]]],[[[113.568,-26.3659],[113.5695,-26.3648],[113.569,-26.3638],[113.568,-26.3659]]],[[[114.0221,-25.6344],[114.021,-25.6327],[114.0206,-25.6336],[114.0221,-25.6344]]],[[[113.7316,-28.4781],[113.7306,-28.4776],[113.7305,-28.479],[113.7316,-28.4781]]],[[[113.6189,-26.4163],[113.6196,-26.4148],[113.6183,-26.4154],[113.6189,-26.4163]]],[[[113.7638,-26.4441],[113.7631,-26.4427],[113.7625,-26.4435],[113.7638,-26.4441]]],[[[113.7431,-28.4769],[113.7443,-28.4757],[113.7427,-28.4761],[113.7431,-28.4769]]],[[[114.0331,-25.6551],[114.0343,-25.6544],[114.0333,-25.6534],[114.0331,-25.6551]]],[[[113.5025,-26.2271],[113.5018,-26.2275],[113.5038,-26.2285],[113.5025,-26.2271]]],[[[113.5696,-26.3672],[113.5702,-26.3654],[113.5692,-26.3657],[113.5696,-26.3672]]],[[[113.9067,-25.9588],[113.9065,-25.9575],[113.9048,-25.9574],[113.9067,-25.9588]]],[[[113.6855,-26.4854],[113.686,-26.4847],[113.6845,-26.4842],[113.6855,-26.4854]]],[[[113.7167,-28.4519],[113.7175,-28.4506],[113.7162,-28.4512],[113.7167,-28.4519]]],[[[113.7258,-26.585],[113.7255,-26.5831],[113.7249,-26.5829],[113.7258,-26.585]]],[[[113.6189,-26.4082],[113.6202,-26.4066],[113.6194,-26.4059],[113.6189,-26.4082]]],[[[113.5762,-26.0945],[113.5772,-26.0939],[113.5766,-26.0932],[113.5762,-26.0945]]],[[[113.6519,-26.5929],[113.6532,-26.5911],[113.6514,-26.592],[113.6519,-26.5929]]],[[[113.7075,-28.4688],[113.7083,-28.4679],[113.7069,-28.468],[113.7075,-28.4688]]],[[[113.5662,-26.4441],[113.5668,-26.4435],[113.5658,-26.4425],[113.5662,-26.4441]]],[[[113.512,-26.3411],[113.5122,-26.3395],[113.5113,-26.3402],[113.512,-26.3411]]],[[[113.157,-25.9101],[113.1576,-25.9095],[113.1565,-25.9087],[113.157,-25.9101]]],[[[113.7236,-28.4626],[113.7241,-28.4608],[113.7234,-28.4615],[113.7236,-28.4626]]],[[[113.6767,-28.4587],[113.6786,-28.4582],[113.6766,-28.4581],[113.6767,-28.4587]]],[[[113.7133,-28.4746],[113.7136,-28.4736],[113.7125,-28.4736],[113.7133,-28.4746]]],[[[114.0031,-25.6161],[114.0038,-25.6156],[114.0026,-25.6151],[114.0031,-25.6161]]],[[[113.5046,-26.3001],[113.5052,-26.2988],[113.5043,-26.2984],[113.5046,-26.3001]]],[[[113.237,-26.1253],[113.2377,-26.1243],[113.2364,-26.1247],[113.237,-26.1253]]],[[[113.6979,-28.474],[113.6995,-28.4738],[113.6987,-28.4734],[113.6979,-28.474]]],[[[114.2316,-26.1029],[114.2327,-26.1022],[114.2316,-26.102],[114.2316,-26.1029]]],[[[113.7838,-28.4843],[113.7844,-28.4837],[113.7828,-28.4837],[113.7838,-28.4843]]],[[[113.7,-28.4743],[113.7009,-28.4745],[113.701,-28.4736],[113.7,-28.4743]]],[[[113.7114,-28.4686],[113.7115,-28.4675],[113.7108,-28.4682],[113.7114,-28.4686]]],[[[113.6667,-26.6617],[113.667,-26.6607],[113.666,-26.6601],[113.6667,-26.6617]]],[[[113.4044,-26.1028],[113.4051,-26.1023],[113.4046,-26.1014],[113.4044,-26.1028]]],[[[113.2009,-26.0014],[113.2016,-26.0005],[113.2002,-26.0008],[113.2009,-26.0014]]],[[[113.3953,-26.0579],[113.3966,-26.057],[113.3951,-26.0569],[113.3953,-26.0579]]],[[[113.3733,-26.3882],[113.3734,-26.387],[113.3728,-26.387],[113.3733,-26.3882]]],[[[114.2278,-26.1101],[114.2266,-26.1089],[114.2267,-26.1097],[114.2278,-26.1101]]],[[[113.7724,-28.4627],[113.7731,-28.4618],[113.7724,-28.4613],[113.7724,-28.4627]]],[[[113.6164,-26.452],[113.6169,-26.4507],[113.6159,-26.4498],[113.6164,-26.452]]],[[[113.8533,-28.6708],[113.8541,-28.6701],[113.8533,-28.6699],[113.8533,-28.6708]]],[[[113.8295,-28.6864],[113.8288,-28.6868],[113.8293,-28.6873],[113.8295,-28.6864]]],[[[113.724,-26.5822],[113.7242,-26.5814],[113.7232,-26.5818],[113.724,-26.5822]]],[[[113.6093,-26.4873],[113.61,-26.4866],[113.6094,-26.4862],[113.6093,-26.4873]]],[[[113.3794,-26.3886],[113.379,-26.3876],[113.3787,-26.3883],[113.3794,-26.3886]]],[[[113.7401,-28.4952],[113.7411,-28.4948],[113.7404,-28.4945],[113.7401,-28.4952]]],[[[113.7639,-28.4702],[113.7633,-28.4708],[113.7642,-28.4707],[113.7639,-28.4702]]],[[[113.8549,-28.6722],[113.8551,-28.6715],[113.8544,-28.6718],[113.8549,-28.6722]]],[[[113.859,-28.6728],[113.8593,-28.6719],[113.8588,-28.6722],[113.859,-28.6728]]],[[[114.2312,-26.1105],[114.2316,-26.1101],[114.2312,-26.1096],[114.2312,-26.1105]]],[[[113.8561,-28.6744],[113.8557,-28.6748],[113.8564,-28.6749],[113.8561,-28.6744]]],[[[113.8093,-28.4739],[113.8096,-28.4734],[113.8091,-28.4735],[113.8093,-28.4739]]],[[[113.857,-28.6748],[113.8575,-28.6745],[113.8567,-28.6747],[113.857,-28.6748]]],[[[113.859,-28.6815],[113.8595,-28.6812],[113.8589,-28.681],[113.859,-28.6815]]],[[[114.2772,-28.2143],[114.2774,-28.2142],[114.2772,-28.2141],[114.2772,-28.2143]]],[[[115.3215,-20.8083],[115.321,-20.8916],[115.3477,-20.8648],[115.3949,-20.8864],[115.4759,-20.7661],[115.4687,-20.6802],[115.431,-20.6684],[115.3215,-20.8083]]],[[[116.8241,-20.4979],[116.8222,-20.52],[116.8737,-20.5109],[116.8857,-20.4236],[116.8241,-20.4979]]],[[[116.5499,-20.6048],[116.5861,-20.5755],[116.4632,-20.6096],[116.5499,-20.6048]]],[[[116.5967,-20.6889],[116.5778,-20.7333],[116.648,-20.6823],[116.5967,-20.6889]]],[[[116.6114,-20.5934],[116.6001,-20.6122],[116.6338,-20.609],[116.6748,-20.5472],[116.6114,-20.5934]]],[[[116.9218,-20.4103],[116.9529,-20.4201],[116.8318,-20.3541],[116.9218,-20.4103]]],[[[117.7114,-20.643],[117.7444,-20.6275],[117.7171,-20.6076],[117.7114,-20.643]]],[[[116.6101,-20.4551],[116.5661,-20.4857],[116.6024,-20.4933],[116.6101,-20.4551]]],[[[115.5211,-20.4891],[115.5322,-20.5049],[115.5332,-20.4136],[115.5211,-20.4891]]],[[[116.658,-20.5938],[116.6352,-20.6319],[116.667,-20.6283],[116.6805,-20.5832],[116.658,-20.5938]]],[[[116.7866,-20.5111],[116.7982,-20.5186],[116.8274,-20.4657],[116.7866,-20.5111]]],[[[116.8113,-20.4473],[116.7979,-20.473],[116.8388,-20.4263],[116.8113,-20.4473]]],[[[115.5581,-20.3919],[115.583,-20.4204],[115.55,-20.3778],[115.5581,-20.3919]]],[[[117.0683,-20.6258],[117.0894,-20.6163],[117.0378,-20.636],[117.0683,-20.6258]]],[[[117.0747,-20.4415],[117.076,-20.4656],[117.0802,-20.4299],[117.0747,-20.4415]],[[115.3244,-20.9218],[115.3165,-20.9383],[115.3222,-20.895],[115.3244,-20.9218]]],[[[115.882,-20.9499],[115.902,-20.9558],[115.9009,-20.9376],[115.882,-20.9499]]],[[[118.5027,-20.3212],[118.5277,-20.3121],[118.5052,-20.3112],[118.5027,-20.3212]]],[[[116.817,-20.4239],[116.8143,-20.4421],[116.8346,-20.4159],[116.817,-20.4239]]],[[[116.6747,-20.6602],[116.6966,-20.6447],[116.6748,-20.651],[116.6747,-20.6602]]],[[[116.6748,-20.519],[116.6893,-20.5185],[116.6906,-20.5034],[116.6748,-20.519]]],[[[115.3259,-20.974],[115.3376,-20.966],[115.3163,-20.9474],[115.3259,-20.974]]],[[[117.8458,-20.5392],[117.8624,-20.5321],[117.8742,-20.5162],[117.8458,-20.5392]]],[[[116.1566,-20.9349],[116.1468,-20.9359],[116.1524,-20.9483],[116.1566,-20.9349]]],[[[116.4363,-20.6594],[116.4517,-20.6656],[116.4485,-20.6517],[116.4363,-20.6594]]],[[[115.5159,-20.363],[115.5395,-20.3717],[115.5325,-20.361],[115.5159,-20.363]]],[[[116.9679,-20.4278],[116.9589,-20.4303],[116.9742,-20.4452],[116.9679,-20.4278]],[[115.5319,-20.4074],[115.5165,-20.4159],[115.5408,-20.4024],[115.5319,-20.4074]]],[[[116.6597,-20.5233],[116.6712,-20.5187],[116.6556,-20.5169],[116.6597,-20.5233]]],[[[116.6361,-20.5548],[116.6474,-20.5571],[116.6493,-20.548],[116.6361,-20.5548]]],[[[115.5685,-20.647],[115.5832,-20.6611],[115.5659,-20.641],[115.5685,-20.647]]],[[[116.2433,-20.8126],[116.2479,-20.8185],[116.245,-20.802],[116.2433,-20.8126]]],[[[122.102,-16.8559],[122.1265,-16.8526],[122.0926,-16.8546],[122.102,-16.8559]]],[[[116.8217,-20.4118],[116.8219,-20.4057],[116.8106,-20.4148],[116.8217,-20.4118]]],[[[116.176,-20.9563],[116.1792,-20.9452],[116.1747,-20.9347],[116.176,-20.9563]]],[[[115.8534,-21.012],[115.8478,-21.0128],[115.8526,-21.0216],[115.8534,-21.012]]],[[[115.5249,-20.3887],[115.5177,-20.4011],[115.5266,-20.4007],[115.5249,-20.3887]]],[[[122.1364,-16.8581],[122.1438,-16.8591],[122.1285,-16.8532],[122.1364,-16.8581]]],[[[117.9182,-20.4768],[117.9254,-20.4743],[117.9308,-20.4645],[117.9182,-20.4768]]],[[[116.6533,-20.6749],[116.657,-20.6801],[116.6615,-20.6757],[116.6533,-20.6749]]],[[[117.7751,-20.5898],[117.7814,-20.5869],[117.7719,-20.5824],[117.7751,-20.5898]]],[[[116.3088,-20.7783],[116.3142,-20.7817],[116.3088,-20.7706],[116.3088,-20.7783]]],[[[118.8976,-19.8925],[118.9021,-19.8907],[118.8961,-19.8855],[118.8976,-19.8925]],[[115.544,-20.43],[115.5431,-20.4369],[115.5439,-20.4153],[115.544,-20.43]]],[[[117.664,-20.6436],[117.6825,-20.6342],[117.6776,-20.6335],[117.664,-20.6436]]],[[[116.039,-20.9122],[116.0378,-20.9043],[116.0335,-20.9047],[116.039,-20.9122]]],[[[115.5502,-20.4365],[115.5432,-20.4404],[115.5484,-20.447],[115.5502,-20.4365]]],[[[117.1733,-20.5595],[117.1773,-20.5577],[117.1768,-20.5465],[117.1733,-20.5595]]],[[[116.6649,-20.6697],[116.6723,-20.6674],[116.6676,-20.6646],[116.6649,-20.6697]]],[[[115.5138,-20.3744],[115.5222,-20.3698],[115.5143,-20.3683],[115.5138,-20.3744]]],[[[116.8255,-20.3977],[116.8342,-20.3892],[116.8343,-20.3832],[116.8255,-20.3977]]],[[[116.839,-20.4616],[116.8427,-20.4514],[116.8369,-20.4581],[116.839,-20.4616]]],[[[116.8624,-20.4076],[116.8665,-20.4087],[116.8553,-20.4018],[116.8624,-20.4076]]],[[[115.5236,-20.4278],[115.5298,-20.423],[115.5262,-20.4158],[115.5236,-20.4278]]],[[[116.6844,-20.5396],[116.6835,-20.5369],[116.6746,-20.5454],[116.6844,-20.5396]]],[[[115.8657,-20.9796],[115.8651,-20.9742],[115.8587,-20.9776],[115.8657,-20.9796]]],[[[115.6372,-21.2024],[115.6462,-21.1876],[115.6361,-21.2002],[115.6372,-21.2024]]],[[[116.8503,-20.4094],[116.8554,-20.4034],[116.8507,-20.4044],[116.8503,-20.4094]]],[[[122.1707,-18.2653],[122.1779,-18.2468],[122.171,-18.2557],[122.1707,-18.2653]]],[[[116.6275,-20.4602],[116.6342,-20.4586],[116.6261,-20.4534],[116.6275,-20.4602]]],[[[115.5602,-20.6427],[115.5589,-20.6336],[115.5551,-20.6373],[115.5602,-20.6427]]],[[[116.6473,-20.5169],[116.6516,-20.5112],[116.6456,-20.5138],[116.6473,-20.5169]]],[[[115.5835,-20.6634],[115.577,-20.6681],[115.5778,-20.6719],[115.5835,-20.6634]]],[[[116.8423,-20.4145],[116.8481,-20.409],[116.8401,-20.4113],[116.8423,-20.4145]]],[[[116.5478,-20.5412],[116.5497,-20.5361],[116.5432,-20.5372],[116.5478,-20.5412]]],[[[116.0663,-20.8218],[116.0714,-20.8224],[116.0613,-20.8181],[116.0663,-20.8218]]],[[[115.8225,-21.0816],[115.8301,-21.0813],[115.8262,-21.077],[115.8225,-21.0816]]],[[[123.0411,-16.3544],[123.0462,-16.3537],[123.0466,-16.3467],[123.0411,-16.3544]]],[[[116.6429,-20.6526],[116.6483,-20.6541],[116.6399,-20.6504],[116.6429,-20.6526]]],[[[115.545,-20.5295],[115.5464,-20.5214],[115.5426,-20.5241],[115.545,-20.5295]]],[[[117.7535,-20.5911],[117.7605,-20.5894],[117.768,-20.5849],[117.7535,-20.5911]]],[[[117.6929,-20.6407],[117.694,-20.6359],[117.6875,-20.6387],[117.6929,-20.6407]]],[[[116.6211,-20.472],[116.6263,-20.4719],[116.6286,-20.4678],[116.6211,-20.472]]],[[[115.6557,-21.1083],[115.6532,-21.1],[115.6512,-21.1041],[115.6557,-21.1083]]],[[[119.0988,-19.59],[119.1001,-19.5926],[119.0985,-19.5838],[119.0988,-19.59]]],[[[117.9297,-20.4753],[117.9316,-20.4706],[117.9273,-20.4726],[117.9297,-20.4753]]],[[[116.6533,-20.5086],[116.6542,-20.503],[116.6517,-20.5047],[116.6533,-20.5086]]],[[[117.2196,-20.6573],[117.2156,-20.657],[117.2164,-20.6612],[117.2196,-20.6573]]],[[[116.7741,-20.543],[116.78,-20.541],[116.78,-20.5363],[116.7741,-20.543]]],[[[122.8209,-16.7646],[122.8276,-16.762],[122.8196,-16.7625],[122.8209,-16.7646]]],[[[115.7352,-21.2665],[115.7388,-21.2633],[115.7333,-21.2642],[115.7352,-21.2665]]],[[[122.8137,-16.7555],[122.8177,-16.7576],[122.8215,-16.7513],[122.8137,-16.7555]]],[[[116.2843,-20.8612],[116.2892,-20.8578],[116.2832,-20.8573],[116.2843,-20.8612]]],[[[115.9844,-20.9652],[115.9872,-20.9661],[115.983,-20.962],[115.9844,-20.9652]]],[[[115.5194,-20.6331],[115.5258,-20.6307],[115.5196,-20.6304],[115.5194,-20.6331]]],[[[116.9607,-20.662],[116.9637,-20.6551],[116.9596,-20.6568],[116.9607,-20.662]]],[[[116.8082,-20.3889],[116.8052,-20.3847],[116.8017,-20.3843],[116.8082,-20.3889]]],[[[116.7054,-20.6488],[116.7049,-20.6529],[116.7099,-20.6448],[116.7054,-20.6488]]],[[[116.6171,-20.4481],[116.6178,-20.4419],[116.6145,-20.444],[116.6171,-20.4481]]],[[[115.5917,-20.4269],[115.5924,-20.421],[115.5893,-20.4224],[115.5917,-20.4269]]],[[[115.8447,-21.0512],[115.8419,-21.0483],[115.838,-21.0484],[115.8447,-21.0512]]],[[[117.2644,-20.6832],[117.267,-20.6824],[117.2642,-20.6795],[117.2644,-20.6832]]],[[[118.4578,-20.3223],[118.4654,-20.318],[118.4605,-20.3184],[118.4578,-20.3223]]],[[[115.5273,-20.3875],[115.5303,-20.3799],[115.5268,-20.3827],[115.5273,-20.3875]]],[[[116.6639,-20.6566],[116.6661,-20.6542],[116.6604,-20.6537],[116.6639,-20.6566]]],[[[116.536,-20.4798],[116.5403,-20.4773],[116.5388,-20.4761],[116.536,-20.4798]]],[[[122.1683,-16.8827],[122.1728,-16.8819],[122.1691,-16.8796],[122.1683,-16.8827]]],[[[119.6732,-20.0078],[119.6748,-20.0052],[119.6714,-20.0041],[119.6732,-20.0078]]],[[[115.5439,-20.5145],[115.5437,-20.5173],[115.5447,-20.5094],[115.5439,-20.5145]]],[[[118.8089,-20.0204],[118.8106,-20.0184],[118.8067,-20.018],[118.8089,-20.0204]]],[[[122.8224,-16.7683],[122.8264,-16.765],[122.823,-16.7649],[122.8224,-16.7683]]],[[[115.5228,-20.3803],[115.5199,-20.3766],[115.5193,-20.3817],[115.5228,-20.3803]]],[[[115.0229,-21.2659],[115.0255,-21.2646],[115.0234,-21.2618],[115.0229,-21.2659]]],[[[117.5668,-20.6813],[117.5718,-20.6813],[117.5722,-20.6792],[117.5668,-20.6813]]],[[[116.8376,-20.417],[116.8405,-20.4159],[116.8382,-20.4132],[116.8376,-20.417]]],[[[115.788,-21.1075],[115.7865,-21.1038],[115.7849,-21.1065],[115.788,-21.1075]]],[[[118.2032,-20.368],[118.2035,-20.3649],[118.2002,-20.3615],[118.2032,-20.368]]],[[[115.7328,-21.1444],[115.7314,-21.1416],[115.7286,-21.1417],[115.7328,-21.1444]]],[[[115.7563,-21.2308],[115.757,-21.228],[115.7534,-21.2304],[115.7563,-21.2308]]],[[[115.4637,-21.2639],[115.4634,-21.2607],[115.4611,-21.2626],[115.4637,-21.2639]]],[[[115.781,-21.2316],[115.78,-21.2276],[115.7784,-21.2304],[115.781,-21.2316]]],[[[115.5468,-20.4973],[115.545,-20.4924],[115.5427,-20.4919],[115.5468,-20.4973]]],[[[122.5588,-16.9589],[122.5606,-16.9589],[122.5614,-16.956],[122.5588,-16.9589]]],[[[116.1952,-20.8285],[116.1945,-20.8243],[116.1928,-20.8254],[116.1952,-20.8285]],[[115.5218,-20.5111],[115.5258,-20.5154],[115.5191,-20.5089],[115.5218,-20.5111]]],[[[115.9402,-20.8794],[115.9415,-20.8807],[115.9398,-20.8767],[115.9402,-20.8794]]],[[[121.6449,-18.8152],[121.6479,-18.8119],[121.6458,-18.8126],[121.6449,-18.8152]]],[[[122.9072,-16.4398],[122.9085,-16.4387],[122.9065,-16.4365],[122.9072,-16.4398]]],[[[115.5814,-20.4604],[115.581,-20.4565],[115.5797,-20.4579],[115.5814,-20.4604]]],[[[115.5309,-20.3904],[115.5302,-20.3928],[115.533,-20.3927],[115.5309,-20.3904]]],[[[116.5676,-20.7136],[116.5689,-20.7109],[116.5667,-20.7123],[116.5676,-20.7136]]],[[[117.2459,-20.7122],[117.2446,-20.7094],[117.243,-20.7097],[117.2459,-20.7122]]],[[[115.0295,-21.2663],[115.0302,-21.2643],[115.0282,-21.2637],[115.0295,-21.2663]]],[[[116.6939,-20.5214],[116.6954,-20.5194],[116.6919,-20.5201],[116.6939,-20.5214]]],[[[115.799,-21.1911],[115.799,-21.1893],[115.797,-21.1898],[115.799,-21.1911]]],[[[119.7052,-19.9953],[119.7091,-19.9928],[119.7053,-19.9941],[119.7052,-19.9953]]],[[[119.441,-20.0101],[119.4422,-20.0066],[119.4404,-20.0084],[119.441,-20.0101]]],[[[122.2789,-17.1564],[122.2798,-17.1548],[122.2783,-17.1538],[122.2789,-17.1564]]],[[[116.432,-20.6548],[116.4326,-20.6533],[116.4305,-20.6519],[116.432,-20.6548]]],[[[115.8365,-21.1355],[115.8354,-21.1328],[115.8345,-21.1339],[115.8365,-21.1355]]],[[[122.9246,-16.3855],[122.9267,-16.3848],[122.9227,-16.3845],[122.9246,-16.3855]]],[[[118.8526,-20.2252],[118.85,-20.2222],[118.85,-20.2234],[118.8526,-20.2252]]],[[[122.9871,-16.3797],[122.9903,-16.3781],[122.9883,-16.3772],[122.9871,-16.3797]]],[[[121.7886,-18.6594],[121.7902,-18.6566],[121.7897,-18.6547],[121.7886,-18.6594]]],[[[116.2436,-20.8727],[116.2447,-20.8707],[116.2422,-20.8722],[116.2436,-20.8727]]],[[[121.805,-18.5094],[121.8077,-18.5075],[121.806,-18.507],[121.805,-18.5094]]],[[[115.5727,-20.6354],[115.5712,-20.6319],[115.5709,-20.634],[115.5727,-20.6354]]],[[[115.5193,-20.3844],[115.5154,-20.3854],[115.5167,-20.3862],[115.5193,-20.3844]],[[115.528,-20.5176],[115.5304,-20.5147],[115.5285,-20.5192],[115.528,-20.5176]]],[[[117.6857,-20.6321],[117.6842,-20.6326],[117.6847,-20.6351],[117.6857,-20.6321]]],[[[122.7864,-16.7622],[122.7878,-16.7614],[122.7866,-16.7601],[122.7864,-16.7622]]],[[[122.1983,-16.9041],[122.1986,-16.9029],[122.1967,-16.9003],[122.1983,-16.9041]]],[[[116.5761,-20.6931],[116.5759,-20.6905],[116.5744,-20.6914],[116.5761,-20.6931]]],[[[115.5419,-20.4832],[115.544,-20.4799],[115.5419,-20.4815],[115.5419,-20.4832]]],[[[119.4934,-20.0135],[119.4974,-20.0117],[119.4977,-20.0108],[119.4934,-20.0135]]],[[[123.0032,-16.4837],[122.9994,-16.4845],[123.002,-16.4849],[123.0032,-16.4837]]],[[[116.9539,-20.6635],[116.9526,-20.6615],[116.9512,-20.6633],[116.9539,-20.6635]]],[[[122.563,-16.956],[122.5628,-16.9541],[122.561,-16.9536],[122.563,-16.956]]],[[[115.5791,-20.4409],[115.582,-20.4391],[115.5806,-20.4382],[115.5791,-20.4409]]],[[[115.5406,-20.6004],[115.542,-20.5995],[115.5399,-20.5975],[115.5406,-20.6004]]],[[[115.9236,-21.0867],[115.9245,-21.0854],[115.9232,-21.0845],[115.9236,-21.0867]]],[[[115.6043,-20.4348],[115.6045,-20.4334],[115.6026,-20.4325],[115.6043,-20.4348]]],[[[122.2021,-18.2445],[122.2034,-18.2418],[122.202,-18.2429],[122.2021,-18.2445]]],[[[115.5639,-20.6405],[115.5647,-20.6394],[115.564,-20.6369],[115.5639,-20.6405]]],[[[121.7345,-18.5813],[121.7326,-18.5799],[121.7316,-18.5801],[121.7345,-18.5813]]],[[[122.3014,-17.1514],[122.3025,-17.1503],[122.3018,-17.1486],[122.3014,-17.1514]]],[[[117.9597,-20.4758],[117.9611,-20.4745],[117.9581,-20.4752],[117.9597,-20.4758]]],[[[115.5616,-20.6364],[115.5635,-20.6343],[115.5615,-20.6346],[115.5616,-20.6364]]],[[[122.9911,-16.3933],[122.9933,-16.3923],[122.9891,-16.393],[122.9911,-16.3933]]],[[[115.5322,-20.6316],[115.5339,-20.6306],[115.5315,-20.6306],[115.5322,-20.6316]]],[[[117.9565,-20.4873],[117.9558,-20.4853],[117.9552,-20.4866],[117.9565,-20.4873]]],[[[115.7855,-21.2645],[115.7855,-21.2624],[115.7847,-21.2634],[115.7855,-21.2645]]],[[[122.316,-17.1536],[122.3173,-17.1526],[122.3154,-17.1525],[122.316,-17.1536]]],[[[123.0624,-16.2769],[123.0605,-16.277],[123.061,-16.2784],[123.0624,-16.2769]]],[[[115.3391,-20.9612],[115.341,-20.9601],[115.3394,-20.96],[115.3391,-20.9612]]],[[[121.7324,-18.6961],[121.7341,-18.6951],[121.7338,-18.6945],[121.7324,-18.6961]]],[[[115.6604,-21.1626],[115.6592,-21.16],[115.6589,-21.1611],[115.6604,-21.1626]]],[[[123.0558,-16.3977],[123.0571,-16.396],[123.0553,-16.3972],[123.0558,-16.3977]]],[[[122.2572,-17.168],[122.2574,-17.1663],[122.2564,-17.1657],[122.2572,-17.168]]],[[[121.7731,-18.6666],[121.7744,-18.6657],[121.7731,-18.6653],[121.7731,-18.6666]]],[[[115.5477,-20.6316],[115.5479,-20.6305],[115.5462,-20.6305],[115.5477,-20.6316]]],[[[121.6942,-18.7013],[121.6957,-18.7001],[121.6939,-18.7005],[121.6942,-18.7013]]],[[[122.5608,-16.9534],[122.5594,-16.9514],[122.5599,-16.953],[122.5608,-16.9534]]],[[[117.455,-20.7536],[117.4549,-20.7528],[117.453,-20.753],[117.455,-20.7536]]],[[[122.3003,-17.1202],[122.3015,-17.1193],[122.3009,-17.1186],[122.3003,-17.1202]]],[[[121.7984,-18.5157],[121.7986,-18.5147],[121.797,-18.5152],[121.7984,-18.5157]]],[[[121.8105,-18.4986],[121.8119,-18.4979],[121.8104,-18.4977],[121.8105,-18.4986]]],[[[117.2415,-20.6549],[117.241,-20.6536],[117.2404,-20.6543],[117.2415,-20.6549]]],[[[119.0889,-19.983],[119.0886,-19.981],[119.0883,-19.9823],[119.0889,-19.983]]],[[[122.3067,-17.1365],[122.3066,-17.1351],[122.3059,-17.136],[122.3067,-17.1365]]],[[[115.5041,-20.6479],[115.5047,-20.647],[115.503,-20.6473],[115.5041,-20.6479]]],[[[115.5748,-20.6603],[115.5754,-20.6586],[115.5746,-20.6594],[115.5748,-20.6603]]],[[[122.1708,-18.2672],[122.1701,-18.2661],[122.1699,-18.267],[122.1708,-18.2672]]],[[[115.5746,-20.6401],[115.5752,-20.6391],[115.5739,-20.6397],[115.5746,-20.6401]]],[[[117.241,-20.6523],[117.242,-20.6513],[117.2408,-20.6517],[117.241,-20.6523]]],[[[123.0435,-16.6405],[123.044,-16.6397],[123.0429,-16.639],[123.0435,-16.6405]]],[[[115.5665,-20.4869],[115.5672,-20.4858],[115.5656,-20.4866],[115.5665,-20.4869]]],[[[115.5537,-20.5826],[115.5553,-20.582],[115.5542,-20.5816],[115.5537,-20.5826]]],[[[116.6242,-20.6669],[116.6255,-20.6661],[116.6241,-20.6663],[116.6242,-20.6669]]],[[[117.4462,-20.7484],[117.4465,-20.7476],[117.4456,-20.7464],[117.4462,-20.7484]]],[[[117.9629,-20.549],[117.9635,-20.5484],[117.9626,-20.5479],[117.9629,-20.549]]],[[[115.5405,-20.6344],[115.5409,-20.6327],[115.5405,-20.6325],[115.5405,-20.6344]]],[[[115.5681,-20.6269],[115.5683,-20.6254],[115.5676,-20.6263],[115.5681,-20.6269]]],[[[122.3035,-17.1317],[122.3039,-17.1308],[122.3031,-17.1307],[122.3035,-17.1317]]],[[[115.5344,-20.6281],[115.5347,-20.6275],[115.5338,-20.6268],[115.5344,-20.6281]]],[[[122.3123,-17.1349],[122.3132,-17.1342],[122.3128,-17.1338],[122.3123,-17.1349]]],[[[115.557,-20.628],[115.5581,-20.6277],[115.5569,-20.6271],[115.557,-20.628]]],[[[115.5573,-20.5921],[115.5564,-20.5911],[115.5564,-20.5919],[115.5573,-20.5921]]],[[[115.5752,-20.6854],[115.5754,-20.6847],[115.5745,-20.684],[115.5752,-20.6854]]],[[[117.4488,-20.7512],[117.4488,-20.7504],[117.4477,-20.7508],[117.4488,-20.7512]]],[[[115.5609,-20.6335],[115.5615,-20.6324],[115.5605,-20.6332],[115.5609,-20.6335]]],[[[115.5747,-20.6832],[115.5753,-20.6828],[115.5741,-20.6822],[115.5747,-20.6832]]],[[[121.8151,-18.4927],[121.8155,-18.4919],[121.8148,-18.4916],[121.8151,-18.4927]]],[[[122.1992,-18.2465],[122.1995,-18.2457],[122.1988,-18.2456],[122.1992,-18.2465]]],[[[115.5397,-20.6299],[115.54,-20.6291],[115.5388,-20.6296],[115.5397,-20.6299]]],[[[115.5701,-20.6308],[115.57,-20.6293],[115.5695,-20.6303],[115.5701,-20.6308]]],[[[115.5567,-20.5887],[115.5566,-20.5876],[115.5561,-20.5883],[115.5567,-20.5887]]],[[[115.5446,-20.6065],[115.5448,-20.6061],[115.5436,-20.6058],[115.5446,-20.6065]]],[[[115.5304,-20.6299],[115.5309,-20.629],[115.5299,-20.6294],[115.5304,-20.6299]]],[[[121.6491,-18.8117],[121.6495,-18.8108],[121.6487,-18.811],[121.6491,-18.8117]]],[[[115.544,-20.6048],[115.5444,-20.6041],[115.5435,-20.6041],[115.544,-20.6048]]],[[[115.5483,-20.6116],[115.5481,-20.6108],[115.5475,-20.6108],[115.5483,-20.6116]]],[[[115.56,-20.6314],[115.56,-20.6304],[115.5595,-20.6308],[115.56,-20.6314]]],[[[115.5287,-20.6312],[115.5292,-20.6306],[115.5282,-20.6309],[115.5287,-20.6312]]],[[[115.5753,-20.6801],[115.5748,-20.6806],[115.5753,-20.6809],[115.5753,-20.6801]]],[[[116.2473,-20.8678],[116.2482,-20.8672],[116.2476,-20.867],[116.2473,-20.8678]]],[[[117.9535,-20.4769],[117.9541,-20.4756],[117.9532,-20.4757],[117.9535,-20.4769]]],[[[115.574,-20.6412],[115.5742,-20.6404],[115.5733,-20.6406],[115.574,-20.6412]]],[[[122.16,-16.8695],[122.1597,-16.8688],[122.1591,-16.8687],[122.16,-16.8695]]],[[[122.1541,-16.8607],[122.1546,-16.8602],[122.1539,-16.8599],[122.1541,-16.8607]]],[[[115.5747,-20.6817],[115.5749,-20.681],[115.5741,-20.6813],[115.5747,-20.6817]]],[[[115.5436,-20.6355],[115.5438,-20.6351],[115.5429,-20.6352],[115.5436,-20.6355]]],[[[115.58,-20.6754],[115.5803,-20.6748],[115.5799,-20.6745],[115.58,-20.6754]]],[[[115.5742,-20.6385],[115.5747,-20.6383],[115.5735,-20.6384],[115.5742,-20.6385]]],[[[115.5526,-20.6192],[115.5529,-20.6187],[115.5523,-20.6185],[115.5526,-20.6192]]],[[[115.7381,-21.26],[115.7381,-21.2593],[115.7377,-21.2597],[115.7381,-21.26]]],[[[115.5634,-20.6331],[115.5636,-20.6328],[115.5629,-20.6324],[115.5634,-20.6331]]],[[[115.5598,-20.6017],[115.5602,-20.6013],[115.5596,-20.601],[115.5598,-20.6017]]],[[[115.5692,-20.6277],[115.5687,-20.6271],[115.5686,-20.6274],[115.5692,-20.6277]]],[[[115.569,-20.6285],[115.5685,-20.6281],[115.5685,-20.6285],[115.569,-20.6285]]],[[[115.5788,-20.6756],[115.5783,-20.6751],[115.5783,-20.6756],[115.5788,-20.6756]]],[[[117.9523,-20.4774],[117.953,-20.4774],[117.9524,-20.4769],[117.9523,-20.4774]]],[[[115.5789,-20.6747],[115.5793,-20.6742],[115.5789,-20.6741],[115.5789,-20.6747]]],[[[115.5411,-31.994],[115.4498,-32.0262],[115.5276,-32.0276],[115.5411,-31.994]]],[[[115.6699,-32.1961],[115.7001,-32.2446],[115.6605,-32.1562],[115.6699,-32.1961]]],[[[118.4624,-34.9328],[118.4866,-34.9215],[118.4415,-34.9041],[118.4624,-34.9328]]],[[[122.2374,-34.1345],[122.2448,-34.162],[122.2611,-34.1242],[122.2314,-34.1086],[122.2374,-34.1345]]],[[[122.8354,-33.9892],[122.8142,-34.0038],[122.8631,-33.9828],[122.8354,-33.9892]]],[[[121.6002,-34.0354],[121.6161,-34.0128],[121.593,-34.0282],[121.6002,-34.0354]]],[[[122.0093,-34.0228],[121.9825,-34.0367],[122.0025,-34.0382],[122.0093,-34.0228]]],[[[122.0038,-33.9692],[122.0275,-33.9634],[122.01,-33.9535],[122.0038,-33.9692]]],[[[113.9635,-28.9562],[113.962,-28.9851],[114.0048,-28.9001],[113.9635,-28.9562]]],[[[121.6689,-34.0021],[121.6895,-34.0063],[121.6789,-33.9941],[121.6689,-34.0021]]],[[[121.9534,-34.0493],[121.9545,-34.058],[121.9797,-34.0495],[121.9534,-34.0493]]],[[[122.1381,-34.0333],[122.1517,-34.0334],[122.1286,-34.0291],[122.1381,-34.0333]]],[[[122.0535,-34.1411],[122.0378,-34.1426],[122.0602,-34.1461],[122.0535,-34.1411]]],[[[118.0442,-35.0651],[118.07,-35.065],[118.0398,-35.0598],[118.0442,-35.0651]]],[[[121.9911,-34.0614],[121.9758,-34.0643],[121.9895,-34.0686],[121.9911,-34.0614]]],[[[122.7995,-34.0135],[122.8131,-34.0109],[122.8082,-34.0016],[122.7995,-34.0135]]],[[[118.0292,-35.047],[118.0507,-35.0439],[118.0388,-35.0399],[118.0292,-35.047]]],[[[121.7902,-33.9259],[121.8049,-33.9262],[121.7947,-33.9176],[121.7902,-33.9259]]],[[[121.9913,-33.9922],[122.0048,-33.9873],[121.9954,-33.9809],[121.9913,-33.9922]]],[[[121.8726,-33.9257],[121.884,-33.9207],[121.8767,-33.9168],[121.8726,-33.9257]]],[[[116.4912,-35.0339],[116.4989,-35.0363],[116.5051,-35.0278],[116.4912,-35.0339]]],[[[122.0082,-34.1228],[121.9984,-34.1138],[121.9872,-34.1154],[122.0082,-34.1228]]],[[[122.0002,-34.0672],[122.023,-34.0662],[122.0078,-34.0617],[122.0002,-34.0672]]],[[[121.9736,-34.1181],[121.9839,-34.1224],[121.9804,-34.1135],[121.9736,-34.1181]]],[[[121.9918,-33.9232],[121.9999,-33.9172],[121.986,-33.9194],[121.9918,-33.9232]]],[[[122.9627,-34.0827],[122.9691,-34.0813],[122.9703,-34.0709],[122.9627,-34.0827]]],[[[121.8995,-33.9232],[121.9075,-33.9244],[121.9097,-33.9167],[121.8995,-33.9232]],[[121.9833,-33.975],[121.9766,-33.9728],[121.9944,-33.9738],[121.9833,-33.975]]],[[[119.6044,-34.3744],[119.6139,-34.376],[119.5987,-34.3684],[119.6044,-34.3744]]],[[[113.7879,-28.714],[113.7799,-28.7093],[113.7841,-28.7229],[113.7879,-28.714]]],[[[121.9865,-34.4725],[121.9978,-34.4714],[121.9901,-34.4666],[121.9865,-34.4725]]],[[[122.024,-34.1515],[122.0301,-34.1491],[122.0138,-34.1469],[122.024,-34.1515]]],[[[122.0977,-34.0642],[122.1102,-34.0647],[122.1042,-34.059],[122.0977,-34.0642]]],[[[122.1152,-34.1026],[122.1247,-34.0943],[122.1165,-34.0947],[122.1152,-34.1026]]],[[[119.5786,-34.3732],[119.5726,-34.3765],[119.5883,-34.372],[119.5786,-34.3732]]],[[[121.6796,-33.9911],[121.6864,-33.9839],[121.6791,-33.9855],[121.6796,-33.9911]]],[[[122.5218,-33.962],[122.5297,-33.9612],[122.5166,-33.961],[122.5218,-33.962]]],[[[122.1018,-34.1996],[122.1101,-34.1978],[122.1024,-34.1954],[122.1018,-34.1996]]],[[[122.5349,-34.0916],[122.5464,-34.0883],[122.5348,-34.0877],[122.5349,-34.0916]]],[[[121.3546,-33.8658],[121.3457,-33.873],[121.3503,-33.8728],[121.3546,-33.8658]]],[[[122.242,-34.0073],[122.2401,-34.0123],[122.2484,-34.0065],[122.242,-34.0073]]],[[[122.3061,-34.0165],[122.3143,-34.0136],[122.3078,-34.0104],[122.3061,-34.0165]]],[[[122.7561,-33.8978],[122.7555,-33.8941],[122.7531,-33.9038],[122.7561,-33.8978]]],[[[122.6343,-33.9988],[122.6283,-33.9983],[122.6332,-34.0048],[122.6343,-33.9988]]],[[[122.8417,-33.9707],[122.8473,-33.9683],[122.8468,-33.9637],[122.8417,-33.9707]]],[[[122.6489,-34.0018],[122.6549,-33.9974],[122.6477,-33.9983],[122.6489,-34.0018]]],[[[118.2145,-35.0034],[118.2162,-34.9998],[118.2095,-34.9959],[118.2145,-35.0034]]],[[[122.163,-34.0764],[122.1609,-34.0819],[122.1683,-34.0741],[122.163,-34.0764]]],[[[114.999,-30.3193],[115.009,-30.3151],[115.0063,-30.3127],[114.999,-30.3193]]],[[[116.7349,-35.0505],[116.7299,-35.0526],[116.7367,-35.0542],[116.7349,-35.0505]]],[[[122.8129,-33.9673],[122.816,-33.9607],[122.8121,-33.9592],[122.8129,-33.9673]]],[[[122.0871,-34.0407],[122.0891,-34.0469],[122.0931,-34.0465],[122.0871,-34.0407]]],[[[122.8289,-33.9179],[122.831,-33.9147],[122.8236,-33.9162],[122.8289,-33.9179]],[[113.8401,-28.7067],[113.8364,-28.723],[113.8399,-28.7007],[113.8401,-28.7067]]],[[[122.5403,-34.0018],[122.5376,-34.008],[122.5419,-33.9988],[122.5403,-34.0018]]],[[[122.8314,-34.0898],[122.8349,-34.0896],[122.8388,-34.0838],[122.8314,-34.0898]]],[[[122.658,-33.9907],[122.6622,-33.9882],[122.6573,-33.986],[122.658,-33.9907]]],[[[122.5875,-34.0064],[122.591,-34.003],[122.5835,-34.0031],[122.5875,-34.0064]]],[[[115.7106,-32.5696],[115.7158,-32.5703],[115.7124,-32.5661],[115.7106,-32.5696]]],[[[122.8704,-33.9229],[122.8752,-33.9192],[122.8724,-33.9179],[122.8704,-33.9229]]],[[[119.7834,-34.0398],[119.7877,-34.0337],[119.783,-34.0342],[119.7834,-34.0398]]],[[[122.1418,-34.0174],[122.1372,-34.0189],[122.1478,-34.0179],[122.1418,-34.0174]]],[[[113.9134,-28.9085],[113.9137,-28.9046],[113.9114,-28.9121],[113.9134,-28.9085]]],[[[116.0362,-34.8657],[116.0435,-34.8685],[116.0358,-34.863],[116.0362,-34.8657]]],[[[122.8574,-33.9679],[122.8602,-33.9623],[122.8557,-33.964],[122.8574,-33.9679]]],[[[122.3431,-34.1067],[122.3419,-34.1102],[122.3473,-34.101],[122.3431,-34.1067]]],[[[122.2337,-34.0363],[122.2364,-34.0327],[122.2299,-34.0309],[122.2337,-34.0363]]],[[[122.7165,-33.9922],[122.7144,-33.9883],[122.7151,-33.9956],[122.7165,-33.9922]]],[[[122.4952,-34.1938],[122.4972,-34.1976],[122.4999,-34.1939],[122.4952,-34.1938]]],[[[113.857,-28.8875],[113.8613,-28.8902],[113.8602,-28.8841],[113.857,-28.8875]]],[[[115.6632,-32.1189],[115.6589,-32.1204],[115.6653,-32.1248],[115.6632,-32.1189]]],[[[118.6596,-34.7028],[118.6649,-34.7006],[118.6621,-34.6987],[118.6596,-34.7028]]],[[[122.7086,-33.9191],[122.7125,-33.9147],[122.7071,-33.9163],[122.7086,-33.9191]]],[[[122.0854,-34.214],[122.0798,-34.2115],[122.0851,-34.2171],[122.0854,-34.214]]],[[[121.8962,-33.9127],[121.8928,-33.912],[121.8935,-33.9175],[121.8962,-33.9127]]],[[[122.4325,-33.9836],[122.4393,-33.9804],[122.4339,-33.9801],[122.4325,-33.9836]]],[[[117.1518,-35.0632],[117.1511,-35.067],[117.157,-35.0669],[117.1518,-35.0632]]],[[[119.6178,-34.3824],[119.62,-34.3804],[119.6114,-34.3791],[119.6178,-34.3824]]],[[[122.4074,-33.9542],[122.4102,-33.9561],[122.4139,-33.9527],[122.4074,-33.9542]]],[[[122.3093,-33.9523],[122.3123,-33.9519],[122.3071,-33.9476],[122.3093,-33.9523]]],[[[122.3469,-34.2064],[122.3505,-34.2028],[122.347,-34.2027],[122.3469,-34.2064]]],[[[118.1729,-35.0149],[118.1775,-35.0171],[118.1752,-35.0129],[118.1729,-35.0149]]],[[[122.0846,-34.0187],[122.0919,-34.016],[122.0854,-34.0157],[122.0846,-34.0187]]],[[[113.806,-28.7531],[113.81,-28.7493],[113.8017,-28.7517],[113.806,-28.7531]]],[[[122.0234,-33.8815],[122.0269,-33.879],[122.0247,-33.8766],[122.0234,-33.8815]]],[[[118.7647,-34.5939],[118.7695,-34.595],[118.7665,-34.5914],[118.7647,-34.5939]]],[[[121.7752,-33.9185],[121.7732,-33.9151],[121.7692,-33.9188],[121.7752,-33.9185]]],[[[122.0201,-33.9935],[122.0241,-33.9937],[122.0245,-33.9895],[122.0201,-33.9935]]],[[[122.5044,-33.9535],[122.5068,-33.9518],[122.503,-33.9498],[122.5044,-33.9535]]],[[[122.6527,-33.9945],[122.6539,-33.9959],[122.6588,-33.9936],[122.6527,-33.9945]]],[[[115.6895,-32.3038],[115.69,-32.3091],[115.6947,-32.3054],[115.6895,-32.3038]]],[[[122.4695,-33.9505],[122.472,-33.9486],[122.465,-33.9486],[122.4695,-33.9505]]],[[[122.804,-33.9639],[122.8075,-33.9631],[122.8064,-33.9609],[122.804,-33.9639]]],[[[113.812,-28.7478],[113.8173,-28.7427],[113.8104,-28.7437],[113.812,-28.7478]]],[[[122.2988,-34.0214],[122.3006,-34.0244],[122.303,-34.0228],[122.2988,-34.0214]]],[[[115.1971,-34.4038],[115.1934,-34.403],[115.1987,-34.4061],[115.1971,-34.4038]]],[[[115.0124,-34.2233],[115.017,-34.2235],[115.0135,-34.2203],[115.0124,-34.2233]]],[[[117.9411,-35.0623],[117.943,-35.064],[117.9474,-35.0621],[117.9411,-35.0623]]],[[[121.9333,-34.1363],[121.9374,-34.1354],[121.9345,-34.1336],[121.9333,-34.1363]]],[[[113.8366,-28.6976],[113.8377,-28.6949],[113.8354,-28.6924],[113.8366,-28.6976]]],[[[122.5754,-34.0092],[122.5794,-34.0073],[122.5765,-34.0061],[122.5754,-34.0092]]],[[[122.3032,-33.9635],[122.307,-33.9649],[122.3014,-33.9583],[122.3032,-33.9635]]],[[[114.9893,-30.3309],[114.9835,-30.3343],[114.9838,-30.3361],[114.9893,-30.3309]]],[[[122.5642,-33.9506],[122.5677,-33.949],[122.5608,-33.9487],[122.5642,-33.9506]]],[[[113.994,-28.865],[114.0008,-28.8637],[113.9959,-28.8626],[113.994,-28.865]]],[[[122.074,-34.2217],[122.0769,-34.221],[122.0727,-34.219],[122.074,-34.2217]]],[[[122.2835,-33.9947],[122.2831,-33.9915],[122.2802,-33.9918],[122.2835,-33.9947]]],[[[117.6948,-35.0512],[117.6909,-35.0493],[117.6923,-35.0522],[117.6948,-35.0512]]],[[[117.7879,-35.1056],[117.7857,-35.1066],[117.7875,-35.1089],[117.7879,-35.1056]]],[[[117.8622,-35.1173],[117.8663,-35.1176],[117.8636,-35.1157],[117.8622,-35.1173]]],[[[114.0405,-28.7995],[114.0377,-28.7997],[114.0428,-28.8011],[114.0405,-28.7995]]],[[[121.9659,-34.1211],[121.9691,-34.1239],[121.9686,-34.1218],[121.9659,-34.1211]]],[[[113.9757,-28.8668],[113.978,-28.8661],[113.9769,-28.8629],[113.9757,-28.8668]]],[[[121.6393,-34.0145],[121.6432,-34.0117],[121.6392,-34.0115],[121.6393,-34.0145]]],[[[122.7193,-33.987],[122.7212,-33.9851],[122.7175,-33.9842],[122.7193,-33.987]]],[[[117.2572,-35.0272],[117.2534,-35.0291],[117.2593,-35.0281],[117.2572,-35.0272]]],[[[115.1666,-34.29],[115.1688,-34.291],[115.1699,-34.2874],[115.1666,-34.29]]],[[[122.3489,-34.2103],[122.3497,-34.208],[122.3461,-34.2095],[122.3489,-34.2103]],[[122.0201,-34.1638],[122.0182,-34.1649],[122.0222,-34.1624],[122.0201,-34.1638]]],[[[113.7869,-28.7294],[113.7872,-28.7251],[113.7847,-28.7278],[113.7869,-28.7294]]],[[[122.0488,-34.0411],[122.0513,-34.0402],[122.0504,-34.0383],[122.0488,-34.0411]]],[[[122.6526,-34.0064],[122.6555,-34.0044],[122.6525,-34.0041],[122.6526,-34.0064]]],[[[115.3156,-31.0077],[115.3184,-31.0071],[115.3162,-31.0042],[115.3156,-31.0077]]],[[[119.1358,-34.5045],[119.1337,-34.5031],[119.1317,-34.504],[119.1358,-34.5045]]],[[[122.8717,-33.9897],[122.8732,-33.9927],[122.8757,-33.9906],[122.8717,-33.9897]]],[[[115.0181,-30.4545],[115.0187,-30.4575],[115.0215,-30.4541],[115.0181,-30.4545]]],[[[118.1571,-35.0281],[118.1584,-35.0296],[118.1617,-35.0294],[118.1571,-35.0281]]],[[[122.0651,-34.2314],[122.0664,-34.2291],[122.064,-34.2281],[122.0651,-34.2314]]],[[[115.1063,-30.6834],[115.1081,-30.6834],[115.1054,-30.68],[115.1063,-30.6834]]],[[[122.7166,-33.9485],[122.7178,-33.9465],[122.7141,-33.9464],[122.7166,-33.9485]]],[[[122.6821,-34.0177],[122.6847,-34.0161],[122.6806,-34.0165],[122.6821,-34.0177]]],[[[121.8918,-33.9027],[121.8894,-33.9019],[121.8923,-33.9042],[121.8918,-33.9027]]],[[[114.9927,-30.3215],[114.9935,-30.324],[114.9934,-30.3182],[114.9927,-30.3215]]],[[[122.3074,-34.0206],[122.3099,-34.0206],[122.3057,-34.0185],[122.3074,-34.0206]]],[[[122.2353,-34.0133],[122.2384,-34.0122],[122.2357,-34.0114],[122.2353,-34.0133]]],[[[122.8109,-33.9223],[122.8133,-33.9231],[122.8089,-33.9208],[122.8109,-33.9223]]],[[[122.8199,-33.9792],[122.8213,-33.9783],[122.8175,-33.9775],[122.8199,-33.9792]]],[[[122.7532,-34.0461],[122.7571,-34.0453],[122.7536,-34.0446],[122.7532,-34.0461]]],[[[122.0135,-34.1687],[122.016,-34.1687],[122.0144,-34.1667],[122.0135,-34.1687]]],[[[115.1562,-34.3814],[115.1582,-34.3797],[115.158,-34.3768],[115.1562,-34.3814]]],[[[122.9721,-33.9056],[122.9731,-33.9038],[122.9717,-33.9009],[122.9721,-33.9056]]],[[[121.9905,-34.4586],[121.9919,-34.4572],[121.9909,-34.4553],[121.9905,-34.4586]]],[[[121.6043,-34.0432],[121.6059,-34.0408],[121.604,-34.0413],[121.6043,-34.0432]]],[[[122.8687,-34.002],[122.8709,-34.0001],[122.8686,-34.0002],[122.8687,-34.002]]],[[[121.6468,-33.8998],[121.65,-33.8988],[121.6493,-33.8971],[121.6468,-33.8998]]],[[[121.9639,-33.8548],[121.9672,-33.8542],[121.961,-33.8538],[121.9639,-33.8548]]],[[[122.076,-34.2179],[122.0783,-34.2161],[122.0766,-34.2156],[122.076,-34.2179]]],[[[115.9945,-34.8492],[115.9957,-34.8507],[115.9978,-34.8491],[115.9945,-34.8492]]],[[[113.8335,-28.727],[113.8358,-28.7239],[113.8332,-28.7253],[113.8335,-28.727]]],[[[122.3186,-34.147],[122.3166,-34.1439],[122.3169,-34.1466],[122.3186,-34.147]]],[[[121.8639,-34.0577],[121.8663,-34.0558],[121.8644,-34.0557],[121.8639,-34.0577]]],[[[121.6989,-33.9957],[121.699,-33.9945],[121.6957,-33.9945],[121.6989,-33.9957]]],[[[121.8917,-34.1434],[121.8939,-34.1424],[121.8902,-34.1424],[121.8917,-34.1434]]],[[[123.0298,-34.1137],[123.0322,-34.1117],[123.0295,-34.1122],[123.0298,-34.1137]]],[[[122.2426,-34.0292],[122.2443,-34.0275],[122.242,-34.0275],[122.2426,-34.0292]]],[[[121.8208,-33.911],[121.8189,-33.9093],[121.8169,-33.9114],[121.8208,-33.911]]],[[[121.9813,-34.1251],[121.9796,-34.1268],[121.9814,-34.1274],[121.9813,-34.1251]]],[[[121.8981,-34.1352],[121.8989,-34.1334],[121.8967,-34.1335],[121.8981,-34.1352]]],[[[122.4778,-33.9534],[122.4776,-33.9523],[122.4743,-33.9521],[122.4778,-33.9534]]],[[[121.8721,-34.0428],[121.8743,-34.0419],[121.8722,-34.041],[121.8721,-34.0428]]],[[[113.8973,-28.8986],[113.8996,-28.8961],[113.8968,-28.8963],[113.8973,-28.8986]]],[[[122.8186,-33.9108],[122.8233,-33.9077],[122.8223,-33.9075],[122.8186,-33.9108]]],[[[122.6738,-33.9229],[122.6747,-33.9211],[122.6735,-33.9203],[122.6738,-33.9229]]],[[[122.507,-34.1952],[122.5089,-34.1939],[122.5069,-34.1935],[122.507,-34.1952]]],[[[121.9715,-33.8776],[121.9726,-33.8766],[121.9703,-33.8756],[121.9715,-33.8776]]],[[[122.8467,-34.1308],[122.848,-34.129],[122.8461,-34.129],[122.8467,-34.1308]]],[[[117.8588,-35.1166],[117.8612,-35.1156],[117.8578,-35.1152],[117.8588,-35.1166]]],[[[113.9869,-28.8714],[113.9883,-28.8709],[113.9877,-28.8689],[113.9869,-28.8714]]],[[[122.3006,-33.9886],[122.3021,-33.9873],[122.2993,-33.9871],[122.3006,-33.9886]]],[[[121.6552,-34.021],[121.6571,-34.0195],[121.6543,-34.0194],[121.6552,-34.021]]],[[[122.0632,-34.0589],[122.0652,-34.0577],[122.063,-34.0573],[122.0632,-34.0589]]],[[[115.0455,-30.5231],[115.0473,-30.5227],[115.046,-30.5207],[115.0455,-30.5231]]],[[[122.9731,-33.9095],[122.9744,-33.909],[122.9752,-33.9057],[122.9731,-33.9095]]],[[[122.9363,-33.9619],[122.9399,-33.9602],[122.9376,-33.9601],[122.9363,-33.9619]],[[118.1623,-35.0046],[118.1624,-35.0057],[118.1616,-35.0017],[118.1623,-35.0046]]],[[[122.3421,-34.1166],[122.3455,-34.116],[122.3428,-34.1146],[122.3421,-34.1166]]],[[[119.3634,-34.4819],[119.3668,-34.4801],[119.3644,-34.4803],[119.3634,-34.4819]]],[[[117.65,-35.0718],[117.6477,-35.0713],[117.6489,-35.0726],[117.65,-35.0718]]],[[[121.9699,-34.121],[121.9725,-34.1208],[121.9704,-34.1193],[121.9699,-34.121]]],[[[122.3071,-33.9938],[122.308,-33.9905],[122.3064,-33.9915],[122.3071,-33.9938]]],[[[122.5742,-34.0016],[122.5748,-34.0002],[122.5725,-33.9995],[122.5742,-34.0016]]],[[[114.9935,-33.6696],[114.9942,-33.6705],[114.9936,-33.6666],[114.9935,-33.6696]]],[[[122.6307,-33.9916],[122.6319,-33.9907],[122.63,-33.9897],[122.6307,-33.9916]]],[[[122.2128,-34.1499],[122.2141,-34.1485],[122.2122,-34.148],[122.2128,-34.1499]]],[[[121.8263,-33.8964],[121.8274,-33.8952],[121.8249,-33.8942],[121.8263,-33.8964]]],[[[122.8974,-33.9647],[122.8982,-33.9632],[122.8961,-33.964],[122.8974,-33.9647]]],[[[115.1902,-30.8301],[115.1878,-30.827],[115.188,-30.829],[115.1902,-30.8301]]],[[[119.2906,-34.505],[119.2909,-34.5031],[119.289,-34.5031],[119.2906,-34.505]]],[[[122.2153,-34.3673],[122.2174,-34.3664],[122.2156,-34.3659],[122.2153,-34.3673]]],[[[122.2206,-34.131],[122.2196,-34.1328],[122.2214,-34.1332],[122.2206,-34.131]]],[[[122.2143,-34.1501],[122.2151,-34.1525],[122.2159,-34.1512],[122.2143,-34.1501]]],[[[118.6579,-34.7035],[118.6559,-34.7055],[118.6577,-34.7055],[118.6579,-34.7035]]],[[[116.7309,-35.0675],[116.7284,-35.0684],[116.7305,-35.0687],[116.7309,-35.0675]]],[[[117.6772,-35.0735],[117.6788,-35.0723],[117.6767,-35.072],[117.6772,-35.0735]]],[[[122.4882,-34.195],[122.4894,-34.1946],[122.4878,-34.1928],[122.4882,-34.195]]],[[[122.2983,-33.9828],[122.2997,-33.9799],[122.298,-33.9819],[122.2983,-33.9828]]],[[[121.9239,-34.1399],[121.9263,-34.1399],[121.9245,-34.1388],[121.9239,-34.1399]]],[[[121.8862,-34.0483],[121.8881,-34.0493],[121.8848,-34.0465],[121.8862,-34.0483]]],[[[122.2182,-34.2627],[122.2199,-34.2609],[122.2184,-34.2609],[122.2182,-34.2627]]],[[[114.0014,-28.8719],[114.0031,-28.8709],[114.0007,-28.8705],[114.0014,-28.8719]]],[[[116.4859,-35.0334],[116.4885,-35.0318],[116.4867,-35.0316],[116.4859,-35.0334]]],[[[121.9954,-34.1231],[121.9969,-34.1226],[121.9964,-34.1212],[121.9954,-34.1231]]],[[[122.1971,-34.0171],[122.1983,-34.0158],[122.1971,-34.0146],[122.1971,-34.0171]]],[[[122.5951,-33.9336],[122.596,-33.9324],[122.5944,-33.9318],[122.5951,-33.9336]]],[[[122.2082,-34.0452],[122.2065,-34.0458],[122.2071,-34.047],[122.2082,-34.0452]]],[[[121.6543,-34.0276],[121.6565,-34.0256],[121.6547,-34.026],[121.6543,-34.0276]]],[[[113.9676,-28.8691],[113.9698,-28.8668],[113.9671,-28.8677],[113.9676,-28.8691]]],[[[121.648,-34.0172],[121.6452,-34.0179],[121.6471,-34.0184],[121.648,-34.0172]]],[[[122.1223,-34.1049],[122.125,-34.1031],[122.1223,-34.1032],[122.1223,-34.1049]]],[[[122.6076,-33.9213],[122.6097,-33.92],[122.6071,-33.9206],[122.6076,-33.9213]]],[[[122.1502,-34.2233],[122.1481,-34.2244],[122.1504,-34.2244],[122.1502,-34.2233]]],[[[122.1109,-34.0989],[122.1124,-34.0989],[122.1125,-34.0973],[122.1109,-34.0989]]],[[[115.2051,-34.4139],[115.2072,-34.414],[115.2056,-34.4129],[115.2051,-34.4139]]],[[[113.9645,-28.8728],[113.9659,-28.8709],[113.9638,-28.8718],[113.9645,-28.8728]]],[[[115.7161,-32.5628],[115.7135,-32.5653],[115.7157,-32.5639],[115.7161,-32.5628]]],[[[122.1266,-34.1427],[122.1277,-34.1425],[122.1272,-34.1409],[122.1266,-34.1427]]],[[[115.0084,-30.282],[115.0078,-30.2812],[115.0074,-30.2841],[115.0084,-30.282]]],[[[113.8727,-28.9174],[113.8738,-28.9165],[113.8723,-28.9156],[113.8727,-28.9174]]],[[[113.8831,-28.9094],[113.8846,-28.9087],[113.8818,-28.9086],[113.8831,-28.9094]]],[[[113.7799,-28.7405],[113.7806,-28.7378],[113.7794,-28.7395],[113.7799,-28.7405]]],[[[121.8864,-33.9293],[121.888,-33.9284],[121.8853,-33.929],[121.8864,-33.9293]]],[[[113.9219,-28.8903],[113.9221,-28.8876],[113.921,-28.8897],[113.9219,-28.8903]]],[[[119.4105,-34.4221],[119.4132,-34.4217],[119.4102,-34.4213],[119.4105,-34.4221]]],[[[115.7037,-32.5649],[115.7052,-32.5653],[115.7081,-32.5641],[115.7037,-32.5649]]],[[[122.2158,-34.3714],[122.2144,-34.3727],[122.2161,-34.3726],[122.2158,-34.3714]]],[[[116.7271,-35.0483],[116.7263,-35.0488],[116.7298,-35.0471],[116.7271,-35.0483]]],[[[114.9708,-30.2723],[114.9718,-30.2716],[114.9714,-30.2698],[114.9708,-30.2723]]],[[[121.9436,-34.1792],[121.9454,-34.1795],[121.9434,-34.1776],[121.9436,-34.1792]]],[[[122.148,-34.2048],[122.1491,-34.2032],[122.1474,-34.2033],[122.148,-34.2048]]],[[[120.7336,-33.9008],[120.7359,-33.8991],[120.735,-33.8987],[120.7336,-33.9008]]],[[[113.8762,-28.9148],[113.8779,-28.9128],[113.8768,-28.913],[113.8762,-28.9148]]],[[[122.6883,-34.0158],[122.6891,-34.0142],[122.6883,-34.0135],[122.6883,-34.0158]]],[[[114.9418,-30.1386],[114.9432,-30.1373],[114.9417,-30.1374],[114.9418,-30.1386]]],[[[115.1047,-30.6801],[115.1042,-30.6787],[115.1024,-30.6781],[115.1047,-30.6801]]],[[[122.5699,-34.0115],[122.572,-34.0106],[122.569,-34.0103],[122.5699,-34.0115]]],[[[118.3756,-34.9479],[118.3774,-34.9472],[118.3764,-34.9465],[118.3756,-34.9479]]],[[[113.9619,-28.8767],[113.9628,-28.8743],[113.9613,-28.8761],[113.9619,-28.8767]]],[[[121.8168,-33.9095],[121.8144,-33.909],[121.8144,-33.9103],[121.8168,-33.9095]]],[[[122.1623,-34.0769],[122.1613,-34.0753],[122.161,-34.0769],[122.1623,-34.0769]]],[[[122.7214,-33.8976],[122.7219,-33.8965],[122.7207,-33.8956],[122.7214,-33.8976]]],[[[122.8983,-33.9778],[122.899,-33.9769],[122.8973,-33.9761],[122.8983,-33.9778]]],[[[122.218,-34.1513],[122.219,-34.1494],[122.2176,-34.15],[122.218,-34.1513]]],[[[113.787,-28.7757],[113.7881,-28.7747],[113.7866,-28.7738],[113.787,-28.7757]]],[[[115.0446,-30.5318],[115.0452,-30.5327],[115.0449,-30.5297],[115.0446,-30.5318]]],[[[122.5117,-33.9647],[122.513,-33.9629],[122.5116,-33.9635],[122.5117,-33.9647]]],[[[121.985,-33.9935],[121.986,-33.9916],[121.9849,-33.9921],[121.985,-33.9935]]],[[[122.6611,-33.9859],[122.6619,-33.9847],[122.6597,-33.9854],[122.6611,-33.9859]]],[[[117.6493,-35.0752],[117.6506,-35.0763],[117.6505,-35.0745],[117.6493,-35.0752]]],[[[122.1515,-34.2166],[122.1527,-34.2152],[122.1509,-34.216],[122.1515,-34.2166]]],[[[121.8783,-33.9154],[121.8795,-33.9143],[121.8773,-33.9145],[121.8783,-33.9154]]],[[[114.9439,-30.1306],[114.9451,-30.1293],[114.9436,-30.1296],[114.9439,-30.1306]]],[[[122.9057,-33.9664],[122.9072,-33.9647],[122.9049,-33.966],[122.9057,-33.9664]]],[[[122.0357,-33.8761],[122.0366,-33.8752],[122.0348,-33.8747],[122.0357,-33.8761]]],[[[122.0303,-34.1518],[122.0286,-34.153],[122.0301,-34.153],[122.0303,-34.1518]]],[[[117.9733,-35.0758],[117.9749,-35.0761],[117.9755,-35.0752],[117.9733,-35.0758]]],[[[115.5506,-32.0205],[115.5515,-32.0196],[115.5501,-32.0188],[115.5506,-32.0205]]],[[[121.6614,-34.1756],[121.6603,-34.1771],[121.6614,-34.1768],[121.6614,-34.1756]]],[[[122.275,-33.9767],[122.2751,-33.9755],[122.2737,-33.9758],[122.275,-33.9767]]],[[[122.1542,-34.0323],[122.155,-34.031],[122.1537,-34.0313],[122.1542,-34.0323]]],[[[122.3423,-33.985],[122.343,-33.9829],[122.3419,-33.9838],[122.3423,-33.985]]],[[[119.1366,-34.502],[119.1348,-34.5028],[119.1361,-34.503],[119.1366,-34.502]]],[[[117.6978,-35.0515],[117.6964,-35.0515],[117.6972,-35.0524],[117.6978,-35.0515]]],[[[122.0259,-34.0663],[122.0248,-34.068],[122.0259,-34.0677],[122.0259,-34.0663]]],[[[122.6251,-33.9959],[122.6257,-33.9944],[122.6246,-33.9949],[122.6251,-33.9959]]],[[[115.6889,-32.278],[115.6916,-32.277],[115.6891,-32.2773],[115.6889,-32.278]]],[[[113.7866,-28.7331],[113.7868,-28.7317],[113.7857,-28.7324],[113.7866,-28.7331]]],[[[122.5295,-33.9483],[122.5308,-33.9469],[122.5287,-33.9479],[122.5295,-33.9483]]],[[[119.1316,-34.4998],[119.1336,-34.4989],[119.1325,-34.4987],[119.1316,-34.4998]]],[[[121.9733,-33.9284],[121.9728,-33.9271],[121.9715,-33.9274],[121.9733,-33.9284]]],[[[122.1149,-34.0208],[122.1155,-34.0194],[122.1145,-34.0196],[122.1149,-34.0208]]],[[[121.97,-33.9293],[121.9705,-33.9282],[121.9697,-33.9274],[121.97,-33.9293]]],[[[114.0041,-28.8737],[114.005,-28.8733],[114.0041,-28.8724],[114.0041,-28.8737]]],[[[122.2524,-34.0357],[122.2533,-34.0351],[122.2522,-34.0342],[122.2524,-34.0357]]],[[[122.741,-33.8979],[122.7426,-33.8971],[122.7418,-33.8966],[122.741,-33.8979]]],[[[122.2986,-33.9858],[122.2983,-33.9844],[122.2978,-33.9855],[122.2986,-33.9858]]],[[[122.9925,-33.9039],[122.994,-33.9029],[122.9933,-33.9026],[122.9925,-33.9039]]],[[[113.873,-28.9063],[113.8733,-28.9058],[113.8708,-28.9056],[113.873,-28.9063]]],[[[114.9889,-30.211],[114.9901,-30.2107],[114.99,-30.2096],[114.9889,-30.211]]],[[[118.3741,-34.9435],[118.3748,-34.9441],[118.3753,-34.9422],[118.3741,-34.9435]]],[[[122.0253,-33.9785],[122.026,-33.9778],[122.0242,-33.9777],[122.0253,-33.9785]]],[[[119.738,-34.057],[119.7391,-34.0561],[119.7374,-34.0563],[119.738,-34.057]]],[[[122.3034,-34.0178],[122.3024,-34.0181],[122.3026,-34.0192],[122.3034,-34.0178]]],[[[121.864,-33.9159],[121.8635,-33.9147],[121.8624,-33.9149],[121.864,-33.9159]]],[[[122.7138,-33.9518],[122.7137,-33.9501],[122.713,-33.9512],[122.7138,-33.9518]]],[[[122.6367,-33.9885],[122.6371,-33.9876],[122.636,-33.987],[122.6367,-33.9885]]],[[[121.9763,-33.9761],[121.9773,-33.975],[121.9754,-33.9754],[121.9763,-33.9761]]],[[[121.9852,-33.9296],[121.9852,-33.9286],[121.9835,-33.9296],[121.9852,-33.9296]]],[[[114.0063,-28.8994],[114.0074,-28.8979],[114.0064,-28.898],[114.0063,-28.8994]]],[[[122.0087,-33.9848],[122.0096,-33.9847],[122.0092,-33.9836],[122.0087,-33.9848]]],[[[121.8507,-34.308],[121.8512,-34.3066],[121.8502,-34.3071],[121.8507,-34.308]]],[[[115.0062,-30.3123],[115.0057,-30.311],[115.0049,-30.3121],[115.0062,-30.3123]]],[[[122.6915,-33.914],[122.6921,-33.9128],[122.6908,-33.9133],[122.6915,-33.914]]],[[[113.9864,-28.8667],[113.9872,-28.8661],[113.9858,-28.8656],[113.9864,-28.8667]]],[[[121.6753,-34.1776],[121.6765,-34.1766],[121.6755,-34.1765],[121.6753,-34.1776]]],[[[121.7659,-33.9244],[121.7667,-33.9229],[121.7652,-33.9236],[121.7659,-33.9244]]],[[[122.2991,-33.9799],[122.2989,-33.9787],[122.2979,-33.9792],[122.2991,-33.9799]]],[[[121.6413,-34.0159],[121.6405,-34.0166],[121.6421,-34.0167],[121.6413,-34.0159]]],[[[115.1144,-30.6575],[115.116,-30.657],[115.1146,-30.6563],[115.1144,-30.6575]]],[[[115.5552,-32.014],[115.5559,-32.0136],[115.5545,-32.0126],[115.5552,-32.014]]],[[[122.758,-34.0453],[122.7587,-34.0444],[122.7576,-34.0444],[122.758,-34.0453]]],[[[121.8212,-33.9221],[121.8213,-33.9209],[121.8204,-33.9214],[121.8212,-33.9221]]],[[[114.9951,-33.6676],[114.9946,-33.669],[114.9953,-33.6692],[114.9951,-33.6676]]],[[[114.0168,-28.854],[114.0175,-28.8539],[114.017,-28.8526],[114.0168,-28.854]]],[[[120.692,-33.8961],[120.6916,-33.898],[120.6923,-33.8956],[120.692,-33.8961]]],[[[114.0044,-28.8981],[114.0051,-28.8981],[114.0049,-28.8968],[114.0044,-28.8981]]],[[[122.9013,-33.9783],[122.9024,-33.9773],[122.9009,-33.9778],[122.9013,-33.9783]]],[[[116.0327,-34.8612],[116.0343,-34.8614],[116.0321,-34.8605],[116.0327,-34.8612]]],[[[113.8649,-28.9101],[113.8644,-28.9106],[113.8656,-28.9112],[113.8649,-28.9101]]],[[[118.3206,-34.9057],[118.3216,-34.9057],[118.3208,-34.9049],[118.3206,-34.9057]]],[[[118.0704,-35.066],[118.0714,-35.0648],[118.0705,-35.065],[118.0704,-35.066]]],[[[115.1873,-34.2778],[115.1865,-34.2784],[115.1884,-34.2779],[115.1873,-34.2778]]],[[[122.9016,-33.9703],[122.9026,-33.9694],[122.9011,-33.9697],[122.9016,-33.9703]]],[[[122.6561,-33.9916],[122.6569,-33.9909],[122.6554,-33.9909],[122.6561,-33.9916]]],[[[115.6907,-32.2935],[115.6908,-32.2919],[115.6896,-32.2927],[115.6907,-32.2935]]],[[[123.0171,-33.8636],[123.0176,-33.8631],[123.0168,-33.8622],[123.0171,-33.8636]]],[[[122.6897,-33.9325],[122.6901,-33.9312],[122.6891,-33.932],[122.6897,-33.9325]]],[[[114.999,-30.3501],[114.9996,-30.3495],[114.9991,-30.3488],[114.999,-30.3501]]],[[[119.6884,-34.079],[119.689,-34.0779],[119.6881,-34.0782],[119.6884,-34.079]]],[[[122.7392,-33.8992],[122.7398,-33.8981],[122.7388,-33.8988],[122.7392,-33.8992]]],[[[117.6063,-35.1279],[117.6078,-35.1291],[117.6065,-35.1274],[117.6063,-35.1279]]],[[[114.0173,-28.8521],[114.0176,-28.8511],[114.0168,-28.8514],[114.0173,-28.8521]]],[[[113.7825,-28.7355],[113.7831,-28.7352],[113.7827,-28.7345],[113.7825,-28.7355]]],[[[122.903,-33.9792],[122.9038,-33.9784],[122.9032,-33.9783],[122.903,-33.9792]]],[[[122.5841,-34.0176],[122.5834,-34.0185],[122.5841,-34.0184],[122.5841,-34.0176]]],[[[115.0051,-33.5588],[115.0047,-33.5599],[115.0058,-33.5595],[115.0051,-33.5588]]],[[[120.1169,-33.9561],[120.116,-33.9567],[120.1169,-33.957],[120.1169,-33.9561]]],[[[114.9981,-30.4418],[114.998,-30.4405],[114.9974,-30.4409],[114.9981,-30.4418]]],[[[113.879,-28.9085],[113.8783,-28.909],[113.8796,-28.909],[113.879,-28.9085]]],[[[113.7791,-28.7015],[113.7805,-28.7009],[113.779,-28.701],[113.7791,-28.7015]]],[[[116.0993,-34.8531],[116.1,-34.853],[116.0997,-34.852],[116.0993,-34.8531]]],[[[122.0081,-33.986],[122.0082,-33.985],[122.0075,-33.9853],[122.0081,-33.986]]],[[[113.8102,-28.7485],[113.8105,-28.7475],[113.8098,-28.748],[113.8102,-28.7485]]],[[[122.0384,-33.8749],[122.0389,-33.8742],[122.0384,-33.8738],[122.0384,-33.8749]]],[[[122.0239,-33.979],[122.0237,-33.9779],[122.0232,-33.9786],[122.0239,-33.979]]],[[[114.8785,-29.8078],[114.8791,-29.8069],[114.8778,-29.807],[114.8785,-29.8078]]],[[[122.8997,-33.9797],[122.8995,-33.9789],[122.8986,-33.9792],[122.8997,-33.9797]]],[[[122.5312,-33.946],[122.5313,-33.9451],[122.5307,-33.9451],[122.5312,-33.946]]],[[[122.6651,-33.9903],[122.665,-33.9894],[122.6643,-33.99],[122.6651,-33.9903]]],[[[114.0153,-28.8525],[114.0153,-28.8516],[114.0148,-28.8518],[114.0153,-28.8525]]],[[[114.9774,-29.9359],[114.9778,-29.9352],[114.9771,-29.9353],[114.9774,-29.9359]]],[[[113.8613,-28.899],[113.8617,-28.8984],[113.8607,-28.8983],[113.8613,-28.899]]],[[[114.996,-30.3537],[114.9966,-30.3539],[114.9966,-30.353],[114.996,-30.3537]]],[[[115.1095,-30.6647],[115.1102,-30.6642],[115.1093,-30.664],[115.1095,-30.6647]]],[[[116.0347,-34.8668],[116.0355,-34.8662],[116.0346,-34.8662],[116.0347,-34.8668]]],[[[114.994,-33.6733],[114.9944,-33.6724],[114.9939,-33.6725],[114.994,-33.6733]]],[[[113.8577,-28.9061],[113.8581,-28.9057],[113.8575,-28.905],[113.8577,-28.9061]]],[[[113.8778,-28.8728],[113.8775,-28.8715],[113.8772,-28.8719],[113.8778,-28.8728]]],[[[113.7878,-28.7243],[113.7877,-28.7233],[113.7871,-28.7231],[113.7878,-28.7243]]],[[[117.2605,-35.0262],[117.2604,-35.027],[117.2612,-35.0264],[117.2605,-35.0262]]],[[[113.9459,-28.9006],[113.9452,-28.9008],[113.9459,-28.9012],[113.9459,-28.9006]]],[[[122.0373,-33.8746],[122.0379,-33.874],[122.0375,-33.8735],[122.0373,-33.8746]]],[[[114.9738,-29.9449],[114.9745,-29.9452],[114.9738,-29.9443],[114.9738,-29.9449]]],[[[114.9965,-30.317],[114.9973,-30.3169],[114.9965,-30.3164],[114.9965,-30.317]]],[[[115.1593,-34.384],[115.1606,-34.383],[115.1599,-34.3831],[115.1593,-34.384]]],[[[117.2633,-35.0253],[117.2628,-35.0256],[117.2633,-35.0261],[117.2633,-35.0253]]],[[[114.9747,-29.9415],[114.9753,-29.9414],[114.9746,-29.9408],[114.9747,-29.9415]]],[[[114.9606,-30.0245],[114.9612,-30.0243],[114.9602,-30.0237],[114.9606,-30.0245]]],[[[115.0449,-30.529],[115.0454,-30.529],[115.0453,-30.5281],[115.0449,-30.529]]],[[[113.9611,-28.9866],[113.9614,-28.9862],[113.9607,-28.986],[113.9611,-28.9866]]],[[[115.0616,-34.3342],[115.062,-34.3343],[115.062,-34.3334],[115.0616,-34.3342]]],[[[115.1552,-34.3835],[115.156,-34.3827],[115.1554,-34.3828],[115.1552,-34.3835]]],[[[117.9435,-35.1265],[117.944,-35.1262],[117.9441,-35.1252],[117.9435,-35.1265]]],[[[117.7002,-35.0533],[117.7013,-35.0532],[117.7004,-35.0529],[117.7002,-35.0533]]],[[[114.9567,-30.0375],[114.9571,-30.0368],[114.9564,-30.0371],[114.9567,-30.0375]]],[[[115.006,-33.5444],[115.0068,-33.5447],[115.0062,-33.5441],[115.006,-33.5444]]],[[[114.9973,-30.2329],[114.9978,-30.2326],[114.9971,-30.2323],[114.9973,-30.2329]]],[[[120.6387,-33.8944],[120.64,-33.8941],[120.6387,-33.8941],[120.6387,-33.8944]]],[[[115.0236,-34.2752],[115.0246,-34.2743],[115.0242,-34.2743],[115.0236,-34.2752]]],[[[115.6924,-32.2795],[115.6929,-32.2793],[115.6917,-32.2792],[115.6924,-32.2795]]],[[[113.8176,-28.7418],[113.8178,-28.7411],[113.8171,-28.7415],[113.8176,-28.7418]]],[[[114.9611,-29.976],[114.9615,-29.9756],[114.9607,-29.9755],[114.9611,-29.976]]],[[[114.9972,-30.4428],[114.9976,-30.4422],[114.9971,-30.4423],[114.9972,-30.4428]]],[[[117.9237,-35.1222],[117.9244,-35.1221],[117.9235,-35.1218],[117.9237,-35.1222]]],[[[114.9976,-34.0414],[114.9979,-34.0416],[114.9985,-34.0409],[114.9976,-34.0414]]],[[[115.0257,-34.2645],[115.025,-34.2651],[115.0258,-34.265],[115.0257,-34.2645]]],[[[114.9867,-30.3315],[114.9871,-30.3312],[114.9864,-30.3312],[114.9867,-30.3315]]],[[[115.1657,-34.3957],[115.1663,-34.3956],[115.1664,-34.3952],[115.1657,-34.3957]]],[[[115.3254,-31.0295],[115.3254,-31.0289],[115.3249,-31.0289],[115.3254,-31.0295]]],[[[119.765,-34.0391],[119.7653,-34.0389],[119.7645,-34.0386],[119.765,-34.0391]]],[[[117.2625,-35.0259],[117.2625,-35.0256],[117.2616,-35.0254],[117.2625,-35.0259]]],[[[117.933,-35.0552],[117.9336,-35.0551],[117.9325,-35.0549],[117.933,-35.0552]]],[[[115.1775,-34.4117],[115.178,-34.4117],[115.178,-34.4112],[115.1775,-34.4117]]],[[[120.6594,-33.8899],[120.6598,-33.8897],[120.6601,-33.8891],[120.6594,-33.8899]]],[[[115.2076,-34.4176],[115.2083,-34.4177],[115.2079,-34.4173],[115.2076,-34.4176]]],[[[118.0715,-35.0662],[118.0719,-35.0658],[118.0714,-35.0658],[118.0715,-35.0662]]],[[[114.9942,-33.6716],[114.9945,-33.6713],[114.9939,-33.6714],[114.9942,-33.6716]]],[[[115.1813,-34.4253],[115.1817,-34.425],[115.1811,-34.4248],[115.1813,-34.4253]]],[[[115.0713,-34.3341],[115.0716,-34.3336],[115.0713,-34.3336],[115.0713,-34.3341]]],[[[115.1615,-34.3889],[115.1619,-34.3884],[115.1614,-34.3886],[115.1615,-34.3889]]],[[[115.0031,-33.5316],[115.0033,-33.5317],[115.0035,-33.5309],[115.0031,-33.5316]]],[[[115.0068,-34.2284],[115.0073,-34.2282],[115.0075,-34.2277],[115.0068,-34.2284]]],[[[115.0246,-34.1639],[115.025,-34.1633],[115.0245,-34.1634],[115.0246,-34.1639]]],[[[115.0237,-34.2521],[115.0244,-34.2516],[115.0241,-34.2516],[115.0237,-34.2521]]],[[[115.1603,-34.3938],[115.1605,-34.3936],[115.1603,-34.3932],[115.1603,-34.3938]]],[[[115.1965,-34.4088],[115.1965,-34.4081],[115.1963,-34.4084],[115.1965,-34.4088]]],[[[115.0255,-34.2621],[115.0263,-34.2618],[115.0257,-34.2617],[115.0255,-34.2621]]],[[[115.2103,-34.4205],[115.21,-34.4209],[115.2105,-34.4209],[115.2103,-34.4205]]],[[[114.9986,-34.0406],[114.9989,-34.0404],[114.9984,-34.0401],[114.9986,-34.0406]]],[[[118.0633,-35.0673],[118.0637,-35.0673],[118.0635,-35.0668],[118.0633,-35.0673]]],[[[119.7656,-34.0386],[119.7658,-34.0383],[119.7651,-34.0385],[119.7656,-34.0386]]],[[[118.0174,-35.1098],[118.0179,-35.1098],[118.0172,-35.1097],[118.0174,-35.1098]]],[[[115,-34.0511],[114.9998,-34.0504],[114.9995,-34.0503],[115,-34.0511]]],[[[117.9402,-35.0624],[117.9405,-35.062],[117.9399,-35.0621],[117.9402,-35.0624]]],[[[115.1308,-34.3604],[115.131,-34.3597],[115.1307,-34.3603],[115.1308,-34.3604]]],[[[115.019,-34.2752],[115.0186,-34.2755],[115.0189,-34.2757],[115.019,-34.2752]]],[[[115.1577,-34.3764],[115.1578,-34.376],[115.1575,-34.3762],[115.1577,-34.3764]]],[[[115.1609,-34.3881],[115.1613,-34.3876],[115.1609,-34.3877],[115.1609,-34.3881]]],[[[115.2075,-34.4187],[115.2077,-34.4184],[115.2072,-34.4182],[115.2075,-34.4187]]],[[[114.9942,-33.671],[114.9944,-33.6706],[114.994,-33.6708],[114.9942,-33.671]]],[[[115.1383,-34.3823],[115.138,-34.3822],[115.1383,-34.3826],[115.1383,-34.3823]]],[[[115.2064,-34.4179],[115.2067,-34.4177],[115.2066,-34.4173],[115.2064,-34.4179]]],[[[115.1552,-34.3827],[115.1547,-34.3831],[115.155,-34.3831],[115.1552,-34.3827]]],[[[115.1609,-34.3937],[115.161,-34.3934],[115.1606,-34.3933],[115.1609,-34.3937]]],[[[115.0084,-30.2809],[115.0085,-30.2805],[115.0082,-30.2806],[115.0084,-30.2809]]],[[[115.0714,-34.3302],[115.0717,-34.3302],[115.0716,-34.3298],[115.0714,-34.3302]]],[[[117.9396,-35.0613],[117.9401,-35.0612],[117.9395,-35.0611],[117.9396,-35.0613]]],[[[114.9945,-33.6717],[114.9943,-33.6721],[114.9946,-33.6721],[114.9945,-33.6717]]],[[[115.0203,-34.2161],[115.0208,-34.2161],[115.02,-34.2159],[115.0203,-34.2161]]],[[[115.2093,-34.4192],[115.2096,-34.4188],[115.2093,-34.4188],[115.2093,-34.4192]]],[[[115.0116,-34.2714],[115.0118,-34.2714],[115.0116,-34.271],[115.0116,-34.2714]]],[[[115.0045,-34.2342],[115.0049,-34.2342],[115.005,-34.2339],[115.0045,-34.2342]]],[[[115.0324,-34.2693],[115.0328,-34.269],[115.0323,-34.2692],[115.0324,-34.2693]]],[[[120.815,-33.891],[120.8148,-33.8906],[120.8147,-33.8909],[120.815,-33.891]]],[[[115.2135,-34.4224],[115.2138,-34.4222],[115.2135,-34.4221],[115.2135,-34.4224]],[[120.8194,-33.8835],[120.8199,-33.8836],[120.8191,-33.8834],[120.8194,-33.8835]]],[[[115.6657,-32.1259],[115.6659,-32.1257],[115.6655,-32.1255],[115.6657,-32.1259]]],[[[115.1339,-34.3718],[115.1338,-34.3713],[115.1337,-34.3717],[115.1339,-34.3718]]],[[[115.1337,-34.3732],[115.1338,-34.3726],[115.1336,-34.3728],[115.1337,-34.3732]]],[[[118.0435,-35.0661],[118.0437,-35.0658],[118.0436,-35.0655],[118.0435,-35.0661]]],[[[115.0232,-34.2758],[115.0232,-34.2753],[115.0231,-34.2758],[115.0232,-34.2758]]],[[[115.1629,-34.3066],[115.1632,-34.3066],[115.1628,-34.3064],[115.1629,-34.3066]]],[[[115.1337,-34.3766],[115.1338,-34.3762],[115.1336,-34.3763],[115.1337,-34.3766]]],[[[115.2132,-34.4221],[115.2133,-34.4218],[115.2131,-34.4218],[115.2132,-34.4221]]],[[[114.9991,-34.0476],[114.9991,-34.0473],[114.999,-34.0474],[114.9991,-34.0476]]],[[[115.0254,-34.263],[115.025,-34.2627],[115.0251,-34.2629],[115.0254,-34.263]]],[[[115.0237,-34.2637],[115.0238,-34.2634],[115.0236,-34.2635],[115.0237,-34.2637]]],[[[115.025,-34.1614],[115.025,-34.1612],[115.0248,-34.161],[115.025,-34.1614]]],[[[118.0177,-35.1102],[118.0178,-35.1101],[118.0174,-35.1101],[118.0177,-35.1102]]],[[[115.1359,-34.377],[115.1359,-34.3766],[115.1358,-34.3768],[115.1359,-34.377]]],[[[115.0257,-34.2704],[115.0254,-34.2704],[115.0254,-34.2707],[115.0257,-34.2704]]],[[[115.0296,-34.3096],[115.03,-34.3095],[115.0296,-34.3095],[115.0296,-34.3096]]],[[[115.1609,-34.3704],[115.161,-34.3702],[115.1607,-34.3701],[115.1609,-34.3704]]],[[[114.9927,-34.104],[114.993,-34.1038],[114.9925,-34.1039],[114.9927,-34.104]]],[[[115.138,-34.383],[115.1378,-34.383],[115.1378,-34.3832],[115.138,-34.383]]],[[[114.9948,-34.1054],[114.995,-34.1051],[114.9947,-34.1053],[114.9948,-34.1054]]],[[[118.0433,-35.0659],[118.0433,-35.0661],[118.0434,-35.0655],[118.0433,-35.0659]]],[[[115.0254,-34.1635],[115.0254,-34.1632],[115.0253,-34.1635],[115.0254,-34.1635]]],[[[115.1238,-34.3531],[115.1239,-34.353],[115.1237,-34.3528],[115.1238,-34.3531]]],[[[114.9995,-34.0593],[114.9997,-34.0592],[114.9997,-34.059],[114.9995,-34.0593]]],[[[115.1277,-34.3564],[115.1277,-34.356],[115.1276,-34.3563],[115.1277,-34.3564]]],[[[115.1603,-34.3763],[115.1605,-34.3763],[115.1604,-34.376],[115.1603,-34.3763]]],[[[115.0354,-34.2725],[115.0356,-34.2723],[115.0353,-34.2724],[115.0354,-34.2725]]],[[[115.1283,-34.3583],[115.1283,-34.3578],[115.1282,-34.358],[115.1283,-34.3583]]],[[[115.1613,-34.383],[115.1612,-34.383],[115.1609,-34.3832],[115.1613,-34.383]]],[[[115.1611,-34.3834],[115.1614,-34.3832],[115.161,-34.3834],[115.1611,-34.3834]]],[[[115.0113,-34.2722],[115.0113,-34.2719],[115.0111,-34.2721],[115.0113,-34.2722]]],[[[114.9953,-34.005],[114.9955,-34.0048],[114.9951,-34.0049],[114.9953,-34.005]]],[[[115.0354,-34.2729],[115.0353,-34.2726],[115.0353,-34.2729],[115.0354,-34.2729]]],[[[115.0228,-34.2763],[115.023,-34.2762],[115.0227,-34.2763],[115.0228,-34.2763]]],[[[115.1542,-34.3835],[115.1543,-34.3832],[115.1541,-34.3833],[115.1542,-34.3835]]],[[[115.0244,-34.2653],[115.0246,-34.265],[115.0244,-34.2651],[115.0244,-34.2653]]],[[[115.0001,-34.0595],[115,-34.0593],[114.9999,-34.0594],[115.0001,-34.0595]]],[[[115,-34.0598],[115.0001,-34.0596],[114.9999,-34.0597],[115,-34.0598]]],[[[115.0388,-34.2717],[115.0389,-34.2715],[115.0387,-34.2716],[115.0388,-34.2717]]],[[[115.1639,-34.3076],[115.164,-34.3075],[115.1638,-34.3074],[115.1639,-34.3076]]],[[[115.1579,-34.3767],[115.158,-34.3764],[115.1578,-34.3765],[115.1579,-34.3767]]],[[[114.9922,-34.0974],[114.9921,-34.0972],[114.9921,-34.0973],[114.9922,-34.0974]]],[[[115.0143,-34.1804],[115.0144,-34.1803],[115.0141,-34.1803],[115.0143,-34.1804]]],[[[114.9913,-34.1016],[114.9914,-34.1013],[114.9913,-34.1014],[114.9913,-34.1016]]],[[[114.9929,-34.0963],[114.9928,-34.0961],[114.9928,-34.0962],[114.9929,-34.0963]]],[[[114.9979,-34.0398],[114.998,-34.0396],[114.9978,-34.0397],[114.9979,-34.0398]]],[[[115.0715,-34.3324],[115.0716,-34.3323],[115.0713,-34.3322],[115.0715,-34.3324]]],[[[115.1313,-34.3608],[115.1314,-34.3604],[115.1313,-34.3605],[115.1313,-34.3608]]],[[[120.8108,-33.8931],[120.811,-33.8931],[120.811,-33.8929],[120.8108,-33.8931]]],[[[114.993,-34.0967],[114.9929,-34.0965],[114.9929,-34.0966],[114.993,-34.0967]]],[[[115.0003,-34.0599],[115.0003,-34.0596],[115.0002,-34.0598],[115.0003,-34.0599]]],[[[115.0716,-34.3348],[115.0714,-34.3346],[115.0715,-34.3348],[115.0716,-34.3348]]],[[[115.1235,-34.3538],[115.1236,-34.3538],[115.1235,-34.3536],[115.1235,-34.3538]]],[[[115.1332,-34.3761],[115.1333,-34.3758],[115.1332,-34.3759],[115.1332,-34.3761]]],[[[115.1312,-34.3599],[115.1313,-34.3599],[115.1313,-34.3597],[115.1312,-34.3599]]],[[[114.9932,-34.0992],[114.9932,-34.099],[114.9931,-34.099],[114.9932,-34.0992]]],[[[114.9938,-34.093],[114.9939,-34.0928],[114.9937,-34.0928],[114.9938,-34.093]]],[[[115.1237,-34.3536],[115.1239,-34.3534],[115.1237,-34.3534],[115.1237,-34.3536]]],[[[115.147,-34.369],[115.1472,-34.3689],[115.147,-34.3689],[115.147,-34.369]]],[[[114.9979,-34.0354],[114.998,-34.0353],[114.9979,-34.0352],[114.9979,-34.0354]]],[[[115.1382,-34.375],[115.1383,-34.3748],[115.1382,-34.3748],[115.1382,-34.375]]],[[[114.999,-34.0496],[114.9989,-34.0494],[114.9988,-34.0495],[114.999,-34.0496]]],[[[114.9941,-34.0938],[114.9941,-34.0936],[114.994,-34.0936],[114.9941,-34.0938]]],[[[115.1253,-34.3557],[115.1253,-34.3555],[115.1252,-34.3556],[115.1253,-34.3557]]],[[[114.9976,-34.0357],[114.9978,-34.0356],[114.9976,-34.0357],[114.9976,-34.0357]]],[[[117.927,-35.1208],[117.927,-35.1207],[117.9268,-35.1207],[117.927,-35.1208]]],[[[115.0255,-34.258],[115.0254,-34.2579],[115.0253,-34.2579],[115.0255,-34.258]]],[[[115.1307,-34.3606],[115.1308,-34.3605],[115.1306,-34.3605],[115.1307,-34.3606]]],[[[115.1345,-34.3687],[115.1345,-34.3686],[115.1344,-34.3686],[115.1345,-34.3687]]],[[[114.9917,-34.1019],[114.9916,-34.1018],[114.9916,-34.1019],[114.9917,-34.1019]]],[[[115.0268,-34.2601],[115.0269,-34.2601],[115.0267,-34.2601],[115.0268,-34.2601]]],[[[120.8142,-33.886],[120.8143,-33.8859],[120.8141,-33.8859],[120.8142,-33.886]]],[[[115.0003,-34.0302],[115.0004,-34.0301],[115.0002,-34.0301],[115.0003,-34.0302]]],[[[115.0001,-34.0508],[115.0002,-34.0506],[115.0001,-34.0506],[115.0001,-34.0508]]],[[[114.9963,-34.0895],[114.9963,-34.0894],[114.9962,-34.0894],[114.9963,-34.0895]]],[[[115.0329,-34.2684],[115.033,-34.2683],[115.0328,-34.2684],[115.0329,-34.2684]]],[[[115.1254,-34.3559],[115.1255,-34.3559],[115.1254,-34.3558],[115.1254,-34.3559]]],[[[114.992,-34.1025],[114.992,-34.1024],[114.9919,-34.1024],[114.992,-34.1025]]],[[[114.9917,-34.1017],[114.9917,-34.1016],[114.9916,-34.1016],[114.9917,-34.1017]]],[[[115.0266,-34.1605],[115.0267,-34.1604],[115.0265,-34.1605],[115.0266,-34.1605]]],[[[114.9977,-34.0364],[114.9976,-34.0363],[114.9976,-34.0364],[114.9977,-34.0364]]],[[[114.9977,-34.0367],[114.9977,-34.0367],[114.9976,-34.0366],[114.9977,-34.0367]]],[[[114.9986,-34.0418],[114.9986,-34.0417],[114.9985,-34.0417],[114.9986,-34.0418]]],[[[117.9591,-35.0945],[117.9592,-35.0943],[117.9591,-35.0944],[117.9591,-35.0945]]],[[[126.1365,-13.724],[126.1371,-13.7231],[126.1364,-13.7227],[126.1365,-13.724]]],[[[126.896,-13.6946],[126.8964,-13.6925],[126.8941,-13.6913],[126.896,-13.6946]]],[[[126.9144,-13.6935],[126.919,-13.6931],[126.9171,-13.6887],[126.9144,-13.6935]]],[[[126.9636,-13.7385],[126.9655,-13.7371],[126.9641,-13.7374],[126.9636,-13.7385]]],[[[123.59,-17.5717],[123.5869,-17.5687],[123.5883,-17.5765],[123.59,-17.5717]]],[[[123.9582,-33.6205],[123.9586,-33.6196],[123.9577,-33.6193],[123.9582,-33.6205]]],[[[123.9563,-33.6217],[123.957,-33.6213],[123.9564,-33.6206],[123.9563,-33.6217]]],[[[123.9532,-33.6259],[123.9541,-33.6248],[123.9527,-33.6249],[123.9532,-33.6259]]],[[[123.9664,-33.6305],[123.9673,-33.6296],[123.9664,-33.6293],[123.9664,-33.6305]]],[[[123.9601,-33.6271],[123.9605,-33.6268],[123.9598,-33.6262],[123.9601,-33.6271]]],[[[123.9498,-33.6335],[123.9495,-33.6329],[123.949,-33.6331],[123.9498,-33.6335]]],[[[124.0955,-33.7226],[124.0986,-33.7245],[124.1017,-33.7171],[124.0955,-33.7226]]],[[[123.9646,-33.6417],[123.9704,-33.6386],[123.9695,-33.6369],[123.9646,-33.6417]]],[[[124.0803,-33.7297],[124.0776,-33.7304],[124.0807,-33.7314],[124.0803,-33.7297]]],[[[124.1641,-33.7212],[124.1653,-33.7194],[124.1627,-33.7204],[124.1641,-33.7212]]],[[[123.9998,-33.636],[123.9994,-33.6346],[123.9979,-33.6352],[123.9998,-33.636]]],[[[123.9628,-33.6351],[123.9626,-33.634],[123.9619,-33.6347],[123.9628,-33.6351]]],[[[123.7991,-33.7162],[123.7995,-33.7159],[123.7987,-33.7152],[123.7991,-33.7162]]],[[[123.9494,-33.6344],[123.95,-33.6337],[123.9494,-33.6338],[123.9494,-33.6344]]],[[[123.5418,-17.2845],[123.5538,-17.2736],[123.5437,-17.2326],[123.5418,-17.2845]]],[[[123.4232,-17.3241],[123.3995,-17.3007],[123.4017,-17.3174],[123.4232,-17.3241]]],[[[123.4497,-17.3401],[123.4579,-17.3359],[123.4442,-17.324],[123.4497,-17.3401]]],[[[123.5313,-17.3322],[123.5352,-17.3213],[123.5282,-17.3071],[123.5313,-17.3322]]],[[[123.5037,-17.4016],[123.4819,-17.3744],[123.4886,-17.3896],[123.5037,-17.4016]]],[[[123.5197,-17.35],[123.5244,-17.3584],[123.5157,-17.336],[123.5197,-17.35]]],[[[123.5459,-17.3185],[123.5483,-17.3003],[123.5422,-17.3068],[123.5459,-17.3185]]],[[[123.4269,-17.3013],[123.4168,-17.2851],[123.4178,-17.2938],[123.4269,-17.3013]]],[[[123.5409,-17.3012],[123.5464,-17.2973],[123.5386,-17.2913],[123.5409,-17.3012]]],[[[123.4177,-17.3274],[123.4205,-17.3251],[123.41,-17.3246],[123.4177,-17.3274]]],[[[123.4237,-17.3171],[123.4235,-17.3147],[123.417,-17.3114],[123.4237,-17.3171]]],[[[123.5848,-17.344],[123.5869,-17.343],[123.5851,-17.3424],[123.5848,-17.344]]],[[[123.5402,-17.2903],[123.5382,-17.2878],[123.5381,-17.2888],[123.5402,-17.2903]]],[[[123.4087,-17.3238],[123.4073,-17.3227],[123.4074,-17.3236],[123.4087,-17.3238]]],[[[123.5232,-17.4349],[123.5234,-17.4327],[123.523,-17.4342],[123.5232,-17.4349]]],[[[123.3975,-17.3171],[123.3966,-17.3157],[123.397,-17.317],[123.3975,-17.3171]]],[[[123.6761,-17.0434],[123.6827,-17.0313],[123.6697,-17.0224],[123.6761,-17.0434]]],[[[123.907,-16.8847],[123.9178,-16.8824],[123.9201,-16.8757],[123.907,-16.8847]]],[[[123.6815,-17.055],[123.6853,-17.052],[123.6871,-17.0402],[123.6815,-17.055]]],[[[123.3139,-17.0862],[123.325,-17.0902],[123.3119,-17.0826],[123.3139,-17.0862]]],[[[123.7052,-16.7614],[123.7109,-16.7619],[123.7085,-16.7547],[123.7052,-16.7614]]],[[[123.8932,-16.8715],[123.8999,-16.8667],[123.8946,-16.8659],[123.8932,-16.8715]]],[[[123.5407,-16.6328],[123.5463,-16.6296],[123.5351,-16.6315],[123.5407,-16.6328]]],[[[123.8373,-16.9038],[123.841,-16.9035],[123.8482,-16.8982],[123.8373,-16.9038]]],[[[123.9468,-16.8605],[123.9506,-16.8589],[123.9534,-16.8537],[123.9468,-16.8605]]],[[[123.6169,-16.7212],[123.6147,-16.7168],[123.6141,-16.7198],[123.6169,-16.7212]]],[[[123.4834,-16.6571],[123.4884,-16.6564],[123.4819,-16.6548],[123.4834,-16.6571]]],[[[123.6671,-17.0251],[123.6668,-17.0216],[123.6649,-17.0208],[123.6671,-17.0251]]],[[[123.568,-16.6244],[123.5709,-16.6234],[123.5645,-16.6238],[123.568,-16.6244]]],[[[123.5384,-16.6284],[123.5407,-16.628],[123.5386,-16.6264],[123.5384,-16.6284]]],[[[123.1435,-16.796],[123.1436,-16.7948],[123.1416,-16.7935],[123.1435,-16.796]]],[[[123.1131,-16.7934],[123.1137,-16.7925],[123.1123,-16.7907],[123.1131,-16.7934]]],[[[123.5554,-16.6221],[123.5548,-16.6205],[123.5539,-16.6217],[123.5554,-16.6221]]],[[[123.5443,-16.6335],[123.5466,-16.6325],[123.5449,-16.6324],[123.5443,-16.6335]]],[[[123.6805,-17.0248],[123.6803,-17.0229],[123.6789,-17.0217],[123.6805,-17.0248]]],[[[123.6332,-16.7315],[123.6331,-16.7306],[123.6313,-16.7305],[123.6332,-16.7315]]],[[[123.8355,-16.9008],[123.8372,-16.9],[123.8341,-16.9005],[123.8355,-16.9008]]],[[[123.1124,-16.7933],[123.1109,-16.7913],[123.1106,-16.7925],[123.1124,-16.7933]]],[[[123.8959,-16.8635],[123.8953,-16.8614],[123.895,-16.8625],[123.8959,-16.8635]]],[[[123.5613,-16.6237],[123.562,-16.6225],[123.5613,-16.6224],[123.5613,-16.6237]]],[[[123.5303,-16.6298],[123.5305,-16.6291],[123.5297,-16.6284],[123.5303,-16.6298]]],[[[123.6833,-17.0302],[123.683,-17.028],[123.6825,-17.0277],[123.6833,-17.0302]]],[[[123.6709,-17.0222],[123.6727,-17.0221],[123.6705,-17.0218],[123.6709,-17.0222]]],[[[123.6816,-17.0272],[123.6818,-17.0257],[123.6815,-17.0255],[123.6816,-17.0272]]],[[[123.5326,-16.6182],[123.5325,-16.617],[123.532,-16.6178],[123.5326,-16.6182]]],[[[123.2053,-34.1165],[123.2152,-34.0809],[123.1575,-34.1103],[123.2053,-34.1165]]],[[[123.5393,-34.3653],[123.534,-34.3781],[123.562,-34.3372],[123.5393,-34.3653]]],[[[124.1465,-33.844],[124.1309,-33.8427],[124.1304,-33.8635],[124.1465,-33.844]]],[[[123.2424,-34.0274],[123.2453,-34.0315],[123.2593,-34.0202],[123.2424,-34.0274]]],[[[123.5302,-34.0191],[123.5371,-34.0089],[123.5269,-34.0049],[123.5302,-34.0191]]],[[[123.5966,-34.2401],[123.617,-34.2234],[123.6073,-34.2267],[123.5966,-34.2401]]],[[[123.1886,-34.079],[123.1787,-34.0804],[123.1832,-34.0872],[123.1886,-34.079]]],[[[123.6417,-33.8889],[123.6543,-33.8854],[123.6338,-33.8875],[123.6417,-33.8889]]],[[[123.288,-34.0241],[123.2926,-34.0238],[123.2944,-34.0148],[123.288,-34.0241]]],[[[123.2343,-34.0721],[123.2378,-34.0705],[123.2326,-34.0616],[123.2343,-34.0721]]],[[[123.1023,-34.0983],[123.1091,-34.097],[123.1086,-34.0907],[123.1023,-34.0983]]],[[[124.0964,-33.7333],[124.0914,-33.7387],[124.0991,-33.737],[124.0964,-33.7333]]],[[[123.1365,-34.1655],[123.1464,-34.1668],[123.1385,-34.1618],[123.1365,-34.1655]]],[[[123.886,-34.1084],[123.8894,-34.1008],[123.8846,-34.1017],[123.886,-34.1084]]],[[[123.2338,-34.0402],[123.2439,-34.0411],[123.2312,-34.0374],[123.2338,-34.0402]]],[[[124.1271,-33.8587],[124.1305,-33.8564],[124.1245,-33.8526],[124.1271,-33.8587]]],[[[123.0658,-34.1229],[123.073,-34.1205],[123.0672,-34.1172],[123.0658,-34.1229]]],[[[124.1587,-33.7677],[124.1658,-33.7606],[124.1591,-33.7642],[124.1587,-33.7677]]],[[[123.1397,-33.9809],[123.1398,-33.9765],[123.1353,-33.9799],[123.1397,-33.9809]]],[[[123.2355,-34.0316],[123.2416,-34.0281],[123.2358,-34.029],[123.2355,-34.0316]]],[[[123.0685,-34.1162],[123.0736,-34.1131],[123.0702,-34.1113],[123.0685,-34.1162]]],[[[123.3429,-34.1661],[123.3476,-34.1637],[123.3442,-34.1625],[123.3429,-34.1661]]],[[[124.0401,-33.7691],[124.0433,-33.7652],[124.0393,-33.7666],[124.0401,-33.7691]]],[[[123.1581,-34.023],[123.1654,-34.0234],[123.1551,-34.0219],[123.1581,-34.023]]],[[[123.1485,-33.9885],[123.1501,-33.9858],[123.148,-33.9837],[123.1485,-33.9885]]],[[[123.741,-33.8211],[123.7465,-33.814],[123.7417,-33.8179],[123.741,-33.8211]]],[[[123.2272,-34.058],[123.2261,-34.055],[123.2249,-34.0571],[123.2272,-34.058]]],[[[123.2201,-34.0054],[123.2212,-34.0037],[123.2174,-34.004],[123.2201,-34.0054]]],[[[124.0894,-33.7465],[124.0897,-33.7428],[124.0881,-33.7437],[124.0894,-33.7465]]],[[[123.3373,-33.9232],[123.3398,-33.9212],[123.3392,-33.9198],[123.3373,-33.9232]]],[[[123.162,-34.0011],[123.1642,-33.9996],[123.1637,-33.998],[123.162,-34.0011]]],[[[123.259,-34.0524],[123.2596,-34.0492],[123.258,-34.051],[123.259,-34.0524]]],[[[124.1198,-33.8542],[124.1229,-33.8516],[124.119,-33.8532],[124.1198,-33.8542]]],[[[123.5414,-34.003],[123.5418,-34.0008],[123.5396,-34.0003],[123.5414,-34.003]]],[[[123.1193,-33.9542],[123.1219,-33.9531],[123.1229,-33.9513],[123.1193,-33.9542]]],[[[123.5506,-33.9956],[123.5539,-33.9939],[123.5506,-33.9944],[123.5506,-33.9956]]],[[[123.0707,-34.0729],[123.0722,-34.0715],[123.069,-34.072],[123.0707,-34.0729]]],[[[123.1263,-34.0765],[123.1286,-34.0745],[123.1264,-34.0745],[123.1263,-34.0765]]],[[[123.9827,-33.8274],[123.9838,-33.825],[123.9815,-33.827],[123.9827,-33.8274]]],[[[123.1421,-33.9318],[123.143,-33.9295],[123.1409,-33.9315],[123.1421,-33.9318]]],[[[123.149,-33.9504],[123.1513,-33.9487],[123.1479,-33.9496],[123.149,-33.9504]]],[[[123.9025,-34.0931],[123.9033,-34.0905],[123.9018,-34.0912],[123.9025,-34.0931]]],[[[123.515,-34.0149],[123.516,-34.0125],[123.5142,-34.0144],[123.515,-34.0149]]],[[[123.2257,-34.0539],[123.2258,-34.053],[123.223,-34.0527],[123.2257,-34.0539]]],[[[123.5327,-34.3601],[123.5335,-34.3592],[123.5318,-34.3583],[123.5327,-34.3601]]],[[[123.667,-33.8497],[123.6692,-33.848],[123.6676,-33.8477],[123.667,-33.8497]]],[[[123.2276,-34.0623],[123.2274,-34.0611],[123.2257,-34.0614],[123.2276,-34.0623]]],[[[123.1456,-34.0038],[123.1473,-34.0028],[123.1459,-34.0023],[123.1456,-34.0038]]],[[[123.5535,-33.9931],[123.5546,-33.9918],[123.5527,-33.9925],[123.5535,-33.9931]]],[[[123.2242,-34.0511],[123.225,-34.0503],[123.2238,-34.0494],[123.2242,-34.0511]]],[[[123.1488,-33.9416],[123.1498,-33.94],[123.1483,-33.9404],[123.1488,-33.9416]]],[[[123.7342,-33.8306],[123.7355,-33.8289],[123.7337,-33.83],[123.7342,-33.8306]]],[[[123.5374,-34.0076],[123.5384,-34.0064],[123.537,-34.0066],[123.5374,-34.0076]]],[[[123.6561,-33.8522],[123.6574,-33.8511],[123.6557,-33.8513],[123.6561,-33.8522]]],[[[123.1642,-34.0553],[123.1649,-34.0544],[123.1635,-34.0541],[123.1642,-34.0553]]],[[[123.3416,-33.9202],[123.342,-33.9194],[123.3409,-33.9189],[123.3416,-33.9202]]],[[[124.126,-33.7396],[124.1251,-33.7404],[124.1265,-33.7407],[124.126,-33.7396]]],[[[123.8973,-34.0899],[123.898,-34.089],[123.8969,-34.0887],[123.8973,-34.0899]]],[[[123.1039,-34.092],[123.1044,-34.0909],[123.1032,-34.0911],[123.1039,-34.092]]],[[[124.079,-33.736],[124.0797,-33.7347],[124.0785,-33.7354],[124.079,-33.736]]],[[[123.1611,-34.0025],[123.1608,-34.0014],[123.1599,-34.002],[123.1611,-34.0025]]],[[[123.8764,-34.0986],[123.8773,-34.0981],[123.8769,-34.0974],[123.8764,-34.0986]]],[[[124.1732,-33.8152],[124.1741,-33.8144],[124.1732,-33.8141],[124.1732,-33.8152]]],[[[123.5587,-33.9344],[123.5592,-33.9338],[123.5587,-33.9336],[123.5587,-33.9344]]],[[[123.3635,-16.5841],[123.388,-16.6046],[123.3524,-16.5301],[123.3635,-16.5841]]],[[[123.4752,-16.6302],[123.5144,-16.6389],[123.5325,-16.6093],[123.4565,-16.6171],[123.4752,-16.6302]]],[[[123.3447,-16.4255],[123.3459,-16.4473],[123.3619,-16.4268],[123.3447,-16.4255]]],[[[123.5179,-16.5875],[123.5247,-16.6059],[123.538,-16.5974],[123.5179,-16.5875]]],[[[123.1011,-16.426],[123.0908,-16.427],[123.1299,-16.4356],[123.1011,-16.426]]],[[[123.3874,-16.5266],[123.3983,-16.5131],[123.3801,-16.5172],[123.3874,-16.5266]]],[[[123.6098,-16.4216],[123.6275,-16.4214],[123.6131,-16.4145],[123.6098,-16.4216]]],[[[123.4531,-16.532],[123.4414,-16.5218],[123.4293,-16.5249],[123.4531,-16.532]]],[[[123.4815,-16.413],[123.501,-16.4155],[123.4713,-16.4074],[123.4815,-16.413]]],[[[123.4795,-16.6111],[123.4934,-16.6003],[123.483,-16.5986],[123.4795,-16.6111]],[[123.4056,-16.6045],[123.3963,-16.6001],[123.413,-16.6066],[123.4056,-16.6045]]],[[[123.5539,-16.6037],[123.5596,-16.6059],[123.5529,-16.5972],[123.5539,-16.6037]]],[[[123.1527,-16.4344],[123.1648,-16.4218],[123.1546,-16.4285],[123.1527,-16.4344]]],[[[124.3999,-16.5347],[124.4054,-16.531],[124.3952,-16.5292],[124.3999,-16.5347]]],[[[123.5759,-16.5875],[123.574,-16.5826],[123.5637,-16.5819],[123.5759,-16.5875]]],[[[123.3831,-16.5093],[123.3891,-16.5074],[123.38,-16.5047],[123.3831,-16.5093]]],[[[123.4433,-16.52],[123.4514,-16.522],[123.441,-16.5168],[123.4433,-16.52]]],[[[123.3926,-16.4989],[123.3899,-16.4965],[123.3757,-16.4964],[123.3926,-16.4989]]],[[[123.4424,-16.465],[123.4381,-16.4588],[123.432,-16.4588],[123.4424,-16.465]]],[[[123.4769,-16.4921],[123.4665,-16.4879],[123.4685,-16.4908],[123.4769,-16.4921]]],[[[123.5404,-16.5897],[123.5416,-16.5763],[123.5392,-16.5807],[123.5404,-16.5897]]],[[[123.1033,-16.4476],[123.1083,-16.4411],[123.1035,-16.4421],[123.1033,-16.4476]]],[[[123.548,-16.4139],[123.5519,-16.4132],[123.54,-16.4079],[123.548,-16.4139]]],[[[123.0842,-16.4478],[123.0897,-16.4495],[123.0829,-16.4432],[123.0842,-16.4478]]],[[[123.3831,-16.5128],[123.3753,-16.5073],[123.3749,-16.5097],[123.3831,-16.5128]]],[[[123.4956,-16.4098],[123.4938,-16.4043],[123.4887,-16.4063],[123.4956,-16.4098]]],[[[123.6748,-16.4095],[123.6788,-16.4069],[123.6709,-16.4074],[123.6748,-16.4095]]],[[[124.8856,-16.4109],[124.8792,-16.4108],[124.8774,-16.4135],[124.8856,-16.4109]]],[[[123.3664,-16.5012],[123.3651,-16.4972],[123.3608,-16.4988],[123.3664,-16.5012]]],[[[123.0956,-16.4153],[123.0973,-16.4123],[123.0939,-16.4099],[123.0956,-16.4153]]],[[[123.4383,-16.518],[123.438,-16.5157],[123.4333,-16.5162],[123.4383,-16.518]]],[[[123.4411,-16.4707],[123.4456,-16.4694],[123.4396,-16.4677],[123.4411,-16.4707]]],[[[123.5583,-16.4526],[123.5642,-16.4533],[123.5525,-16.4503],[123.5583,-16.4526]]],[[[123.3166,-16.5775],[123.3196,-16.5734],[123.3153,-16.5736],[123.3166,-16.5775]]],[[[124.4331,-16.4965],[124.439,-16.4954],[124.4352,-16.4942],[124.4331,-16.4965]]],[[[123.0889,-16.4346],[123.0917,-16.4328],[123.0876,-16.4306],[123.0889,-16.4346]]],[[[124.4301,-16.5099],[124.432,-16.5086],[124.4292,-16.5046],[124.4301,-16.5099]]],[[[123.3563,-16.4856],[123.3611,-16.4881],[123.3544,-16.483],[123.3563,-16.4856]]],[[[123.0926,-16.4397],[123.0943,-16.437],[123.0914,-16.4351],[123.0926,-16.4397]]],[[[123.4837,-16.4926],[123.4787,-16.4877],[123.4773,-16.4881],[123.4837,-16.4926]]],[[[123.3998,-16.4524],[123.4026,-16.4495],[123.3991,-16.4499],[123.3998,-16.4524]]],[[[123.6738,-16.4164],[123.6784,-16.4157],[123.6791,-16.4139],[123.6738,-16.4164]]],[[[124.8669,-16.4146],[124.8647,-16.4134],[124.8586,-16.4144],[124.8669,-16.4146]]],[[[124.7265,-16.3951],[124.7301,-16.3938],[124.7221,-16.3944],[124.7265,-16.3951]]],[[[123.4282,-16.5285],[123.4299,-16.5275],[123.4253,-16.5263],[123.4282,-16.5285]]],[[[123.1079,-16.4486],[123.11,-16.4445],[123.1078,-16.4458],[123.1079,-16.4486]]],[[[123.4977,-16.6107],[123.4982,-16.6088],[123.4961,-16.6043],[123.4977,-16.6107]]],[[[123.4094,-16.5301],[123.4121,-16.5284],[123.4102,-16.5272],[123.4094,-16.5301]]],[[[123.3657,-16.4927],[123.3668,-16.4914],[123.3638,-16.49],[123.3657,-16.4927]]],[[[123.0678,-16.3957],[123.0701,-16.393],[123.068,-16.3936],[123.0678,-16.3957]]],[[[123.5266,-16.4906],[123.5254,-16.4887],[123.5221,-16.4891],[123.5266,-16.4906]]],[[[123.5801,-16.4965],[123.5823,-16.4952],[123.5803,-16.4941],[123.5801,-16.4965]]],[[[123.4141,-16.5056],[123.4149,-16.5037],[123.4124,-16.5044],[123.4141,-16.5056]]],[[[123.6074,-16.512],[123.6066,-16.5104],[123.6032,-16.5112],[123.6074,-16.512]]],[[[123.5637,-16.6061],[123.5641,-16.6047],[123.5614,-16.6031],[123.5637,-16.6061]]],[[[123.4255,-16.46],[123.4209,-16.4574],[123.4228,-16.4597],[123.4255,-16.46]]],[[[123.5324,-16.6069],[123.5349,-16.6038],[123.5333,-16.604],[123.5324,-16.6069]]],[[[124.9382,-16.3871],[124.9402,-16.3858],[124.936,-16.3857],[124.9382,-16.3871]]],[[[123.6425,-16.5259],[123.6402,-16.5235],[123.64,-16.525],[123.6425,-16.5259]]],[[[123.084,-16.4299],[123.0829,-16.4277],[123.0823,-16.4289],[123.084,-16.4299]]],[[[123.5171,-16.5993],[123.5156,-16.5953],[123.5161,-16.5981],[123.5171,-16.5993]]],[[[123.5674,-16.6066],[123.5665,-16.6046],[123.5652,-16.604],[123.5674,-16.6066]]],[[[123.5363,-16.5789],[123.5366,-16.5782],[123.5351,-16.576],[123.5363,-16.5789]]],[[[123.0892,-16.4453],[123.09,-16.4448],[123.0875,-16.4443],[123.0892,-16.4453]]],[[[123.3495,-16.4509],[123.351,-16.4478],[123.3489,-16.4498],[123.3495,-16.4509]]],[[[124.8039,-16.4139],[124.8035,-16.4122],[124.8023,-16.4128],[124.8039,-16.4139]]],[[[123.3701,-16.4946],[123.3701,-16.4936],[123.3683,-16.4935],[123.3701,-16.4946]]],[[[123.5758,-16.4988],[123.5762,-16.4984],[123.5741,-16.4967],[123.5758,-16.4988]]],[[[124.4112,-16.5411],[124.4127,-16.539],[124.4107,-16.5404],[124.4112,-16.5411]]],[[[123.4177,-16.458],[123.4194,-16.4575],[123.4171,-16.457],[123.4177,-16.458]]],[[[123.4191,-16.5058],[123.4211,-16.5052],[123.4193,-16.5047],[123.4191,-16.5058]]],[[[124.328,-16.4176],[124.3292,-16.4165],[124.3272,-16.417],[124.328,-16.4176]]],[[[123.4105,-16.5138],[123.4123,-16.5136],[123.4095,-16.5125],[123.4105,-16.5138]]],[[[123.6686,-16.4176],[123.669,-16.4167],[123.667,-16.417],[123.6686,-16.4176]]],[[[123.0892,-16.4214],[123.0897,-16.4205],[123.0886,-16.4196],[123.0892,-16.4214]]],[[[123.444,-16.4723],[123.4442,-16.4717],[123.4425,-16.4711],[123.444,-16.4723]]],[[[123.4831,-16.4987],[123.4837,-16.4982],[123.482,-16.4973],[123.4831,-16.4987]]],[[[123.1107,-16.4424],[123.1111,-16.4407],[123.1101,-16.4414],[123.1107,-16.4424]]],[[[123.1503,-16.4279],[123.1513,-16.426],[123.1509,-16.4258],[123.1503,-16.4279]]],[[[123.5969,-16.5623],[123.5981,-16.5615],[123.5966,-16.5613],[123.5969,-16.5623]]],[[[123.1483,-16.4393],[123.1485,-16.4375],[123.1477,-16.4383],[123.1483,-16.4393]]],[[[123.2116,-16.4331],[123.2122,-16.4317],[123.2112,-16.4323],[123.2116,-16.4331]]],[[[123.3742,-16.496],[123.3749,-16.4955],[123.373,-16.4951],[123.3742,-16.496]]],[[[123.1419,-16.4088],[123.142,-16.4068],[123.1416,-16.4071],[123.1419,-16.4088]]],[[[123.0893,-16.4262],[123.0901,-16.4249],[123.0895,-16.4245],[123.0893,-16.4262]]],[[[123.352,-16.5602],[123.3521,-16.5586],[123.3515,-16.5597],[123.352,-16.5602]]],[[[123.1314,-16.4517],[123.1315,-16.4507],[123.1304,-16.4505],[123.1314,-16.4517]]],[[[124.3343,-16.4194],[124.3348,-16.418],[124.3341,-16.4178],[124.3343,-16.4194]]],[[[123.5911,-16.4911],[123.591,-16.4897],[123.5902,-16.4907],[123.5911,-16.4911]]],[[[124.3639,-16.4262],[124.3642,-16.4256],[124.363,-16.4247],[124.3639,-16.4262]]],[[[123.3456,-16.4163],[123.3467,-16.4153],[123.3452,-16.416],[123.3456,-16.4163]]],[[[123.4781,-16.6043],[123.4778,-16.6029],[123.4774,-16.604],[123.4781,-16.6043]]],[[[124.3403,-16.4101],[124.3404,-16.4094],[124.3395,-16.4093],[124.3403,-16.4101]]],[[[123.3404,-16.4595],[123.3405,-16.458],[123.3399,-16.4587],[123.3404,-16.4595]]],[[[123.5827,-16.5046],[123.5837,-16.5037],[123.5823,-16.5041],[123.5827,-16.5046]]],[[[123.0792,-16.4143],[123.0799,-16.4132],[123.0794,-16.4129],[123.0792,-16.4143]]],[[[123.448,-16.5027],[123.4481,-16.5019],[123.4468,-16.5022],[123.448,-16.5027]]],[[[123.3626,-16.4902],[123.3629,-16.489],[123.362,-16.4899],[123.3626,-16.4902]]],[[[123.5823,-16.4929],[123.583,-16.4923],[123.5821,-16.492],[123.5823,-16.4929]]],[[[123.4643,-16.4064],[123.4647,-16.4057],[123.4634,-16.4058],[123.4643,-16.4064]]],[[[123.5786,-16.5049],[123.5789,-16.5043],[123.5782,-16.5036],[123.5786,-16.5049]]],[[[123.0699,-16.3861],[123.0698,-16.3855],[123.0691,-16.3872],[123.0699,-16.3861]]],[[[123.4579,-16.2333],[123.4898,-16.2848],[123.497,-16.2497],[123.5317,-16.2598],[123.4667,-16.2092],[123.4579,-16.2333]]],[[[123.2018,-16.3895],[123.1676,-16.3897],[123.1738,-16.433],[123.2018,-16.3895]]],[[[123.9083,-16.2773],[123.94,-16.2782],[123.8619,-16.2357],[123.9083,-16.2773]]],[[[124.2416,-16.3756],[124.2216,-16.3476],[124.2481,-16.4037],[124.2416,-16.3756]]],[[[123.8176,-16.2696],[123.8311,-16.2237],[123.8041,-16.2452],[123.8176,-16.2696]]],[[[124.1047,-16.2577],[124.1454,-16.2498],[124.1131,-16.2292],[124.1047,-16.2577]]],[[[124.5677,-16.3465],[124.6501,-16.3503],[124.6076,-16.3417],[124.5677,-16.3465]]],[[[124.7115,-16.381],[124.7108,-16.3603],[124.6795,-16.3686],[124.7115,-16.381]]],[[[123.8777,-16.2868],[123.8832,-16.2733],[123.8574,-16.2532],[123.8777,-16.2868]]],[[[123.3492,-16.3461],[123.3347,-16.3328],[123.3359,-16.3587],[123.3492,-16.3461]]],[[[123.2223,-16.4065],[123.2133,-16.3925],[123.1994,-16.4247],[123.2223,-16.4065]]],[[[123.5367,-16.2636],[123.5034,-16.2584],[123.5244,-16.2779],[123.5367,-16.2636]]],[[[123.8772,-16.1991],[123.8752,-16.2187],[123.8907,-16.2029],[123.8772,-16.1991]]],[[[123.6221,-16.3533],[123.6278,-16.3451],[123.6005,-16.3275],[123.6221,-16.3533]]],[[[124.6919,-16.3647],[124.6929,-16.3493],[124.673,-16.3562],[124.6919,-16.3647]]],[[[124.444,-16.3773],[124.4647,-16.3558],[124.4333,-16.3681],[124.444,-16.3773]]],[[[123.6586,-16.3452],[123.6227,-16.3303],[123.6505,-16.3478],[123.6586,-16.3452]]],[[[123.6345,-16.4103],[123.6656,-16.4188],[123.6222,-16.4006],[123.6345,-16.4103]]],[[[123.4383,-16.2783],[123.4601,-16.27],[123.4386,-16.2619],[123.4383,-16.2783]]],[[[123.5621,-16.2352],[123.5801,-16.2414],[123.5472,-16.2198],[123.5621,-16.2352]]],[[[123.8415,-16.211],[123.8414,-16.1881],[123.8309,-16.203],[123.8415,-16.211]]],[[[123.7472,-16.2664],[123.7661,-16.2655],[123.7456,-16.2587],[123.7472,-16.2664]]],[[[123.1205,-16.4137],[123.1272,-16.4229],[123.1365,-16.4009],[123.1205,-16.4137]]],[[[123.1524,-16.4227],[123.1671,-16.404],[123.1594,-16.4007],[123.1524,-16.4227]]],[[[123.8748,-16.3053],[123.8852,-16.3197],[123.8648,-16.2899],[123.8748,-16.3053]]],[[[124.0657,-16.2429],[124.0745,-16.2555],[124.0822,-16.2508],[124.0657,-16.2429]]],[[[123.9524,-16.3475],[123.952,-16.3431],[123.921,-16.324],[123.9524,-16.3475]]],[[[123.5545,-16.2583],[123.573,-16.2497],[123.5465,-16.2515],[123.5545,-16.2583]]],[[[124.3511,-16.3489],[124.3545,-16.3596],[124.3593,-16.3423],[124.3511,-16.3489]]],[[[124.0942,-16.2306],[124.0743,-16.2302],[124.0859,-16.2379],[124.0942,-16.2306]]],[[[123.4205,-16.2732],[123.4155,-16.2836],[123.4299,-16.2871],[123.4205,-16.2732]]],[[[123.5151,-16.2987],[123.5217,-16.2759],[123.5125,-16.2825],[123.5151,-16.2987]]],[[[123.1755,-16.3634],[123.2002,-16.3658],[123.2014,-16.3619],[123.1755,-16.3634]]],[[[123.6066,-16.3724],[123.6156,-16.3783],[123.5926,-16.3566],[123.6066,-16.3724]],[[123.6922,-16.3535],[123.6787,-16.345],[123.6984,-16.3564],[123.6922,-16.3535]]],[[[123.4221,-16.278],[123.436,-16.2765],[123.4332,-16.2698],[123.4221,-16.278]]],[[[123.3123,-16.3219],[123.3191,-16.3218],[123.309,-16.307],[123.3123,-16.3219]]],[[[123.881,-16.1726],[123.8769,-16.1775],[123.8939,-16.1899],[123.881,-16.1726]]],[[[123.1524,-16.3879],[123.1456,-16.3944],[123.1581,-16.3982],[123.1524,-16.3879]]],[[[123.8442,-16.2319],[123.8369,-16.2254],[123.8424,-16.2433],[123.8442,-16.2319]]],[[[123.6592,-16.3533],[123.6727,-16.3556],[123.6539,-16.3475],[123.6592,-16.3533]],[[123.9607,-16.2005],[123.9515,-16.2005],[123.9742,-16.1986],[123.9607,-16.2005]]],[[[124.3591,-16.3712],[124.3637,-16.3738],[124.3677,-16.3645],[124.3591,-16.3712]]],[[[123.8182,-16.2063],[123.8116,-16.204],[123.8187,-16.2187],[123.8182,-16.2063]]],[[[123.3996,-16.3806],[123.4025,-16.3718],[123.3833,-16.3732],[123.3996,-16.3806]]],[[[123.7738,-16.279],[123.7815,-16.2798],[123.7687,-16.2714],[123.7738,-16.279]]],[[[124.3517,-16.3646],[124.342,-16.353],[124.3411,-16.3599],[124.3517,-16.3646]]],[[[123.8475,-16.2771],[123.8571,-16.2785],[123.8492,-16.2703],[123.8475,-16.2771]],[[123.4955,-16.2181],[123.4917,-16.2088],[123.5009,-16.2309],[123.4955,-16.2181]]],[[[123.9465,-16.2267],[123.9657,-16.2288],[123.9394,-16.2207],[123.9465,-16.2267]]],[[[123.8134,-16.199],[123.8078,-16.1885],[123.797,-16.1871],[123.8134,-16.199]]],[[[123.5744,-16.2582],[123.5667,-16.2688],[123.5754,-16.2687],[123.5744,-16.2582]]],[[[123.3011,-16.3142],[123.3058,-16.307],[123.3,-16.3062],[123.3011,-16.3142]]],[[[124.3905,-16.3245],[124.3926,-16.316],[124.3861,-16.3209],[124.3905,-16.3245]]],[[[123.4215,-16.3448],[123.4189,-16.3324],[123.4148,-16.3435],[123.4215,-16.3448]]],[[[123.6844,-16.3663],[123.6855,-16.3632],[123.6734,-16.3613],[123.6844,-16.3663]]],[[[123.5461,-16.211],[123.5447,-16.1948],[123.5386,-16.1876],[123.5461,-16.211]]],[[[123.5155,-16.3754],[123.5034,-16.3675],[123.491,-16.3636],[123.5155,-16.3754]]],[[[123.1324,-16.385],[123.1235,-16.3849],[123.1368,-16.3877],[123.1324,-16.385]]],[[[123.8221,-16.2762],[123.8293,-16.2678],[123.8218,-16.2693],[123.8221,-16.2762]]],[[[123.6238,-16.3229],[123.6379,-16.3271],[123.6216,-16.322],[123.6238,-16.3229]]],[[[123.9213,-16.2994],[123.9154,-16.2952],[123.911,-16.2981],[123.9213,-16.2994]]],[[[124.3419,-16.3855],[124.3399,-16.3748],[124.3374,-16.3844],[124.3419,-16.3855]]],[[[124.2101,-16.2782],[124.2146,-16.2747],[124.2065,-16.2702],[124.2101,-16.2782]]],[[[123.5594,-16.2241],[123.564,-16.2262],[123.557,-16.2172],[123.5594,-16.2241]]],[[[124.2205,-16.2839],[124.2249,-16.2811],[124.2146,-16.2778],[124.2205,-16.2839]]],[[[123.8638,-16.2011],[123.8743,-16.2018],[123.8654,-16.1972],[123.8638,-16.2011]]],[[[123.8524,-16.3881],[123.8567,-16.3892],[123.8556,-16.3826],[123.8524,-16.3881]]],[[[123.6046,-16.3787],[123.6101,-16.38],[123.6026,-16.3711],[123.6046,-16.3787]]],[[[123.424,-16.3813],[123.4279,-16.3755],[123.4211,-16.3778],[123.424,-16.3813]]],[[[123.2854,-16.3226],[123.2813,-16.3156],[123.2708,-16.309],[123.2854,-16.3226]]],[[[123.8666,-16.2091],[123.8598,-16.2114],[123.87,-16.2145],[123.8666,-16.2091]]],[[[123.2301,-16.3701],[123.2309,-16.3665],[123.2164,-16.3675],[123.2301,-16.3701]]],[[[124.0461,-16.2422],[124.047,-16.2393],[124.0356,-16.239],[124.0461,-16.2422]]],[[[124.6769,-16.3723],[124.6715,-16.3685],[124.664,-16.3677],[124.6769,-16.3723]]],[[[124.2733,-16.3959],[124.2857,-16.3977],[124.2714,-16.3917],[124.2733,-16.3959]]],[[[123.4226,-16.3637],[123.4335,-16.3659],[123.4174,-16.3611],[123.4226,-16.3637]]],[[[123.4275,-16.314],[123.4332,-16.3079],[123.4275,-16.3091],[123.4275,-16.314]]],[[[123.4252,-16.176],[123.4317,-16.1739],[123.423,-16.1701],[123.4252,-16.176]]],[[[123.2959,-16.3061],[123.2975,-16.3008],[123.2916,-16.3007],[123.2959,-16.3061]]],[[[123.5443,-16.2242],[123.5555,-16.2407],[123.5545,-16.2347],[123.5443,-16.2242]]],[[[123.5533,-16.2488],[123.5562,-16.2438],[123.5519,-16.2446],[123.5533,-16.2488]]],[[[124.1543,-16.2738],[124.159,-16.269],[124.156,-16.2672],[124.1543,-16.2738]]],[[[124.1699,-16.2738],[124.1738,-16.2686],[124.1682,-16.27],[124.1699,-16.2738]]],[[[123.8535,-16.3132],[123.854,-16.308],[123.8502,-16.3096],[123.8535,-16.3132]]],[[[124.2316,-16.288],[124.2348,-16.2856],[124.2285,-16.2857],[124.2316,-16.288]]],[[[123.3971,-16.2864],[123.4004,-16.2824],[123.3929,-16.2849],[123.3971,-16.2864]]],[[[123.8339,-16.2573],[123.8304,-16.2628],[123.8328,-16.2653],[123.8339,-16.2573]]],[[[123.5868,-16.365],[123.5831,-16.3611],[123.5769,-16.3606],[123.5868,-16.365]]],[[[124.2303,-16.3433],[124.2249,-16.3365],[124.2258,-16.3418],[124.2303,-16.3433]]],[[[123.4418,-16.3817],[123.4462,-16.3826],[123.4369,-16.3793],[123.4418,-16.3817]]],[[[123.858,-16.2346],[123.8614,-16.2338],[123.857,-16.2289],[123.858,-16.2346]]],[[[124.1418,-16.2687],[124.1467,-16.2658],[124.1366,-16.2652],[124.1418,-16.2687]]],[[[123.5109,-16.2362],[123.5037,-16.2295],[123.5055,-16.2339],[123.5109,-16.2362]]],[[[123.3739,-16.3706],[123.3784,-16.3704],[123.3752,-16.3672],[123.3739,-16.3706]]],[[[123.6329,-16.3428],[123.6336,-16.3412],[123.6227,-16.3392],[123.6329,-16.3428]]],[[[123.407,-16.3445],[123.4006,-16.3467],[123.4061,-16.3473],[123.407,-16.3445]]],[[[123.8703,-16.3217],[123.8687,-16.3174],[123.8643,-16.3171],[123.8703,-16.3217]]],[[[123.4224,-16.3166],[123.426,-16.3135],[123.4212,-16.3136],[123.4224,-16.3166]]],[[[123.9768,-16.233],[123.9671,-16.2292],[123.9678,-16.2305],[123.9768,-16.233]]],[[[123.8443,-16.208],[123.8441,-16.2003],[123.8426,-16.203],[123.8443,-16.208]]],[[[123.886,-16.3229],[123.884,-16.3238],[123.8851,-16.3279],[123.886,-16.3229]]],[[[124.1639,-16.2758],[124.1664,-16.2731],[124.1604,-16.2738],[124.1639,-16.2758]]],[[[123.8104,-16.177],[123.8064,-16.1742],[123.8083,-16.1791],[123.8104,-16.177]]],[[[123.2687,-16.3087],[123.2689,-16.3072],[123.2603,-16.3025],[123.2687,-16.3087]]],[[[124.3714,-16.3096],[124.3707,-16.3036],[124.3688,-16.308],[124.3714,-16.3096]]],[[[124.1983,-16.3005],[124.2021,-16.3012],[124.195,-16.2966],[124.1983,-16.3005]]],[[[124.398,-16.2619],[124.3996,-16.2619],[124.3935,-16.26],[124.398,-16.2619]]],[[[123.8836,-16.3496],[123.8856,-16.3498],[123.8809,-16.3438],[123.8836,-16.3496]]],[[[124.0567,-16.2402],[124.0529,-16.2341],[124.0538,-16.2382],[124.0567,-16.2402]]],[[[123.1649,-16.4004],[123.1618,-16.3963],[123.1607,-16.3985],[123.1649,-16.4004]]],[[[123.8251,-16.2847],[123.8256,-16.2819],[123.8207,-16.2785],[123.8251,-16.2847]]],[[[123.8785,-16.3364],[123.8755,-16.3327],[123.8732,-16.3328],[123.8785,-16.3364]]],[[[123.4457,-16.3869],[123.4476,-16.3851],[123.442,-16.3849],[123.4457,-16.3869]]],[[[123.4088,-16.1711],[123.4135,-16.1691],[123.4092,-16.1686],[123.4088,-16.1711]]],[[[123.8733,-16.3416],[123.8745,-16.3393],[123.8717,-16.3384],[123.8733,-16.3416]]],[[[123.4473,-16.1941],[123.448,-16.1904],[123.446,-16.1907],[123.4473,-16.1941]]],[[[124.1983,-16.3338],[124.2011,-16.329],[124.1977,-16.332],[124.1983,-16.3338]]],[[[124.2679,-16.3925],[124.266,-16.3883],[124.2644,-16.3906],[124.2679,-16.3925]]],[[[123.4413,-16.224],[123.4437,-16.2221],[123.4428,-16.2189],[123.4413,-16.224]]],[[[123.4199,-16.1725],[123.4216,-16.17],[123.4188,-16.1693],[123.4199,-16.1725]]],[[[123.3071,-16.3071],[123.3092,-16.3036],[123.306,-16.3045],[123.3071,-16.3071]]],[[[123.8085,-16.2362],[123.8076,-16.2305],[123.8063,-16.2324],[123.8085,-16.2362]]],[[[123.8108,-16.1844],[123.8115,-16.1829],[123.8085,-16.1803],[123.8108,-16.1844]]],[[[123.3096,-16.3877],[123.3122,-16.3869],[123.3071,-16.3861],[123.3096,-16.3877]]],[[[123.4028,-16.3547],[123.4077,-16.3509],[123.4036,-16.3521],[123.4028,-16.3547]]],[[[123.4836,-16.3954],[123.4823,-16.3929],[123.4801,-16.3942],[123.4836,-16.3954]]],[[[123.4571,-16.1889],[123.4568,-16.186],[123.4533,-16.1869],[123.4571,-16.1889]]],[[[123.4146,-16.3141],[123.4178,-16.3128],[123.4112,-16.3132],[123.4146,-16.3141]]],[[[124.0625,-16.2379],[124.0641,-16.2353],[124.0609,-16.2347],[124.0625,-16.2379]]],[[[123.5715,-16.1723],[123.5724,-16.1705],[123.5703,-16.1679],[123.5715,-16.1723]]],[[[123.8525,-16.2896],[123.8535,-16.288],[123.8489,-16.2873],[123.8525,-16.2896]]],[[[123.4107,-16.28],[123.4104,-16.2776],[123.4056,-16.2753],[123.4107,-16.28]]],[[[123.804,-16.2677],[123.8035,-16.2637],[123.8016,-16.2627],[123.804,-16.2677]]],[[[123.8815,-16.3318],[123.8824,-16.3301],[123.8795,-16.3272],[123.8815,-16.3318]]],[[[123.8432,-16.3076],[123.8423,-16.3032],[123.8404,-16.3019],[123.8432,-16.3076]]],[[[123.4345,-16.3807],[123.4353,-16.3783],[123.4317,-16.3792],[123.4345,-16.3807]]],[[[123.4601,-16.2794],[123.4638,-16.2766],[123.4641,-16.2743],[123.4601,-16.2794]]],[[[123.4683,-16.3915],[123.469,-16.3889],[123.4665,-16.3876],[123.4683,-16.3915]]],[[[123.5384,-16.2166],[123.539,-16.2161],[123.5349,-16.2094],[123.5384,-16.2166]]],[[[123.4022,-16.2901],[123.4022,-16.2877],[123.3999,-16.2862],[123.4022,-16.2901]]],[[[124.0962,-16.2587],[124.0974,-16.2581],[124.0923,-16.2564],[124.0962,-16.2587]]],[[[123.8777,-16.3441],[123.8782,-16.3424],[123.876,-16.3416],[123.8777,-16.3441]]],[[[123.4466,-16.294],[123.4485,-16.2933],[123.4486,-16.2897],[123.4466,-16.294]]],[[[123.1193,-16.4009],[123.1221,-16.4003],[123.1185,-16.3991],[123.1193,-16.4009]]],[[[123.8666,-16.2329],[123.8665,-16.2318],[123.8627,-16.231],[123.8666,-16.2329]]],[[[124.0272,-16.2411],[124.0295,-16.2399],[124.025,-16.2405],[124.0272,-16.2411]]],[[[123.5858,-16.3558],[123.5862,-16.355],[123.5813,-16.3527],[123.5858,-16.3558]]],[[[123.3042,-16.3061],[123.304,-16.304],[123.3013,-16.3049],[123.3042,-16.3061]]],[[[123.5237,-16.2873],[123.5272,-16.2854],[123.5248,-16.2849],[123.5237,-16.2873]]],[[[123.4187,-16.3288],[123.4203,-16.3251],[123.4186,-16.3267],[123.4187,-16.3288]]],[[[123.7841,-16.2302],[123.7848,-16.2286],[123.7822,-16.2283],[123.7841,-16.2302]]],[[[123.8029,-16.172],[123.8037,-16.1709],[123.8017,-16.169],[123.8029,-16.172]]],[[[123.4825,-16.2966],[123.4834,-16.293],[123.4821,-16.2941],[123.4825,-16.2966]]],[[[123.5604,-16.3274],[123.5634,-16.3296],[123.5586,-16.326],[123.5604,-16.3274]]],[[[123.5906,-16.3597],[123.5892,-16.3574],[123.587,-16.3565],[123.5906,-16.3597]]],[[[123.5745,-16.2098],[123.5735,-16.2082],[123.5711,-16.2084],[123.5745,-16.2098]]],[[[123.5067,-16.3808],[123.508,-16.3806],[123.5028,-16.3794],[123.5067,-16.3808]]],[[[124.2366,-16.2956],[124.2381,-16.294],[124.2369,-16.2927],[124.2366,-16.2956]]],[[[123.862,-16.3223],[123.8614,-16.3198],[123.8592,-16.3183],[123.862,-16.3223]]],[[[123.328,-16.3974],[123.3284,-16.3961],[123.3255,-16.3952],[123.328,-16.3974]]],[[[123.8159,-16.2735],[123.8154,-16.272],[123.8129,-16.2708],[123.8159,-16.2735]]],[[[123.8391,-16.2556],[123.8408,-16.2518],[123.8388,-16.2542],[123.8391,-16.2556]]],[[[123.4246,-16.3415],[123.4265,-16.3405],[123.4254,-16.3388],[123.4246,-16.3415]]],[[[123.7844,-16.2783],[123.7856,-16.2769],[123.783,-16.2754],[123.7844,-16.2783]]],[[[123.3161,-16.3085],[123.3178,-16.3077],[123.3155,-16.3064],[123.3161,-16.3085]]],[[[123.5803,-16.2624],[123.5798,-16.2598],[123.5781,-16.2617],[123.5803,-16.2624]]],[[[123.4918,-16.2365],[123.4927,-16.2356],[123.4899,-16.2349],[123.4918,-16.2365]]],[[[123.5587,-16.3483],[123.5566,-16.346],[123.557,-16.3477],[123.5587,-16.3483]]],[[[123.8396,-16.2504],[123.8398,-16.2484],[123.838,-16.2458],[123.8396,-16.2504]]],[[[123.341,-16.1786],[123.3406,-16.1764],[123.3392,-16.178],[123.341,-16.1786]]],[[[123.505,-16.2353],[123.5018,-16.2314],[123.5028,-16.2338],[123.505,-16.2353]]],[[[124.2009,-16.3084],[124.2006,-16.3072],[124.1972,-16.3063],[124.2009,-16.3084]]],[[[123.613,-16.3584],[123.6141,-16.3577],[123.6111,-16.3566],[123.613,-16.3584]]],[[[123.569,-16.3376],[123.5702,-16.3364],[123.5679,-16.3351],[123.569,-16.3376]]],[[[124.1075,-16.2353],[124.1088,-16.2346],[124.1083,-16.2329],[124.1075,-16.2353]]],[[[123.6174,-16.3199],[123.6186,-16.3191],[123.6167,-16.3176],[123.6174,-16.3199]]],[[[124.082,-16.2546],[124.0848,-16.2532],[124.0819,-16.2533],[124.082,-16.2546]]],[[[123.4112,-16.3415],[123.4117,-16.3391],[123.4107,-16.3384],[123.4112,-16.3415]]],[[[124.0127,-16.2414],[124.0148,-16.2409],[124.0113,-16.2405],[124.0127,-16.2414]]],[[[123.541,-16.2017],[123.5413,-16.1993],[123.5404,-16.1977],[123.541,-16.2017]]],[[[123.4804,-16.2851],[123.4807,-16.2834],[123.479,-16.2833],[123.4804,-16.2851]]],[[[123.4104,-16.3437],[123.4098,-16.3416],[123.4085,-16.3425],[123.4104,-16.3437]]],[[[123.4115,-16.3788],[123.4118,-16.3776],[123.4089,-16.3782],[123.4115,-16.3788]]],[[[123.4493,-16.194],[123.4506,-16.1931],[123.4496,-16.1912],[123.4493,-16.194]]],[[[123.5752,-16.3416],[123.5756,-16.3405],[123.5733,-16.3386],[123.5752,-16.3416]]],[[[123.5894,-16.233],[123.5894,-16.2316],[123.588,-16.231],[123.5894,-16.233]]],[[[124.1949,-16.332],[124.1961,-16.3295],[124.1949,-16.329],[124.1949,-16.332]]],[[[123.565,-16.3325],[123.5658,-16.3318],[123.5636,-16.3299],[123.565,-16.3325]]],[[[123.5675,-16.3399],[123.5671,-16.3373],[123.5662,-16.3384],[123.5675,-16.3399]]],[[[123.3039,-16.3024],[123.3042,-16.3006],[123.3025,-16.3004],[123.3039,-16.3024]]],[[[123.858,-16.282],[123.8598,-16.2801],[123.8575,-16.2815],[123.858,-16.282]]],[[[123.8095,-16.2068],[123.8088,-16.2045],[123.8078,-16.2056],[123.8095,-16.2068]]],[[[123.4667,-16.2393],[123.4658,-16.2373],[123.4648,-16.2371],[123.4667,-16.2393]]],[[[123.0935,-16.2945],[123.0916,-16.2924],[123.0908,-16.2934],[123.0935,-16.2945]]],[[[123.7687,-16.2645],[123.7691,-16.2623],[123.7682,-16.263],[123.7687,-16.2645]]],[[[123.3417,-16.1761],[123.3433,-16.1744],[123.3411,-16.1755],[123.3417,-16.1761]]],[[[123.4001,-16.3485],[123.3992,-16.3471],[123.3979,-16.3474],[123.4001,-16.3485]]],[[[123.3382,-16.1782],[123.3388,-16.1771],[123.3373,-16.1762],[123.3382,-16.1782]]],[[[123.1309,-16.3914],[123.1312,-16.3896],[123.1299,-16.391],[123.1309,-16.3914]]],[[[123.8174,-16.1875],[123.8183,-16.1868],[123.8169,-16.186],[123.8174,-16.1875]]],[[[123.5529,-16.21],[123.5537,-16.2089],[123.5515,-16.2089],[123.5529,-16.21]]],[[[123.4823,-16.3688],[123.4824,-16.368],[123.4799,-16.3664],[123.4823,-16.3688]]],[[[124.5634,-16.3439],[124.5655,-16.3427],[124.5631,-16.3429],[124.5634,-16.3439]]],[[[123.5493,-16.3319],[123.5496,-16.3311],[123.5479,-16.3297],[123.5493,-16.3319]]],[[[123.4114,-16.3516],[123.4119,-16.3507],[123.4108,-16.3493],[123.4114,-16.3516]]],[[[123.4952,-16.3823],[123.498,-16.3819],[123.4955,-16.3812],[123.4952,-16.3823]]],[[[123.412,-16.3767],[123.412,-16.3759],[123.4099,-16.3763],[123.412,-16.3767]]],[[[123.4643,-16.1682],[123.4634,-16.1662],[123.4631,-16.1675],[123.4643,-16.1682]]],[[[123.8792,-16.3196],[123.8796,-16.319],[123.878,-16.3178],[123.8792,-16.3196]]],[[[123.5534,-16.2151],[123.5548,-16.2142],[123.5534,-16.2139],[123.5534,-16.2151]]],[[[124.0883,-16.2584],[124.0897,-16.258],[124.0879,-16.257],[124.0883,-16.2584]]],[[[124.1031,-16.233],[124.1037,-16.2314],[124.1027,-16.2313],[124.1031,-16.233]]],[[[123.5239,-16.1851],[123.5253,-16.1847],[123.5232,-16.1841],[123.5239,-16.1851]]],[[[123.511,-16.3972],[123.5122,-16.3968],[123.5101,-16.3963],[123.511,-16.3972]]],[[[123.4717,-16.242],[123.4714,-16.2405],[123.4702,-16.2408],[123.4717,-16.242]]],[[[123.8394,-16.2584],[123.8405,-16.2573],[123.839,-16.2575],[123.8394,-16.2584]]],[[[123.7017,-16.3533],[123.7022,-16.3518],[123.7013,-16.352],[123.7017,-16.3533]]],[[[123.5437,-16.2788],[123.5449,-16.2779],[123.5446,-16.277],[123.5437,-16.2788]]],[[[123.5459,-16.3327],[123.546,-16.332],[123.5444,-16.3309],[123.5459,-16.3327]]],[[[124.3767,-16.2339],[124.377,-16.2323],[124.3764,-16.232],[124.3767,-16.2339]]],[[[123.7885,-16.2824],[123.7883,-16.2806],[123.7878,-16.2815],[123.7885,-16.2824]]],[[[123.8326,-16.2787],[123.8342,-16.2766],[123.8326,-16.2776],[123.8326,-16.2787]]],[[[123.8739,-16.2322],[123.8732,-16.2312],[123.8722,-16.2315],[123.8739,-16.2322]]],[[[123.884,-16.3217],[123.8843,-16.3201],[123.8837,-16.3194],[123.884,-16.3217]]],[[[123.8851,-16.2886],[123.8854,-16.2879],[123.8842,-16.2873],[123.8851,-16.2886]]],[[[124.0227,-16.241],[124.0219,-16.2401],[124.0208,-16.2404],[124.0227,-16.241]]],[[[123.5756,-16.3586],[123.575,-16.3571],[123.5748,-16.3582],[123.5756,-16.3586]]],[[[123.8291,-16.2803],[123.8283,-16.2783],[123.8279,-16.2791],[123.8291,-16.2803]]],[[[123.871,-16.2347],[123.8718,-16.2336],[123.8706,-16.2339],[123.871,-16.2347]]],[[[123.5838,-16.2173],[123.5861,-16.2172],[123.5834,-16.2165],[123.5838,-16.2173]]],[[[123.3089,-16.3895],[123.3075,-16.3884],[123.3076,-16.3892],[123.3089,-16.3895]]],[[[123.8736,-16.2357],[123.8741,-16.2348],[123.8732,-16.2341],[123.8736,-16.2357]]],[[[123.4006,-16.169],[123.4005,-16.1681],[123.3992,-16.1687],[123.4006,-16.169]]],[[[124.3834,-16.2391],[124.3832,-16.2382],[124.3818,-16.2386],[124.3834,-16.2391]]],[[[124.1174,-16.2549],[124.117,-16.2537],[124.116,-16.2538],[124.1174,-16.2549]]],[[[123.1344,-16.382],[123.1349,-16.3808],[123.1341,-16.3806],[123.1344,-16.382]]],[[[123.3225,-16.1719],[123.3219,-16.1709],[123.3205,-16.1707],[123.3225,-16.1719]]],[[[123.8383,-16.2376],[123.8387,-16.2364],[123.838,-16.2355],[123.8383,-16.2376]]],[[[123.8393,-16.2403],[123.8399,-16.2397],[123.8392,-16.2385],[123.8393,-16.2403]]],[[[124.2018,-16.3358],[124.2015,-16.3345],[124.201,-16.3353],[124.2018,-16.3358]]],[[[123.4802,-16.3717],[123.4806,-16.3708],[123.4798,-16.3704],[123.4802,-16.3717]]],[[[123.8778,-16.2363],[123.8786,-16.2357],[123.8766,-16.2353],[123.8778,-16.2363]]],[[[124.0081,-16.2417],[124.0087,-16.2414],[124.0072,-16.2408],[124.0081,-16.2417]]],[[[124.3892,-16.2966],[124.3894,-16.2954],[124.3886,-16.2959],[124.3892,-16.2966]]],[[[123.8374,-16.248],[123.8378,-16.2475],[123.8367,-16.2465],[123.8374,-16.248]]],[[[124.3783,-16.2313],[124.3783,-16.2298],[124.3777,-16.2304],[124.3783,-16.2313]]],[[[124.0038,-16.2415],[124.0047,-16.241],[124.0029,-16.2408],[124.0038,-16.2415]]],[[[124.3873,-16.3168],[124.3879,-16.316],[124.3875,-16.3154],[124.3873,-16.3168]]],[[[123.975,-16.1955],[123.9756,-16.1945],[123.9745,-16.1948],[123.975,-16.1955]]],[[[123.1434,-16.3931],[123.1437,-16.392],[123.1431,-16.3917],[123.1434,-16.3931]]],[[[123.332,-16.3976],[123.3321,-16.3968],[123.3313,-16.3965],[123.332,-16.3976]]],[[[123.5421,-16.2225],[123.5428,-16.2221],[123.542,-16.2211],[123.5421,-16.2225]]],[[[123.4439,-16.2242],[123.4445,-16.2233],[123.4435,-16.2237],[123.4439,-16.2242]]],[[[123.4194,-16.1751],[123.4192,-16.1739],[123.4186,-16.1747],[123.4194,-16.1751]]],[[[123.4414,-16.1961],[123.4419,-16.1952],[123.4413,-16.1951],[123.4414,-16.1961]]],[[[123.8762,-16.2373],[123.8768,-16.2367],[123.8759,-16.236],[123.8762,-16.2373]]],[[[123.4764,-16.1908],[123.4762,-16.1895],[123.476,-16.1907],[123.4764,-16.1908]]],[[[123.5564,-16.2157],[123.5573,-16.2156],[123.5573,-16.2147],[123.5564,-16.2157]]],[[[124.0167,-16.2414],[124.0172,-16.2409],[124.0161,-16.2404],[124.0167,-16.2414]]],[[[124.3951,-16.3134],[124.3956,-16.3128],[124.3949,-16.3122],[124.3951,-16.3134]]],[[[124.3854,-16.3248],[124.3854,-16.3236],[124.3849,-16.3241],[124.3854,-16.3248]]],[[[123.4819,-16.3655],[123.4822,-16.3651],[123.4814,-16.3646],[123.4819,-16.3655]]],[[[123.5674,-16.1704],[123.5678,-16.17],[123.5672,-16.1694],[123.5674,-16.1704]]],[[[124.5036,-15.3847],[124.5343,-15.3854],[124.5273,-15.3596],[124.5536,-15.3891],[124.591,-15.369],[124.5411,-15.4332],[124.5138,-15.4264],[124.5246,-15.4484],[124.6547,-15.3997],[124.58,-15.3427],[124.5899,-15.3122],[124.5562,-15.3143],[124.5713,-15.2454],[124.4948,-15.2922],[124.5356,-15.3036],[124.4984,-15.3077],[124.5171,-15.3338],[124.4908,-15.321],[124.4921,-15.3582],[124.4608,-15.3558],[124.4826,-15.365],[124.4649,-15.4051],[124.5036,-15.3847]]],[[[124.3781,-15.3224],[124.4128,-15.2929],[124.433,-15.3229],[124.462,-15.3058],[124.4417,-15.2498],[124.35,-15.2957],[124.3781,-15.3224]]],[[[124.8086,-15.2378],[124.7908,-15.2873],[124.8118,-15.3061],[124.8574,-15.2562],[124.8086,-15.2378]]],[[[123.7664,-16.1548],[123.7974,-16.1475],[123.7887,-16.1137],[123.6829,-16.112],[123.7664,-16.1548]]],[[[124.5859,-15.9511],[124.5941,-15.9054],[124.5315,-15.9658],[124.5859,-15.9511]]],[[[124.2817,-15.2936],[124.2544,-15.2862],[124.2312,-15.3194],[124.2817,-15.2936]]],[[[124.1942,-15.9207],[124.2011,-15.965],[124.2339,-15.9712],[124.1942,-15.9207]]],[[[124.0704,-16.1085],[124.1006,-16.0967],[124.0691,-16.0814],[124.0704,-16.1085]]],[[[123.5479,-16.0999],[123.5641,-16.0781],[123.53,-16.0584],[123.5479,-16.0999]]],[[[124.451,-15.9635],[124.449,-15.9846],[124.4633,-15.8971],[124.451,-15.9635]]],[[[124.3691,-15.3775],[124.3377,-15.376],[124.3717,-15.3992],[124.3691,-15.3775]]],[[[124.3051,-15.3536],[124.3498,-15.3328],[124.3444,-15.313],[124.3051,-15.3536]]],[[[124.0947,-16.1439],[124.0628,-16.14],[124.0948,-16.1654],[124.0947,-16.1439]],[[123.5984,-16.0883],[123.5851,-16.0811],[123.6407,-16.1002],[123.5984,-16.0883]]],[[[123.5171,-16.0268],[123.5302,-16.0504],[123.552,-16.0465],[123.5171,-16.0268]]],[[[123.4003,-16.1345],[123.4225,-16.1318],[123.3958,-16.1075],[123.4003,-16.1345]]],[[[123.4421,-16.1136],[123.4464,-16.0861],[123.4325,-16.076],[123.4421,-16.1136]]],[[[123.3323,-16.1617],[123.352,-16.1641],[123.3225,-16.1449],[123.3323,-16.1617]]],[[[123.7804,-16.1802],[123.8084,-16.2006],[123.7724,-16.1651],[123.7804,-16.1802]]],[[[123.5081,-16.1588],[123.5231,-16.163],[123.5194,-16.1409],[123.5081,-16.1588]]],[[[124.6126,-15.2831],[124.6395,-15.2821],[124.6206,-15.2659],[124.6126,-15.2831]],[[124.8538,-15.3003],[124.8417,-15.3145],[124.8599,-15.2833],[124.8538,-15.3003]]],[[[123.4342,-16.1615],[123.4611,-16.1703],[123.4554,-16.1548],[123.4342,-16.1615]]],[[[124.2291,-15.9336],[124.2124,-15.9186],[124.2193,-15.943],[124.2291,-15.9336]]],[[[123.158,-15.5218],[123.1586,-15.5092],[123.156,-15.5356],[123.158,-15.5218]]],[[[123.6965,-15.9339],[123.6892,-15.9671],[123.7016,-15.9593],[123.6965,-15.9339]]],[[[123.5731,-16.1589],[123.5958,-16.1618],[123.5867,-16.1433],[123.5731,-16.1589]]],[[[123.2949,-16.0372],[123.2775,-16.0434],[123.3138,-16.0334],[123.2949,-16.0372]]],[[[124.8015,-15.2226],[124.8,-15.2038],[124.7835,-15.2189],[124.8015,-15.2226]]],[[[124.7358,-14.9151],[124.7389,-14.942],[124.7479,-14.907],[124.7358,-14.9151]]],[[[124.6059,-15.4522],[124.6202,-15.4321],[124.595,-15.4398],[124.6059,-15.4522]]],[[[124.7803,-15.016],[124.7748,-15.0354],[124.7899,-15.0131],[124.7803,-15.016]]],[[[124.5047,-15.2217],[124.5162,-15.2155],[124.5091,-15.2054],[124.5047,-15.2217]]],[[[124.8664,-15.0231],[124.8599,-15.0111],[124.8444,-15.0246],[124.8664,-15.0231]]],[[[124.6295,-15.8046],[124.6485,-15.799],[124.6557,-15.7885],[124.6295,-15.8046]]],[[[124.7455,-14.9515],[124.7626,-14.9545],[124.7565,-14.9406],[124.7455,-14.9515]]],[[[124.4558,-16.0263],[124.4703,-16.0064],[124.4636,-15.9991],[124.4558,-16.0263]]],[[[123.4078,-16.0871],[123.4194,-16.0846],[123.3892,-16.0698],[123.4078,-16.0871]]],[[[124.385,-15.2389],[124.3958,-15.2496],[124.3997,-15.2278],[124.385,-15.2389]]],[[[124.4801,-15.4461],[124.5048,-15.4413],[124.4929,-15.4341],[124.4801,-15.4461]]],[[[124.4473,-15.8881],[124.4532,-15.8692],[124.442,-15.8746],[124.4473,-15.8881]]],[[[123.3841,-16.0582],[123.378,-16.059],[123.4242,-16.0724],[123.3841,-16.0582]]],[[[124.472,-15.3193],[124.4894,-15.3202],[124.4768,-15.3103],[124.472,-15.3193]]],[[[124.6719,-14.9451],[124.6587,-14.9379],[124.6654,-14.95],[124.6719,-14.9451]],[[123.3074,-16.1328],[123.29,-16.1253],[123.3174,-16.1348],[123.3074,-16.1328]]],[[[124.4516,-15.8551],[124.4535,-15.8634],[124.4517,-15.8346],[124.4516,-15.8551]]],[[[124.0734,-16.1741],[124.0803,-16.1615],[124.0682,-16.1664],[124.0734,-16.1741]]],[[[123.4606,-16.1578],[123.4593,-16.1504],[123.4428,-16.1416],[123.4606,-16.1578]]],[[[124.2095,-15.9456],[124.2201,-15.9465],[124.2122,-15.9352],[124.2095,-15.9456]]],[[[124.8438,-15.3421],[124.8486,-15.3492],[124.8592,-15.3444],[124.8438,-15.3421]]],[[[124.1856,-15.9574],[124.1769,-15.938],[124.1748,-15.9484],[124.1856,-15.9574]]],[[[124.6941,-14.9559],[124.6839,-14.9373],[124.6857,-14.9502],[124.6941,-14.9559]]],[[[123.3144,-16.1439],[123.3295,-16.1406],[123.3087,-16.1352],[123.3144,-16.1439]]],[[[124.4878,-15.4654],[124.5008,-15.4569],[124.4979,-15.4517],[124.4878,-15.4654]]],[[[124.7179,-14.8722],[124.7322,-14.8604],[124.7149,-14.8596],[124.7179,-14.8722]]],[[[124.5356,-15.2395],[124.5463,-15.2339],[124.5451,-15.2274],[124.5356,-15.2395]]],[[[124.1886,-15.3373],[124.2069,-15.3378],[124.2083,-15.3303],[124.1886,-15.3373]]],[[[124.4766,-15.9812],[124.4842,-15.9662],[124.4743,-15.9751],[124.4766,-15.9812]]],[[[124.2213,-15.319],[124.2135,-15.318],[124.2295,-15.3231],[124.2213,-15.319]]],[[[124.6453,-15.1745],[124.6506,-15.1691],[124.6439,-15.162],[124.6453,-15.1745]]],[[[124.7762,-14.9389],[124.7713,-14.9414],[124.7755,-14.9536],[124.7762,-14.9389]]],[[[124.8806,-14.9464],[124.8893,-14.9558],[124.8815,-14.9401],[124.8806,-14.9464]]],[[[124.2959,-15.3638],[124.3077,-15.3696],[124.3055,-15.3631],[124.2959,-15.3638]]],[[[124.5692,-15.2663],[124.5769,-15.2692],[124.5679,-15.2555],[124.5692,-15.2663]]],[[[124.0074,-16.0128],[124.0275,-16.0177],[124.0204,-16.0122],[124.0074,-16.0128]]],[[[123.3641,-16.0548],[123.3611,-16.062],[123.3763,-16.0589],[123.3641,-16.0548]]],[[[124.8894,-15.2708],[124.9002,-15.2656],[124.8983,-15.2608],[124.8894,-15.2708]]],[[[124.4714,-15.9946],[124.4773,-15.9891],[124.471,-15.9839],[124.4714,-15.9946]]],[[[124.072,-15.9754],[124.0792,-15.9754],[124.0655,-15.969],[124.072,-15.9754]]],[[[124.8659,-14.934],[124.8702,-14.9426],[124.8698,-14.932],[124.8659,-14.934]]],[[[124.342,-15.3635],[124.3525,-15.3558],[124.3432,-15.3575],[124.342,-15.3635]]],[[[124.4927,-15.2123],[124.4924,-15.2031],[124.4884,-15.2062],[124.4927,-15.2123]]],[[[124.9245,-14.9002],[124.9233,-14.8886],[124.9205,-14.8938],[124.9245,-14.9002]]],[[[124.3913,-15.3462],[124.4012,-15.3425],[124.3921,-15.338],[124.3913,-15.3462]]],[[[124.409,-15.2167],[124.4208,-15.2084],[124.4081,-15.213],[124.409,-15.2167]]],[[[124.6314,-15.3751],[124.6357,-15.3699],[124.6298,-15.3674],[124.6314,-15.3751]]],[[[124.82,-14.9799],[124.8285,-14.9694],[124.8226,-14.9694],[124.82,-14.9799]]],[[[124.1007,-16.1252],[124.1025,-16.1161],[124.096,-16.1207],[124.1007,-16.1252]]],[[[123.5511,-16.0649],[123.5629,-16.0687],[123.5554,-16.0614],[123.5511,-16.0649]]],[[[124.4122,-15.5494],[124.4166,-15.5475],[124.4115,-15.5409],[124.4122,-15.5494]]],[[[124.9036,-14.9119],[124.9071,-14.91],[124.9013,-14.9052],[124.9036,-14.9119]]],[[[124.0641,-16.0886],[124.0669,-16.0819],[124.0611,-16.084],[124.0641,-16.0886]]],[[[124.6981,-14.9396],[124.6971,-14.932],[124.6933,-14.9319],[124.6981,-14.9396]]],[[[123.3768,-16.0646],[123.3807,-16.069],[123.386,-16.0678],[123.3768,-16.0646]]],[[[124.5177,-15.2433],[124.5207,-15.2355],[124.5163,-15.2361],[124.5177,-15.2433]]],[[[124.5172,-15.2341],[124.5214,-15.228],[124.5147,-15.2306],[124.5172,-15.2341]]],[[[124.8718,-15.2818],[124.864,-15.2813],[124.8671,-15.2854],[124.8718,-15.2818]]],[[[124.932,-14.5214],[124.9315,-14.514],[124.9248,-14.5151],[124.932,-14.5214]]],[[[124.4011,-15.5345],[124.4047,-15.531],[124.4002,-15.5246],[124.4011,-15.5345]]],[[[124.4222,-15.2434],[124.4295,-15.2362],[124.4224,-15.2375],[124.4222,-15.2434]]],[[[123.8611,-16.1383],[123.8595,-16.1342],[123.8464,-16.1223],[123.8611,-16.1383]]],[[[124.7987,-15.017],[124.8022,-15.0142],[124.7995,-15.0092],[124.7987,-15.017]]],[[[124.4021,-15.2582],[124.4109,-15.2543],[124.4017,-15.2551],[124.4021,-15.2582]]],[[[124.318,-15.3325],[124.3248,-15.325],[124.3199,-15.3246],[124.318,-15.3325]]],[[[124.5808,-15.263],[124.5875,-15.2552],[124.5824,-15.2563],[124.5808,-15.263]]],[[[124.8446,-15.0151],[124.8485,-15.0119],[124.8424,-15.0022],[124.8446,-15.0151]]],[[[124.4655,-15.9712],[124.4713,-15.9615],[124.4651,-15.9665],[124.4655,-15.9712]]],[[[123.5351,-16.1583],[123.5347,-16.1523],[123.5269,-16.1441],[123.5351,-16.1583]]],[[[124.5558,-15.4959],[124.5592,-15.4885],[124.5555,-15.4891],[124.5558,-15.4959]]],[[[124.3456,-15.2711],[124.3508,-15.2644],[124.344,-15.2671],[124.3456,-15.2711]]],[[[124.812,-15.209],[124.8158,-15.2028],[124.8145,-15.1997],[124.812,-15.209]]],[[[124.733,-14.8554],[124.7379,-14.8481],[124.7306,-14.8506],[124.733,-14.8554]]],[[[124.455,-15.3621],[124.4571,-15.3705],[124.4593,-15.3671],[124.455,-15.3621]]],[[[124.4981,-15.2868],[124.4993,-15.2814],[124.4923,-15.2852],[124.4981,-15.2868]]],[[[124.8869,-14.8962],[124.8893,-14.8919],[124.8833,-14.8909],[124.8869,-14.8962]]],[[[123.8285,-16.151],[123.833,-16.153],[123.8244,-16.1481],[123.8285,-16.151]]],[[[124.9193,-15.2391],[124.9237,-15.2346],[124.919,-15.2339],[124.9193,-15.2391]]],[[[123.5201,-16.0621],[123.5074,-16.054],[123.5136,-16.0599],[123.5201,-16.0621]]],[[[123.8303,-16.146],[123.8266,-16.1405],[123.8204,-16.1394],[123.8303,-16.146]]],[[[124.7481,-15.0349],[124.7524,-15.0322],[124.7449,-15.0346],[124.7481,-15.0349]]],[[[124.7867,-15.0083],[124.792,-15.0019],[124.7838,-15.0061],[124.7867,-15.0083]]],[[[124.5941,-15.9606],[124.5968,-15.9595],[124.5943,-15.9544],[124.5941,-15.9606]]],[[[124.4703,-16.062],[124.4734,-16.0576],[124.4692,-16.0549],[124.4703,-16.062]]],[[[124.2446,-15.3237],[124.2486,-15.3222],[124.2436,-15.32],[124.2446,-15.3237]]],[[[124.0378,-16.0611],[124.0389,-16.0584],[124.0347,-16.0558],[124.0378,-16.0611]]],[[[124.2918,-15.2862],[124.2907,-15.2899],[124.2944,-15.2823],[124.2918,-15.2862]]],[[[124.5017,-15.9398],[124.5064,-15.9362],[124.4976,-15.939],[124.5017,-15.9398]]],[[[124.6698,-15.2761],[124.6729,-15.2737],[124.6664,-15.2729],[124.6698,-15.2761]]],[[[123.7678,-16.1115],[123.7726,-16.1098],[123.7643,-16.1094],[123.7678,-16.1115]]],[[[123.45,-16.0974],[123.4512,-16.0923],[123.4478,-16.0916],[123.45,-16.0974]]],[[[124.3427,-15.9125],[124.345,-15.9039],[124.3414,-15.9103],[124.3427,-15.9125]]],[[[124.4009,-15.5449],[124.401,-15.5364],[124.3993,-15.5428],[124.4009,-15.5449]]],[[[123.7101,-16.1516],[123.7062,-16.1462],[123.7033,-16.1455],[123.7101,-16.1516]]],[[[124.4905,-15.9474],[124.4926,-15.9425],[124.4879,-15.9422],[124.4905,-15.9474]]],[[[124.3207,-15.3653],[124.3225,-15.3623],[124.3179,-15.36],[124.3207,-15.3653]]],[[[124.6767,-15.1554],[124.6734,-15.1516],[124.6705,-15.1544],[124.6767,-15.1554]]],[[[123.5413,-16.0281],[123.5455,-16.0271],[123.5405,-16.0245],[123.5413,-16.0281]]],[[[123.9344,-16.0696],[123.9358,-16.064],[123.9335,-16.0615],[123.9344,-16.0696]]],[[[124.8333,-15.0242],[124.837,-15.0223],[124.8327,-15.0197],[124.8333,-15.0242]]],[[[124.5336,-15.1142],[124.5384,-15.1129],[124.5377,-15.1106],[124.5336,-15.1142]]],[[[124.7706,-14.8577],[124.771,-14.8541],[124.7676,-14.8528],[124.7706,-14.8577]]],[[[124.4635,-15.3957],[124.4662,-15.3919],[124.4612,-15.3935],[124.4635,-15.3957]]],[[[124.6837,-14.914],[124.6851,-14.9097],[124.6813,-14.9121],[124.6837,-14.914]]],[[[124.7193,-14.9091],[124.723,-14.9063],[124.7197,-14.9049],[124.7193,-14.9091]]],[[[124.9388,-15.0754],[124.9399,-15.0725],[124.9364,-15.0706],[124.9388,-15.0754]]],[[[123.5411,-15.9877],[123.5384,-15.9854],[123.536,-15.9882],[123.5411,-15.9877]]],[[[123.4399,-16.1282],[123.4433,-16.1268],[123.4385,-16.123],[123.4399,-16.1282]]],[[[124.6193,-15.3246],[124.6231,-15.3178],[124.6201,-15.3194],[124.6193,-15.3246]]],[[[124.8266,-15.2286],[124.8291,-15.2233],[124.8256,-15.2234],[124.8266,-15.2286]]],[[[123.3522,-16.0587],[123.3508,-16.0557],[123.3448,-16.0565],[123.3522,-16.0587]]],[[[124.5858,-15.5117],[124.5901,-15.508],[124.5856,-15.5089],[124.5858,-15.5117]]],[[[123.646,-16.1084],[123.6452,-16.1034],[123.6402,-16.106],[123.646,-16.1084]]],[[[124.4692,-15.3903],[124.4687,-15.3855],[124.4662,-15.388],[124.4692,-15.3903]]],[[[124.4547,-15.8856],[124.4522,-15.8845],[124.456,-15.8907],[124.4547,-15.8856]]],[[[124.5994,-15.4773],[124.6025,-15.475],[124.6,-15.474],[124.5994,-15.4773]]],[[[124.485,-15.2313],[124.4881,-15.2297],[124.4805,-15.2306],[124.485,-15.2313]]],[[[124.6117,-15.4547],[124.6106,-15.4493],[124.6093,-15.4539],[124.6117,-15.4547]]],[[[124.0678,-16.0807],[124.0673,-16.0764],[124.0641,-16.0758],[124.0678,-16.0807]]],[[[124.6546,-15.1716],[124.6529,-15.1667],[124.6516,-15.1704],[124.6546,-15.1716]]],[[[124.5371,-15.2444],[124.5396,-15.2401],[124.5352,-15.2425],[124.5371,-15.2444]]],[[[123.2726,-16.0441],[123.2737,-16.0394],[123.2714,-16.0411],[123.2726,-16.0441]]],[[[123.6787,-16.1114],[123.682,-16.11],[123.6747,-16.1101],[123.6787,-16.1114]]],[[[124.5719,-15.2519],[124.5764,-15.2492],[124.5721,-15.2492],[124.5719,-15.2519]]],[[[123.5546,-16.0359],[123.553,-16.0312],[123.5509,-16.0328],[123.5546,-16.0359]]],[[[123.3655,-16.0435],[123.3566,-16.0398],[123.3589,-16.0421],[123.3655,-16.0435]]],[[[124.4646,-15.3218],[124.464,-15.3187],[124.461,-15.3189],[124.4646,-15.3218]]],[[[124.6724,-15.4723],[124.6758,-15.4695],[124.6744,-15.4677],[124.6724,-15.4723]]],[[[124.46,-15.5317],[124.4615,-15.5295],[124.4592,-15.5252],[124.46,-15.5317]]],[[[124.6084,-15.0325],[124.608,-15.0277],[124.6062,-15.0312],[124.6084,-15.0325]]],[[[124.8899,-14.8991],[124.8884,-14.899],[124.8856,-14.9041],[124.8899,-14.8991]]],[[[123.3673,-16.0637],[123.3684,-16.0619],[123.3637,-16.0626],[123.3673,-16.0637]]],[[[124.1812,-15.9415],[124.1789,-15.9445],[124.1808,-15.9461],[124.1812,-15.9415]]],[[[124.4554,-15.3916],[124.456,-15.3873],[124.4536,-15.3888],[124.4554,-15.3916]]],[[[124.493,-15.2319],[124.4961,-15.2283],[124.4945,-15.2279],[124.493,-15.2319]]],[[[124.2599,-15.2147],[124.2615,-15.2124],[124.2596,-15.2098],[124.2599,-15.2147]]],[[[124.9296,-14.5449],[124.9304,-14.5402],[124.928,-14.5417],[124.9296,-14.5449]]],[[[124.6655,-15.1535],[124.6666,-15.1479],[124.6645,-15.1509],[124.6655,-15.1535]]],[[[123.3537,-16.0372],[123.3532,-16.0356],[123.3482,-16.0354],[123.3537,-16.0372]]],[[[123.4451,-16.1003],[123.4448,-16.0973],[123.4424,-16.0993],[123.4451,-16.1003]]],[[[124.7255,-14.9077],[124.7264,-14.9044],[124.7235,-14.9059],[124.7255,-14.9077]]],[[[124.4586,-15.8984],[124.4546,-15.898],[124.4568,-15.9003],[124.4586,-15.8984]]],[[[123.8342,-16.1557],[123.8354,-16.152],[123.8331,-16.1532],[123.8342,-16.1557]]],[[[124.6686,-15.4754],[124.6697,-15.4743],[124.6682,-15.4688],[124.6686,-15.4754]]],[[[124.526,-15.2322],[124.5251,-15.227],[124.5237,-15.2305],[124.526,-15.2322]]],[[[124.6618,-15.8566],[124.6623,-15.8545],[124.6586,-15.8547],[124.6618,-15.8566]]],[[[124.4709,-15.312],[124.476,-15.3094],[124.4711,-15.3103],[124.4709,-15.312]]],[[[123.7977,-16.168],[123.7996,-16.1669],[123.7947,-16.1655],[123.7977,-16.168]]],[[[123.4654,-16.1397],[123.4637,-16.1373],[123.4603,-16.136],[123.4654,-16.1397]]],[[[124.9359,-14.5387],[124.9359,-14.5358],[124.934,-14.5348],[124.9359,-14.5387]]],[[[124.621,-15.4263],[124.6228,-15.4241],[124.6194,-15.4249],[124.621,-15.4263]]],[[[124.8131,-15.2282],[124.8169,-15.2263],[124.8148,-15.2258],[124.8131,-15.2282]]],[[[124.7487,-15.342],[124.7499,-15.3383],[124.7469,-15.3414],[124.7487,-15.342]]],[[[123.77,-16.1646],[123.7673,-16.1605],[123.7676,-16.1628],[123.77,-16.1646]]],[[[124.4698,-15.3968],[124.4707,-15.3916],[124.4689,-15.3936],[124.4698,-15.3968]]],[[[123.6349,-15.8749],[123.6383,-15.8723],[123.6382,-15.8699],[123.6349,-15.8749]]],[[[124.3579,-15.3537],[124.3634,-15.3531],[124.359,-15.3522],[124.3579,-15.3537]]],[[[124.9227,-14.5139],[124.9241,-14.5127],[124.9203,-14.5097],[124.9227,-14.5139]]],[[[124.6556,-15.4646],[124.6537,-15.4613],[124.6535,-15.4635],[124.6556,-15.4646]]],[[[124.0565,-16.0777],[124.0544,-16.0741],[124.0545,-16.0772],[124.0565,-16.0777]]],[[[124.4137,-15.254],[124.4191,-15.2524],[124.4153,-15.2521],[124.4137,-15.254]]],[[[123.3486,-16.0403],[123.355,-16.0392],[123.3488,-16.0387],[123.3486,-16.0403]]],[[[124.542,-15.3747],[124.5394,-15.3744],[124.5398,-15.3775],[124.542,-15.3747]]],[[[124.6002,-15.4887],[124.6019,-15.4876],[124.6025,-15.4848],[124.6002,-15.4887]]],[[[123.3605,-16.0385],[123.3604,-16.0374],[123.3557,-16.0368],[123.3605,-16.0385]]],[[[124.3799,-15.2342],[124.3816,-15.2331],[124.3813,-15.2304],[124.3799,-15.2342]]],[[[124.9092,-15.1058],[124.9102,-15.1049],[124.9067,-15.1015],[124.9092,-15.1058]]],[[[124.7197,-15.0777],[124.7207,-15.0732],[124.7191,-15.0751],[124.7197,-15.0777]]],[[[124.6452,-15.3928],[124.6434,-15.3893],[124.6423,-15.3915],[124.6452,-15.3928]]],[[[123.2965,-16.12],[123.2953,-16.1179],[123.2935,-16.1176],[123.2965,-16.12]]],[[[124.9078,-14.9229],[124.9083,-14.9199],[124.9058,-14.9221],[124.9078,-14.9229]]],[[[124.3818,-15.6919],[124.3813,-15.6947],[124.3835,-15.6925],[124.3818,-15.6919]]],[[[124.4408,-15.6564],[124.442,-15.6541],[124.4393,-15.6553],[124.4408,-15.6564]]],[[[124.4861,-15.2089],[124.4869,-15.2046],[124.4851,-15.2076],[124.4861,-15.2089]]],[[[124.4213,-15.9329],[124.4208,-15.9289],[124.4195,-15.9307],[124.4213,-15.9329]]],[[[124.3334,-15.3198],[124.3348,-15.3188],[124.333,-15.3161],[124.3334,-15.3198]]],[[[124.6791,-14.9327],[124.6808,-14.9308],[124.6799,-14.9293],[124.6791,-14.9327]]],[[[124.5712,-14.9903],[124.5707,-14.987],[124.5694,-14.9889],[124.5712,-14.9903]]],[[[124.8266,-15.0134],[124.8277,-15.0117],[124.826,-15.0099],[124.8266,-15.0134]]],[[[124.675,-14.9366],[124.6771,-14.9355],[124.6745,-14.9342],[124.675,-14.9366]]],[[[124.5907,-15.3435],[124.5927,-15.3415],[124.5899,-15.3424],[124.5907,-15.3435]]],[[[124.475,-15.3446],[124.4778,-15.3441],[124.4743,-15.3418],[124.475,-15.3446]]],[[[124.1949,-15.9568],[124.1927,-15.9537],[124.1924,-15.9553],[124.1949,-15.9568]]],[[[124.4577,-15.8274],[124.4579,-15.8234],[124.4569,-15.8254],[124.4577,-15.8274]]],[[[124.6461,-15.4186],[124.6479,-15.4163],[124.6474,-15.4149],[124.6461,-15.4186]]],[[[124.0637,-15.9766],[124.0641,-15.9747],[124.0614,-15.9753],[124.0637,-15.9766]]],[[[123.6917,-15.9747],[123.6933,-15.9704],[123.6903,-15.9736],[123.6917,-15.9747]]],[[[124.5687,-15.9222],[124.5721,-15.9188],[124.57,-15.9195],[124.5687,-15.9222]]],[[[124.9318,-14.9122],[124.9303,-14.9067],[124.9296,-14.9091],[124.9318,-14.9122]]],[[[123.6557,-16.1575],[123.6546,-16.155],[123.6529,-16.1569],[123.6557,-16.1575]]],[[[123.4438,-16.0769],[123.4455,-16.0776],[123.4421,-16.0747],[123.4438,-16.0769]]],[[[124.6401,-15.4291],[124.6418,-15.4271],[124.6396,-15.4278],[124.6401,-15.4291]]],[[[123.4473,-16.0795],[123.451,-16.0778],[123.4476,-16.0785],[123.4473,-16.0795]]],[[[123.2878,-16.0362],[123.2892,-16.0352],[123.2864,-16.0343],[123.2878,-16.0362]]],[[[124.5769,-15.2959],[124.5785,-15.2944],[124.5779,-15.2921],[124.5769,-15.2959]]],[[[124.9405,-15.0621],[124.9427,-15.0602],[124.9423,-15.0584],[124.9405,-15.0621]]],[[[124.5347,-14.99],[124.5357,-14.9879],[124.5341,-14.9866],[124.5347,-14.99]]],[[[124.9469,-15.3686],[124.9481,-15.3658],[124.9463,-15.3667],[124.9469,-15.3686]]],[[[124.6591,-15.1691],[124.6602,-15.167],[124.6575,-15.1676],[124.6591,-15.1691]]],[[[124.9376,-14.9161],[124.9339,-14.9129],[124.9338,-14.9145],[124.9376,-14.9161]]],[[[124.8717,-15.2791],[124.8723,-15.2769],[124.87,-15.2768],[124.8717,-15.2791]]],[[[123.711,-15.8693],[123.7074,-15.8672],[123.7079,-15.8685],[123.711,-15.8693]]],[[[124.597,-15.9752],[124.5948,-15.9744],[124.5953,-15.9768],[124.597,-15.9752]]],[[[124.7542,-14.9902],[124.7542,-14.9887],[124.7506,-14.9887],[124.7542,-14.9902]]],[[[123.4685,-16.1335],[123.4676,-16.1305],[123.4672,-16.1326],[123.4685,-16.1335]]],[[[124.8636,-15.3149],[124.8645,-15.3127],[124.8621,-15.3138],[124.8636,-15.3149]]],[[[124.8181,-15.3146],[124.8158,-15.3118],[124.8162,-15.3142],[124.8181,-15.3146]]],[[[123.4562,-16.1406],[123.4579,-16.1386],[123.4543,-16.1388],[123.4562,-16.1406]]],[[[124.3492,-15.3499],[124.3508,-15.3488],[124.3498,-15.3465],[124.3492,-15.3499]]],[[[124.4024,-15.3391],[124.4021,-15.3409],[124.4039,-15.3396],[124.4024,-15.3391]]],[[[124.2119,-15.3309],[124.2136,-15.3302],[124.2132,-15.3277],[124.2119,-15.3309]]],[[[124.517,-15.1188],[124.5191,-15.1163],[124.5167,-15.1175],[124.517,-15.1188]]],[[[124.6567,-15.1669],[124.6553,-15.1647],[124.654,-15.1654],[124.6567,-15.1669]]],[[[124.4243,-15.2534],[124.4257,-15.2508],[124.4241,-15.2516],[124.4243,-15.2534]]],[[[124.6972,-15.204],[124.6982,-15.2015],[124.6964,-15.2026],[124.6972,-15.204]]],[[[123.756,-16.1134],[123.7569,-16.113],[123.7539,-16.1104],[123.756,-16.1134]]],[[[123.4736,-16.1446],[123.4724,-16.1416],[123.4711,-16.1419],[123.4736,-16.1446]]],[[[123.4342,-16.1557],[123.436,-16.1543],[123.4332,-16.154],[123.4342,-16.1557]]],[[[123.4249,-16.1317],[123.4252,-16.1299],[123.4238,-16.1292],[123.4249,-16.1317]]],[[[124.6807,-15.7618],[124.6831,-15.759],[124.6803,-15.7607],[124.6807,-15.7618]]],[[[124.6016,-15.0218],[124.6023,-15.0208],[124.601,-15.0184],[124.6016,-15.0218]]],[[[124.6269,-15.5082],[124.6284,-15.5077],[124.6268,-15.5063],[124.6269,-15.5082]]],[[[123.418,-16.1404],[123.419,-16.1399],[123.4185,-16.1377],[123.418,-16.1404]]],[[[123.3666,-16.0415],[123.3669,-16.0406],[123.3635,-16.0394],[123.3666,-16.0415]]],[[[124.4618,-15.2322],[124.4632,-15.2299],[124.4617,-15.2306],[124.4618,-15.2322]]],[[[124.668,-15.1557],[124.6692,-15.1547],[124.6672,-15.1534],[124.668,-15.1557]]],[[[124.6682,-15.4249],[124.6696,-15.4224],[124.6675,-15.4237],[124.6682,-15.4249]]],[[[123.2914,-16.1333],[123.29,-16.131],[123.2891,-16.1317],[123.2914,-16.1333]]],[[[124.6764,-15.4923],[124.6783,-15.4904],[124.6781,-15.489],[124.6764,-15.4923]]],[[[124.5962,-15.4875],[124.5966,-15.4851],[124.5952,-15.4849],[124.5962,-15.4875]]],[[[123.3538,-16.1653],[123.3569,-16.1649],[123.3536,-16.1638],[123.3538,-16.1653]]],[[[124.6698,-15.8561],[124.6702,-15.8584],[124.6705,-15.8549],[124.6698,-15.8561]]],[[[124.0389,-16.0526],[124.0405,-16.0518],[124.0398,-16.0507],[124.0389,-16.0526]]],[[[124.6738,-15.4782],[124.6752,-15.4773],[124.6738,-15.4758],[124.6738,-15.4782]]],[[[124.6158,-15.0226],[124.6164,-15.0212],[124.6149,-15.0199],[124.6158,-15.0226]]],[[[124.4392,-15.3279],[124.4386,-15.3257],[124.4381,-15.3275],[124.4392,-15.3279]]],[[[124.4818,-15.468],[124.4853,-15.4659],[124.4837,-15.4656],[124.4818,-15.468]]],[[[124.2926,-15.2926],[124.2934,-15.2917],[124.2928,-15.2899],[124.2926,-15.2926]]],[[[124.6524,-15.4605],[124.654,-15.4584],[124.6519,-15.4594],[124.6524,-15.4605]]],[[[124.547,-15.4034],[124.5483,-15.4009],[124.5464,-15.4023],[124.547,-15.4034]]],[[[124.4383,-15.372],[124.4395,-15.3712],[124.4379,-15.3703],[124.4383,-15.372]]],[[[124.4169,-15.3097],[124.4185,-15.3086],[124.4164,-15.3086],[124.4169,-15.3097]]],[[[124.3107,-15.3374],[124.3122,-15.3356],[124.3114,-15.335],[124.3107,-15.3374]]],[[[123.4311,-16.0771],[123.4312,-16.0758],[123.429,-16.0755],[123.4311,-16.0771]]],[[[123.3293,-16.1613],[123.3274,-16.161],[123.3288,-16.1627],[123.3293,-16.1613]]],[[[124.6384,-15.4279],[124.6391,-15.4259],[124.6377,-15.4264],[124.6384,-15.4279]]],[[[123.3471,-16.1512],[123.3497,-16.1506],[123.347,-16.15],[123.3471,-16.1512]]],[[[123.5301,-16.0953],[123.5286,-16.0925],[123.5286,-16.0936],[123.5301,-16.0953]]],[[[124.3044,-15.9539],[124.3071,-15.9526],[124.3064,-15.9522],[124.3044,-15.9539]]],[[[124.6042,-15.2618],[124.6051,-15.2594],[124.6036,-15.26],[124.6042,-15.2618]]],[[[124.8719,-15.3308],[124.872,-15.3298],[124.8704,-15.3286],[124.8719,-15.3308]]],[[[124.5896,-15.2564],[124.5904,-15.2553],[124.5896,-15.2542],[124.5896,-15.2564]]],[[[124.6394,-15.4142],[124.6413,-15.4128],[124.6387,-15.4135],[124.6394,-15.4142]]],[[[123.674,-15.8681],[123.6732,-15.865],[123.673,-15.8674],[123.674,-15.8681]]],[[[124.8162,-14.9662],[124.8158,-14.9633],[124.8151,-14.9656],[124.8162,-14.9662]]],[[[124.6144,-15.4888],[124.6156,-15.4883],[124.6143,-15.4869],[124.6144,-15.4888]]],[[[124.9396,-14.9169],[124.9399,-14.9152],[124.939,-14.9144],[124.9396,-14.9169]]],[[[124.9285,-14.9064],[124.9292,-14.9047],[124.9276,-14.9052],[124.9285,-14.9064]]],[[[124.9378,-15.3943],[124.9395,-15.3928],[124.9369,-15.3939],[124.9378,-15.3943]]],[[[124.8042,-15.3046],[124.8015,-15.3045],[124.8028,-15.3058],[124.8042,-15.3046]]],[[[124.4388,-15.5344],[124.4401,-15.5331],[124.4379,-15.5328],[124.4388,-15.5344]]],[[[124.3262,-15.0619],[124.3267,-15.0598],[124.3256,-15.0606],[124.3262,-15.0619]]],[[[124.5979,-15.4999],[124.5989,-15.4982],[124.5981,-15.4977],[124.5979,-15.4999]]],[[[124.8234,-14.9681],[124.825,-14.9656],[124.8229,-14.9673],[124.8234,-14.9681]]],[[[123.5315,-16.1579],[123.5316,-16.1557],[123.5308,-16.1563],[123.5315,-16.1579]]],[[[124.4524,-15.9839],[124.4538,-15.9814],[124.4523,-15.9827],[124.4524,-15.9839]]],[[[123.3936,-16.1349],[123.3949,-16.1333],[123.3928,-16.1338],[123.3936,-16.1349]]],[[[124.8607,-15.3387],[124.8604,-15.3365],[124.8596,-15.3373],[124.8607,-15.3387]]],[[[124.6297,-15.7906],[124.6299,-15.7899],[124.6279,-15.788],[124.6297,-15.7906]]],[[[124.8551,-15.3354],[124.856,-15.3346],[124.8548,-15.3336],[124.8551,-15.3354]]],[[[123.3217,-16.161],[123.3224,-16.1593],[123.3213,-16.1584],[123.3217,-16.161]]],[[[124.3644,-15.3562],[124.3665,-15.355],[124.3633,-15.3559],[124.3644,-15.3562]]],[[[124.4612,-15.323],[124.4604,-15.3213],[124.4597,-15.3223],[124.4612,-15.323]]],[[[124.3932,-15.3358],[124.3944,-15.3338],[124.3928,-15.3347],[124.3932,-15.3358]]],[[[124.6999,-15.2588],[124.6994,-15.2566],[124.6998,-15.2599],[124.6999,-15.2588]]],[[[123.4597,-16.1416],[123.4592,-16.1401],[123.4576,-16.1408],[123.4597,-16.1416]]],[[[123.4638,-16.142],[123.4634,-16.1397],[123.4626,-16.1404],[123.4638,-16.142]]],[[[124.5024,-15.1354],[124.5036,-15.1329],[124.502,-15.1346],[124.5024,-15.1354]]],[[[124.209,-15.9335],[124.2097,-15.933],[124.2094,-15.9313],[124.209,-15.9335]]],[[[124.8374,-15.0281],[124.8378,-15.025],[124.8369,-15.0278],[124.8374,-15.0281]]],[[[123.6835,-15.9653],[123.6839,-15.9633],[123.6828,-15.9646],[123.6835,-15.9653]]],[[[124.6116,-15.9181],[124.613,-15.9171],[124.6118,-15.9166],[124.6116,-15.9181]]],[[[124.4018,-15.6653],[124.4021,-15.6643],[124.4013,-15.6628],[124.4018,-15.6653]]],[[[123.5609,-16.0323],[123.5595,-16.0304],[123.5599,-16.0319],[123.5609,-16.0323]]],[[[124.3738,-15.403],[124.3735,-15.4005],[124.373,-15.4015],[124.3738,-15.403]]],[[[124.7004,-15.1959],[124.7018,-15.1941],[124.7004,-15.1942],[124.7004,-15.1959]]],[[[123.6883,-15.9018],[123.689,-15.9012],[123.688,-15.8996],[123.6883,-15.9018]]],[[[124.3708,-15.3307],[124.3719,-15.3302],[124.3715,-15.3291],[124.3708,-15.3307]]],[[[124.6519,-15.4308],[124.6518,-15.4283],[124.6512,-15.4291],[124.6519,-15.4308]]],[[[124.3406,-15.9244],[124.3417,-15.9238],[124.3411,-15.9224],[124.3406,-15.9244]]],[[[124.4484,-15.896],[124.447,-15.8946],[124.4472,-15.8957],[124.4484,-15.896]]],[[[124.3027,-15.899],[124.3017,-15.8971],[124.3016,-15.8981],[124.3027,-15.899]]],[[[124.7294,-15.2706],[124.7298,-15.2696],[124.7285,-15.2688],[124.7294,-15.2706]]],[[[124.4102,-15.7139],[124.411,-15.7122],[124.4097,-15.713],[124.4102,-15.7139]]],[[[124.4154,-15.5512],[124.4163,-15.5501],[124.416,-15.549],[124.4154,-15.5512]]],[[[124.6687,-15.4344],[124.6679,-15.4324],[124.6675,-15.4335],[124.6687,-15.4344]]],[[[124.4043,-15.5074],[124.4045,-15.5063],[124.4034,-15.5054],[124.4043,-15.5074]]],[[[124.8857,-15.0256],[124.8865,-15.0247],[124.8852,-15.0238],[124.8857,-15.0256]]],[[[124.5135,-15.122],[124.5124,-15.1237],[124.514,-15.1232],[124.5135,-15.122]]],[[[124.4529,-16.0593],[124.4527,-16.0577],[124.4519,-16.0586],[124.4529,-16.0593]]],[[[124.928,-15.3935],[124.9285,-15.3927],[124.9272,-15.3917],[124.928,-15.3935]]],[[[124.2841,-15.9373],[124.2841,-15.9364],[124.2825,-15.9364],[124.2841,-15.9373]]],[[[123.4306,-16.1558],[123.4321,-16.1548],[123.4301,-16.1546],[123.4306,-16.1558]]],[[[124.473,-15.3405],[124.4739,-15.3402],[124.4734,-15.339],[124.473,-15.3405]]],[[[123.4017,-16.0593],[123.4021,-16.0576],[123.4013,-16.0581],[123.4017,-16.0593]]],[[[123.3409,-16.0567],[123.3405,-16.0557],[123.3391,-16.0562],[123.3409,-16.0567]]],[[[124.5238,-15.4424],[124.5229,-15.4409],[124.5223,-15.4416],[124.5238,-15.4424]]],[[[124.5272,-15.2396],[124.5275,-15.2381],[124.5267,-15.2375],[124.5272,-15.2396]]],[[[124.9316,-14.5391],[124.9318,-14.538],[124.9303,-14.5385],[124.9316,-14.5391]]],[[[124.3263,-15.9283],[124.3248,-15.9269],[124.3247,-15.9277],[124.3263,-15.9283]]],[[[124.5238,-15.4141],[124.5242,-15.4132],[124.5235,-15.4119],[124.5238,-15.4141]]],[[[123.9891,-16.0761],[123.9883,-16.0745],[123.9881,-16.0755],[123.9891,-16.0761]]],[[[124.8484,-14.9968],[124.8494,-14.996],[124.8491,-14.9949],[124.8484,-14.9968]]],[[[124.1862,-15.3381],[124.1859,-15.3371],[124.1843,-15.3371],[124.1862,-15.3381]]],[[[124.3361,-15.3491],[124.3364,-15.3482],[124.3357,-15.3469],[124.3361,-15.3491]]],[[[124.8632,-15.2753],[124.8632,-15.2736],[124.8625,-15.2744],[124.8632,-15.2753]]],[[[124.4949,-15.9469],[124.4955,-15.9453],[124.4943,-15.946],[124.4949,-15.9469]]],[[[124.6333,-15.7829],[124.6337,-15.7818],[124.6334,-15.7804],[124.6333,-15.7829]]],[[[124.7058,-15.7674],[124.7071,-15.7659],[124.7051,-15.7672],[124.7058,-15.7674]]],[[[124.3431,-15.9168],[124.3437,-15.9143],[124.3427,-15.9156],[124.3431,-15.9168]]],[[[124.4571,-15.8326],[124.4576,-15.8307],[124.4569,-15.8311],[124.4571,-15.8326]]],[[[124.8323,-15.2901],[124.8336,-15.2879],[124.8328,-15.2882],[124.8323,-15.2901]]],[[[124.0896,-16.1033],[124.09,-16.1021],[124.0884,-16.1022],[124.0896,-16.1033]]],[[[124.6283,-15.3607],[124.6291,-15.3594],[124.6279,-15.3595],[124.6283,-15.3607]]],[[[124.9223,-14.9509],[124.923,-14.9496],[124.9221,-14.9485],[124.9223,-14.9509]]],[[[124.7713,-15.0186],[124.7714,-15.0173],[124.7699,-15.0179],[124.7713,-15.0186]]],[[[124.079,-16.161],[124.079,-16.16],[124.0776,-16.1602],[124.079,-16.161]]],[[[124.675,-15.8654],[124.6751,-15.8641],[124.6744,-15.8628],[124.675,-15.8654]]],[[[124.7011,-15.211],[124.7017,-15.2104],[124.701,-15.2092],[124.7011,-15.211]]],[[[124.3977,-15.3284],[124.3976,-15.3269],[124.3967,-15.3266],[124.3977,-15.3284]]],[[[123.5125,-16.0152],[123.5133,-16.0145],[123.5122,-16.0139],[123.5125,-16.0152]]],[[[123.6195,-16.1231],[123.62,-16.1219],[123.6186,-16.1226],[123.6195,-16.1231]]],[[[124.7806,-14.9315],[124.7811,-14.9308],[124.7804,-14.9296],[124.7806,-14.9315]]],[[[124.8438,-15.2839],[124.8431,-15.283],[124.8433,-15.2849],[124.8438,-15.2839]]],[[[123.3235,-16.1438],[123.3237,-16.1431],[123.3218,-16.1429],[123.3235,-16.1438]]],[[[124.9372,-14.9271],[124.9368,-14.9252],[124.9364,-14.9258],[124.9372,-14.9271]]],[[[123.4483,-16.1024],[123.4478,-16.101],[123.4474,-16.1017],[123.4483,-16.1024]]],[[[124.5032,-15.1324],[124.5036,-15.1309],[124.5025,-15.1318],[124.5032,-15.1324]]],[[[124.4515,-15.2961],[124.4524,-15.2956],[124.4524,-15.2944],[124.4515,-15.2961]]],[[[123.4208,-16.1581],[123.4215,-16.1568],[123.4209,-16.1566],[123.4208,-16.1581]]],[[[123.2886,-16.1334],[123.2878,-16.1319],[123.2876,-16.1334],[123.2886,-16.1334]]],[[[124.5389,-15.2278],[124.5402,-15.2262],[124.539,-15.2267],[124.5389,-15.2278]]],[[[124.4595,-15.9043],[124.4599,-15.903],[124.4587,-15.9037],[124.4595,-15.9043]]],[[[124.5488,-15.163],[124.5494,-15.1621],[124.5484,-15.1618],[124.5488,-15.163]]],[[[123.6744,-15.8779],[123.6745,-15.8763],[123.6738,-15.8772],[123.6744,-15.8779]]],[[[124.4913,-15.9746],[124.4916,-15.9732],[124.4908,-15.9739],[124.4913,-15.9746]]],[[[124.5975,-15.0096],[124.5974,-15.0086],[124.5965,-15.0083],[124.5975,-15.0096]]],[[[124.8587,-15.3484],[124.8594,-15.3473],[124.8587,-15.3473],[124.8587,-15.3484]]],[[[124.2095,-15.3233],[124.2105,-15.3223],[124.2091,-15.3229],[124.2095,-15.3233]]],[[[124.3148,-15.3353],[124.3149,-15.3344],[124.314,-15.3341],[124.3148,-15.3353]]],[[[123.692,-15.9624],[123.6915,-15.9612],[123.6911,-15.9616],[123.692,-15.9624]]],[[[124.4723,-15.9566],[124.4719,-15.9552],[124.4715,-15.9561],[124.4723,-15.9566]]],[[[124.4019,-15.3143],[124.4031,-15.3136],[124.402,-15.3134],[124.4019,-15.3143]]],[[[124.4553,-15.2879],[124.4545,-15.2857],[124.4544,-15.2868],[124.4553,-15.2879]]],[[[124.5925,-15.9203],[124.5937,-15.919],[124.5931,-15.9189],[124.5925,-15.9203]]],[[[124.2887,-15.9357],[124.2893,-15.9346],[124.2882,-15.9351],[124.2887,-15.9357]]],[[[124.6196,-15.9191],[124.6193,-15.9178],[124.6186,-15.9177],[124.6196,-15.9191]]],[[[124.3066,-15.3623],[124.3063,-15.361],[124.3059,-15.3621],[124.3066,-15.3623]]],[[[124.6267,-15.7881],[124.6274,-15.7857],[124.6267,-15.7864],[124.6267,-15.7881]]],[[[124.2426,-15.3281],[124.2434,-15.3268],[124.2426,-15.3272],[124.2426,-15.3281]]],[[[123.4609,-16.1331],[123.4616,-16.1323],[123.4606,-16.132],[123.4609,-16.1331]]],[[[123.557,-16.0353],[123.5572,-16.0342],[123.5566,-16.0338],[123.557,-16.0353]]],[[[123.2853,-16.1293],[123.2861,-16.1287],[123.2856,-16.1282],[123.2853,-16.1293]]],[[[124.6719,-15.4598],[124.6726,-15.4587],[124.6713,-15.4593],[124.6719,-15.4598]]],[[[124.418,-15.7216],[124.4189,-15.7206],[124.418,-15.7207],[124.418,-15.7216]]],[[[124.7109,-15.809],[124.7097,-15.8078],[124.7095,-15.8083],[124.7109,-15.809]]],[[[124.8837,-15.3491],[124.8847,-15.3495],[124.8837,-15.3483],[124.8837,-15.3491]]],[[[123.4471,-16.118],[123.4472,-16.1174],[123.4458,-16.1172],[123.4471,-16.118]]],[[[124.7343,-15.221],[124.735,-15.2192],[124.7339,-15.2207],[124.7343,-15.221]]],[[[124.4797,-16.1041],[124.4798,-16.1015],[124.4792,-16.1027],[124.4797,-16.1041]]],[[[124.8872,-14.8893],[124.8879,-14.8881],[124.8871,-14.8884],[124.8872,-14.8893]]],[[[124.6434,-15.4228],[124.6443,-15.422],[124.6427,-15.4226],[124.6434,-15.4228]]],[[[124.4841,-15.9445],[124.4846,-15.944],[124.4843,-15.9431],[124.4841,-15.9445]]],[[[123.6974,-15.9624],[123.697,-15.9613],[123.6966,-15.9618],[123.6974,-15.9624]]],[[[123.4375,-16.1543],[123.4381,-16.1533],[123.437,-16.1537],[123.4375,-16.1543]]],[[[124.8733,-15.2807],[124.8723,-15.2794],[124.8721,-15.2799],[124.8733,-15.2807]]],[[[123.4002,-16.0825],[123.4006,-16.0815],[123.3995,-16.082],[123.4002,-16.0825]]],[[[124.5994,-15.9067],[124.6001,-15.9059],[124.5987,-15.9064],[124.5994,-15.9067]]],[[[124.3173,-15.3593],[124.318,-15.359],[124.3177,-15.3582],[124.3173,-15.3593]]],[[[124.6035,-15.0304],[124.6037,-15.029],[124.6031,-15.029],[124.6035,-15.0304]]],[[[123.3726,-16.1222],[123.3723,-16.1212],[123.3718,-16.1218],[123.3726,-16.1222]]],[[[124.4348,-15.6101],[124.435,-15.6092],[124.4342,-15.6095],[124.4348,-15.6101]]],[[[124.395,-15.7263],[124.3952,-15.7256],[124.3945,-15.7251],[124.395,-15.7263]]],[[[124.6493,-15.3931],[124.6503,-15.3921],[124.65,-15.3915],[124.6493,-15.3931]]],[[[124.4509,-15.8873],[124.4511,-15.8858],[124.4506,-15.8869],[124.4509,-15.8873]]],[[[124.4328,-15.6098],[124.4334,-15.609],[124.4322,-15.6094],[124.4328,-15.6098]]],[[[123.9387,-16.0697],[123.939,-16.069],[123.9382,-16.0684],[123.9387,-16.0697]]],[[[124.5397,-15.3736],[124.5409,-15.3728],[124.5401,-15.3727],[124.5397,-15.3736]]],[[[124.3857,-15.6903],[124.3862,-15.6891],[124.3856,-15.6893],[124.3857,-15.6903]]],[[[124.6687,-15.8563],[124.6693,-15.8554],[124.6685,-15.8549],[124.6687,-15.8563]]],[[[124.48,-15.9419],[124.4801,-15.9407],[124.4795,-15.9412],[124.48,-15.9419]]],[[[124.4659,-15.9461],[124.4664,-15.9458],[124.4662,-15.945],[124.4659,-15.9461]]],[[[124.53,-15.3754],[124.5311,-15.3745],[124.5307,-15.3742],[124.53,-15.3754]]],[[[124.4632,-15.9455],[124.4637,-15.9443],[124.4629,-15.9449],[124.4632,-15.9455]]],[[[124.6296,-15.4409],[124.63,-15.4398],[124.6296,-15.4394],[124.6296,-15.4409]]],[[[124.4937,-15.4735],[124.4941,-15.4728],[124.4933,-15.4724],[124.4937,-15.4735]]],[[[124.5921,-15.2766],[124.592,-15.2753],[124.5915,-15.2757],[124.5921,-15.2766]]],[[[124.4547,-15.8959],[124.4551,-15.8949],[124.4544,-15.8954],[124.4547,-15.8959]]],[[[124.4574,-15.8933],[124.4576,-15.8922],[124.4569,-15.8925],[124.4574,-15.8933]]],[[[123.5596,-16.034],[123.559,-16.033],[123.5586,-16.0335],[123.5596,-16.034]]],[[[124.8056,-15.2366],[124.8061,-15.2357],[124.8055,-15.2353],[124.8056,-15.2366]]],[[[124.4198,-15.2334],[124.4203,-15.2327],[124.4194,-15.2325],[124.4198,-15.2334]]],[[[124.3405,-15.9206],[124.3409,-15.9197],[124.3401,-15.9202],[124.3405,-15.9206]]],[[[124.8831,-14.9019],[124.8825,-14.9005],[124.8823,-14.9011],[124.8831,-14.9019]]],[[[124.6284,-15.5059],[124.6289,-15.5054],[124.6281,-15.505],[124.6284,-15.5059]]],[[[123.1604,-15.5231],[123.1605,-15.5218],[123.1599,-15.5225],[123.1604,-15.5231]]],[[[124.3693,-15.2348],[124.3699,-15.2344],[124.3694,-15.2336],[124.3693,-15.2348]]],[[[124.6146,-15.9171],[124.6154,-15.9162],[124.6149,-15.9159],[124.6146,-15.9171]]],[[[124.8242,-15.304],[124.8246,-15.303],[124.8241,-15.3027],[124.8242,-15.304]]],[[[124.4914,-15.296],[124.4919,-15.2953],[124.4913,-15.2948],[124.4914,-15.296]]],[[[124.643,-15.4204],[124.6437,-15.4194],[124.6426,-15.4202],[124.643,-15.4204]]],[[[123.5611,-16.0521],[123.5614,-16.0512],[123.5608,-16.0508],[123.5611,-16.0521]]],[[[123.5407,-15.9851],[123.5413,-15.9847],[123.5409,-15.9841],[123.5407,-15.9851]]],[[[124.5126,-15.4511],[124.5138,-15.4504],[124.5132,-15.4502],[124.5126,-15.4511]]],[[[124.4276,-15.2565],[124.428,-15.2562],[124.4273,-15.2555],[124.4276,-15.2565]]],[[[124.3724,-15.383],[124.372,-15.3821],[124.3716,-15.3827],[124.3724,-15.383]]],[[[124.8429,-15.2826],[124.8436,-15.2815],[124.8426,-15.2824],[124.8429,-15.2826]]],[[[123.1579,-15.5201],[123.1584,-15.5195],[123.1576,-15.5191],[123.1579,-15.5201]]],[[[124.3802,-15.6582],[124.3808,-15.658],[124.3809,-15.6573],[124.3802,-15.6582]]],[[[124.456,-15.8944],[124.4566,-15.894],[124.4564,-15.8932],[124.456,-15.8944]]],[[[124.4444,-15.6531],[124.4447,-15.6522],[124.444,-15.6527],[124.4444,-15.6531]]],[[[124.309,-15.3642],[124.3089,-15.3633],[124.3085,-15.364],[124.309,-15.3642]]],[[[124.6405,-15.9954],[124.6408,-15.9943],[124.6402,-15.9949],[124.6405,-15.9954]]],[[[124.8739,-15.3325],[124.8736,-15.3314],[124.8732,-15.3317],[124.8739,-15.3325]]],[[[124.398,-15.3317],[124.3984,-15.3315],[124.3977,-15.3307],[124.398,-15.3317]]],[[[124.6049,-15.8966],[124.6058,-15.8955],[124.6046,-15.8964],[124.6049,-15.8966]]],[[[124.6095,-15.9192],[124.61,-15.9185],[124.6097,-15.918],[124.6095,-15.9192]]],[[[124.476,-15.3231],[124.4765,-15.3225],[124.4759,-15.3221],[124.476,-15.3231]]],[[[124.5311,-15.3867],[124.5313,-15.3863],[124.5303,-15.3857],[124.5311,-15.3867]]],[[[123.9308,-16.1536],[123.9308,-16.1524],[123.9303,-16.1524],[123.9308,-16.1536]]],[[[124.9203,-14.5227],[124.9211,-14.522],[124.9207,-14.5216],[124.9203,-14.5227]]],[[[124.4711,-15.9575],[124.4716,-15.9571],[124.471,-15.9565],[124.4711,-15.9575]]],[[[124.452,-15.2888],[124.452,-15.2876],[124.4517,-15.2884],[124.452,-15.2888]]],[[[124.7994,-15.2566],[124.7991,-15.2554],[124.7988,-15.2559],[124.7994,-15.2566]]],[[[124.6273,-15.8807],[124.6278,-15.8805],[124.6272,-15.8798],[124.6273,-15.8807]]],[[[124.4554,-15.883],[124.4547,-15.8821],[124.4547,-15.883],[124.4554,-15.883]]],[[[124.8152,-15.2101],[124.816,-15.2098],[124.8149,-15.2095],[124.8152,-15.2101]]],[[[124.4545,-15.9809],[124.4552,-15.9805],[124.4548,-15.98],[124.4545,-15.9809]]],[[[124.8156,-15.3091],[124.8156,-15.3079],[124.8152,-15.3089],[124.8156,-15.3091]]],[[[124.5408,-15.2246],[124.541,-15.2242],[124.5401,-15.2234],[124.5408,-15.2246]]],[[[124.5886,-15.3741],[124.589,-15.3729],[124.5887,-15.3728],[124.5886,-15.3741]]],[[[124.6171,-15.9165],[124.6164,-15.9156],[124.6163,-15.9162],[124.6171,-15.9165]]],[[[124.4124,-15.2541],[124.4122,-15.2531],[124.4119,-15.254],[124.4124,-15.2541]]],[[[124.6391,-15.4119],[124.6386,-15.4111],[124.6383,-15.4117],[124.6391,-15.4119]]],[[[124.4509,-15.2889],[124.4508,-15.2878],[124.4504,-15.2884],[124.4509,-15.2889]]],[[[124.5338,-15.2745],[124.5339,-15.2736],[124.5334,-15.2735],[124.5338,-15.2745]]],[[[124.3369,-15.3467],[124.3368,-15.3457],[124.3364,-15.3462],[124.3369,-15.3467]]],[[[124.9426,-15.0636],[124.9429,-15.0627],[124.9423,-15.0633],[124.9426,-15.0636]]],[[[124.8147,-15.3113],[124.8139,-15.3105],[124.8139,-15.3109],[124.8147,-15.3113]]],[[[124.397,-15.3305],[124.3966,-15.3294],[124.3964,-15.33],[124.397,-15.3305]]],[[[124.3913,-15.3342],[124.3916,-15.3336],[124.391,-15.3333],[124.3913,-15.3342]]],[[[124.4017,-15.3376],[124.4022,-15.3372],[124.4017,-15.3367],[124.4017,-15.3376]]],[[[124.3046,-15.3557],[124.3049,-15.3552],[124.3045,-15.3548],[124.3046,-15.3557]]],[[[124.3962,-15.331],[124.3958,-15.3302],[124.3956,-15.3307],[124.3962,-15.331]]],[[[124.609,-15.9207],[124.6088,-15.9201],[124.6081,-15.92],[124.609,-15.9207]]],[[[124.3907,-15.3348],[124.3905,-15.334],[124.3902,-15.3346],[124.3907,-15.3348]]],[[[124.9188,-15.248],[124.9189,-15.2474],[124.9182,-15.2473],[124.9188,-15.248]]],[[[124.4254,-15.2552],[124.4253,-15.2543],[124.4249,-15.255],[124.4254,-15.2552]]],[[[124.5638,-15.3037],[124.5641,-15.3031],[124.5636,-15.3028],[124.5638,-15.3037]]],[[[124.6749,-15.88],[124.6752,-15.8795],[124.6745,-15.8792],[124.6749,-15.88]]],[[[124.3972,-15.3322],[124.3971,-15.3313],[124.3967,-15.3318],[124.3972,-15.3322]]],[[[124.9112,-15.2318],[124.9109,-15.2311],[124.9107,-15.2318],[124.9112,-15.2318]]],[[[124.6022,-15.0154],[124.6026,-15.0153],[124.6023,-15.0147],[124.6022,-15.0154]]],[[[124.5882,-15.5118],[124.5888,-15.5112],[124.5882,-15.5113],[124.5882,-15.5118]]],[[[124.7463,-15.0321],[124.7469,-15.0316],[124.7464,-15.0313],[124.7463,-15.0321]]],[[[124.7983,-15.2575],[124.7981,-15.2565],[124.7978,-15.2571],[124.7983,-15.2575]]],[[[124.9258,-15.233],[124.9261,-15.2325],[124.9256,-15.2321],[124.9258,-15.233]]],[[[124.5695,-15.2881],[124.5696,-15.2873],[124.5691,-15.2878],[124.5695,-15.2881]]],[[[124.7259,-15.2236],[124.7262,-15.2234],[124.7256,-15.2229],[124.7259,-15.2236]]],[[[124.865,-15.1424],[124.8647,-15.1416],[124.8643,-15.1421],[124.865,-15.1424]]],[[[124.7206,-15.0787],[124.7209,-15.0778],[124.7203,-15.0783],[124.7206,-15.0787]]],[[[124.9392,-15.3825],[124.9395,-15.382],[124.939,-15.3817],[124.9392,-15.3825]]],[[[124.6173,-15.021],[124.6177,-15.0203],[124.6173,-15.0201],[124.6173,-15.021]]],[[[124.8838,-15.2606],[124.8841,-15.2601],[124.8836,-15.2599],[124.8838,-15.2606]]],[[[124.5898,-15.5119],[124.59,-15.5116],[124.5896,-15.5113],[124.5898,-15.5119]]],[[[124.3933,-15.3302],[124.3933,-15.33],[124.3932,-15.33],[124.3933,-15.3302]]],[[[124.3922,-15.3316],[124.3924,-15.3314],[124.3923,-15.3314],[124.3922,-15.3316]]],[[[125.2255,-15.558],[125.226,-15.5575],[125.2253,-15.5568],[125.2255,-15.558]]],[[[125.2588,-15.5849],[125.2593,-15.5844],[125.258,-15.5846],[125.2588,-15.5849]]],[[[125.2617,-15.5844],[125.2621,-15.5838],[125.2614,-15.5835],[125.2617,-15.5844]]],[[[125.0129,-15.5384],[125.0137,-15.5368],[125.0124,-15.5381],[125.0129,-15.5384]]],[[[125.2239,-15.5534],[125.2232,-15.552],[125.2229,-15.5532],[125.2239,-15.5534]]],[[[125.2254,-15.5566],[125.2246,-15.5548],[125.2243,-15.555],[125.2254,-15.5566]]],[[[125.0127,-15.5346],[125.0132,-15.534],[125.0125,-15.5337],[125.0127,-15.5346]]],[[[125.1684,-15.5167],[125.1664,-15.514],[125.1662,-15.516],[125.1684,-15.5167]]],[[[125.155,-15.5098],[125.1537,-15.5078],[125.1519,-15.5078],[125.155,-15.5098]]],[[[125.0296,-15.5201],[125.0303,-15.5183],[125.0294,-15.5176],[125.0296,-15.5201]]],[[[125.1661,-15.5223],[125.1671,-15.5224],[125.1661,-15.5212],[125.1661,-15.5223]]],[[[125.0032,-15.5023],[125.0024,-15.5009],[125.0016,-15.5017],[125.0032,-15.5023]]],[[[125.1443,-15.5034],[125.1451,-15.5027],[125.1442,-15.5029],[125.1443,-15.5034]]],[[[125.1479,-15.5046],[125.1479,-15.5041],[125.1471,-15.5041],[125.1479,-15.5046]]],[[[125.0079,-15.5284],[125.0076,-15.5278],[125.0074,-15.5281],[125.0079,-15.5284]]],[[[124.9525,-15.3648],[124.9843,-15.343],[124.9536,-15.3521],[124.9525,-15.3648]]],[[[125.0054,-15.4389],[125.0142,-15.4298],[125.0039,-15.4342],[125.0054,-15.4389]]],[[[125.0592,-15.4343],[125.0588,-15.4323],[125.0559,-15.4317],[125.0592,-15.4343]]],[[[124.9968,-15.3319],[124.9974,-15.3307],[124.9945,-15.3302],[124.9968,-15.3319]]],[[[125.1354,-15.4855],[125.1352,-15.484],[125.1324,-15.4843],[125.1354,-15.4855]]],[[[125.1335,-15.3336],[125.1367,-15.3316],[125.1327,-15.3331],[125.1335,-15.3336]]],[[[125.0011,-15.4387],[125.0024,-15.4354],[125.0007,-15.4369],[125.0011,-15.4387]]],[[[124.9599,-15.3961],[124.9607,-15.3957],[124.9603,-15.3948],[124.9599,-15.3961]]],[[[125.0518,-15.4977],[125.0521,-15.4965],[125.0513,-15.4969],[125.0518,-15.4977]]],[[[125.0031,-15.4392],[125.0034,-15.4391],[125.0033,-15.4386],[125.0031,-15.4392]]],[[[125.1307,-15.4834],[125.1301,-15.4828],[125.1299,-15.4831],[125.1307,-15.4834]]],[[[124.9997,-15.437],[124.9997,-15.4362],[124.9993,-15.4367],[124.9997,-15.437]]],[[[125.0229,-15.3235],[124.9955,-15.3758],[125.0194,-15.3696],[125.0229,-15.3235]]],[[[128.2641,-15.3161],[128.2812,-15.3385],[128.2741,-15.3153],[128.2641,-15.3161]]],[[[128.2509,-15.2934],[128.2658,-15.2986],[128.2438,-15.2822],[128.2509,-15.2934]]],[[[128.2716,-15.2964],[128.2885,-15.3168],[128.2817,-15.3007],[128.2716,-15.2964]]],[[[125.0437,-15.3181],[125.049,-15.3233],[125.0519,-15.3084],[125.0437,-15.3181]]],[[[125.008,-15.2121],[125.0156,-15.2116],[125.0125,-15.2018],[125.008,-15.2121]]],[[[128.2712,-15.2822],[128.2612,-15.2781],[128.2734,-15.2899],[128.2712,-15.2822]]],[[[125.011,-15.3231],[125.0164,-15.3259],[125.0203,-15.3197],[125.011,-15.3231]]],[[[128.0928,-15.2369],[128.1031,-15.2287],[128.0949,-15.2302],[128.0928,-15.2369]]],[[[128.1027,-15.2708],[128.1106,-15.2682],[128.1057,-15.2659],[128.1027,-15.2708]]],[[[128.2841,-15.316],[128.288,-15.3257],[128.2886,-15.3176],[128.2841,-15.316]]],[[[128.2376,-15.2613],[128.2423,-15.2653],[128.2401,-15.2615],[128.2376,-15.2613]]],[[[125.0187,-15.2082],[125.0183,-15.2048],[125.0175,-15.2067],[125.0187,-15.2082]]],[[[125.0223,-15.319],[125.0244,-15.3174],[125.0219,-15.3175],[125.0223,-15.319]]],[[[125.0206,-15.2123],[125.0208,-15.2107],[125.0199,-15.2106],[125.0206,-15.2123]]],[[[125.1569,-15.3223],[125.1582,-15.3216],[125.1572,-15.3212],[125.1569,-15.3223]]],[[[124.973,-15.215],[124.9737,-15.2143],[124.9724,-15.2134],[124.973,-15.215]]],[[[125.1022,-15.2849],[125.1033,-15.2832],[125.103,-15.283],[125.1022,-15.2849]]],[[[125.0308,-15.3102],[125.0308,-15.3091],[125.03,-15.309],[125.0308,-15.3102]]],[[[125.1291,-15.3258],[125.1299,-15.3244],[125.1288,-15.3254],[125.1291,-15.3258]]],[[[125.119,-15.3252],[125.1188,-15.324],[125.1185,-15.3245],[125.119,-15.3252]]],[[[125.0383,-15.3181],[125.0387,-15.3173],[125.0383,-15.3172],[125.0383,-15.3181]]],[[[124.9722,-15.2027],[124.9726,-15.2019],[124.9721,-15.2016],[124.9722,-15.2027]]],[[[125.0276,-15.303],[125.0278,-15.3023],[125.0274,-15.3022],[125.0276,-15.303]]],[[[125.029,-15.3094],[125.0288,-15.3088],[125.0285,-15.3092],[125.029,-15.3094]]],[[[125.0305,-15.3015],[125.0303,-15.301],[125.0301,-15.3013],[125.0305,-15.3015]]],[[[128.1274,-15.157],[128.1981,-15.1933],[128.2007,-15.1314],[128.1248,-15.0404],[128.1274,-15.157]]],[[[125.1775,-15.0503],[125.1666,-15.0205],[125.1445,-15.0417],[125.1873,-15.1234],[125.2309,-15.0707],[125.1775,-15.0503]]],[[[124.911,-15.0213],[124.9397,-15.0492],[124.9594,-15.0307],[124.9172,-14.9224],[124.92,-14.9702],[124.8894,-14.9594],[124.8768,-14.9863],[124.9211,-14.9806],[124.911,-15.0213]],[[124.9643,-15.0827],[124.9523,-15.0985],[124.9768,-15.0405],[124.9643,-15.0827]]],[[[128.1893,-15.2043],[128.1529,-15.1801],[128.1889,-15.2122],[128.1893,-15.2043]]],[[[124.9422,-15.0718],[124.9508,-15.0725],[124.9591,-15.0412],[124.9422,-15.0718]]],[[[125.2477,-15.0946],[125.2478,-15.0778],[125.2279,-15.0961],[125.2477,-15.0946]]],[[[128.1032,-15.1721],[128.0998,-15.1966],[128.1143,-15.1715],[128.1032,-15.1721]]],[[[125.4499,-15.1401],[125.4806,-15.1495],[125.4778,-15.1374],[125.4499,-15.1401]]],[[[125.3544,-15.0233],[125.3611,-15.03],[125.3668,-15.0104],[125.3544,-15.0233]]],[[[125.3505,-15.0781],[125.3577,-15.0861],[125.3667,-15.0787],[125.3505,-15.0781]]],[[[125.3347,-15.1051],[125.3369,-15.0942],[125.3308,-15.0895],[125.3347,-15.1051]]],[[[124.9713,-15.1952],[124.9716,-15.1848],[124.9648,-15.1913],[124.9713,-15.1952]]],[[[125.373,-15.127],[125.3838,-15.1303],[125.3696,-15.1229],[125.373,-15.127]]],[[[124.9764,-15.189],[124.9807,-15.184],[124.9789,-15.179],[124.9764,-15.189]]],[[[125.4448,-15.1349],[125.4554,-15.1344],[125.4392,-15.1338],[125.4448,-15.1349]]],[[[125.3027,-15.0735],[125.3063,-15.07],[125.2996,-15.0636],[125.3027,-15.0735]]],[[[125.4221,-15.1406],[125.4314,-15.1381],[125.4251,-15.1364],[125.4221,-15.1406]]],[[[128.1128,-15.0045],[128.1197,-15.0048],[128.1134,-15.0013],[128.1128,-15.0045]]],[[[125.1046,-15.0089],[125.1099,-15.004],[125.1035,-15.005],[125.1046,-15.0089]]],[[[125.0394,-15.1706],[125.0447,-15.166],[125.0424,-15.1653],[125.0394,-15.1706]]],[[[125.4428,-15.141],[125.4471,-15.1397],[125.4394,-15.1389],[125.4428,-15.141]]],[[[125.261,-15.0865],[125.2643,-15.0859],[125.2609,-15.0819],[125.261,-15.0865]]],[[[125.2565,-15.0875],[125.259,-15.0848],[125.2555,-15.0856],[125.2565,-15.0875]]],[[[125.2832,-15.0297],[125.2868,-15.0331],[125.2833,-15.0273],[125.2832,-15.0297]]],[[[125.2813,-15.0237],[125.2838,-15.027],[125.2834,-15.023],[125.2813,-15.0237]]],[[[125.0976,-14.9891],[125.0974,-14.985],[125.0958,-14.9872],[125.0976,-14.9891]]],[[[125.295,-15.0568],[125.2952,-15.0539],[125.293,-15.0526],[125.295,-15.0568]]],[[[125.2501,-15.0321],[125.2554,-15.0292],[125.2526,-15.0297],[125.2501,-15.0321]]],[[[125.2738,-14.99],[125.2777,-14.9894],[125.2758,-14.9881],[125.2738,-14.99]]],[[[125.2304,-15.0008],[125.2327,-14.9994],[125.2305,-14.9989],[125.2304,-15.0008]]],[[[125.3419,-15.0801],[125.3415,-15.0776],[125.3389,-15.0768],[125.3419,-15.0801]]],[[[125.351,-15.123],[125.3507,-15.1211],[125.3489,-15.1221],[125.351,-15.123]]],[[[125.1806,-15.04],[125.1827,-15.0383],[125.1825,-15.0372],[125.1806,-15.04]]],[[[125.3306,-15.0516],[125.3322,-15.0496],[125.3303,-15.0482],[125.3306,-15.0516]]],[[[125.2728,-15.0843],[125.2725,-15.0823],[125.271,-15.0818],[125.2728,-15.0843]]],[[[125.2823,-14.9996],[125.2834,-14.9983],[125.2815,-14.9975],[125.2823,-14.9996]]],[[[125.4716,-15.0037],[125.4723,-15.0026],[125.4705,-15.0016],[125.4716,-15.0037]]],[[[125.1254,-15.084],[125.1261,-15.0817],[125.1249,-15.0823],[125.1254,-15.084]]],[[[125.3442,-15.0825],[125.3443,-15.0814],[125.3429,-15.08],[125.3442,-15.0825]]],[[[125.197,-15.122],[125.1977,-15.1203],[125.1961,-15.1216],[125.197,-15.122]]],[[[124.9618,-15.0753],[124.9606,-15.0768],[124.9612,-15.0774],[124.9618,-15.0753]]],[[[124.983,-15.174],[124.9837,-15.1722],[124.9832,-15.1718],[124.983,-15.174]]],[[[124.9806,-15.1781],[124.9829,-15.1769],[124.9801,-15.1779],[124.9806,-15.1781]]],[[[125.1622,-15.0924],[125.1609,-15.0908],[125.1615,-15.0923],[125.1622,-15.0924]]],[[[125.2787,-14.9882],[125.2802,-14.9878],[125.2781,-14.9875],[125.2787,-14.9882]]],[[[128.1145,-15.1577],[128.1156,-15.157],[128.1151,-15.1562],[128.1145,-15.1577]]],[[[125.3222,-15.1494],[125.3215,-15.148],[125.321,-15.1486],[125.3222,-15.1494]]],[[[125.2237,-15.1068],[125.2241,-15.1063],[125.2231,-15.1054],[125.2237,-15.1068]]],[[[128.1026,-15.1496],[128.1031,-15.1482],[128.1028,-15.1477],[128.1026,-15.1496]]],[[[125.0566,-15.1792],[125.0571,-15.1782],[125.0561,-15.1788],[125.0566,-15.1792]]],[[[125.2777,-15.0842],[125.2779,-15.0836],[125.2768,-15.0828],[125.2777,-15.0842]]],[[[125.2211,-15.1211],[125.2223,-15.1204],[125.2204,-15.1207],[125.2211,-15.1211]]],[[[124.9672,-15.1206],[124.968,-15.12],[124.9672,-15.1185],[124.9672,-15.1206]]],[[[125.2583,-15.0288],[125.2576,-15.0285],[125.2571,-15.0293],[125.2583,-15.0288]]],[[[125.3399,-15.1434],[125.3405,-15.1427],[125.3398,-15.1423],[125.3399,-15.1434]]],[[[124.9583,-15.1073],[124.9592,-15.1064],[124.9585,-15.1064],[124.9583,-15.1073]]],[[[125.1694,-15.0244],[125.1697,-15.0236],[125.1692,-15.023],[125.1694,-15.0244]]],[[[125.1632,-15.0963],[125.1636,-15.0957],[125.163,-15.0952],[125.1632,-15.0963]]],[[[125.1348,-15.0567],[125.1353,-15.0559],[125.1348,-15.0557],[125.1348,-15.0567]]],[[[125.1707,-15.099],[125.171,-15.0987],[125.1703,-15.0981],[125.1707,-15.099]]],[[[125.346,-15.0831],[125.3462,-15.0825],[125.3457,-15.0823],[125.346,-15.0831]]],[[[125.3223,-15.1511],[125.3225,-15.1506],[125.3221,-15.1502],[125.3223,-15.1511]]],[[[125.1548,-15.0278],[125.1547,-15.0268],[125.1543,-15.0271],[125.1548,-15.0278]]],[[[125.3406,-15.1447],[125.3409,-15.1441],[125.3403,-15.144],[125.3406,-15.1447]]],[[[124.9501,-15.0933],[124.9495,-15.093],[124.9493,-15.0932],[124.9501,-15.0933]]],[[[125.1441,-15.0492],[125.1448,-15.0491],[125.1446,-15.0487],[125.1441,-15.0492]]],[[[125.2381,-15.0806],[125.2386,-15.0801],[125.2383,-15.0798],[125.2381,-15.0806]]],[[[125.1433,-15.111],[125.1429,-15.1102],[125.1428,-15.111],[125.1433,-15.111]]],[[[125.1438,-15.1121],[125.1442,-15.1112],[125.1439,-15.1111],[125.1438,-15.1121]]],[[[125.1486,-15.0516],[125.1481,-15.051],[125.148,-15.0516],[125.1486,-15.0516]]],[[[128.4452,-14.8951],[128.4672,-14.9283],[128.4669,-14.8986],[128.4452,-14.8951]]],[[[128.3033,-14.7511],[128.3342,-14.7594],[128.2953,-14.7346],[128.3033,-14.7511]]],[[[125.2294,-14.9951],[125.2512,-14.9925],[125.2492,-14.968],[125.2294,-14.9951]]],[[[125.1953,-14.9449],[125.1972,-14.9675],[125.2085,-14.9527],[125.1953,-14.9449]]],[[[125.0273,-14.7926],[125.0258,-14.7653],[125.017,-14.7802],[125.0273,-14.7926]]],[[[125.1815,-14.8529],[125.1762,-14.8594],[125.1865,-14.8755],[125.1815,-14.8529]]],[[[128.4328,-14.8743],[128.4404,-14.8857],[128.4281,-14.8632],[128.4328,-14.8743]]],[[[125.1401,-14.7652],[125.1454,-14.7647],[125.137,-14.749],[125.1401,-14.7652]]],[[[125.171,-14.9394],[125.1763,-14.9442],[125.1749,-14.9259],[125.171,-14.9394]]],[[[125.1268,-14.7612],[125.1336,-14.7564],[125.1297,-14.7473],[125.1268,-14.7612]]],[[[125.1351,-14.67],[125.1476,-14.6638],[125.1298,-14.6654],[125.1351,-14.67]]],[[[125.1429,-14.808],[125.1458,-14.795],[125.1405,-14.8015],[125.1429,-14.808]]],[[[125.2283,-14.9128],[125.2262,-14.9022],[125.224,-14.9095],[125.2283,-14.9128]]],[[[125.1786,-14.9559],[125.1755,-14.9603],[125.1794,-14.9649],[125.1786,-14.9559]]],[[[125.0293,-14.8128],[125.0341,-14.8044],[125.0305,-14.8055],[125.0293,-14.8128]]],[[[125.2065,-14.6723],[125.2088,-14.6697],[125.2053,-14.6643],[125.2065,-14.6723]]],[[[125.1741,-14.8379],[125.1775,-14.841],[125.1783,-14.8336],[125.1741,-14.8379]]],[[[125.1999,-14.8501],[125.2026,-14.8519],[125.2058,-14.846],[125.1999,-14.8501]]],[[[128.7742,-14.772],[128.7788,-14.7683],[128.7694,-14.7675],[128.7742,-14.772]]],[[[125.1327,-14.6649],[125.1345,-14.6605],[125.1316,-14.6588],[125.1327,-14.6649]]],[[[125.1891,-14.6808],[125.1929,-14.6767],[125.1847,-14.6795],[125.1891,-14.6808]]],[[[125.0227,-14.97],[125.0208,-14.9647],[125.0195,-14.9683],[125.0227,-14.97]]],[[[124.9781,-14.7151],[124.9799,-14.713],[124.9731,-14.7097],[124.9781,-14.7151]]],[[[125.2077,-14.9191],[125.2155,-14.9158],[125.2111,-14.9158],[125.2077,-14.9191]]],[[[125.1425,-14.9182],[125.1425,-14.9151],[125.1392,-14.9127],[125.1425,-14.9182]]],[[[125.2506,-14.8913],[125.2534,-14.8892],[125.249,-14.8893],[125.2506,-14.8913]]],[[[125.1467,-14.7769],[125.1478,-14.7741],[125.146,-14.7715],[125.1467,-14.7769]]],[[[125.2044,-14.9839],[125.2082,-14.9806],[125.2043,-14.9815],[125.2044,-14.9839]]],[[[125.1699,-14.8408],[125.1711,-14.8376],[125.1678,-14.8394],[125.1699,-14.8408]]],[[[125.1601,-14.9621],[125.1634,-14.958],[125.1606,-14.9585],[125.1601,-14.9621]]],[[[128.6351,-14.7228],[128.6371,-14.7253],[128.6329,-14.7195],[128.6351,-14.7228]]],[[[125.2018,-14.6831],[125.2029,-14.6865],[125.2023,-14.6801],[125.2018,-14.6831]]],[[[125.2167,-14.9414],[125.2206,-14.9424],[125.2193,-14.9404],[125.2167,-14.9414]]],[[[125.2108,-14.8727],[125.2109,-14.8703],[125.2087,-14.869],[125.2108,-14.8727]]],[[[125.193,-14.6921],[125.1943,-14.6897],[125.1919,-14.6904],[125.193,-14.6921]]],[[[125.181,-14.8239],[125.1831,-14.824],[125.1803,-14.8208],[125.181,-14.8239]]],[[[125.1741,-14.7959],[125.1752,-14.7931],[125.1739,-14.7916],[125.1741,-14.7959]]],[[[125.1823,-14.9627],[125.1847,-14.9603],[125.1822,-14.9601],[125.1823,-14.9627]]],[[[125.1832,-14.8302],[125.1828,-14.825],[125.182,-14.8293],[125.1832,-14.8302]]],[[[125.1802,-14.831],[125.1811,-14.828],[125.1785,-14.8289],[125.1802,-14.831]]],[[[125.2759,-14.9849],[125.2739,-14.9868],[125.2752,-14.9879],[125.2759,-14.9849]]],[[[125.1495,-14.9218],[125.1502,-14.9187],[125.1476,-14.9196],[125.1495,-14.9218]]],[[[125.1863,-14.8195],[125.1851,-14.8163],[125.184,-14.8177],[125.1863,-14.8195]]],[[[125.1527,-14.7842],[125.1531,-14.7814],[125.1518,-14.7826],[125.1527,-14.7842]]],[[[125.3149,-14.8877],[125.3159,-14.8865],[125.3144,-14.8854],[125.3149,-14.8877]]],[[[125.1453,-14.7715],[125.1445,-14.7677],[125.144,-14.7701],[125.1453,-14.7715]]],[[[125.2041,-14.8763],[125.2056,-14.8754],[125.2026,-14.8743],[125.2041,-14.8763]]],[[[125.018,-14.788],[125.0186,-14.7855],[125.0164,-14.7876],[125.018,-14.788]]],[[[125.1437,-14.7797],[125.1458,-14.7792],[125.145,-14.7771],[125.1437,-14.7797]]],[[[125.165,-14.7895],[125.1654,-14.7883],[125.1637,-14.7865],[125.165,-14.7895]]],[[[125.2135,-14.9429],[125.2129,-14.9401],[125.2123,-14.9419],[125.2135,-14.9429]]],[[[125.1934,-14.9725],[125.194,-14.9708],[125.1931,-14.9698],[125.1934,-14.9725]]],[[[125.2497,-14.9853],[125.2507,-14.9862],[125.2518,-14.9842],[125.2497,-14.9853]]],[[[125.1508,-14.7805],[125.1519,-14.7802],[125.1515,-14.778],[125.1508,-14.7805]]],[[[125.2607,-14.9799],[125.2622,-14.9802],[125.2622,-14.9782],[125.2607,-14.9799]]],[[[125.1921,-14.9493],[125.1928,-14.9485],[125.1917,-14.9466],[125.1921,-14.9493]]],[[[125.1294,-14.6705],[125.1289,-14.6684],[125.1277,-14.6681],[125.1294,-14.6705]]],[[[125.2424,-14.6727],[125.2431,-14.6708],[125.2421,-14.6701],[125.2424,-14.6727]]],[[[125.133,-14.919],[125.1326,-14.9172],[125.1311,-14.9177],[125.133,-14.919]]],[[[125.2737,-14.9254],[125.274,-14.9244],[125.2725,-14.9244],[125.2737,-14.9254]]],[[[125.2712,-14.9264],[125.2721,-14.9262],[125.2715,-14.925],[125.2712,-14.9264]]],[[[125.1994,-14.6944],[125.1986,-14.6928],[125.198,-14.6936],[125.1994,-14.6944]]],[[[125.1797,-14.8353],[125.1791,-14.8336],[125.1786,-14.8349],[125.1797,-14.8353]]],[[[125.0383,-14.8036],[125.0376,-14.8019],[125.0371,-14.8028],[125.0383,-14.8036]]],[[[125.1279,-14.6741],[125.128,-14.6729],[125.1269,-14.6727],[125.1279,-14.6741]]],[[[125.1838,-14.85],[125.1853,-14.8488],[125.1839,-14.8489],[125.1838,-14.85]]],[[[125.123,-14.7578],[125.1234,-14.7572],[125.1222,-14.7563],[125.123,-14.7578]]],[[[125.1745,-14.8452],[125.1737,-14.8434],[125.1735,-14.8444],[125.1745,-14.8452]]],[[[125.2698,-14.9733],[125.2695,-14.9727],[125.269,-14.9751],[125.2698,-14.9733]]],[[[128.7835,-14.7727],[128.7824,-14.7715],[128.7817,-14.7719],[128.7835,-14.7727]]],[[[125.2437,-14.9131],[125.2437,-14.9113],[125.2431,-14.9123],[125.2437,-14.9131]]],[[[125.1423,-14.7564],[125.1426,-14.7554],[125.1419,-14.7545],[125.1423,-14.7564]]],[[[125.2179,-14.8703],[125.2191,-14.8692],[125.2181,-14.8693],[125.2179,-14.8703]]],[[[125.1326,-14.7508],[125.1329,-14.7494],[125.1322,-14.7501],[125.1326,-14.7508]]],[[[125.1256,-14.7631],[125.1263,-14.7629],[125.1258,-14.7619],[125.1256,-14.7631]]],[[[125.1531,-14.7874],[125.1532,-14.7858],[125.1526,-14.7863],[125.1531,-14.7874]]],[[[125.2843,-14.916],[125.2857,-14.9156],[125.2845,-14.9152],[125.2843,-14.916]]],[[[125.1566,-14.7719],[125.1568,-14.771],[125.156,-14.7704],[125.1566,-14.7719]]],[[[125.2306,-14.9662],[125.23,-14.9651],[125.2298,-14.9658],[125.2306,-14.9662]]],[[[125.2318,-14.9698],[125.2312,-14.9686],[125.2305,-14.9688],[125.2318,-14.9698]]],[[[125.2318,-14.918],[125.2311,-14.9168],[125.2308,-14.9172],[125.2318,-14.918]]],[[[125.1287,-14.6725],[125.1298,-14.6719],[125.1288,-14.6716],[125.1287,-14.6725]]],[[[125.1681,-14.8417],[125.1688,-14.8411],[125.1674,-14.8409],[125.1681,-14.8417]]],[[[125.1767,-14.8494],[125.1771,-14.8486],[125.1759,-14.8489],[125.1767,-14.8494]]],[[[125.281,-14.8698],[125.2814,-14.8693],[125.2806,-14.8686],[125.281,-14.8698]]],[[[125.1894,-14.9454],[125.1897,-14.9442],[125.189,-14.9447],[125.1894,-14.9454]]],[[[125.1498,-14.7419],[125.1501,-14.7404],[125.1495,-14.741],[125.1498,-14.7419]]],[[[125.0375,-14.9325],[125.038,-14.9321],[125.0376,-14.9312],[125.0375,-14.9325]]],[[[125.1862,-14.8582],[125.1874,-14.8578],[125.1864,-14.8573],[125.1862,-14.8582]]],[[[125.1886,-14.8056],[125.1886,-14.8043],[125.188,-14.8046],[125.1886,-14.8056]]],[[[125.1294,-14.9199],[125.1297,-14.9186],[125.1288,-14.9195],[125.1294,-14.9199]]],[[[125.2987,-14.9174],[125.2994,-14.9165],[125.2984,-14.917],[125.2987,-14.9174]]],[[[125.211,-14.6715],[125.211,-14.6707],[125.2098,-14.671],[125.211,-14.6715]]],[[[125.2731,-14.8708],[125.2728,-14.8696],[125.2724,-14.8704],[125.2731,-14.8708]]],[[[125.1437,-14.6736],[125.1436,-14.6726],[125.1431,-14.6731],[125.1437,-14.6736]]],[[[125.1343,-14.6465],[125.2143,-14.6072],[125.1805,-14.5597],[125.2161,-14.4957],[125.1654,-14.4399],[125.1166,-14.5026],[125.1498,-14.5196],[125.1516,-14.5658],[125.0961,-14.5462],[125.0926,-14.6259],[125.1343,-14.6465]]],[[[126.0089,-14.282],[125.9851,-14.3133],[126.0222,-14.3533],[126.0468,-14.328],[126.0089,-14.282]]],[[[125.7177,-14.477],[125.7551,-14.4598],[125.7486,-14.4116],[125.7225,-14.4148],[125.7177,-14.477]]],[[[125.5302,-14.4284],[125.5235,-14.485],[125.5593,-14.4942],[125.5302,-14.4284]]],[[[125.2491,-14.6224],[125.2043,-14.6523],[125.267,-14.6462],[125.2491,-14.6224]]],[[[125.9501,-14.3367],[125.9412,-14.389],[125.9705,-14.3479],[125.9501,-14.3367]]],[[[127.84,-14.4641],[127.8526,-14.4791],[127.8724,-14.4372],[127.84,-14.4641]]],[[[125.452,-14.4976],[125.4971,-14.4997],[125.4449,-14.4808],[125.452,-14.4976]]],[[[126.0088,-14.2358],[125.9935,-14.2437],[126.0432,-14.2334],[126.0088,-14.2358]]],[[[124.9917,-14.529],[124.9904,-14.4845],[124.9764,-14.5058],[124.9917,-14.529]]],[[[125.9953,-14.3765],[125.983,-14.3643],[125.971,-14.3882],[125.9953,-14.3765]]],[[[125.2762,-14.588],[125.2652,-14.5638],[125.2544,-14.5793],[125.2762,-14.588]]],[[[124.9778,-14.4176],[124.9735,-14.3835],[124.9593,-14.4017],[124.9778,-14.4176]]],[[[124.9782,-14.4483],[124.9948,-14.446],[124.9846,-14.4273],[124.9782,-14.4483]]],[[[125.2893,-14.278],[125.2985,-14.2942],[125.3105,-14.2787],[125.2893,-14.278]]],[[[125.2498,-14.4284],[125.2716,-14.4146],[125.2474,-14.4152],[125.2498,-14.4284]]],[[[125.2116,-14.3148],[125.2283,-14.3041],[125.2223,-14.2867],[125.2116,-14.3148]]],[[[126.5766,-14.2118],[126.591,-14.2237],[126.5782,-14.1969],[126.5766,-14.2118]]],[[[125.2684,-14.4812],[125.2659,-14.4641],[125.2486,-14.4646],[125.2684,-14.4812]]],[[[127.8116,-14.3776],[127.8233,-14.3667],[127.8108,-14.3529],[127.8116,-14.3776]]],[[[125.9844,-14.4467],[126.0047,-14.4382],[125.988,-14.4357],[125.9844,-14.4467]]],[[[125.7309,-14.1928],[125.7399,-14.1839],[125.7302,-14.1747],[125.7309,-14.1928]]],[[[125.9942,-14.3217],[125.9764,-14.3282],[125.9763,-14.3379],[125.9942,-14.3217]]],[[[125.505,-14.4351],[125.5222,-14.4227],[125.5039,-14.4246],[125.505,-14.4351]]],[[[125.4213,-14.5636],[125.4342,-14.5512],[125.4218,-14.551],[125.4213,-14.5636]]],[[[125.5822,-14.3641],[125.5775,-14.3483],[125.5731,-14.3595],[125.5822,-14.3641]]],[[[125.4284,-14.5417],[125.4417,-14.5396],[125.4342,-14.5311],[125.4284,-14.5417]]],[[[125.6755,-14.3681],[125.6732,-14.3815],[125.6811,-14.3759],[125.6755,-14.3681]]],[[[125.6807,-14.165],[125.6693,-14.1667],[125.6826,-14.1773],[125.6807,-14.165]]],[[[126.5743,-14.2268],[126.5864,-14.2248],[126.5748,-14.2043],[126.5743,-14.2268]]],[[[125.7865,-14.1704],[125.7942,-14.1607],[125.7801,-14.1552],[125.7865,-14.1704]]],[[[127.7043,-14.2392],[127.7121,-14.2443],[127.7159,-14.2339],[127.7043,-14.2392]]],[[[125.4421,-14.5684],[125.4347,-14.5829],[125.4424,-14.5804],[125.4421,-14.5684]]],[[[125.4995,-14.5108],[125.504,-14.4999],[125.4918,-14.5064],[125.4995,-14.5108]]],[[[125.2368,-14.4262],[125.244,-14.4224],[125.2376,-14.4136],[125.2368,-14.4262]]],[[[125.197,-14.4723],[125.2063,-14.4664],[125.2015,-14.4608],[125.197,-14.4723]]],[[[126.2856,-14.1713],[126.2965,-14.167],[126.2968,-14.1603],[126.2856,-14.1713]]],[[[125.4067,-14.3441],[125.4094,-14.3338],[125.404,-14.3344],[125.4067,-14.3441]]],[[[125.3161,-14.2733],[125.3198,-14.2642],[125.3136,-14.2614],[125.3161,-14.2733]]],[[[125.7144,-14.3554],[125.7208,-14.3521],[125.7089,-14.3472],[125.7144,-14.3554]]],[[[125.3162,-14.2975],[125.3103,-14.3044],[125.3214,-14.2997],[125.3162,-14.2975]]],[[[125.92,-14.3264],[125.9343,-14.3292],[125.9287,-14.3219],[125.92,-14.3264]]],[[[125.233,-14.4438],[125.2391,-14.4381],[125.2366,-14.4333],[125.233,-14.4438]],[[125.6663,-14.1789],[125.6598,-14.1817],[125.6707,-14.1706],[125.6663,-14.1789]]],[[[125.3021,-14.6529],[125.3065,-14.6475],[125.2995,-14.6438],[125.3021,-14.6529]]],[[[124.998,-14.484],[125.0067,-14.4744],[125.001,-14.4741],[124.998,-14.484]]],[[[125.7714,-14.3256],[125.7674,-14.3195],[125.7613,-14.3242],[125.7714,-14.3256]]],[[[125.3413,-14.5019],[125.3454,-14.4929],[125.3378,-14.4981],[125.3413,-14.5019]]],[[[127.7309,-14.2636],[127.7343,-14.2591],[127.7252,-14.257],[127.7309,-14.2636]]],[[[125.4067,-14.5429],[125.4143,-14.5399],[125.4109,-14.5355],[125.4067,-14.5429]]],[[[125.3211,-14.5563],[125.3301,-14.5535],[125.3215,-14.5505],[125.3211,-14.5563]]],[[[125.2563,-14.4812],[125.2516,-14.4767],[125.2566,-14.4877],[125.2563,-14.4812]]],[[[126.5908,-14.2116],[126.5836,-14.1967],[126.5815,-14.1996],[126.5908,-14.2116]]],[[[125.8264,-14.2668],[125.8307,-14.2664],[125.8277,-14.2542],[125.8264,-14.2668]]],[[[125.9299,-14.6431],[125.932,-14.6477],[125.928,-14.6389],[125.9299,-14.6431]]],[[[125.2722,-14.6485],[125.2775,-14.647],[125.276,-14.6416],[125.2722,-14.6485]]],[[[125.4925,-14.4868],[125.4981,-14.4895],[125.493,-14.4814],[125.4925,-14.4868]]],[[[125.9059,-14.5178],[125.9011,-14.5234],[125.9093,-14.5237],[125.9059,-14.5178]]],[[[125.3355,-14.5151],[125.3414,-14.5149],[125.3353,-14.5093],[125.3355,-14.5151]]],[[[125.8259,-14.2323],[125.8303,-14.2297],[125.8273,-14.226],[125.8259,-14.2323]]],[[[125.428,-14.4113],[125.4319,-14.4054],[125.4238,-14.4092],[125.428,-14.4113]]],[[[125.6552,-14.6202],[125.6545,-14.6269],[125.6587,-14.613],[125.6552,-14.6202]]],[[[126.0028,-14.3498],[126.005,-14.3457],[125.9992,-14.3438],[126.0028,-14.3498]]],[[[125.4034,-14.369],[125.4073,-14.3626],[125.4007,-14.3659],[125.4034,-14.369]]],[[[125.1613,-14.6496],[125.1666,-14.6471],[125.1635,-14.6436],[125.1613,-14.6496]]],[[[125.7639,-14.2157],[125.7692,-14.2112],[125.7667,-14.2077],[125.7639,-14.2157]]],[[[125.6556,-14.6081],[125.6579,-14.6013],[125.653,-14.603],[125.6556,-14.6081]]],[[[125.4104,-14.5272],[125.4064,-14.5355],[125.4135,-14.5243],[125.4104,-14.5272]]],[[[126.05,-14.2044],[126.0444,-14.2036],[126.046,-14.208],[126.05,-14.2044]]],[[[125.4358,-14.5631],[125.4397,-14.5555],[125.4335,-14.56],[125.4358,-14.5631]]],[[[125.0935,-14.6396],[125.0963,-14.6318],[125.0914,-14.6309],[125.0935,-14.6396]]],[[[125.658,-14.1937],[125.6619,-14.1902],[125.6597,-14.1857],[125.658,-14.1937]]],[[[125.2785,-14.5589],[125.2827,-14.5538],[125.2798,-14.552],[125.2785,-14.5589]]],[[[125.3109,-14.2611],[125.3084,-14.2552],[125.3083,-14.2632],[125.3109,-14.2611]]],[[[124.9857,-14.4791],[124.9872,-14.4732],[124.985,-14.469],[124.9857,-14.4791]]],[[[125.3967,-14.5544],[125.3916,-14.5572],[125.3964,-14.5574],[125.3967,-14.5544]]],[[[125.241,-14.6127],[125.2447,-14.6097],[125.2384,-14.6105],[125.241,-14.6127]]],[[[125.4488,-14.5926],[125.446,-14.5857],[125.4434,-14.5889],[125.4488,-14.5926]]],[[[125.0114,-14.5379],[125.0156,-14.5319],[125.0129,-14.5301],[125.0114,-14.5379]]],[[[125.0741,-14.5926],[125.0735,-14.5883],[125.0735,-14.5992],[125.0741,-14.5926]]],[[[125.7968,-14.2303],[125.7994,-14.2248],[125.7948,-14.2298],[125.7968,-14.2303]]],[[[125.3449,-14.41],[125.3424,-14.406],[125.3366,-14.407],[125.3449,-14.41]]],[[[125.3825,-14.3368],[125.3812,-14.3337],[125.3779,-14.3357],[125.3825,-14.3368]]],[[[125.4123,-14.39],[125.416,-14.3891],[125.4125,-14.3836],[125.4123,-14.39]]],[[[125.4252,-14.5973],[125.4266,-14.5905],[125.4241,-14.5947],[125.4252,-14.5973]]],[[[124.9692,-14.4993],[124.9706,-14.4959],[124.9687,-14.4936],[124.9692,-14.4993]]],[[[125.4917,-14.3513],[125.4964,-14.3496],[125.4914,-14.3484],[125.4917,-14.3513]]],[[[125.7239,-14.4495],[125.7211,-14.4453],[125.7194,-14.4465],[125.7239,-14.4495]]],[[[125.2679,-14.4874],[125.2653,-14.4796],[125.2649,-14.4823],[125.2679,-14.4874]]],[[[125.3177,-14.5311],[125.3171,-14.526],[125.3154,-14.5303],[125.3177,-14.5311]]],[[[125.6398,-14.2221],[125.6436,-14.2233],[125.6397,-14.219],[125.6398,-14.2221]]],[[[125.3157,-14.5669],[125.3145,-14.5618],[125.3138,-14.5654],[125.3157,-14.5669]]],[[[125.0894,-14.6305],[125.0939,-14.6279],[125.0905,-14.6259],[125.0894,-14.6305]]],[[[125.2522,-14.6068],[125.2519,-14.6033],[125.2478,-14.6031],[125.2522,-14.6068]]],[[[125.523,-14.4051],[125.5271,-14.4061],[125.5238,-14.4027],[125.523,-14.4051]]],[[[125.2263,-14.5832],[125.2281,-14.5822],[125.2229,-14.5788],[125.2263,-14.5832]]],[[[125.2437,-14.4904],[125.245,-14.4845],[125.2432,-14.4859],[125.2437,-14.4904]]],[[[124.9809,-14.4663],[124.9829,-14.4675],[124.9791,-14.4621],[124.9809,-14.4663]]],[[[125.7769,-14.4655],[125.7761,-14.4604],[125.7737,-14.4621],[125.7769,-14.4655]]],[[[125.2119,-14.5271],[125.2097,-14.5268],[125.2095,-14.5304],[125.2119,-14.5271]]],[[[125.0925,-14.5977],[125.095,-14.5955],[125.0933,-14.5936],[125.0925,-14.5977]]],[[[125.7264,-14.3219],[125.7292,-14.3234],[125.7289,-14.3203],[125.7264,-14.3219]]],[[[125.4259,-14.3588],[125.4269,-14.3558],[125.4239,-14.3571],[125.4259,-14.3588]]],[[[125.1981,-14.4743],[125.2029,-14.4705],[125.1992,-14.472],[125.1981,-14.4743]]],[[[125.4212,-14.5719],[125.4211,-14.5682],[125.4194,-14.5672],[125.4212,-14.5719]]],[[[125.6894,-14.4613],[125.6921,-14.4605],[125.6921,-14.458],[125.6894,-14.4613]]],[[[125.839,-14.2813],[125.8403,-14.2766],[125.8381,-14.2799],[125.839,-14.2813]]],[[[125.4038,-14.4222],[125.4056,-14.4204],[125.4033,-14.4194],[125.4038,-14.4222]]],[[[125.464,-14.5363],[125.4664,-14.5329],[125.4624,-14.5355],[125.464,-14.5363]]],[[[125.2269,-14.6339],[125.2257,-14.6295],[125.2256,-14.6331],[125.2269,-14.6339]]],[[[124.9561,-14.4072],[124.9581,-14.4025],[124.9561,-14.4031],[124.9561,-14.4072]]],[[[125.2478,-14.5391],[125.2499,-14.5375],[125.2468,-14.5357],[125.2478,-14.5391]]],[[[125.4165,-14.364],[125.4182,-14.3629],[125.4175,-14.3601],[125.4165,-14.364]]],[[[126.5966,-14.2235],[126.5969,-14.2185],[126.5957,-14.2219],[126.5966,-14.2235]]],[[[125.0653,-14.6444],[125.0667,-14.6426],[125.0657,-14.6405],[125.0653,-14.6444]]],[[[125.3169,-14.5157],[125.3176,-14.5133],[125.3148,-14.5137],[125.3169,-14.5157]]],[[[125.2119,-14.6122],[125.2107,-14.6082],[125.2099,-14.6099],[125.2119,-14.6122]]],[[[125.9448,-14.3273],[125.9426,-14.3236],[125.9421,-14.3248],[125.9448,-14.3273]]],[[[125.3445,-14.5104],[125.347,-14.5091],[125.3448,-14.5085],[125.3445,-14.5104]]],[[[125.2412,-14.5094],[125.2427,-14.5063],[125.2405,-14.5081],[125.2412,-14.5094]]],[[[125.1679,-14.6282],[125.1702,-14.6278],[125.1691,-14.6257],[125.1679,-14.6282]]],[[[125.2782,-14.4259],[125.2795,-14.4231],[125.2777,-14.4237],[125.2782,-14.4259]]],[[[125.2553,-14.6549],[125.2567,-14.6524],[125.2545,-14.6526],[125.2553,-14.6549]]],[[[125.677,-14.3849],[125.6802,-14.3812],[125.6776,-14.3827],[125.677,-14.3849]]],[[[125.414,-14.5627],[125.4147,-14.56],[125.4126,-14.5616],[125.414,-14.5627]]],[[[125.2483,-14.4851],[125.2473,-14.4806],[125.2464,-14.4824],[125.2483,-14.4851]]],[[[125.5888,-14.3357],[125.5881,-14.333],[125.5867,-14.3346],[125.5888,-14.3357]]],[[[125.3688,-14.5773],[125.3705,-14.5747],[125.3695,-14.5727],[125.3688,-14.5773]]],[[[125.3949,-14.402],[125.3946,-14.3989],[125.3936,-14.4013],[125.3949,-14.402]]],[[[126.0531,-14.3498],[126.0557,-14.3476],[126.0537,-14.3477],[126.0531,-14.3498]]],[[[125.6135,-14.2369],[125.6144,-14.2349],[125.6117,-14.2358],[125.6135,-14.2369]]],[[[125.6732,-14.1757],[125.6736,-14.1714],[125.6727,-14.1726],[125.6732,-14.1757]]],[[[126.1462,-14.1835],[126.148,-14.1838],[126.1485,-14.1817],[126.1462,-14.1835]]],[[[125.2199,-14.4548],[125.2199,-14.4517],[125.2182,-14.4531],[125.2199,-14.4548]]],[[[125.422,-14.5743],[125.4236,-14.5738],[125.4231,-14.5707],[125.422,-14.5743]]],[[[125.3115,-14.2967],[125.3142,-14.2934],[125.3116,-14.295],[125.3115,-14.2967]]],[[[125.1411,-14.5252],[125.1439,-14.5245],[125.1405,-14.5235],[125.1411,-14.5252]]],[[[125.3072,-14.2986],[125.3092,-14.2955],[125.3073,-14.2964],[125.3072,-14.2986]]],[[[125.7239,-14.2793],[125.7256,-14.2777],[125.7236,-14.2774],[125.7239,-14.2793]]],[[[125.3132,-14.2717],[125.3138,-14.2696],[125.3125,-14.2683],[125.3132,-14.2717]]],[[[125.4235,-14.4052],[125.4227,-14.4028],[125.4209,-14.4034],[125.4235,-14.4052]]],[[[125.1554,-14.6453],[125.154,-14.6412],[125.1538,-14.6429],[125.1554,-14.6453]]],[[[126.1161,-14.2328],[126.1184,-14.2299],[126.1163,-14.2314],[126.1161,-14.2328]]],[[[125.3215,-14.2424],[125.3225,-14.2405],[125.3203,-14.2405],[125.3215,-14.2424]]],[[[125.6426,-14.2046],[125.6411,-14.2031],[125.639,-14.2036],[125.6426,-14.2046]]],[[[125.4741,-14.4212],[125.476,-14.4206],[125.4746,-14.4197],[125.4741,-14.4212]]],[[[125.1304,-14.4837],[125.1309,-14.482],[125.1298,-14.4803],[125.1304,-14.4837]]],[[[125.2863,-14.4334],[125.2874,-14.4305],[125.2856,-14.4322],[125.2863,-14.4334]]],[[[125.1504,-14.4638],[125.1509,-14.4628],[125.149,-14.4614],[125.1504,-14.4638]]],[[[125.679,-14.28],[125.6777,-14.2779],[125.6767,-14.2787],[125.679,-14.28]]],[[[125.7233,-14.4357],[125.724,-14.4344],[125.7219,-14.433],[125.7233,-14.4357]]],[[[125.1362,-14.5391],[125.1376,-14.5373],[125.1361,-14.5367],[125.1362,-14.5391]]],[[[125.4137,-14.5296],[125.4152,-14.527],[125.4132,-14.5286],[125.4137,-14.5296]]],[[[125.1913,-14.4723],[125.1924,-14.4699],[125.1905,-14.4712],[125.1913,-14.4723]]],[[[125.1669,-14.6256],[125.1685,-14.625],[125.168,-14.6234],[125.1669,-14.6256]]],[[[125.0299,-14.4392],[125.0325,-14.4375],[125.0306,-14.438],[125.0299,-14.4392]]],[[[125.7225,-14.3149],[125.7239,-14.3143],[125.7233,-14.3129],[125.7225,-14.3149]]],[[[125.4132,-14.5435],[125.4148,-14.5426],[125.4148,-14.5411],[125.4132,-14.5435]]],[[[127.8405,-14.3729],[127.842,-14.3715],[127.8408,-14.3711],[127.8405,-14.3729]]],[[[125.6693,-14.2883],[125.6703,-14.2862],[125.668,-14.2876],[125.6693,-14.2883]]],[[[125.0735,-14.5736],[125.074,-14.5701],[125.0729,-14.5722],[125.0735,-14.5736]]],[[[125.6357,-14.206],[125.6369,-14.2049],[125.6361,-14.2032],[125.6357,-14.206]]],[[[126.5664,-14.2173],[126.5664,-14.2146],[126.5656,-14.2164],[126.5664,-14.2173]]],[[[125.6555,-14.3947],[125.6571,-14.3946],[125.6574,-14.3929],[125.6555,-14.3947]]],[[[125.6631,-14.4],[125.664,-14.398],[125.6628,-14.3986],[125.6631,-14.4]]],[[[127.8762,-14.4717],[127.8741,-14.4731],[127.8753,-14.4736],[127.8762,-14.4717]]],[[[125.7035,-14.4929],[125.7038,-14.4904],[125.7029,-14.4916],[125.7035,-14.4929]]],[[[125.3776,-14.5051],[125.3772,-14.5035],[125.376,-14.5036],[125.3776,-14.5051]]],[[[125.6799,-14.3608],[125.6807,-14.3591],[125.6791,-14.3598],[125.6799,-14.3608]]],[[[125.1054,-14.5026],[125.1055,-14.4993],[125.1046,-14.5012],[125.1054,-14.5026]]],[[[125.9784,-14.3912],[125.9801,-14.391],[125.9796,-14.3896],[125.9784,-14.3912]]],[[[125.2376,-14.4109],[125.2398,-14.4103],[125.2383,-14.4096],[125.2376,-14.4109]]],[[[125.1305,-14.6446],[125.1315,-14.6429],[125.1311,-14.6416],[125.1305,-14.6446]]],[[[125.9264,-14.6483],[125.9284,-14.6471],[125.9264,-14.6474],[125.9264,-14.6483]]],[[[125.4873,-14.4822],[125.4886,-14.4801],[125.4871,-14.4806],[125.4873,-14.4822]]],[[[125.4058,-14.3983],[125.4044,-14.3958],[125.4043,-14.3972],[125.4058,-14.3983]]],[[[125.315,-14.3353],[125.3157,-14.3344],[125.3144,-14.3337],[125.315,-14.3353]]],[[[126.03,-14.2114],[126.031,-14.2119],[126.0316,-14.2106],[126.03,-14.2114]]],[[[125.7188,-14.4216],[125.7194,-14.4207],[125.7184,-14.4191],[125.7188,-14.4216]]],[[[125.1902,-14.46],[125.1899,-14.4574],[125.1894,-14.4596],[125.1902,-14.46]]],[[[125.3608,-14.5102],[125.3611,-14.5096],[125.359,-14.5085],[125.3608,-14.5102]]],[[[125.5124,-14.4223],[125.5118,-14.4205],[125.5114,-14.4215],[125.5124,-14.4223]]],[[[126.022,-14.4514],[126.0226,-14.4496],[126.0213,-14.4509],[126.022,-14.4514]]],[[[125.3796,-14.3333],[125.3806,-14.3309],[125.379,-14.3328],[125.3796,-14.3333]]],[[[125.5114,-14.4369],[125.5122,-14.4357],[125.5101,-14.4363],[125.5114,-14.4369]]],[[[125.3881,-14.5678],[125.3876,-14.5655],[125.3871,-14.5666],[125.3881,-14.5678]]],[[[125.2069,-14.5757],[125.2062,-14.5738],[125.2059,-14.5753],[125.2069,-14.5757]]],[[[125.3193,-14.396],[125.3193,-14.3946],[125.3182,-14.3946],[125.3193,-14.396]]],[[[126.2244,-14.1773],[126.2261,-14.1767],[126.2244,-14.1763],[126.2244,-14.1773]]],[[[125.4014,-14.477],[125.4025,-14.4757],[125.4012,-14.4758],[125.4014,-14.477]]],[[[125.6832,-14.386],[125.6847,-14.3859],[125.6848,-14.3845],[125.6832,-14.386]]],[[[126.1127,-14.2151],[126.1115,-14.2151],[126.1131,-14.2165],[126.1127,-14.2151]]],[[[126.5704,-14.2204],[126.5702,-14.2193],[126.569,-14.2188],[126.5704,-14.2204]]],[[[125.6581,-14.1988],[125.6593,-14.1974],[125.6588,-14.1965],[125.6581,-14.1988]]],[[[125.8889,-14.5738],[125.8886,-14.5725],[125.8876,-14.5729],[125.8889,-14.5738]]],[[[125.1475,-14.4613],[125.1478,-14.4601],[125.1464,-14.4606],[125.1475,-14.4613]]],[[[125.245,-14.647],[125.2435,-14.6448],[125.2435,-14.6458],[125.245,-14.647]]],[[[125.0223,-14.5363],[125.0226,-14.5351],[125.0217,-14.5342],[125.0223,-14.5363]]],[[[125.1213,-14.5094],[125.1207,-14.5077],[125.1204,-14.5092],[125.1213,-14.5094]]],[[[125.1894,-14.4719],[125.1895,-14.4705],[125.1884,-14.4712],[125.1894,-14.4719]]],[[[125.7499,-14.4265],[125.7503,-14.4254],[125.7485,-14.4258],[125.7499,-14.4265]]],[[[125.2142,-14.4604],[125.2158,-14.4589],[125.2144,-14.4592],[125.2142,-14.4604]]],[[[125.5327,-14.448],[125.5347,-14.4476],[125.5319,-14.4477],[125.5327,-14.448]]],[[[125.8856,-14.6231],[125.8854,-14.6216],[125.8848,-14.6227],[125.8856,-14.6231]]],[[[125.6359,-14.2413],[125.6362,-14.2397],[125.6354,-14.2404],[125.6359,-14.2413]]],[[[125.3063,-14.2962],[125.3061,-14.2947],[125.3054,-14.2953],[125.3063,-14.2962]]],[[[125.6845,-14.3786],[125.6845,-14.3777],[125.683,-14.3782],[125.6845,-14.3786]]],[[[125.3802,-14.3303],[125.3806,-14.3291],[125.3801,-14.3282],[125.3802,-14.3303]]],[[[125.4242,-14.5705],[125.4235,-14.5687],[125.4233,-14.5695],[125.4242,-14.5705]]],[[[125.4912,-14.4277],[125.4921,-14.4263],[125.4906,-14.4271],[125.4912,-14.4277]]],[[[125.6777,-14.1813],[125.6784,-14.1798],[125.6781,-14.1793],[125.6777,-14.1813]]],[[[125.4415,-14.5321],[125.4406,-14.5306],[125.4403,-14.5314],[125.4415,-14.5321]]],[[[125.414,-14.3774],[125.4149,-14.3761],[125.4143,-14.3755],[125.414,-14.3774]]],[[[125.4685,-14.5647],[125.4677,-14.5631],[125.4675,-14.5639],[125.4685,-14.5647]]],[[[125.0086,-14.4751],[125.0088,-14.4736],[125.0078,-14.4745],[125.0086,-14.4751]]],[[[125.7189,-14.4458],[125.7193,-14.4447],[125.7184,-14.4439],[125.7189,-14.4458]]],[[[125.0331,-14.6507],[125.0338,-14.65],[125.0334,-14.6488],[125.0331,-14.6507]]],[[[125.2093,-14.4661],[125.21,-14.4649],[125.209,-14.4652],[125.2093,-14.4661]]],[[[125.5869,-14.3572],[125.5872,-14.356],[125.5866,-14.3555],[125.5869,-14.3572]]],[[[127.9406,-14.5392],[127.9391,-14.5391],[127.9399,-14.5398],[127.9406,-14.5392]]],[[[125.4152,-14.5583],[125.4152,-14.5571],[125.4142,-14.558],[125.4152,-14.5583]]],[[[125.5582,-14.5335],[125.5581,-14.5314],[125.5578,-14.5317],[125.5582,-14.5335]]],[[[125.1921,-14.477],[125.1928,-14.4757],[125.1922,-14.4753],[125.1921,-14.477]]],[[[125.0938,-14.5877],[125.0936,-14.5858],[125.0932,-14.5856],[125.0938,-14.5877]]],[[[125.7559,-14.3257],[125.7559,-14.3251],[125.7543,-14.3253],[125.7559,-14.3257]]],[[[125.1919,-14.4638],[125.1926,-14.4629],[125.1915,-14.4625],[125.1919,-14.4638]]],[[[125.1928,-14.4766],[125.1944,-14.4755],[125.193,-14.4756],[125.1928,-14.4766]]],[[[125.6073,-14.2348],[125.6084,-14.2339],[125.6068,-14.2342],[125.6073,-14.2348]]],[[[125.2564,-14.3928],[125.2572,-14.3922],[125.2553,-14.3925],[125.2564,-14.3928]]],[[[125.1893,-14.5646],[125.1896,-14.564],[125.1885,-14.5634],[125.1893,-14.5646]]],[[[125.2181,-14.4616],[125.2193,-14.4608],[125.2184,-14.4605],[125.2181,-14.4616]]],[[[126.0236,-14.524],[126.0243,-14.5233],[126.0234,-14.5229],[126.0236,-14.524]]],[[[125.3643,-14.5803],[125.3652,-14.5799],[125.3634,-14.5797],[125.3643,-14.5803]]],[[[125.5951,-14.5609],[125.5948,-14.5598],[125.5938,-14.5602],[125.5951,-14.5609]]],[[[125.0946,-14.6483],[125.0951,-14.6474],[125.0944,-14.6469],[125.0946,-14.6483]]],[[[125.2015,-14.5435],[125.2017,-14.5418],[125.2012,-14.5433],[125.2015,-14.5435]]],[[[125.6853,-14.4214],[125.6858,-14.4206],[125.6851,-14.4201],[125.6853,-14.4214]]],[[[126.0098,-14.5186],[126.0097,-14.5176],[126.009,-14.5176],[126.0098,-14.5186]]],[[[126.0942,-14.2386],[126.0953,-14.2375],[126.0939,-14.2382],[126.0942,-14.2386]]],[[[125.4176,-14.5629],[125.4187,-14.5617],[125.4182,-14.5611],[125.4176,-14.5629]]],[[[125.2032,-14.4841],[125.2035,-14.4824],[125.2028,-14.4837],[125.2032,-14.4841]]],[[[125.2689,-14.6414],[125.2682,-14.64],[125.2678,-14.6405],[125.2689,-14.6414]]],[[[125.4885,-14.5183],[125.4891,-14.5173],[125.4885,-14.517],[125.4885,-14.5183]]],[[[125.1867,-14.4627],[125.1862,-14.4613],[125.1859,-14.4618],[125.1867,-14.4627]]],[[[125.1859,-14.4688],[125.1859,-14.4675],[125.1854,-14.4679],[125.1859,-14.4688]]],[[[125.2376,-14.4125],[125.2373,-14.4114],[125.2365,-14.4118],[125.2376,-14.4125]]],[[[125.3157,-14.4622],[125.3162,-14.4619],[125.315,-14.461],[125.3157,-14.4622]]],[[[125.2933,-14.5711],[125.2932,-14.57],[125.2925,-14.5704],[125.2933,-14.5711]]],[[[125.0902,-14.6378],[125.0901,-14.6371],[125.0892,-14.6367],[125.0902,-14.6378]]],[[[125.2583,-14.649],[125.2587,-14.648],[125.2578,-14.6477],[125.2583,-14.649]]],[[[125.2768,-14.6545],[125.2777,-14.6538],[125.277,-14.6534],[125.2768,-14.6545]]],[[[124.9661,-14.4883],[124.9663,-14.4871],[124.9655,-14.4878],[124.9661,-14.4883]]],[[[125.664,-14.4017],[125.6643,-14.4006],[125.6635,-14.4012],[125.664,-14.4017]]],[[[125.3903,-14.5655],[125.3899,-14.5641],[125.3893,-14.5647],[125.3903,-14.5655]]],[[[125.1322,-14.4776],[125.1324,-14.4759],[125.1318,-14.4765],[125.1322,-14.4776]]],[[[125.6799,-14.3848],[125.6795,-14.384],[125.6785,-14.3844],[125.6799,-14.3848]]],[[[127.8382,-14.3735],[127.839,-14.3728],[127.838,-14.3728],[127.8382,-14.3735]]],[[[125.2656,-14.6464],[125.2655,-14.6449],[125.265,-14.6455],[125.2656,-14.6464]]],[[[125.3772,-14.5716],[125.3778,-14.5708],[125.3775,-14.5701],[125.3772,-14.5716]]],[[[125.1881,-14.6289],[125.1879,-14.6277],[125.1875,-14.6285],[125.1881,-14.6289]]],[[[125.7386,-14.3178],[125.7394,-14.3172],[125.7389,-14.3168],[125.7386,-14.3178]]],[[[126.1208,-14.2282],[126.1218,-14.228],[126.1217,-14.227],[126.1208,-14.2282]]],[[[125.1497,-14.4698],[125.149,-14.4688],[125.1487,-14.4692],[125.1497,-14.4698]]],[[[126.0216,-14.5186],[126.0221,-14.5181],[126.0213,-14.5175],[126.0216,-14.5186]]],[[[125.1875,-14.4602],[125.1881,-14.4595],[125.1871,-14.4598],[125.1875,-14.4602]]],[[[125.1545,-14.4677],[125.1548,-14.4671],[125.1541,-14.4665],[125.1545,-14.4677]]],[[[125.1528,-14.4653],[125.1528,-14.4639],[125.1525,-14.4643],[125.1528,-14.4653]]],[[[125.4922,-14.4094],[125.4924,-14.4082],[125.4918,-14.4091],[125.4922,-14.4094]]],[[[125.1308,-14.4801],[125.1312,-14.4796],[125.1307,-14.4787],[125.1308,-14.4801]]],[[[125.2003,-14.5431],[125.2003,-14.5418],[125.1997,-14.5426],[125.2003,-14.5431]]],[[[125.1718,-14.6463],[125.1714,-14.6448],[125.1713,-14.6458],[125.1718,-14.6463]]],[[[125.1328,-14.4793],[125.1329,-14.4779],[125.1324,-14.4785],[125.1328,-14.4793]]],[[[125.9733,-14.5278],[125.9736,-14.5269],[125.9727,-14.5273],[125.9733,-14.5278]]],[[[125.5086,-14.4571],[125.5091,-14.4563],[125.5079,-14.4566],[125.5086,-14.4571]]],[[[125.1561,-14.4687],[125.1556,-14.468],[125.1548,-14.4682],[125.1561,-14.4687]]],[[[125.2749,-14.5885],[125.2747,-14.5873],[125.2743,-14.5878],[125.2749,-14.5885]]],[[[124.9669,-14.4928],[124.9669,-14.4913],[124.9665,-14.4919],[124.9669,-14.4928]]],[[[125.7172,-14.449],[125.7177,-14.4481],[125.7167,-14.4486],[125.7172,-14.449]]],[[[125.4351,-14.6335],[125.4354,-14.6324],[125.4347,-14.6333],[125.4351,-14.6335]]],[[[126.0621,-14.3569],[126.0627,-14.3559],[126.0617,-14.3567],[126.0621,-14.3569]]],[[[126.1469,-14.1855],[126.1477,-14.1849],[126.1465,-14.1852],[126.1469,-14.1855]]],[[[125.2519,-14.6559],[125.2527,-14.6549],[125.2518,-14.6556],[125.2519,-14.6559]]],[[[125.8248,-14.1943],[125.8253,-14.1937],[125.8248,-14.1931],[125.8248,-14.1943]]],[[[126.2261,-14.1756],[126.226,-14.175],[126.2255,-14.1753],[126.2261,-14.1756]]],[[[126.0415,-14.5036],[126.0419,-14.5032],[126.0413,-14.5028],[126.0415,-14.5036]]],[[[125.9574,-14.514],[125.9581,-14.5132],[125.9575,-14.5133],[125.9574,-14.514]]],[[[126.2293,-14.1768],[126.2294,-14.1761],[126.2289,-14.1761],[126.2293,-14.1768]]],[[[126.2278,-14.1772],[126.2281,-14.177],[126.2269,-14.177],[126.2278,-14.1772]]],[[[126.2271,-14.1763],[126.2274,-14.176],[126.2268,-14.1758],[126.2271,-14.1763]]],[[[126.5399,-13.8976],[126.6083,-13.9137],[126.6205,-13.8899],[126.5042,-13.8688],[126.5135,-13.9071],[126.5399,-13.8976]]],[[[126.8649,-13.9725],[126.9013,-13.9853],[126.8199,-13.9539],[126.8649,-13.9725]]],[[[126.3731,-13.9993],[126.4038,-13.9891],[126.3707,-13.9763],[126.3731,-13.9993]]],[[[126.1624,-13.9643],[126.1897,-13.9274],[126.1697,-13.9368],[126.1624,-13.9643]]],[[[126.3088,-13.9284],[126.3002,-13.9685],[126.3211,-13.9431],[126.3088,-13.9284]]],[[[125.628,-13.9612],[125.6444,-13.9514],[125.6304,-13.931],[125.628,-13.9612]]],[[[126.6202,-13.8714],[126.6345,-13.876],[126.6252,-13.8528],[126.6202,-13.8714]]],[[[126.3033,-13.9244],[126.3162,-13.9156],[126.3126,-13.9008],[126.3033,-13.9244]]],[[[126.3071,-13.8893],[126.3191,-13.8868],[126.3048,-13.8663],[126.3071,-13.8893]]],[[[126.6923,-13.931],[126.6757,-13.9615],[126.6992,-13.9438],[126.6923,-13.931]]],[[[125.7019,-14.144],[125.7044,-14.1162],[125.6921,-14.1076],[125.7019,-14.144]]],[[[127.1563,-13.899],[127.1752,-13.904],[127.163,-13.883],[127.1563,-13.899]]],[[[126.2724,-13.9306],[126.2837,-13.9461],[126.2952,-13.9421],[126.2724,-13.9306]]],[[[126.2387,-14.1621],[126.2376,-14.146],[126.2305,-14.1503],[126.2387,-14.1621]]],[[[126.6029,-13.9502],[126.6005,-13.9356],[126.5952,-13.9426],[126.6029,-13.9502]]],[[[125.5556,-14.1086],[125.5598,-14.1003],[125.5516,-14.1025],[125.5556,-14.1086]]],[[[126.1525,-13.7524],[126.1454,-13.7486],[126.1504,-13.7597],[126.1525,-13.7524]]],[[[125.7656,-14.1628],[125.7748,-14.1509],[125.7649,-14.1587],[125.7656,-14.1628]]],[[[127.2711,-13.8219],[127.2799,-13.8187],[127.266,-13.8191],[127.2711,-13.8219]]],[[[126.8175,-13.9429],[126.8186,-13.9495],[126.8244,-13.9467],[126.8175,-13.9429]]],[[[126.8713,-13.9804],[126.8816,-13.9834],[126.8753,-13.9761],[126.8713,-13.9804]]],[[[126.7047,-13.9501],[126.7066,-13.9545],[126.7026,-13.9409],[126.7047,-13.9501]]],[[[126.8428,-13.9682],[126.8512,-13.9683],[126.8387,-13.9668],[126.8428,-13.9682]]],[[[126.8175,-13.9549],[126.8125,-13.9587],[126.8178,-13.9608],[126.8175,-13.9549]]],[[[126.5358,-14.0004],[126.5387,-14.0034],[126.549,-13.9968],[126.5358,-14.0004]]],[[[126.5893,-13.8823],[126.5955,-13.8834],[126.597,-13.8789],[126.5893,-13.8823]]],[[[126.4532,-13.958],[126.45,-13.964],[126.4566,-13.9544],[126.4532,-13.958]]],[[[126.0007,-13.9801],[126.0012,-13.974],[125.9977,-13.9782],[126.0007,-13.9801]]],[[[127.571,-14.1113],[127.5736,-14.1123],[127.5715,-14.1064],[127.571,-14.1113]]],[[[125.738,-14.0914],[125.744,-14.0924],[125.735,-14.0895],[125.738,-14.0914]]],[[[125.6073,-14.1241],[125.6024,-14.1298],[125.6056,-14.1301],[125.6073,-14.1241]]],[[[126.8946,-13.9792],[126.8921,-13.976],[126.8903,-13.9775],[126.8946,-13.9792]]],[[[127.1122,-13.9044],[127.1162,-13.9017],[127.1157,-13.8966],[127.1122,-13.9044]]],[[[125.657,-14.1584],[125.6594,-14.1537],[125.6569,-14.1519],[125.657,-14.1584]]],[[[126.7905,-13.7661],[126.792,-13.769],[126.7927,-13.7611],[126.7905,-13.7661]]],[[[126.8633,-13.9623],[126.8629,-13.9583],[126.8582,-13.958],[126.8633,-13.9623]]],[[[126.3568,-13.7594],[126.3645,-13.7536],[126.3578,-13.7567],[126.3568,-13.7594]]],[[[126.5552,-14.1489],[126.5582,-14.1457],[126.552,-14.1472],[126.5552,-14.1489]]],[[[125.7247,-14.0943],[125.7277,-14.0929],[125.7261,-14.0901],[125.7247,-14.0943]]],[[[125.6986,-14.1529],[125.6997,-14.1547],[125.6992,-14.149],[125.6986,-14.1529]]],[[[127.1278,-13.961],[127.1286,-13.9623],[127.1318,-13.9573],[127.1278,-13.961]]],[[[126.83,-13.9754],[126.8318,-13.9728],[126.8281,-13.9737],[126.83,-13.9754]]],[[[127.5499,-14.0936],[127.5476,-14.0936],[127.5493,-14.097],[127.5499,-14.0936]]],[[[125.7478,-14.1092],[125.7491,-14.1051],[125.7468,-14.1072],[125.7478,-14.1092]]],[[[126.5694,-14.0136],[126.5666,-14.0138],[126.5687,-14.0162],[126.5694,-14.0136]]],[[[126.5949,-13.8994],[126.5909,-13.9026],[126.5933,-13.9021],[126.5949,-13.8994]]],[[[126.7646,-13.7845],[126.7691,-13.7811],[126.7649,-13.783],[126.7646,-13.7845]]],[[[125.7483,-14.0993],[125.7495,-14.0975],[125.7476,-14.0964],[125.7483,-14.0993]]],[[[126.5857,-13.9064],[126.5874,-13.9087],[126.5875,-13.905],[126.5857,-13.9064]]],[[[127.1303,-13.9638],[127.1285,-13.9657],[127.1332,-13.9632],[127.1303,-13.9638]]],[[[126.5887,-13.9061],[126.5903,-13.9041],[126.588,-13.9043],[126.5887,-13.9061]]],[[[126.8016,-13.9882],[126.8031,-13.9857],[126.801,-13.9866],[126.8016,-13.9882]]],[[[125.6499,-14.0693],[125.6519,-14.0661],[125.6501,-14.067],[125.6499,-14.0693]]],[[[126.9971,-13.7664],[126.9992,-13.7646],[126.9973,-13.7641],[126.9971,-13.7664]]],[[[126.106,-13.9014],[126.1071,-13.8994],[126.1046,-13.8985],[126.106,-13.9014]]],[[[127.5634,-14.1078],[127.5658,-14.1074],[127.5636,-14.1059],[127.5634,-14.1078]]],[[[127.1926,-13.9003],[127.1941,-13.8994],[127.1926,-13.898],[127.1926,-13.9003]]],[[[127.4952,-14.0577],[127.4959,-14.055],[127.4945,-14.0553],[127.4952,-14.0577]]],[[[127.5897,-14.1367],[127.5925,-14.1363],[127.5903,-14.1352],[127.5897,-14.1367]]],[[[126.8338,-13.9722],[126.835,-13.9703],[126.8326,-13.9706],[126.8338,-13.9722]]],[[[127.0215,-13.81],[127.0201,-13.8093],[127.0188,-13.8106],[127.0215,-13.81]]],[[[125.8742,-14.0635],[125.8756,-14.0622],[125.8731,-14.0629],[125.8742,-14.0635]]],[[[127.0498,-13.8377],[127.0474,-13.8379],[127.0491,-13.8389],[127.0498,-13.8377]]],[[[126.8717,-13.9819],[126.8736,-13.9807],[126.8706,-13.9808],[126.8717,-13.9819]]],[[[126.5445,-14.0125],[126.5457,-14.0145],[126.5456,-14.0124],[126.5445,-14.0125]]],[[[125.5781,-14.1451],[125.5793,-14.1423],[125.5785,-14.1413],[125.5781,-14.1451]]],[[[126.8372,-13.9662],[126.8369,-13.9645],[126.8359,-13.9655],[126.8372,-13.9662]]],[[[125.6915,-14.1439],[125.6937,-14.1421],[125.6928,-14.1417],[125.6915,-14.1439]]],[[[126.8622,-13.972],[126.8605,-13.9694],[126.8608,-13.9713],[126.8622,-13.972]]],[[[126.7494,-14.0126],[126.7507,-14.0132],[126.7525,-14.0128],[126.7494,-14.0126]]],[[[126.7099,-13.9434],[126.7106,-13.9423],[126.708,-13.9425],[126.7099,-13.9434]]],[[[126.838,-13.9536],[126.8393,-13.953],[126.8376,-13.9524],[126.838,-13.9536]]],[[[126.3158,-13.9001],[126.3171,-13.901],[126.3167,-13.8997],[126.3158,-13.9001]]],[[[125.7138,-14.0981],[125.713,-14.0967],[125.7126,-14.0976],[125.7138,-14.0981]]],[[[126.0224,-14.0131],[126.022,-14.0121],[126.0207,-14.0126],[126.0224,-14.0131]]],[[[127.5122,-14.0848],[127.5133,-14.085],[127.5136,-14.0842],[127.5122,-14.0848]]],[[[126.5549,-13.8977],[126.5562,-13.8974],[126.5552,-13.8968],[126.5549,-13.8977]]],[[[125.701,-14.1122],[125.7008,-14.1106],[125.7002,-14.1113],[125.701,-14.1122]]],[[[127.4532,-14.046],[127.4543,-14.0457],[127.4534,-14.0451],[127.4532,-14.046]]],[[[126.889,-13.9731],[126.8894,-13.9723],[126.8885,-13.9719],[126.889,-13.9731]]],[[[126.2967,-13.97],[126.2978,-13.9694],[126.2966,-13.9692],[126.2967,-13.97]]],[[[126.6347,-13.8702],[126.6359,-13.8692],[126.6348,-13.8695],[126.6347,-13.8702]]],[[[127.5181,-14.0675],[127.5186,-14.0678],[127.5192,-14.0665],[127.5181,-14.0675]]],[[[126.4975,-13.9565],[126.4978,-13.9557],[126.497,-13.9554],[126.4975,-13.9565]]],[[[126.3088,-13.8992],[126.3101,-13.8989],[126.3094,-13.8986],[126.3088,-13.8992]]],[[[126.2978,-13.9682],[126.2989,-13.9681],[126.2982,-13.9674],[126.2978,-13.9682]]],[[[126.5985,-13.8812],[126.5967,-13.8822],[126.5966,-13.8826],[126.5985,-13.8812]]],[[[126.4966,-13.9546],[126.4966,-13.9535],[126.4962,-13.9541],[126.4966,-13.9546]]],[[[126.8422,-13.9409],[126.8425,-13.9406],[126.8418,-13.9399],[126.8422,-13.9409]]],[[[127.517,-14.0616],[127.5176,-14.0614],[127.5171,-14.0607],[127.517,-14.0616]]],[[[126.8318,-13.9296],[126.8323,-13.9291],[126.8316,-13.9287],[126.8318,-13.9296]]],[[[127.5746,-14.1203],[127.5753,-14.1201],[127.5752,-14.1194],[127.5746,-14.1203]]],[[[126.3042,-13.9283],[126.3045,-13.9275],[126.3041,-13.9275],[126.3042,-13.9283]]],[[[127.5195,-14.065],[127.5188,-14.065],[127.5186,-14.0656],[127.5195,-14.065]]],[[[126.5854,-13.8839],[126.5857,-13.8843],[126.5852,-13.8831],[126.5854,-13.8839]]],[[[127.1321,-13.9568],[127.1328,-13.9552],[127.1323,-13.9559],[127.1321,-13.9568]]],[[[127.0404,-13.8118],[127.0407,-13.811],[127.0401,-13.8114],[127.0404,-13.8118]]],[[[126.7016,-13.956],[126.702,-13.9564],[126.7018,-13.9553],[126.7016,-13.956]]],[[[127.1891,-13.9423],[127.1896,-13.9421],[127.1893,-13.9417],[127.1891,-13.9423]]]]},"properties":{"name":"Western Australia"}},{"type":"Feature","geometry":{"type":"MultiPolygon","coordinates":[[[[147.2575,-43.1068],[147.3005,-43.0916],[147.2556,-43.0732],[147.2777,-43.0111],[147.3141,-43.0595],[147.3443,-43.0517],[147.3148,-42.9742],[147.361,-42.9141],[147.3322,-42.9002],[147.3221,-42.8321],[147.2557,-42.8149],[147.2832,-42.79],[147.2326,-42.7519],[147.1165,-42.7714],[147.199,-42.7253],[147.2567,-42.757],[147.2626,-42.7302],[147.2816,-42.8011],[147.347,-42.8352],[147.3524,-42.8758],[147.4047,-42.8843],[147.4089,-42.9388],[147.4836,-42.9095],[147.4461,-42.9645],[147.4785,-42.9821],[147.4702,-43.0257],[147.4302,-43.0276],[147.4088,-42.9629],[147.3919,-42.976],[147.4188,-43.0505],[147.5541,-42.9857],[147.5091,-42.9673],[147.5387,-42.9616],[147.495,-42.9113],[147.5036,-42.8643],[147.6134,-42.846],[147.4811,-42.8267],[147.4371,-42.7858],[147.4476,-42.7562],[147.4873,-42.8031],[147.5942,-42.7816],[147.606,-42.8692],[147.701,-42.8716],[147.6475,-42.8928],[147.7905,-42.9031],[147.8447,-42.8742],[147.8646,-42.8147],[147.8841,-42.8456],[147.8796,-42.769],[147.9466,-42.728],[147.9455,-42.6063],[147.8508,-42.5586],[147.9134,-42.5485],[147.8973,-42.524],[147.9237,-42.4968],[147.949,-42.5532],[148.011,-42.5095],[147.9885,-42.4983],[148.0099,-42.4403],[147.977,-42.441],[148.0185,-42.315],[147.962,-42.3573],[147.931,-42.3442],[148.0003,-42.3099],[148.0136,-42.2394],[148.0839,-42.1679],[148.0851,-42.1255],[148.0467,-42.1184],[148.2352,-42.0979],[148.064,-42.0681],[148.1525,-42.0622],[148.1535,-42.0052],[148.1983,-42.0207],[148.2405,-41.9862],[148.1572,-42.0742],[148.2211,-42.0688],[148.2476,-42.1168],[148.2984,-42.1256],[148.2593,-42.1657],[148.2905,-42.1986],[148.2507,-42.2314],[148.292,-42.2812],[148.3468,-42.2226],[148.3568,-42.1795],[148.2977,-42.1664],[148.3454,-42.1185],[148.2846,-42.039],[148.3236,-41.9172],[148.2645,-41.81],[148.3048,-41.7482],[148.2841,-41.72],[148.3167,-41.5754],[148.2493,-41.486],[148.271,-41.5024],[148.2665,-41.4622],[148.1979,-41.4424],[148.2672,-41.4617],[148.2791,-41.3717],[148.3589,-41.2815],[148.2716,-41.3396],[148.2357,-41.3227],[148.277,-41.3152],[148.2816,-41.2766],[148.3078,-41.3022],[148.3388,-41.2574],[148.2876,-41.2569],[148.2719,-41.1806],[148.2529,-41.1909],[148.2849,-41.1686],[148.2695,-41.126],[148.2982,-41.0638],[148.2495,-41.0511],[148.2939,-41.0289],[148.2968,-41.0619],[148.3499,-40.9951],[148.2228,-40.8461],[148.1784,-40.8209],[148.1262,-40.836],[148.1153,-40.814],[148.1753,-40.8297],[148.0307,-40.7502],[147.9396,-40.7391],[147.9588,-40.7648],[147.8871,-40.8636],[147.9042,-40.8777],[147.752,-40.876],[147.6697,-40.821],[147.5948,-40.8491],[147.4907,-40.9793],[147.3971,-41.0029],[147.4345,-41.0119],[147.3554,-40.9823],[147.3456,-40.9395],[147.2798,-40.9417],[147.1579,-41.0314],[147.0209,-40.9803],[146.9593,-41.0275],[146.8748,-41.0188],[146.7866,-41.0541],[146.8278,-41.1363],[146.9003,-41.137],[146.9654,-41.1901],[146.912,-41.212],[146.9447,-41.2066],[147.0154,-41.2764],[146.9782,-41.3088],[147.0724,-41.3307],[147.127,-41.4321],[147.1733,-41.4347],[147.1459,-41.4172],[147.1212,-41.4436],[147.0769,-41.341],[147.0338,-41.3558],[146.9706,-41.3092],[146.9747,-41.2517],[146.9458,-41.2602],[146.8975,-41.2026],[146.9232,-41.1698],[146.8341,-41.1631],[146.839,-41.2],[146.8179,-41.1454],[146.7706,-41.1653],[146.8201,-41.1377],[146.7684,-41.0788],[146.7076,-41.0637],[146.5645,-41.1465],[146.6096,-41.1585],[146.5784,-41.1847],[146.6068,-41.2594],[146.585,-41.2051],[146.5652,-41.251],[146.573,-41.1891],[146.5404,-41.1791],[146.562,-41.1674],[146.5319,-41.1184],[146.4653,-41.1596],[146.3698,-41.1675],[146.3886,-41.2382],[146.3477,-41.2174],[146.3569,-41.1585],[146.316,-41.1828],[146.3327,-41.1566],[146.2554,-41.1518],[146.2525,-41.1939],[146.2484,-41.1571],[146.1693,-41.1453],[146.1519,-41.1769],[146.1208,-41.1557],[146.1674,-41.1466],[146.1197,-41.1189],[145.9581,-41.063],[145.9233,-41.078],[145.8771,-41.0369],[145.8361,-41.057],[145.6965,-40.9747],[145.7413,-40.9854],[145.7293,-40.945],[145.5605,-40.9168],[145.5116,-40.8536],[145.4354,-40.8943],[145.446,-40.8712],[145.3919,-40.8497],[145.2876,-40.8509],[145.3129,-40.8352],[145.2661,-40.7979],[145.3087,-40.7642],[145.2604,-40.7123],[145.259,-40.8058],[145.1104,-40.7943],[145.1672,-40.819],[145.0914,-40.8477],[145.1217,-40.8386],[145.1085,-40.8144],[145.0653,-40.8192],[144.9796,-40.7435],[144.9291,-40.7754],[144.7855,-40.7085],[144.766,-40.7436],[144.7264,-40.6416],[144.6924,-40.6634],[144.7132,-40.8533],[144.6858,-40.9056],[144.6117,-40.9357],[144.6328,-40.9938],[144.6073,-41.0088],[144.6598,-41.0533],[144.8006,-41.0619],[144.7991,-41.0895],[144.7954,-41.0543],[144.7752,-41.0843],[144.684,-41.0385],[144.6593,-41.0574],[144.6867,-41.2432],[144.7899,-41.3951],[144.7459,-41.4215],[144.8396,-41.5056],[144.9182,-41.6676],[145.0506,-41.6013],[145.0348,-41.617],[145.0806,-41.6263],[145.0656,-41.649],[145.1041,-41.6437],[145.0053,-41.6178],[144.9112,-41.6912],[144.9851,-41.7355],[145.1244,-41.9005],[145.2041,-41.9368],[145.2519,-42.0601],[145.2676,-42.0228],[145.2459,-42.0311],[145.2594,-42.1751],[145.2231,-42.2187],[145.2897,-42.2273],[145.2902,-42.1966],[145.2681,-42.2024],[145.3182,-42.1762],[145.3078,-42.1489],[145.3776,-42.1966],[145.5,-42.1763],[145.346,-42.2068],[145.3723,-42.2021],[145.3648,-42.2517],[145.4809,-42.3645],[145.4941,-42.3219],[145.5124,-42.3742],[145.5576,-42.357],[145.5245,-42.4435],[145.6733,-42.4427],[145.6718,-42.5607],[145.7414,-42.5911],[145.671,-42.5624],[145.672,-42.4449],[145.6482,-42.4358],[145.458,-42.4348],[145.4739,-42.5258],[145.4533,-42.4044],[145.31,-42.3205],[145.3175,-42.2853],[145.2535,-42.2885],[145.1771,-42.1931],[145.2137,-42.2777],[145.1961,-42.3278],[145.2539,-42.4435],[145.236,-42.4723],[145.3044,-42.5712],[145.2629,-42.6216],[145.3662,-42.6565],[145.3826,-42.7687],[145.4876,-42.9134],[145.4949,-42.9915],[145.5906,-42.9725],[145.6476,-43.0485],[145.6822,-43.0505],[145.665,-43.0962],[145.7362,-43.1167],[145.7216,-43.1364],[145.8079,-43.2095],[145.8391,-43.3143],[145.9266,-43.3005],[145.9239,-43.2674],[145.8625,-43.273],[145.9285,-43.2452],[145.9086,-43.187],[145.9405,-43.1504],[145.9161,-43.2113],[145.98,-43.2348],[145.9534,-43.2811],[146.0038,-43.3353],[146.059,-43.3336],[146.0645,-43.2894],[146.1119,-43.3484],[146.1684,-43.2911],[146.1764,-43.3267],[146.2316,-43.3226],[146.2233,-43.3891],[146.2103,-43.3636],[146.1346,-43.3765],[146.1664,-43.4188],[146.1305,-43.3555],[146.0862,-43.342],[146.0583,-43.3445],[146.0835,-43.3715],[145.9868,-43.3293],[145.9937,-43.3943],[145.9775,-43.3556],[145.9215,-43.3813],[145.9974,-43.4069],[146.0428,-43.5085],[146.0299,-43.5699],[146.0795,-43.541],[146.1099,-43.5571],[146.148,-43.5015],[146.208,-43.5356],[146.216,-43.4856],[146.2729,-43.4984],[146.2901,-43.5447],[146.3447,-43.5128],[146.5961,-43.5435],[146.5514,-43.5104],[146.5594,-43.4649],[146.5994,-43.5619],[146.7054,-43.6334],[146.7851,-43.6003],[146.8313,-43.6151],[146.8266,-43.6431],[146.871,-43.6386],[146.9216,-43.5992],[146.9168,-43.5688],[146.8726,-43.5897],[146.9008,-43.516],[146.9173,-43.5463],[146.9779,-43.494],[146.9437,-43.512],[146.942,-43.4781],[147.0018,-43.4797],[146.9059,-43.4208],[147.0176,-43.4435],[147.0593,-43.3531],[146.9717,-43.3274],[147.0653,-43.3328],[147.1001,-43.2902],[146.95,-43.1638],[146.9807,-43.1589],[147.0547,-43.04],[147.0017,-43.0174],[147.0563,-43.0397],[146.9844,-43.1894],[147.0619,-43.2251],[147.0947,-43.1689],[147.1178,-43.2106],[147.0892,-43.244],[147.1512,-43.2411],[147.1677,-43.2834],[147.2425,-43.2681],[147.2575,-43.1068]]],[[[144.6044,-41.01],[144.6044,-41.0102],[144.6046,-41.0101],[144.6044,-41.01]]],[[[144.6041,-41.0099],[144.6042,-41.0099],[144.6042,-41.0097],[144.6041,-41.0099]]],[[[143.9238,-40.165],[143.9238,-40.1649],[143.9237,-40.1649],[143.9238,-40.165]]],[[[143.9239,-40.1647],[143.924,-40.1646],[143.9241,-40.1642],[143.9239,-40.1647]]],[[[143.9285,-40.1624],[143.9285,-40.1623],[143.9284,-40.1623],[143.9285,-40.1624]]],[[[143.9282,-40.1624],[143.9282,-40.1622],[143.9281,-40.1623],[143.9282,-40.1624]]],[[[143.9286,-40.1621],[143.9287,-40.1617],[143.9286,-40.1619],[143.9286,-40.1621]]],[[[143.9241,-40.1612],[143.9242,-40.1608],[143.924,-40.1611],[143.9241,-40.1612]]],[[[143.9292,-40.1602],[143.9297,-40.1598],[143.9293,-40.16],[143.9292,-40.1602]]],[[[143.832,-39.9218],[143.8322,-39.9216],[143.832,-39.9216],[143.832,-39.9218]]],[[[143.8326,-39.9174],[143.8327,-39.9172],[143.8326,-39.9173],[143.8326,-39.9174]]],[[[143.8329,-39.903],[143.8331,-39.903],[143.8329,-39.9029],[143.8329,-39.903]]],[[[144.1602,-39.8285],[144.158,-39.8329],[144.1641,-39.8284],[144.1602,-39.8285]]],[[[143.827,-39.6906],[143.8274,-39.6905],[143.8274,-39.6903],[143.827,-39.6906]]],[[[143.9244,-40.1603],[143.9245,-40.1597],[143.9244,-40.1598],[143.9244,-40.1603]]],[[[143.8328,-39.9177],[143.8329,-39.9176],[143.8328,-39.9176],[143.8328,-39.9177]]],[[[143.8343,-39.9224],[143.8344,-39.9221],[143.8343,-39.9223],[143.8343,-39.9224]]],[[[143.8326,-39.9218],[143.8328,-39.9216],[143.8327,-39.9216],[143.8326,-39.9218]]],[[[143.8329,-39.918],[143.8329,-39.9179],[143.8328,-39.918],[143.8329,-39.918]]],[[[143.8267,-39.6821],[143.827,-39.6819],[143.8265,-39.6819],[143.8267,-39.6821]]],[[[143.8842,-39.9973],[143.8851,-39.997],[143.884,-39.997],[143.8842,-39.9973]]],[[[143.8413,-39.9244],[143.8415,-39.9245],[143.8414,-39.9243],[143.8413,-39.9244]]],[[[143.8853,-39.9901],[143.8855,-39.99],[143.8854,-39.9898],[143.8853,-39.9901]]],[[[143.8861,-39.9908],[143.8863,-39.9907],[143.886,-39.9906],[143.8861,-39.9908]]],[[[143.884,-40.0002],[143.8842,-40.0001],[143.884,-40.0002],[143.884,-40.0002]]],[[[143.8838,-39.9977],[143.8839,-39.9977],[143.8839,-39.9975],[143.8838,-39.9977]]],[[[143.8853,-40.0027],[143.8854,-40.0026],[143.8853,-40.0025],[143.8853,-40.0027]]],[[[143.8408,-39.9245],[143.8409,-39.9245],[143.8408,-39.9244],[143.8408,-39.9245]]],[[[143.8192,-39.675],[143.8378,-39.6687],[143.8267,-39.665],[143.8192,-39.675]]],[[[143.8314,-39.6831],[143.826,-39.6829],[143.8336,-39.6932],[143.8314,-39.6831]]],[[[143.8457,-39.7329],[143.8468,-39.7337],[143.8475,-39.7327],[143.8457,-39.7329]]],[[[144.0532,-39.6249],[144.0534,-39.6253],[144.0538,-39.6248],[144.0532,-39.6249]]],[[[144.0539,-39.6242],[144.054,-39.6239],[144.0538,-39.624],[144.0539,-39.6242]]],[[[143.9248,-40.1621],[143.9251,-40.1619],[143.9252,-40.1614],[143.9248,-40.1621]]],[[[143.9288,-40.1611],[143.9289,-40.1608],[143.9288,-40.1609],[143.9288,-40.1611]]],[[[144.0371,-40.086],[144.0375,-40.0871],[144.0381,-40.086],[144.0371,-40.086]]],[[[144.0311,-40.1064],[144.0316,-40.1057],[144.031,-40.1053],[144.0311,-40.1064]]],[[[144.0385,-40.0868],[144.0392,-40.087],[144.0392,-40.0865],[144.0385,-40.0868]]],[[[143.8737,-40.1048],[143.874,-40.1055],[143.8739,-40.1042],[143.8737,-40.1048]]],[[[143.8646,-40.0739],[143.8655,-40.0735],[143.8647,-40.0735],[143.8646,-40.0739]]],[[[143.8735,-40.1044],[143.8738,-40.1037],[143.8735,-40.104],[143.8735,-40.1044]]],[[[143.8743,-40.1076],[143.8747,-40.1071],[143.874,-40.1072],[143.8743,-40.1076]]],[[[144.0208,-40.0936],[144.0212,-40.0933],[144.0211,-40.093],[144.0208,-40.0936]]],[[[144.0308,-40.1071],[144.0309,-40.1066],[144.0306,-40.1067],[144.0308,-40.1071]]],[[[144.0379,-40.0832],[144.0383,-40.0827],[144.038,-40.0827],[144.0379,-40.0832]]],[[[143.8725,-40.0963],[143.8719,-40.0963],[143.8724,-40.0965],[143.8725,-40.0963]]],[[[144.0247,-40.0941],[144.0248,-40.0935],[144.0245,-40.0934],[144.0247,-40.0941]]],[[[143.891,-40.0099],[143.8912,-40.0097],[143.8912,-40.0093],[143.891,-40.0099]]],[[[144.0937,-40.0534],[144.094,-40.0531],[144.0936,-40.0531],[144.0937,-40.0534]]],[[[143.8617,-40.0672],[143.8621,-40.0676],[143.862,-40.0671],[143.8617,-40.0672]]],[[[143.8667,-40.0793],[143.8669,-40.0792],[143.8666,-40.079],[143.8667,-40.0793]]],[[[143.8664,-40.0749],[143.8668,-40.0746],[143.8663,-40.0748],[143.8664,-40.0749]]],[[[144.0385,-40.0874],[144.039,-40.0872],[144.0386,-40.0872],[144.0385,-40.0874]]],[[[143.8699,-40.0815],[143.8703,-40.0814],[143.8696,-40.0814],[143.8699,-40.0815]]],[[[143.8666,-40.0776],[143.867,-40.077],[143.8668,-40.0772],[143.8666,-40.0776]]],[[[144.0474,-40.0788],[144.0475,-40.0786],[144.0474,-40.0785],[144.0474,-40.0788]]],[[[144.0295,-40.0904],[144.0296,-40.0901],[144.0293,-40.09],[144.0295,-40.0904]]],[[[143.8839,-40.0307],[143.8837,-40.0303],[143.8837,-40.0305],[143.8839,-40.0307]]],[[[144.0929,-40.0527],[144.0932,-40.0526],[144.0931,-40.0523],[144.0929,-40.0527]]],[[[144.0084,-40.0993],[144.0085,-40.099],[144.0081,-40.0991],[144.0084,-40.0993]]],[[[143.872,-40.0984],[143.8723,-40.0983],[143.8717,-40.0983],[143.872,-40.0984]]],[[[143.874,-40.1068],[143.8745,-40.1067],[143.8742,-40.1066],[143.874,-40.1068]]],[[[143.8699,-40.0804],[143.8704,-40.0802],[143.8701,-40.0802],[143.8699,-40.0804]]],[[[144.03,-40.1017],[144.0302,-40.1018],[144.0303,-40.1015],[144.03,-40.1017]]],[[[144.048,-40.0797],[144.048,-40.0794],[144.0479,-40.0795],[144.048,-40.0797]]],[[[143.8682,-40.086],[143.8686,-40.0859],[143.868,-40.0859],[143.8682,-40.086]]],[[[143.8575,-40.0645],[143.8572,-40.0644],[143.8576,-40.0648],[143.8575,-40.0645]]],[[[144.0297,-40.1021],[144.0299,-40.102],[144.0298,-40.1017],[144.0297,-40.1021]]],[[[144.1008,-40.0478],[144.101,-40.0477],[144.1009,-40.0475],[144.1008,-40.0478]]],[[[143.8914,-40.011],[143.8917,-40.0107],[143.8914,-40.0109],[143.8914,-40.011]]],[[[143.8652,-40.0743],[143.8655,-40.074],[143.8651,-40.0742],[143.8652,-40.0743]]],[[[143.8688,-40.0777],[143.869,-40.0776],[143.8689,-40.0774],[143.8688,-40.0777]]],[[[144.1141,-40.0196],[144.114,-40.0194],[144.114,-40.0195],[144.1141,-40.0196]]],[[[143.8609,-40.0667],[143.8612,-40.0666],[143.8612,-40.0665],[143.8609,-40.0667]]],[[[143.8701,-40.081],[143.8705,-40.081],[143.8699,-40.0809],[143.8701,-40.081]]],[[[143.8671,-40.0766],[143.8676,-40.0765],[143.8673,-40.0764],[143.8671,-40.0766]]],[[[143.8579,-40.0637],[143.858,-40.0635],[143.8579,-40.0633],[143.8579,-40.0637]]],[[[143.8741,-40.1006],[143.8744,-40.1004],[143.8741,-40.1005],[143.8741,-40.1006]]],[[[143.8742,-40.1008],[143.8745,-40.1006],[143.8742,-40.1007],[143.8742,-40.1008]]],[[[144.0308,-40.1062],[144.0309,-40.106],[144.0307,-40.1059],[144.0308,-40.1062]]],[[[143.8691,-40.0799],[143.8692,-40.0799],[143.8691,-40.0797],[143.8691,-40.0799]]],[[[144.1019,-40.047],[144.1019,-40.0466],[144.1017,-40.0468],[144.1019,-40.047]]],[[[143.8709,-40.0959],[143.871,-40.0956],[143.8708,-40.0957],[143.8709,-40.0959]]],[[[143.892,-40.0076],[143.8922,-40.0075],[143.892,-40.0074],[143.892,-40.0076]]],[[[143.875,-40.0998],[143.8752,-40.0996],[143.8749,-40.0996],[143.875,-40.0998]]],[[[143.8742,-40.1012],[143.8746,-40.1009],[143.8743,-40.1011],[143.8742,-40.1012]]],[[[143.8858,-40.0418],[143.886,-40.0417],[143.8858,-40.0416],[143.8858,-40.0418]]],[[[143.8687,-40.092],[143.8684,-40.0922],[143.8687,-40.0922],[143.8687,-40.092]]],[[[143.8594,-40.0611],[143.8593,-40.0609],[143.8591,-40.0609],[143.8594,-40.0611]]],[[[144.1011,-40.0476],[144.1012,-40.0474],[144.1011,-40.0473],[144.1011,-40.0476]]],[[[144.0106,-40.0947],[144.0107,-40.0945],[144.0105,-40.0946],[144.0106,-40.0947]]],[[[143.8859,-40.0441],[143.8859,-40.0439],[143.8858,-40.044],[143.8859,-40.0441]]],[[[143.8689,-40.0779],[143.8686,-40.078],[143.8688,-40.0781],[143.8689,-40.0779]]],[[[143.8741,-40.1095],[143.8738,-40.1094],[143.8742,-40.1095],[143.8741,-40.1095]]],[[[144.1025,-40.0461],[144.1027,-40.0459],[144.1024,-40.046],[144.1025,-40.0461]]],[[[143.8721,-40.1001],[143.8724,-40.1],[143.8721,-40.1],[143.8721,-40.1001]]],[[[143.8576,-40.0627],[143.8576,-40.0626],[143.8574,-40.0626],[143.8576,-40.0627]]],[[[143.8614,-40.0604],[143.8615,-40.0602],[143.8613,-40.0603],[143.8614,-40.0604]]],[[[143.8863,-40.0067],[143.8865,-40.0065],[143.8864,-40.0065],[143.8863,-40.0067]]],[[[143.8681,-40.0928],[143.8682,-40.0925],[143.8681,-40.0927],[143.8681,-40.0928]]],[[[143.8617,-40.0668],[143.8617,-40.0666],[143.8616,-40.0666],[143.8617,-40.0668]]],[[[144.0306,-40.1018],[144.0307,-40.1016],[144.0305,-40.1017],[144.0306,-40.1018]]],[[[144.0925,-40.0524],[144.0927,-40.0523],[144.0927,-40.0522],[144.0925,-40.0524]]],[[[143.864,-40.0745],[143.864,-40.0743],[143.8639,-40.0744],[143.864,-40.0745]]],[[[143.873,-40.1051],[143.8731,-40.105],[143.8729,-40.105],[143.873,-40.1051]]],[[[143.8714,-40.0961],[143.8716,-40.096],[143.8714,-40.096],[143.8714,-40.0961]]],[[[144.0907,-40.0526],[144.091,-40.0524],[144.0908,-40.0525],[144.0907,-40.0526]]],[[[143.8691,-40.0789],[143.8692,-40.0787],[143.8691,-40.0786],[143.8691,-40.0789]]],[[[143.8846,-40.0221],[143.8844,-40.0217],[143.8844,-40.0218],[143.8846,-40.0221]]],[[[143.8751,-40.1005],[143.8752,-40.1004],[143.8751,-40.1004],[143.8751,-40.1005]]],[[[143.8835,-40.0309],[143.8835,-40.0307],[143.8835,-40.0306],[143.8835,-40.0309]]],[[[144.03,-40.1014],[144.0298,-40.1013],[144.0298,-40.1015],[144.03,-40.1014]]],[[[143.8874,-40.0475],[143.8874,-40.0473],[143.8873,-40.0471],[143.8874,-40.0475]]],[[[143.8876,-40.0071],[143.8877,-40.0071],[143.8877,-40.007],[143.8876,-40.0071]]],[[[143.8686,-40.0816],[143.8689,-40.0816],[143.8687,-40.0816],[143.8686,-40.0816]]],[[[144.031,-40.1083],[144.031,-40.1082],[144.0309,-40.1081],[144.031,-40.1083]]],[[[143.8844,-40.0239],[143.8844,-40.0236],[143.8843,-40.0238],[143.8844,-40.0239]]],[[[143.8701,-40.0827],[143.8702,-40.0825],[143.87,-40.0826],[143.8701,-40.0827]]],[[[143.8871,-40.0475],[143.8873,-40.0474],[143.8871,-40.0474],[143.8871,-40.0475]]],[[[143.8737,-40.1098],[143.8738,-40.1096],[143.8737,-40.1097],[143.8737,-40.1098]]],[[[143.8758,-40.0977],[143.8759,-40.0975],[143.8758,-40.0976],[143.8758,-40.0977]]],[[[143.8591,-40.0606],[143.8592,-40.0604],[143.8591,-40.0605],[143.8591,-40.0606]]],[[[143.8643,-40.0697],[143.8644,-40.0696],[143.8643,-40.0696],[143.8643,-40.0697]]],[[[143.8869,-40.0473],[143.8871,-40.0472],[143.8869,-40.0471],[143.8869,-40.0473]]],[[[144.0316,-40.1055],[144.0317,-40.1055],[144.0316,-40.1054],[144.0316,-40.1055]]],[[[143.8592,-40.0654],[143.8592,-40.0653],[143.8591,-40.0653],[143.8592,-40.0654]]],[[[143.8647,-40.0685],[143.8649,-40.0683],[143.8648,-40.0683],[143.8647,-40.0685]]],[[[144.0301,-40.1022],[144.0303,-40.1021],[144.0302,-40.102],[144.0301,-40.1022]]],[[[143.8657,-40.0751],[143.8658,-40.0749],[143.8657,-40.075],[143.8657,-40.0751]]],[[[144.1136,-40.0197],[144.1137,-40.0195],[144.1136,-40.0196],[144.1136,-40.0197]]],[[[143.8871,-40.0478],[143.8872,-40.0476],[143.8871,-40.0477],[143.8871,-40.0478]]],[[[143.8842,-40.0392],[143.8842,-40.0389],[143.8842,-40.039],[143.8842,-40.0392]]],[[[143.859,-40.066],[143.859,-40.0659],[143.8589,-40.0659],[143.859,-40.066]]],[[[144.0909,-40.0523],[144.0911,-40.0521],[144.0911,-40.0521],[144.0909,-40.0523]]],[[[144.1032,-40.0453],[144.1033,-40.0452],[144.1032,-40.0451],[144.1032,-40.0453]]],[[[143.8644,-40.0684],[143.8645,-40.0683],[143.8644,-40.0683],[143.8644,-40.0684]]],[[[144.0309,-40.1074],[144.0308,-40.1073],[144.0308,-40.1074],[144.0309,-40.1074]]],[[[144.1017,-40.0465],[144.1019,-40.0464],[144.1018,-40.0464],[144.1017,-40.0465]]],[[[143.892,-40.0107],[143.8922,-40.0106],[143.892,-40.0106],[143.892,-40.0107]]],[[[143.8691,-40.0795],[143.8691,-40.0794],[143.8689,-40.0794],[143.8691,-40.0795]]],[[[143.8862,-40.0435],[143.8863,-40.0435],[143.8862,-40.0434],[143.8862,-40.0435]]],[[[143.8731,-40.0968],[143.8732,-40.0967],[143.8731,-40.0966],[143.8731,-40.0968]]],[[[143.8853,-40.039],[143.8853,-40.0389],[143.8852,-40.0388],[143.8853,-40.039]]],[[[143.8874,-40.0482],[143.8874,-40.048],[143.8874,-40.0481],[143.8874,-40.0482]]],[[[143.8741,-40.106],[143.8742,-40.1058],[143.8741,-40.1059],[143.8741,-40.106]]],[[[143.8856,-40.0375],[143.8856,-40.0374],[143.8855,-40.0375],[143.8856,-40.0375]]],[[[143.8856,-40.0447],[143.8855,-40.0446],[143.8855,-40.0447],[143.8856,-40.0447]]],[[[143.8842,-40.0328],[143.8842,-40.0327],[143.8841,-40.0326],[143.8842,-40.0328]]],[[[144.0108,-40.1018],[144.0108,-40.1017],[144.0107,-40.1017],[144.0108,-40.1018]]],[[[143.8692,-40.0847],[143.8693,-40.0846],[143.8692,-40.0847],[143.8692,-40.0847]]],[[[143.875,-40.0982],[143.8751,-40.098],[143.875,-40.0981],[143.875,-40.0982]]],[[[143.8861,-40.0446],[143.8862,-40.0445],[143.886,-40.0446],[143.8861,-40.0446]]],[[[144.1138,-40.0199],[144.1138,-40.0197],[144.1138,-40.0198],[144.1138,-40.0199]]],[[[143.8692,-40.0817],[143.8692,-40.0816],[143.8691,-40.0817],[143.8692,-40.0817]]],[[[144.0476,-40.0796],[144.0476,-40.0796],[144.0475,-40.0795],[144.0476,-40.0796]]],[[[143.8641,-40.0602],[143.8641,-40.0601],[143.864,-40.0602],[143.8641,-40.0602]]],[[[143.8657,-40.0736],[143.8657,-40.0735],[143.8656,-40.0735],[143.8657,-40.0736]]],[[[143.8605,-40.0603],[143.8605,-40.0602],[143.8605,-40.0602],[143.8605,-40.0603]]],[[[143.8733,-40.1055],[143.8735,-40.1053],[143.8734,-40.1053],[143.8733,-40.1055]]],[[[144.0951,-40.0523],[144.095,-40.0522],[144.0949,-40.0522],[144.0951,-40.0523]]],[[[144.0492,-40.0678],[144.1062,-40.0437],[144.133,-39.9773],[144.105,-39.8913],[144.1279,-39.8221],[144.11,-39.671],[143.9479,-39.5794],[143.9227,-39.6689],[143.8442,-39.7156],[143.8672,-39.8335],[143.8338,-39.9214],[143.893,-40.0109],[143.8884,-40.0566],[143.858,-40.0647],[143.9255,-40.158],[143.9241,-40.1303],[144.0492,-40.0678]]],[[[143.9281,-40.1609],[143.9267,-40.1577],[143.9244,-40.1615],[143.9281,-40.1609]]],[[[143.9706,-40.1173],[143.971,-40.1169],[143.9708,-40.1167],[143.9706,-40.1173]]],[[[143.8777,-40.1193],[143.8779,-40.1196],[143.8782,-40.1193],[143.8777,-40.1193]]],[[[143.9709,-40.1176],[143.9702,-40.118],[143.9706,-40.1181],[143.9709,-40.1176]]],[[[143.9693,-40.1175],[143.9698,-40.1172],[143.9693,-40.1172],[143.9693,-40.1175]]],[[[143.8806,-40.1204],[143.881,-40.1205],[143.8812,-40.1202],[143.8806,-40.1204]]],[[[143.8769,-40.1197],[143.8773,-40.1193],[143.8768,-40.1194],[143.8769,-40.1197]]],[[[143.8752,-40.1164],[143.8755,-40.1161],[143.875,-40.1161],[143.8752,-40.1164]]],[[[143.8749,-40.1114],[143.875,-40.1112],[143.8747,-40.1112],[143.8749,-40.1114]]],[[[143.8826,-40.1214],[143.8829,-40.1212],[143.8826,-40.1212],[143.8826,-40.1214]]],[[[143.875,-40.1167],[143.8751,-40.1165],[143.8747,-40.1165],[143.875,-40.1167]]],[[[143.8864,-40.1221],[143.8867,-40.1217],[143.8863,-40.122],[143.8864,-40.1221]]],[[[143.8758,-40.1184],[143.8759,-40.1183],[143.8761,-40.118],[143.8758,-40.1184]]],[[[143.9156,-40.146],[143.9159,-40.1457],[143.9156,-40.1458],[143.9156,-40.146]]],[[[143.9002,-40.1338],[143.9004,-40.1335],[143.9002,-40.1336],[143.9002,-40.1338]]],[[[143.8849,-40.122],[143.8851,-40.1217],[143.8849,-40.1218],[143.8849,-40.122]]],[[[143.8845,-40.122],[143.8846,-40.122],[143.8847,-40.1217],[143.8845,-40.122]]],[[[143.9199,-40.1531],[143.9202,-40.1528],[143.92,-40.1528],[143.9199,-40.1531]]],[[[143.8738,-40.1099],[143.874,-40.1097],[143.8738,-40.1097],[143.8738,-40.1099]]],[[[143.8784,-40.1212],[143.8787,-40.1209],[143.8785,-40.1209],[143.8784,-40.1212]]],[[[143.8742,-40.1101],[143.8744,-40.1097],[143.8742,-40.1099],[143.8742,-40.1101]]],[[[143.8755,-40.1113],[143.8752,-40.1113],[143.8751,-40.1114],[143.8755,-40.1113]]],[[[143.874,-40.1132],[143.8742,-40.1129],[143.874,-40.113],[143.874,-40.1132]]],[[[143.8744,-40.1102],[143.8745,-40.1099],[143.8744,-40.1099],[143.8744,-40.1102]]],[[[143.971,-40.1181],[143.9712,-40.1178],[143.9709,-40.118],[143.971,-40.1181]]],[[[143.8737,-40.1125],[143.8739,-40.1124],[143.8737,-40.1123],[143.8737,-40.1125]]],[[[143.901,-40.1402],[143.9011,-40.1402],[143.901,-40.14],[143.901,-40.1402]]],[[[143.9787,-40.11],[143.9788,-40.11],[143.9787,-40.1098],[143.9787,-40.11]]],[[[143.8996,-40.1366],[143.8997,-40.1365],[143.8995,-40.1364],[143.8996,-40.1366]]],[[[143.9773,-40.1144],[143.9774,-40.1141],[143.9773,-40.1143],[143.9773,-40.1144]]],[[[143.89,-40.1227],[143.8903,-40.1225],[143.8901,-40.1226],[143.89,-40.1227]]],[[[143.9299,-40.1473],[143.9301,-40.1471],[143.9299,-40.1472],[143.9299,-40.1473]]],[[[143.8789,-40.1207],[143.879,-40.1205],[143.8788,-40.1207],[143.8789,-40.1207]]],[[[143.9184,-40.151],[143.9185,-40.151],[143.9185,-40.1508],[143.9184,-40.151]]],[[[143.8999,-40.1343],[143.9001,-40.1341],[143.8999,-40.1342],[143.8999,-40.1343]]],[[[143.9049,-40.1409],[143.9051,-40.1407],[143.9049,-40.1408],[143.9049,-40.1409]]],[[[143.9269,-40.1551],[143.927,-40.1551],[143.9268,-40.155],[143.9269,-40.1551]]],[[[143.8743,-40.1111],[143.8744,-40.111],[143.8742,-40.111],[143.8743,-40.1111]]],[[[143.8889,-40.1225],[143.889,-40.1224],[143.8889,-40.1224],[143.8889,-40.1225]]],[[[143.9702,-40.1177],[143.9705,-40.1175],[143.9703,-40.1176],[143.9702,-40.1177]]],[[[143.9694,-40.1153],[143.9696,-40.1151],[143.9695,-40.1151],[143.9694,-40.1153]]],[[[143.8828,-40.121],[143.8829,-40.1209],[143.8827,-40.121],[143.8828,-40.121]]],[[[143.9577,-40.1527],[143.9577,-40.1526],[143.9576,-40.1527],[143.9577,-40.1527]]],[[[143.9738,-40.1159],[143.9739,-40.1159],[143.9739,-40.1157],[143.9738,-40.1159]]],[[[143.9709,-40.1174],[143.9711,-40.1173],[143.971,-40.1172],[143.9709,-40.1174]]],[[[143.8755,-40.116],[143.8756,-40.1159],[143.8753,-40.1159],[143.8755,-40.116]]],[[[143.874,-40.1123],[143.874,-40.1122],[143.8738,-40.1122],[143.874,-40.1123]]],[[[143.8755,-40.1111],[143.8757,-40.1111],[143.8754,-40.111],[143.8755,-40.1111]]],[[[143.8787,-40.1199],[143.8789,-40.1197],[143.8787,-40.1198],[143.8787,-40.1199]]],[[[143.9669,-40.1125],[143.9669,-40.1123],[143.9668,-40.1124],[143.9669,-40.1125]]],[[[143.8815,-40.1213],[143.8817,-40.1211],[143.8816,-40.1211],[143.8815,-40.1213]]],[[[143.8836,-40.1211],[143.8836,-40.1209],[143.8835,-40.121],[143.8836,-40.1211]]],[[[143.974,-40.1161],[143.9742,-40.116],[143.974,-40.116],[143.974,-40.1161]]],[[[143.8765,-40.1183],[143.8766,-40.1181],[143.8764,-40.1182],[143.8765,-40.1183]]],[[[143.8784,-40.1198],[143.8786,-40.1196],[143.8784,-40.1197],[143.8784,-40.1198]]],[[[143.9785,-40.1106],[143.9784,-40.1104],[143.9784,-40.1105],[143.9785,-40.1106]]],[[[143.8761,-40.1113],[143.876,-40.1112],[143.8759,-40.1112],[143.8761,-40.1113]]],[[[143.9715,-40.1169],[143.9715,-40.1168],[143.9714,-40.1168],[143.9715,-40.1169]]],[[[143.9573,-40.1528],[143.9574,-40.1526],[143.9573,-40.1527],[143.9573,-40.1528]]],[[[143.9285,-40.1452],[143.9287,-40.1451],[143.9286,-40.1451],[143.9285,-40.1452]]],[[[143.9791,-40.1098],[143.9792,-40.1098],[143.979,-40.1098],[143.9791,-40.1098]]],[[[143.9298,-40.1469],[143.9298,-40.1467],[143.9297,-40.1468],[143.9298,-40.1469]]],[[[143.8802,-40.1208],[143.8802,-40.1206],[143.8801,-40.1207],[143.8802,-40.1208]]],[[[143.9188,-40.1512],[143.9188,-40.1511],[143.9187,-40.1511],[143.9188,-40.1512]]],[[[143.8794,-40.1194],[143.8794,-40.1193],[143.8793,-40.1193],[143.8794,-40.1194]]],[[[146.3713,-43.7404],[146.3752,-43.7381],[146.3715,-43.7358],[146.3713,-43.7404]]],[[[146.2622,-43.6626],[146.2604,-43.6634],[146.2638,-43.6632],[146.2622,-43.6626]]],[[[144.9223,-40.5673],[144.9213,-40.5677],[144.923,-40.5684],[144.9223,-40.5673]]],[[[144.9229,-40.5671],[144.923,-40.5671],[144.9229,-40.5669],[144.9229,-40.5671]]],[[[148.3055,-40.505],[148.3132,-40.5219],[148.3172,-40.498],[148.3055,-40.505]]],[[[148.3435,-40.4983],[148.3279,-40.5015],[148.347,-40.5225],[148.3435,-40.4983]]],[[[147.8883,-39.6911],[147.9029,-39.7052],[147.9466,-39.6972],[147.8883,-39.6911]]],[[[147.6751,-39.6891],[147.6875,-39.6856],[147.6774,-39.6857],[147.6751,-39.6891]]],[[[147.994,-39.6718],[147.9963,-39.6722],[147.9956,-39.6716],[147.994,-39.6718]]],[[[147.9665,-39.6585],[148.0111,-39.6486],[147.9827,-39.6369],[147.9665,-39.6585]]],[[[146.2468,-43.6616],[146.2475,-43.6615],[146.2466,-43.6613],[146.2468,-43.6616]]],[[[146.2645,-43.6615],[146.2661,-43.662],[146.267,-43.6611],[146.2645,-43.6615]]],[[[148.3199,-42.1345],[148.3202,-42.1348],[148.3202,-42.1343],[148.3199,-42.1345]]],[[[144.9179,-40.5832],[144.9182,-40.583],[144.9179,-40.583],[144.9179,-40.5832]]],[[[144.9357,-40.5767],[144.936,-40.5766],[144.9358,-40.5765],[144.9357,-40.5767]]],[[[144.9203,-40.5742],[144.9211,-40.5735],[144.9204,-40.5738],[144.9203,-40.5742]]],[[[144.9213,-40.5727],[144.9223,-40.573],[144.9225,-40.5716],[144.9213,-40.5727]]],[[[144.9381,-40.5626],[144.9409,-40.5595],[144.9399,-40.5581],[144.9381,-40.5626]]],[[[148.1175,-40.5437],[148.1166,-40.5434],[148.1175,-40.5445],[148.1175,-40.5437]]],[[[144.8906,-40.4853],[144.8912,-40.4855],[144.8911,-40.4848],[144.8906,-40.4853]]],[[[148.4959,-40.4353],[148.4986,-40.4361],[148.4975,-40.4327],[148.4959,-40.4353]]],[[[148.0708,-40.287],[148.0671,-40.2886],[148.071,-40.288],[148.0708,-40.287]]],[[[147.7271,-40.1287],[147.722,-40.1314],[147.7248,-40.1322],[147.7271,-40.1287]]],[[[148.3596,-39.9601],[148.365,-39.9579],[148.3616,-39.9552],[148.3596,-39.9601]]],[[[147.1256,-39.5238],[147.1312,-39.5232],[147.1279,-39.5185],[147.1256,-39.5238]]],[[[146.6383,-39.4758],[146.6472,-39.4789],[146.658,-39.4632],[146.6383,-39.4758]]],[[[147.3746,-39.4444],[147.3734,-39.4486],[147.3823,-39.4473],[147.3746,-39.4444]]],[[[146.3879,-39.2248],[146.3841,-39.2356],[146.3952,-39.2311],[146.3879,-39.2248]]],[[[146.9965,-39.212],[147.0036,-39.2038],[146.9988,-39.2065],[146.9965,-39.212]]],[[[146.9832,-39.2154],[146.9809,-39.2326],[146.9963,-39.2213],[146.9832,-39.2154]]],[[[148.3393,-42.1331],[148.3384,-42.1326],[148.3388,-42.1337],[148.3393,-42.1331]]],[[[148.3398,-42.134],[148.3403,-42.1341],[148.3397,-42.1337],[148.3398,-42.134]]],[[[144.9292,-40.5766],[144.9285,-40.5767],[144.9292,-40.5769],[144.9292,-40.5766]]],[[[148.0237,-40.3505],[147.9813,-40.3694],[148.0152,-40.3621],[148.0237,-40.3505]]],[[[147.8954,-40.3785],[147.8989,-40.3792],[147.8966,-40.3771],[147.8954,-40.3785]]],[[[147.7772,-40.026],[147.7263,-40.1031],[147.7566,-40.0948],[147.7772,-40.026]]],[[[147.8441,-40.0282],[147.848,-40.0293],[147.8477,-40.0258],[147.8441,-40.0282]]],[[[148.2853,-40.0737],[148.2856,-40.0737],[148.2853,-40.0736],[148.2853,-40.0737]],[[148.3588,-39.9499],[148.3519,-39.9507],[148.3632,-39.947],[148.3588,-39.9499]]],[[[146.2509,-43.6612],[146.2486,-43.6624],[146.2538,-43.6613],[146.2509,-43.6612]]],[[[146.2579,-43.6622],[146.2543,-43.6623],[146.2568,-43.6628],[146.2579,-43.6622]]],[[[148.2635,-42.1767],[148.2614,-42.1767],[148.2609,-42.1792],[148.2635,-42.1767]]],[[[148.2672,-42.1768],[148.2677,-42.1766],[148.2673,-42.1766],[148.2672,-42.1768]]],[[[148.3182,-42.1703],[148.3186,-42.1705],[148.3186,-42.17],[148.3182,-42.1703]]],[[[144.8385,-40.4307],[144.838,-40.4304],[144.8387,-40.4314],[144.8385,-40.4307]]],[[[144.8486,-40.4319],[144.8486,-40.4317],[144.8485,-40.4318],[144.8486,-40.4319]]],[[[147.7293,-40.1291],[147.7304,-40.1286],[147.7295,-40.1282],[147.7293,-40.1291]]],[[[145.2943,-42.1905],[145.3007,-42.1869],[145.2949,-42.1853],[145.2943,-42.1905]]],[[[145.2998,-42.1814],[145.298,-42.1815],[145.3008,-42.1824],[145.2998,-42.1814]]],[[[145.2846,-42.1872],[145.2858,-42.1881],[145.2866,-42.1872],[145.2846,-42.1872]]],[[[145.3007,-42.1812],[145.3017,-42.1805],[145.2998,-42.1806],[145.3007,-42.1812]]],[[[145.3596,-42.194],[145.3584,-42.1938],[145.3592,-42.1947],[145.3596,-42.194]]],[[[145.2902,-42.1848],[145.2909,-42.1847],[145.2904,-42.1843],[145.2902,-42.1848]]],[[[145.2952,-42.1821],[145.295,-42.1826],[145.2953,-42.1825],[145.2952,-42.1821]]],[[[148.109,-40.5496],[148.1117,-40.5493],[148.1094,-40.5475],[148.109,-40.5496]]],[[[148.2424,-40.5613],[148.2418,-40.5624],[148.2437,-40.5622],[148.2424,-40.5613]]],[[[148.2456,-40.5621],[148.2466,-40.5622],[148.2471,-40.5615],[148.2456,-40.5621]]],[[[144.8382,-40.4473],[144.8381,-40.4474],[144.8383,-40.4476],[144.8382,-40.4473]]],[[[144.8802,-40.4777],[144.8804,-40.4776],[144.8803,-40.4774],[144.8802,-40.4777]]],[[[147.8912,-40.0956],[147.8865,-40.0946],[147.8869,-40.1062],[147.8912,-40.0956]]],[[[147.942,-40.1309],[147.9458,-40.1279],[147.9415,-40.1282],[147.942,-40.1309]]],[[[147.9163,-40.123],[147.9143,-40.1232],[147.9161,-40.1253],[147.9163,-40.123]]],[[[148.2857,-40.0801],[148.2867,-40.0798],[148.2852,-40.0785],[148.2857,-40.0801]],[[148.2844,-40.0761],[148.2841,-40.0767],[148.2845,-40.0754],[148.2844,-40.0761]]],[[[148.2761,-40.0874],[148.2766,-40.0877],[148.2771,-40.0875],[148.2761,-40.0874]]],[[[148.3533,-42.203],[148.3545,-42.2033],[148.3542,-42.2022],[148.3533,-42.203]]],[[[145.1781,-42.2083],[145.1769,-42.2094],[145.1776,-42.2094],[145.1781,-42.2083]]],[[[145.2161,-42.2114],[145.2161,-42.2104],[145.2154,-42.2109],[145.2161,-42.2114]]],[[[145.166,-42.1954],[145.1661,-42.1963],[145.1665,-42.1965],[145.166,-42.1954]]],[[[145.1802,-42.2093],[145.1805,-42.2096],[145.181,-42.2091],[145.1802,-42.2093]]],[[[145.1823,-42.2195],[145.1827,-42.2188],[145.182,-42.2189],[145.1823,-42.2195]]],[[[145.1873,-42.2112],[145.1877,-42.2111],[145.1876,-42.2104],[145.1873,-42.2112]]],[[[148.3351,-42.2297],[148.3356,-42.2297],[148.3357,-42.2293],[148.3351,-42.2297]]],[[[145.1649,-42.1962],[145.1653,-42.1964],[145.1651,-42.1957],[145.1649,-42.1962]]],[[[148.3326,-42.2296],[148.333,-42.2295],[148.3329,-42.2292],[148.3326,-42.2296]]],[[[145.2223,-42.2237],[145.2222,-42.2231],[145.222,-42.2235],[145.2223,-42.2237]]],[[[145.1917,-42.2304],[145.1922,-42.2306],[145.192,-42.2303],[145.1917,-42.2304]]],[[[145.2888,-42.2146],[145.2883,-42.2148],[145.2891,-42.2148],[145.2888,-42.2146]]],[[[145.1879,-42.2239],[145.1882,-42.224],[145.1882,-42.2235],[145.1879,-42.2239]]],[[[148.3509,-42.2083],[148.351,-42.2081],[148.3507,-42.2079],[148.3509,-42.2083]]],[[[145.2229,-42.2244],[145.2229,-42.2246],[145.2231,-42.2247],[145.2229,-42.2244]]],[[[145.2007,-42.1997],[145.2007,-42.1996],[145.2005,-42.1995],[145.2007,-42.1997]]],[[[145.1945,-42.1961],[145.1946,-42.196],[145.1946,-42.1959],[145.1945,-42.1961]]],[[[144.9232,-40.584],[144.9372,-40.6293],[144.9499,-40.6211],[144.9232,-40.584]]],[[[144.9257,-40.5699],[144.9305,-40.5704],[144.9293,-40.5678],[144.9257,-40.5699]]],[[[148.1303,-40.5716],[148.1304,-40.571],[148.1294,-40.571],[148.1303,-40.5716]]],[[[148.119,-40.5686],[148.1195,-40.568],[148.1186,-40.5679],[148.119,-40.5686]]],[[[148.1297,-40.5705],[148.1302,-40.5706],[148.13,-40.5702],[148.1297,-40.5705]]],[[[144.9351,-40.5775],[144.9355,-40.5773],[144.9352,-40.5771],[144.9351,-40.5775]]],[[[144.9358,-40.5872],[144.936,-40.5871],[144.9359,-40.5868],[144.9358,-40.5872]]],[[[144.9291,-40.5677],[144.929,-40.5677],[144.9289,-40.5679],[144.9291,-40.5677]]],[[[144.9346,-40.5844],[144.9346,-40.5842],[144.9345,-40.5843],[144.9346,-40.5844]]],[[[144.9344,-40.5849],[144.9346,-40.5848],[144.9345,-40.5847],[144.9344,-40.5849]]],[[[144.8816,-40.3978],[144.8817,-40.3977],[144.8816,-40.3976],[144.8816,-40.3978]]],[[[147.8402,-40.2978],[147.8812,-40.326],[147.9089,-40.3017],[147.8402,-40.2978]]],[[[148.1336,-40.2994],[148.1661,-40.2919],[148.1408,-40.2906],[148.1336,-40.2994]]],[[[148.1082,-40.2965],[148.0986,-40.3104],[148.1114,-40.3106],[148.1082,-40.2965]]],[[[147.7993,-40.2954],[147.7872,-40.2999],[147.8022,-40.3151],[147.7993,-40.2954]]],[[[148.3087,-40.3035],[148.3078,-40.3066],[148.3144,-40.306],[148.3087,-40.3035]]],[[[148.0493,-40.3416],[148.0544,-40.3404],[148.0505,-40.3391],[148.0493,-40.3416]]],[[[148.1128,-40.2909],[148.1103,-40.2932],[148.1173,-40.2899],[148.1128,-40.2909]]],[[[148.3194,-40.3002],[148.324,-40.2979],[148.3209,-40.2974],[148.3194,-40.3002]]],[[[147.7829,-40.295],[147.7838,-40.2961],[147.7862,-40.2957],[147.7829,-40.295]]],[[[147.917,-40.3011],[147.9182,-40.301],[147.9149,-40.2996],[147.917,-40.3011]]],[[[147.9222,-40.3356],[147.9226,-40.3367],[147.923,-40.3348],[147.9222,-40.3356]]],[[[148.209,-40.318],[148.21,-40.3179],[148.2093,-40.3169],[148.209,-40.318]]],[[[148.0632,-40.2908],[148.0625,-40.2908],[148.0609,-40.292],[148.0632,-40.2908]]],[[[148.2046,-40.3111],[148.2058,-40.3115],[148.2055,-40.3107],[148.2046,-40.3111]]],[[[147.9026,-40.1792],[147.8941,-40.1943],[147.9172,-40.1865],[147.9026,-40.1792]]],[[[147.9737,-40.1942],[147.9866,-40.186],[147.9754,-40.1746],[147.9737,-40.1942]]],[[[148.2456,-40.2282],[148.2619,-40.2285],[148.2568,-40.222],[148.2456,-40.2282]]],[[[147.8915,-40.1381],[147.8951,-40.1381],[147.8934,-40.1362],[147.8915,-40.1381]]],[[[148.281,-40.2571],[148.2841,-40.2559],[148.2809,-40.2552],[148.281,-40.2571]]],[[[148.2667,-40.2233],[148.2677,-40.2227],[148.2664,-40.2223],[148.2667,-40.2233]]],[[[147.9137,-40.2549],[147.9145,-40.2539],[147.9135,-40.2545],[147.9137,-40.2549]]],[[[148.2418,-40.2299],[148.2426,-40.2302],[148.2418,-40.2291],[148.2418,-40.2299]]],[[[148.2429,-40.2305],[148.2441,-40.231],[148.2446,-40.2308],[148.2429,-40.2305]]],[[[148.2425,-40.2317],[148.2431,-40.2316],[148.2426,-40.2313],[148.2425,-40.2317]]],[[[148.2677,-40.2258],[148.2679,-40.2255],[148.2676,-40.225],[148.2677,-40.2258]]],[[[148.267,-40.2211],[148.2675,-40.221],[148.2673,-40.2209],[148.267,-40.2211]]],[[[147.3184,-39.496],[147.3513,-39.4975],[147.3605,-39.4638],[147.3209,-39.4524],[147.3184,-39.496]]],[[[147.2728,-39.471],[147.2945,-39.4727],[147.3017,-39.4381],[147.2728,-39.471]]],[[[148.1432,-42.0689],[148.1514,-42.0667],[148.1463,-42.0666],[148.1432,-42.0689]]],[[[148.1424,-42.0727],[148.1434,-42.0735],[148.15,-42.0707],[148.1424,-42.0727]]],[[[148.1974,-42.0762],[148.1994,-42.0766],[148.2005,-42.0743],[148.1974,-42.0762]]],[[[148.3468,-42.1162],[148.3485,-42.1178],[148.3503,-42.1175],[148.3468,-42.1162]]],[[[148.1266,-42.0706],[148.1287,-42.0706],[148.1293,-42.0697],[148.1266,-42.0706]]],[[[148.1465,-42.0658],[148.1458,-42.0652],[148.144,-42.0658],[148.1465,-42.0658]]],[[[148.3553,-42.1186],[148.3572,-42.1191],[148.3565,-42.1182],[148.3553,-42.1186]]],[[[148.1514,-42.0632],[148.1527,-42.0637],[148.1538,-42.0627],[148.1514,-42.0632]]],[[[148.2448,-41.9938],[148.2448,-41.9923],[148.2446,-41.9965],[148.2448,-41.9938]]],[[[148.2181,-42.0263],[148.2198,-42.0254],[148.2183,-42.0255],[148.2181,-42.0263]]],[[[148.1873,-42.0365],[148.1861,-42.0366],[148.1858,-42.0382],[148.1873,-42.0365]]],[[[148.2686,-42.1249],[148.2696,-42.125],[148.2703,-42.1241],[148.2686,-42.1249]]],[[[148.3583,-42.1171],[148.3592,-42.1173],[148.3592,-42.116],[148.3583,-42.1171]]],[[[148.1521,-42.0709],[148.1509,-42.0705],[148.1513,-42.0712],[148.1521,-42.0709]]],[[[148.3571,-42.1169],[148.3577,-42.1178],[148.3578,-42.1168],[148.3571,-42.1169]]],[[[148.188,-42.036],[148.1867,-42.0358],[148.1861,-42.0364],[148.188,-42.036]]],[[[148.2153,-42.0046],[148.2147,-42.0041],[148.2141,-42.0048],[148.2153,-42.0046]]],[[[148.1769,-42.0141],[148.1778,-42.0135],[148.1778,-42.0126],[148.1769,-42.0141]]],[[[148.3253,-42.0823],[148.3248,-42.0825],[148.3254,-42.0832],[148.3253,-42.0823]]],[[[148.1893,-42.0361],[148.1892,-42.0365],[148.1903,-42.0359],[148.1893,-42.0361]]],[[[148.2448,-41.9921],[148.2448,-41.9911],[148.244,-41.99],[148.2448,-41.9921]]],[[[145.1066,-41.8782],[145.107,-41.8785],[145.1072,-41.878],[145.1066,-41.8782]]],[[[148.2435,-41.9907],[148.2441,-41.9907],[148.2433,-41.9901],[148.2435,-41.9907]]],[[[148.3093,-41.8886],[148.31,-41.8886],[148.3095,-41.8882],[148.3093,-41.8886]]],[[[148.3162,-41.8765],[148.3155,-41.8768],[148.3161,-41.8769],[148.3162,-41.8765]]],[[[148.1867,-42.0355],[148.1874,-42.0355],[148.187,-42.0353],[148.1867,-42.0355]]],[[[148.2205,-42.0246],[148.221,-42.0244],[148.2206,-42.0243],[148.2205,-42.0246]]],[[[148.3248,-42.0849],[148.3251,-42.0847],[148.3249,-42.0844],[148.3248,-42.0849]]],[[[148.3127,-41.8753],[148.3132,-41.8755],[148.3129,-41.8752],[148.3127,-41.8753]]],[[[148.2114,-42.011],[148.2115,-42.0111],[148.2116,-42.0106],[148.2114,-42.011]]],[[[148.2099,-42.0132],[148.2103,-42.013],[148.2099,-42.013],[148.2099,-42.0132]]],[[[148.2888,-40.2728],[148.282,-40.2884],[148.3259,-40.2875],[148.2888,-40.2728]]],[[[148.2479,-40.254],[148.2668,-40.2526],[148.2279,-40.2406],[148.2479,-40.254]]],[[[147.9146,-40.2787],[147.9298,-40.2804],[147.9339,-40.2586],[147.9146,-40.2787]]],[[[148.2016,-40.2505],[148.2057,-40.2585],[148.215,-40.2553],[148.2016,-40.2505]]],[[[147.9091,-40.2687],[147.9114,-40.2675],[147.9098,-40.2673],[147.9091,-40.2687]]],[[[148.2916,-41.8575],[148.2889,-41.8571],[148.2901,-41.8602],[148.2916,-41.8575]]],[[[148.3121,-41.8735],[148.3129,-41.8747],[148.3123,-41.8722],[148.3121,-41.8735]]],[[[148.3118,-41.8715],[148.3132,-41.8721],[148.3138,-41.8705],[148.3118,-41.8715]]],[[[144.9,-41.617],[144.9001,-41.6186],[144.9009,-41.6171],[144.9,-41.617]]],[[[144.9356,-41.726],[144.9378,-41.725],[144.9352,-41.725],[144.9356,-41.726]]],[[[144.8995,-41.6367],[144.8998,-41.6363],[144.8989,-41.6358],[144.8995,-41.6367]]],[[[145.0461,-41.6065],[145.0464,-41.6068],[145.047,-41.6059],[145.0461,-41.6065]]],[[[144.9339,-41.7255],[144.935,-41.7255],[144.9339,-41.7249],[144.9339,-41.7255]]],[[[144.8988,-41.6369],[144.8989,-41.6363],[144.8983,-41.6362],[144.8988,-41.6369]]],[[[144.9224,-41.666],[144.923,-41.6653],[144.9224,-41.6654],[144.9224,-41.666]]],[[[145.0737,-41.8566],[145.0746,-41.8568],[145.0742,-41.8564],[145.0737,-41.8566]]],[[[144.9453,-41.7186],[144.9446,-41.7187],[144.9451,-41.719],[144.9453,-41.7186]]],[[[144.8959,-41.6095],[144.8966,-41.6091],[144.8964,-41.6089],[144.8959,-41.6095]]],[[[144.9365,-41.7256],[144.9361,-41.7257],[144.9365,-41.7259],[144.9365,-41.7256]]],[[[145.0961,-41.873],[145.0962,-41.8727],[145.0957,-41.8725],[145.0961,-41.873]]],[[[145.0333,-41.815],[145.0342,-41.8152],[145.0336,-41.8148],[145.0333,-41.815]]],[[[144.8986,-41.6155],[144.8993,-41.6159],[144.899,-41.6155],[144.8986,-41.6155]]],[[[145.0682,-41.8422],[145.0685,-41.8424],[145.0686,-41.842],[145.0682,-41.8422]]],[[[144.8936,-41.6039],[144.8942,-41.6042],[144.8938,-41.6038],[144.8936,-41.6039]]],[[[144.9161,-41.7099],[144.9165,-41.71],[144.9158,-41.7097],[144.9161,-41.7099]]],[[[148.2959,-41.8685],[148.2954,-41.8686],[148.2961,-41.8684],[148.2959,-41.8685]]],[[[144.8952,-41.6071],[144.8951,-41.6067],[144.8948,-41.6071],[144.8952,-41.6071]]],[[[145.068,-41.8445],[145.0685,-41.8445],[145.0679,-41.8442],[145.068,-41.8445]]],[[[144.9142,-41.7077],[144.9148,-41.7074],[144.9146,-41.7074],[144.9142,-41.7077]]],[[[144.9161,-41.6652],[144.9163,-41.6656],[144.9167,-41.6654],[144.9161,-41.6652]]],[[[144.8941,-41.6052],[144.8938,-41.6047],[144.8937,-41.605],[144.8941,-41.6052]]],[[[144.9114,-41.7094],[144.9119,-41.7093],[144.9116,-41.7092],[144.9114,-41.7094]]],[[[144.9033,-41.6415],[144.9037,-41.6413],[144.9034,-41.6413],[144.9033,-41.6415]]],[[[144.899,-41.6175],[144.8992,-41.6176],[144.8993,-41.6173],[144.899,-41.6175]]],[[[144.8933,-41.6033],[144.8934,-41.6029],[144.8932,-41.603],[144.8933,-41.6033]]],[[[144.9124,-41.6594],[144.9127,-41.6592],[144.9124,-41.6592],[144.9124,-41.6594]]],[[[144.8996,-41.6164],[144.8998,-41.6161],[144.8994,-41.6162],[144.8996,-41.6164]]],[[[144.9174,-41.6685],[144.9177,-41.6684],[144.9175,-41.6683],[144.9174,-41.6685]]],[[[144.917,-41.6646],[144.9168,-41.6645],[144.9167,-41.6647],[144.917,-41.6646]]],[[[144.9024,-41.6235],[144.9027,-41.6237],[144.9025,-41.6234],[144.9024,-41.6235]]],[[[144.9044,-41.6484],[144.9044,-41.6481],[144.9041,-41.648],[144.9044,-41.6484]]],[[[144.9003,-41.6413],[144.9004,-41.6412],[144.9003,-41.641],[144.9003,-41.6413]]],[[[144.8959,-41.6081],[144.8962,-41.6082],[144.8961,-41.608],[144.8959,-41.6081]]],[[[145.0337,-41.8145],[145.0338,-41.8143],[145.0335,-41.8143],[145.0337,-41.8145]]],[[[144.9168,-41.6687],[144.9173,-41.6683],[144.917,-41.6683],[144.9168,-41.6687]]],[[[148.2825,-41.8578],[148.2827,-41.8577],[148.2825,-41.8575],[148.2825,-41.8578]]],[[[144.9122,-41.6602],[144.9123,-41.6601],[144.9122,-41.6599],[144.9122,-41.6602]]],[[[144.8929,-41.6034],[144.8931,-41.6034],[144.8931,-41.6033],[144.8929,-41.6034]]],[[[144.8944,-41.6055],[144.8942,-41.6052],[144.8942,-41.6054],[144.8944,-41.6055]]],[[[144.9046,-41.6491],[144.9045,-41.6488],[144.9045,-41.649],[144.9046,-41.6491]]],[[[144.9047,-41.6497],[144.9047,-41.6496],[144.9045,-41.6495],[144.9047,-41.6497]]],[[[144.9168,-41.6649],[144.9171,-41.665],[144.917,-41.6648],[144.9168,-41.6649]]],[[[144.9071,-41.6537],[144.9072,-41.6536],[144.9069,-41.6535],[144.9071,-41.6537]]],[[[144.8916,-41.6016],[144.8916,-41.6015],[144.8915,-41.6014],[144.8916,-41.6016]]],[[[144.9184,-41.6679],[144.9185,-41.668],[144.9185,-41.6678],[144.9184,-41.6679]]],[[[144.8993,-41.6411],[144.8992,-41.6409],[144.8992,-41.641],[144.8993,-41.6411]]],[[[144.8955,-41.6067],[144.8954,-41.6067],[144.8954,-41.607],[144.8955,-41.6067]]],[[[144.9044,-41.6461],[144.9046,-41.6461],[144.9044,-41.646],[144.9044,-41.6461]]],[[[144.8948,-41.6079],[144.895,-41.6078],[144.895,-41.6077],[144.8948,-41.6079]]],[[[144.8988,-41.6379],[144.8989,-41.6379],[144.8989,-41.6377],[144.8988,-41.6379]]],[[[144.8943,-41.6041],[144.8945,-41.604],[144.8942,-41.604],[144.8943,-41.6041]]],[[[144.8988,-41.6182],[144.8989,-41.618],[144.8987,-41.6181],[144.8988,-41.6182]]],[[[144.9048,-41.6507],[144.905,-41.6507],[144.9048,-41.6506],[144.9048,-41.6507]]],[[[148.2803,-41.8569],[148.2806,-41.8567],[148.2805,-41.8566],[148.2803,-41.8569]]],[[[144.9036,-41.6253],[144.9037,-41.6252],[144.9035,-41.6252],[144.9036,-41.6253]]],[[[144.8979,-41.6122],[144.8978,-41.6121],[144.8977,-41.612],[144.8979,-41.6122]]],[[[144.9178,-41.6686],[144.9179,-41.6685],[144.9178,-41.6685],[144.9178,-41.6686]]],[[[144.9144,-41.6622],[144.9146,-41.6622],[144.9144,-41.6621],[144.9144,-41.6622]]],[[[144.9145,-41.6621],[144.9146,-41.6621],[144.9144,-41.662],[144.9145,-41.6621]]],[[[148.0224,-40.4166],[148.0604,-40.4533],[148.196,-40.4355],[148.2268,-40.4661],[148.3099,-40.4267],[148.3506,-40.4928],[148.4819,-40.4349],[148.4515,-40.3767],[148.4071,-40.378],[148.3298,-40.2908],[148.2669,-40.3407],[148.2107,-40.3178],[148.1919,-40.3562],[148.0798,-40.3398],[147.9873,-40.3871],[147.9887,-40.4212],[148.0224,-40.4166]]],[[[148.116,-40.5126],[148.1135,-40.5651],[148.1985,-40.5901],[148.248,-40.4803],[148.116,-40.5126]]],[[[144.8357,-40.4443],[144.8966,-40.4839],[144.9699,-40.4258],[144.9546,-40.3912],[144.8872,-40.3887],[144.8357,-40.4443]]],[[[148.0637,-40.4826],[148.082,-40.4888],[148.0477,-40.4741],[148.0637,-40.4826]]],[[[148.0736,-40.4911],[148.0741,-40.4964],[148.0765,-40.4954],[148.0736,-40.4911]]],[[[148.0283,-40.4334],[148.0265,-40.437],[148.0279,-40.4369],[148.0283,-40.4334]]],[[[148.019,-40.4855],[148.0206,-40.4851],[148.019,-40.4833],[148.019,-40.4855]]],[[[144.9081,-40.3925],[144.9082,-40.3917],[144.9075,-40.3932],[144.9081,-40.3925]]],[[[144.9484,-40.3939],[144.9489,-40.3934],[144.9477,-40.3938],[144.9484,-40.3939]]],[[[144.9674,-40.4216],[144.967,-40.4218],[144.9681,-40.4215],[144.9674,-40.4216]]],[[[144.8824,-40.3976],[144.8829,-40.3974],[144.8825,-40.3973],[144.8824,-40.3976]]],[[[144.9176,-40.3944],[144.918,-40.3942],[144.9174,-40.3941],[144.9176,-40.3944]]],[[[144.9064,-40.4812],[144.9061,-40.4812],[144.9067,-40.4814],[144.9064,-40.4812]]],[[[144.9579,-40.4139],[144.9583,-40.4138],[144.958,-40.4135],[144.9579,-40.4139]]],[[[144.9416,-40.4619],[144.9413,-40.4619],[144.9419,-40.4622],[144.9416,-40.4619]]],[[[144.9188,-40.4776],[144.9191,-40.4775],[144.9188,-40.4773],[144.9188,-40.4776]]],[[[144.9356,-40.4689],[144.9358,-40.469],[144.936,-40.4687],[144.9356,-40.4689]]],[[[144.9586,-40.4093],[144.9588,-40.4093],[144.9586,-40.409],[144.9586,-40.4093]]],[[[144.9182,-40.4776],[144.9185,-40.4775],[144.918,-40.4775],[144.9182,-40.4776]]],[[[144.9609,-40.3994],[144.9611,-40.3996],[144.9614,-40.3994],[144.9609,-40.3994]]],[[[144.9054,-40.4823],[144.9057,-40.4822],[144.9052,-40.4821],[144.9054,-40.4823]]],[[[144.9529,-40.3913],[144.9532,-40.3912],[144.9529,-40.3912],[144.9529,-40.3913]]],[[[144.9608,-40.4154],[144.961,-40.4154],[144.9606,-40.4153],[144.9608,-40.4154]]],[[[144.9488,-40.3932],[144.9491,-40.3931],[144.9488,-40.3931],[144.9488,-40.3932]]],[[[144.9613,-40.4062],[144.9616,-40.4061],[144.9612,-40.4061],[144.9613,-40.4062]]],[[[144.9611,-40.4149],[144.9613,-40.4149],[144.9608,-40.4147],[144.9611,-40.4149]]],[[[144.9667,-40.4331],[144.9669,-40.433],[144.9668,-40.4328],[144.9667,-40.4331]]],[[[144.9232,-40.3936],[144.9235,-40.3935],[144.9232,-40.3935],[144.9232,-40.3936]]],[[[144.9374,-40.3961],[144.9372,-40.3961],[144.9375,-40.3961],[144.9374,-40.3961]]],[[[144.9599,-40.3999],[144.9602,-40.3999],[144.96,-40.3998],[144.9599,-40.3999]]],[[[144.9569,-40.4126],[144.957,-40.4125],[144.9568,-40.4124],[144.9569,-40.4126]]],[[[144.9612,-40.3975],[144.9613,-40.3974],[144.9612,-40.3973],[144.9612,-40.3975]]],[[[144.966,-40.4216],[144.9662,-40.4216],[144.9659,-40.4215],[144.966,-40.4216]]],[[[144.9613,-40.4003],[144.9613,-40.4002],[144.9612,-40.4003],[144.9613,-40.4003]]],[[[144.9594,-40.3992],[144.9593,-40.3993],[144.9594,-40.3994],[144.9594,-40.3992]]],[[[144.9492,-40.3929],[144.9492,-40.3929],[144.9491,-40.393],[144.9492,-40.3929]]],[[[144.9733,-40.4243],[144.9732,-40.4244],[144.9733,-40.4244],[144.9733,-40.4243]]],[[[144.938,-40.3966],[144.9381,-40.3966],[144.9379,-40.3965],[144.938,-40.3966]]],[[[144.9653,-40.4212],[144.9654,-40.4211],[144.9653,-40.4211],[144.9653,-40.4212]]],[[[144.9574,-40.4126],[144.9574,-40.4125],[144.9573,-40.4124],[144.9574,-40.4126]]],[[[144.9474,-40.392],[144.9475,-40.392],[144.9474,-40.392],[144.9474,-40.392]]],[[[144.9618,-40.3983],[144.9618,-40.3983],[144.9617,-40.3982],[144.9618,-40.3983]]],[[[144.9377,-40.396],[144.9376,-40.396],[144.9378,-40.396],[144.9377,-40.396]]],[[[144.9619,-40.3979],[144.9618,-40.3979],[144.962,-40.398],[144.9619,-40.3979]]],[[[148.0666,-42.6744],[148.0138,-42.7421],[148.093,-42.7209],[148.0813,-42.6618],[148.169,-42.6482],[148.0686,-42.5701],[148.0093,-42.6612],[148.0666,-42.6744]]],[[[148.2951,-42.3331],[148.3461,-42.3414],[148.2985,-42.2925],[148.2361,-42.3065],[148.2951,-42.3331]]],[[[147.9767,-42.323],[147.9823,-42.3156],[147.9768,-42.3182],[147.9767,-42.323]]],[[[147.4585,-42.7723],[147.4648,-42.7715],[147.4524,-42.77],[147.4585,-42.7723]]],[[[145.5063,-42.3448],[145.4976,-42.3458],[145.5014,-42.3487],[145.5063,-42.3448]]],[[[148.3114,-42.3601],[148.317,-42.3602],[148.3133,-42.3578],[148.3114,-42.3601]]],[[[147.1956,-42.7334],[147.2008,-42.7355],[147.1986,-42.7325],[147.1956,-42.7334]]],[[[148.0681,-42.5632],[148.0723,-42.5628],[148.0695,-42.561],[148.0681,-42.5632]]],[[[145.4476,-42.3344],[145.4513,-42.3363],[145.454,-42.3354],[145.4476,-42.3344]]],[[[145.4459,-42.3899],[145.451,-42.3862],[145.4473,-42.3874],[145.4459,-42.3899]]],[[[147.1899,-42.735],[147.1923,-42.7335],[147.1864,-42.7352],[147.1899,-42.735]]],[[[147.5588,-42.8136],[147.5611,-42.8142],[147.5592,-42.8111],[147.5588,-42.8136]]],[[[147.9442,-42.343],[147.9507,-42.3427],[147.9482,-42.3415],[147.9442,-42.343]]],[[[147.4888,-42.8201],[147.4892,-42.8187],[147.4865,-42.819],[147.4888,-42.8201]]],[[[145.2762,-42.6057],[145.2783,-42.6061],[145.2773,-42.6033],[145.2762,-42.6057]]],[[[145.2742,-42.5587],[145.2767,-42.5578],[145.2742,-42.5565],[145.2742,-42.5587]]],[[[147.9766,-42.6427],[147.977,-42.6438],[147.9798,-42.643],[147.9766,-42.6427]]],[[[147.9514,-42.3381],[147.9497,-42.3407],[147.9547,-42.3397],[147.9514,-42.3381]]],[[[147.1935,-42.7368],[147.1901,-42.7366],[147.1911,-42.7377],[147.1935,-42.7368]]],[[[145.3804,-42.775],[145.3779,-42.7748],[145.3791,-42.7769],[145.3804,-42.775]]],[[[148.0264,-42.254],[148.0264,-42.2524],[148.0248,-42.2532],[148.0264,-42.254]]],[[[147.9367,-42.6465],[147.9344,-42.6459],[147.9366,-42.6475],[147.9367,-42.6465]]],[[[145.2718,-42.2713],[145.2718,-42.2726],[145.2736,-42.2715],[145.2718,-42.2713]]],[[[145.2854,-42.6337],[145.2868,-42.6346],[145.2864,-42.6334],[145.2854,-42.6337]]],[[[147.957,-42.3398],[147.9527,-42.3418],[147.9563,-42.3429],[147.957,-42.3398]]],[[[147.1946,-42.7269],[147.1943,-42.7277],[147.196,-42.7269],[147.1946,-42.7269]]],[[[148.3119,-42.3552],[148.3119,-42.356],[148.3135,-42.3563],[148.3119,-42.3552]]],[[[145.2694,-42.6291],[145.2698,-42.6286],[145.2675,-42.6299],[145.2694,-42.6291]]],[[[145.4892,-42.9701],[145.4906,-42.9693],[145.4883,-42.9696],[145.4892,-42.9701]]],[[[145.2234,-42.4201],[145.2242,-42.4197],[145.2228,-42.4189],[145.2234,-42.4201]]],[[[147.1844,-42.7358],[147.1865,-42.7367],[147.1855,-42.7357],[147.1844,-42.7358]]],[[[148.3121,-42.3551],[148.3138,-42.3553],[148.3131,-42.3546],[148.3121,-42.3551]]],[[[145.3775,-42.7771],[145.3789,-42.7774],[145.3781,-42.7766],[145.3775,-42.7771]]],[[[147.15,-42.7527],[147.1483,-42.7542],[147.1517,-42.7518],[147.15,-42.7527]]],[[[147.1856,-42.7347],[147.1851,-42.7351],[147.1864,-42.7359],[147.1856,-42.7347]]],[[[147.9835,-42.3228],[147.9826,-42.3225],[147.983,-42.3234],[147.9835,-42.3228]]],[[[145.1972,-42.2496],[145.1978,-42.25],[145.198,-42.2487],[145.1972,-42.2496]]],[[[147.94,-42.6489],[147.9418,-42.6489],[147.9397,-42.6486],[147.94,-42.6489]]],[[[147.5319,-42.8152],[147.531,-42.8142],[147.5311,-42.8154],[147.5319,-42.8152]]],[[[145.1773,-42.3073],[145.1777,-42.3083],[145.1773,-42.3065],[145.1773,-42.3073]]],[[[147.9508,-42.341],[147.9522,-42.3411],[147.9534,-42.3407],[147.9508,-42.341]]],[[[147.1862,-42.7346],[147.1867,-42.7339],[147.1861,-42.7337],[147.1862,-42.7346]]],[[[147.9382,-42.6491],[147.9381,-42.6485],[147.9369,-42.6483],[147.9382,-42.6491]]],[[[147.9122,-42.5115],[147.911,-42.5113],[147.9118,-42.5117],[147.9122,-42.5115]]],[[[148.3152,-42.3631],[148.3156,-42.3626],[148.315,-42.3627],[148.3152,-42.3631]]],[[[148.3083,-42.2706],[148.3093,-42.271],[148.3095,-42.2708],[148.3083,-42.2706]]],[[[147.1955,-42.731],[147.1969,-42.7308],[147.1966,-42.7304],[147.1955,-42.731]]],[[[145.1783,-42.3076],[145.1786,-42.3075],[145.1785,-42.3067],[145.1783,-42.3076]]],[[[147.1901,-42.7318],[147.1893,-42.7324],[147.1899,-42.7324],[147.1901,-42.7318]]],[[[145.4591,-42.3846],[145.4598,-42.3851],[145.4595,-42.3843],[145.4591,-42.3846]]],[[[145.1889,-42.2436],[145.1892,-42.2434],[145.1889,-42.2427],[145.1889,-42.2436]]],[[[148.3396,-42.3467],[148.34,-42.3468],[148.3403,-42.3465],[148.3396,-42.3467]],[[147.1974,-42.7307],[147.197,-42.7304],[147.1981,-42.7309],[147.1974,-42.7307]]],[[[147.1866,-42.7328],[147.1865,-42.7333],[147.187,-42.7332],[147.1866,-42.7328]]],[[[145.1886,-42.2379],[145.1882,-42.2378],[145.1884,-42.2383],[145.1886,-42.2379]]],[[[148.2859,-42.336],[148.2867,-42.3364],[148.2864,-42.336],[148.2859,-42.336]]],[[[145.1914,-42.245],[145.1922,-42.245],[145.1918,-42.2447],[145.1914,-42.245]]],[[[147.1877,-42.7328],[147.188,-42.7328],[147.1883,-42.7324],[147.1877,-42.7328]]],[[[145.197,-42.25],[145.1975,-42.2504],[145.197,-42.2497],[145.197,-42.25]]],[[[148.3134,-42.364],[148.3139,-42.3643],[148.3138,-42.3638],[148.3134,-42.364]]],[[[147.9385,-42.6491],[147.9392,-42.6492],[147.9384,-42.6488],[147.9385,-42.6491]]],[[[147.1921,-42.7317],[147.1917,-42.7319],[147.1921,-42.732],[147.1921,-42.7317]]],[[[147.1858,-42.7346],[147.1862,-42.7346],[147.186,-42.7342],[147.1858,-42.7346]]],[[[148.3292,-42.2321],[148.3287,-42.232],[148.3291,-42.2324],[148.3292,-42.2321]]],[[[147.1887,-42.7356],[147.1881,-42.7355],[147.1888,-42.7358],[147.1887,-42.7356]]],[[[147.9108,-42.5123],[147.9117,-42.5123],[147.9109,-42.512],[147.9108,-42.5123]]],[[[145.1968,-42.2501],[145.1968,-42.2506],[145.1972,-42.2505],[145.1968,-42.2501]]],[[[147.1882,-42.7358],[147.1881,-42.7362],[147.1884,-42.736],[147.1882,-42.7358]]],[[[147.1904,-42.7322],[147.191,-42.7322],[147.1907,-42.732],[147.1904,-42.7322]]],[[[147.4581,-42.7681],[147.4582,-42.7678],[147.4578,-42.7677],[147.4581,-42.7681]]],[[[147.1855,-42.7338],[147.186,-42.7335],[147.1857,-42.7334],[147.1855,-42.7338]]],[[[147.9094,-42.5109],[147.9095,-42.5108],[147.9091,-42.5104],[147.9094,-42.5109]]],[[[147.1899,-42.7373],[147.1894,-42.7374],[147.19,-42.7375],[147.1899,-42.7373]]],[[[147.452,-42.7808],[147.4526,-42.7808],[147.4527,-42.7807],[147.452,-42.7808]]],[[[148.0097,-42.4569],[148.0101,-42.4569],[148.0099,-42.4566],[148.0097,-42.4569]]],[[[147.1911,-42.732],[147.1916,-42.7319],[147.1912,-42.7318],[147.1911,-42.732]]],[[[147.1849,-42.7338],[147.1852,-42.7339],[147.1854,-42.7337],[147.1849,-42.7338]]],[[[147.491,-42.818],[147.4911,-42.8184],[147.4908,-42.8171],[147.491,-42.818]]],[[[147.9096,-42.5098],[147.909,-42.5098],[147.9094,-42.5101],[147.9096,-42.5098]]],[[[147.9097,-42.5151],[147.9098,-42.5153],[147.9099,-42.5149],[147.9097,-42.5151]]],[[[147.1889,-42.7318],[147.1893,-42.7317],[147.189,-42.7316],[147.1889,-42.7318]]],[[[147.9456,-42.3463],[147.9463,-42.3462],[147.9459,-42.3462],[147.9456,-42.3463]]],[[[147.5352,-42.8055],[147.5355,-42.8058],[147.5354,-42.8054],[147.5352,-42.8055]]],[[[147.4576,-42.7777],[147.4573,-42.7778],[147.4579,-42.7778],[147.4576,-42.7777]]],[[[147.197,-42.7311],[147.1976,-42.7311],[147.1971,-42.731],[147.197,-42.7311]]],[[[147.5474,-42.7932],[147.5477,-42.7931],[147.5475,-42.793],[147.5474,-42.7932]]],[[[147.1923,-42.7341],[147.1928,-42.734],[147.1924,-42.734],[147.1923,-42.7341]]],[[[147.1867,-42.7325],[147.1869,-42.7325],[147.1868,-42.7323],[147.1867,-42.7325]]],[[[148.0262,-42.2547],[148.0266,-42.2545],[148.0264,-42.2545],[148.0262,-42.2547]]],[[[147.9879,-42.3218],[147.9881,-42.3218],[147.988,-42.3215],[147.9879,-42.3218]]],[[[147.9097,-42.5097],[147.91,-42.5099],[147.9098,-42.5096],[147.9097,-42.5097]]],[[[148.3359,-42.2317],[148.3361,-42.2318],[148.336,-42.2316],[148.3359,-42.2317]]],[[[147.1851,-42.7355],[147.1854,-42.7356],[147.1854,-42.7354],[147.1851,-42.7355]]],[[[147.1871,-42.7324],[147.1873,-42.7321],[147.1871,-42.7322],[147.1871,-42.7324]]],[[[147.1877,-42.7324],[147.1879,-42.7321],[147.1876,-42.7322],[147.1877,-42.7324]]],[[[147.1863,-42.7329],[147.1861,-42.7329],[147.1863,-42.7331],[147.1863,-42.7329]]],[[[147.4592,-42.7694],[147.459,-42.7693],[147.459,-42.7695],[147.4592,-42.7694]]],[[[148.0264,-42.2544],[148.0267,-42.2542],[148.0264,-42.2543],[148.0264,-42.2544]]],[[[147.4902,-42.8186],[147.49,-42.8183],[147.4899,-42.8184],[147.4902,-42.8186]]],[[[147.9859,-42.3239],[147.9859,-42.3238],[147.9856,-42.3237],[147.9859,-42.3239]]],[[[147.1885,-42.7354],[147.1887,-42.7354],[147.1887,-42.7353],[147.1885,-42.7354]]],[[[147.9037,-39.985],[147.859,-40.0234],[147.9338,-40.0346],[147.9536,-40.099],[147.9639,-40.0751],[148.007,-40.1054],[148.0461,-40.2495],[148.1221,-40.274],[148.2103,-40.2107],[148.2833,-40.2314],[148.3342,-40.2091],[148.2877,-40.0808],[148.2792,-40.1164],[148.2233,-40.121],[148.2863,-40.0679],[148.2911,-39.9651],[148.1772,-39.9521],[147.9607,-39.7301],[147.9907,-39.7793],[147.9667,-39.7729],[147.9428,-39.7197],[147.8842,-39.7613],[147.848,-39.7507],[147.8697,-39.7867],[147.8438,-39.8371],[147.7482,-39.8738],[147.8045,-39.9166],[147.8799,-39.9072],[147.9037,-39.985]]],[[[148.3182,-39.9527],[148.3477,-39.9509],[148.3286,-39.932],[148.3182,-39.9527]]],[[[147.7776,-39.9079],[147.7733,-39.9036],[147.7691,-39.9094],[147.7776,-39.9079]]],[[[147.7837,-39.9227],[147.7786,-39.9191],[147.7742,-39.9243],[147.7837,-39.9227]]],[[[147.7714,-39.9519],[147.7642,-39.9576],[147.7743,-39.9509],[147.7714,-39.9519]]],[[[147.7686,-39.8375],[147.7681,-39.8406],[147.7715,-39.8378],[147.7686,-39.8375]]],[[[147.774,-39.9428],[147.7773,-39.943],[147.7762,-39.9413],[147.774,-39.9428]]],[[[147.7722,-39.9374],[147.7753,-39.9388],[147.7742,-39.9371],[147.7722,-39.9374]]],[[[147.8246,-39.8224],[147.826,-39.8232],[147.8259,-39.8213],[147.8246,-39.8224]]],[[[147.8521,-39.766],[147.8506,-39.7658],[147.8518,-39.7671],[147.8521,-39.766]]],[[[147.7711,-39.9256],[147.7735,-39.9254],[147.7709,-39.9249],[147.7711,-39.9256]]],[[[147.8486,-39.764],[147.8483,-39.765],[147.8493,-39.7648],[147.8486,-39.764]]],[[[148.245,-39.9524],[148.2456,-39.9518],[148.2455,-39.9508],[148.245,-39.9524]]],[[[147.7339,-43.0927],[147.7475,-43.1121],[147.6851,-43.1387],[147.6946,-43.1672],[147.7856,-43.238],[147.8445,-43.1875],[147.8746,-43.2064],[147.8703,-43.1518],[147.8456,-43.1543],[147.8633,-43.1079],[147.8966,-43.191],[148.0115,-43.2217],[147.9637,-43.1917],[148.0058,-43.1391],[147.9544,-43.1366],[147.9811,-43.1074],[147.9264,-43.0212],[147.9995,-42.9642],[147.9709,-42.8642],[147.9399,-42.8772],[147.8917,-42.8425],[147.8611,-42.875],[147.9078,-42.9088],[147.8029,-42.8932],[147.8149,-42.9379],[147.8659,-42.947],[147.8113,-42.9623],[147.8568,-42.9825],[147.8469,-43.0131],[147.925,-43.0159],[147.8724,-43.0234],[147.86,-43.0574],[147.8454,-43.0307],[147.8138,-43.0606],[147.7404,-43.0141],[147.7185,-43.028],[147.7314,-42.9572],[147.6659,-42.9389],[147.684,-42.9838],[147.6194,-43.0061],[147.6238,-43.0678],[147.6842,-43.1024],[147.7339,-43.0927]]],[[[147.2343,-43.3616],[147.2052,-43.3827],[147.1791,-43.3526],[147.1729,-43.462],[147.1159,-43.4114],[147.0939,-43.4284],[147.1465,-43.4968],[147.1828,-43.4889],[147.2029,-43.4181],[147.2417,-43.4139],[147.2015,-43.437],[147.2459,-43.4404],[147.2464,-43.4925],[147.3019,-43.5146],[147.3815,-43.3783],[147.3677,-43.3504],[147.327,-43.3586],[147.3238,-43.3007],[147.4329,-43.2395],[147.3574,-43.0637],[147.3066,-43.1134],[147.3612,-43.1136],[147.3559,-43.1408],[147.3102,-43.1343],[147.276,-43.1665],[147.379,-43.176],[147.3833,-43.2069],[147.3412,-43.2191],[147.3579,-43.2558],[147.3176,-43.2948],[147.2909,-43.2418],[147.2223,-43.3398],[147.2343,-43.3616]]],[[[146.3453,-43.5883],[146.3506,-43.6072],[146.3776,-43.5964],[146.3453,-43.5883]]],[[[146.275,-43.6371],[146.2681,-43.6584],[146.2864,-43.6514],[146.275,-43.6371]]],[[[147.0011,-43.1174],[147.0136,-43.1117],[147.0201,-43.0907],[147.0011,-43.1174]]],[[[147.4904,-43.0573],[147.4721,-43.0458],[147.4879,-43.0654],[147.4904,-43.0573]]],[[[147.025,-43.0766],[147.0413,-43.0529],[147.0307,-43.0586],[147.025,-43.0766]]],[[[147.9976,-43.2376],[147.9993,-43.2466],[148.0095,-43.2363],[147.9976,-43.2376]]],[[[147.6445,-42.9589],[147.6415,-42.943],[147.6352,-42.9492],[147.6445,-42.9589]]],[[[147.0964,-43.4037],[147.101,-43.4094],[147.1004,-43.3892],[147.0964,-43.4037]]],[[[147.023,-43.0788],[147.0158,-43.0898],[147.0296,-43.0772],[147.023,-43.0788]]],[[[146.5203,-43.5753],[146.5151,-43.5821],[146.5345,-43.5638],[146.5203,-43.5753]]],[[[146.286,-43.6199],[146.2971,-43.6197],[146.2923,-43.613],[146.286,-43.6199]]],[[[147.7822,-42.9477],[147.7897,-42.9491],[147.7817,-42.94],[147.7822,-42.9477]]],[[[147.1277,-43.2573],[147.1303,-43.2648],[147.1342,-43.2528],[147.1277,-43.2573]]],[[[147.138,-43.2903],[147.1445,-43.2943],[147.1483,-43.2854],[147.138,-43.2903]]],[[[147.6698,-43.1381],[147.6753,-43.1372],[147.6728,-43.1292],[147.6698,-43.1381]]],[[[145.9635,-43.4231],[145.9695,-43.4241],[145.9703,-43.4122],[145.9635,-43.4231]]],[[[147.2265,-43.3206],[147.2219,-43.3157],[147.2157,-43.3184],[147.2265,-43.3206]]],[[[147.0403,-43.3393],[147.0467,-43.3354],[147.0374,-43.337],[147.0403,-43.3393]]],[[[147.004,-43.123],[147.0031,-43.1316],[147.0083,-43.1128],[147.004,-43.123]]],[[[146.3564,-43.5332],[146.3547,-43.537],[146.3649,-43.5347],[146.3564,-43.5332]]],[[[147.8185,-42.9499],[147.8224,-42.9543],[147.827,-42.9519],[147.8185,-42.9499]]],[[[145.9658,-43.3288],[145.967,-43.3348],[145.9697,-43.3263],[145.9658,-43.3288]]],[[[147.1345,-43.4942],[147.1339,-43.4994],[147.1372,-43.4948],[147.1345,-43.4942]]],[[[146.9999,-43.5247],[146.9952,-43.5272],[146.9966,-43.5346],[146.9999,-43.5247]]],[[[146.2708,-43.6316],[146.2767,-43.6344],[146.2786,-43.6316],[146.2708,-43.6316]]],[[[147.8465,-43.0273],[147.8541,-43.0264],[147.8506,-43.0247],[147.8465,-43.0273]]],[[[147.2919,-43.5274],[147.2951,-43.5268],[147.2938,-43.5238],[147.2919,-43.5274]]],[[[147.7829,-42.9131],[147.7855,-42.9131],[147.7869,-42.9096],[147.7829,-42.9131]]],[[[146.9791,-43.4794],[146.9739,-43.4837],[146.9768,-43.4835],[146.9791,-43.4794]]],[[[145.7831,-43.2251],[145.7877,-43.2234],[145.7843,-43.2219],[145.7831,-43.2251]]],[[[145.9686,-43.3251],[145.9711,-43.3242],[145.9681,-43.3209],[145.9686,-43.3251]]],[[[146.5814,-43.5717],[146.5876,-43.5677],[146.5823,-43.5693],[146.5814,-43.5717]]],[[[147.0065,-43.4764],[147.0124,-43.4764],[147.01,-43.4752],[147.0065,-43.4764]]],[[[146.9766,-43.3269],[146.9829,-43.3284],[146.9802,-43.3268],[146.9766,-43.3269]]],[[[146.3739,-43.6425],[146.3739,-43.6456],[146.3759,-43.6436],[146.3739,-43.6425]]],[[[146.1578,-43.3758],[146.1617,-43.3748],[146.1597,-43.3742],[146.1578,-43.3758]]],[[[148.0099,-43.1378],[148.0087,-43.1355],[148.0067,-43.1366],[148.0099,-43.1378]]],[[[148.0511,-43.1211],[148.0546,-43.123],[148.0527,-43.1206],[148.0511,-43.1211]]],[[[147.974,-42.8826],[147.9771,-42.883],[147.9776,-42.8812],[147.974,-42.8826]]],[[[146.1522,-43.3806],[146.1546,-43.3799],[146.1555,-43.3777],[146.1522,-43.3806]]],[[[147.3683,-43.35],[147.3743,-43.3503],[147.3698,-43.3489],[147.3683,-43.35]]],[[[145.9815,-43.3561],[145.9847,-43.3517],[145.9824,-43.3535],[145.9815,-43.3561]]],[[[145.9942,-43.3294],[145.9962,-43.3312],[145.9958,-43.3278],[145.9942,-43.3294]]],[[[145.9299,-43.4122],[145.9314,-43.413],[145.9327,-43.4106],[145.9299,-43.4122]]],[[[145.8182,-43.2987],[145.8198,-43.2994],[145.8158,-43.2948],[145.8182,-43.2987]]],[[[146.1475,-43.3682],[146.1451,-43.3687],[146.1489,-43.3699],[146.1475,-43.3682]]],[[[145.8119,-43.2793],[145.8152,-43.2811],[145.8142,-43.2787],[145.8119,-43.2793]]],[[[147.2901,-43.1992],[147.2917,-43.1969],[147.2907,-43.1957],[147.2901,-43.1992]]],[[[146.9923,-43.5521],[146.9959,-43.5522],[146.9924,-43.5509],[146.9923,-43.5521]]],[[[146.0081,-43.3384],[146.0131,-43.3379],[146.0111,-43.3372],[146.0081,-43.3384]]],[[[148.0075,-43.1384],[148.0051,-43.1378],[148.007,-43.1395],[148.0075,-43.1384]]],[[[145.9318,-43.4211],[145.9349,-43.4201],[145.9321,-43.4195],[145.9318,-43.4211]]],[[[147.0063,-43.3384],[147.0075,-43.3393],[147.0093,-43.3379],[147.0063,-43.3384]]],[[[147.2917,-43.1737],[147.2927,-43.1748],[147.294,-43.1731],[147.2917,-43.1737]]],[[[147.6006,-42.8679],[147.6022,-42.8685],[147.6023,-42.8661],[147.6006,-42.8679]]],[[[146.9873,-43.3275],[146.9846,-43.3278],[146.9881,-43.3299],[146.9873,-43.3275]]],[[[147.9741,-42.8567],[147.9771,-42.8554],[147.9751,-42.8545],[147.9741,-42.8567]]],[[[146.117,-43.5283],[146.1197,-43.531],[146.1191,-43.5279],[146.117,-43.5283]]],[[[147.2076,-43.4184],[147.2093,-43.4181],[147.2073,-43.4169],[147.2076,-43.4184]]],[[[146.1543,-43.3723],[146.1563,-43.3717],[146.1541,-43.3712],[146.1543,-43.3723]]],[[[145.9661,-43.335],[145.966,-43.3375],[145.9676,-43.3352],[145.9661,-43.335]]],[[[147.3391,-43.4391],[147.3416,-43.4419],[147.3412,-43.4402],[147.3391,-43.4391]]],[[[147.946,-43.0322],[147.9482,-43.0328],[147.9455,-43.0312],[147.946,-43.0322]]],[[[147.0083,-43.1103],[147.0093,-43.1081],[147.008,-43.1085],[147.0083,-43.1103]]],[[[147.0032,-43.1368],[147.0052,-43.1309],[147.0045,-43.1314],[147.0032,-43.1368]]],[[[146.0065,-43.4578],[146.0076,-43.4589],[146.0089,-43.4576],[146.0065,-43.4578]]],[[[146.602,-43.5725],[146.6037,-43.5706],[146.6018,-43.5712],[146.602,-43.5725]]],[[[146.9447,-43.4928],[146.9471,-43.4922],[146.9468,-43.491],[146.9447,-43.4928]]],[[[146.1427,-43.3677],[146.1444,-43.368],[146.1405,-43.3664],[146.1427,-43.3677]]],[[[146.9028,-43.5169],[146.9018,-43.5176],[146.9035,-43.5185],[146.9028,-43.5169]]],[[[146.9845,-43.331],[146.9873,-43.3315],[146.9852,-43.3304],[146.9845,-43.331]]],[[[147.0077,-43.098],[147.0096,-43.0944],[147.0089,-43.0947],[147.0077,-43.098]]],[[[147.9738,-42.8816],[147.9728,-42.8813],[147.9727,-42.8827],[147.9738,-42.8816]]],[[[147.0178,-43.1126],[147.0173,-43.1117],[147.0167,-43.1135],[147.0178,-43.1126]]],[[[145.9616,-43.3464],[145.9604,-43.346],[145.9593,-43.347],[145.9616,-43.3464]]],[[[146.3839,-43.6392],[146.3816,-43.6386],[146.3841,-43.6398],[146.3839,-43.6392]]],[[[147.296,-43.5275],[147.2971,-43.5258],[147.2958,-43.5266],[147.296,-43.5275]],[[146.5592,-43.5149],[146.558,-43.5146],[146.5611,-43.5151],[146.5592,-43.5149]]],[[[147.2985,-43.5285],[147.2964,-43.5293],[147.2976,-43.5295],[147.2985,-43.5285]]],[[[147.2991,-43.5253],[147.298,-43.5251],[147.2972,-43.5267],[147.2991,-43.5253]]],[[[146.3659,-43.5363],[146.3676,-43.5361],[146.367,-43.535],[146.3659,-43.5363]]],[[[147.6504,-42.9079],[147.6491,-42.9067],[147.6494,-42.9083],[147.6504,-42.9079]]],[[[147.3593,-43.4039],[147.3582,-43.4042],[147.3598,-43.4047],[147.3593,-43.4039]]],[[[146.0063,-43.4594],[146.0072,-43.459],[146.0057,-43.458],[146.0063,-43.4594]]],[[[145.9584,-43.425],[145.9584,-43.4259],[145.9597,-43.4254],[145.9584,-43.425]]],[[[147.4175,-43.058],[147.4164,-43.0591],[147.4176,-43.059],[147.4175,-43.058]]],[[[146.0484,-43.3387],[146.0507,-43.3391],[146.0504,-43.3385],[146.0484,-43.3387]]],[[[147.2735,-43.0203],[147.2748,-43.0207],[147.2734,-43.0196],[147.2735,-43.0203]]],[[[145.9211,-43.4183],[145.9204,-43.4179],[145.9202,-43.4192],[145.9211,-43.4183]]],[[[146.0012,-43.4389],[146.0035,-43.4385],[146.0017,-43.4383],[146.0012,-43.4389]]],[[[145.9183,-43.207],[145.9205,-43.2054],[145.919,-43.2059],[145.9183,-43.207]]],[[[147.8668,-43.1497],[147.8681,-43.1489],[147.8672,-43.1486],[147.8668,-43.1497]]],[[[147.3635,-43.4001],[147.3641,-43.4],[147.3641,-43.3986],[147.3635,-43.4001]]],[[[146.9474,-43.4835],[146.9481,-43.4831],[146.9476,-43.4816],[146.9474,-43.4835]]],[[[147.9459,-43.2143],[147.947,-43.2145],[147.9473,-43.2135],[147.9459,-43.2143]]],[[[147.9776,-42.883],[147.979,-42.882],[147.9777,-42.8822],[147.9776,-42.883]]],[[[146.9021,-43.516],[146.901,-43.5167],[146.9022,-43.5165],[146.9021,-43.516]]],[[[147.8451,-43.0063],[147.8455,-43.0069],[147.8468,-43.0058],[147.8451,-43.0063]]],[[[146.9778,-43.3263],[146.9808,-43.3263],[146.9773,-43.326],[146.9778,-43.3263]]],[[[145.9224,-43.4201],[145.9228,-43.419],[145.9222,-43.4182],[145.9224,-43.4201]]],[[[146.379,-43.5355],[146.3801,-43.5355],[146.3797,-43.5348],[146.379,-43.5355]]],[[[147.3009,-43.5174],[147.3023,-43.5172],[147.3022,-43.5165],[147.3009,-43.5174]]],[[[147.9597,-43.0765],[147.9608,-43.0765],[147.9597,-43.0755],[147.9597,-43.0765]]],[[[146.9731,-43.4483],[146.9738,-43.4473],[146.9729,-43.4474],[146.9731,-43.4483]]],[[[146.0098,-43.4586],[146.0089,-43.4587],[146.0108,-43.4588],[146.0098,-43.4586]]],[[[146.1625,-43.5188],[146.1633,-43.5173],[146.1625,-43.5177],[146.1625,-43.5188]]],[[[145.8108,-43.2809],[145.8096,-43.2804],[145.8107,-43.2816],[145.8108,-43.2809]]],[[[147.4856,-43.0686],[147.4859,-43.0678],[147.4849,-43.0674],[147.4856,-43.0686]]],[[[146.2567,-43.6302],[146.2582,-43.6294],[146.2567,-43.6296],[146.2567,-43.6302]]],[[[147.2483,-43.4936],[147.2476,-43.4937],[147.2477,-43.4946],[147.2483,-43.4936]]],[[[147.9994,-42.9602],[148.0011,-42.9602],[147.9997,-42.9597],[147.9994,-42.9602]]],[[[147.9949,-43.2159],[147.9961,-43.2158],[147.9955,-43.2153],[147.9949,-43.2159]]],[[[145.9298,-43.3898],[145.9304,-43.3894],[145.9301,-43.3885],[145.9298,-43.3898]]],[[[147.3058,-43.296],[147.3069,-43.2967],[147.3067,-43.2955],[147.3058,-43.296]]],[[[146.3193,-43.5355],[146.3207,-43.5355],[146.3195,-43.535],[146.3193,-43.5355]]],[[[147.6008,-42.8644],[147.6015,-42.8641],[147.6005,-42.8636],[147.6008,-42.8644]]],[[[145.6689,-43.0822],[145.6695,-43.0818],[145.669,-43.081],[145.6689,-43.0822]]],[[[147.2079,-43.4196],[147.2085,-43.4199],[147.2093,-43.4194],[147.2079,-43.4196]]],[[[147.0314,-43.3242],[147.0324,-43.3239],[147.0315,-43.3235],[147.0314,-43.3242]]],[[[145.9328,-43.4092],[145.9317,-43.4097],[145.9325,-43.4099],[145.9328,-43.4092]]],[[[147.0046,-43.1049],[147.0043,-43.1047],[147.0035,-43.1061],[147.0046,-43.1049]]],[[[145.9673,-43.4281],[145.966,-43.4275],[145.9667,-43.4282],[145.9673,-43.4281]]],[[[145.9694,-43.4253],[145.9701,-43.4258],[145.9698,-43.4245],[145.9694,-43.4253]]],[[[146.9254,-43.5447],[146.926,-43.5453],[146.9265,-43.5449],[146.9254,-43.5447]]],[[[146.324,-43.5294],[146.3237,-43.5289],[146.3231,-43.5292],[146.324,-43.5294]]],[[[147.2723,-43.0242],[147.271,-43.0245],[147.2728,-43.0243],[147.2723,-43.0242]]],[[[145.6884,-43.1127],[145.689,-43.1125],[145.6881,-43.1114],[145.6884,-43.1127]]],[[[145.9586,-43.3486],[145.96,-43.348],[145.9585,-43.3481],[145.9586,-43.3486]]],[[[148.011,-43.2202],[148.0118,-43.2204],[148.0119,-43.2199],[148.011,-43.2202]]],[[[147.8375,-43.0042],[147.8376,-43.0035],[147.837,-43.0034],[147.8375,-43.0042]]],[[[147.7799,-43.2252],[147.7795,-43.2258],[147.7807,-43.2251],[147.7799,-43.2252]]],[[[147.9711,-43.1003],[147.9719,-43.1005],[147.9715,-43.0999],[147.9711,-43.1003]]],[[[147.207,-43.4222],[147.2065,-43.4233],[147.207,-43.4232],[147.207,-43.4222]]],[[[146.3244,-43.5327],[146.3235,-43.5327],[146.3236,-43.5333],[146.3244,-43.5327]]],[[[147.9822,-43.1069],[147.9845,-43.1068],[147.9824,-43.1066],[147.9822,-43.1069]]],[[[147.1776,-43.4934],[147.178,-43.4926],[147.1772,-43.4927],[147.1776,-43.4934]]],[[[147.1803,-43.2873],[147.1797,-43.2877],[147.1809,-43.2874],[147.1803,-43.2873]]],[[[146.4191,-43.5385],[146.4184,-43.5386],[146.4188,-43.5391],[146.4191,-43.5385]]],[[[146.0968,-43.5579],[146.0965,-43.5564],[146.0963,-43.557],[146.0968,-43.5579]]],[[[147.9658,-43.2179],[147.966,-43.2172],[147.9654,-43.2172],[147.9658,-43.2179]]],[[[147.1739,-43.4273],[147.1745,-43.4264],[147.1737,-43.4267],[147.1739,-43.4273]]],[[[145.6284,-43.0195],[145.6276,-43.0195],[145.6277,-43.0202],[145.6284,-43.0195]]],[[[147.8564,-42.9399],[147.8572,-42.9398],[147.8573,-42.9393],[147.8564,-42.9399]]],[[[147.9405,-43.0099],[147.9411,-43.0102],[147.9413,-43.0098],[147.9405,-43.0099]]],[[[147.1296,-43.4993],[147.1302,-43.4991],[147.1306,-43.4982],[147.1296,-43.4993]]],[[[146.1601,-43.3187],[146.1612,-43.3184],[146.16,-43.3182],[146.1601,-43.3187]]],[[[148.0034,-42.96],[148.0038,-42.9607],[148.004,-42.9601],[148.0034,-42.96]]],[[[145.6906,-43.1143],[145.6915,-43.114],[145.6904,-43.1138],[145.6906,-43.1143]]],[[[147.7106,-43.1918],[147.7102,-43.1911],[147.7096,-43.191],[147.7106,-43.1918]]],[[[147.9808,-43.112],[147.9814,-43.1121],[147.9801,-43.1117],[147.9808,-43.112]]],[[[146.0697,-43.56],[146.0696,-43.5594],[146.0687,-43.5596],[146.0697,-43.56]]],[[[147.2442,-43.4778],[147.2437,-43.4772],[147.2433,-43.4775],[147.2442,-43.4778]]],[[[147.2982,-43.5275],[147.2991,-43.5271],[147.2977,-43.5274],[147.2982,-43.5275]]],[[[145.9122,-43.1965],[145.9127,-43.197],[145.9127,-43.1963],[145.9122,-43.1965]]],[[[147.2492,-43.4949],[147.2495,-43.4941],[147.2491,-43.4937],[147.2492,-43.4949]]],[[[147.9663,-43.0852],[147.9671,-43.0846],[147.9666,-43.0845],[147.9663,-43.0852]]],[[[147.6567,-42.942],[147.6578,-42.9423],[147.6572,-42.9419],[147.6567,-42.942]]],[[[147.7936,-43.2388],[147.7943,-43.2391],[147.7939,-43.2385],[147.7936,-43.2388]]],[[[147.0419,-43.3319],[147.0416,-43.331],[147.0414,-43.3314],[147.0419,-43.3319]]],[[[146.3569,-43.5381],[146.3571,-43.5378],[146.356,-43.5376],[146.3569,-43.5381]]],[[[145.9263,-43.4184],[145.9262,-43.4176],[145.9259,-43.418],[145.9263,-43.4184]]],[[[147.9756,-42.8565],[147.9767,-42.8565],[147.9765,-42.8563],[147.9756,-42.8565]]],[[[147.018,-43.0803],[147.0186,-43.0797],[147.0181,-43.0794],[147.018,-43.0803]]],[[[145.8084,-43.3042],[145.8078,-43.3041],[145.8084,-43.3048],[145.8084,-43.3042]]],[[[147.2917,-43.5119],[147.2922,-43.5122],[147.2919,-43.5112],[147.2917,-43.5119]]],[[[145.6081,-43.0093],[145.6089,-43.0091],[145.6074,-43.009],[145.6081,-43.0093]]],[[[146.9966,-43.3378],[146.9975,-43.3379],[146.997,-43.3376],[146.9966,-43.3378]]],[[[147.1866,-43.4802],[147.1871,-43.4803],[147.1868,-43.4797],[147.1866,-43.4802]]],[[[147.1928,-43.4673],[147.1927,-43.4676],[147.1933,-43.4667],[147.1928,-43.4673]]],[[[147.4128,-43.1952],[147.4132,-43.1953],[147.4132,-43.1948],[147.4128,-43.1952]]],[[[147.9836,-43.2249],[147.9844,-43.2246],[147.9838,-43.2245],[147.9836,-43.2249]]],[[[145.9604,-43.3454],[145.96,-43.345],[145.9594,-43.345],[145.9604,-43.3454]]],[[[146.2578,-43.6293],[146.2578,-43.629],[146.257,-43.6291],[146.2578,-43.6293]]],[[[147.1521,-43.4908],[147.1526,-43.4914],[147.1526,-43.4907],[147.1521,-43.4908]]],[[[147.1683,-43.4904],[147.1686,-43.49],[147.1682,-43.4894],[147.1683,-43.4904]]],[[[147.9405,-43.0095],[147.9415,-43.0094],[147.9406,-43.0091],[147.9405,-43.0095]]],[[[146.4205,-43.5389],[146.4197,-43.5393],[146.4209,-43.5389],[146.4205,-43.5389]]],[[[147.0296,-43.0765],[147.0299,-43.0759],[147.0293,-43.0762],[147.0296,-43.0765]]],[[[147.7265,-43.111],[147.7275,-43.111],[147.7267,-43.1107],[147.7265,-43.111]]],[[[147.1078,-43.4415],[147.108,-43.4408],[147.1075,-43.4409],[147.1078,-43.4415]]],[[[145.9625,-43.3461],[145.9632,-43.3458],[145.9626,-43.3457],[145.9625,-43.3461]]],[[[147.9482,-43.2161],[147.9486,-43.2163],[147.9484,-43.2155],[147.9482,-43.2161]]],[[[145.933,-43.4094],[145.9331,-43.41],[145.9334,-43.4092],[145.933,-43.4094]]],[[[147.727,-43.1119],[147.7269,-43.1123],[147.7276,-43.1119],[147.727,-43.1119]]],[[[146.1784,-43.3587],[146.179,-43.3588],[146.1779,-43.3582],[146.1784,-43.3587]]],[[[147.7798,-43.2373],[147.7804,-43.2369],[147.7802,-43.2364],[147.7798,-43.2373]]],[[[147.8359,-43.0051],[147.8355,-43.0056],[147.836,-43.0055],[147.8359,-43.0051]]],[[[147.3825,-43.3721],[147.3824,-43.3718],[147.3821,-43.3727],[147.3825,-43.3721]]],[[[147.6256,-43.076],[147.6263,-43.0759],[147.6259,-43.0755],[147.6256,-43.076]]],[[[146.154,-43.5195],[146.1543,-43.5187],[146.1537,-43.5191],[146.154,-43.5195]]],[[[147.307,-43.2965],[147.3073,-43.2958],[147.3069,-43.2952],[147.307,-43.2965]]],[[[145.9659,-43.3266],[145.9656,-43.3265],[145.9659,-43.3272],[145.9659,-43.3266]]],[[[147.9881,-42.973],[147.9883,-42.973],[147.988,-42.9724],[147.9881,-42.973]]],[[[148.0381,-43.1198],[148.0385,-43.12],[148.0388,-43.1199],[148.0381,-43.1198]]],[[[146.9469,-43.489],[146.9472,-43.489],[146.9473,-43.4886],[146.9469,-43.489]]],[[[146.1233,-43.5296],[146.1229,-43.5288],[146.1226,-43.5289],[146.1233,-43.5296]]],[[[147.1775,-43.4925],[147.1779,-43.4925],[147.1778,-43.492],[147.1775,-43.4925]]],[[[147.0042,-43.4761],[147.0047,-43.4761],[147.0049,-43.4757],[147.0042,-43.4761]]],[[[147.0391,-43.0598],[147.0387,-43.0605],[147.0396,-43.0592],[147.0391,-43.0598]]],[[[147.3403,-43.367],[147.3401,-43.3672],[147.3408,-43.3673],[147.3403,-43.367]]],[[[146.6045,-43.5615],[146.6052,-43.5614],[146.6047,-43.561],[146.6045,-43.5615]]],[[[146.9766,-43.3264],[146.9776,-43.3264],[146.9773,-43.3262],[146.9766,-43.3264]]],[[[147.7816,-43.2254],[147.7822,-43.2252],[147.7818,-43.225],[147.7816,-43.2254]]],[[[148.0054,-42.9595],[148.0057,-42.9597],[148.0058,-42.9592],[148.0054,-42.9595]]],[[[147.2704,-43.0247],[147.2702,-43.025],[147.271,-43.0251],[147.2704,-43.0247]]],[[[146.972,-43.4469],[146.9729,-43.4466],[146.9724,-43.4465],[146.972,-43.4469]]],[[[148.002,-42.9598],[148.0019,-42.9602],[148.0023,-42.96],[148.002,-42.9598]]],[[[146.0001,-43.4255],[145.9998,-43.4255],[145.9994,-43.426],[146.0001,-43.4255]]],[[[145.6672,-43.0822],[145.6677,-43.0822],[145.667,-43.0818],[145.6672,-43.0822]]],[[[146.1084,-43.5591],[146.1086,-43.5585],[146.1083,-43.5584],[146.1084,-43.5591]]],[[[147.0087,-43.3403],[147.0088,-43.34],[147.0084,-43.3399],[147.0087,-43.3403]]],[[[147.15,-43.4928],[147.15,-43.4934],[147.1501,-43.4925],[147.15,-43.4928]]],[[[148.0059,-43.1393],[148.0063,-43.1395],[148.0061,-43.1391],[148.0059,-43.1393]]],[[[148.0039,-43.1453],[148.0042,-43.1455],[148.0044,-43.1452],[148.0039,-43.1453]]],[[[147.8595,-43.2127],[147.8597,-43.213],[147.8598,-43.2121],[147.8595,-43.2127]]],[[[147.1326,-43.4984],[147.1333,-43.4984],[147.1335,-43.4982],[147.1326,-43.4984]]],[[[147.7048,-43.1795],[147.7049,-43.1801],[147.705,-43.1794],[147.7048,-43.1795]]],[[[147.1369,-43.4972],[147.1367,-43.4975],[147.137,-43.4977],[147.1369,-43.4972]]],[[[146.9768,-43.3257],[146.9776,-43.3256],[146.9772,-43.3255],[146.9768,-43.3257]]],[[[147.8232,-42.9774],[147.8229,-42.9775],[147.8233,-42.9777],[147.8232,-42.9774]]],[[[148.0092,-43.1354],[148.0093,-43.1351],[148.0089,-43.135],[148.0092,-43.1354]]],[[[147.2472,-43.4937],[147.2469,-43.4938],[147.2472,-43.4942],[147.2472,-43.4937]],[[146.9985,-43.3366],[146.998,-43.3367],[146.9988,-43.3364],[146.9985,-43.3366]]],[[[145.8069,-43.3055],[145.8063,-43.3049],[145.8064,-43.3052],[145.8069,-43.3055]]],[[[146.9956,-43.3382],[146.9961,-43.338],[146.9956,-43.3379],[146.9956,-43.3382]]],[[[146.6397,-43.5879],[146.6399,-43.5879],[146.6401,-43.5875],[146.6397,-43.5879]]],[[[147.1351,-43.4989],[147.1354,-43.4984],[147.135,-43.4987],[147.1351,-43.4989]]],[[[147.9421,-43.0095],[147.9422,-43.0093],[147.9416,-43.0093],[147.9421,-43.0095]]],[[[147.1066,-43.4365],[147.1069,-43.436],[147.1067,-43.436],[147.1066,-43.4365]]],[[[146.6394,-43.5853],[146.6398,-43.5851],[146.6394,-43.5851],[146.6394,-43.5853]]],[[[147.0099,-43.1075],[147.0103,-43.1074],[147.0104,-43.1071],[147.0099,-43.1075]]],[[[146.6399,-43.5892],[146.6402,-43.5894],[146.6404,-43.5891],[146.6399,-43.5892]]],[[[147.4822,-43.0311],[147.4825,-43.031],[147.4826,-43.0306],[147.4822,-43.0311]]],[[[147.272,-43.0222],[147.272,-43.0219],[147.2716,-43.0217],[147.272,-43.0222]]],[[[146.1544,-43.3742],[146.1544,-43.3739],[146.154,-43.3739],[146.1544,-43.3742]]],[[[147.6017,-42.8648],[147.6013,-42.865],[147.6016,-42.8651],[147.6017,-42.8648]]],[[[145.9529,-43.4241],[145.953,-43.4237],[145.9527,-43.4239],[145.9529,-43.4241]]],[[[147.4895,-43.0722],[147.4896,-43.0721],[147.4894,-43.0717],[147.4895,-43.0722]]],[[[147.6954,-43.1552],[147.6956,-43.1554],[147.6958,-43.1551],[147.6954,-43.1552]]],[[[147.108,-43.4406],[147.1083,-43.4403],[147.1079,-43.4403],[147.108,-43.4406]]],[[[145.9616,-43.3456],[145.9621,-43.3455],[145.9615,-43.3454],[145.9616,-43.3456]]],[[[145.6086,-43.011],[145.6081,-43.0108],[145.6082,-43.0111],[145.6086,-43.011]]],[[[147.2975,-43.5281],[147.2978,-43.5278],[147.2973,-43.528],[147.2975,-43.5281]]],[[[147.0105,-43.1067],[147.0103,-43.1068],[147.0106,-43.1069],[147.0105,-43.1067]]],[[[147.3665,-43.3922],[147.3664,-43.3921],[147.3662,-43.3923],[147.3665,-43.3922]]],[[[147.9603,-43.0757],[147.9606,-43.0757],[147.9604,-43.0754],[147.9603,-43.0757]]],[[[147.871,-43.1618],[147.8713,-43.1619],[147.8712,-43.1616],[147.871,-43.1618]]],[[[147.7387,-43.1052],[147.7389,-43.1055],[147.7389,-43.1053],[147.7387,-43.1052]]],[[[148.0386,-43.1206],[148.0389,-43.1205],[148.0389,-43.1203],[148.0386,-43.1206]]],[[[148.0063,-43.1399],[148.0066,-43.14],[148.0064,-43.1397],[148.0063,-43.1399]]],[[[147.6962,-43.1551],[147.6966,-43.1551],[147.6963,-43.1549],[147.6962,-43.1551]]],[[[147.4254,-43.2541],[147.4259,-43.2538],[147.4255,-43.2539],[147.4254,-43.2541]]],[[[147.392,-42.9768],[147.3922,-42.977],[147.3919,-42.9765],[147.392,-42.9768]]],[[[148.0565,-43.1228],[148.057,-43.1227],[148.0567,-43.1227],[148.0565,-43.1228]]],[[[147.2615,-43.224],[147.2616,-43.2238],[147.2615,-43.2236],[147.2615,-43.224]]],[[[147.959,-42.9914],[147.9594,-42.9913],[147.959,-42.9913],[147.959,-42.9914]]],[[[145.9537,-43.4248],[145.9539,-43.4247],[145.9536,-43.4246],[145.9537,-43.4248]]],[[[147.9814,-43.1123],[147.9818,-43.1124],[147.9817,-43.1123],[147.9814,-43.1123]]],[[[147.9537,-43.0014],[147.9539,-43.0011],[147.9537,-43.0012],[147.9537,-43.0014]]],[[[147.4028,-42.9688],[147.4031,-42.9686],[147.4028,-42.9687],[147.4028,-42.9688]]],[[[147.9418,-43.0091],[147.9415,-43.0091],[147.9413,-43.0092],[147.9418,-43.0091]]],[[[147.7193,-42.9884],[147.7195,-42.9883],[147.7191,-42.9883],[147.7193,-42.9884]]],[[[147.2711,-43.022],[147.2713,-43.0221],[147.2713,-43.0219],[147.2711,-43.022]]],[[[147.4894,-43.0713],[147.4895,-43.0711],[147.4893,-43.071],[147.4894,-43.0713]]],[[[147.9604,-42.9872],[147.9604,-42.9871],[147.9603,-42.9871],[147.9604,-42.9872]]],[[[147.8711,-43.1595],[147.8713,-43.1595],[147.8713,-43.1593],[147.8711,-43.1595]]],[[[147.4826,-43.0311],[147.4828,-43.0308],[147.4826,-43.0309],[147.4826,-43.0311]]],[[[147.4844,-43.0364],[147.4843,-43.0363],[147.4843,-43.0365],[147.4844,-43.0364]]],[[[147.4846,-43.0365],[147.4848,-43.0362],[147.4846,-43.0364],[147.4846,-43.0365]]],[[[147.271,-43.0219],[147.2713,-43.0217],[147.2711,-43.0217],[147.271,-43.0219]]],[[[147.8945,-43.1896],[147.8946,-43.1896],[147.8945,-43.1895],[147.8945,-43.1896]]],[[[145.619,-43.015],[145.6189,-43.0149],[145.6188,-43.0149],[145.619,-43.015]]],[[[148.0051,-43.2454],[148.0052,-43.2454],[148.0051,-43.2453],[148.0051,-43.2454]]],[[[147.4827,-43.0312],[147.4828,-43.0311],[147.4826,-43.0312],[147.4827,-43.0312]]],[[[147.4843,-43.037],[147.4844,-43.037],[147.4843,-43.0368],[147.4843,-43.037]]],[[[144.8685,-40.7239],[145.0679,-40.7144],[144.9294,-40.6223],[144.8718,-40.6786],[144.8685,-40.7239]]],[[[145.0431,-40.7575],[145.0465,-40.783],[145.1042,-40.7945],[145.0431,-40.7575]],[[147.636,-40.7881],[147.6171,-40.8135],[147.6416,-40.7799],[147.636,-40.7881]]],[[[148.0932,-40.7428],[148.117,-40.7399],[148.1265,-40.7271],[148.0932,-40.7428]]],[[[144.8311,-40.6917],[144.8271,-40.7015],[144.8413,-40.6961],[144.8311,-40.6917]]],[[[147.079,-41.3752],[147.0849,-41.3847],[147.0872,-41.3774],[147.079,-41.3752]]],[[[144.9246,-40.7479],[144.9095,-40.75],[144.9196,-40.752],[144.9246,-40.7479]]],[[[148.344,-41.3531],[148.3447,-41.3451],[148.3361,-41.3472],[148.344,-41.3531]]],[[[146.3977,-41.2302],[146.4015,-41.2307],[146.3947,-41.2262],[146.3977,-41.2302]]],[[[146.5742,-41.2119],[146.5786,-41.2071],[146.5736,-41.2086],[146.5742,-41.2119]]],[[[146.5717,-41.1713],[146.5735,-41.168],[146.5686,-41.1701],[146.5717,-41.1713]]],[[[148.0823,-40.7222],[148.079,-40.7254],[148.0824,-40.7262],[148.0823,-40.7222]]],[[[144.8744,-40.731],[144.8684,-40.7272],[144.87,-40.7308],[144.8744,-40.731]]],[[[146.3742,-41.2262],[146.3796,-41.2258],[146.3789,-41.2222],[146.3742,-41.2262]]],[[[144.8739,-40.7281],[144.8762,-40.7292],[144.8696,-40.7257],[144.8739,-40.7281]]],[[[146.8633,-41.144],[146.861,-41.1476],[146.8647,-41.1467],[146.8633,-41.144]]],[[[146.5651,-41.238],[146.5691,-41.2359],[146.5665,-41.2355],[146.5651,-41.238]]],[[[147.9719,-40.7233],[147.976,-40.7224],[147.9721,-40.7213],[147.9719,-40.7233]],[[146.5681,-41.1749],[146.5633,-41.1733],[146.5698,-41.1752],[146.5681,-41.1749]]],[[[147.759,-40.8573],[147.7626,-40.8559],[147.76,-40.8552],[147.759,-40.8573]]],[[[145.0173,-40.7631],[145.0175,-40.7649],[145.0201,-40.7613],[145.0173,-40.7631]]],[[[146.5709,-41.2356],[146.5735,-41.2366],[146.5755,-41.2352],[146.5709,-41.2356]]],[[[146.3913,-41.2263],[146.3893,-41.2266],[146.3951,-41.2276],[146.3913,-41.2263]]],[[[148.3045,-41.3973],[148.3033,-41.3965],[148.3016,-41.3989],[148.3045,-41.3973]]],[[[144.8492,-40.7341],[144.852,-40.7347],[144.8488,-40.7323],[144.8492,-40.7341]]],[[[148.3303,-40.9245],[148.328,-40.9242],[148.3308,-40.9259],[148.3303,-40.9245]]],[[[144.9796,-40.7313],[144.9775,-40.7336],[144.9786,-40.7356],[144.9796,-40.7313]]],[[[144.8693,-40.7162],[144.8721,-40.7162],[144.8706,-40.7146],[144.8693,-40.7162]]],[[[144.8657,-40.7249],[144.8634,-40.7242],[144.865,-40.7261],[144.8657,-40.7249]]],[[[146.3592,-41.2063],[146.3577,-41.2066],[146.3592,-41.2078],[146.3592,-41.2063]]],[[[147.9689,-40.724],[147.9723,-40.7249],[147.9702,-40.7235],[147.9689,-40.724]]],[[[144.8282,-40.713],[144.8311,-40.7131],[144.8287,-40.7121],[144.8282,-40.713]]],[[[147.7599,-40.8655],[147.7681,-40.8701],[147.7664,-40.8686],[147.7599,-40.8655]]],[[[144.8638,-40.7269],[144.8658,-40.7278],[144.8661,-40.7259],[144.8638,-40.7269]]],[[[147.0757,-41.3848],[147.0771,-41.3866],[147.077,-41.3848],[147.0757,-41.3848]]],[[[147.6263,-40.8226],[147.6274,-40.8239],[147.6292,-40.8235],[147.6263,-40.8226]]],[[[146.5668,-41.1706],[146.5692,-41.1713],[146.5668,-41.1695],[146.5668,-41.1706]]],[[[146.2513,-41.1738],[146.2513,-41.1752],[146.2531,-41.1726],[146.2513,-41.1738]]],[[[144.8746,-40.7328],[144.8767,-40.7326],[144.876,-40.7316],[144.8746,-40.7328]]],[[[146.5459,-41.1247],[146.5487,-41.1238],[146.5471,-41.1236],[146.5459,-41.1247]]],[[[146.1255,-41.1579],[146.124,-41.1576],[146.1284,-41.1587],[146.1255,-41.1579]]],[[[144.9625,-40.7144],[144.9638,-40.7145],[144.9646,-40.7132],[144.9625,-40.7144]]],[[[148.3394,-41.2496],[148.3389,-41.2505],[148.3408,-41.2506],[148.3394,-41.2496]]],[[[147.9405,-40.7701],[147.9377,-40.7695],[147.9409,-40.771],[147.9405,-40.7701]]],[[[146.3598,-41.207],[146.3603,-41.208],[146.3615,-41.2061],[146.3598,-41.207]]],[[[145.5383,-40.8902],[145.537,-40.8905],[145.5394,-40.8911],[145.5383,-40.8902]]],[[[146.5543,-41.1505],[146.5557,-41.1511],[146.5548,-41.1494],[146.5543,-41.1505]]],[[[146.3311,-41.1623],[146.3328,-41.1619],[146.3309,-41.1614],[146.3311,-41.1623]]],[[[147.0744,-41.3819],[147.075,-41.3831],[147.0749,-41.38],[147.0744,-41.3819]]],[[[147.9504,-40.7418],[147.9496,-40.7418],[147.9508,-40.7431],[147.9504,-40.7418]]],[[[147.9579,-40.7358],[147.9585,-40.7362],[147.9579,-40.7341],[147.9579,-40.7358]]],[[[146.3612,-41.2083],[146.3628,-41.2071],[146.3619,-41.2067],[146.3612,-41.2083]]],[[[146.6043,-41.2568],[146.6049,-41.2576],[146.6049,-41.2557],[146.6043,-41.2568]]],[[[147.9359,-40.7608],[147.9345,-40.7604],[147.9357,-40.7617],[147.9359,-40.7608]]],[[[147.088,-41.3831],[147.0889,-41.3819],[147.0887,-41.3804],[147.088,-41.3831]]],[[[148.3292,-40.9221],[148.3308,-40.9221],[148.3296,-40.9213],[148.3292,-40.9221]]],[[[147.7825,-40.8794],[147.7774,-40.8778],[147.781,-40.8793],[147.7825,-40.8794]]],[[[148.322,-40.9221],[148.3213,-40.9216],[148.3207,-40.9227],[148.322,-40.9221]]],[[[144.8125,-41.4895],[144.8137,-41.4888],[144.8126,-41.4886],[144.8125,-41.4895]]],[[[146.4276,-41.1485],[146.4273,-41.1474],[146.4264,-41.1471],[146.4276,-41.1485]]],[[[144.8669,-40.726],[144.8675,-40.7268],[144.8667,-40.7243],[144.8669,-40.726]]],[[[146.1386,-41.1349],[146.1377,-41.1353],[146.1386,-41.1361],[146.1386,-41.1349]]],[[[147.9533,-40.7427],[147.952,-40.7425],[147.9537,-40.7436],[147.9533,-40.7427]]],[[[148.3565,-41.0005],[148.3573,-40.9998],[148.3556,-40.9998],[148.3565,-41.0005]]],[[[147.9608,-40.745],[147.9615,-40.7442],[147.9603,-40.7439],[147.9608,-40.745]]],[[[146.3228,-41.1769],[146.3238,-41.1762],[146.3229,-41.1756],[146.3228,-41.1769]]],[[[144.9739,-40.7099],[144.9748,-40.7103],[144.9754,-40.7097],[144.9739,-40.7099]]],[[[146.2505,-41.1716],[146.2509,-41.1725],[146.2512,-41.1716],[146.2505,-41.1716]]],[[[147.9537,-40.7423],[147.9545,-40.7441],[147.9544,-40.7426],[147.9537,-40.7423]]],[[[147.935,-40.7697],[147.9369,-40.7696],[147.9359,-40.7692],[147.935,-40.7697]]],[[[146.7698,-41.1534],[146.7712,-41.1527],[146.7699,-41.1528],[146.7698,-41.1534]]],[[[147.5487,-40.8921],[147.5497,-40.8924],[147.5489,-40.8915],[147.5487,-40.8921]]],[[[146.9126,-41.208],[146.9128,-41.2089],[146.9134,-41.208],[146.9126,-41.208]]],[[[144.8666,-40.7441],[144.8682,-40.7443],[144.8676,-40.7437],[144.8666,-40.7441]]],[[[147.5733,-40.8946],[147.5749,-40.8934],[147.5737,-40.8937],[147.5733,-40.8946]]],[[[146.9662,-41.2415],[146.9681,-41.2411],[146.9669,-41.2411],[146.9662,-41.2415]]],[[[145.2969,-40.8488],[145.298,-40.8494],[145.2992,-40.8489],[145.2969,-40.8488]]],[[[148.2884,-41.2096],[148.2891,-41.2098],[148.2894,-41.2091],[148.2884,-41.2096]]],[[[145.1016,-40.8116],[145.1024,-40.812],[145.1027,-40.8114],[145.1016,-40.8116]]],[[[146.5695,-41.1769],[146.5688,-41.1768],[146.569,-41.1777],[146.5695,-41.1769]]],[[[145.3026,-40.847],[145.3046,-40.8471],[145.3039,-40.8466],[145.3026,-40.847]]],[[[148.2485,-40.8846],[148.2482,-40.8851],[148.249,-40.8855],[148.2485,-40.8846]]],[[[146.2524,-41.172],[146.2532,-41.1716],[146.253,-41.1705],[146.2524,-41.172]]],[[[147.9657,-40.7427],[147.9669,-40.7424],[147.9658,-40.7422],[147.9657,-40.7427]]],[[[146.9072,-41.2067],[146.908,-41.2068],[146.9083,-41.2062],[146.9072,-41.2067]]],[[[148.3229,-40.9146],[148.323,-40.915],[148.3239,-40.9149],[148.3229,-40.9146]]],[[[144.866,-40.7422],[144.8668,-40.7422],[144.8662,-40.7418],[144.866,-40.7422]]],[[[145.5004,-40.8537],[145.5008,-40.8537],[145.4993,-40.8529],[145.5004,-40.8537]]],[[[144.9653,-40.713],[144.9646,-40.7129],[144.9652,-40.7139],[144.9653,-40.713]]],[[[148.2929,-41.1679],[148.2938,-41.1671],[148.2929,-41.1672],[148.2929,-41.1679]]],[[[146.1282,-41.1249],[146.1289,-41.1243],[146.1284,-41.1242],[146.1282,-41.1249]]],[[[144.8637,-40.7228],[144.8637,-40.7233],[144.8648,-40.7226],[144.8637,-40.7228]]],[[[146.2486,-41.1675],[146.2479,-41.1679],[146.2477,-41.1686],[146.2486,-41.1675]]],[[[146.5553,-41.1532],[146.5547,-41.1534],[146.5555,-41.1541],[146.5553,-41.1532]]],[[[146.1283,-41.1197],[146.1276,-41.1197],[146.1274,-41.1203],[146.1283,-41.1197]]],[[[145.0382,-40.7145],[145.0385,-40.7137],[145.0378,-40.7147],[145.0382,-40.7145]]],[[[144.9437,-40.7515],[144.9446,-40.7512],[144.944,-40.7508],[144.9437,-40.7515]]],[[[144.8663,-40.7267],[144.8666,-40.7268],[144.8666,-40.7255],[144.8663,-40.7267]]],[[[146.5918,-41.1663],[146.5926,-41.1655],[146.5919,-41.1658],[146.5918,-41.1663]]],[[[148.2927,-41.1692],[148.293,-41.1695],[148.2936,-41.1689],[148.2927,-41.1692]]],[[[144.8916,-41.601],[144.8918,-41.6005],[144.8914,-41.5999],[144.8916,-41.601]]],[[[146.2524,-41.1753],[146.2527,-41.1746],[146.2518,-41.1751],[146.2524,-41.1753]]],[[[144.9468,-40.7523],[144.9474,-40.7517],[144.9467,-40.7517],[144.9468,-40.7523]]],[[[146.5962,-41.2473],[146.5966,-41.2476],[146.5969,-41.247],[146.5962,-41.2473]]],[[[146.1206,-41.1207],[146.1215,-41.1205],[146.1211,-41.1203],[146.1206,-41.1207]]],[[[148.3234,-40.9158],[148.3241,-40.9153],[148.3235,-40.9153],[148.3234,-40.9158]]],[[[147.9495,-40.7532],[147.9502,-40.753],[147.9496,-40.7528],[147.9495,-40.7532]]],[[[146.772,-41.1528],[146.7713,-41.1529],[146.7713,-41.1534],[146.772,-41.1528]]],[[[147.9513,-40.7431],[147.9522,-40.7432],[147.9515,-40.7427],[147.9513,-40.7431]]],[[[144.8412,-40.747],[144.8419,-40.748],[144.8417,-40.7472],[144.8412,-40.747]]],[[[144.8918,-41.6021],[144.8921,-41.6007],[144.8917,-41.6017],[144.8918,-41.6021]]],[[[146.1276,-41.122],[146.1278,-41.1218],[146.1276,-41.1211],[146.1276,-41.122]]],[[[146.5664,-41.1709],[146.5665,-41.1705],[146.5657,-41.1705],[146.5664,-41.1709]]],[[[148.2336,-40.8771],[148.2341,-40.8774],[148.2335,-40.8766],[148.2336,-40.8771]]],[[[144.8184,-41.4964],[144.8193,-41.4959],[144.8189,-41.4957],[144.8184,-41.4964]]],[[[148.3281,-41.2486],[148.3286,-41.2485],[148.3284,-41.2479],[148.3281,-41.2486]]],[[[148.2632,-40.8922],[148.2628,-40.8925],[148.2635,-40.8925],[148.2632,-40.8922]]],[[[147.964,-40.7413],[147.9649,-40.7417],[147.9644,-40.7411],[147.964,-40.7413]]],[[[145.2981,-40.736],[145.298,-40.7365],[145.2985,-40.7365],[145.2981,-40.736]]],[[[145.3998,-40.8528],[145.4006,-40.853],[145.4005,-40.8527],[145.3998,-40.8528]]],[[[145.4354,-40.8903],[145.4362,-40.8895],[145.4355,-40.8899],[145.4354,-40.8903]]],[[[144.8154,-41.4935],[144.8158,-41.4929],[144.8154,-41.4931],[144.8154,-41.4935]]],[[[144.814,-41.4917],[144.8145,-41.4917],[144.8142,-41.4914],[144.814,-41.4917]]],[[[144.8164,-41.494],[144.8168,-41.4939],[144.8168,-41.4934],[144.8164,-41.494]]],[[[147.5426,-40.8976],[147.5432,-40.8978],[147.5425,-40.8972],[147.5426,-40.8976]]],[[[145.5206,-40.8779],[145.5211,-40.878],[145.5213,-40.8777],[145.5206,-40.8779]]],[[[145.3099,-40.8462],[145.3104,-40.8455],[145.3101,-40.8456],[145.3099,-40.8462]]],[[[144.8762,-40.7302],[144.8768,-40.7305],[144.8765,-40.73],[144.8762,-40.7302]]],[[[148.0881,-40.74],[148.0891,-40.7401],[148.0883,-40.7399],[148.0881,-40.74]]],[[[144.979,-40.7371],[144.9785,-40.7374],[144.9786,-40.7377],[144.979,-40.7371]]],[[[147.9533,-40.7412],[147.9535,-40.7416],[147.9539,-40.7413],[147.9533,-40.7412]]],[[[148.3203,-40.9128],[148.321,-40.9129],[148.3203,-40.9125],[148.3203,-40.9128]]],[[[148.2034,-40.8404],[148.2037,-40.8399],[148.2032,-40.84],[148.2034,-40.8404]]],[[[147.5747,-40.8926],[147.5753,-40.8922],[147.5751,-40.8921],[147.5747,-40.8926]]],[[[148.1785,-40.8194],[148.1787,-40.8196],[148.1791,-40.8192],[148.1785,-40.8194]]],[[[146.7929,-41.1093],[146.7932,-41.1089],[146.7929,-41.1087],[146.7929,-41.1093]]],[[[148.3388,-41.2599],[148.3381,-41.2604],[148.3385,-41.2605],[148.3388,-41.2599]]],[[[148.0768,-40.7155],[148.0773,-40.7155],[148.0771,-40.7151],[148.0768,-40.7155]]],[[[144.8141,-41.491],[144.8146,-41.4908],[144.8146,-41.4905],[144.8141,-41.491]]],[[[148.2357,-40.8752],[148.2361,-40.8754],[148.2358,-40.875],[148.2357,-40.8752]]],[[[146.5655,-41.2444],[146.5658,-41.2446],[146.5657,-41.244],[146.5655,-41.2444]]],[[[144.8854,-41.5885],[144.8858,-41.5886],[144.8854,-41.5881],[144.8854,-41.5885]]],[[[146.1633,-41.138],[146.163,-41.1381],[146.1631,-41.1386],[146.1633,-41.138]]],[[[144.8771,-40.7326],[144.8774,-40.7328],[144.8775,-40.7323],[144.8771,-40.7326]]],[[[144.9771,-40.7272],[144.9774,-40.727],[144.9774,-40.7266],[144.9771,-40.7272]]],[[[147.7898,-40.8795],[147.7894,-40.8798],[147.7901,-40.8796],[147.7898,-40.8795]]],[[[147.9737,-40.7289],[147.9733,-40.7291],[147.9737,-40.7292],[147.9737,-40.7289]]],[[[148.0291,-40.7497],[148.0296,-40.7496],[148.029,-40.7494],[148.0291,-40.7497]]],[[[148.2319,-40.878],[148.2321,-40.8778],[148.2318,-40.8775],[148.2319,-40.878]]],[[[146.2464,-41.1744],[146.2467,-41.174],[146.2463,-41.1741],[146.2464,-41.1744]]],[[[144.8854,-41.5889],[144.8857,-41.589],[144.8851,-41.5888],[144.8854,-41.5889]]],[[[144.8135,-41.4927],[144.8138,-41.4922],[144.8134,-41.4924],[144.8135,-41.4927]]],[[[146.5923,-41.1589],[146.5928,-41.159],[146.5925,-41.1587],[146.5923,-41.1589]]],[[[144.8127,-41.4877],[144.8123,-41.488],[144.8126,-41.4881],[144.8127,-41.4877]]],[[[146.2514,-41.173],[146.2522,-41.1727],[146.2517,-41.1728],[146.2514,-41.173]]],[[[144.8247,-41.5029],[144.825,-41.5023],[144.8247,-41.5025],[144.8247,-41.5029]]],[[[144.8888,-41.5938],[144.8891,-41.5936],[144.8888,-41.5934],[144.8888,-41.5938]]],[[[145.0369,-40.7146],[145.0371,-40.7141],[145.0367,-40.7145],[145.0369,-40.7146]]],[[[144.8424,-40.7497],[144.843,-40.75],[144.8428,-40.7497],[144.8424,-40.7497]]],[[[146.389,-41.2248],[146.3887,-41.2249],[146.3895,-41.225],[146.389,-41.2248]]],[[[144.8344,-41.5086],[144.8348,-41.5085],[144.8348,-41.5082],[144.8344,-41.5086]]],[[[144.8176,-41.4948],[144.8178,-41.4949],[144.8179,-41.4946],[144.8176,-41.4948]]],[[[144.8195,-41.498],[144.8202,-41.4977],[144.8196,-41.4978],[144.8195,-41.498]]],[[[144.8896,-41.5975],[144.89,-41.5978],[144.8899,-41.5975],[144.8896,-41.5975]]],[[[146.1201,-41.1201],[146.1203,-41.1197],[146.12,-41.1198],[146.1201,-41.1201]]],[[[147.963,-40.7435],[147.9633,-40.7436],[147.9635,-40.7434],[147.963,-40.7435]]],[[[144.8912,-41.601],[144.8914,-41.6011],[144.8914,-41.6008],[144.8912,-41.601]]],[[[147.9643,-40.7435],[147.9642,-40.7438],[147.9646,-40.744],[147.9643,-40.7435]]],[[[144.8893,-41.5939],[144.8895,-41.5935],[144.8893,-41.5936],[144.8893,-41.5939]]],[[[144.8832,-41.5818],[144.8832,-41.5813],[144.8831,-41.5815],[144.8832,-41.5818]]],[[[144.9792,-40.7291],[144.9788,-40.7289],[144.979,-40.7292],[144.9792,-40.7291]]],[[[147.9354,-40.7633],[147.9359,-40.7633],[147.9356,-40.7632],[147.9354,-40.7633]]],[[[146.5467,-41.1334],[146.5471,-41.133],[146.5468,-41.1331],[146.5467,-41.1334]]],[[[144.8421,-40.7476],[144.8424,-40.7478],[144.8421,-40.7474],[144.8421,-40.7476]]],[[[147.9729,-40.7302],[147.9733,-40.7301],[147.973,-40.73],[147.9729,-40.7302]]],[[[144.868,-40.7436],[144.8683,-40.7437],[144.8683,-40.7434],[144.868,-40.7436]]],[[[146.2482,-41.1687],[146.2484,-41.1685],[146.2484,-41.1682],[146.2482,-41.1687]]],[[[144.9798,-40.7285],[144.9799,-40.7281],[144.9797,-40.7282],[144.9798,-40.7285]]],[[[146.8229,-41.1395],[146.823,-41.1393],[146.8227,-41.1393],[146.8229,-41.1395]]],[[[144.8207,-41.5007],[144.821,-41.5008],[144.8208,-41.5003],[144.8207,-41.5007]]],[[[146.2517,-41.1726],[146.252,-41.1724],[146.2518,-41.1723],[146.2517,-41.1726]]],[[[144.8156,-41.4928],[144.8158,-41.4925],[144.8155,-41.4927],[144.8156,-41.4928]]],[[[144.8891,-41.5931],[144.8895,-41.5932],[144.8892,-41.5929],[144.8891,-41.5931]]],[[[144.8289,-41.506],[144.8291,-41.506],[144.8292,-41.5058],[144.8289,-41.506]]],[[[146.5968,-41.2461],[146.5971,-41.2462],[146.5972,-41.2459],[146.5968,-41.2461]]],[[[144.9823,-40.7284],[144.9825,-40.7282],[144.9824,-40.7279],[144.9823,-40.7284]]],[[[144.8136,-41.4903],[144.8133,-41.4906],[144.8135,-41.4907],[144.8136,-41.4903]]],[[[144.8177,-41.4963],[144.8178,-41.4962],[144.818,-41.4958],[144.8177,-41.4963]]],[[[144.9612,-40.6573],[144.9614,-40.6571],[144.961,-40.6572],[144.9612,-40.6573]]],[[[144.885,-41.5873],[144.8854,-41.5873],[144.8854,-41.5872],[144.885,-41.5873]]],[[[144.8215,-41.5018],[144.8219,-41.5018],[144.822,-41.5016],[144.8215,-41.5018]]],[[[146.1273,-41.1279],[146.1272,-41.1279],[146.127,-41.1284],[146.1273,-41.1279]]],[[[144.8889,-41.5949],[144.8889,-41.5946],[144.8887,-41.5946],[144.8889,-41.5949]]],[[[144.8199,-41.4981],[144.8204,-41.4979],[144.8203,-41.4979],[144.8199,-41.4981]]],[[[144.8462,-40.7181],[144.8465,-40.7181],[144.8464,-40.7179],[144.8462,-40.7181]]],[[[144.8182,-41.4958],[144.8187,-41.4956],[144.8183,-41.4957],[144.8182,-41.4958]]],[[[144.8142,-41.4912],[144.8146,-41.4911],[144.8145,-41.491],[144.8142,-41.4912]]],[[[144.8152,-41.494],[144.8154,-41.4939],[144.8155,-41.4936],[144.8152,-41.494]]],[[[144.8892,-41.5935],[144.8893,-41.5934],[144.8889,-41.5932],[144.8892,-41.5935]]],[[[144.8906,-41.5985],[144.8906,-41.5983],[144.8904,-41.5982],[144.8906,-41.5985]]],[[[144.8885,-41.5921],[144.8888,-41.5922],[144.8886,-41.592],[144.8885,-41.5921]]],[[[144.814,-41.4927],[144.8141,-41.4925],[144.814,-41.4923],[144.814,-41.4927]]],[[[144.8178,-41.4951],[144.8181,-41.4951],[144.8182,-41.4949],[144.8178,-41.4951]]],[[[144.8907,-41.5982],[144.8908,-41.5981],[144.8906,-41.598],[144.8907,-41.5982]]],[[[145.5162,-40.8689],[145.5166,-40.8688],[145.5163,-40.8688],[145.5162,-40.8689]]],[[[146.5845,-41.202],[146.5849,-41.2018],[146.5846,-41.2019],[146.5845,-41.202]]],[[[145.5171,-40.8688],[145.5174,-40.8689],[145.5173,-40.8687],[145.5171,-40.8688]]],[[[144.8663,-40.7254],[144.8665,-40.7253],[144.8665,-40.7249],[144.8663,-40.7254]]],[[[146.3585,-41.2043],[146.3588,-41.2042],[146.3585,-41.2041],[146.3585,-41.2043]]],[[[144.9611,-40.6569],[144.9614,-40.6567],[144.9611,-40.6567],[144.9611,-40.6569]]],[[[146.1148,-41.1207],[146.1149,-41.1205],[146.1148,-41.1205],[146.1148,-41.1207]]],[[[146.313,-41.1555],[146.313,-41.1553],[146.3126,-41.1553],[146.313,-41.1555]]],[[[144.891,-41.6],[144.8911,-41.5998],[144.8909,-41.5997],[144.891,-41.6]]],[[[144.8192,-41.4979],[144.8195,-41.4977],[144.8193,-41.4977],[144.8192,-41.4979]]],[[[144.8905,-41.597],[144.8906,-41.597],[144.8906,-41.5968],[144.8905,-41.597]]],[[[145.3092,-40.7638],[145.3091,-40.764],[145.3094,-40.764],[145.3092,-40.7638]]],[[[144.8909,-41.5969],[144.8909,-41.5967],[144.8907,-41.5966],[144.8909,-41.5969]]],[[[144.8835,-41.5835],[144.8837,-41.5835],[144.8836,-41.5832],[144.8835,-41.5835]]],[[[144.8853,-41.5877],[144.8854,-41.5875],[144.8852,-41.5876],[144.8853,-41.5877]]],[[[144.8203,-41.5004],[144.8205,-41.5002],[144.8202,-41.5003],[144.8203,-41.5004]]],[[[144.8893,-41.5957],[144.8892,-41.5956],[144.889,-41.5956],[144.8893,-41.5957]]],[[[146.1651,-41.1387],[146.1652,-41.1385],[146.1652,-41.1383],[146.1651,-41.1387]]],[[[144.8252,-41.5023],[144.8253,-41.5019],[144.8251,-41.5021],[144.8252,-41.5023]]],[[[144.8849,-41.5865],[144.885,-41.5864],[144.8847,-41.5863],[144.8849,-41.5865]]],[[[144.8886,-41.5925],[144.8888,-41.5924],[144.8886,-41.5924],[144.8886,-41.5925]]],[[[144.9851,-40.7149],[144.9853,-40.7147],[144.9851,-40.7147],[144.9851,-40.7149]]],[[[146.1217,-41.1218],[146.1217,-41.1216],[146.1215,-41.1216],[146.1217,-41.1218]]],[[[144.8909,-41.5962],[144.891,-41.5961],[144.8908,-41.5961],[144.8909,-41.5962]]],[[[144.814,-41.4906],[144.8142,-41.4905],[144.8142,-41.4904],[144.814,-41.4906]]],[[[145.2979,-40.7395],[145.2981,-40.7394],[145.2981,-40.7393],[145.2979,-40.7395]]],[[[144.8256,-41.5033],[144.8257,-41.5031],[144.8256,-41.5031],[144.8256,-41.5033]]],[[[144.813,-41.4913],[144.8132,-41.491],[144.813,-41.4911],[144.813,-41.4913]]],[[[144.8241,-41.5023],[144.8245,-41.5023],[144.8244,-41.5023],[144.8241,-41.5023]]],[[[145.2969,-40.7399],[145.2971,-40.7398],[145.2969,-40.7398],[145.2969,-40.7399]]],[[[144.8891,-41.5951],[144.8893,-41.595],[144.889,-41.5949],[144.8891,-41.5951]]],[[[144.8162,-41.494],[144.8163,-41.4937],[144.8162,-41.4937],[144.8162,-41.494]]],[[[144.821,-41.4973],[144.8213,-41.4972],[144.821,-41.4972],[144.821,-41.4973]]],[[[144.87,-41.5623],[144.8702,-41.5623],[144.8702,-41.5621],[144.87,-41.5623]]],[[[144.8138,-41.4901],[144.8137,-41.4901],[144.8136,-41.4902],[144.8138,-41.4901]]],[[[148.179,-40.8201],[148.1792,-40.82],[148.1792,-40.8199],[148.179,-40.8201]]],[[[144.8207,-41.4977],[144.8208,-41.4975],[144.8206,-41.4976],[144.8207,-41.4977]]],[[[146.4168,-41.1547],[146.417,-41.1547],[146.4168,-41.1545],[146.4168,-41.1547]]],[[[146.3888,-41.2265],[146.3891,-41.2267],[146.389,-41.2265],[146.3888,-41.2265]]],[[[145.303,-40.741],[145.3031,-40.7411],[145.3031,-40.741],[145.303,-40.741]]],[[[144.8246,-41.5023],[144.8247,-41.5021],[144.8246,-41.5022],[144.8246,-41.5023]]],[[[144.8261,-41.5033],[144.8262,-41.5034],[144.8262,-41.5033],[144.8261,-41.5033]]],[[[144.8249,-41.5022],[144.825,-41.5021],[144.8248,-41.5021],[144.8249,-41.5022]]],[[[144.8154,-41.4911],[144.8153,-41.491],[144.8152,-41.491],[144.8154,-41.4911]]],[[[144.8136,-41.4916],[144.8138,-41.4916],[144.8137,-41.4915],[144.8136,-41.4916]]],[[[148.3275,-40.9339],[148.3276,-40.9338],[148.3275,-40.9338],[148.3275,-40.9339]]],[[[144.8202,-41.4999],[144.8203,-41.4998],[144.8202,-41.4997],[144.8202,-41.4999]]],[[[146.1629,-41.1385],[146.163,-41.1383],[146.1628,-41.1385],[146.1629,-41.1385]]],[[[144.8215,-41.5014],[144.8216,-41.5014],[144.8215,-41.5013],[144.8215,-41.5014]]],[[[146.1261,-41.1244],[146.1261,-41.1243],[146.126,-41.1243],[146.1261,-41.1244]]],[[[144.8218,-41.5015],[144.8219,-41.5014],[144.8217,-41.5014],[144.8218,-41.5015]]],[[[144.7363,-40.624],[144.736,-40.6239],[144.7366,-40.6241],[144.7363,-40.624]]],[[[144.7372,-40.6236],[144.7368,-40.6239],[144.738,-40.6233],[144.7372,-40.6236]]],[[[144.7373,-40.6191],[144.7383,-40.6199],[144.7398,-40.6191],[144.7373,-40.6191]]],[[[144.7379,-40.6179],[144.738,-40.6175],[144.7379,-40.6183],[144.7379,-40.6179]]],[[[144.8113,-40.5784],[144.8114,-40.5783],[144.8112,-40.5783],[144.8113,-40.5784]]],[[[144.8115,-40.5741],[144.8102,-40.574],[144.8112,-40.5781],[144.8115,-40.5741]]],[[[144.6513,-40.3814],[144.6512,-40.3813],[144.6512,-40.3815],[144.6513,-40.3814]]],[[[144.6513,-40.3811],[144.6512,-40.3812],[144.6515,-40.3812],[144.6513,-40.3811]]],[[[144.7267,-40.64],[144.7265,-40.6401],[144.7266,-40.6402],[144.7267,-40.64]]],[[[144.7348,-40.638],[144.7345,-40.6373],[144.7349,-40.6398],[144.7348,-40.638]]],[[[144.6793,-40.6315],[144.6794,-40.631],[144.6792,-40.6311],[144.6793,-40.6315]]],[[[144.7354,-40.6273],[144.7354,-40.6278],[144.7356,-40.627],[144.7354,-40.6273]]],[[[144.6788,-40.6259],[144.6784,-40.6259],[144.6789,-40.6262],[144.6788,-40.6259]]],[[[144.7379,-40.6172],[144.738,-40.6168],[144.7379,-40.6167],[144.7379,-40.6172]]],[[[144.7223,-40.6094],[144.7225,-40.6093],[144.7223,-40.609],[144.7223,-40.6094]]],[[[144.6829,-40.6083],[144.6833,-40.608],[144.6829,-40.6081],[144.6829,-40.6083]]],[[[144.6857,-40.6074],[144.6859,-40.6074],[144.6856,-40.6073],[144.6857,-40.6074]]],[[[144.6828,-40.5842],[144.6829,-40.5841],[144.6827,-40.5841],[144.6828,-40.5842]]],[[[144.6845,-40.5834],[144.6842,-40.5834],[144.6845,-40.584],[144.6845,-40.5834]]],[[[144.6833,-40.5822],[144.6826,-40.5823],[144.6848,-40.5823],[144.6833,-40.5822]]],[[[144.6777,-40.5652],[144.6778,-40.5651],[144.6776,-40.565],[144.6777,-40.5652]]],[[[144.7039,-40.5043],[144.7039,-40.5041],[144.7038,-40.5042],[144.7039,-40.5043]]],[[[144.654,-40.3761],[144.6539,-40.3762],[144.6541,-40.3762],[144.654,-40.3761]]],[[[144.6555,-40.3713],[144.6557,-40.3714],[144.6557,-40.3712],[144.6555,-40.3713]]],[[[144.6838,-40.584],[144.684,-40.5837],[144.6835,-40.5836],[144.6838,-40.584]]],[[[144.8117,-41.4891],[144.8119,-41.4888],[144.8115,-41.4889],[144.8117,-41.4891]]],[[[144.8112,-41.4899],[144.8116,-41.4897],[144.8111,-41.4897],[144.8112,-41.4899]]],[[[144.8108,-41.4897],[144.811,-41.4897],[144.8109,-41.4896],[144.8108,-41.4897]]],[[[144.6857,-40.6378],[144.6856,-40.6376],[144.6856,-40.6379],[144.6857,-40.6378]]],[[[144.6838,-40.6079],[144.6846,-40.608],[144.6839,-40.6077],[144.6838,-40.6079]]],[[[144.6561,-40.3782],[144.6562,-40.3783],[144.6562,-40.3781],[144.6561,-40.3782]]],[[[144.6555,-40.372],[144.6553,-40.3715],[144.6553,-40.3718],[144.6555,-40.372]]],[[[144.8112,-41.4888],[144.812,-41.4887],[144.8113,-41.4885],[144.8112,-41.4888]]],[[[144.8124,-41.4883],[144.8115,-41.4884],[144.8121,-41.4885],[144.8124,-41.4883]]],[[[144.8121,-41.4866],[144.8123,-41.4865],[144.8121,-41.4863],[144.8121,-41.4866]]],[[[144.812,-41.4862],[144.8121,-41.4861],[144.812,-41.4861],[144.812,-41.4862]]],[[[144.7353,-40.6258],[144.7351,-40.6267],[144.7353,-40.6265],[144.7353,-40.6258]]],[[[144.735,-40.6259],[144.735,-40.6257],[144.735,-40.6259],[144.735,-40.6259]]],[[[144.7209,-40.6091],[144.7209,-40.6089],[144.7208,-40.609],[144.7209,-40.6091]]],[[[144.6864,-40.5668],[144.6865,-40.5612],[144.6785,-40.5626],[144.6864,-40.5668]]],[[[144.6816,-40.5613],[144.6822,-40.5611],[144.6819,-40.5611],[144.6816,-40.5613]]],[[[144.7046,-40.5065],[144.7088,-40.5074],[144.7053,-40.5049],[144.7046,-40.5065]]],[[[144.7041,-40.5063],[144.7046,-40.5064],[144.7045,-40.5058],[144.7041,-40.5063]]],[[[144.7888,-40.5098],[144.7894,-40.5097],[144.7889,-40.5095],[144.7888,-40.5098]]],[[[144.7047,-40.5075],[144.7049,-40.5079],[144.7046,-40.5073],[144.7047,-40.5075]]],[[[144.7106,-40.505],[144.7104,-40.5048],[144.7106,-40.5052],[144.7106,-40.505]]],[[[144.706,-40.5096],[144.7061,-40.5096],[144.706,-40.5095],[144.706,-40.5096]]],[[[144.6556,-40.3715],[144.6555,-40.372],[144.6558,-40.3719],[144.6556,-40.3715]]],[[[144.6542,-40.3762],[144.6544,-40.3762],[144.6543,-40.376],[144.6542,-40.3762]]],[[[144.8054,-41.4778],[144.8058,-41.4777],[144.8054,-41.4776],[144.8054,-41.4778]]],[[[144.8051,-41.4778],[144.8052,-41.4775],[144.8049,-41.4776],[144.8051,-41.4778]]],[[[144.8105,-41.485],[144.8105,-41.4847],[144.8103,-41.4847],[144.8105,-41.485]]],[[[144.8035,-41.476],[144.8041,-41.4761],[144.8035,-41.4759],[144.8035,-41.476]]],[[[144.8064,-41.4782],[144.8066,-41.4781],[144.8063,-41.4782],[144.8064,-41.4782]]],[[[144.8035,-41.4769],[144.8036,-41.4769],[144.8034,-41.4769],[144.8035,-41.4769]]],[[[144.808,-41.4839],[144.8081,-41.4838],[144.8079,-41.4838],[144.808,-41.4839]]],[[[144.8082,-41.4837],[144.8083,-41.4837],[144.8081,-41.4836],[144.8082,-41.4837]]],[[[144.7072,-40.5122],[144.7073,-40.5122],[144.7072,-40.5119],[144.7072,-40.5122]]],[[[144.7068,-40.5113],[144.7075,-40.5115],[144.7068,-40.5111],[144.7068,-40.5113]]],[[[144.7075,-40.5104],[144.7078,-40.5104],[144.7076,-40.5103],[144.7075,-40.5104]]],[[[144.708,-40.5104],[144.7082,-40.5103],[144.708,-40.5102],[144.708,-40.5104]]],[[[144.706,-40.5098],[144.706,-40.5099],[144.7061,-40.5098],[144.706,-40.5098]]],[[[144.7073,-40.5098],[144.7075,-40.5099],[144.7073,-40.5097],[144.7073,-40.5098]]],[[[144.7099,-40.4838],[144.7092,-40.4835],[144.7095,-40.4841],[144.7099,-40.4838]]],[[[144.7105,-40.4902],[144.7102,-40.4904],[144.7106,-40.4907],[144.7105,-40.4902]]],[[[144.7255,-40.4805],[144.7261,-40.4805],[144.7259,-40.48],[144.7255,-40.4805]]],[[[144.7417,-40.4867],[144.7419,-40.4862],[144.7416,-40.4863],[144.7417,-40.4867]]],[[[144.7107,-40.4901],[144.711,-40.4902],[144.7108,-40.4898],[144.7107,-40.4901]]],[[[144.7093,-40.4865],[144.7094,-40.4865],[144.7093,-40.4862],[144.7093,-40.4865]]],[[[144.7089,-40.4858],[144.709,-40.4857],[144.7089,-40.4857],[144.7089,-40.4858]]],[[[144.7104,-40.491],[144.7105,-40.4909],[144.7104,-40.4909],[144.7104,-40.491]]],[[[144.7983,-41.4698],[144.7989,-41.4702],[144.7985,-41.4695],[144.7983,-41.4698]]],[[[144.803,-41.4752],[144.8036,-41.4752],[144.8032,-41.4751],[144.803,-41.4752]]],[[[144.8043,-41.4757],[144.8043,-41.4755],[144.8038,-41.4755],[144.8043,-41.4757]]],[[[144.799,-41.4738],[144.7992,-41.4736],[144.799,-41.4736],[144.799,-41.4738]]],[[[144.8039,-41.4752],[144.8041,-41.475],[144.8038,-41.4751],[144.8039,-41.4752]]],[[[144.8032,-41.4739],[144.8037,-41.4739],[144.8033,-41.4738],[144.8032,-41.4739]]],[[[144.799,-41.4727],[144.7991,-41.4726],[144.7989,-41.4725],[144.799,-41.4727]]],[[[144.7981,-41.4735],[144.7981,-41.4734],[144.7978,-41.4734],[144.7981,-41.4735]]],[[[144.8039,-41.4745],[144.8041,-41.4745],[144.8037,-41.4744],[144.8039,-41.4745]]],[[[144.7977,-41.4735],[144.7977,-41.4733],[144.7975,-41.4733],[144.7977,-41.4735]]],[[[144.7989,-41.4729],[144.799,-41.4728],[144.7988,-41.4728],[144.7989,-41.4729]]],[[[144.8036,-41.475],[144.8037,-41.4749],[144.8035,-41.4749],[144.8036,-41.475]]],[[[144.8036,-41.4746],[144.8036,-41.4745],[144.8033,-41.4745],[144.8036,-41.4746]]],[[[144.7996,-41.4734],[144.7996,-41.4733],[144.7995,-41.4733],[144.7996,-41.4734]]],[[[144.8035,-41.4743],[144.8037,-41.4743],[144.8035,-41.4743],[144.8035,-41.4743]]],[[[144.8037,-41.4743],[144.8039,-41.4743],[144.8038,-41.4742],[144.8037,-41.4743]]],[[[144.6837,-40.6312],[144.6876,-40.6388],[144.6983,-40.6339],[144.6837,-40.6312]]],[[[144.6801,-40.6302],[144.6803,-40.6298],[144.6798,-40.63],[144.6801,-40.6302]]],[[[144.6793,-40.6308],[144.6792,-40.6307],[144.6791,-40.6308],[144.6793,-40.6308]]],[[[144.7666,-40.4686],[144.7664,-40.4681],[144.7665,-40.4689],[144.7666,-40.4686]]],[[[144.7663,-40.4566],[144.7667,-40.4568],[144.7663,-40.4563],[144.7663,-40.4566]]],[[[144.7725,-40.4321],[144.7728,-40.4322],[144.7729,-40.4319],[144.7725,-40.4321]]],[[[144.7713,-40.4354],[144.7714,-40.435],[144.7712,-40.4349],[144.7713,-40.4354]]],[[[144.7711,-40.4358],[144.771,-40.436],[144.7712,-40.4361],[144.7711,-40.4358]]],[[[144.7723,-40.4313],[144.7725,-40.4313],[144.7726,-40.431],[144.7723,-40.4313]]],[[[144.7703,-40.4373],[144.7704,-40.4369],[144.7702,-40.4372],[144.7703,-40.4373]]],[[[144.7711,-40.4346],[144.7713,-40.4344],[144.7711,-40.4344],[144.7711,-40.4346]]],[[[144.7668,-40.4461],[144.767,-40.4462],[144.7671,-40.4461],[144.7668,-40.4461]]],[[[144.7702,-40.4376],[144.7703,-40.4374],[144.7702,-40.4374],[144.7702,-40.4376]]],[[[144.7666,-40.4543],[144.7668,-40.4541],[144.7665,-40.4542],[144.7666,-40.4543]]],[[[144.7698,-40.437],[144.7699,-40.4367],[144.7698,-40.4368],[144.7698,-40.437]]],[[[144.7708,-40.433],[144.7709,-40.4329],[144.7708,-40.4328],[144.7708,-40.433]]],[[[144.7699,-40.4363],[144.77,-40.4361],[144.7699,-40.4361],[144.7699,-40.4363]]],[[[144.7716,-40.4348],[144.7717,-40.4346],[144.7716,-40.4346],[144.7716,-40.4348]]],[[[144.7921,-40.4782],[144.7922,-40.4781],[144.792,-40.4781],[144.7921,-40.4782]]],[[[144.7885,-41.453],[144.7888,-41.4526],[144.7883,-41.4524],[144.7885,-41.453]]],[[[144.7888,-41.4521],[144.7891,-41.452],[144.7883,-41.4516],[144.7888,-41.4521]]],[[[144.7902,-41.4541],[144.7904,-41.4538],[144.7901,-41.4538],[144.7902,-41.4541]]],[[[144.782,-41.4447],[144.7819,-41.4444],[144.7816,-41.4444],[144.782,-41.4447]]],[[[144.798,-41.4694],[144.7982,-41.4691],[144.7977,-41.4693],[144.798,-41.4694]]],[[[144.7886,-41.4539],[144.7888,-41.454],[144.7888,-41.4534],[144.7886,-41.4539]]],[[[144.7969,-41.4687],[144.7972,-41.4684],[144.7969,-41.4684],[144.7969,-41.4687]]],[[[144.798,-41.4686],[144.798,-41.4684],[144.7976,-41.4684],[144.798,-41.4686]]],[[[144.7946,-41.4643],[144.7948,-41.4642],[144.7945,-41.4641],[144.7946,-41.4643]]],[[[144.7921,-41.462],[144.7926,-41.462],[144.7922,-41.4618],[144.7921,-41.462]]],[[[144.7827,-41.4452],[144.7829,-41.4452],[144.783,-41.445],[144.7827,-41.4452]]],[[[144.7964,-41.4662],[144.7965,-41.4661],[144.7962,-41.466],[144.7964,-41.4662]]],[[[144.7974,-41.4689],[144.7977,-41.4687],[144.7974,-41.4687],[144.7974,-41.4689]]],[[[144.793,-41.4588],[144.7931,-41.4586],[144.7928,-41.4586],[144.793,-41.4588]]],[[[144.7945,-41.4647],[144.7942,-41.4645],[144.7942,-41.4646],[144.7945,-41.4647]]],[[[144.7921,-41.4648],[144.7921,-41.4646],[144.7918,-41.4646],[144.7921,-41.4648]]],[[[144.7926,-41.457],[144.7928,-41.4569],[144.7925,-41.4568],[144.7926,-41.457]]],[[[144.7955,-41.4648],[144.7957,-41.4646],[144.7954,-41.4647],[144.7955,-41.4648]]],[[[144.7651,-41.4396],[144.7652,-41.4393],[144.7651,-41.4393],[144.7651,-41.4396]]],[[[144.7926,-41.458],[144.7925,-41.4579],[144.7925,-41.458],[144.7926,-41.458]]],[[[144.7883,-41.4521],[144.7884,-41.4521],[144.7881,-41.452],[144.7883,-41.4521]]],[[[144.7958,-41.4655],[144.7959,-41.4654],[144.7957,-41.4654],[144.7958,-41.4655]]],[[[144.7932,-41.4604],[144.7933,-41.4605],[144.7933,-41.4603],[144.7932,-41.4604]]],[[[144.7941,-41.4634],[144.7942,-41.4632],[144.7941,-41.4633],[144.7941,-41.4634]]],[[[144.7927,-41.4573],[144.7928,-41.4572],[144.7926,-41.4572],[144.7927,-41.4573]]],[[[144.7892,-41.4534],[144.7891,-41.4532],[144.7891,-41.4534],[144.7892,-41.4534]]],[[[144.7966,-41.4659],[144.7966,-41.4658],[144.7965,-41.4658],[144.7966,-41.4659]]],[[[144.7886,-41.4523],[144.7886,-41.4522],[144.7884,-41.4522],[144.7886,-41.4523]]],[[[144.7882,-41.4503],[144.7882,-41.4502],[144.7881,-41.4502],[144.7882,-41.4503]]],[[[144.7934,-41.4639],[144.7935,-41.4638],[144.7934,-41.4638],[144.7934,-41.4639]]],[[[144.7647,-41.4397],[144.7648,-41.4396],[144.7647,-41.4396],[144.7647,-41.4397]]],[[[144.7928,-41.4578],[144.7928,-41.4578],[144.7927,-41.4577],[144.7928,-41.4578]]],[[[144.7819,-40.4081],[144.7837,-40.4084],[144.7821,-40.4077],[144.7819,-40.4081]]],[[[144.7736,-40.426],[144.7741,-40.4262],[144.7742,-40.4254],[144.7736,-40.426]]],[[[144.7784,-40.4224],[144.7792,-40.4228],[144.7783,-40.4221],[144.7784,-40.4224]]],[[[144.7775,-40.4231],[144.7778,-40.4233],[144.7785,-40.423],[144.7775,-40.4231]]],[[[144.7844,-40.4102],[144.7839,-40.4102],[144.7843,-40.4104],[144.7844,-40.4102]]],[[[144.7742,-40.4253],[144.7742,-40.425],[144.7738,-40.4249],[144.7742,-40.4253]]],[[[144.7889,-40.4309],[144.789,-40.4302],[144.7889,-40.4306],[144.7889,-40.4309]]],[[[144.7836,-40.4027],[144.7839,-40.4028],[144.7836,-40.4025],[144.7836,-40.4027]]],[[[144.7822,-40.4149],[144.7824,-40.415],[144.7823,-40.4147],[144.7822,-40.4149]]],[[[144.7896,-40.4033],[144.7898,-40.4034],[144.7898,-40.4031],[144.7896,-40.4033]]],[[[144.7838,-40.4085],[144.7837,-40.4086],[144.784,-40.4087],[144.7838,-40.4085]]],[[[144.7836,-40.4006],[144.7838,-40.4004],[144.7836,-40.4004],[144.7836,-40.4006]]],[[[144.7835,-40.4089],[144.7838,-40.4088],[144.7835,-40.4087],[144.7835,-40.4089]]],[[[144.778,-40.422],[144.778,-40.4218],[144.7778,-40.4217],[144.778,-40.422]]],[[[144.7827,-40.4055],[144.7829,-40.4054],[144.7826,-40.4053],[144.7827,-40.4055]]],[[[144.782,-40.4153],[144.7821,-40.4151],[144.7819,-40.4151],[144.782,-40.4153]]],[[[144.7833,-40.4121],[144.783,-40.4121],[144.7833,-40.4122],[144.7833,-40.4121]]],[[[144.7819,-40.4146],[144.7818,-40.4145],[144.7818,-40.4147],[144.7819,-40.4146]]],[[[144.7865,-40.4003],[144.7867,-40.4001],[144.7865,-40.4002],[144.7865,-40.4003]]],[[[144.7905,-40.425],[144.7906,-40.4249],[144.7904,-40.4249],[144.7905,-40.425]]],[[[144.779,-40.4206],[144.779,-40.4204],[144.7789,-40.4205],[144.779,-40.4206]]],[[[144.7891,-40.4301],[144.7893,-40.4303],[144.7891,-40.4301],[144.7891,-40.4301]]],[[[144.7827,-40.4075],[144.7827,-40.4075],[144.7826,-40.4074],[144.7827,-40.4075]]],[[[144.7731,-40.4252],[144.7732,-40.4251],[144.7732,-40.425],[144.7731,-40.4252]]],[[[144.7623,-41.4325],[144.7627,-41.4333],[144.7631,-41.4319],[144.7623,-41.4325]]],[[[144.753,-41.4256],[144.7527,-41.4248],[144.7524,-41.4252],[144.753,-41.4256]]],[[[144.762,-41.4344],[144.7623,-41.4341],[144.7618,-41.4338],[144.762,-41.4344]]],[[[144.7634,-41.4346],[144.7638,-41.4346],[144.7639,-41.4343],[144.7634,-41.4346]]],[[[144.7609,-41.4299],[144.7607,-41.4296],[144.7604,-41.4297],[144.7609,-41.4299]]],[[[144.7653,-41.4387],[144.7652,-41.4384],[144.7647,-41.4385],[144.7653,-41.4387]]],[[[144.7658,-41.4375],[144.7656,-41.437],[144.7655,-41.4372],[144.7658,-41.4375]]],[[[144.7662,-41.4371],[144.766,-41.437],[144.7661,-41.4375],[144.7662,-41.4371]]],[[[144.76,-41.4294],[144.7602,-41.4292],[144.7596,-41.4291],[144.76,-41.4294]]],[[[144.7512,-41.4244],[144.7515,-41.4246],[144.7511,-41.4242],[144.7512,-41.4244]]],[[[144.7596,-41.4305],[144.7596,-41.4301],[144.7594,-41.4303],[144.7596,-41.4305]]],[[[144.7656,-41.439],[144.766,-41.4388],[144.7657,-41.4387],[144.7656,-41.439]]],[[[144.75,-41.424],[144.7503,-41.4242],[144.75,-41.4238],[144.75,-41.424]]],[[[144.7654,-41.4369],[144.7655,-41.4367],[144.7652,-41.4366],[144.7654,-41.4369]]],[[[144.7547,-41.4259],[144.7549,-41.4261],[144.7549,-41.4257],[144.7547,-41.4259]]],[[[144.7627,-41.4345],[144.7627,-41.4343],[144.7625,-41.4343],[144.7627,-41.4345]]],[[[144.7643,-41.4371],[144.7644,-41.4369],[144.7642,-41.437],[144.7643,-41.4371]]],[[[144.7626,-41.4315],[144.7629,-41.4317],[144.7628,-41.4314],[144.7626,-41.4315]]],[[[144.7561,-41.4261],[144.7564,-41.4262],[144.7562,-41.426],[144.7561,-41.4261]]],[[[144.7589,-41.4292],[144.7589,-41.429],[144.7587,-41.4289],[144.7589,-41.4292]]],[[[144.7627,-41.4337],[144.7629,-41.4336],[144.7627,-41.4335],[144.7627,-41.4337]]],[[[144.7618,-41.4326],[144.7618,-41.4324],[144.7617,-41.4325],[144.7618,-41.4326]]],[[[144.7518,-41.4251],[144.7521,-41.4252],[144.752,-41.425],[144.7518,-41.4251]]],[[[144.7647,-41.4372],[144.7648,-41.4371],[144.7648,-41.4369],[144.7647,-41.4372]]],[[[144.7642,-41.436],[144.7642,-41.4358],[144.7641,-41.4357],[144.7642,-41.436]]],[[[144.7477,-41.4234],[144.7477,-41.4233],[144.7474,-41.4232],[144.7477,-41.4234]]],[[[144.7646,-41.4369],[144.7647,-41.4368],[144.7645,-41.4367],[144.7646,-41.4369]]],[[[144.7652,-41.4375],[144.7654,-41.4376],[144.7654,-41.4374],[144.7652,-41.4375]]],[[[144.7503,-41.4235],[144.7506,-41.4236],[144.7503,-41.4234],[144.7503,-41.4235]]],[[[144.7593,-41.4289],[144.7594,-41.4288],[144.7593,-41.4287],[144.7593,-41.4289]]],[[[144.7622,-41.4346],[144.7624,-41.4346],[144.7624,-41.4344],[144.7622,-41.4346]]],[[[144.7584,-41.427],[144.7587,-41.427],[144.7585,-41.4269],[144.7584,-41.427]]],[[[144.7529,-41.4263],[144.7531,-41.4264],[144.7531,-41.4262],[144.7529,-41.4263]]],[[[144.751,-41.4251],[144.7512,-41.4251],[144.751,-41.425],[144.751,-41.4251]]],[[[144.7662,-41.4374],[144.7664,-41.4375],[144.7664,-41.4373],[144.7662,-41.4374]]],[[[144.7644,-41.4376],[144.7645,-41.4375],[144.7644,-41.4374],[144.7644,-41.4376]]],[[[144.7626,-41.4357],[144.7627,-41.4356],[144.7627,-41.4355],[144.7626,-41.4357]]],[[[144.7472,-41.4236],[144.747,-41.4234],[144.747,-41.4236],[144.7472,-41.4236]]],[[[144.7602,-41.4322],[144.7604,-41.4322],[144.7602,-41.4322],[144.7602,-41.4322]]],[[[144.7642,-41.4383],[144.7642,-41.4382],[144.764,-41.4383],[144.7642,-41.4383]]],[[[144.7616,-41.4301],[144.7616,-41.4298],[144.7615,-41.43],[144.7616,-41.4301]]],[[[144.7626,-41.4363],[144.7626,-41.4362],[144.7624,-41.4362],[144.7626,-41.4363]]],[[[144.7626,-41.4359],[144.7627,-41.4358],[144.7625,-41.4358],[144.7626,-41.4359]]],[[[144.764,-41.436],[144.7639,-41.4359],[144.7639,-41.436],[144.764,-41.436]]],[[[144.7617,-41.4345],[144.7618,-41.4344],[144.7617,-41.4344],[144.7617,-41.4345]]],[[[144.7522,-41.4255],[144.7523,-41.4254],[144.7522,-41.4254],[144.7522,-41.4255]]],[[[144.7496,-41.4238],[144.7494,-41.4239],[144.7495,-41.4239],[144.7496,-41.4238]]],[[[144.7639,-41.4386],[144.764,-41.4385],[144.7638,-41.4385],[144.7639,-41.4386]]],[[[144.7633,-41.4359],[144.7633,-41.4358],[144.7632,-41.4358],[144.7633,-41.4359]]],[[[144.7622,-41.4361],[144.7623,-41.4361],[144.7623,-41.436],[144.7622,-41.4361]]],[[[144.7525,-41.426],[144.7525,-41.4259],[144.7524,-41.4259],[144.7525,-41.426]]],[[[144.7527,-41.4261],[144.7528,-41.426],[144.7526,-41.426],[144.7527,-41.4261]]],[[[144.7655,-41.438],[144.7655,-41.4379],[144.7654,-41.4379],[144.7655,-41.438]]],[[[144.7615,-41.4349],[144.7616,-41.435],[144.7616,-41.4349],[144.7615,-41.4349]]],[[[144.7648,-41.4366],[144.7649,-41.4367],[144.7649,-41.4365],[144.7648,-41.4366]]],[[[144.7646,-41.4378],[144.7646,-41.4377],[144.7645,-41.4377],[144.7646,-41.4378]]],[[[144.7642,-41.4374],[144.7642,-41.4372],[144.7641,-41.4372],[144.7642,-41.4374]]],[[[144.764,-41.4372],[144.7641,-41.4371],[144.764,-41.4371],[144.764,-41.4372]]],[[[144.761,-41.4292],[144.7611,-41.4291],[144.761,-41.4291],[144.761,-41.4292]]],[[[144.7532,-41.4264],[144.7532,-41.4263],[144.7531,-41.4263],[144.7532,-41.4264]]],[[[144.7619,-41.4367],[144.7621,-41.4367],[144.762,-41.4366],[144.7619,-41.4367]]],[[[144.7627,-41.4353],[144.7627,-41.4352],[144.7626,-41.4352],[144.7627,-41.4353]]],[[[144.7476,-41.4236],[144.7477,-41.4235],[144.7476,-41.4235],[144.7476,-41.4236]]],[[[144.7636,-41.4359],[144.7637,-41.4358],[144.7636,-41.4359],[144.7636,-41.4359]]],[[[144.7866,-40.4008],[144.756,-40.4856],[144.7106,-40.4846],[144.7575,-40.606],[144.7866,-40.4008]]],[[[144.7164,-40.6043],[144.7229,-40.6084],[144.7201,-40.5988],[144.7164,-40.6043]]],[[[144.7737,-40.6103],[144.7795,-40.6027],[144.7738,-40.6061],[144.7737,-40.6103]]],[[[144.7813,-40.5989],[144.7813,-40.5998],[144.7819,-40.5983],[144.7813,-40.5989]]],[[[144.7314,-40.5867],[144.7319,-40.5874],[144.7322,-40.5863],[144.7314,-40.5867]]],[[[144.78,-40.6012],[144.7805,-40.6],[144.7799,-40.6007],[144.78,-40.6012]]],[[[144.726,-40.5446],[144.7263,-40.5442],[144.7263,-40.5439],[144.726,-40.5446]]],[[[144.7323,-40.5861],[144.7324,-40.586],[144.732,-40.5857],[144.7323,-40.5861]]],[[[144.7236,-40.6035],[144.7238,-40.6031],[144.7236,-40.6032],[144.7236,-40.6035]]],[[[144.7202,-40.526],[144.7203,-40.5257],[144.7201,-40.5258],[144.7202,-40.526]]],[[[144.7266,-40.5788],[144.7271,-40.5789],[144.7265,-40.5787],[144.7266,-40.5788]]],[[[144.7278,-40.5455],[144.728,-40.5453],[144.7278,-40.5453],[144.7278,-40.5455]]],[[[144.7253,-40.5745],[144.7255,-40.5747],[144.7253,-40.5743],[144.7253,-40.5745]]],[[[144.7132,-40.5816],[144.7133,-40.5815],[144.7132,-40.5813],[144.7132,-40.5816]]],[[[144.7393,-40.5961],[144.7396,-40.596],[144.7394,-40.5959],[144.7393,-40.5961]]],[[[144.7239,-40.6063],[144.7239,-40.606],[144.7238,-40.6061],[144.7239,-40.6063]]],[[[144.7195,-40.5988],[144.7193,-40.5989],[144.7195,-40.5991],[144.7195,-40.5988]]],[[[144.7237,-40.6048],[144.7238,-40.6046],[144.7237,-40.6045],[144.7237,-40.6048]]],[[[144.7257,-40.5368],[144.7258,-40.5368],[144.7259,-40.5365],[144.7257,-40.5368]]],[[[144.7253,-40.5749],[144.7254,-40.5748],[144.7252,-40.5747],[144.7253,-40.5749]]],[[[144.7271,-40.5415],[144.7273,-40.5413],[144.7273,-40.5412],[144.7271,-40.5415]]],[[[144.7794,-40.6025],[144.7795,-40.6023],[144.7794,-40.6024],[144.7794,-40.6025]]],[[[144.7093,-41.2725],[144.7104,-41.273],[144.7095,-41.2698],[144.7093,-41.2725]]],[[[144.6877,-41.246],[144.6879,-41.2457],[144.6868,-41.245],[144.6877,-41.246]]],[[[144.7281,-41.3073],[144.7286,-41.3079],[144.7291,-41.3076],[144.7281,-41.3073]]],[[[144.6869,-41.246],[144.6865,-41.2451],[144.6863,-41.2454],[144.6869,-41.246]],[[144.7245,-41.3036],[144.7237,-41.3038],[144.7244,-41.3031],[144.7245,-41.3036]]],[[[144.6849,-41.21],[144.6858,-41.2098],[144.6858,-41.2095],[144.6849,-41.21]]],[[[144.7304,-41.3182],[144.7308,-41.3183],[144.7303,-41.3176],[144.7304,-41.3182]]],[[[144.733,-41.3195],[144.7333,-41.3198],[144.7336,-41.3194],[144.733,-41.3195]]],[[[144.7109,-41.2779],[144.7108,-41.2783],[144.7115,-41.278],[144.7109,-41.2779]]],[[[144.7319,-41.3189],[144.7324,-41.3189],[144.7323,-41.3183],[144.7319,-41.3189]]],[[[144.6908,-41.2474],[144.6913,-41.2474],[144.6914,-41.247],[144.6908,-41.2474]]],[[[144.7552,-41.4086],[144.7561,-41.4084],[144.7558,-41.4082],[144.7552,-41.4086]]],[[[144.714,-41.279],[144.7147,-41.2789],[144.7142,-41.2787],[144.714,-41.279]]],[[[144.7059,-41.2665],[144.7056,-41.266],[144.7055,-41.2663],[144.7059,-41.2665]]],[[[144.7384,-41.3109],[144.7389,-41.3108],[144.7384,-41.3106],[144.7384,-41.3109]]],[[[144.6877,-41.2517],[144.688,-41.2516],[144.6873,-41.2512],[144.6877,-41.2517]]],[[[144.7148,-41.286],[144.7151,-41.2858],[144.7146,-41.2855],[144.7148,-41.286]]],[[[144.7307,-41.308],[144.7308,-41.3078],[144.7303,-41.3076],[144.7307,-41.308]]],[[[144.7415,-41.33],[144.7416,-41.3296],[144.7412,-41.3296],[144.7415,-41.33]]],[[[144.6877,-41.2157],[144.6879,-41.2159],[144.6876,-41.2153],[144.6877,-41.2157]]],[[[144.7283,-41.3058],[144.7289,-41.306],[144.7284,-41.3056],[144.7283,-41.3058]]],[[[144.7557,-41.4091],[144.7561,-41.4087],[144.7554,-41.4087],[144.7557,-41.4091]]],[[[144.7096,-41.2738],[144.7093,-41.2734],[144.7092,-41.2737],[144.7096,-41.2738]]],[[[144.7312,-41.3173],[144.7318,-41.3169],[144.7312,-41.3171],[144.7312,-41.3173]]],[[[144.7135,-41.2968],[144.7134,-41.296],[144.7133,-41.2964],[144.7135,-41.2968]]],[[[144.7311,-41.3179],[144.7313,-41.3179],[144.7312,-41.3175],[144.7311,-41.3179]]],[[[144.7543,-41.4114],[144.7544,-41.4112],[144.754,-41.4112],[144.7543,-41.4114]]],[[[144.7296,-41.3069],[144.7295,-41.3064],[144.7292,-41.3064],[144.7296,-41.3069]]],[[[144.6984,-41.2552],[144.6987,-41.2553],[144.6986,-41.2549],[144.6984,-41.2552]]],[[[144.7195,-41.2925],[144.7196,-41.2921],[144.7193,-41.2923],[144.7195,-41.2925]]],[[[144.7086,-41.2752],[144.7087,-41.2749],[144.7085,-41.2747],[144.7086,-41.2752]]],[[[144.7451,-41.4207],[144.7457,-41.4209],[144.7455,-41.4207],[144.7451,-41.4207]]],[[[144.727,-41.3053],[144.727,-41.305],[144.7267,-41.3049],[144.727,-41.3053]]],[[[144.7318,-41.3196],[144.7319,-41.3193],[144.7317,-41.3191],[144.7318,-41.3196]]],[[[144.7114,-41.274],[144.7114,-41.2737],[144.7112,-41.2737],[144.7114,-41.274]]],[[[144.7208,-41.3027],[144.7212,-41.3027],[144.7215,-41.3025],[144.7208,-41.3027]]],[[[144.6967,-41.2537],[144.697,-41.2536],[144.6969,-41.2533],[144.6967,-41.2537]]],[[[144.7357,-41.3267],[144.736,-41.3265],[144.7357,-41.3264],[144.7357,-41.3267]]],[[[144.7355,-41.3247],[144.7358,-41.3248],[144.7356,-41.3245],[144.7355,-41.3247]]],[[[144.7454,-41.4194],[144.7456,-41.4195],[144.7458,-41.4192],[144.7454,-41.4194]]],[[[144.7216,-41.3024],[144.7226,-41.3025],[144.7218,-41.3023],[144.7216,-41.3024]]],[[[144.7308,-41.3208],[144.731,-41.3208],[144.7311,-41.3204],[144.7308,-41.3208]]],[[[144.7101,-41.2774],[144.7104,-41.2773],[144.7102,-41.2771],[144.7101,-41.2774]]],[[[144.7484,-41.3337],[144.7485,-41.3334],[144.7483,-41.3335],[144.7484,-41.3337]]],[[[144.7393,-41.3277],[144.7395,-41.3279],[144.7394,-41.3275],[144.7393,-41.3277]]],[[[144.7465,-41.3326],[144.7468,-41.3326],[144.7468,-41.3324],[144.7465,-41.3326]]],[[[144.7563,-41.409],[144.7567,-41.4089],[144.7564,-41.4087],[144.7563,-41.409]]],[[[144.7074,-41.2836],[144.7078,-41.2835],[144.7076,-41.2834],[144.7074,-41.2836]]],[[[144.7165,-41.2971],[144.717,-41.2974],[144.7167,-41.297],[144.7165,-41.2971]]],[[[144.7314,-41.3204],[144.7315,-41.32],[144.7313,-41.3201],[144.7314,-41.3204]]],[[[144.6796,-41.1835],[144.6799,-41.1836],[144.6798,-41.1834],[144.6796,-41.1835]]],[[[144.7316,-41.3208],[144.7318,-41.3207],[144.7317,-41.3204],[144.7316,-41.3208]]],[[[144.7399,-41.3276],[144.7401,-41.3274],[144.7396,-41.3276],[144.7399,-41.3276]]],[[[144.7187,-41.2999],[144.7191,-41.3002],[144.7189,-41.2998],[144.7187,-41.2999]]],[[[144.6978,-41.2544],[144.698,-41.2545],[144.698,-41.2543],[144.6978,-41.2544]]],[[[144.7312,-41.3189],[144.7314,-41.3187],[144.731,-41.3187],[144.7312,-41.3189]]],[[[144.7385,-41.3265],[144.7387,-41.3266],[144.7389,-41.3264],[144.7385,-41.3265]]],[[[144.6876,-41.2508],[144.6873,-41.2506],[144.6872,-41.2508],[144.6876,-41.2508]]],[[[144.7445,-41.3316],[144.7446,-41.3313],[144.7444,-41.3314],[144.7445,-41.3316]]],[[[144.7168,-41.2962],[144.7166,-41.2963],[144.7169,-41.2963],[144.7168,-41.2962]]],[[[144.7155,-41.2967],[144.7157,-41.2969],[144.7154,-41.2965],[144.7155,-41.2967]]],[[[144.7469,-41.3322],[144.7472,-41.3323],[144.747,-41.332],[144.7469,-41.3322]]],[[[144.7292,-41.3072],[144.7293,-41.3071],[144.729,-41.3069],[144.7292,-41.3072]]],[[[144.6798,-41.1831],[144.6798,-41.1829],[144.6796,-41.1829],[144.6798,-41.1831]]],[[[144.6971,-41.254],[144.6972,-41.2539],[144.697,-41.2538],[144.6971,-41.254]]],[[[144.6867,-41.2158],[144.6869,-41.2156],[144.6867,-41.2156],[144.6867,-41.2158]]],[[[144.7457,-41.3319],[144.746,-41.3319],[144.7458,-41.3317],[144.7457,-41.3319]]],[[[144.7336,-41.3077],[144.7338,-41.3076],[144.7337,-41.3074],[144.7336,-41.3077]]],[[[144.7129,-41.2832],[144.7131,-41.2831],[144.7127,-41.2832],[144.7129,-41.2832]]],[[[144.7471,-41.3327],[144.7473,-41.3325],[144.747,-41.3326],[144.7471,-41.3327]]],[[[144.7452,-41.422],[144.7451,-41.4218],[144.745,-41.4217],[144.7452,-41.422]]],[[[144.7315,-41.3213],[144.7316,-41.3211],[144.7314,-41.321],[144.7315,-41.3213]]],[[[144.7071,-41.2833],[144.7071,-41.283],[144.707,-41.2831],[144.7071,-41.2833]]],[[[144.7019,-41.2596],[144.7021,-41.2595],[144.7019,-41.2595],[144.7019,-41.2596]]],[[[144.7274,-41.3061],[144.7275,-41.306],[144.7272,-41.306],[144.7274,-41.3061]]],[[[144.6955,-41.253],[144.6956,-41.2529],[144.6954,-41.2529],[144.6955,-41.253]]],[[[144.7206,-41.3025],[144.721,-41.3024],[144.7208,-41.3024],[144.7206,-41.3025]]],[[[144.6859,-41.2458],[144.6855,-41.2455],[144.6857,-41.2457],[144.6859,-41.2458]]],[[[144.7175,-41.2859],[144.7175,-41.2858],[144.7172,-41.2858],[144.7175,-41.2859]]],[[[144.6967,-41.2521],[144.6969,-41.252],[144.6967,-41.2519],[144.6967,-41.2521]]],[[[144.6973,-41.2545],[144.6973,-41.2544],[144.6971,-41.2544],[144.6973,-41.2545]]],[[[144.6879,-41.2513],[144.6881,-41.2514],[144.6879,-41.2512],[144.6879,-41.2513]]],[[[144.7478,-41.4228],[144.7478,-41.4226],[144.7476,-41.4226],[144.7478,-41.4228]]],[[[144.6904,-41.2486],[144.6905,-41.2484],[144.6903,-41.2485],[144.6904,-41.2486]]],[[[144.7171,-41.3014],[144.7171,-41.3012],[144.717,-41.3011],[144.7171,-41.3014]]],[[[144.7479,-41.3335],[144.7481,-41.3333],[144.748,-41.3333],[144.7479,-41.3335]]],[[[144.7387,-41.3261],[144.7389,-41.326],[144.7387,-41.326],[144.7387,-41.3261]]],[[[144.7538,-41.4114],[144.7538,-41.4113],[144.7535,-41.4113],[144.7538,-41.4114]]],[[[144.7213,-41.3037],[144.7215,-41.3035],[144.7214,-41.3035],[144.7213,-41.3037]]],[[[144.6867,-41.248],[144.6868,-41.2479],[144.6866,-41.2478],[144.6867,-41.248]]],[[[144.7363,-41.3095],[144.7365,-41.3095],[144.7365,-41.3094],[144.7363,-41.3095]]],[[[144.7429,-41.3305],[144.7431,-41.3304],[144.7429,-41.3303],[144.7429,-41.3305]]],[[[144.6774,-41.2224],[144.6774,-41.2222],[144.6773,-41.2222],[144.6774,-41.2224]]],[[[144.7419,-41.3305],[144.7421,-41.3304],[144.7419,-41.3304],[144.7419,-41.3305]]],[[[144.7364,-41.3098],[144.7364,-41.3097],[144.7362,-41.3097],[144.7364,-41.3098]]],[[[144.7474,-41.4182],[144.7473,-41.418],[144.7472,-41.4181],[144.7474,-41.4182]]],[[[144.7182,-41.2979],[144.7182,-41.2978],[144.7181,-41.2977],[144.7182,-41.2979]]],[[[144.7308,-41.3172],[144.7308,-41.3171],[144.7306,-41.3171],[144.7308,-41.3172]]],[[[144.7539,-41.411],[144.7543,-41.4109],[144.7542,-41.4109],[144.7539,-41.411]]],[[[144.7321,-41.3195],[144.7323,-41.3195],[144.7323,-41.3194],[144.7321,-41.3195]]],[[[144.7475,-41.4181],[144.7477,-41.4182],[144.7477,-41.4181],[144.7475,-41.4181]]],[[[144.6917,-41.2477],[144.6918,-41.2476],[144.6916,-41.2476],[144.6917,-41.2477]]],[[[144.7507,-41.335],[144.7508,-41.3349],[144.7506,-41.3349],[144.7507,-41.335]]],[[[144.7362,-41.3096],[144.7364,-41.3097],[144.7365,-41.3097],[144.7362,-41.3096]]],[[[144.6865,-41.2186],[144.6867,-41.2185],[144.6865,-41.2185],[144.6865,-41.2186]]],[[[144.702,-41.258],[144.7021,-41.258],[144.702,-41.2579],[144.702,-41.258]]],[[[144.6898,-41.2494],[144.6899,-41.2494],[144.6898,-41.2493],[144.6898,-41.2494]]],[[[144.7561,-41.4083],[144.7563,-41.4082],[144.7561,-41.4082],[144.7561,-41.4083]]],[[[144.7131,-41.2964],[144.7132,-41.2964],[144.7132,-41.2963],[144.7131,-41.2964]]],[[[144.7283,-41.3063],[144.7283,-41.3061],[144.7282,-41.3062],[144.7283,-41.3063]]],[[[144.7269,-41.3063],[144.727,-41.3063],[144.727,-41.3062],[144.7269,-41.3063]]],[[[144.6864,-41.2184],[144.6864,-41.2183],[144.6862,-41.2183],[144.6864,-41.2184]]],[[[144.7461,-41.3319],[144.7462,-41.3318],[144.746,-41.3318],[144.7461,-41.3319]]],[[[144.731,-41.3169],[144.731,-41.3168],[144.7309,-41.3168],[144.731,-41.3169]]],[[[144.7319,-41.3208],[144.732,-41.3207],[144.7319,-41.3207],[144.7319,-41.3208]]],[[[144.7473,-41.4177],[144.7474,-41.4176],[144.7472,-41.4176],[144.7473,-41.4177]]],[[[144.7478,-41.423],[144.7479,-41.423],[144.7478,-41.423],[144.7478,-41.423]]],[[[144.7171,-41.2972],[144.7172,-41.2973],[144.7171,-41.2971],[144.7171,-41.2972]]],[[[144.7449,-41.4207],[144.745,-41.4207],[144.745,-41.4206],[144.7449,-41.4207]]],[[[144.7514,-41.4144],[144.7513,-41.4143],[144.7512,-41.4143],[144.7514,-41.4144]]],[[[144.6798,-41.1817],[144.6799,-41.1816],[144.6798,-41.1816],[144.6798,-41.1817]]],[[[144.7072,-41.2838],[144.7073,-41.2837],[144.7072,-41.2837],[144.7072,-41.2838]]],[[[144.7539,-41.4108],[144.754,-41.4107],[144.7539,-41.4108],[144.7539,-41.4108]]],[[[144.7535,-41.4118],[144.7536,-41.4117],[144.7536,-41.4116],[144.7535,-41.4118]]],[[[144.741,-41.3289],[144.7411,-41.3288],[144.7411,-41.3287],[144.741,-41.3289]]],[[[144.7074,-41.2833],[144.7074,-41.2832],[144.7073,-41.2832],[144.7074,-41.2833]]],[[[144.6799,-41.1827],[144.6799,-41.1826],[144.6798,-41.1827],[144.6799,-41.1827]]],[[[144.6897,-41.249],[144.6898,-41.249],[144.6898,-41.2489],[144.6897,-41.249]]],[[[144.679,-41.1767],[144.68,-41.177],[144.6777,-41.1752],[144.679,-41.1767]]],[[[144.6106,-40.9411],[144.6119,-40.941],[144.6109,-40.9405],[144.6106,-40.9411]]],[[[144.6124,-40.934],[144.6136,-40.9343],[144.6131,-40.9337],[144.6124,-40.934]]],[[[144.6157,-40.946],[144.6134,-40.9458],[144.6139,-40.9462],[144.6157,-40.946]]],[[[144.6791,-41.1787],[144.6798,-41.1788],[144.6799,-41.1781],[144.6791,-41.1787]]],[[[144.6175,-41.0072],[144.6183,-41.0073],[144.6183,-41.0067],[144.6175,-41.0072]]],[[[144.6728,-41.1602],[144.6732,-41.1601],[144.6726,-41.1598],[144.6728,-41.1602]]],[[[144.6792,-41.1802],[144.6795,-41.1805],[144.68,-41.1803],[144.6792,-41.1802]]],[[[144.6121,-40.935],[144.6113,-40.9355],[144.6123,-40.9352],[144.6121,-40.935]]],[[[144.6251,-41.0273],[144.6243,-41.0275],[144.6259,-41.0275],[144.6251,-41.0273]]],[[[144.6788,-41.1731],[144.6785,-41.1724],[144.6783,-41.173],[144.6788,-41.1731]]],[[[144.6315,-41.04],[144.632,-41.0401],[144.6318,-41.0391],[144.6315,-41.04]]],[[[144.6091,-41.0061],[144.6101,-41.0063],[144.6094,-41.0059],[144.6091,-41.0061]]],[[[144.6725,-41.1589],[144.6735,-41.1586],[144.6728,-41.1586],[144.6725,-41.1589]]],[[[144.6283,-40.9788],[144.6289,-40.9791],[144.6291,-40.9788],[144.6283,-40.9788]]],[[[144.6755,-41.17],[144.6756,-41.1695],[144.6751,-41.1695],[144.6755,-41.17]]],[[[144.6279,-40.9248],[144.6282,-40.925],[144.6288,-40.9247],[144.6279,-40.9248]]],[[[144.677,-41.1713],[144.6769,-41.1708],[144.6764,-41.1708],[144.677,-41.1713]]],[[[144.6791,-41.1775],[144.6798,-41.1777],[144.6798,-41.1775],[144.6791,-41.1775]]],[[[144.6337,-41.0404],[144.6343,-41.0403],[144.6339,-41.0401],[144.6337,-41.0404]]],[[[144.6663,-41.1263],[144.667,-41.1265],[144.6664,-41.1261],[144.6663,-41.1263]]],[[[144.6799,-41.1794],[144.6797,-41.179],[144.6796,-41.1792],[144.6799,-41.1794]]],[[[144.6214,-41.024],[144.6212,-41.0241],[144.622,-41.0241],[144.6214,-41.024]]],[[[144.6328,-41.0406],[144.6334,-41.0405],[144.633,-41.0403],[144.6328,-41.0406]]],[[[144.6344,-41.0419],[144.6341,-41.0419],[144.6345,-41.0423],[144.6344,-41.0419]]],[[[144.6806,-41.1735],[144.6807,-41.1733],[144.6803,-41.1731],[144.6806,-41.1735]]],[[[144.6152,-40.9334],[144.6152,-40.933],[144.6148,-40.9332],[144.6152,-40.9334]]],[[[144.7925,-41.0827],[144.7928,-41.0827],[144.7928,-41.0823],[144.7925,-41.0827]]],[[[144.6391,-41.0457],[144.6396,-41.0458],[144.6388,-41.0455],[144.6391,-41.0457]]],[[[144.63,-40.923],[144.6303,-40.9231],[144.6307,-40.9229],[144.63,-40.923]]],[[[144.6267,-41.0276],[144.6264,-41.0277],[144.627,-41.0278],[144.6267,-41.0276]]],[[[144.637,-41.0443],[144.6377,-41.0444],[144.6367,-41.0441],[144.637,-41.0443]]],[[[144.6134,-40.9387],[144.6143,-40.9385],[144.6139,-40.9384],[144.6134,-40.9387]]],[[[144.6127,-40.946],[144.6131,-40.9463],[144.6133,-40.9462],[144.6127,-40.946]]],[[[144.6798,-41.1813],[144.6797,-41.1807],[144.6796,-41.1809],[144.6798,-41.1813]]],[[[144.6684,-41.126],[144.6685,-41.1259],[144.6679,-41.1256],[144.6684,-41.126]]],[[[144.6811,-41.175],[144.6814,-41.1751],[144.6815,-41.1749],[144.6811,-41.175]]],[[[144.6392,-40.9186],[144.6396,-40.9184],[144.6393,-40.9182],[144.6392,-40.9186]]],[[[144.6377,-41.0434],[144.6374,-41.0433],[144.6378,-41.0437],[144.6377,-41.0434]]],[[[144.6078,-41.0074],[144.6079,-41.0075],[144.6083,-41.0074],[144.6078,-41.0074]]],[[[144.6317,-40.9212],[144.6325,-40.9213],[144.6319,-40.9211],[144.6317,-40.9212]]],[[[144.6215,-40.9494],[144.621,-40.9491],[144.6213,-40.9495],[144.6215,-40.9494]]],[[[144.6267,-40.9796],[144.6269,-40.9793],[144.6266,-40.9793],[144.6267,-40.9796]]],[[[144.6353,-40.9209],[144.6358,-40.9209],[144.6354,-40.9206],[144.6353,-40.9209]]],[[[144.6785,-41.1484],[144.6786,-41.1481],[144.6782,-41.148],[144.6785,-41.1484]]],[[[144.6476,-40.9198],[144.6476,-40.9196],[144.6472,-40.9192],[144.6476,-40.9198]]],[[[144.6165,-41.0069],[144.6169,-41.0069],[144.6164,-41.0068],[144.6165,-41.0069]]],[[[144.6242,-41.0051],[144.6244,-41.0052],[144.6241,-41.0048],[144.6242,-41.0051]]],[[[144.6534,-41.0529],[144.6532,-41.053],[144.6536,-41.0532],[144.6534,-41.0529]]],[[[144.6207,-41.0242],[144.6204,-41.0243],[144.6209,-41.0243],[144.6207,-41.0242]]],[[[144.6113,-40.9365],[144.6107,-40.9366],[144.611,-40.9367],[144.6113,-40.9365]]],[[[144.6157,-40.9343],[144.6159,-40.9343],[144.6159,-40.934],[144.6157,-40.9343]]],[[[144.6395,-41.0458],[144.6397,-41.046],[144.6401,-41.0459],[144.6395,-41.0458]]],[[[144.6485,-41.0466],[144.6488,-41.0468],[144.6487,-41.0465],[144.6485,-41.0466]]],[[[144.6108,-40.9325],[144.6111,-40.9326],[144.611,-40.9324],[144.6108,-40.9325]]],[[[144.6681,-40.9062],[144.6686,-40.9064],[144.6682,-40.9061],[144.6681,-40.9062]]],[[[144.6768,-41.1706],[144.6766,-41.1704],[144.6763,-41.1705],[144.6768,-41.1706]]],[[[144.6089,-40.9378],[144.6088,-40.938],[144.6091,-40.938],[144.6089,-40.9378]]],[[[144.608,-41.0051],[144.6078,-41.0051],[144.6082,-41.0052],[144.608,-41.0051]]],[[[144.6312,-40.9741],[144.6312,-40.9739],[144.6309,-40.9739],[144.6312,-40.9741]]],[[[144.6739,-41.1412],[144.6739,-41.1409],[144.6737,-41.1409],[144.6739,-41.1412]]],[[[144.6454,-41.0464],[144.6458,-41.0465],[144.6455,-41.0463],[144.6454,-41.0464]]],[[[144.6311,-41.0441],[144.6314,-41.0443],[144.6312,-41.044],[144.6311,-41.0441]]],[[[144.6107,-40.9383],[144.6111,-40.9383],[144.6108,-40.9381],[144.6107,-40.9383]]],[[[144.6112,-40.9377],[144.6117,-40.9376],[144.6112,-40.9376],[144.6112,-40.9377]]],[[[144.6107,-40.936],[144.6104,-40.936],[144.6107,-40.9362],[144.6107,-40.936]]],[[[144.674,-41.1408],[144.6744,-41.141],[144.6741,-41.1407],[144.674,-41.1408]]],[[[144.637,-41.0439],[144.6374,-41.0441],[144.6375,-41.0441],[144.637,-41.0439]]],[[[144.6173,-41.0212],[144.6177,-41.0213],[144.6176,-41.0211],[144.6173,-41.0212]]],[[[144.6212,-40.9486],[144.6211,-40.9488],[144.6214,-40.9489],[144.6212,-40.9486]]],[[[144.6178,-41.0217],[144.6182,-41.0218],[144.6181,-41.0217],[144.6178,-41.0217]]],[[[144.6176,-40.932],[144.6179,-40.9321],[144.6179,-40.932],[144.6176,-40.932]]],[[[144.6384,-41.0444],[144.6388,-41.0446],[144.6385,-41.0444],[144.6384,-41.0444]]],[[[144.6705,-41.1022],[144.671,-41.1023],[144.6707,-41.1021],[144.6705,-41.1022]]],[[[144.6272,-40.9283],[144.6276,-40.9283],[144.6277,-40.9282],[144.6272,-40.9283]]],[[[144.6765,-41.1683],[144.6764,-41.168],[144.6763,-41.1682],[144.6765,-41.1683]]],[[[144.6114,-40.938],[144.6117,-40.938],[144.6116,-40.9379],[144.6114,-40.938]]],[[[144.6542,-41.0495],[144.654,-41.0497],[144.6542,-41.0497],[144.6542,-41.0495]]],[[[144.6556,-41.0517],[144.6558,-41.0517],[144.6559,-41.0516],[144.6556,-41.0517]]],[[[144.628,-41.0326],[144.6285,-41.0326],[144.628,-41.0325],[144.628,-41.0326]]],[[[144.669,-40.9062],[144.6694,-40.9063],[144.669,-40.9062],[144.669,-40.9062]]],[[[144.6132,-41.0212],[144.6135,-41.0212],[144.6135,-41.0211],[144.6132,-41.0212]]],[[[144.6288,-41.0328],[144.6291,-41.0328],[144.6288,-41.0327],[144.6288,-41.0328]]],[[[144.6114,-40.9422],[144.6112,-40.9422],[144.6115,-40.9424],[144.6114,-40.9422]]],[[[144.6338,-41.0396],[144.6342,-41.0397],[144.634,-41.0395],[144.6338,-41.0396]]],[[[144.6281,-40.924],[144.6279,-40.924],[144.6283,-40.9241],[144.6281,-40.924]]],[[[144.6301,-41.0317],[144.6304,-41.0318],[144.6303,-41.0316],[144.6301,-41.0317]]],[[[144.6145,-40.9331],[144.6146,-40.9331],[144.6146,-40.9329],[144.6145,-40.9331]]],[[[144.6405,-41.0466],[144.6402,-41.0465],[144.6406,-41.0467],[144.6405,-41.0466]]],[[[144.6499,-40.9034],[144.6497,-40.9035],[144.65,-40.9036],[144.6499,-40.9034]]],[[[144.6256,-40.9321],[144.6255,-40.9322],[144.6258,-40.9323],[144.6256,-40.9321]]],[[[144.6815,-41.1738],[144.6815,-41.1737],[144.6813,-41.1735],[144.6815,-41.1738]]],[[[144.6372,-41.045],[144.6374,-41.045],[144.637,-41.0448],[144.6372,-41.045]]],[[[144.6361,-40.9207],[144.6359,-40.9209],[144.6363,-40.9208],[144.6361,-40.9207]]],[[[144.63,-41.0394],[144.6302,-41.0395],[144.6303,-41.0394],[144.63,-41.0394]]],[[[144.624,-41.0054],[144.6242,-41.0055],[144.624,-41.0053],[144.624,-41.0054]]],[[[144.6305,-40.9743],[144.6308,-40.9744],[144.6307,-40.9742],[144.6305,-40.9743]]],[[[144.6127,-40.9331],[144.6125,-40.9331],[144.6125,-40.9334],[144.6127,-40.9331]]],[[[144.614,-41.0074],[144.6138,-41.0074],[144.6142,-41.0075],[144.614,-41.0074]]],[[[144.611,-40.9456],[144.6111,-40.9456],[144.6112,-40.9454],[144.611,-40.9456]]],[[[144.6471,-41.0461],[144.6472,-41.0462],[144.6472,-41.046],[144.6471,-41.0461]]],[[[144.6309,-41.0384],[144.6306,-41.0384],[144.631,-41.0385],[144.6309,-41.0384]]],[[[144.6097,-40.9375],[144.61,-40.9376],[144.6099,-40.9374],[144.6097,-40.9375]]],[[[144.6089,-40.9384],[144.6091,-40.9384],[144.6091,-40.9382],[144.6089,-40.9384]]],[[[144.6273,-40.9796],[144.6275,-40.9795],[144.6274,-40.9794],[144.6273,-40.9796]]],[[[144.6099,-40.9413],[144.6102,-40.9414],[144.6101,-40.9413],[144.6099,-40.9413]]],[[[144.6101,-40.9444],[144.6102,-40.9443],[144.6099,-40.9442],[144.6101,-40.9444]]],[[[144.6744,-41.1055],[144.6744,-41.1054],[144.6741,-41.1053],[144.6744,-41.1055]]],[[[144.6124,-40.9463],[144.6126,-40.9461],[144.6123,-40.9461],[144.6124,-40.9463]]],[[[144.6487,-40.9194],[144.6488,-40.9193],[144.6487,-40.9192],[144.6487,-40.9194]]],[[[144.6408,-41.0464],[144.6411,-41.0465],[144.6408,-41.0463],[144.6408,-41.0464]]],[[[144.6442,-40.92],[144.6443,-40.9201],[144.6444,-40.9201],[144.6442,-40.92]]],[[[144.6215,-40.9492],[144.6215,-40.949],[144.6213,-40.949],[144.6215,-40.9492]]],[[[144.6521,-40.9055],[144.6524,-40.9055],[144.6522,-40.9054],[144.6521,-40.9055]]],[[[144.6129,-40.9465],[144.6128,-40.9464],[144.6127,-40.9465],[144.6129,-40.9465]]],[[[144.6305,-41.0438],[144.6307,-41.0439],[144.6306,-41.0438],[144.6305,-41.0438]]],[[[144.6664,-41.1273],[144.6667,-41.1274],[144.6666,-41.1273],[144.6664,-41.1273]]],[[[144.6111,-40.9341],[144.6114,-40.9343],[144.611,-40.9341],[144.6111,-40.9341]]],[[[144.6327,-41.0348],[144.6329,-41.0348],[144.6328,-41.0347],[144.6327,-41.0348]]],[[[144.6791,-41.1772],[144.6793,-41.1771],[144.679,-41.177],[144.6791,-41.1772]]],[[[144.6166,-40.932],[144.6168,-40.9321],[144.6167,-40.9319],[144.6166,-40.932]]],[[[144.6147,-40.9326],[144.615,-40.9326],[144.6147,-40.9326],[144.6147,-40.9326]]],[[[144.6198,-40.9453],[144.6201,-40.9452],[144.6199,-40.9452],[144.6198,-40.9453]]],[[[144.6307,-41.0397],[144.6309,-41.0398],[144.6308,-41.0396],[144.6307,-41.0397]]],[[[144.6328,-41.0441],[144.6331,-41.0442],[144.633,-41.044],[144.6328,-41.0441]]],[[[144.6093,-40.9406],[144.6095,-40.9407],[144.6095,-40.9405],[144.6093,-40.9406]]],[[[144.6125,-40.9456],[144.6123,-40.9457],[144.6126,-40.9458],[144.6125,-40.9456]]],[[[144.6561,-40.9124],[144.656,-40.9124],[144.6559,-40.9125],[144.6561,-40.9124]]],[[[144.6772,-41.1763],[144.6775,-41.1763],[144.6772,-41.1762],[144.6772,-41.1763]]],[[[144.6157,-40.9457],[144.6159,-40.9457],[144.6158,-40.9455],[144.6157,-40.9457]]],[[[144.6093,-40.9351],[144.6095,-40.9351],[144.6093,-40.935],[144.6093,-40.9351]]],[[[144.6269,-40.9268],[144.6272,-40.9268],[144.627,-40.9267],[144.6269,-40.9268]]],[[[144.637,-41.0451],[144.6372,-41.0451],[144.6371,-41.045],[144.637,-41.0451]]],[[[144.6118,-40.9318],[144.6118,-40.9319],[144.612,-40.9319],[144.6118,-40.9318]]],[[[144.6794,-41.1811],[144.6793,-41.1808],[144.6793,-41.181],[144.6794,-41.1811]]],[[[144.6534,-40.9064],[144.6537,-40.9064],[144.6535,-40.9063],[144.6534,-40.9064]]],[[[144.6374,-40.9182],[144.6377,-40.9182],[144.6375,-40.9181],[144.6374,-40.9182]]],[[[144.6291,-40.9819],[144.629,-40.9818],[144.6288,-40.9818],[144.6291,-40.9819]]],[[[144.6115,-40.9326],[144.6117,-40.9326],[144.6116,-40.9325],[144.6115,-40.9326]]],[[[144.6292,-40.9752],[144.6293,-40.9753],[144.6294,-40.9752],[144.6292,-40.9752]]],[[[144.6298,-41.0335],[144.63,-41.0335],[144.6298,-41.0334],[144.6298,-41.0335]]],[[[144.6771,-41.1722],[144.6773,-41.1721],[144.677,-41.1721],[144.6771,-41.1722]]],[[[144.6321,-40.9211],[144.6324,-40.9211],[144.6324,-40.9211],[144.6321,-40.9211]]],[[[144.6299,-40.922],[144.6301,-40.9221],[144.63,-40.922],[144.6299,-40.922]]],[[[144.6143,-41.0078],[144.6145,-41.0077],[144.6144,-41.0076],[144.6143,-41.0078]]],[[[144.6701,-40.9066],[144.6704,-40.9067],[144.6701,-40.9066],[144.6701,-40.9066]]],[[[144.6782,-41.1483],[144.6782,-41.1481],[144.6781,-41.1482],[144.6782,-41.1483]]],[[[144.6132,-41.014],[144.6135,-41.014],[144.6133,-41.0139],[144.6132,-41.014]]],[[[144.6178,-40.9314],[144.618,-40.9314],[144.6178,-40.9314],[144.6178,-40.9314]]],[[[144.6729,-41.162],[144.6731,-41.1619],[144.6729,-41.1619],[144.6729,-41.162]]],[[[144.6465,-40.9192],[144.6468,-40.9192],[144.6466,-40.9191],[144.6465,-40.9192]]],[[[144.6098,-40.9386],[144.61,-40.9388],[144.6099,-40.9386],[144.6098,-40.9386]]],[[[144.6104,-40.9377],[144.6104,-40.9378],[144.6105,-40.9378],[144.6104,-40.9377]]],[[[144.6727,-41.1615],[144.6728,-41.1613],[144.6726,-41.1613],[144.6727,-41.1615]]],[[[144.6484,-41.0477],[144.6485,-41.0476],[144.6485,-41.0475],[144.6484,-41.0477]]],[[[144.6738,-40.9079],[144.6739,-40.9079],[144.674,-40.9079],[144.6738,-40.9079]]],[[[144.6592,-41.0579],[144.6593,-41.0578],[144.6591,-41.0577],[144.6592,-41.0579]]],[[[144.6486,-41.0472],[144.6486,-41.0471],[144.6485,-41.0471],[144.6486,-41.0472]]],[[[144.6385,-41.0423],[144.6383,-41.0423],[144.6385,-41.0424],[144.6385,-41.0423]]],[[[144.6388,-40.9187],[144.639,-40.9187],[144.639,-40.9186],[144.6388,-40.9187]]],[[[144.6403,-41.0464],[144.6405,-41.0465],[144.6403,-41.0463],[144.6403,-41.0464]]],[[[144.6274,-40.9801],[144.6274,-40.9802],[144.6276,-40.9802],[144.6274,-40.9801]]],[[[144.611,-40.9421],[144.6113,-40.942],[144.6111,-40.942],[144.611,-40.9421]]],[[[144.6275,-40.9244],[144.6274,-40.9245],[144.6276,-40.9245],[144.6275,-40.9244]]],[[[144.6123,-40.9333],[144.6124,-40.9332],[144.6122,-40.9332],[144.6123,-40.9333]]],[[[144.61,-40.9355],[144.6103,-40.9355],[144.6102,-40.9354],[144.61,-40.9355]]],[[[144.6128,-40.9458],[144.613,-40.9458],[144.6131,-40.9458],[144.6128,-40.9458]]],[[[144.6128,-41.0209],[144.613,-41.0209],[144.6129,-41.0208],[144.6128,-41.0209]]],[[[144.6337,-41.0414],[144.6339,-41.0414],[144.6338,-41.0413],[144.6337,-41.0414]]],[[[144.6255,-40.9806],[144.6257,-40.9806],[144.6256,-40.9805],[144.6255,-40.9806]]],[[[144.6498,-40.9024],[144.65,-40.9024],[144.65,-40.9023],[144.6498,-40.9024]]],[[[144.6162,-40.9456],[144.6164,-40.9456],[144.6164,-40.9454],[144.6162,-40.9456]]],[[[144.6689,-40.9059],[144.6692,-40.9059],[144.6691,-40.9058],[144.6689,-40.9059]]],[[[144.6082,-40.941],[144.6082,-40.9411],[144.6084,-40.9411],[144.6082,-40.941]]],[[[144.6205,-40.9451],[144.6206,-40.9451],[144.6206,-40.945],[144.6205,-40.9451]]],[[[144.634,-41.0409],[144.6338,-41.0409],[144.634,-41.0409],[144.634,-41.0409]]],[[[144.6741,-40.9082],[144.6743,-40.9082],[144.6741,-40.9081],[144.6741,-40.9082]]],[[[144.6555,-40.909],[144.6554,-40.9089],[144.6553,-40.9088],[144.6555,-40.909]]],[[[144.6261,-40.9522],[144.626,-40.9521],[144.6259,-40.9522],[144.6261,-40.9522]]],[[[144.679,-41.1784],[144.679,-41.1783],[144.6789,-41.1783],[144.679,-41.1784]]],[[[144.6788,-41.1798],[144.6789,-41.1798],[144.6789,-41.1796],[144.6788,-41.1798]]],[[[144.6428,-41.0461],[144.6426,-41.046],[144.6427,-41.0462],[144.6428,-41.0461]]],[[[144.6494,-40.9026],[144.6497,-40.9026],[144.6497,-40.9025],[144.6494,-40.9026]]],[[[144.6274,-40.9805],[144.6275,-40.9805],[144.6275,-40.9804],[144.6274,-40.9805]]],[[[144.6284,-40.9308],[144.6283,-40.9309],[144.6285,-40.9309],[144.6284,-40.9308]]],[[[144.6291,-40.9566],[144.6292,-40.9566],[144.6291,-40.9565],[144.6291,-40.9566]]],[[[144.6787,-41.1785],[144.6788,-41.1785],[144.6788,-41.1784],[144.6787,-41.1785]]],[[[144.6544,-40.914],[144.6546,-40.9141],[144.6546,-40.914],[144.6544,-40.914]]],[[[144.6201,-41.0061],[144.62,-41.0062],[144.6202,-41.0061],[144.6201,-41.0061]]],[[[144.6124,-40.9454],[144.6122,-40.9454],[144.6123,-40.9455],[144.6124,-40.9454]]],[[[144.6089,-40.9408],[144.6091,-40.9408],[144.609,-40.9407],[144.6089,-40.9408]]],[[[144.6379,-41.0425],[144.6381,-41.0425],[144.638,-41.0424],[144.6379,-41.0425]]],[[[144.646,-41.0462],[144.6462,-41.0462],[144.6461,-41.0461],[144.646,-41.0462]]],[[[144.6261,-40.952],[144.6262,-40.9519],[144.6261,-40.9519],[144.6261,-40.952]]],[[[144.6407,-40.9183],[144.6409,-40.9182],[144.6407,-40.9182],[144.6407,-40.9183]]],[[[144.6197,-40.945],[144.6195,-40.9451],[144.6196,-40.9451],[144.6197,-40.945]]],[[[144.6231,-40.9508],[144.6233,-40.9506],[144.6231,-40.9507],[144.6231,-40.9508]]],[[[144.615,-40.9457],[144.6152,-40.9458],[144.6153,-40.9457],[144.615,-40.9457]]],[[[144.78,-41.0685],[144.7801,-41.0685],[144.7801,-41.0684],[144.78,-41.0685]]],[[[144.6288,-40.9258],[144.629,-40.9258],[144.6288,-40.9258],[144.6288,-40.9258]]],[[[144.6085,-40.9374],[144.6088,-40.9375],[144.6086,-40.9374],[144.6085,-40.9374]]],[[[144.6181,-40.9332],[144.6183,-40.9332],[144.6183,-40.9331],[144.6181,-40.9332]]],[[[144.6351,-40.9018],[144.6352,-40.9017],[144.6351,-40.9017],[144.6351,-40.9018]]],[[[144.6794,-41.1813],[144.6795,-41.1812],[144.6794,-41.1812],[144.6794,-41.1813]]],[[[144.6479,-41.0469],[144.648,-41.0469],[144.6479,-41.0469],[144.6479,-41.0469]]],[[[144.6145,-40.9463],[144.6146,-40.9463],[144.6145,-40.9462],[144.6145,-40.9463]]],[[[144.6112,-40.94],[144.6113,-40.9401],[144.6113,-40.94],[144.6112,-40.94]]],[[[144.6212,-41.0244],[144.6211,-41.0243],[144.621,-41.0244],[144.6212,-41.0244]]],[[[144.6349,-40.902],[144.635,-40.9019],[144.6349,-40.9019],[144.6349,-40.902]]],[[[144.6295,-41.0387],[144.6296,-41.0386],[144.6295,-41.0386],[144.6295,-41.0387]]],[[[144.6257,-41.0267],[144.6257,-41.0268],[144.6258,-41.0268],[144.6257,-41.0267]]],[[[144.6617,-41.0561],[144.6619,-41.0561],[144.6618,-41.056],[144.6617,-41.0561]]],[[[144.6149,-40.9347],[144.615,-40.9347],[144.6148,-40.9346],[144.6149,-40.9347]]],[[[144.6101,-40.9378],[144.6102,-40.9379],[144.6102,-40.9377],[144.6101,-40.9378]]],[[[144.6309,-41.0404],[144.631,-41.0404],[144.6309,-41.0403],[144.6309,-41.0404]]],[[[144.624,-40.9511],[144.6241,-40.951],[144.624,-40.951],[144.624,-40.9511]]],[[[144.6697,-40.9058],[144.6699,-40.9058],[144.6698,-40.9057],[144.6697,-40.9058]]],[[[144.6278,-40.9794],[144.6279,-40.9794],[144.6279,-40.9794],[144.6278,-40.9794]]],[[[144.6298,-40.9754],[144.6296,-40.9754],[144.6297,-40.9754],[144.6298,-40.9754]]],[[[144.6305,-40.9232],[144.6306,-40.9231],[144.6305,-40.9231],[144.6305,-40.9232]]],[[[144.6212,-40.933],[144.621,-40.933],[144.6213,-40.933],[144.6212,-40.933]]],[[[144.6086,-40.9378],[144.6088,-40.9377],[144.6086,-40.9377],[144.6086,-40.9378]]],[[[144.6117,-40.9366],[144.6118,-40.9366],[144.6118,-40.9365],[144.6117,-40.9366]]],[[[144.628,-40.9796],[144.6281,-40.9796],[144.628,-40.9795],[144.628,-40.9796]]],[[[144.6226,-40.9323],[144.6227,-40.9322],[144.6226,-40.9322],[144.6226,-40.9323]]],[[[144.6403,-40.9183],[144.6404,-40.9182],[144.6403,-40.9182],[144.6403,-40.9183]]],[[[144.6372,-40.9207],[144.6372,-40.9208],[144.6374,-40.9208],[144.6372,-40.9207]]],[[[144.6107,-40.9343],[144.6108,-40.9343],[144.6107,-40.9343],[144.6107,-40.9343]]],[[[144.6482,-41.0466],[144.6481,-41.0466],[144.6481,-41.0467],[144.6482,-41.0466]]],[[[144.6207,-41.0241],[144.6209,-41.0241],[144.6207,-41.024],[144.6207,-41.0241]]],[[[144.6283,-40.9253],[144.6284,-40.9254],[144.6285,-40.9254],[144.6283,-40.9253]]],[[[144.613,-40.9334],[144.6131,-40.9334],[144.6131,-40.9333],[144.613,-40.9334]]],[[[144.6534,-40.9062],[144.6533,-40.9062],[144.6535,-40.9062],[144.6534,-40.9062]]],[[[144.6619,-40.9047],[144.662,-40.9046],[144.6619,-40.9046],[144.6619,-40.9047]]],[[[144.626,-40.9257],[144.6261,-40.9257],[144.626,-40.9256],[144.626,-40.9257]]],[[[144.611,-40.9426],[144.611,-40.9426],[144.6108,-40.9425],[144.611,-40.9426]]],[[[144.6414,-41.0461],[144.6415,-41.046],[144.6414,-41.046],[144.6414,-41.0461]]],[[[144.6163,-40.9303],[144.6164,-40.9302],[144.6163,-40.9302],[144.6163,-40.9303]]],[[[144.6303,-40.9222],[144.6302,-40.9222],[144.6304,-40.9222],[144.6303,-40.9222]]],[[[144.6285,-40.982],[144.6287,-40.9819],[144.6285,-40.9819],[144.6285,-40.982]]],[[[144.6247,-40.9812],[144.6246,-40.9812],[144.6247,-40.9813],[144.6247,-40.9812]]],[[[144.632,-40.9219],[144.6319,-40.922],[144.632,-40.922],[144.632,-40.9219]]],[[[144.6107,-40.9372],[144.6108,-40.9371],[144.6106,-40.9371],[144.6107,-40.9372]]],[[[144.6149,-40.9354],[144.615,-40.9355],[144.6149,-40.9354],[144.6149,-40.9354]]],[[[144.6101,-40.9386],[144.6102,-40.9385],[144.6101,-40.9384],[144.6101,-40.9386]]],[[[144.6687,-40.906],[144.6688,-40.9059],[144.6687,-40.9059],[144.6687,-40.906]]],[[[144.6269,-40.9268],[144.6267,-40.9268],[144.6268,-40.9269],[144.6269,-40.9268]]],[[[144.6371,-40.9204],[144.637,-40.9205],[144.6372,-40.9205],[144.6371,-40.9204]]],[[[144.6368,-40.9182],[144.6369,-40.9183],[144.6369,-40.9182],[144.6368,-40.9182]]],[[[144.6387,-41.0438],[144.6389,-41.0438],[144.6388,-41.0438],[144.6387,-41.0438]]],[[[144.6189,-40.9447],[144.619,-40.9447],[144.619,-40.9446],[144.6189,-40.9447]]],[[[144.6366,-40.918],[144.6367,-40.918],[144.6368,-40.9179],[144.6366,-40.918]]],[[[144.6285,-40.9268],[144.6286,-40.9267],[144.6285,-40.9267],[144.6285,-40.9268]]],[[[144.6398,-40.9173],[144.6399,-40.9173],[144.6398,-40.9172],[144.6398,-40.9173]],[[144.6545,-40.3775],[144.6524,-40.3813],[144.6557,-40.3721],[144.6545,-40.3775]]],[[[144.6522,-40.3818],[144.653,-40.382],[144.6519,-40.3813],[144.6522,-40.3818]]],[[[144.6525,-40.3799],[144.6527,-40.3801],[144.653,-40.3801],[144.6525,-40.3799]]],[[[144.6521,-40.3811],[144.6524,-40.3812],[144.652,-40.3808],[144.6521,-40.3811]]],[[[144.6529,-40.3814],[144.6526,-40.3813],[144.653,-40.3815],[144.6529,-40.3814]]],[[[144.6523,-40.38],[144.6522,-40.38],[144.6525,-40.3801],[144.6523,-40.38]]],[[[144.6526,-40.3807],[144.6527,-40.3807],[144.6525,-40.3806],[144.6526,-40.3807]]],[[[144.6524,-40.3811],[144.6525,-40.3811],[144.6523,-40.381],[144.6524,-40.3811]]],[[[144.678,-40.6718],[144.682,-40.6726],[144.6792,-40.6704],[144.678,-40.6718]]],[[[144.6699,-40.6713],[144.6743,-40.6716],[144.6737,-40.6701],[144.6699,-40.6713]]],[[[144.7341,-40.6396],[144.7327,-40.6389],[144.7332,-40.6415],[144.7341,-40.6396]]],[[[144.6977,-40.8016],[144.697,-40.8032],[144.6989,-40.8017],[144.6977,-40.8016]]],[[[144.6971,-40.7815],[144.6973,-40.7823],[144.6983,-40.7814],[144.6971,-40.7815]]],[[[144.6758,-40.7167],[144.6764,-40.7168],[144.6773,-40.7154],[144.6758,-40.7167]]],[[[144.7021,-40.6447],[144.7026,-40.6449],[144.7033,-40.6443],[144.7021,-40.6447]]],[[[144.7026,-40.7917],[144.7032,-40.7919],[144.7037,-40.7912],[144.7026,-40.7917]]],[[[144.6856,-40.6715],[144.6865,-40.6709],[144.6855,-40.6708],[144.6856,-40.6715]],[[144.7035,-40.6559],[144.7031,-40.6552],[144.7044,-40.6565],[144.7035,-40.6559]]],[[[144.7591,-40.6945],[144.7601,-40.6955],[144.7608,-40.6952],[144.7591,-40.6945]]],[[[144.7058,-40.8325],[144.7058,-40.8322],[144.7052,-40.8333],[144.7058,-40.8325]]],[[[144.7005,-40.7793],[144.7011,-40.779],[144.7005,-40.7785],[144.7005,-40.7793]]],[[[144.6987,-40.8007],[144.6987,-40.8011],[144.6997,-40.8014],[144.6987,-40.8007]]],[[[144.7004,-40.7884],[144.7012,-40.7888],[144.701,-40.7884],[144.7004,-40.7884]]],[[[144.7425,-40.662],[144.7436,-40.6616],[144.7426,-40.6616],[144.7425,-40.662]]],[[[144.649,-40.8976],[144.65,-40.8978],[144.6493,-40.8974],[144.649,-40.8976]]],[[[144.7017,-40.789],[144.7022,-40.7891],[144.7026,-40.7888],[144.7017,-40.789]]],[[[144.7663,-40.7394],[144.7659,-40.7395],[144.7662,-40.74],[144.7663,-40.7394]]],[[[144.6778,-40.7137],[144.6776,-40.7133],[144.6778,-40.7141],[144.6778,-40.7137]]],[[[144.6966,-40.7824],[144.6964,-40.7823],[144.6965,-40.783],[144.6966,-40.7824]]],[[[144.705,-40.7932],[144.7044,-40.7934],[144.7043,-40.7938],[144.705,-40.7932]]],[[[144.7037,-40.759],[144.7036,-40.7585],[144.7032,-40.7584],[144.7037,-40.759]]],[[[144.6754,-40.7178],[144.6757,-40.7181],[144.6759,-40.7176],[144.6754,-40.7178]]],[[[144.6976,-40.8006],[144.6971,-40.8006],[144.6977,-40.8009],[144.6976,-40.8006]]],[[[144.7024,-40.655],[144.7028,-40.6549],[144.7022,-40.6548],[144.7024,-40.655]]],[[[144.701,-40.8055],[144.7014,-40.8055],[144.701,-40.8052],[144.701,-40.8055]]],[[[144.6988,-40.786],[144.6993,-40.786],[144.6989,-40.7857],[144.6988,-40.786]]],[[[144.689,-40.7033],[144.6892,-40.7032],[144.6882,-40.703],[144.689,-40.7033]]],[[[144.6874,-40.7004],[144.687,-40.7005],[144.6879,-40.7004],[144.6874,-40.7004]]],[[[144.6843,-40.6746],[144.6847,-40.6739],[144.6843,-40.6743],[144.6843,-40.6746]]],[[[144.6967,-40.8018],[144.6974,-40.8014],[144.6968,-40.8016],[144.6967,-40.8018]]],[[[144.7034,-40.792],[144.7041,-40.7916],[144.7038,-40.7916],[144.7034,-40.792]]],[[[144.6953,-40.8127],[144.6955,-40.8125],[144.6955,-40.8122],[144.6953,-40.8127]]],[[[144.7004,-40.8025],[144.701,-40.8027],[144.7009,-40.8024],[144.7004,-40.8025]]],[[[144.6975,-40.8214],[144.698,-40.8211],[144.6977,-40.821],[144.6975,-40.8214]]],[[[144.6997,-40.7802],[144.7003,-40.7801],[144.6997,-40.78],[144.6997,-40.7802]]],[[[144.6924,-40.7866],[144.6922,-40.7864],[144.6921,-40.7868],[144.6924,-40.7866]]],[[[144.6988,-40.8212],[144.6991,-40.8213],[144.6992,-40.8211],[144.6988,-40.8212]]],[[[144.7447,-40.6613],[144.7446,-40.6616],[144.7449,-40.6615],[144.7447,-40.6613]]],[[[144.7662,-40.7433],[144.7658,-40.7432],[144.766,-40.7435],[144.7662,-40.7433]]],[[[144.7006,-40.802],[144.7002,-40.8019],[144.7004,-40.8021],[144.7006,-40.802]]],[[[144.6813,-40.7209],[144.6815,-40.7213],[144.6815,-40.721],[144.6813,-40.7209]]],[[[144.7039,-40.7956],[144.7043,-40.7958],[144.7041,-40.7955],[144.7039,-40.7956]]],[[[144.6969,-40.8002],[144.6971,-40.8003],[144.6972,-40.8],[144.6969,-40.8002]]],[[[144.6782,-40.7253],[144.6786,-40.7254],[144.6785,-40.7252],[144.6782,-40.7253]]],[[[144.7216,-40.6431],[144.7217,-40.6428],[144.7215,-40.6428],[144.7216,-40.6431]]],[[[144.6494,-40.8972],[144.6501,-40.8975],[144.6498,-40.8973],[144.6494,-40.8972]]],[[[144.6327,-40.9014],[144.633,-40.9014],[144.633,-40.9011],[144.6327,-40.9014]]],[[[144.6784,-40.7247],[144.6787,-40.7246],[144.6784,-40.7245],[144.6784,-40.7247]]],[[[144.6983,-40.8058],[144.6985,-40.8058],[144.6986,-40.8056],[144.6983,-40.8058]]],[[[144.7067,-40.7546],[144.707,-40.7544],[144.7071,-40.7541],[144.7067,-40.7546]]],[[[144.6996,-40.8186],[144.6999,-40.8188],[144.6998,-40.8185],[144.6996,-40.8186]]],[[[144.7,-40.8272],[144.7002,-40.827],[144.7,-40.8269],[144.7,-40.8272]]],[[[144.6928,-40.7871],[144.6931,-40.7872],[144.693,-40.787],[144.6928,-40.7871]]],[[[144.6865,-40.6801],[144.6868,-40.6801],[144.6864,-40.6799],[144.6865,-40.6801]]],[[[144.6832,-40.7056],[144.6836,-40.7055],[144.6836,-40.7053],[144.6832,-40.7056]]],[[[144.6781,-40.6722],[144.6779,-40.6722],[144.6782,-40.6723],[144.6781,-40.6722]]],[[[144.7009,-40.7901],[144.7007,-40.7901],[144.7011,-40.7901],[144.7009,-40.7901]]],[[[144.7007,-40.7866],[144.7005,-40.7867],[144.7008,-40.7868],[144.7007,-40.7866]]],[[[144.6807,-40.719],[144.681,-40.7192],[144.6808,-40.7189],[144.6807,-40.719]]],[[[144.6991,-40.817],[144.6993,-40.8171],[144.6992,-40.8169],[144.6991,-40.817]]],[[[144.7317,-40.642],[144.7319,-40.6418],[144.7316,-40.6419],[144.7317,-40.642]]],[[[144.685,-40.6855],[144.6852,-40.6855],[144.6849,-40.6853],[144.685,-40.6855]]],[[[144.7012,-40.788],[144.7015,-40.7881],[144.7013,-40.7879],[144.7012,-40.788]]],[[[144.6804,-40.722],[144.6807,-40.7222],[144.6806,-40.7219],[144.6804,-40.722]]],[[[144.703,-40.7908],[144.7034,-40.7908],[144.7032,-40.7907],[144.703,-40.7908]]],[[[144.698,-40.7845],[144.6982,-40.7846],[144.6982,-40.7844],[144.698,-40.7845]]],[[[144.704,-40.7963],[144.7038,-40.7964],[144.7041,-40.7963],[144.704,-40.7963]]],[[[144.6877,-40.6836],[144.6876,-40.6835],[144.6874,-40.6837],[144.6877,-40.6836]]],[[[144.7453,-40.6616],[144.7455,-40.6617],[144.7452,-40.6614],[144.7453,-40.6616]]],[[[144.6485,-40.8996],[144.6487,-40.8995],[144.6485,-40.8994],[144.6485,-40.8996]]],[[[144.6993,-40.7862],[144.6996,-40.7862],[144.6994,-40.7861],[144.6993,-40.7862]]],[[[144.6507,-40.8996],[144.6509,-40.8995],[144.6507,-40.8995],[144.6507,-40.8996]]],[[[144.7445,-40.6618],[144.7447,-40.6618],[144.7445,-40.6617],[144.7445,-40.6618]]],[[[144.7026,-40.789],[144.7024,-40.7893],[144.7027,-40.789],[144.7026,-40.789]]],[[[144.6967,-40.8046],[144.6969,-40.8046],[144.6969,-40.8043],[144.6967,-40.8046]]],[[[144.6963,-40.8039],[144.6962,-40.804],[144.6965,-40.8039],[144.6963,-40.8039]]],[[[144.6964,-40.8041],[144.6965,-40.8043],[144.6965,-40.804],[144.6964,-40.8041]]],[[[144.6771,-40.7245],[144.6772,-40.7241],[144.677,-40.7244],[144.6771,-40.7245]]],[[[144.6779,-40.7247],[144.6782,-40.7246],[144.6783,-40.7242],[144.6779,-40.7247]]],[[[144.6313,-40.9007],[144.6315,-40.9007],[144.6316,-40.9006],[144.6313,-40.9007]]],[[[144.704,-40.7962],[144.7042,-40.796],[144.7039,-40.7961],[144.704,-40.7962]]],[[[144.6982,-40.778],[144.6985,-40.778],[144.6983,-40.7779],[144.6982,-40.778]]],[[[144.7044,-40.657],[144.7043,-40.6571],[144.7045,-40.6571],[144.7044,-40.657]]],[[[144.638,-40.9008],[144.6382,-40.9007],[144.638,-40.9006],[144.638,-40.9008]]],[[[144.7,-40.7868],[144.7002,-40.7869],[144.7001,-40.7867],[144.7,-40.7868]]],[[[144.7429,-40.6625],[144.7432,-40.6623],[144.7429,-40.6624],[144.7429,-40.6625]]],[[[144.7459,-40.6613],[144.7461,-40.6612],[144.7461,-40.6611],[144.7459,-40.6613]]],[[[144.7007,-40.7797],[144.7008,-40.7797],[144.7008,-40.7795],[144.7007,-40.7797]]],[[[144.68,-40.7235],[144.6799,-40.7235],[144.6801,-40.7236],[144.68,-40.7235]]],[[[144.7034,-40.7909],[144.7036,-40.791],[144.7036,-40.7909],[144.7034,-40.7909]]],[[[144.6783,-40.7161],[144.6784,-40.716],[144.6782,-40.716],[144.6783,-40.7161]]],[[[144.6989,-40.7801],[144.6992,-40.7801],[144.6992,-40.78],[144.6989,-40.7801]]],[[[144.6969,-40.7832],[144.697,-40.7831],[144.697,-40.7829],[144.6969,-40.7832]]],[[[144.7171,-40.6494],[144.7171,-40.6492],[144.717,-40.6493],[144.7171,-40.6494]]],[[[144.7434,-40.6622],[144.7436,-40.662],[144.7435,-40.662],[144.7434,-40.6622]]],[[[144.6989,-40.7813],[144.6991,-40.7815],[144.699,-40.7812],[144.6989,-40.7813]]],[[[144.7051,-40.7938],[144.705,-40.7939],[144.7052,-40.7939],[144.7051,-40.7938]]],[[[144.6913,-40.7861],[144.6911,-40.7862],[144.6912,-40.7862],[144.6913,-40.7861]]],[[[144.6999,-40.8164],[144.6999,-40.8165],[144.7001,-40.8164],[144.6999,-40.8164]]],[[[144.6512,-40.8994],[144.6514,-40.8994],[144.6512,-40.8993],[144.6512,-40.8994]]],[[[144.6501,-40.8977],[144.6503,-40.8977],[144.6504,-40.8977],[144.6501,-40.8977]]],[[[144.6505,-40.8996],[144.6507,-40.8996],[144.6506,-40.8995],[144.6505,-40.8996]]],[[[144.7039,-40.7578],[144.704,-40.7577],[144.7038,-40.7578],[144.7039,-40.7578]]],[[[144.7019,-40.7989],[144.702,-40.7987],[144.7019,-40.7987],[144.7019,-40.7989]]],[[[144.743,-40.6615],[144.7432,-40.6614],[144.743,-40.6614],[144.743,-40.6615]]],[[[144.654,-40.9004],[144.6541,-40.9004],[144.654,-40.9004],[144.654,-40.9004]]],[[[144.6534,-40.9004],[144.6535,-40.9003],[144.6534,-40.9003],[144.6534,-40.9004]]],[[[144.6757,-40.7175],[144.6759,-40.7174],[144.6756,-40.7174],[144.6757,-40.7175]]],[[[144.7426,-40.6626],[144.7428,-40.6625],[144.7427,-40.6625],[144.7426,-40.6626]]],[[[144.6995,-40.817],[144.6997,-40.8169],[144.6995,-40.8169],[144.6995,-40.817]]],[[[144.7022,-40.7895],[144.7023,-40.7894],[144.7022,-40.7893],[144.7022,-40.7895]]],[[[144.7024,-40.7885],[144.7023,-40.7885],[144.7021,-40.7884],[144.7024,-40.7885]]],[[[144.695,-40.7817],[144.6949,-40.7816],[144.695,-40.7818],[144.695,-40.7817]]],[[[144.6488,-40.9011],[144.6489,-40.9012],[144.6489,-40.901],[144.6488,-40.9011]]],[[[144.7021,-40.6543],[144.7022,-40.6541],[144.7021,-40.6541],[144.7021,-40.6543]]],[[[144.7465,-40.6609],[144.7467,-40.6608],[144.7465,-40.6608],[144.7465,-40.6609]]],[[[144.649,-40.9003],[144.6489,-40.9003],[144.649,-40.9004],[144.649,-40.9003]]],[[[144.698,-40.7855],[144.6983,-40.7855],[144.6981,-40.7855],[144.698,-40.7855]]],[[[144.6479,-40.8999],[144.6479,-40.9],[144.6481,-40.9],[144.6479,-40.8999]]],[[[144.6313,-40.901],[144.6315,-40.9011],[144.6315,-40.901],[144.6313,-40.901]]],[[[144.7017,-40.6545],[144.7019,-40.6544],[144.7018,-40.6542],[144.7017,-40.6545]]],[[[144.6355,-40.9015],[144.6356,-40.9014],[144.6354,-40.9014],[144.6355,-40.9015]]],[[[144.7006,-40.787],[144.7008,-40.787],[144.7007,-40.7869],[144.7006,-40.787]]],[[[144.6972,-40.8041],[144.6973,-40.8039],[144.6972,-40.8038],[144.6972,-40.8041]]],[[[144.7003,-40.7887],[144.7005,-40.7888],[144.7003,-40.7886],[144.7003,-40.7887]]],[[[144.6978,-40.7786],[144.698,-40.7785],[144.6979,-40.7784],[144.6978,-40.7786]]],[[[144.6985,-40.8211],[144.6986,-40.8211],[144.6986,-40.821],[144.6985,-40.8211]]],[[[144.6998,-40.8192],[144.7,-40.8192],[144.6998,-40.8191],[144.6998,-40.8192]]],[[[144.6321,-40.9006],[144.6322,-40.9007],[144.6322,-40.9006],[144.6321,-40.9006]]],[[[144.6969,-40.8021],[144.6967,-40.8022],[144.6968,-40.8022],[144.6969,-40.8021]]],[[[144.6358,-40.9011],[144.6359,-40.9011],[144.6359,-40.901],[144.6358,-40.9011]]],[[[144.7014,-40.7885],[144.7015,-40.7884],[144.7015,-40.7883],[144.7014,-40.7885]]],[[[144.6492,-40.897],[144.6494,-40.897],[144.6492,-40.897],[144.6492,-40.897]]],[[[144.705,-40.7943],[144.7051,-40.7943],[144.7051,-40.7942],[144.705,-40.7943]]],[[[144.7019,-40.6547],[144.702,-40.6547],[144.702,-40.6545],[144.7019,-40.6547]]],[[[144.6325,-40.9011],[144.6326,-40.9011],[144.6325,-40.9009],[144.6325,-40.9011]]],[[[144.6313,-40.9003],[144.6313,-40.9004],[144.6314,-40.9005],[144.6313,-40.9003]]],[[[144.7046,-40.7942],[144.7047,-40.7942],[144.7046,-40.7942],[144.7046,-40.7942]]],[[[144.6331,-40.9015],[144.6332,-40.9013],[144.6331,-40.9014],[144.6331,-40.9015]]]]},"properties":{"name":"Tasmania"}},{"type":"Feature","geometry":{"type":"MultiPolygon","coordinates":[[[[131.061,-12.3321],[131.0298,-12.3256],[131.055,-12.3478],[131.0188,-12.3716],[130.896,-12.3301],[130.8164,-12.4071],[130.8412,-12.4731],[130.85,-12.4388],[130.9169,-12.4577],[130.8839,-12.4932],[130.9467,-12.4711],[130.9538,-12.5551],[130.9226,-12.5093],[130.908,-12.5407],[130.8592,-12.5066],[130.9014,-12.5563],[130.8778,-12.5524],[130.8846,-12.5748],[130.9668,-12.6298],[130.8823,-12.6062],[130.8952,-12.6825],[130.8415,-12.5553],[130.8161,-12.5582],[130.8288,-12.5881],[130.8102,-12.5399],[130.7882,-12.5483],[130.7918,-12.6219],[130.7786,-12.5591],[130.732,-12.5969],[130.7744,-12.5456],[130.7789,-12.4748],[130.7271,-12.5262],[130.7651,-12.4374],[130.6193,-12.3814],[130.5785,-12.4054],[130.6232,-12.4478],[130.581,-12.4626],[130.6058,-12.5015],[130.5684,-12.5901],[130.6039,-12.5784],[130.6424,-12.6394],[130.6072,-12.6043],[130.5865,-12.6605],[130.5828,-12.623],[130.5457,-12.6343],[130.5859,-12.6844],[130.6165,-12.6687],[130.6741,-12.7079],[130.702,-12.6905],[130.6902,-12.7198],[130.7388,-12.7105],[130.6891,-12.7515],[130.6215,-12.7052],[130.6436,-12.7437],[130.6243,-12.7751],[130.6295,-12.7278],[130.5699,-12.7438],[130.5573,-12.702],[130.5114,-12.7103],[130.5192,-12.7501],[130.5136,-12.6678],[130.4609,-12.6392],[130.3936,-12.6623],[130.4041,-12.7015],[130.3527,-12.6695],[130.3382,-12.8901],[130.2471,-12.9484],[130.1758,-12.9103],[130.1292,-12.9666],[130.1162,-13.1641],[130.1631,-13.1769],[130.2393,-13.282],[130.1822,-13.4086],[130.0084,-13.5333],[129.9099,-13.5143],[129.8974,-13.4404],[129.8767,-13.5024],[129.8173,-13.5018],[129.8348,-13.5612],[129.7902,-13.6669],[129.7948,-13.7895],[129.7155,-13.8789],[129.7524,-13.9522],[129.7265,-14.0082],[129.6409,-14.0472],[129.5988,-14.0105],[129.6093,-14.0696],[129.5672,-14.0839],[129.5567,-14.1422],[129.5277,-14.13],[129.5356,-14.0584],[129.4775,-14.05],[129.512,-14.127],[129.4093,-14.2359],[129.4194,-14.2911],[129.3689,-14.3337],[129.3568,-14.4236],[129.3978,-14.4161],[129.4532,-14.5051],[129.4745,-14.491],[129.454,-14.4464],[129.4817,-14.4496],[129.4827,-14.5009],[129.4904,-14.4602],[129.5231,-14.4656],[129.4882,-14.5033],[129.5263,-14.5523],[129.6693,-14.5805],[129.7762,-14.5368],[129.6924,-14.6128],[129.5851,-14.6138],[129.5892,-14.6613],[129.7246,-14.7915],[129.8101,-14.7603],[129.7584,-14.8246],[129.9028,-14.7732],[129.864,-14.8017],[129.8814,-14.8201],[129.8025,-14.858],[129.6321,-14.8439],[129.5775,-14.7983],[129.6184,-14.8756],[129.5921,-14.891],[129.4997,-14.7901],[129.5932,-14.9671],[129.623,-14.9533],[129.6353,-15.0329],[129.6633,-15.0281],[129.6398,-15.0712],[129.685,-15.1427],[129.6262,-15.138],[129.5636,-15.1799],[129.6039,-15.108],[129.4825,-14.9411],[129.2284,-14.8394],[129.2335,-15.0083],[129.3016,-15.0365],[129.2563,-15.062],[129.256,-15.034],[129.2365,-15.0678],[129.2312,-15.1759],[129.1996,-15.1467],[129.1582,-15.1976],[129.2005,-15.1226],[129.1695,-15.0515],[129.1889,-14.9872],[129.1307,-14.949],[129.1084,-14.9892],[129.1013,-14.9151],[129.0015,-14.8796],[129.0006,-25.9986],[137.9991,-25.9969],[137.9946,-16.5383],[137.862,-16.4227],[137.7297,-16.2323],[137.3569,-16.1156],[137.3726,-16.1333],[137.2544,-16.0124],[137.0836,-15.9442],[136.978,-15.851],[136.9127,-15.8997],[136.9532,-15.9383],[136.8229,-15.8992],[136.7607,-15.9163],[136.7715,-15.8894],[136.7064,-15.9312],[136.7138,-15.8568],[136.6428,-15.7691],[136.6827,-15.7779],[136.7241,-15.6963],[136.6441,-15.6724],[136.5555,-15.7504],[136.4121,-15.6262],[136.3264,-15.602],[136.3175,-15.626],[136.2098,-15.3929],[135.9815,-15.287],[135.6573,-15.0525],[135.58,-15.0453],[135.48,-14.9803],[135.4109,-14.8731],[135.3821,-14.7257],[135.4163,-14.735],[135.465,-14.6758],[135.5411,-14.6527],[135.5184,-14.6255],[135.5366,-14.5611],[135.6196,-14.4231],[135.6703,-14.4244],[135.7301,-14.2967],[135.7025,-14.2714],[135.7471,-14.2787],[135.794,-14.2261],[135.9036,-14.1905],[135.8788,-14.1668],[135.9097,-13.9904],[135.9891,-13.8961],[136.0135,-13.7628],[136.0831,-13.6555],[136.0259,-13.6521],[136.0336,-13.6825],[135.9562,-13.7434],[135.8794,-13.712],[135.9216,-13.676],[135.8806,-13.6691],[135.8353,-13.5908],[135.8693,-13.5617],[135.8597,-13.4402],[135.8943,-13.4252],[135.9312,-13.4668],[135.973,-13.4023],[135.9265,-13.4177],[135.9209,-13.3781],[135.8799,-13.3621],[135.9187,-13.2699],[135.948,-13.2522],[135.9641,-13.2955],[135.9761,-13.2325],[136.0119,-13.2144],[136.0464,-13.3102],[136.0501,-13.2392],[136.0844,-13.2325],[136.0974,-13.1612],[136.1452,-13.1206],[136.1341,-13.2072],[136.1812,-13.2817],[136.1622,-13.242],[136.2447,-13.2145],[136.2191,-13.1373],[136.2539,-13.1211],[136.2566,-13.1547],[136.3162,-13.1594],[136.3214,-13.1199],[136.2915,-13.1073],[136.3328,-13.0323],[136.3723,-13.0729],[136.3563,-13.1479],[136.3883,-13.2264],[136.3281,-13.2502],[136.3308,-13.3242],[136.4396,-13.2179],[136.4688,-13.2471],[136.4838,-13.1609],[136.5317,-13.1542],[136.5671,-13.0592],[136.454,-12.9792],[136.5319,-12.9919],[136.5563,-12.964],[136.5816,-13.0187],[136.6208,-12.9678],[136.6294,-13.017],[136.6682,-13.0043],[136.6381,-12.9501],[136.5468,-12.9161],[136.5529,-12.8739],[136.4825,-12.8431],[136.4655,-12.7806],[136.5426,-12.8066],[136.5251,-12.7582],[136.5506,-12.7401],[136.6217,-12.8395],[136.6063,-12.7225],[136.6944,-12.7106],[136.6929,-12.6279],[136.7622,-12.5773],[136.7473,-12.551],[136.6693,-12.5906],[136.7385,-12.5538],[136.7257,-12.4818],[136.7938,-12.4519],[136.7726,-12.5556],[136.9025,-12.39],[136.9789,-12.3425],[136.8707,-12.3818],[136.9338,-12.3347],[136.9268,-12.2807],[136.7821,-12.1586],[136.6807,-12.1863],[136.762,-12.2332],[136.7418,-12.2723],[136.6488,-12.2701],[136.531,-11.9914],[136.4899,-12.0376],[136.4454,-11.9983],[136.5808,-11.9158],[136.5623,-11.8768],[136.5616,-11.9178],[136.4155,-11.9578],[136.3415,-12.0576],[136.2646,-12.0669],[136.2163,-12.1534],[136.1672,-12.1636],[136.17,-12.1921],[136.2163,-12.1856],[136.2289,-12.2144],[136.3392,-12.2046],[136.3791,-12.2504],[136.3436,-12.262],[136.3041,-12.4002],[136.2202,-12.479],[136.1511,-12.4358],[136.0854,-12.4577],[136.0642,-12.4301],[136.0165,-12.4936],[136.0148,-12.3966],[135.9666,-12.4125],[136.0232,-12.3198],[136.0089,-12.2904],[136.0629,-12.2491],[136.0135,-12.2336],[135.9689,-12.274],[135.9286,-12.2212],[136.0451,-12.0631],[135.8929,-12.1904],[135.8859,-12.1497],[135.8039,-12.1991],[135.77,-12.2707],[135.7077,-12.3098],[135.7216,-12.2818],[135.6576,-12.2134],[135.6542,-12.1567],[135.8315,-11.9846],[135.9105,-11.9526],[135.6543,-12.0393],[135.5695,-12.1007],[135.5196,-12.0605],[135.4527,-12.1149],[135.3662,-12.0853],[135.3054,-12.1248],[135.3053,-12.1616],[135.2228,-12.19],[135.3427,-12.2467],[135.1612,-12.2255],[135.2128,-12.296],[135.1445,-12.2371],[135.0558,-12.2623],[134.9706,-12.1586],[134.8557,-12.1322],[134.8434,-12.0613],[134.7985,-12.0494],[134.7486,-11.9491],[134.689,-11.9623],[134.6045,-12.0505],[134.4956,-12.0727],[134.246,-11.9846],[134.2538,-12.0346],[134.1936,-12.0752],[134.1824,-12.1355],[134.1623,-12.1011],[134.1943,-12.0296],[134.1316,-11.9001],[134.0758,-11.9365],[134.0389,-11.8553],[133.9159,-11.9209],[133.8391,-11.877],[133.8232,-11.8413],[133.8473,-11.8136],[133.9412,-11.7711],[133.9185,-11.7444],[133.7945,-11.7256],[133.7395,-11.7831],[133.6685,-11.776],[133.6307,-11.8372],[133.5634,-11.8085],[133.5177,-11.8771],[133.5343,-11.761],[133.4562,-11.8025],[133.3981,-11.7686],[133.4019,-11.7328],[133.3696,-11.7771],[133.3165,-11.7678],[133.3165,-11.7252],[133.3536,-11.7195],[133.3399,-11.694],[133.2493,-11.7329],[133.1528,-11.707],[133.0756,-11.5203],[132.9183,-11.3323],[132.8651,-11.3402],[132.9092,-11.3847],[132.8957,-11.4271],[132.849,-11.3926],[132.7341,-11.5181],[132.6684,-11.5162],[132.6224,-11.4115],[132.5019,-11.3302],[132.5069,-11.2723],[132.451,-11.2179],[132.4199,-11.2272],[132.398,-11.3002],[132.3735,-11.2951],[132.383,-11.2082],[132.3328,-11.1164],[132.3203,-11.1679],[132.2657,-11.1762],[132.2823,-11.2749],[132.1876,-11.1311],[132.1356,-11.1224],[132.2003,-11.2245],[132.1733,-11.3235],[132.1981,-11.3016],[132.2374,-11.3401],[132.223,-11.3704],[132.1847,-11.3623],[132.2045,-11.4169],[132.1774,-11.3971],[132.1704,-11.4207],[132.1453,-11.3828],[132.1376,-11.2969],[132.1236,-11.3508],[132.1007,-11.33],[132.1145,-11.2118],[132.0864,-11.2327],[132.076,-11.1798],[132.0466,-11.1997],[131.9942,-11.1251],[131.9617,-11.2532],[131.9289,-11.2592],[131.8832,-11.1821],[131.8809,-11.2352],[131.8153,-11.2129],[131.852,-11.2815],[131.7998,-11.2676],[131.8049,-11.2949],[131.7591,-11.302],[131.7769,-11.3256],[131.8601,-11.2937],[131.9436,-11.3203],[131.9185,-11.359],[131.9661,-11.3429],[131.9849,-11.3776],[131.9403,-11.397],[132.0601,-11.4322],[132.0348,-11.483],[132.1159,-11.5405],[132.2379,-11.456],[132.527,-11.4687],[132.4975,-11.5054],[132.5972,-11.6542],[132.5057,-11.6367],[132.4996,-11.6804],[132.5411,-11.719],[132.6448,-11.728],[132.5805,-11.7875],[132.6362,-11.8211],[132.6553,-11.8898],[132.629,-12.0869],[132.556,-12.0857],[132.442,-12.1465],[132.3894,-12.2364],[132.3532,-12.1988],[132.2785,-12.2242],[132.2382,-12.1698],[132.0697,-12.3035],[131.9394,-12.2729],[131.8793,-12.2146],[131.7545,-12.2739],[131.4723,-12.2837],[131.3343,-12.2115],[131.2971,-12.0426],[131.2289,-12.2073],[131.2509,-12.22],[131.2123,-12.2402],[131.225,-12.285],[131.1934,-12.2377],[131.222,-12.2272],[131.1691,-12.1732],[131.0453,-12.1427],[130.996,-12.1686],[131.0305,-12.2315],[131.013,-12.3233],[131.0284,-12.3055],[131.061,-12.3321]]],[[[133.0282,-10.9084],[133.0267,-10.9128],[133.0437,-10.9068],[133.0282,-10.9084]]],[[[137.0699,-15.8578],[137.0689,-15.8663],[137.0745,-15.8547],[137.0699,-15.8578]]],[[[132.2882,-11.1041],[132.2902,-11.1011],[132.2883,-11.102],[132.2882,-11.1041]]],[[[132.4569,-11.0257],[132.4587,-11.0283],[132.4591,-11.0225],[132.4569,-11.0257]]],[[[132.825,-10.9952],[132.8327,-10.974],[132.8218,-10.9668],[132.825,-10.9952]]],[[[137.104,-15.7475],[137.1027,-15.7505],[137.1068,-15.751],[137.104,-15.7475]]],[[[136.9583,-15.7879],[136.9603,-15.7867],[136.9591,-15.785],[136.9583,-15.7879]]],[[[137.103,-15.7372],[137.1035,-15.735],[137.1024,-15.7352],[137.103,-15.7372]]],[[[137.102,-15.734],[137.1021,-15.732],[137.1012,-15.7329],[137.102,-15.734]]],[[[136.8151,-15.7459],[136.8296,-15.7307],[136.7996,-15.7283],[136.8151,-15.7459]]],[[[136.9488,-15.7597],[136.94,-15.7677],[136.9467,-15.7772],[136.9488,-15.7597]]],[[[136.7178,-15.7625],[136.7235,-15.7621],[136.7181,-15.7557],[136.7178,-15.7625]]],[[[136.7254,-15.6533],[136.7318,-15.6574],[136.7288,-15.6488],[136.7254,-15.6533]]],[[[136.8818,-15.7194],[136.8872,-15.7165],[136.8818,-15.7152],[136.8818,-15.7194]]],[[[137.0831,-15.652],[137.0825,-15.6484],[137.079,-15.651],[137.0831,-15.652]]],[[[137.0763,-15.6385],[137.0793,-15.6374],[137.0771,-15.6339],[137.0763,-15.6385]]],[[[136.7299,-15.7158],[136.7318,-15.7157],[136.7307,-15.7119],[136.7299,-15.7158]]],[[[136.8334,-15.6639],[136.835,-15.6632],[136.8308,-15.6606],[136.8334,-15.6639]]],[[[136.8287,-15.719],[136.8307,-15.7152],[136.828,-15.7176],[136.8287,-15.719]]],[[[136.7736,-15.7566],[136.7729,-15.7538],[136.7724,-15.7561],[136.7736,-15.7566]]],[[[136.7984,-15.7473],[136.7996,-15.7456],[136.798,-15.7452],[136.7984,-15.7473]]],[[[136.8976,-15.7079],[136.8995,-15.7067],[136.8986,-15.7055],[136.8976,-15.7079]]],[[[132.9907,-11.0787],[133.017,-11.068],[132.978,-11.0442],[132.9907,-11.0787]]],[[[132.8544,-11.0605],[132.8775,-11.048],[132.8591,-11.0452],[132.8544,-11.0605]]],[[[136.7383,-11.0074],[136.7472,-11.0207],[136.7627,-11.0057],[136.7383,-11.0074]]],[[[132.829,-11.002],[132.8169,-11.0241],[132.8246,-11.0202],[132.829,-11.002]]],[[[136.7231,-11.0821],[136.727,-11.0776],[136.7161,-11.076],[136.7231,-11.0821]]],[[[136.7241,-11.071],[136.731,-11.0687],[136.7255,-11.0667],[136.7241,-11.071]]],[[[136.9486,-15.7364],[136.9784,-15.7124],[136.9926,-15.7921],[137.075,-15.8462],[137.1062,-15.774],[137.0734,-15.7459],[137.0817,-15.6558],[137.0089,-15.5867],[136.9768,-15.6345],[136.9907,-15.6729],[136.961,-15.6401],[136.919,-15.682],[136.9486,-15.7364]]],[[[136.6173,-15.5554],[136.5786,-15.5109],[136.5253,-15.5309],[136.4947,-15.6435],[136.5897,-15.6453],[136.6173,-15.5554]]],[[[136.7503,-15.6467],[136.7385,-15.7627],[136.8044,-15.7238],[136.7878,-15.6867],[136.8371,-15.6873],[136.7947,-15.645],[136.7503,-15.6467]]],[[[136.8719,-15.6104],[136.9049,-15.5901],[136.8807,-15.5056],[136.8416,-15.5424],[136.8455,-15.6472],[136.8808,-15.6367],[136.8719,-15.6104]]],[[[135.6896,-14.9061],[135.7641,-14.9018],[135.7593,-14.8477],[135.7259,-14.8348],[135.6896,-14.9061]]],[[[136.8372,-15.5668],[136.7736,-15.5786],[136.8357,-15.5848],[136.8372,-15.5668]]],[[[129.6931,-14.8064],[129.7321,-14.8041],[129.6713,-14.7836],[129.6931,-14.8064]]],[[[136.7904,-15.6141],[136.8191,-15.6032],[136.7894,-15.5911],[136.7904,-15.6141]]],[[[135.6015,-14.5042],[135.612,-14.5183],[135.63,-14.4936],[135.6015,-14.5042]]],[[[136.6468,-15.6065],[136.6813,-15.6053],[136.6695,-15.5905],[136.6468,-15.6065]]],[[[129.2115,-15.1512],[129.2188,-15.1472],[129.2231,-15.1349],[129.2115,-15.1512]]],[[[135.7803,-15.1015],[135.7906,-15.0913],[135.7811,-15.0945],[135.7803,-15.1015]]],[[[136.9771,-15.6031],[136.9794,-15.6067],[136.9819,-15.5982],[136.9771,-15.6031]]],[[[136.93,-14.3524],[136.9423,-14.3503],[136.933,-14.3446],[136.93,-14.3524]]],[[[136.9056,-15.6164],[136.9105,-15.6131],[136.9083,-15.6062],[136.9056,-15.6164]]],[[[136.5091,-15.5299],[136.5152,-15.5187],[136.5076,-15.5264],[136.5091,-15.5299]]],[[[129.57,-15.1669],[129.5752,-15.1602],[129.5742,-15.1567],[129.57,-15.1669]]],[[[136.6536,-15.5866],[136.6559,-15.5895],[136.6589,-15.5833],[136.6536,-15.5866]]],[[[136.9558,-15.5039],[136.9555,-15.4993],[136.9495,-15.5029],[136.9558,-15.5039]]],[[[129.1579,-15.1929],[129.1627,-15.1823],[129.1589,-15.1856],[129.1579,-15.1929]]],[[[136.821,-14.3376],[136.823,-14.3358],[136.8175,-14.3288],[136.821,-14.3376]]],[[[136.9519,-14.3538],[136.9529,-14.3487],[136.9477,-14.3512],[136.9519,-14.3538]]],[[[129.2349,-15.1172],[129.2365,-15.1103],[129.2338,-15.1142],[129.2349,-15.1172]]],[[[129.2357,-15.1253],[129.2369,-15.1195],[129.2353,-15.1188],[129.2357,-15.1253]]],[[[136.7191,-15.6108],[136.7157,-15.6097],[136.7156,-15.6131],[136.7191,-15.6108]]],[[[136.9751,-15.6523],[136.9721,-15.647],[136.9713,-15.6493],[136.9751,-15.6523]]],[[[136.9196,-15.4985],[136.9213,-15.4957],[136.9191,-15.4925],[136.9196,-15.4985]]],[[[135.8694,-14.4367],[135.8757,-14.4282],[135.8682,-14.4364],[135.8694,-14.4367]]],[[[129.1995,-15.1576],[129.2036,-15.1566],[129.2015,-15.1546],[129.1995,-15.1576]]],[[[136.9297,-15.629],[136.9347,-15.6278],[136.9293,-15.627],[136.9297,-15.629]]],[[[136.9597,-15.584],[136.9615,-15.5887],[136.9628,-15.5864],[136.9597,-15.584]]],[[[135.502,-14.6841],[135.5046,-14.6827],[135.4998,-14.6814],[135.502,-14.6841]]],[[[129.2316,-15.1283],[129.2345,-15.128],[129.2323,-15.1272],[129.2316,-15.1283]]],[[[129.185,-15.1888],[129.1863,-15.1886],[129.184,-15.1852],[129.185,-15.1888]]],[[[136.8508,-15.5737],[136.8506,-15.5719],[136.8488,-15.5724],[136.8508,-15.5737]]],[[[135.8795,-14.4231],[135.8812,-14.4215],[135.8821,-14.4177],[135.8795,-14.4231]]],[[[129.2306,-15.1331],[129.2313,-15.1307],[129.2303,-15.1312],[129.2306,-15.1331]]],[[[135.6109,-14.5365],[135.6112,-14.5337],[135.6104,-14.5343],[135.6109,-14.5365]]],[[[135.8772,-14.4269],[135.8785,-14.4248],[135.8782,-14.424],[135.8772,-14.4269]]],[[[136.6767,-15.5906],[136.6785,-15.5902],[136.677,-15.5896],[136.6767,-15.5906]]],[[[136.884,-15.5369],[136.8852,-15.5365],[136.884,-15.536],[136.884,-15.5369]]],[[[136.417,-13.8532],[136.4361,-13.8935],[136.4082,-13.9763],[136.4426,-14.1235],[136.3245,-14.2133],[136.3247,-14.2461],[136.4373,-14.1963],[136.6488,-14.2968],[136.7538,-14.2591],[136.8137,-14.2948],[136.9507,-14.3041],[136.9334,-14.2048],[136.9632,-14.1655],[136.9138,-14.1374],[136.8958,-14.2016],[136.8638,-14.2117],[136.7763,-14.1448],[136.7879,-14.189],[136.763,-14.1967],[136.7107,-14.1757],[136.6988,-14.1227],[136.7205,-14.0702],[136.7517,-14.0877],[136.759,-14.0481],[136.8064,-14.0377],[136.7643,-14.0093],[136.7709,-13.9511],[136.8126,-13.9041],[136.8578,-13.9128],[136.9244,-13.8065],[136.9052,-13.7641],[136.8394,-13.7454],[136.797,-13.8342],[136.8373,-13.8024],[136.8281,-13.8499],[136.7269,-13.8432],[136.7125,-13.7938],[136.7354,-13.771],[136.6971,-13.7749],[136.6811,-13.7371],[136.7203,-13.7169],[136.7312,-13.6628],[136.6946,-13.6514],[136.6755,-13.7027],[136.6315,-13.7201],[136.6363,-13.6884],[136.575,-13.6914],[136.6315,-13.7893],[136.5522,-13.8198],[136.5308,-13.785],[136.4951,-13.8402],[136.4226,-13.8156],[136.417,-13.8532]]],[[[136.192,-13.7892],[136.2051,-13.8571],[136.2483,-13.8499],[136.2597,-13.785],[136.2841,-13.7877],[136.2522,-13.753],[136.3016,-13.7363],[136.293,-13.708],[136.2422,-13.6668],[136.1813,-13.6773],[136.1718,-13.7491],[136.1129,-13.7313],[136.1184,-13.83],[136.1685,-13.8342],[136.15,-13.777],[136.192,-13.7892]]],[[[136.1416,-13.5238],[136.1408,-13.5646],[136.1681,-13.5102],[136.1417,-13.4709],[136.1651,-13.4854],[136.2051,-13.4515],[136.0922,-13.358],[136.1414,-13.4191],[136.1213,-13.4826],[136.1416,-13.5238]]],[[[136.4987,-13.7173],[136.4668,-13.7414],[136.5191,-13.7919],[136.5309,-13.7035],[136.4987,-13.7173]]],[[[130.0195,-13.1756],[130.075,-13.1712],[130.0277,-13.1509],[130.0185,-13.1112],[130.0195,-13.1756]]],[[[136.3669,-13.8424],[136.357,-13.8094],[136.3339,-13.8392],[136.3669,-13.8424]]],[[[136.0776,-13.4687],[136.1089,-13.4653],[136.0822,-13.4438],[136.0776,-13.4687]]],[[[130.0856,-13.205],[130.1083,-13.2236],[130.1019,-13.194],[130.0856,-13.205]]],[[[136.2335,-13.5863],[136.2256,-13.6005],[136.2477,-13.5996],[136.2335,-13.5863]]],[[[136.6642,-13.6654],[136.6655,-13.6847],[136.6823,-13.6586],[136.6642,-13.6654]]],[[[136.2425,-13.4585],[136.2729,-13.4623],[136.2466,-13.4361],[136.2425,-13.4585]]],[[[136.9295,-13.6395],[136.9515,-13.6491],[136.9636,-13.6283],[136.9295,-13.6395]]],[[[136.5779,-13.6637],[136.6026,-13.657],[136.5863,-13.6538],[136.5779,-13.6637]]],[[[136.0969,-13.3026],[136.0777,-13.2977],[136.0915,-13.3216],[136.0969,-13.3026]]],[[[136.3954,-13.7038],[136.3802,-13.6946],[136.4004,-13.7156],[136.3954,-13.7038]]],[[[136.3991,-13.6301],[136.4201,-13.6324],[136.4171,-13.6218],[136.3991,-13.6301]]],[[[136.9077,-13.6679],[136.9086,-13.658],[136.887,-13.6758],[136.9077,-13.6679]]],[[[136.6321,-13.6737],[136.6427,-13.6685],[136.6403,-13.6564],[136.6321,-13.6737]]],[[[135.9736,-13.3307],[135.9619,-13.3212],[135.9767,-13.3437],[135.9736,-13.3307]]],[[[136.6873,-13.6321],[136.7018,-13.635],[136.7003,-13.6173],[136.6873,-13.6321]]],[[[136.751,-13.6916],[136.7382,-13.6864],[136.7335,-13.6957],[136.751,-13.6916]]],[[[136.6545,-13.655],[136.6435,-13.6568],[136.6471,-13.6649],[136.6545,-13.655]]],[[[136.6241,-12.8665],[136.6266,-12.8544],[136.618,-12.8582],[136.6241,-12.8665]]],[[[136.6847,-13.6335],[136.6803,-13.6473],[136.6878,-13.6412],[136.6847,-13.6335]]],[[[136.3732,-13.3193],[136.3831,-13.3133],[136.3696,-13.3132],[136.3732,-13.3193]]],[[[136.5722,-13.7824],[136.5785,-13.7752],[136.5721,-13.7738],[136.5722,-13.7824]]],[[[130.3609,-12.6683],[130.3704,-12.6698],[130.3578,-12.6615],[130.3609,-12.6683]]],[[[136.5821,-13.723],[136.5697,-13.7257],[136.5788,-13.7294],[136.5821,-13.723]]],[[[136.5316,-13.6992],[136.5398,-13.6869],[136.5295,-13.6882],[136.5316,-13.6992]]],[[[136.9726,-14.2606],[136.985,-14.2603],[136.9759,-14.2543],[136.9726,-14.2606]]],[[[136.9582,-14.2215],[136.9595,-14.2286],[136.9646,-14.2243],[136.9582,-14.2215]]],[[[136.9265,-13.6667],[136.9372,-13.6625],[136.9293,-13.6587],[136.9265,-13.6667]]],[[[136.6707,-12.875],[136.6779,-12.8768],[136.675,-12.8703],[136.6707,-12.875]]],[[[136.9564,-14.2967],[136.9636,-14.3004],[136.9583,-14.2921],[136.9564,-14.2967]]],[[[130.6252,-12.6885],[130.6289,-12.6852],[130.6258,-12.6798],[130.6252,-12.6885]]],[[[135.7351,-14.288],[135.7281,-14.2912],[135.7329,-14.2951],[135.7351,-14.288]]],[[[136.623,-13.6708],[136.629,-13.6606],[136.6212,-13.666],[136.623,-13.6708]]],[[[136.2687,-13.5965],[136.2756,-13.5921],[136.2706,-13.5904],[136.2687,-13.5965]]],[[[136.3796,-13.7235],[136.3791,-13.7106],[136.3773,-13.7148],[136.3796,-13.7235]]],[[[136.7279,-12.8886],[136.7293,-12.8819],[136.7242,-12.8848],[136.7279,-12.8886]]],[[[136.9674,-14.2463],[136.968,-14.2407],[136.9624,-14.2439],[136.9674,-14.2463]]],[[[136.1062,-13.4467],[136.1109,-13.4451],[136.109,-13.441],[136.1062,-13.4467]]],[[[136.7917,-14.0983],[136.7945,-14.1],[136.7936,-14.0903],[136.7917,-14.0983]]],[[[136.6017,-13.6693],[136.61,-13.6641],[136.6075,-13.6609],[136.6017,-13.6693]]],[[[136.2283,-13.4428],[136.2285,-13.4391],[136.2231,-13.4402],[136.2283,-13.4428]]],[[[136.3201,-13.5919],[136.3236,-13.5911],[136.3192,-13.5875],[136.3201,-13.5919]]],[[[136.6602,-14.3116],[136.66,-14.3065],[136.6575,-14.3041],[136.6602,-14.3116]]],[[[136.2643,-13.835],[136.2671,-13.841],[136.265,-13.8318],[136.2643,-13.835]]],[[[136.071,-13.4465],[136.0746,-13.4452],[136.0717,-13.4412],[136.071,-13.4465]]],[[[136.1807,-13.6652],[136.1828,-13.6674],[136.1847,-13.6651],[136.1807,-13.6652]]],[[[136.592,-13.6777],[136.5944,-13.6749],[136.5915,-13.6745],[136.592,-13.6777]]],[[[130.6018,-12.7028],[130.6044,-12.7011],[130.5999,-12.6993],[130.6018,-12.7028]]],[[[136.2894,-13.7855],[136.2926,-13.7819],[136.2889,-13.7826],[136.2894,-13.7855]]],[[[136.0528,-13.336],[136.054,-13.3371],[136.0553,-13.3341],[136.0528,-13.336]]],[[[136.0858,-13.8129],[136.089,-13.8089],[136.0857,-13.8112],[136.0858,-13.8129]]],[[[136.1689,-13.8403],[136.171,-13.8381],[136.1682,-13.8383],[136.1689,-13.8403]]],[[[136.5447,-13.7295],[136.5475,-13.7268],[136.545,-13.7275],[136.5447,-13.7295]]],[[[136.2934,-13.7051],[136.2978,-13.7044],[136.298,-13.7024],[136.2934,-13.7051]]],[[[136.3002,-13.7049],[136.3019,-13.7038],[136.3002,-13.7022],[136.3002,-13.7049]]],[[[136.6292,-13.6571],[136.6268,-13.656],[136.6276,-13.6581],[136.6292,-13.6571]]],[[[135.8383,-14.228],[135.839,-14.227],[135.8365,-14.2261],[135.8383,-14.228]]],[[[136.6237,-13.6724],[136.6257,-13.672],[136.6263,-13.6708],[136.6237,-13.6724]]],[[[136.2285,-13.4738],[136.2299,-13.473],[136.2284,-13.4725],[136.2285,-13.4738]]],[[[136.6085,-13.6688],[136.6091,-13.6671],[136.6076,-13.6687],[136.6085,-13.6688]]],[[[136.6105,-13.6689],[136.6112,-13.6684],[136.6108,-13.6673],[136.6105,-13.6689]]],[[[130.6607,-11.4034],[130.6569,-11.3356],[130.6377,-11.3749],[130.5693,-11.398],[130.5548,-11.3618],[130.6039,-11.3211],[130.5959,-11.2895],[130.5161,-11.2801],[130.4018,-11.1657],[130.3731,-11.1695],[130.3638,-11.254],[130.411,-11.3141],[130.3841,-11.346],[130.4324,-11.5035],[130.4911,-11.5573],[130.4926,-11.6549],[130.5866,-11.6898],[130.6828,-11.7611],[130.6872,-11.7965],[130.8624,-11.8549],[130.9528,-11.9403],[131.0823,-11.8358],[131.2813,-11.7401],[131.3803,-11.5837],[131.4686,-11.6094],[131.4614,-11.514],[131.5437,-11.4529],[131.523,-11.3943],[131.4656,-11.386],[131.4371,-11.2669],[131.4009,-11.2592],[131.3825,-11.299],[131.3527,-11.25],[131.3033,-11.2738],[131.316,-11.2289],[131.2763,-11.1898],[131.2043,-11.2365],[131.2094,-11.3438],[131.1483,-11.2499],[131.0405,-11.3186],[131.0325,-11.3672],[130.8993,-11.3093],[130.8491,-11.3548],[130.7048,-11.385],[130.6966,-11.4266],[130.7333,-11.4269],[130.8104,-11.5274],[130.7519,-11.4779],[130.7109,-11.4887],[130.6607,-11.4034]]],[[[130.6151,-11.7355],[130.469,-11.6667],[130.4646,-11.5761],[130.3762,-11.5076],[130.4006,-11.4241],[130.3386,-11.318],[130.2522,-11.3456],[130.2567,-11.3984],[130.2445,-11.3665],[130.1483,-11.4817],[130.2613,-11.5266],[130.2639,-11.562],[130.2253,-11.5035],[130.1953,-11.5172],[130.1909,-11.6404],[130.2642,-11.6617],[130.2463,-11.6786],[130.3032,-11.7276],[130.2205,-11.6701],[130.2342,-11.7405],[130.2023,-11.6494],[130.1511,-11.7069],[130.0763,-11.6689],[130.0735,-11.7649],[130.0205,-11.7764],[130.0495,-11.824],[130.3135,-11.7707],[130.4995,-11.8296],[130.6058,-11.827],[130.6408,-11.7604],[130.6151,-11.7355]]],[[[132.5857,-11.1443],[132.6139,-11.1288],[132.5796,-11.0121],[132.5949,-10.9702],[132.5646,-10.9794],[132.5482,-11.0417],[132.4621,-11.0387],[132.5135,-11.0909],[132.5081,-11.1419],[132.4702,-11.1581],[132.5883,-11.3566],[132.6196,-11.2868],[132.6033,-11.2023],[132.6315,-11.1868],[132.5866,-11.1764],[132.5857,-11.1443]]],[[[135.5604,-12.0364],[135.5666,-12.0717],[135.7978,-11.9642],[135.9384,-11.8044],[135.9283,-11.7756],[135.8757,-11.7566],[135.8709,-11.8342],[135.7336,-11.9394],[135.6655,-11.9364],[135.631,-11.9749],[135.594,-11.9506],[135.5604,-12.0364]]],[[[136.4973,-11.4131],[136.474,-11.4492],[136.4932,-11.4614],[136.6844,-11.2494],[136.6671,-11.2251],[136.7198,-11.1947],[136.7602,-11.0184],[136.7133,-11.0547],[136.7374,-11.078],[136.7002,-11.093],[136.7222,-11.1099],[136.6942,-11.119],[136.7059,-11.1702],[136.6261,-11.2063],[136.5775,-11.3314],[136.4973,-11.4131]]],[[[136.3134,-11.5978],[136.2808,-11.6049],[136.2644,-11.5723],[136.2308,-11.6458],[136.1662,-11.6445],[136.1591,-11.6934],[136.224,-11.6527],[136.2631,-11.6629],[136.2725,-11.6159],[136.2965,-11.6417],[136.3326,-11.6234],[136.3766,-11.5868],[136.3684,-11.5577],[136.3421,-11.5902],[136.2955,-11.5799],[136.3134,-11.5978]]],[[[136.1412,-12.0446],[136.1282,-12.0745],[136.1937,-12.0771],[136.3086,-12.0127],[136.3136,-11.9742],[136.218,-12.0363],[136.1894,-12.0013],[136.1927,-12.0281],[136.1333,-12.0257],[136.1412,-12.0446]]],[[[133.3595,-11.6369],[133.3691,-11.6821],[133.4017,-11.6616],[133.3876,-11.6343],[133.4814,-11.619],[133.4081,-11.5853],[133.3595,-11.6369]]],[[[135.9923,-11.7157],[136.0493,-11.6447],[135.9531,-11.6795],[135.9923,-11.7157]]],[[[134.9286,-12.0973],[134.8471,-12.0454],[134.8689,-12.127],[134.9015,-12.1402],[134.9286,-12.0973]]],[[[132.3364,-12.0935],[132.3899,-12.1397],[132.422,-12.1206],[132.4014,-12.0762],[132.3364,-12.0935]]],[[[136.3727,-11.5642],[136.4503,-11.5322],[136.4736,-11.4671],[136.3666,-11.5342],[136.3727,-11.5642]]],[[[133.3911,-11.4954],[133.3848,-11.5477],[133.436,-11.5063],[133.4925,-11.515],[133.4667,-11.4647],[133.3911,-11.4954]]],[[[130.5179,-12.5692],[130.4848,-12.5804],[130.4866,-12.6237],[130.5397,-12.7099],[130.503,-12.6103],[130.5179,-12.5692]]],[[[134.9094,-12.0334],[134.9585,-12.0661],[134.9906,-12.0366],[134.9094,-12.0334]]],[[[136.5162,-11.7973],[136.5846,-11.7867],[136.6279,-11.7408],[136.559,-11.7816],[136.5342,-11.7609],[136.5162,-11.7973]]],[[[136.4698,-11.8489],[136.4638,-11.9045],[136.4976,-11.7943],[136.4698,-11.8489]]],[[[135.0557,-11.954],[135.1221,-11.927],[135.0557,-11.9188],[135.0557,-11.954]]],[[[131.0459,-12.094],[131.0021,-12.1179],[131.0651,-12.1255],[131.0459,-12.094]]],[[[132.1111,-11.6116],[132.1498,-11.609],[132.1306,-11.5652],[132.1111,-11.6116]]],[[[136.7979,-12.1186],[136.8278,-12.135],[136.8237,-12.0725],[136.7979,-12.1186]]],[[[131.0325,-12.0583],[131.0641,-12.0341],[131.0019,-12.0524],[131.0325,-12.0583]]],[[[132.9037,-11.1434],[132.857,-11.148],[132.9204,-11.1697],[132.9037,-11.1434]]],[[[136.4107,-11.861],[136.3669,-11.9041],[136.4312,-11.8942],[136.4107,-11.861]]],[[[136.1494,-12.1746],[136.1044,-12.1907],[136.1506,-12.1955],[136.1494,-12.1746]]],[[[131.0687,-12.0719],[131.1267,-12.0595],[131.0943,-12.0535],[131.0687,-12.0719]]],[[[135.9388,-11.7491],[135.9587,-11.7621],[135.9772,-11.7328],[135.9388,-11.7491]]],[[[134.85,-12.0127],[134.8291,-12.0291],[134.863,-12.0314],[134.85,-12.0127]]],[[[131.0803,-12.0164],[131.1355,-12.0147],[131.1271,-12.001],[131.0803,-12.0164]]],[[[135.9462,-11.905],[135.9922,-11.8508],[135.9417,-11.8802],[135.9462,-11.905]]],[[[132.2998,-11.5933],[132.3249,-11.5818],[132.3044,-11.5637],[132.2998,-11.5933]]],[[[130.3801,-12.6416],[130.3964,-12.6266],[130.3778,-12.6167],[130.3801,-12.6416]]],[[[136.1548,-11.698],[136.1376,-11.6828],[136.1309,-11.7255],[136.1548,-11.698]]],[[[136.0269,-12.1498],[136.0469,-12.103],[136.0352,-12.0933],[136.0269,-12.1498]]],[[[130.4096,-12.5827],[130.4344,-12.5798],[130.4207,-12.5636],[130.4096,-12.5827]]],[[[132.6508,-11.2046],[132.6612,-11.2118],[132.6824,-11.1885],[132.6508,-11.2046]]],[[[134.8124,-12.0246],[134.7963,-12.0308],[134.8316,-12.0472],[134.8124,-12.0246]]],[[[134.9915,-12.0957],[135.0006,-12.0783],[134.978,-12.0663],[134.9915,-12.0957]]],[[[132.3562,-12.1566],[132.3445,-12.1722],[132.352,-12.189],[132.3562,-12.1566]]],[[[130.3941,-12.5976],[130.4162,-12.595],[130.4008,-12.5809],[130.3941,-12.5976]]],[[[136.4365,-11.9145],[136.454,-11.9177],[136.4582,-11.8971],[136.4365,-11.9145]]],[[[136.0446,-12.3024],[136.0509,-12.3107],[136.0706,-12.2766],[136.0446,-12.3024]]],[[[134.1718,-12.1131],[134.1824,-12.0871],[134.1648,-12.1013],[134.1718,-12.1131]]],[[[136.0736,-11.771],[136.101,-11.7418],[136.0765,-11.7527],[136.0736,-11.771]]],[[[134.9442,-12.0806],[134.9572,-12.0958],[134.9545,-12.0738],[134.9442,-12.0806]]],[[[136.2051,-11.6186],[136.1925,-11.6141],[136.2076,-11.6411],[136.2051,-11.6186]]],[[[136.8192,-11.6682],[136.8099,-11.6744],[136.8377,-11.6652],[136.8192,-11.6682]]],[[[132.7791,-11.3885],[132.803,-11.3888],[132.7787,-11.3731],[132.7791,-11.3885]]],[[[136.6963,-12.2096],[136.7014,-12.2311],[136.7115,-12.2107],[136.6963,-12.2096]]],[[[136.1063,-11.563],[136.1144,-11.5661],[136.1224,-11.5443],[136.1063,-11.563]]],[[[135.1523,-11.7],[135.1694,-11.7033],[135.1567,-11.6859],[135.1523,-11.7]],[[136.6599,-11.8344],[136.6428,-11.8395],[136.6885,-11.8218],[136.6599,-11.8344]]],[[[136.0781,-11.6044],[136.0891,-11.582],[136.0768,-11.5865],[136.0781,-11.6044]]],[[[130.4044,-12.6082],[130.385,-12.6025],[130.3932,-12.613],[130.4044,-12.6082]]],[[[136.0479,-11.7881],[136.0406,-11.7832],[136.0278,-11.8127],[136.0479,-11.7881]]],[[[131.9482,-11.4783],[131.965,-11.4844],[131.9552,-11.4731],[131.9482,-11.4783]]],[[[131.3524,-12.0972],[131.348,-12.1125],[131.3573,-12.1091],[131.3524,-12.0972]]],[[[134.9189,-12.06],[134.9308,-12.0672],[134.9267,-12.0542],[134.9189,-12.06]]],[[[136.0552,-11.6421],[136.0627,-11.6473],[136.062,-11.6275],[136.0552,-11.6421]]],[[[136.3227,-11.9618],[136.3355,-11.9608],[136.3327,-11.9454],[136.3227,-11.9618]]],[[[130.8649,-12.5456],[130.8619,-12.5622],[130.8725,-12.5527],[130.8649,-12.5456]]],[[[132.3316,-11.5377],[132.3382,-11.5406],[132.3361,-11.5148],[132.3316,-11.5377]]],[[[134.2129,-11.9576],[134.2175,-11.964],[134.2226,-11.9541],[134.2129,-11.9576]]],[[[130.6513,-11.8145],[130.6468,-11.8215],[130.6611,-11.8156],[130.6513,-11.8145]]],[[[132.7305,-11.2963],[132.7327,-11.2849],[132.7196,-11.2846],[132.7305,-11.2963]]],[[[130.9524,-12.6357],[130.948,-12.6174],[130.945,-12.622],[130.9524,-12.6357]]],[[[132.4529,-11.6263],[132.4638,-11.621],[132.4511,-11.6172],[132.4529,-11.6263]]],[[[130.4558,-12.6318],[130.463,-12.6365],[130.4569,-12.6224],[130.4558,-12.6318]]],[[[136.0278,-12.174],[136.0261,-12.1666],[136.0203,-12.1962],[136.0278,-12.174]]],[[[130.6566,-11.3213],[130.6651,-11.3267],[130.6609,-11.3146],[130.6566,-11.3213]]],[[[130.4327,-12.5241],[130.4403,-12.5182],[130.4381,-12.5134],[130.4327,-12.5241]]],[[[136.6938,-11.14],[136.686,-11.1326],[136.6819,-11.1358],[136.6938,-11.14]]],[[[132.1691,-11.5873],[132.1753,-11.5858],[132.172,-11.5772],[132.1691,-11.5873]]],[[[136.5715,-11.8702],[136.5797,-11.8654],[136.57,-11.8652],[136.5715,-11.8702]]],[[[136.3229,-11.966],[136.3148,-11.9633],[136.3187,-11.9718],[136.3229,-11.966]]],[[[130.9984,-12.1612],[131.0006,-12.1528],[130.9959,-12.1549],[130.9984,-12.1612]]],[[[133.3155,-11.6674],[133.3223,-11.6608],[133.3158,-11.6593],[133.3155,-11.6674]]],[[[136.0196,-12.4812],[136.0245,-12.4747],[136.0243,-12.4684],[136.0196,-12.4812]]],[[[131.0156,-12.1502],[131.0241,-12.1457],[131.0203,-12.1437],[131.0156,-12.1502]]],[[[132.1567,-11.564],[132.1526,-11.5657],[132.1538,-11.5722],[132.1567,-11.564]]],[[[136.1692,-12.3695],[136.1679,-12.3727],[136.1747,-12.3713],[136.1692,-12.3695]]],[[[136.1589,-12.1809],[136.1575,-12.1772],[136.1531,-12.1783],[136.1589,-12.1809]]],[[[130.4074,-11.4288],[130.4098,-11.4275],[130.4085,-11.4221],[130.4074,-11.4288]]],[[[130.4189,-12.5388],[130.4219,-12.5373],[130.4212,-12.5328],[130.4189,-12.5388]]],[[[136.0977,-12.0691],[136.0968,-12.0756],[136.0991,-12.0675],[136.0977,-12.0691]]],[[[136.3201,-11.9838],[136.3203,-11.9791],[136.3166,-11.9829],[136.3201,-11.9838]]],[[[132.7249,-11.4777],[132.7268,-11.4738],[132.7233,-11.4733],[132.7249,-11.4777]]],[[[136.0159,-12.2135],[136.0147,-12.2193],[136.0177,-12.2093],[136.0159,-12.2135]]],[[[136.9092,-12.2584],[136.9138,-12.2581],[136.9077,-12.2569],[136.9092,-12.2584]]],[[[135.5053,-12.0211],[135.5075,-12.0234],[135.5063,-12.0182],[135.5053,-12.0211]]],[[[130.9443,-12.6174],[130.9464,-12.6157],[130.9442,-12.6138],[130.9443,-12.6174]]],[[[135.5154,-12.0605],[135.5182,-12.0563],[135.5155,-12.0565],[135.5154,-12.0605]]],[[[136.6967,-12.2385],[136.6944,-12.2419],[136.7001,-12.2381],[136.6967,-12.2385]]],[[[130.5679,-11.3624],[130.5703,-11.3643],[130.5703,-11.3612],[130.5679,-11.3624]]],[[[132.1893,-11.1199],[132.1903,-11.1153],[132.1886,-11.1173],[132.1893,-11.1199]]],[[[134.2128,-11.8923],[134.2129,-11.8899],[134.2114,-11.8894],[134.2128,-11.8923]]],[[[136.6855,-11.227],[136.6873,-11.2268],[136.6852,-11.2243],[136.6855,-11.227]]],[[[136.6734,-12.1855],[136.6746,-12.1835],[136.6728,-12.1818],[136.6734,-12.1855]]],[[[130.869,-12.5931],[130.871,-12.5901],[130.869,-12.5917],[130.869,-12.5931]]],[[[136.7853,-12.0438],[136.7876,-12.0424],[136.7845,-12.0427],[136.7853,-12.0438]]],[[[130.6118,-11.7365],[130.6141,-11.7354],[130.6113,-11.7352],[130.6118,-11.7365]]],[[[130.9525,-12.5379],[130.9543,-12.5366],[130.9515,-12.5365],[130.9525,-12.5379]]],[[[130.9424,-12.5269],[130.9424,-12.5293],[130.9434,-12.5279],[130.9424,-12.5269]]],[[[131.0107,-12.1524],[131.0141,-12.1509],[131.0114,-12.1511],[131.0107,-12.1524]]],[[[136.8688,-12.0919],[136.8686,-12.0888],[136.8678,-12.0906],[136.8688,-12.0919]]],[[[136.7503,-12.1623],[136.7521,-12.1607],[136.7494,-12.1621],[136.7503,-12.1623]]],[[[132.7839,-11.317],[132.7857,-11.3161],[132.7823,-11.3161],[132.7839,-11.317]]],[[[136.6743,-12.2445],[136.675,-12.2432],[136.6738,-12.2429],[136.6743,-12.2445]]],[[[134.6676,-11.9187],[134.6683,-11.9179],[134.6669,-11.9172],[134.6676,-11.9187]]],[[[136.6827,-11.2318],[136.683,-11.2309],[136.6817,-11.2308],[136.6827,-11.2318]]],[[[135.3081,-11.7302],[135.309,-11.7296],[135.3085,-11.7286],[135.3081,-11.7302]]],[[[136.6762,-12.2377],[136.6755,-12.2367],[136.6748,-12.2371],[136.6762,-12.2377]]],[[[132.1565,-11.5417],[132.1555,-11.5405],[132.1554,-11.5414],[132.1565,-11.5417]]],[[[130.1688,-11.5544],[130.1681,-11.5547],[130.1683,-11.5554],[130.1688,-11.5544]]],[[[130.9448,-12.5268],[130.9452,-12.5258],[130.9443,-12.5263],[130.9448,-12.5268]]],[[[130.8776,-12.5574],[130.8775,-12.5563],[130.8772,-12.5571],[130.8776,-12.5574]]]]},"properties":{"name":"Northern Territory"}},{"type":"Feature","geometry":{"type":"Polygon","coordinates":[[[149.0624,-35.1591],[148.808,-35.3098],[148.7628,-35.4955],[148.7911,-35.7034],[148.8575,-35.7615],[148.8867,-35.7192],[148.9094,-35.8531],[149.0464,-35.9205],[149.096,-35.8442],[149.1094,-35.6966],[149.0781,-35.5864],[149.1427,-35.5928],[149.1385,-35.4285],[149.2072,-35.3453],[149.3556,-35.3507],[149.3993,-35.3191],[149.2718,-35.2735],[149.2387,-35.2222],[149.205,-35.2291],[149.1891,-35.1655],[149.139,-35.128],[149.0624,-35.1591]]]},"properties":{"name":"Australian Capital Territory"}}]}
