osm_id,lat,lon,name,operator,access,capacity,fast,lga_code,vic_postcode,state
node/7853763889,-35.2998964,149.190361,"","",yes,1,FALSE,89399,,ACT
node/7853799488,-35.2801903,149.1354521,"","","",4,FALSE,89399,,ACT
node/8660527323,-35.3457734,149.0857708,"","","",,FALSE,89399,,ACT
node/12555903853,-35.2514976,149.1379696,"","","",,FALSE,89399,,ACT
node/14113976572,-35.1864275,149.1356065,AmpCharge,AmpCharge,"",6,TRUE,89399,,ACT
node/7858748739,-35.3224367,149.165535,Chargefox,Chargefox,"",1,TRUE,89399,,ACT
node/12861805832,-35.3168159,149.1495592,Evie Charging Station,Evie Networks,customers,4,FALSE,89399,,ACT
node/11927351347,-35.2818558,149.1222442,Evie Networks,Evie Networks,"",8,FALSE,89399,,ACT
node/12081896276,-35.2534898,149.0707193,Evie Networks,Evie Networks,"",4,TRUE,89399,,ACT
node/13728878368,-35.174409,149.0965067,Evie Networks,Evie Networks,yes,4,FALSE,89399,,ACT
node/14089613013,-35.2388816,149.0717617,Evie Networks,Evie Networks,"",4,TRUE,89399,,ACT
node/14132970332,-35.3207304,149.1346341,Evie Networks,Evie Networks,"",4,TRUE,89399,,ACT
way/1492451058,-35.3230714,149.0931615,Evie Networks,Evie Networks,yes,4,TRUE,89399,,ACT
way/1515135202,-35.1999136,149.1484186,Evie Networks,Evie Networks,"",4,TRUE,89399,,ACT
node/10738276283,-35.319776,149.1389146,Evie at BP Kingston,Evie Networks,"",2,TRUE,89399,,ACT
node/14028000688,-35.2418293,149.1268271,Exploren,Exploren,"",6,TRUE,89399,,ACT
node/14113976573,-35.1845817,149.1328278,Exploren,Exploren,"",6,TRUE,89399,,ACT
node/14113976574,-35.1840955,149.1304665,Exploren,Exploren,"",2,TRUE,89399,,ACT
way/1492451057,-35.3190467,149.0936875,Exploren,Exploren,yes,6,TRUE,89399,,ACT
node/8660496889,-35.2745267,149.1333578,Tesla Destination Charger,Tesla,"",,FALSE,89399,,ACT
node/5985113586,-35.2942945,149.1902341,Tesla Supercharger,Tesla,customers,6,TRUE,89399,,ACT
node/10815538922,-35.4161685,149.0642995,Tesla Supercharger,Tesla,yes,6,TRUE,89399,,ACT
node/13898003740,-35.1886416,149.0822289,Tesla Supercharger,Tesla,"",4,TRUE,89399,,ACT
node/13676576817,-35.3660072,149.0951713,bp pulse,bp pulse,yes,,TRUE,89399,,ACT
node/14175182691,-35.4132764,149.1278865,bp pulse,bp pulse,"",2,TRUE,89399,,ACT
node/6758195608,-36.0283814,146.8959075,"","","",,FALSE,10050,,NSW
node/7244697466,-36.0837898,146.9148011,NRMA,NRMA,"",,TRUE,10050,,NSW
node/11386697708,-36.0792896,146.9135464,Tesla Supercharger,Tesla,yes,16,TRUE,10050,,NSW
node/8133502030,-30.5119326,151.6696956,NRMA,NRMA,"",1,FALSE,10180,,NSW
node/8692040374,-30.555484,151.6821565,Peterson's Armidale,Peterson's Armidale,"",1,FALSE,10180,,NSW
node/8709283408,-30.5062581,151.6728399,Tesla Destination Charger,Powerhouse Hotel,customers,2,FALSE,10180,,NSW
node/12856495137,-30.5134175,151.6636968,Tesla Supercharger,Tesla,"",4,TRUE,10180,,NSW
node/6907644721,-28.857635,153.5617941,Chargefox,Chargefox,"",,FALSE,10250,,NSW
node/6961067090,-28.870871,153.563108,Tesla Destination Charger,Tesla,permissive,,FALSE,10250,,NSW
node/6460580922,-28.7495635,153.5347035,Tesla Supercharger,Tesla,yes,6,TRUE,10250,,NSW
node/10687073170,-28.8616621,153.5169159,bp pulse,bp pulse,"",2,TRUE,10250,,NSW
node/7742159359,-34.6396148,143.5644882,NRMA,NRMA,"",,TRUE,10300,,NSW
node/7842335713,-33.4257824,149.5813787,EO,EO,"",2,FALSE,10470,,NSW
node/12481649796,-33.4141679,149.5834212,Evie Networks,Evie Networks,"",4,TRUE,10470,,NSW
node/6489744914,-33.4191414,149.5867462,NRMA,NRMA,"",1,TRUE,10470,,NSW
node/13013484065,-33.4136362,149.5853966,NRMA,NRMA,"",4,TRUE,10470,,NSW
node/13971868676,-33.4184874,149.5829572,Tesla,Tesla,"",2,FALSE,10470,,NSW
node/8302152508,-33.4190492,149.5866349,Tesla Supercharger,Tesla,yes,6,TRUE,10470,,NSW
node/13670381853,-33.4193774,149.6223896,bp pulse,bp pulse,"",6,TRUE,10470,,NSW
node/13688532602,-33.9243219,151.2114879,Eastlakes Supercharger,Tesla,yes,,FALSE,10500,,NSW
node/10863588015,-33.9205413,151.1911399,Jolt,Jolt,yes,2,TRUE,10500,,NSW
node/6305536144,-33.9285142,151.186122,Tesla Destination Charger,Tesla,"",,FALSE,10500,,NSW
node/12284563526,-36.6968576,149.8415044,Chargefox,Chargefox,"",,TRUE,10550,,NSW
node/13244748958,-36.6785407,149.8450775,Exploren,Exploren,"",4,FALSE,10550,,NSW
node/13244874411,-37.0777375,149.8755206,Exploren,Exploren,"",,FALSE,10550,,NSW
node/13566011211,-36.8856518,149.907078,Merimbula Supercharger,Tesla,yes,8,TRUE,10550,,NSW
node/6711862737,-36.6731502,149.8431789,NRMA,NRMA,"",2,TRUE,10550,,NSW
node/9121818285,-36.8951652,149.9120037,Tesla Destination Charger,"Tesla, Inc.","",,FALSE,10550,,NSW
node/13928568813,-30.3387457,152.7136732,NRMA,NRMA,"",,FALSE,10600,,NSW
node/13928568814,-30.3382377,152.7128113,NRMA,NRMA,"",2,TRUE,10600,,NSW
node/9408923628,-33.7848221,150.8530426,"","",yes,4,FALSE,10750,,NSW
node/13530611083,-33.7875506,150.8545674,"","",yes,4,FALSE,10750,,NSW
node/11440214108,-33.7161538,150.8447937,AmpCharge,AmpCharge,"",2,TRUE,10750,,NSW
node/13036266779,-33.7743896,150.9449213,AmpCharge,AmpCharge,"",,TRUE,10750,,NSW
node/13036304448,-33.8016436,150.8878206,AmpCharge,AmpCharge,"",10,TRUE,10750,,NSW
node/13246979353,-33.7059734,150.9107867,AmpCharge,AmpCharge,"",4,TRUE,10750,,NSW
node/13371885230,-33.802347,150.8815263,AmpCharge,AmpCharge,"",10,TRUE,10750,,NSW
node/13613220880,-33.801551,150.888025,AmpCharge,AmpCharge,"",,FALSE,10750,,NSW
node/13613244882,-33.8022938,150.8810765,AmpCharge,AmpCharge,"",,FALSE,10750,,NSW
way/1559823913,-33.7816215,150.8534842,Ampol AmpCharge,Ampol,"",7,FALSE,10750,,NSW
node/7237598406,-33.7708416,150.8452155,Chargefox,Chargefox,"",,FALSE,10750,,NSW
node/13064521073,-33.7198068,150.8425731,Chargefox,Chargefox,"",4,FALSE,10750,,NSW
node/13966472049,-33.7009719,150.805339,Chargefox,Chargefox,"",2,TRUE,10750,,NSW
node/8169947525,-33.7671436,150.9548236,Evie Networks,Evie Networks,yes,350,TRUE,10750,,NSW
node/9309912420,-33.7054584,150.8754276,Evie Networks,Evie Networks,"",,FALSE,10750,,NSW
node/11365136257,-33.775792,150.9330041,Evie Networks,Evie Networks,"",,TRUE,10750,,NSW
node/13205693685,-33.779921,150.8132069,Evie Networks,Evie Networks,"",5,TRUE,10750,,NSW
node/11167384460,-33.6832925,150.9165225,Jolt,Jolt,"",1,FALSE,10750,,NSW
node/11258008348,-33.7355105,150.8513323,Jolt,Jolt,yes,2,FALSE,10750,,NSW
node/11372241486,-33.7004394,150.9281721,Jolt,Jolt,"",2,FALSE,10750,,NSW
node/10590006365,-33.8109506,150.8503059,bp pulse,bp pulse,"",2,TRUE,10750,,NSW
node/10984470645,-33.7671757,150.9518073,bp pulse,bp pulse,"",2,FALSE,10750,,NSW
node/13639603763,-33.7197252,150.8448654,bp pulse,bp pulse,"",6,TRUE,10750,,NSW
node/6460796546,-33.9237229,147.2036752,NRMA,NRMA,"",4,TRUE,10800,,NSW
node/11335189892,-33.7655858,150.6218055,AmpCharge,AmpCharge,"",,TRUE,10900,,NSW
node/11335199123,-33.7210003,150.4519114,AmpCharge,AmpCharge,"",2,TRUE,10900,,NSW
node/12404567155,-33.7206984,150.4297379,Evie Networks,Evie Networks,"",2,TRUE,10900,,NSW
node/13033494574,-33.6746391,150.2805582,Tesla Destination Charger,Tesla,"",2,FALSE,10900,,NSW
node/10861761260,-33.7452182,150.6104117,Tesla Supercharger,Tesla,yes,6,TRUE,10900,,NSW
node/10048386532,-31.5643351,147.1969608,NRMA,NRMA,"",,FALSE,10950,,NSW
node/9771012966,-30.0884156,145.9348827,NRMA,NRMA,"",2,FALSE,11150,,NSW
node/9771012967,-29.9607798,146.8577827,NRMA,NRMA,"",2,FALSE,11200,,NSW
node/9344898113,-31.9596719,141.4595159,NRMA,NRMA,"",,FALSE,11250,,NSW
node/13441699802,-33.8749576,151.1018198,EVX,EVX,"",,FALSE,11300,,NSW
node/9404724469,-33.8872485,151.099324,Jolt,Jolt,yes,,FALSE,11300,,NSW
node/9672846122,-33.8947565,151.1096799,Jolt,Jolt,yes,1,FALSE,11300,,NSW
node/9738285222,-33.873882,151.1019416,Jolt,Jolt,yes,1,FALSE,11300,,NSW
node/9863000835,-33.8720579,151.0954277,Jolt,Jolt,"",1,FALSE,11300,,NSW
node/10780543260,-33.869384,151.1077617,Jolt,Jolt,"",,FALSE,11300,,NSW
node/13977276314,-28.6297393,153.5802747,"","","",,FALSE,11350,,NSW
node/5270964444,-28.643176,153.615842,Chargefox,Chargefox,"",2,FALSE,11350,,NSW
node/13242756701,-28.6738417,153.6119666,Ingenia Byron Bay,"","",2,FALSE,11350,,NSW
node/6695968988,-28.636313,153.553519,NRMA,NRMA,"",2,TRUE,11350,,NSW
node/13197398595,-28.6977809,153.5090379,Ocular,Ocular,"",2,FALSE,11350,,NSW
node/13951280503,-28.649801,153.6136707,Tesla Supercharger,Tesla,"",8,TRUE,11350,,NSW
way/1550315727,-33.0908754,148.8704004,NRMA,NRMA,"",4,TRUE,11400,,NSW
node/9354339800,-33.9532239,150.8040539,"","","",,FALSE,11450,,NSW
node/13018467011,-34.0395363,150.7431652,AmpCharge,AmpCharge,"",4,TRUE,11450,,NSW
node/11695236309,-34.0418122,150.7354796,Evie Networks,Evie Networks,"",,TRUE,11450,,NSW
node/12757295582,-34.0440001,150.7371231,Exploren,Exploren,"",2,FALSE,11450,,NSW
node/13076752054,-34.04937,150.7592972,Exploren,Exploren,"",,FALSE,11450,,NSW
node/13135189454,-34.020313,150.7623274,Exploren,Exploren,"",4,TRUE,11450,,NSW
node/14020908421,-34.0257886,150.7780831,NRMA,NRMA,"",4,TRUE,11450,,NSW
node/12686156645,-34.0496546,150.7599688,Shell Recharge Solutions,Shell Recharge Solutions,"",,TRUE,11450,,NSW
node/13064517071,-33.9620644,150.8063223,Woolworths,Chargefox,"",6,FALSE,11450,,NSW
node/13125814415,-34.0842511,150.8018599,AmpCharge,AmpCharge,"",2,TRUE,11500,,NSW
node/10296267794,-34.0678179,150.7889593,Chargefox,Chargefox,customers,2,FALSE,11500,,NSW
node/10314029528,-34.0678179,150.7889111,Chargefox,Chargefox,customers,2,FALSE,11500,,NSW
node/11842761957,-34.0716189,150.8058677,Chargefox,Chargefox,"",4,TRUE,11500,,NSW
node/11419885107,-34.0720222,150.8051711,Evie Networks,Evie Networks,"",,TRUE,11500,,NSW
node/12015862929,-34.030909,150.8489837,Evie Networks,Evie Networks,"",,TRUE,11500,,NSW
node/13064502527,-33.9758428,150.8115865,Evie Networks,Evie Networks,"",4,TRUE,11500,,NSW
node/10774220953,-34.0714958,150.8073027,Tesla Supercharger,Tesla,"",12,TRUE,11500,,NSW
node/10563108217,-34.0532156,150.8236391,bp pulse,bp pulse,"",,TRUE,11500,,NSW
node/10959087488,-33.9887792,150.8593146,bp pulse,bp pulse,"",2,FALSE,11500,,NSW
node/10050161556,-33.8359626,151.0848349,"","","",4,FALSE,11520,,NSW
node/9958152708,-33.8300902,151.0860347,Chargefox,Chargefox,permissive,2,FALSE,11520,,NSW
node/13168678393,-33.8639878,151.0894241,Evie Networks,Evie Networks,"",6,TRUE,11520,,NSW
node/13168689959,-33.8544347,151.103953,Evie Networks,Evie Networks,"",2,TRUE,11520,,NSW
node/13586251301,-33.8686703,151.1186059,Evie Networks,Evie Networks,"",,TRUE,11520,,NSW
node/10208698066,-33.8740665,151.1267452,bp pulse,bp pulse,"",2,TRUE,11520,,NSW
node/11189565177,-33.9077366,151.1038722,"","","",2,FALSE,11570,,NSW
node/11079299253,-33.9047467,151.0646034,AmpCharge,AmpCharge,yes,2,FALSE,11570,,NSW
node/12560173013,-33.9327164,151.0284555,Bankstown Supercharger,Tesla,yes,6,TRUE,11570,,NSW
node/13064595558,-33.9352716,151.069286,Chargefox,Chargefox,"",2,TRUE,11570,,NSW
node/9363608762,-33.9320564,151.0301289,Evie Networks,Evie Networks,"",,TRUE,11570,,NSW
node/13235807509,-33.919065,151.0875521,Exploren,Exploren,"",4,FALSE,11570,,NSW
node/14011529760,-33.9083535,151.0578497,Exploren,Exploren,"",2,TRUE,11570,,NSW
node/14028035884,-33.8975351,151.1232149,Exploren,Exploren,yes,,FALSE,11570,,NSW
node/10218282678,-33.9195544,151.0669461,bp pulse,bp pulse,yes,,TRUE,11570,,NSW
node/10628109252,-33.9388196,151.0177286,bp pulse,bp pulse,"",,FALSE,11570,,NSW
node/13774450454,-33.8928944,151.0389225,bp pulse,bp pulse,"",8,TRUE,11570,,NSW
node/12483992745,-33.5249059,151.3127099,AGL,AGL,yes,,FALSE,11650,,NSW
node/11129535113,-33.4275068,151.3214629,AmpCharge,AmpCharge,yes,,TRUE,11650,,NSW
node/13953152378,-33.3728412,151.4727423,AmpCharge,AmpCharge,yes,10,TRUE,11650,,NSW
node/14075869947,-33.2557264,151.4026311,AmpCharge,AmpCharge,"",8,TRUE,11650,,NSW
node/14075869948,-33.2537592,151.4055458,AmpCharge,AmpCharge,"",8,TRUE,11650,,NSW
node/14156174213,-33.4675382,151.3825181,AmpCharge,AmpCharge,yes,4,FALSE,11650,,NSW
node/10232012344,-33.3628805,151.4443624,BP Pulse,BP Pulse,"",,FALSE,11650,,NSW
node/13441696002,-33.529774,151.3107754,Chargefox,Chargefox,"",,FALSE,11650,,NSW
node/13441696001,-33.5300878,151.3101679,NRMA,NRMA,"",,FALSE,11650,,NSW
node/5047210796,-33.5212508,151.3749048,Tesla Motors,Tesla Motors,"",,FALSE,11650,,NSW
node/6517096170,-33.3101932,151.420595,Tesla Supercharger,Tesla,yes,,TRUE,11650,,NSW
node/12167451932,-33.4249948,151.3201664,Tesla Supercharger,Tesla,"",12,TRUE,11650,,NSW
node/9470340169,-31.5575066,143.3857829,NRMA,NRMA,"",,FALSE,11700,,NSW
node/7375482623,-32.7742468,151.2946203,NRMA,NRMA,"",,FALSE,11720,,NSW
node/14197287043,-32.7734669,151.3099091,Tesla,Tesla,"",8,FALSE,11720,,NSW
node/13694302014,-32.7735481,151.3104542,Tesla Supercharger,Tesla,"",8,TRUE,11720,,NSW
node/13830632498,-29.4500482,153.2004198,"","",yes,25,FALSE,11730,,NSW
node/8994778322,-29.5612453,153.1492504,Evie Networks,Evie Networks,"",2,TRUE,11730,,NSW
node/6656345063,-29.6881629,152.9335121,NRMA,NRMA,yes,1,TRUE,11730,,NSW
node/7140188595,-29.427045,153.2391675,Tesla Supercharger,Tesla,yes,4,TRUE,11730,,NSW
node/9712759905,-31.4988063,145.8376295,NRMA,NRMA,"",,FALSE,11750,,NSW
node/10861584624,-30.3177072,153.0898333,Chargefox Coffs Harbour,Chargefox,"",,TRUE,11800,,NSW
node/5004854821,-30.2814283,153.1315933,Tesla Supercharger,Tesla,yes,6,TRUE,11800,,NSW
node/12437997269,-30.2044092,153.1497971,Tesla Supercharger,Tesla,yes,15,TRUE,11800,,NSW
way/1459249999,-30.2739318,153.132588,Tesla Supercharger,Tesla,yes,16,TRUE,11800,,NSW
node/12884898642,-34.8130868,147.2016407,Exploren,Exploren,"",,FALSE,12000,,NSW
node/12884903427,-34.7932886,147.0386296,Exploren,Exploren,"",,FALSE,12000,,NSW
node/13928456263,-34.3538338,146.9019292,Exploren,Exploren,"",,TRUE,12000,,NSW
node/9278715200,-30.9527945,148.3878551,NRMA,NRMA,"",,FALSE,12150,,NSW
node/12442429578,-34.6396971,148.0262872,Exploren,Exploren,"",,FALSE,12160,,NSW
node/13525320796,-35.0010157,148.1106312,NRMA,NRMA,"",2,TRUE,12160,,NSW
node/4027667916,-35.0021004,148.1098598,Tesla Supercharger,Tesla,yes,6,TRUE,12160,,NSW
node/13146732524,-34.9238501,148.165815,Tesla Supercharger,Tesla,yes,12,TRUE,12160,,NSW
node/8253300980,-33.8340931,148.6944413,NRMA,NRMA,"",,TRUE,12350,,NSW
node/9619986125,-33.8354773,148.6817349,Tesla Destination Charger,Tesla,"",2,FALSE,12350,,NSW
node/13309446883,-33.8340627,150.9879587,AmpCharge,AmpCharge,"",6,TRUE,12380,,NSW
node/11004256023,-33.8521007,150.9955859,Evie Networks,Evie Networks,"",2,TRUE,12380,,NSW
node/13804420298,-33.8160921,150.9690811,Evie Networks,Evie Networks,"",4,TRUE,12380,,NSW
node/12986963882,-32.1956615,148.8979684,15A wall receptacles,Hair of the Dog Hotel,customers,4,FALSE,12390,,NSW
way/1550315721,-32.5551366,148.9437259,Chargefox,Chargefox,"",4,TRUE,12390,,NSW
node/6759463884,-32.2493739,148.609354,NRMA,NRMA,"",2,TRUE,12390,,NSW
way/1550315648,-32.2546958,148.5885473,NRMA,NRMA,"",4,TRUE,12390,,NSW
node/6456722833,-32.2499278,148.6091712,Tesla Supercharger,Tesla,yes,4,TRUE,12390,,NSW
node/7370327570,-35.7099111,150.1774214,Evie Networks,Evie Networks,"",1,TRUE,12750,,NSW
node/6512442081,-35.7084845,150.1752344,NRMA,NRMA,"",1,TRUE,12750,,NSW
node/10026076729,-35.7096667,150.173894,NRMA,NRMA,"",2,TRUE,12750,,NSW
node/13244827463,-35.913824,150.0792424,NRMA,NRMA,"",2,TRUE,12750,,NSW
node/11927615171,-36.0862522,150.0494289,Tesla Destination Charger,Bodalla Cheese Factory,"",,FALSE,12750,,NSW
node/5758577851,-36.2231879,150.1284524,Tesla Supercharger,Tesla,yes,4,TRUE,12750,,NSW
node/12854473381,-35.7186596,150.1900931,Tesla Supercharger,Tesla,"",6,TRUE,12750,,NSW
node/11048936553,-33.8504225,150.898387,Engie,Engie,yes,2,TRUE,12850,,NSW
node/9215252226,-33.8988886,150.9199428,Evie Networks,Evie Networks,"",,TRUE,12850,,NSW
node/13185195202,-33.8795126,150.9781193,Evie Networks,Evie Networks,"",4,TRUE,12850,,NSW
node/13639648647,-33.8941528,150.8579802,bp pulse,bp pulse,"",2,TRUE,12850,,NSW
node/12195801696,-33.3841189,148.0099258,Exploren,Exploren,"",4,TRUE,12900,,NSW
node/9603490031,-33.9621828,151.063567,Jolt,Jolt,yes,1,FALSE,12930,,NSW
node/9953777925,-33.9492389,151.081218,Jolt,Jolt,yes,,FALSE,12930,,NSW
node/9996192046,-33.9701906,151.0801412,Jolt,Jolt,"",1,FALSE,12930,,NSW
node/10091269880,-33.9678598,151.1060452,Jolt,Jolt,yes,1,FALSE,12930,,NSW
node/10091269881,-33.948437,151.0710625,Jolt,Jolt,yes,1,FALSE,12930,,NSW
node/10196181562,-33.9815934,151.0815506,Jolt,Jolt,yes,1,FALSE,12930,,NSW
way/1513958639,-31.7210639,148.6567236,NRMA,NRMA,"",2,TRUE,12950,,NSW
node/6656200736,-29.7384627,151.7362504,NRMA,NRMA,"",,FALSE,13010,,NSW
node/10263943171,-34.7190997,149.9958809,BP Pulse,BP Pulse,"",,TRUE,13310,,NSW
node/10263943172,-34.7184231,150.0006494,BP Pulse,BP Pulse,"",,TRUE,13310,,NSW
node/7021322234,-34.7479333,149.7496197,Chargefox,Chargefox,"",3,TRUE,13310,,NSW
node/10792695777,-34.7722611,149.6927672,Chargefox,Chargefox,"",2,TRUE,13310,,NSW
node/4016257448,-34.7554799,149.7209942,Tesla Supercharger,Tesla,yes,8,TRUE,13310,,NSW
node/12564147445,-34.7728854,149.6927921,Tesla Supercharger,Tesla,yes,20,TRUE,13310,,NSW
node/6749392356,-35.7175328,147.317755,NRMA,NRMA,"",4,TRUE,13340,,NSW
node/11290026319,-35.7226725,147.317546,Tesla Supercharger,Tesla,yes,16,TRUE,13340,,NSW
node/11963693701,-34.2992293,146.0783037,Chargefox,Chargefox,"",,TRUE,13450,,NSW
node/12024063277,-34.2921105,146.0518678,Tesla Supercharger,Tesla,"",6,TRUE,13450,,NSW
node/6839163294,-30.9786335,150.2519137,NRMA,NRMA,"",,FALSE,13550,,NSW
node/6926483227,-34.5091627,144.8426785,NRMA,NRMA,"",,TRUE,13850,,NSW
node/12087095506,-34.5114833,144.8424321,Tesla Supercharger,Tesla,"",6,TRUE,13850,,NSW
node/12583460911,-34.4367216,148.7235392,"","","",,FALSE,13910,,NSW
node/12485888258,-34.562786,148.3608529,Exploren,Exploren,"",4,FALSE,13910,,NSW
node/12884901002,-34.5544468,148.3694317,Exploren,Exploren,"",1,FALSE,13910,,NSW
node/6460798626,-34.3117299,148.2950671,NRMA,NRMA,"",1,TRUE,13910,,NSW
node/6749417820,-34.8234623,148.3253727,NRMA EV Charging Station,NRMA,"",2,TRUE,13910,,NSW
node/14106496303,-33.7027915,151.1136235,"","","",,FALSE,14000,,NSW
node/12167440484,-33.6214768,151.1493662,Chargefox,Chargefox,"",,TRUE,14000,,NSW
node/13805070070,-33.6957204,151.0315164,Chargefox,Chargefox,"",2,FALSE,14000,,NSW
node/10971491088,-33.7505332,151.0650786,Jolt,Jolt,yes,1,FALSE,14000,,NSW
node/10687053371,-33.6899794,151.1061283,bp pulse,bp pulse,"",2,TRUE,14000,,NSW
node/9290790988,-33.9080986,151.1716659,"","",yes,4,FALSE,14170,,NSW
node/13736523001,-33.90948,151.177866,AGL,AGL,yes,,FALSE,14170,,NSW
node/13854720801,-33.8808278,151.1316481,Chargefox,Chargefox,"",,TRUE,14170,,NSW
node/14067768887,-33.9225989,151.1646134,Chargefox,Chargefox,yes,4,FALSE,14170,,NSW
node/14074238901,-33.8915435,151.1337213,Chargefox,Chargefox,"",,FALSE,14170,,NSW
node/12401912951,-33.907934,151.13603,EVSE,EVSE,"",4,FALSE,14170,,NSW
node/12401940008,-33.9013585,151.13684,EVSE,EVSE,"",2,FALSE,14170,,NSW
node/12401940012,-33.9001786,151.1400057,EVSE,EVSE,"",2,FALSE,14170,,NSW
node/13477822501,-33.8895095,151.1469211,EVX,EVX,"",,FALSE,14170,,NSW
node/13810069801,-33.8795334,151.1564993,EVX,EVX,"",,FALSE,14170,,NSW
node/14091624304,-33.8870608,151.1219345,EVX,EVX,yes,2,FALSE,14170,,NSW
node/14128602001,-33.8656032,151.1678353,EVX,EVX,"",,FALSE,14170,,NSW
node/9737993455,-33.9079872,151.1710728,Evie Networks,Evie Networks,yes,2,FALSE,14170,,NSW
node/10180321115,-33.8848452,151.1492145,Evie Networks,Evie Networks,"",4,FALSE,14170,,NSW
node/13064491791,-33.9229554,151.1653373,Evie Networks,Evie Networks,yes,4,TRUE,14170,,NSW
node/13382573701,-33.889566,151.1233758,Evie Networks,Evie Networks,"",,TRUE,14170,,NSW
node/12401912952,-33.9065093,151.1379558,Plus ES,Plus ES,"",1,FALSE,14170,,NSW
node/12401940007,-33.9029096,151.1418343,Plus ES,Plus ES,"",1,FALSE,14170,,NSW
node/12401940009,-33.9016518,151.1393143,Plus ES,Plus ES,"",1,FALSE,14170,,NSW
node/12401940010,-33.9030165,151.1398407,Plus ES,Plus ES,"",1,FALSE,14170,,NSW
node/12401940011,-33.9013026,151.1396074,Plus ES,Plus ES,"",1,FALSE,14170,,NSW
node/12407007682,-33.9024416,151.1409463,Plus ES,Plus ES,"",1,FALSE,14170,,NSW
node/10907235224,-33.9161106,151.1729055,bp pulse,bp pulse,"",2,TRUE,14170,,NSW
node/13928544015,-31.078217,152.8432253,Woolworths,Chargefox,"",4,TRUE,14350,,NSW
node/12583454471,-28.3883862,152.6067541,"","","",,FALSE,14550,,NSW
node/13410165907,-28.6214782,153.0030335,Ocular,Kyogle Council,yes,2,FALSE,14550,,NSW
node/13286968361,-33.116686,151.4713937,AmpCharge,AmpCharge,"",2,TRUE,14650,,NSW
node/13389664015,-32.8963971,151.5977495,AmpCharge,AmpCharge,"",6,TRUE,14650,,NSW
node/3488644749,-32.9358797,151.6438477,ChargePoint,ChargePoint,"",,FALSE,14650,,NSW
node/8570161417,-32.9599116,151.6240709,Chargefox,Chargefox,yes,,FALSE,14650,,NSW
node/11463047965,-32.9635572,151.6616905,Evie Networks,Evie Networks,yes,4,FALSE,14650,,NSW
node/8714190581,-33.1048978,151.6482486,Porsche,Porsche,customers,,FALSE,14650,,NSW
node/8613733552,-32.935565,151.644388,Tesla Destination Charger,Tesla,yes,,FALSE,14650,,NSW
node/10177425298,-33.8140858,151.1706842,"","","",4,FALSE,14700,,NSW
node/13246607070,-33.806327,151.1757441,AGL,AGL,"",1,FALSE,14700,,NSW
node/11447868870,-33.814086,151.1724187,EVlink,Exploren,yes,1,FALSE,14700,,NSW
node/12167732651,-33.8146773,151.1713359,EVlink,Exploren,yes,1,FALSE,14700,,NSW
node/12202880553,-33.8246416,151.1958182,EVlink,EVlink,yes,1,FALSE,14700,,NSW
node/9347175037,-33.8135004,151.1692687,Evie Networks,Evie Networks,"",,FALSE,14700,,NSW
node/12896497308,-33.8237748,151.1951179,Evie Networks,Evie Networks,"",,FALSE,14700,,NSW
node/10095102213,-33.8130165,151.1694068,Tesla Destination Charger,Tesla,"",,FALSE,14700,,NSW
node/13103099620,-33.8246315,151.1726815,bp pulse,bp pulse,"",,TRUE,14700,,NSW
node/12254373831,-34.5508548,146.4051522,"","","",,FALSE,14750,,NSW
node/13159632757,-28.806586,153.278719,Chargefox,Chargefox,"",2,FALSE,14850,,NSW
node/13300559304,-33.4826083,150.1555209,Chargefox,Chargefox,"",4,TRUE,14870,,NSW
node/12661943299,-33.4812628,150.1587903,Eskbank St Car Park,NRMA,yes,4,TRUE,14870,,NSW
node/12015928951,-33.4812016,150.1362442,Evie Networks,Evie Networks,yes,,TRUE,14870,,NSW
node/6656233420,-33.4780086,150.1610665,Tritium,NRMA,yes,2,TRUE,14870,,NSW
node/9408929771,-33.9522711,150.8557293,"","","",2,FALSE,14900,,NSW
node/11419886723,-33.9555586,150.8651092,AmpCharge,AmpCharge,"",,TRUE,14900,,NSW
node/11957109508,-33.9296043,150.9553129,AmpCharge,AmpCharge,"",2,TRUE,14900,,NSW
node/9863034303,-33.9488297,150.90026,Evie Networks,Evie Networks,"",2,TRUE,14900,,NSW
node/11689937303,-33.9579982,150.8865473,Jolt,Jolt,"",,TRUE,14900,,NSW
node/12434721630,-33.9300967,150.8754969,NRMA,NRMA,"",,FALSE,14900,,NSW
node/12588884145,-31.2607546,150.739507,Ocular,Ocular,"",,FALSE,14920,,NSW
node/12339085550,-35.2656329,147.1106112,"","","",1,FALSE,14950,,NSW
node/12885058063,-35.2198921,146.712906,Exploren,Exploren,"",,FALSE,14950,,NSW
node/12885058064,-35.220556,146.7157786,Exploren,Exploren,"",,FALSE,14950,,NSW
node/13949256586,-32.7177368,151.5283261,"","","",2,FALSE,15050,,NSW
node/13928606247,-32.707954,151.5070686,AmpCharge,AmpCharge,"",2,TRUE,15050,,NSW
node/13948835373,-32.7619072,151.5924713,AmpCharge,AmpCharge,"",8,TRUE,15050,,NSW
node/13928607012,-32.7148801,151.52707,bp pulse,bp pulse,"",,FALSE,15050,,NSW
node/9900811626,-32.1790682,152.5136654,"","","",,FALSE,15240,,NSW
node/14175108828,-32.2001903,152.5200287,AmpCharge,AmpCharge,"",8,TRUE,15240,,NSW
node/7476003934,-32.1997712,152.5199677,EVlink,EVlink,yes,,FALSE,15240,,NSW
node/7612252206,-31.9433485,152.4706099,Evie Networks,Evie Networks,"",2,TRUE,15240,,NSW
node/6489797683,-32.0990505,152.3814131,NRMA,NRMA,"",2,TRUE,15240,,NSW
node/11952634938,-31.9079866,152.4616525,Tesla Supercharger,Tesla,yes,12,TRUE,15240,,NSW
node/12986977106,-32.375799,149.277724,240V wall outlet,Hall committee,yes,1,FALSE,15270,,NSW
node/8163934715,-32.593669,149.586206,NRMA,NRMA,"",,FALSE,15270,,NSW
node/13341675501,-32.5896509,149.5859081,NRMA,NRMA,"",,TRUE,15270,,NSW
node/12583399955,-29.4619233,149.8408156,NRMA,NRMA,"",4,TRUE,15300,,NSW
node/12583396543,-28.5482924,150.3060395,Yurika,Yurika,"",2,TRUE,15300,,NSW
node/13149077271,-33.8311185,151.2436667,"","","",,FALSE,15350,,NSW
node/8241597113,-33.8255622,151.2414269,Evie Networks,Evie Networks,"",2,FALSE,15350,,NSW
node/10184645214,-36.1135121,144.757421,"","","",,FALSE,15520,,NSW
node/11263803078,-34.8063865,145.8804055,"","","",,FALSE,15560,,NSW
node/12885318906,-35.3612063,145.71943,BP Pulse,BP Pulse,"",6,TRUE,15560,,NSW
node/8317195266,-35.3556886,145.7241471,NRMA,NRMA,"",6,TRUE,15560,,NSW
way/762728901,-32.4474443,150.832246,Tesla Supercharger,Tesla,yes,6,TRUE,15650,,NSW
node/8505686311,-30.7101732,152.919807,Evie Networks,Evie Networks,"",4,TRUE,15700,,NSW
node/11495572569,-30.6267085,152.9724342,bp pulse,bp pulse,"",2,TRUE,15700,,NSW
node/12583296437,-30.3250256,149.7838449,NRMA,NRMA,"",4,TRUE,15750,,NSW
node/12259891801,-30.3239348,149.7810597,Tesla Supercharger,Tesla,yes,4,TRUE,15750,,NSW
node/10159370719,-34.7464753,146.5498937,NRMA,NRMA,"",4,TRUE,15800,,NSW
node/13360787875,-34.743578,146.5543044,Tesla Supercharger,Tesla,yes,4,TRUE,15800,,NSW
node/8634205901,-32.8918933,151.7019405,"","","",2,FALSE,15900,,NSW
node/11494560491,-32.8119859,151.6394417,BP Pulse,bp pulse,"",,FALSE,15900,,NSW
node/6965112603,-32.9028042,151.6906686,ChargePoint,ChargePoint,yes,7,FALSE,15900,,NSW
node/6961675434,-32.9291638,151.7720103,Chargefox,Chargefox,"",22,FALSE,15900,,NSW
node/6965043248,-32.9302558,151.7607437,Chargefox,Chargefox,yes,50,FALSE,15900,,NSW
node/6965043249,-32.9302851,151.7607424,Chargefox,Chargefox,yes,22,FALSE,15900,,NSW
node/6965043250,-32.9303144,151.760741,Chargefox,Chargefox,yes,22,FALSE,15900,,NSW
node/8651235290,-32.9259292,151.7789537,Chargefox,Chargefox,yes,22,FALSE,15900,,NSW
node/8651235291,-32.9259633,151.7789514,Chargefox,Chargefox,yes,22,FALSE,15900,,NSW
node/13258032986,-32.9345211,151.7248332,Chargefox,Chargefox,"",22,FALSE,15900,,NSW
node/13258032990,-32.9000579,151.6695446,Chargefox,Chargefox,"",22,FALSE,15900,,NSW
node/13258086646,-32.9230483,151.7573784,Chargefox,Chargefox,"",22,FALSE,15900,,NSW
node/13288933122,-32.9260559,151.7789369,Chargefox,Chargefox,"",22,FALSE,15900,,NSW
node/13288933123,-32.9260122,151.7789477,Chargefox,Chargefox,"",22,FALSE,15900,,NSW
way/1286144585,-32.8955483,151.7041177,EV charge stations,Chargefox,"",4,FALSE,15900,,NSW
node/13258079188,-32.9447015,151.7604209,EVX,EVX,"",22,FALSE,15900,,NSW
node/13258032987,-32.9411897,151.7122657,Exploren,Exploren,"",60,FALSE,15900,,NSW
node/13258032989,-32.9017348,151.6704457,Exploren,Exploren,"",22,FALSE,15900,,NSW
node/6965116701,-32.9026832,151.6697747,NRMA,NRMA,yes,50,FALSE,15900,,NSW
node/6965116702,-32.9026703,151.6698001,NRMA,NRMA,yes,50,FALSE,15900,,NSW
node/13258032988,-32.9027103,151.6697691,NRMA,NRMA,"",50,FALSE,15900,,NSW
node/8613757404,-32.9033741,151.6676792,Tesla Destination Charger,Tesla,yes,1,FALSE,15900,,NSW
node/8613757405,-32.903365,151.6677058,Tesla Destination Charger,Tesla,yes,1,FALSE,15900,,NSW
node/13258032985,-32.9210454,151.7480241,operator,Chargefox,"",60,FALSE,15900,,NSW
node/13972238798,-33.8435555,151.2138005,"","","",2,FALSE,15950,,NSW
node/13972238799,-33.8435153,151.2137574,"","","",2,FALSE,15950,,NSW
node/13428255938,-33.822956,151.210883,Evie,Evie Networks,"",4,FALSE,15950,,NSW
node/13012980190,-33.8273705,151.2303831,Evie Networks,Evie Networks,"",,FALSE,15950,,NSW
node/13059026685,-33.8245802,151.1995459,Evie Networks,Evie Networks,"",4,TRUE,15950,,NSW
node/13953454186,-33.8273589,151.2304086,Evie Networks,Evie Networks,"",,FALSE,15950,,NSW
node/13206154674,-33.8272941,151.2017201,NRMA,NRMA,"",8,TRUE,15950,,NSW
node/13139953507,-33.7310933,151.300962,"","","",,FALSE,15990,,NSW
node/13688536001,-33.7534558,151.2870635,Dee Why Supercharger,Tesla,yes,,FALSE,15990,,NSW
node/12128715250,-33.7417882,151.2140115,EVlink,Exploren,yes,1,FALSE,15990,,NSW
node/14044903688,-33.7387388,151.3042225,EVlink,EVlink,yes,1,FALSE,15990,,NSW
node/10035347983,-33.7036198,151.2128688,Evie Networks,Evie Networks,"",,TRUE,15990,,NSW
node/10992560808,-33.7513075,151.2433755,Evie Networks,Evie Networks,"",4,FALSE,15990,,NSW
node/9204398603,-33.6761456,151.3031101,Jolt,Jolt,yes,1,TRUE,15990,,NSW
node/9481080902,-33.7620853,151.2141725,Jolt,Jolt,"",1,FALSE,15990,,NSW
node/9491233549,-33.7537328,151.2869932,Jolt,Jolt,"",1,TRUE,15990,,NSW
node/9546004749,-33.7789889,151.283873,Jolt,Jolt,"",1,TRUE,15990,,NSW
node/9704706490,-33.6760959,151.3037838,Jolt,Jolt,yes,1,TRUE,15990,,NSW
node/10652018665,-33.713676,151.298355,Jolt,Jolt,yes,1,FALSE,15990,,NSW
node/10750707216,-33.7620961,151.2725439,Jolt,Jolt,"",1,FALSE,15990,,NSW
node/10750707217,-33.7194247,151.2986321,Jolt,Jolt,"",1,FALSE,15990,,NSW
node/11679262104,-33.5970633,151.3200519,Jolt,Jolt,yes,1,FALSE,15990,,NSW
node/13139855775,-33.7137227,151.2971285,Jolt,Jolt,"",1,FALSE,15990,,NSW
node/12565112258,-33.7523425,151.286666,Jolt Dee Why B-Line,Jolt,yes,1,FALSE,15990,,NSW
node/11135601782,-33.6777006,151.2933539,Pittwater RSL,Pittwater RSL,"",,FALSE,15990,,NSW
node/12816207122,-33.6512481,151.28942,Seavolt,Seavolt,"",,FALSE,15990,,NSW
node/9521361334,-33.6892385,151.2241781,Tesla Destination Charger,Hills Marketplace,customers,2,FALSE,15990,,NSW
node/9864969279,-33.7666354,151.2644147,Tesla Destination Charger,Warringah Mall,customers,4,FALSE,15990,,NSW
node/12968478808,-33.7932339,151.2646229,Tesla Supercharger,Tesla,"",8,TRUE,15990,,NSW
node/10607603446,-33.7955368,151.2559187,bp pulse,bp pulse,"",2,FALSE,15990,,NSW
node/10872527226,-33.7955533,151.2559338,bp pulse,bp pulse,"",2,FALSE,15990,,NSW
node/14039076690,-33.2806147,149.102941,Exploren,Exploren,"",4,FALSE,16150,,NSW
node/14039088101,-33.2553363,149.0961362,Exploren,Exploren,"",2,FALSE,16150,,NSW
node/13833992860,-33.2814536,149.1027586,NRMA,NRMA,"",2,TRUE,16150,,NSW
node/8190129317,-33.280911,149.0994869,Tesla Destination Charger,Tesla,"",,FALSE,16150,,NSW
node/8192505717,-33.3333919,149.0432132,Tesla Destination Charger,"Tesla, Inc.","",,FALSE,16150,,NSW
node/11749053754,-33.283593,149.0954226,Tesla Supercharger,Tesla,"",,FALSE,16150,,NSW
node/6460800322,-33.1375197,148.1726877,NRMA,NRMA,"",4,TRUE,16200,,NSW
node/12221169446,-33.1410109,148.174695,Parkes Supercharger,Tesla,yes,4,TRUE,16200,,NSW
node/10007469304,-33.8256295,151.0790514,"","",yes,3,FALSE,16260,,NSW
node/13481161848,-33.8136239,150.9984588,"",Ocular,"",,FALSE,16260,,NSW
node/13481161849,-33.8137342,150.9984239,"",Ocular,"",,FALSE,16260,,NSW
node/9965036281,-33.787764,150.9946067,AmpCharge,AmpCharge,"",,TRUE,16260,,NSW
node/12990581486,-33.8107876,151.0344403,Exploren,Exploren,"",2,TRUE,16260,,NSW
node/6595579456,-33.8460153,151.0698417,NRMA,NRMA,yes,2,TRUE,16260,,NSW
node/11422466181,-33.792786,150.9995054,Woolworths Charging,Chargefox,"",,TRUE,16260,,NSW
node/10807470662,-33.8196728,151.0212095,bp pulse,bp pulse,"",4,TRUE,16260,,NSW
node/8148294052,-33.7693688,150.7352534,"","","",,FALSE,16350,,NSW
node/10924895189,-33.7429956,150.6929513,AmpCharge,AmpCharge,yes,2,TRUE,16350,,NSW
node/11425340896,-33.745528,150.7408388,AmpCharge,AmpCharge,"",2,TRUE,16350,,NSW
node/9712774534,-33.7702608,150.6737814,Evie Networks,Evie Networks,"",4,FALSE,16350,,NSW
node/13774442635,-33.7580667,150.691782,Exploren,Exploren,"",2,TRUE,16350,,NSW
node/9514983917,-33.7698741,150.7291974,Western Sydney University,Western Sydney University,permissive,2,TRUE,16350,,NSW
node/11427578131,-33.7435121,150.6922171,bp pulse,bp pulse,"",2,TRUE,16350,,NSW
node/13036287127,-33.7602938,150.7816959,bp pulse,bp pulse,"",2,TRUE,16350,,NSW
node/13346922346,-33.7602342,150.7817102,bp pulse,bp pulse,"",2,TRUE,16350,,NSW
node/12753915088,-31.634282,152.7251475,Kew Supercharger,Tesla,yes,8,TRUE,16380,,NSW
node/7853821459,-31.4581377,152.8274176,NRMA,NRMA,"",4,TRUE,16380,,NSW
node/8390250930,-31.4637923,152.8221638,NRMA,NRMA,"",4,TRUE,16380,,NSW
node/9255078725,-31.4071902,152.9007826,Tesla Destination Charger,Tesla,"",,FALSE,16380,,NSW
node/6460587589,-31.4361396,152.8236754,Tesla Supercharger,Tesla,yes,6,TRUE,16380,,NSW
node/11433418128,-31.4573909,152.8271948,Tesla Supercharger,Tesla,"",12,TRUE,16380,,NSW
node/13650008970,-31.6345112,152.7234641,cityEV,cityEV,"",,FALSE,16380,,NSW
node/10647829948,-32.7833007,151.7371187,BP Pulse,BP Pulse,"",2,TRUE,16400,,NSW
node/7042825731,-32.6539082,151.9625258,Chargefox,Chargefox,"",3,TRUE,16400,,NSW
node/10564461448,-32.701433,152.0626879,Tesla Destination Charger,Tesla,"",2,FALSE,16400,,NSW
node/6816990777,-32.7878111,151.7276848,Tesla Supercharger,Tesla,yes,6,TRUE,16400,,NSW
node/11842613041,-32.7638346,151.7421054,Tesla Supercharger,Tesla,"",12,TRUE,16400,,NSW
node/13908854341,-32.7923254,151.7262121,Tesla Supercharger,Tesla,"",12,TRUE,16400,,NSW
node/11060799096,-35.2577259,149.4397081,Exploren,Exploren,customers,,FALSE,16490,,NSW
node/12644710826,-35.2577457,149.4397985,Exploren,Exploren,customers,,FALSE,16490,,NSW
node/12644131941,-35.4426269,149.7917234,NRMA,NRMA,"",2,TRUE,16490,,NSW
node/7401170459,-33.9306373,151.2464722,"","","",,FALSE,16550,,NSW
node/6965143040,-33.9138057,151.2391178,Chargefox,Chargefox,yes,2,TRUE,16550,,NSW
node/13206130158,-33.9380659,151.2384868,Evie Networks,Evie Networks,"",4,TRUE,16550,,NSW
node/13206154678,-33.9430458,151.2395576,Evie Networks,Evie Networks,"",2,TRUE,16550,,NSW
node/13206176474,-33.9267328,151.2314051,Evie Networks,Evie Networks,"",4,TRUE,16550,,NSW
node/9290676154,-33.9435652,151.2396953,Jolt,Jolt,yes,,TRUE,16550,,NSW
node/9290676155,-33.9071444,151.2241142,Jolt,Jolt,yes,1,FALSE,16550,,NSW
node/10919805054,-33.9563337,151.2265681,Jolt,Jolt,yes,1,FALSE,16550,,NSW
node/10937312713,-33.9610334,151.2309416,Jolt,Jolt,yes,,FALSE,16550,,NSW
node/13206142331,-33.9197629,151.2270172,bp pulse,bp pulse,"",2,TRUE,16550,,NSW
node/10011175454,-28.8659126,153.0483802,NRMA,NRMA,"",,FALSE,16610,,NSW
node/12967672792,-29.1535419,153.2969846,Tesla Supercharger,Tesla,yes,12,TRUE,16610,,NSW
node/10136616439,-33.7755511,151.1094379,"","",yes,6,FALSE,16700,,NSW
node/13040881589,-33.8145389,151.1048204,"","","",,FALSE,16700,,NSW
node/13250969266,-33.7912905,151.1308938,AmpCharge,AmpCharge,"",6,TRUE,16700,,NSW
node/13073647400,-33.8209764,151.1213552,Bunnings,Exploren,"",2,TRUE,16700,,NSW
node/9536966801,-33.7780797,151.1206646,Evie Networks,Evie Networks,"",4,TRUE,16700,,NSW
node/13073547942,-33.8326437,151.1277159,Evie Networks,Evie Networks,"",2,TRUE,16700,,NSW
node/10091269882,-33.807399,151.0858151,Jolt,Jolt,yes,1,FALSE,16700,,NSW
node/7270664150,-33.7777598,151.1226344,Tesla Supercharger,Tesla,yes,10,TRUE,16700,,NSW
node/12963857532,-34.5624354,150.8395656,AmpCharge,AmpCharge,"",10,TRUE,16900,,NSW
node/13309552143,-34.5519973,150.7881099,AmpCharge,AmpCharge,"",2,TRUE,16900,,NSW
node/9366873533,-34.5878761,150.8661667,Chargefox,Chargefox,"",,FALSE,16900,,NSW
node/12599800358,-35.3576676,150.4733075,"","","",,TRUE,16950,,NSW
node/12599818149,-35.3679732,150.4707849,Exploren,Exploren,"",,FALSE,16950,,NSW
node/6489763087,-34.775569,150.7008205,NRMA,NRMA,"",,FALSE,16950,,NSW
node/14184391901,-34.873633,150.6005009,NRMA,NRMA,"",,TRUE,16950,,NSW
node/6525751310,-34.8082768,150.6367014,Tesla Supercharger,Tesla,yes,6,TRUE,16950,,NSW
node/13954740522,-34.9160116,150.6048383,Tesla Supercharger,Tesla,"",12,TRUE,16950,,NSW
node/12583454110,-35.942222,148.6273372,"","","",,FALSE,17040,,NSW
node/6460781765,-36.4160634,148.6197807,NRMA,NRMA,customers,2,TRUE,17040,,NSW
node/6979057721,-36.2188825,149.1336412,NRMA,NRMA,yes,4,TRUE,17040,,NSW
node/8660516388,-36.4146819,148.6165569,Tesla Destination Charger,Tesla,"",,FALSE,17040,,NSW
node/9069321520,-36.5049165,148.3045413,Tesla Destination Charger,Tesla,"",,FALSE,17040,,NSW
node/6979040237,-36.2355277,149.1267896,Tesla Supercharger,Tesla,yes,4,TRUE,17040,,NSW
node/12639666383,-36.2329697,149.1322401,Tesla Supercharger,Tesla,yes,10,TRUE,17040,,NSW
node/8660513071,-36.4459863,148.4516049,"Tesla, Inc.","Tesla, Inc.","",,FALSE,17040,,NSW
node/9069283087,-36.4460208,148.4516402,"Tesla, Inc.","Tesla, Inc.","",,FALSE,17040,,NSW
node/9121831091,-36.4459986,148.4515931,"Tesla, Inc.","Tesla, Inc.","",,FALSE,17040,,NSW
node/12398804433,-36.4146517,148.6176653,bp pulse,bp pulse,customers,,TRUE,17040,,NSW
node/14105992281,-36.4147399,148.6179842,bp pulse,bp pulse,customers,,TRUE,17040,,NSW
node/12885302055,-35.7762654,148.0113642,Chargefox,Chargefox,"",2,FALSE,17080,,NSW
node/12885315538,-35.5811554,148.2992239,Chargefox,Chargefox,"",2,FALSE,17080,,NSW
node/12885318910,-35.7735198,148.0094239,Chargefox,Chargefox,"",2,TRUE,17080,,NSW
node/13668077101,-33.8842603,151.0813761,EVX,EVX,"",,FALSE,17100,,NSW
node/11842876526,-33.8546447,151.07722,Engie,Chargefox,"",2,TRUE,17100,,NSW
node/9290610873,-33.8660864,151.0644363,Jolt,Jolt,yes,1,TRUE,17100,,NSW
node/13360556776,-34.0523188,151.1215819,AmpCharge,AmpCharge,"",4,TRUE,17150,,NSW
node/11345075655,-34.029301,151.1220937,Evie Networks,Evie Networks,yes,4,FALSE,17150,,NSW
node/9467315676,-34.0338237,151.0734395,Tesla Supercharger,Tesla,yes,6,TRUE,17150,,NSW
node/13722408351,-34.0271233,151.1190449,Tesla Supercharger,Tesla,"",,FALSE,17150,,NSW
node/12605963234,-34.0771836,151.0113524,bp pulse,bp pulse,"",,TRUE,17150,,NSW
node/13103102258,-34.0328846,151.1248636,bp pulse,bp pulse,"",4,TRUE,17150,,NSW
node/5865178390,-33.8682863,151.2063604,"","","",,FALSE,17200,,NSW
node/13073638889,-33.9128695,151.1935906,Alexandria Supercharger,Tesla,yes,6,TRUE,17200,,NSW
node/9898771270,-33.9021318,151.1999188,AmpCharge,AmpCharge,yes,2,FALSE,17200,,NSW
node/9228911986,-33.8648195,151.2119085,Bell Resources,Bell Resources,"",,FALSE,17200,,NSW
node/13073609605,-33.9054338,151.1935648,Bunnings,Exploren,"",2,TRUE,17200,,NSW
node/6967754081,-33.9053712,151.2129122,Chargefox,Chargefox,"",,FALSE,17200,,NSW
node/8911115310,-33.9069877,151.2130127,Chargefox,Chargefox,"",,FALSE,17200,,NSW
node/10708226454,-33.8591188,151.2077898,City of Sydney,City of Sydney,"",2,FALSE,17200,,NSW
node/10720208509,-33.8755065,151.1993723,NRMA,NRMA,"",,FALSE,17200,,NSW
node/5438383393,-33.8829291,151.1946269,Tesla Supercharger,Tesla,yes,8,TRUE,17200,,NSW
node/6965052432,-33.8763052,151.1778386,Tesla Supercharger,Tesla,yes,4,TRUE,17200,,NSW
node/13167181353,-33.89773,151.2136024,Waterloo Supercharger,Tesla,yes,8,TRUE,17200,,NSW
node/6456723747,-31.1016073,150.9171653,Tesla Supercharger,Tesla,yes,4,TRUE,17310,,NSW
node/10772401236,-34.4463073,147.5344411,NRMA,NRMA,"",2,TRUE,17350,,NSW
node/8209129030,-29.0573208,152.0189416,NRMA,NRMA,"",,FALSE,17400,,NSW
node/10258355351,-29.0560795,152.017583,Tesla Supercharger,Tesla,yes,4,TRUE,17400,,NSW
node/13805076026,-33.6830063,151.028519,AmpCharge,AmpCharge,"",2,TRUE,17420,,NSW
node/13805098738,-33.7135886,150.9723746,AmpCharge,AmpCharge,"",8,TRUE,17420,,NSW
node/11365214134,-33.7277947,150.9761633,Evie Networks,Evie Networks,"",,TRUE,17420,,NSW
node/10007505419,-33.7296798,151.0065082,Tesla Destination Charger,Tesla,yes,3,FALSE,17420,,NSW
node/10815896313,-33.7309136,150.9735895,Tesla Destination Charger,Tesla,"",1,FALSE,17420,,NSW
node/13020827820,-33.7586057,150.9921083,Tesla Supercharger,Tesla,yes,4,TRUE,17420,,NSW
node/11365173050,-33.7127533,150.9591384,bp pulse,bp pulse,"",,FALSE,17420,,NSW
node/12926990585,-28.198984,153.5459456,Evie Networks,Evie Networks,"",4,TRUE,17550,,NSW
node/11425324344,-28.1737957,153.5443699,Tesla Supercharger,Tesla,"",,FALSE,17550,,NSW
node/7959130026,-32.0503836,150.8665578,NRMA,NRMA,yes,2,FALSE,17620,,NSW
node/12918496794,-34.9134465,149.4277912,Some Store,Some Store,"",1,FALSE,17640,,NSW
way/1462270508,-35.0757599,147.3583829,Coles EV Charge Station,EVlink,yes,4,FALSE,17750,,NSW
node/7478006036,-35.2771687,147.7361254,Evie Networks,Evie Networks,"",2,TRUE,17750,,NSW
node/12885058151,-35.0550616,147.3481578,Exploren,Exploren,"",,TRUE,17750,,NSW
node/13235799355,-35.1369093,147.3470622,Exploren,Exploren,"",2,FALSE,17750,,NSW
node/7932870081,-35.1083685,147.3735986,NRMA,NRMA,"",2,TRUE,17750,,NSW
node/10747930958,-35.1582148,147.4595905,Tesla Destination Charger,Tesla,"",1,FALSE,17750,,NSW
node/11155180657,-35.1309893,147.3397911,Tesla Supercharger,Tesla,yes,6,TRUE,17750,,NSW
node/12884912873,-35.1257311,147.4208566,bp pulse,bp pulse,"",,TRUE,17750,,NSW
node/9278741544,-30.0207154,148.1177704,NRMA,NRMA,"",1,TRUE,17900,,NSW
node/7384135909,-31.2787465,149.2791803,NRMA,NRMA,"",2,TRUE,18020,,NSW
node/7862093042,-33.8908025,151.2762714,"","","",,FALSE,18050,,NSW
node/13271496162,-33.7934216,151.1818207,"","","",2,FALSE,18250,,NSW
node/13304382752,-33.7944228,151.1801686,Chargefox,Chargefox,"",2,FALSE,18250,,NSW
node/6753244994,-33.796509,151.1833697,EVLink,JET Charge,"",2,FALSE,18250,,NSW
node/9916436896,-33.8093255,151.2088608,Evie Networks,Evie Networks,yes,2,FALSE,18250,,NSW
node/13185195201,-33.7967175,151.2010383,Exploren,Exploren,"",2,TRUE,18250,,NSW
node/6165583449,-34.4501399,150.4519627,ChargePoint,ChargePoint,"",1,FALSE,18350,,NSW
node/9765677232,-34.607274,150.2250985,Evie Networks,Evie Networks,"",6,TRUE,18350,,NSW
node/11365114635,-34.4467455,150.43701,Evie Networks,Evie Networks,"",,TRUE,18350,,NSW
node/12757268383,-34.4670358,150.413066,Exploren,Exploren,"",4,FALSE,18350,,NSW
node/6165583448,-34.4500909,150.4424531,NRMA,NRMA,"",1,TRUE,18350,,NSW
node/13393835582,-34.5543827,150.36457,NRMA,NRMA,"",5,TRUE,18350,,NSW
node/11140224982,-34.4880018,150.4138196,Tesla Destination Charger,Tesla,"",6,FALSE,18350,,NSW
node/10744631135,-34.6092951,150.2298378,Tesla Supercharger,Tesla,yes,6,TRUE,18350,,NSW
node/11137421689,-34.2818052,150.6399305,AmpCharge,AmpCharge,"",6,TRUE,18400,,NSW
node/11137421690,-34.2822929,150.6365233,AmpCharge,AmpCharge,"",6,TRUE,18400,,NSW
node/12624993541,-34.2284569,150.684135,Chargefox,Chargefox,"",,TRUE,18400,,NSW
node/11221609471,-34.4857516,150.8064303,AmpCharge,AmpCharge,"",,FALSE,18450,,NSW
node/5047211383,-34.4075897,150.8812521,ChargePoint,ChargePoint,"",,FALSE,18450,,NSW
node/6914659544,-34.436581,150.8633339,Chargefox,Chargefox,"",,FALSE,18450,,NSW
node/9786977964,-34.4952775,150.7957656,Evie Networks,Evie Networks,"",,FALSE,18450,,NSW
node/10815896314,-34.4143916,150.8999909,Tesla Destination Charger,"Tesla, Inc.","",4,FALSE,18450,,NSW
node/10815562193,-34.437819,150.8634156,Wollongong Supercharger,Tesla,yes,4,TRUE,18450,,NSW
node/10783513810,-34.4033184,150.8914532,bp pulse,bp pulse,"",,TRUE,18450,,NSW
node/13240078058,-33.8850665,151.2334091,"","","",,FALSE,18500,,NSW
node/13323403968,-33.8758626,151.2320823,"","","",,FALSE,18500,,NSW
node/13329798300,-33.8858816,151.2572358,"","","",,FALSE,18500,,NSW
node/10895054616,-33.8747893,151.2463108,Chargefox,Chargefox,"",,FALSE,18500,,NSW
node/11738297527,-33.8850206,151.2533392,Chargefox,Chargefox,"",1,FALSE,18500,,NSW
node/12395564018,-33.8817983,151.2282926,Chargefox,Chargefox,yes,2,FALSE,18500,,NSW
node/13055800837,-33.8745302,151.2421618,Chargefox,Chargefox,yes,2,FALSE,18500,,NSW
node/14071459701,-33.8863086,151.2380626,EV charging,"","",,FALSE,18500,,NSW
node/11845737187,-33.8884752,151.2514691,EVlink,EVlink,"",1,FALSE,18500,,NSW
node/11853840472,-33.8845141,151.2373913,EVlink,EVlink,"",,FALSE,18500,,NSW
node/11016758544,-33.8885103,151.2375612,Evie Networks,Evie Networks,yes,2,FALSE,18500,,NSW
node/11815611441,-33.884478,151.2358502,Exploren,Exploren,yes,1,FALSE,18500,,NSW
node/9378951502,-33.871695,151.2681007,Jetcharge,Chargefox,"",2,FALSE,18500,,NSW
node/12441111761,-34.845478,148.9155118,Chargefox,Chargefox,"",,TRUE,18710,,NSW
node/9366472089,-34.9692613,149.0300976,Evie Networks,Evie Networks,"",2,TRUE,18710,,NSW
node/13246803659,-34.9851069,149.3841648,Exploren,Exploren,"",2,TRUE,18710,,NSW
node/7816558586,-34.8412265,148.9124032,NRMA,NRMA,yes,2,TRUE,18710,,NSW
node/13762401039,-34.8455193,148.9130641,NRMA,NRMA,"",9,TRUE,18710,,NSW
node/9987263214,-34.84184,148.9128433,Tesla Destination Charger,Yass Soldiers Club,"",2,FALSE,18710,,NSW
node/11289934645,-34.8436719,148.914061,Tesla Supercharger,Tesla,"",12,TRUE,18710,,NSW
node/13394443966,-23.6975964,133.8787526,Chargefox,Chargefox,"",30,FALSE,70200,,NT
node/12189787201,-23.7023572,133.8827155,NRMA,NRMA,"",180,TRUE,70200,,NT
node/14048095101,-19.4364423,134.2081053,"","","",,FALSE,70420,,NT
node/12189788704,-21.5311476,133.8893426,Chargefox,Chargefox,"",30,TRUE,70420,,NT
node/13196784024,-17.5558596,133.5481895,Chargefox,Chargefox,"",1,FALSE,70420,,NT
node/12189788311,-19.4369743,134.2086678,NRMA,NRMA,"",,TRUE,70420,,NT
node/14162494464,-17.5581215,133.5518363,NRMA,NRMA,"",,FALSE,70420,,NT
way/1460416132,-22.1278407,133.4131976,"","","",22,FALSE,70620,,NT
node/13196764567,-13.2385735,131.1059631,NRMA,NRMA,"",4,TRUE,70700,,NT
node/10125281319,-12.3746811,130.8699148,"","","",,FALSE,71000,,NT
node/10125281321,-12.4307902,130.860126,"","","",,FALSE,71000,,NT
node/10125281322,-12.4663857,130.8466989,"","","",,FALSE,71000,,NT
node/10923255879,-12.3961062,130.8968374,Evie Networks,Evie Networks,"",,TRUE,71000,,NT
way/1253852373,-12.4075196,130.8780051,Tesla Destination,Darwin Airport,"",3,FALSE,71000,,NT
node/13196784865,-14.4659256,132.266483,NRMA,NRMA,"",4,TRUE,72200,,NT
node/5334248429,-25.197523,133.2007563,NRMA,NRMA,"",,TRUE,72330,,NT
way/1460414712,-25.1984778,133.2010931,NRMA,NRMA,"",80,FALSE,72330,,NT
node/11129264613,-12.5064456,131.0084993,Evie Networks,Evie Networks,"",,TRUE,72800,,NT
node/12189780752,-14.9227395,133.066083,NRMA,NRMA,"",,TRUE,73600,,NT
node/12189786778,-28.036482,148.5819657,Yurika,Yurika,"",,TRUE,30300,,QLD
node/13378006453,-24.4051789,150.5142776,NRMA,NRMA,"",4,TRUE,30370,,QLD
node/13290161035,-23.5519525,145.2945922,NRMA,NRMA,"",4,TRUE,30410,,QLD
node/13640690206,-23.6484812,146.6394523,NRMA - Alpha,NRMA,yes,,TRUE,30410,,QLD
node/12189790725,-23.5545937,145.287366,Yurika,Yurika,"",,TRUE,30410,,QLD
node/12008713271,-24.4235648,145.4619626,"","","",,FALSE,30760,,QLD
node/7135828901,-27.4930939,153.0418714,"","",customers,,FALSE,31000,,QLD
node/9829541757,-27.444063,153.0819323,"","",yes,1,FALSE,31000,,QLD
node/9960709498,-27.3420061,153.0108529,AmpCharge,AmpCharge,yes,2,FALSE,31000,,QLD
node/13948923481,-27.4918113,153.0646248,AmpCharge,AmpCharge,"",6,TRUE,31000,,QLD
node/12995430296,-27.4749783,153.0177119,Brisbane Convention & Exhibition Centre - Car Park 2,"","",,FALSE,31000,,QLD
node/12617063740,-27.4577913,153.1548107,Chargefox,Chargefox,"",2,TRUE,31000,,QLD
node/6817401048,-27.5779109,153.112883,Chargefox Charging Station,Chargefox,"",2,FALSE,31000,,QLD
node/13276964386,-27.4139106,153.0816862,EVlink,EVlink,"",1,FALSE,31000,,QLD
node/13276979058,-27.4138995,153.0817179,EVlink,EVlink,"",1,FALSE,31000,,QLD
node/13276979059,-27.4138462,153.0817906,EVlink,EVlink,"",1,FALSE,31000,,QLD
node/13276995583,-27.4138103,153.0818301,EVlink,EVlink,"",1,FALSE,31000,,QLD
node/13277022454,-27.4137759,153.0818477,EVlink,EVlink,"",1,FALSE,31000,,QLD
node/13277038284,-27.4137409,153.0818765,EVlink,EVlink,"",1,FALSE,31000,,QLD
node/13277052036,-27.4138632,153.0817717,EVlink,EVlink,"",1,FALSE,31000,,QLD
node/12617104057,-27.5715225,153.0628418,Elanga,"","",5,TRUE,31000,,QLD
node/13140384679,-27.5490551,152.9373321,Elanga,Elanga,"",4,TRUE,31000,,QLD
node/12740410481,-27.4855185,153.0011815,Evie,Evie Networks,"",,FALSE,31000,,QLD
node/13140372383,-27.5323735,152.9481894,Evie,Evie Networks,"",4,TRUE,31000,,QLD
node/13360543348,-27.4371688,153.0236958,Evie Charging Station,Evie Networks,customers,4,FALSE,31000,,QLD
node/13531537889,-27.4188971,152.9202945,Evie Charging Station,Evie Networks,"",4,FALSE,31000,,QLD
node/8023428147,-27.4157668,153.077346,Evie Networks,Evie Networks,"",4,FALSE,31000,,QLD
node/9765719405,-27.5338615,152.9489592,Evie Networks,Evie Networks,"",4,FALSE,31000,,QLD
node/10717941533,-27.4221557,153.0344427,Evie Networks,Evie Networks,"",2,FALSE,31000,,QLD
node/12617067529,-27.4502517,153.0441746,Evie Networks,Evie Networks,"",2,TRUE,31000,,QLD
node/12617084799,-27.5737102,153.0904272,Evie Networks,Evie Networks,"",4,TRUE,31000,,QLD
way/1419126610,-27.4319126,153.0430963,Jolt,Jolt,yes,1,TRUE,31000,,QLD
node/12794350327,-27.4590724,153.0502297,PEV Charging - Banks & Co,"","",,FALSE,31000,,QLD
node/12832975575,-27.3311893,153.0444322,PEV Charging - Bill Brown Sports Center,"","",,FALSE,31000,,QLD
node/12794483302,-27.4484645,153.0992851,PEV Charging - Brewdogs,"","",,FALSE,31000,,QLD
node/12832952713,-27.4935481,152.9126117,PEV Charging - Brookfield General store,"","",,FALSE,31000,,QLD
node/12832904518,-27.5011179,153.0773706,PEV Charging - Camp Hill Marketplace,Jolt,"",,FALSE,31000,,QLD
node/12832940626,-27.4492187,152.9890616,PEV Charging - Civosity Park,"","",,FALSE,31000,,QLD
node/12791260758,-27.394267,152.9968854,PEV Charging - McDowell/Dawg Boys,"","",,FALSE,31000,,QLD
node/12797576761,-27.470322,153.1038384,PEV Charging - Murrarie Cycle Track,"","",,FALSE,31000,,QLD
node/12794328915,-27.4731018,153.0500843,PEV Charging - New Farm foreshore,"","",,FALSE,31000,,QLD
node/12794311785,-27.4733331,153.0495184,PEV Charging - Officers Mess,"","",,FALSE,31000,,QLD
node/12785108870,-27.4397502,153.0700244,PEV Charging - Portside Wharf,"","",,FALSE,31000,,QLD
node/12832976724,-27.477673,153.0297703,PEV Charging - QUT Y Block,"","",,FALSE,31000,,QLD
node/12832943216,-27.4730903,153.0236148,PEV Charging - Queens Wharf,"","",,FALSE,31000,,QLD
node/12832992796,-27.3206136,153.0692526,PEV Charging - Samdgate Woolworths,"","",,FALSE,31000,,QLD
node/12790998807,-27.4766831,153.0218091,PEV Charging - South bank Grand Arbour,"","",,FALSE,31000,,QLD
node/12791025516,-27.4760409,153.0217106,PEV Charging - Southbank,"","",,FALSE,31000,,QLD
node/12791011076,-27.4771635,153.0218182,PEV Charging - Southbank Grand Arbour,"","",,FALSE,31000,,QLD
node/12784912835,-27.4749339,153.0207675,PEV Charging - The Wheel of Brisbane #3,"","",,FALSE,31000,,QLD
node/12784955496,-27.4744352,153.0204327,PEV Charging - The Wheel of Brisbane #4,"","",,FALSE,31000,,QLD
node/12791024996,-27.478063,153.0279596,PEV Charging - Undegound Carpark Goodwill bridge,"","",,FALSE,31000,,QLD
node/12794343827,-27.4774893,153.0271776,PEV Charging - Underground carpark,"","",,FALSE,31000,,QLD
node/12794346296,-27.478063,153.0279596,PEV Charging - Underground carpark,"","",,FALSE,31000,,QLD
node/12794351001,-27.4778107,153.0272634,PEV Charging - Underground carpark,"","",,FALSE,31000,,QLD
node/12832904430,-27.4509851,153.044477,PEV Charging - Woolworths New Farm,"","",,FALSE,31000,,QLD
node/13271316138,-27.5569371,153.0805262,Tesla,Tesla,"",6,TRUE,31000,,QLD
node/6460533136,-27.4517194,153.0404982,Tesla Supercharger,Tesla,yes,4,TRUE,31000,,QLD
node/10815638128,-27.4995659,152.9723139,Tesla Supercharger,Tesla,yes,9,TRUE,31000,,QLD
node/10856712697,-27.5778291,153.1139672,Tesla Supercharger,Tesla,yes,6,TRUE,31000,,QLD
node/12617089574,-27.4514283,153.033492,Tesla Supercharger,Tesla,"",6,TRUE,31000,,QLD
node/13885760184,-27.4962361,153.0173276,University of Queensland,University of Queensland,yes,,FALSE,31000,,QLD
node/13885778230,-27.4960717,153.0173759,University of Queensland,University of Queensland,yes,,FALSE,31000,,QLD
node/13885787455,-27.4963605,153.0172973,University of Queensland,University of Queensland,yes,,FALSE,31000,,QLD
node/12617085052,-27.439612,153.0495763,bp pulse,bp pulse,"",2,TRUE,31000,,QLD
way/1285325700,-24.8864679,152.3170924,"","","",,FALSE,31820,,QLD
way/1285325701,-24.8864867,152.3170763,"","","",,FALSE,31820,,QLD
node/13352576001,-24.9896322,151.9532585,Tesla Supercharger,Tesla,"",6,TRUE,31820,,QLD
node/6773289000,-25.235255,152.278546,Yurika,Yurika,"",2,TRUE,31820,,QLD
node/8566959243,-24.9897146,151.9531256,Yurika,Yurika,"",2,TRUE,31820,,QLD
node/8566976201,-19.5755234,147.404019,Yurika,Yurika,"",2,TRUE,31900,,QLD
node/13688546702,-16.9880467,145.7400384,Tesla Supercharger,Tesla,yes,,FALSE,32080,,QLD
node/8566979935,-16.9205159,145.7790922,Yurika,Yurika,"",2,TRUE,32080,,QLD
node/13513721111,-17.6525436,145.9563497,"","","",2,FALSE,32260,,QLD
node/13300504671,-17.934889,145.9244106,Tesla,Tesla,"",6,TRUE,32260,,QLD
node/8566979932,-18.2627649,146.0246187,Yurika,Yurika,"",2,TRUE,32260,,QLD
node/8566979933,-17.9348954,145.9239911,Yurika,Yurika,"",2,TRUE,32260,,QLD
node/8566979934,-17.5235786,146.0267957,Yurika,Yurika,"",2,TRUE,32260,,QLD
node/13640648820,-23.5239452,148.1559676,QESH - Emerald,Yurika,yes,,TRUE,32270,,QLD
node/13640713990,-24.4628861,148.623361,QESH - Rolleston,Yurika,yes,,TRUE,32270,,QLD
node/12583412529,-23.64667,149.3326634,Yurika,Yurika,"",,TRUE,32270,,QLD
node/11826593936,-20.0783899,146.2710916,"","","",,FALSE,32310,,QLD
node/13196826813,-20.0657938,146.2614299,Yurika,Yurika,"",,TRUE,32310,,QLD
node/13196763581,-20.7046758,140.5081796,Yurika,Yurika,"",,TRUE,32450,,QLD
node/10724955406,-16.4741417,145.3490799,RACQ,RACQ,"",2,FALSE,32810,,QLD
node/8566979936,-16.5267821,145.462902,Yurika,Yurika,"",2,TRUE,32810,,QLD
node/13196788588,-20.8426412,144.2000778,Yurika,Yurika,"",,TRUE,33200,,QLD
node/13179926742,-25.4878343,152.6635876,Tesla Supercharger,Tesla,"",8,TRUE,33220,,QLD
node/6773221148,-25.5399733,152.6988509,Yurika,Yurika,"",2,TRUE,33220,,QLD
node/13377997198,-23.8555215,151.2485967,Evie Networks,Evie Networks,"",4,TRUE,33360,,QLD
node/13378007156,-24.0045444,151.1961941,NRMA,NRMA,"",4,TRUE,33360,,QLD
node/13378001287,-23.9840238,151.2123664,Tesla,Tesla,yes,6,TRUE,33360,,QLD
node/8566959244,-24.327605,151.5605055,Yurika,Yurika,"",2,TRUE,33360,,QLD
node/8566959245,-23.8108599,150.9801076,Yurika,Yurika,"",2,TRUE,33360,,QLD
node/8320308514,-28.0293919,153.434591,"","","",,FALSE,33430,,QLD
node/12586162734,-28.0930571,153.3912645,AmpCharge,AmpCharge,"",,TRUE,33430,,QLD
node/9787101923,-27.7844454,153.2608513,ChargePoint,ChargePoint,"",2,FALSE,33430,,QLD
node/11242854532,-27.9603586,153.4124115,City of Gold Coast,City of Gold Coast,yes,2,FALSE,33430,,QLD
node/8817023359,-27.8553474,153.3104507,Evie Networks,Evie Networks,"",,FALSE,33430,,QLD
node/10182414072,-27.9807754,153.4097005,Evie Networks,Evie Networks,"",,FALSE,33430,,QLD
node/10208662680,-28.0353151,153.4275587,Evie Networks,Evie Networks,"",4,FALSE,33430,,QLD
node/12586166396,-27.9477131,153.3518696,Evie Networks,Evie Networks,"",,TRUE,33430,,QLD
node/12586173151,-27.7860933,153.2523381,Evie Networks,Evie Networks,"",,TRUE,33430,,QLD
node/13154424198,-28.0819696,153.381854,Evie Networks,Evie Networks,"",4,FALSE,33430,,QLD
node/13247233839,-27.8775892,153.3640792,Evie Networks,Evie Networks,"",4,TRUE,33430,,QLD
node/13397009753,-28.0976772,153.4394485,Tesla Destination Charger,Tesla,yes,3,FALSE,33430,,QLD
node/6460563175,-28.0353737,153.4271031,Tesla Supercharger,Tesla,yes,8,TRUE,33430,,QLD
node/12586163469,-27.9131952,153.4004814,Tesla Supercharger,Tesla,yes,6,TRUE,33430,,QLD
node/12989024507,-28.0758186,153.3871454,Tesla Supercharger,Tesla,"",10,TRUE,33430,,QLD
node/6773250148,-28.1640661,153.5149307,Yurika,Yurika,"",,FALSE,33430,,QLD
node/10864661364,-27.9235795,153.3388969,Yurika,Yurika,"",,FALSE,33430,,QLD
node/11092548399,-28.4137758,151.0840316,Ezy Charger,Ezy Charger,"",,FALSE,33610,,QLD
node/7371168765,-26.1881513,152.6612476,Tesla Supercharger,Tesla,yes,4,TRUE,33620,,QLD
node/8566959242,-25.9943406,152.5626944,Yurika,Yurika,"",2,TRUE,33620,,QLD
node/11826782983,-18.6444937,146.1631112,"","","",,FALSE,33800,,QLD
node/7745584029,-27.6766678,152.9036312,"","",yes,4,FALSE,33960,,QLD
node/12586107375,-27.5962296,152.7459401,AmpCharge,AmpCharge,"",,TRUE,33960,,QLD
way/1312404534,-27.6312765,152.7841956,Brothers Leagues Club,Brothers Leagues Club,customers,2,FALSE,33960,,QLD
node/9072216233,-27.5881184,152.8219332,Evie Networks,Evie Networks,"",2,FALSE,33960,,QLD
node/12586141460,-27.6086155,152.7597217,Evie Networks,Evie Networks,"",,TRUE,33960,,QLD
node/12832952526,-27.6458807,152.8616334,PEV Charging - Redbank Plains,"","",,FALSE,33960,,QLD
node/12832897649,-27.6772537,152.9020233,PEV Charging- Orion Shopping Center Carpark,"","",,FALSE,33960,,QLD
node/6773252901,-27.6821816,152.8997448,Yurika,Yurika,"",2,TRUE,33960,,QLD
node/8571382029,-27.6162188,152.7586101,Yurika,Yurika,yes,2,TRUE,33960,,QLD
node/12586119545,-27.5791896,152.7132906,bp pulse,bp pulse,"",2,TRUE,33960,,QLD
node/12586128498,-27.6097313,152.9027324,bp pulse,bp pulse,"",,TRUE,33960,,QLD
node/13354723329,-21.9083275,149.4097121,Tesla Supercharger,Tesla,yes,3,TRUE,33980,,QLD
node/8566976197,-21.9085589,149.4106209,Yurika,Yurika,"",2,TRUE,33980,,QLD
node/8566976196,-22.8280493,149.9325,Yurika,Yurika,"",2,TRUE,34530,,QLD
node/12586111987,-27.5630785,152.4243244,Evie Networks,Evie Networks,"",,TRUE,34580,,QLD
node/13502753849,-27.5499335,152.1166538,Tesla Supercharger,Tesla,"",6,TRUE,34580,,QLD
node/4861233240,-27.5512966,152.3351148,Yurika,Yurika,"",2,TRUE,34580,,QLD
node/12617472877,-27.642885,153.1000675,AmpCharge,AmpCharge,"",2,TRUE,34590,,QLD
node/12586200703,-27.7141698,153.1895903,Evie Networks,Evie Networks,"",4,TRUE,34590,,QLD
node/14183935431,-27.669555,153.1912157,Eyie RACQ,Eyie RACQ,"",4,FALSE,34590,,QLD
node/13062475124,-27.7108712,153.1612926,PEV Charging - Burrito Bar - Holmview,"","",,FALSE,34590,,QLD
node/8571382028,-27.6379161,153.1355179,Yurika,Yurika,"",2,TRUE,34590,,QLD
node/12617312368,-27.6222007,153.1283416,bp pulse,bp pulse,"",2,TRUE,34590,,QLD
node/14028126801,-23.4397055,144.2719173,"","","",,FALSE,34710,,QLD
node/12189822953,-23.4414436,144.2479747,Yurika,Yurika,"",,TRUE,34710,,QLD
node/13688547201,-21.096486,149.1597429,Tesla Supercharger,Tesla,yes,,FALSE,34770,,QLD
node/8566976198,-21.1393216,149.1850897,Yurika,Yurika,"",2,TRUE,34770,,QLD
node/14161653150,-21.5784729,141.9195711,NRMA,NRMA,"",4,TRUE,34800,,QLD
node/13640626685,-20.6575887,141.743708,QESH - Julia Creek,Yurika,yes,,TRUE,34800,,QLD
node/13640900122,-26.5708048,148.7909237,QESH - Roma,Yurika,yes,,TRUE,34860,,QLD
node/14029777639,-25.8429577,148.5677102,Yurika,Yurika,yes,,FALSE,34860,,QLD
node/10863607717,-27.0420869,152.9754203,AmpCharge,AmpCharge,yes,2,FALSE,35010,,QLD
node/12774923334,-27.0420643,152.974065,Chargefox,Chargefox,"",2,FALSE,35010,,QLD
node/13111686756,-27.1557163,152.9758311,Evie,Evie Networks,"",5,TRUE,35010,,QLD
way/1419128057,-27.2183249,153.09888,Evie,Evie Networks,yes,,TRUE,35010,,QLD
node/12196379287,-27.3457351,152.9688848,Jolt,Jolt,"",,FALSE,35010,,QLD
node/12794311786,-27.270788,152.9783512,PEV Charging - Building Carpark,"","",,FALSE,35010,,QLD
node/12832996850,-27.2602467,153.0799697,PEV Charging - Craft Burger and Beer,"","",,FALSE,35010,,QLD
node/12794342754,-27.2316581,153.1108771,PEV Charging - Humpybong Park,"","",,FALSE,35010,,QLD
node/12833029681,-27.2313418,153.1100789,PEV Charging - Humpybong Park,"","",,FALSE,35010,,QLD
node/12541308710,-27.080268,152.9654818,Queensland Health,Queensland Health,"",9,FALSE,35010,,QLD
way/1278067243,-27.2395889,153.0136619,Tesla Supercharger,Tesla,yes,9,TRUE,35010,,QLD
node/10224962961,-27.2290784,152.9908938,Woolworths,Chargefox,yes,2,TRUE,35010,,QLD
node/10224962962,-27.2291221,152.9908943,Woolworths,Chargefox,yes,2,TRUE,35010,,QLD
node/8571382027,-27.243335,153.0156633,Yurika,Yurika,"",2,TRUE,35010,,QLD
node/13111718768,-27.1236118,152.9764744,bp pulse,bp pulse,"",4,TRUE,35010,,QLD
node/13111718769,-27.1240589,152.9780836,bp pulse,bp pulse,"",3,TRUE,35010,,QLD
node/14040760101,-20.7249704,139.49238,"","","",4,FALSE,35300,,QLD
node/14161628927,-19.920288,138.1177301,NRMA,NRMA,"",2,TRUE,35300,,QLD
node/13196770117,-20.7269075,139.4996618,Yurika,Yurika,"",,TRUE,35300,,QLD
node/13640948562,-26.4108056,147.1260386,NRMA - Morven,NRMA,yes,,TRUE,35600,,QLD
node/12189801735,-26.4139229,146.2457646,Yurika,Yurika,"",,TRUE,35600,,QLD
node/9939260096,-26.4004166,153.0644501,Evie Networks,Evie Networks,"",,FALSE,35740,,QLD
node/11406998570,-26.4004039,153.0644252,Evie Villa Noosa,Evie Networks,"",,FALSE,35740,,QLD
node/6773304236,-26.4170901,152.9114294,Yurika,Yurika,"",2,TRUE,35740,,QLD
node/12583387307,-24.8636329,151.1214317,NRMA,NRMA,"",,TRUE,35760,,QLD
node/12189817669,-28.070468,145.6822644,Yurika,Yurika,"",,TRUE,35800,,QLD
node/12586214088,-27.5236102,153.1955721,Chargefox,Chargefox,"",,TRUE,36250,,QLD
node/12586212446,-27.5233519,153.2220207,Evie Networks,Evie Networks,"",,TRUE,36250,,QLD
node/12586221678,-27.5867721,153.283653,Evie Networks,Evie Networks,"",,TRUE,36250,,QLD
node/12833003180,-27.5231323,153.2208283,PEV Charging - Hungry Jacks,"","",,FALSE,36250,,QLD
node/13640607330,-20.7302215,143.1435663,QESH - Richmond,Yurika,yes,,TRUE,36300,,QLD
node/9184935771,-23.2884084,150.5116862,"","","",,FALSE,36370,,QLD
node/13377984506,-23.3341826,150.5193092,Evie Networks,Evie Networks,"",4,TRUE,36370,,QLD
node/13377964298,-23.382875,150.5131694,NRMA,NRMA,"",4,TRUE,36370,,QLD
node/13377965477,-23.3425351,150.5207013,Tesla Supercharger,Tesla,yes,7,TRUE,36370,,QLD
node/8122913262,-23.3820988,150.5133405,Yurika,Yurika,"",2,TRUE,36370,,QLD
node/13025896767,-28.0830613,152.8410942,AXCharge,AXCharge,"",22,FALSE,36510,,QLD
node/13406903527,-27.9736327,152.9946597,Chargefox,Chargefox,yes,2,TRUE,36510,,QLD
node/12586218066,-27.9897072,152.999185,Evie Networks,Evie Networks,"",,TRUE,36510,,QLD
node/12832829981,-28.197045,152.7806421,Noodoe,Noodoe,customers,1,FALSE,36510,,QLD
node/14177285588,-27.234606,152.4193093,BV Roasters,BV Roasters,customers,4,FALSE,36580,,QLD
node/12583438143,-27.2389836,152.4203194,Yurika,Yurika,"",,TRUE,36580,,QLD
node/12084272033,-26.6698543,152.0014406,NRMA,NRMA,"",2,TRUE,36630,,QLD
node/9491293057,-26.5400752,151.8401359,Stanwell,Stanwell,"",,TRUE,36630,,QLD
node/9234402081,-26.8857922,152.1029637,"Tesla, Inc.","Tesla, Inc.",customers,,FALSE,36630,,QLD
node/6824446152,-28.2172097,152.030729,Southern Downs Regional Council,Southern Downs Regional Council,yes,3,TRUE,36660,,QLD
node/12583416028,-28.657088,151.9323991,Yurika,Yurika,"",4,TRUE,36660,,QLD
node/13527808702,-26.6592391,153.0969897,Ampol,AmpCharge,yes,,FALSE,36720,,QLD
node/13527808703,-26.6592815,153.0969674,Ampol,AmpCharge,yes,,FALSE,36720,,QLD
node/13989051396,-26.7042536,153.1313025,Ampol,AmpCharge,"",6,FALSE,36720,,QLD
node/10687069739,-26.6312341,152.9607488,BP Pulse,BP Pulse,"",,FALSE,36720,,QLD
node/13002600985,-26.8033601,153.1241215,Caloundra Shopping Center Evie Charging Station,Evie Networks,"",,FALSE,36720,,QLD
node/11897759707,-26.7577906,152.8521122,Elanga,Elanga,"",2,FALSE,36720,,QLD
node/6968144446,-26.9182695,152.9964595,Evie Networks,Evie Networks,"",,FALSE,36720,,QLD
node/7956430892,-26.6628606,153.0500396,Evie Networks,Evie Networks,"",,FALSE,36720,,QLD
node/13007480809,-26.737101,153.1193925,Evie Networks,Evie Networks,"",,FALSE,36720,,QLD
node/6773336912,-26.6537911,153.0874707,Tesla Supercharger,Tesla,yes,6,TRUE,36720,,QLD
node/13354680098,-26.7512748,153.0466724,Tesla Supercharger,Tesla,yes,10,TRUE,36720,,QLD
node/13688543101,-26.5536112,152.9606089,Tesla Supercharger,Tesla,yes,6,TRUE,36720,,QLD
node/8309916935,-26.6871515,153.0042582,Yurika,Yurika,"",2,TRUE,36720,,QLD
node/8797027976,-17.3736451,145.3844854,Tropical North Queensland Electric Vehicle Tourist Drive,Tropical North Queensland Electric Vehicle Tourist Drive,"",2,FALSE,36820,,QLD
node/14007579593,-26.8392946,151.9804963,"","","",,FALSE,36910,,QLD
node/12586113492,-27.5223942,151.8514243,BP Pulse,BP Pulse,"",6,TRUE,36910,,QLD
node/12586121968,-27.5437635,151.9247627,Evie Networks,Evie Networks,"",,TRUE,36910,,QLD
node/12586127620,-27.5409865,151.9523776,Evie Networks,Evie Networks,"",,TRUE,36910,,QLD
node/13478070302,-27.5437448,151.9247649,Evie Networks,Evie Networks,"",,FALSE,36910,,QLD
node/13478071082,-27.543781,151.9247605,RACQ,Evie Networks,yes,2,FALSE,36910,,QLD
node/7034800289,-27.5780729,151.9467124,Tesla Supercharger,Tesla,yes,4,TRUE,36910,,QLD
node/8571382030,-27.5200027,151.8493789,Yurika,Yurika,"",2,TRUE,36910,,QLD
node/11826783777,-19.2785384,146.7598752,"","","",,FALSE,37010,,QLD
node/8566979931,-19.2600757,146.8208282,ChargeStar,ChargeStar,"",1,TRUE,37010,,QLD
node/10796609690,-19.2439428,146.8092559,EVUp,EVUp,"",2,FALSE,37010,,QLD
node/7672020234,-19.3194992,146.8284661,Evie Networks,Evie Networks,"",2,TRUE,37010,,QLD
node/13688546203,-19.3154161,146.7242838,Tesla Supercharger,Tesla,yes,6,TRUE,37010,,QLD
node/8566979930,-19.3233331,146.7584605,Yurika,Yurika,"",2,TRUE,37010,,QLD
node/10925720436,-27.179865,151.2690237,"","","",,FALSE,37310,,QLD
node/10269247316,-26.6591762,150.1871448,Yurika,Yurika,"",,FALSE,37310,,QLD
node/12189815808,-26.659239,150.187137,Yurika,Yurika,"",,TRUE,37310,,QLD
node/11749067827,-20.0013665,148.238918,Tesla Supercharger,Tesla,"",,FALSE,37340,,QLD
node/8566976199,-20.402497,148.5815516,Yurika,Yurika,"",2,TRUE,37340,,QLD
node/8566976200,-20.0167979,148.2489113,Yurika,Yurika,"",2,TRUE,37340,,QLD
node/13640624164,-22.3871948,143.0315207,QESH - Winton,Yurika,yes,,TRUE,37400,,QLD
node/7221406917,-34.9244,138.6048811,Chargefox,Chargefox,yes,2,FALSE,40070,,SA
node/9377978026,-34.9277554,138.5952833,Chargefox,Chargefox,"",2,TRUE,40070,,SA
node/9377978027,-34.9277543,138.5952236,Chargefox,Chargefox,"",2,FALSE,40070,,SA
node/7185843792,-34.9276045,138.5952395,Tesla Supercharger,Tesla,yes,4,TRUE,40070,,SA
node/9377947870,-34.9255431,138.5944471,chargefox,Chargefox,"",2,FALSE,40070,,SA
node/4681433874,-34.923656,138.7249462,"","","",1,FALSE,40120,,SA
node/6434871034,-35.5030219,138.7844823,Tesla Destination Charger,Tesla,"",1,FALSE,40220,,SA
node/8822845273,-35.2941487,139.0244883,Tesla Destination Charger,Tesla,"",2,FALSE,40220,,SA
node/10840954672,-34.4601303,138.987074,"","","",,FALSE,40310,,SA
node/11365395410,-34.4747077,138.9943901,Chargefox,Chargefox,"",,FALSE,40310,,SA
node/8241642779,-34.524747,138.9586197,NRMA,NRMA,"",2,TRUE,40310,,SA
node/9377956590,-33.5998723,137.9317912,Tesla,Barunga West Council,"",,FALSE,40430,,SA
node/8241696310,-34.2857972,140.6035481,NRMA,NRMA,yes,2,TRUE,40520,,SA
node/8819321066,-34.9379262,138.6425047,RAA Charge,Chargefox,yes,2,FALSE,40700,,SA
node/9704345344,-34.9420624,138.6415665,shopping center,shopping center,"",2,FALSE,40700,,SA
node/10585020728,-34.8885348,138.6729916,Jolt,Jolt,"",,FALSE,40910,,SA
node/11108914408,-34.8792237,138.6733784,Jolt,Jolt,"",,FALSE,40910,,SA
node/11679137269,-32.1262255,133.6729103,RAA,Chargefox,"",,TRUE,41010,,SA
node/11016679900,-34.8695824,138.5130494,"","","",1,FALSE,41060,,SA
node/9610280217,-34.9059579,138.5731835,Jolt,Jolt,yes,1,FALSE,41060,,SA
node/9610280317,-34.905922,138.5728037,Jolt,Jolt,yes,1,FALSE,41060,,SA
node/10800544064,-33.9027063,138.6577314,"","",customers,,FALSE,41140,,SA
node/11330332493,-33.8355095,138.614269,RAA,RAA,yes,,FALSE,41140,,SA
node/5162910541,-33.8485098,138.6181952,Tesla Supercharger,"Tesla, Inc.",yes,4,TRUE,41140,,SA
node/9710289580,-33.9167278,136.5725086,"Tesla, Inc.","Tesla, Inc.","",,FALSE,41190,,SA
node/12189788706,-29.0148335,134.7554848,RAA,Chargefox,"",,TRUE,41330,,SA
node/7145645463,-29.0106618,134.7543104,Tesla Destination Charger,"Tesla, Inc.","",1,FALSE,41330,,SA
node/9880389305,-29.022055,134.7584779,Tesla Destination Charger,"Tesla, Inc.","",,FALSE,41330,,SA
node/11941291391,-33.9645764,137.7149576,Chargefox,Chargefox,"",,TRUE,41560,,SA
node/11963657626,-31.8876982,138.4234041,RAA,Chargefox,"",,TRUE,41830,,SA
node/11365378588,-33.6851271,136.9290812,Chargefox,Chargefox,"",,FALSE,41960,,SA
node/11340711533,-34.597429,138.7502878,Chargefox,Chargefox,"",2,FALSE,42030,,SA
node/14109012601,-33.681879,138.9405881,"","","",,FALSE,42110,,SA
node/13394727801,-34.9802791,138.5116911,"","",yes,3,FALSE,42600,,SA
node/14202879790,-35.0183823,138.5240025,"","",yes,,FALSE,42600,,SA
node/13688546202,-34.9810148,138.5185822,Tesla Supercharger,Tesla,yes,,FALSE,42600,,SA
node/6110132412,-35.7874472,137.7714998,"","","",1,FALSE,42750,,SA
node/8571361842,-35.718308,137.9385131,ChargePoint,ChargePoint,yes,,FALSE,42750,,SA
node/12992160101,-35.7192471,137.9410614,Chargefox Charging Station,Chargefox Charging Station,"",,FALSE,42750,,SA
node/10817075802,-35.675634,137.0674367,Tesla Destination Charger,"Tesla, Inc.",customers,1,FALSE,42750,,SA
node/11375022640,-33.1350807,136.4172294,Chargefox,Chargefox,yes,2,FALSE,43220,,SA
node/11365927573,-33.1460327,136.415446,Kimba Motel Roadhouse,Chargefox,yes,2,TRUE,43220,,SA
node/11365424991,-36.8391079,139.8438335,Chargefox,Chargefox,"",,FALSE,43360,,SA
node/11365426315,-34.1817125,139.9870005,Chargefox,Chargefox,"",,FALSE,43790,,SA
way/1189771948,-35.0081572,138.5749682,"","",yes,,FALSE,44060,,SA
node/9480216684,-35.0173769,138.5496608,Jolt,Jolt,yes,1,FALSE,44060,,SA
node/11365433327,-34.0366131,139.6709899,Chargefox,Chargefox,"",,FALSE,44210,,SA
node/11365384558,-35.0195836,138.6146999,Chargefox,Chargefox,"",,FALSE,44340,,SA
node/10772422189,-37.8323149,140.7933056,"","","",,FALSE,44620,,SA
node/13388568001,-37.8306969,140.7805348,Chargefox,Chargefox,"",,TRUE,44620,,SA
node/10048907994,-37.8347592,140.8026216,Tesla Supercharger,Tesla,yes,6,TRUE,44620,,SA
node/7769026737,-35.1205066,139.2770491,Chargefox,Chargefox,"",2,TRUE,45040,,SA
node/9287553131,-35.120385,139.276204,goelectricstations,goelectricstations,"",4,FALSE,45040,,SA
node/11386821436,-36.9570803,140.7429382,Chargefox,Chargefox,"",,FALSE,45090,,SA
node/12047021256,-33.2058011,138.6053105,RAA,Chargefox,"",,TRUE,45120,,SA
node/10234390097,-34.8892781,138.6558412,Evie Networks,Evie Networks,"",,FALSE,45290,,SA
node/10250489983,-34.9160235,138.6315391,Jolt,Jolt,"",,FALSE,45290,,SA
node/13075922125,-34.9218339,138.6345715,Tesla Supercharger,Tesla,yes,,FALSE,45290,,SA
node/14113981732,-35.1055538,138.5286401,EVIE Reynella,Evie Networks,"",,FALSE,45340,,SA
node/11941288201,-35.1419026,138.4967906,Engie,Chargefox,"",,TRUE,45340,,SA
node/12015928950,-35.1054081,138.5286618,Evie Networks,Evie Networks,"",,TRUE,45340,,SA
node/14196016501,-32.9743165,138.8277329,"","","",,FALSE,45540,,SA
node/11386820692,-32.973401,138.8335411,Chargefox,Chargefox,"",,FALSE,45540,,SA
node/11365555254,-34.7187434,138.6668488,Chargefox,Chargefox,"",,FALSE,45680,,SA
node/9331261766,-34.8437992,138.5042702,Chargefox,Chargefox,"",2,FALSE,45890,,SA
node/9377957708,-34.8252197,138.4863165,Chargefox,Chargefox,"",2,FALSE,45890,,SA
node/11016872776,-34.8610146,138.5134782,Jolt,Jolt,"",,FALSE,45890,,SA
node/13040630660,-34.8709626,138.637173,Jolt,Jolt,yes,,FALSE,45890,,SA
node/11365406878,-32.490268,137.7599939,Chargefox,Chargefox,"",,FALSE,46090,,SA
node/14161778299,-32.5121229,137.8033917,RAA,Chargefox,"",,TRUE,46090,,SA
node/12111988059,-32.4885955,137.7639121,Tesla Supercharger,Tesla,yes,4,TRUE,46090,,SA
node/12047010397,-33.180758,138.0115308,RAA,Chargefox,"",,TRUE,46450,,SA
way/1560077090,-34.7686995,138.624194,"","","",,FALSE,47140,,SA
node/11365605210,-34.7591516,138.5956065,Evie Networks,Evie Networks,"",,FALSE,47140,,SA
node/11365424997,-35.2610559,140.9087627,Chargefox,Chargefox,"",,FALSE,47290,,SA
node/11365413603,-32.7975963,134.1989642,Chargefox,Chargefox,yes,2,TRUE,47490,,SA
node/7249211887,-36.1050786,140.3615633,Chargefox,Chargefox,"",4,TRUE,47630,,SA
node/11959660059,-36.3089078,140.7809209,RAA,Chargefox,"",4,TRUE,47630,,SA
node/11959671631,-36.3083413,140.7732902,RAA,Chargefox,"",3,FALSE,47630,,SA
node/5132854542,-36.0990659,140.3557562,Tesla Supercharger,Tesla,yes,4,TRUE,47630,,SA
node/12236553392,-36.2977904,140.7571193,Tesla Supercharger,Tesla,yes,4,TRUE,47630,,SA
node/7961393123,-35.2401819,139.4404743,Evie Networks,Evie Networks,"",,TRUE,47800,,SA
node/11962096698,-35.6878893,139.3377758,RAA,Chargefox,"",,TRUE,47800,,SA
node/11962104845,-35.6949082,139.856337,RAA,Chargefox,"",2,TRUE,47800,,SA
node/12105324344,-35.258032,139.4551773,RAA,Chargefox,yes,,TRUE,47800,,SA
node/12712950309,-35.885127,140.0572067,RAA,Chargefox,"",,TRUE,47800,,SA
way/1176146545,-35.3039969,139.5012597,Tesla Supercharger,Tesla,yes,6,TRUE,47800,,SA
node/9377983050,-34.9617279,138.6010902,circontrol,circontrol,"",2,FALSE,47980,,SA
node/9377982881,-35.5536727,138.6219659,"","","",,FALSE,48050,,SA
node/12908844599,-34.188577,138.1558143,NRMA,NRMA,"",,TRUE,48130,,SA
node/11365383504,-34.1860752,138.1462096,RAA,Chargefox,"",,TRUE,48130,,SA
node/12047061471,-33.7737796,138.2118215,RAA,Chargefox,"",,TRUE,48130,,SA
node/10943888598,-33.0300262,137.5292589,Chargefox,Chargefox,"",,FALSE,48540,,SA
node/11365343113,-33.0265422,137.5314002,Chargefox,Chargefox,"",,FALSE,48540,,SA
node/11365392374,-33.0472046,135.4620227,RAA,Chargefox,yes,2,TRUE,48640,,SA
node/5249804024,-35.4470219,138.3188648,"","","",,FALSE,48750,,SA
node/9378018013,-35.4570334,138.3507389,"","","",,FALSE,48750,,SA
node/9377999297,-35.3913107,138.4630733,Tesla Destination Charger,"Tesla, Inc.","",1,FALSE,48750,,SA
node/10948726931,-35.0849323,137.7480411,"","","",,FALSE,48830,,SA
node/9380626727,-34.7678388,137.5974941,Tesla Destination Charger,"Tesla, Inc.","",1,FALSE,48830,,SA
node/9380642063,-34.4225942,137.9167075,Tesla Destination Charger,"Tesla, Inc.",yes,1,FALSE,48830,,SA
node/8353962063,-41.3228603,148.2483219,Electric Highway Tasmania,Electric Highway Tasmania,yes,2,TRUE,60210,,TAS
node/9837441206,-41.6380862,147.9681769,Electric Highway Tasmania,Electric Highway Tasmania,yes,1,TRUE,60210,,TAS
node/8490556835,-42.7007263,147.2508765,Evie Networks,Evie Networks,"",2,TRUE,60410,,TAS
node/8041302706,-41.0498769,145.90733,Electric Highway Tasmania,Electric Highway Tasmania,yes,1,TRUE,60610,,TAS
node/9835982929,-42.1244723,146.7458333,Chargefox,Chargefox,"",1,TRUE,61010,,TAS
node/7811188174,-42.1356399,146.2290933,Electric Highway Tasmania,Electric Highway Tasmania,yes,1,TRUE,61010,,TAS
node/9837441201,-42.4850213,146.7100895,Electric Highway Tasmania,Electric Highway Tasmania,"",,TRUE,61010,,TAS
node/9837441208,-40.8406253,145.1253769,Chargefox,Chargefox,"",,TRUE,61210,,TAS
node/13016444371,-42.8663933,147.3688656,"","","",3,FALSE,61410,,TAS
node/8366243660,-42.8641403,147.3689883,Clarence Council,Clarence Council,yes,1,FALSE,61410,,TAS
node/9843352654,-42.8874253,147.4269258,Evie Networks,Evie Networks,"",2,TRUE,61410,,TAS
node/7644755936,-42.7791926,147.0612071,"",NextCharge,"",,FALSE,61510,,TAS
node/13900932974,-42.768281,146.0449699,"","","",,FALSE,61510,,TAS
node/10096554725,-42.754782,146.6290095,Electric Highway Tasmania,Electric Highway Tasmania,"",,TRUE,61510,,TAS
node/7908350351,-42.6817118,146.7164989,Mt Field Visitor Centre,Mt Field Visitor Centre,customers,1,FALSE,61510,,TAS
node/10597363016,-41.1792402,146.3414448,"","","",,TRUE,61610,,TAS
node/8167428500,-41.1776609,146.3593825,Electric Highway Tasmania,Electric Highway Tasmania,yes,2,TRUE,61610,,TAS
node/8678497906,-41.1800018,146.3673186,Tesla Supercharger,Tesla,yes,3,TRUE,61610,,TAS
node/8340141563,-41.0035878,147.3947423,"","","",,FALSE,61810,,TAS
node/7070676761,-41.1621624,147.5146104,Dorset Council,Dorset Council,"",,FALSE,61810,,TAS
node/10744595484,-41.1056353,146.8234244,"","","",,FALSE,62210,,TAS
node/10241615471,-42.092485,148.2422011,"","",customers,,FALSE,62410,,TAS
node/12432340001,-42.6066869,147.7185352,Buckland Kent St,Electrona Pty Ltd,yes,1,FALSE,62410,,TAS
node/8407794646,-42.1237257,148.0751896,Electric Highway Tasmania,Electric Highway Tasmania,yes,2,TRUE,62410,,TAS
node/10235078090,-42.5081733,147.9099041,Electric Highway Tasmania,Electric Highway Tasmania,"",,TRUE,62410,,TAS
node/10698083860,-41.874671,148.3041366,Electrona,Electrona Pty Ltd,yes,2,TRUE,62410,,TAS
node/8660535812,-42.1348216,148.3020342,"Tesla, Inc.","Tesla, Inc.","",,FALSE,62410,,TAS
node/10203832127,-42.8484746,147.2968239,"","","",1,FALSE,62610,,TAS
node/10899273472,-42.832093,147.2717452,"","","",2,FALSE,62610,,TAS
node/12185388534,-42.8493186,147.2962395,BP Pulse,BP Pulse,yes,,TRUE,62610,,TAS
node/13269454092,-42.8338105,147.2852113,Tesla Supercharger,Tesla,yes,4,TRUE,62610,,TAS
node/11015876427,-42.8730118,147.31622,"","","",,FALSE,62810,,TAS
node/8451336892,-42.8753548,147.324019,Audi,Audi,"",1,TRUE,62810,,TAS
node/7885621574,-42.8814091,147.3322907,City of Hobart,City of Hobart,yes,1,TRUE,62810,,TAS
node/5519606421,-42.8812739,147.324301,Hobart City Council,Hobart City Council,"",2,FALSE,62810,,TAS
node/10772464492,-42.9031473,147.3365246,Kempower,Electric Highway Tasmania,yes,,TRUE,62810,,TAS
node/8021537952,-42.8818357,147.3333345,TasPorts,TasPorts,yes,1,FALSE,62810,,TAS
node/8021537953,-42.8816834,147.3354788,TasPorts,TasPorts,yes,1,FALSE,62810,,TAS
node/13440779401,-42.8838881,147.3327128,TasPorts free charger,TasPorts,"",,FALSE,62810,,TAS
node/7236246800,-42.8807344,147.3370559,Tesla Destination Charger,Tesla,"",3,FALSE,62810,,TAS
node/10772373678,-43.1617769,147.0779999,ABB,Electric Highway Tasmania,yes,1,TRUE,63010,,TAS
node/10575852367,-43.4316033,146.9740078,Chargefox,Chargefox,yes,,FALSE,63010,,TAS
node/7916500373,-43.0312044,147.0474304,Huon Valley Council,Huon Valley Council,yes,1,FALSE,63010,,TAS
node/7951263438,-43.163457,146.9268457,Huon Valley Council,Huon Valley Council,yes,1,TRUE,63010,,TAS
node/10561388116,-41.426075,146.1800703,"","",yes,1,FALSE,63210,,TAS
node/12284510397,-41.5736257,145.9340825,Chargefox,Chargefox,"",,TRUE,63210,,TAS
node/5519599141,-41.382797,146.3248524,Sheffield Visitor Information Centre,Sheffield Visitor Information Centre,"",2,FALSE,63210,,TAS
node/8490588005,-41.5824743,145.9366036,Tasmanian Parks & Wildlife,Tasmanian Parks & Wildlife,yes,1,FALSE,63210,,TAS
node/10161079414,-43.0708845,147.2343632,"","",customers,,FALSE,63610,,TAS
node/9837441203,-43.3218733,147.2424695,Chargefox,Chargefox,yes,1,TRUE,63610,,TAS
node/11140163995,-42.9758665,147.3119932,Electric Highway Tasmania,Electric Highway Tasmania,"",,TRUE,63610,,TAS
way/1523875465,-42.9852415,147.2907037,Evie,Evie Networks,"",,FALSE,63610,,TAS
node/10203808935,-42.9802655,147.303553,Evie Networks,Evie Networks,"",2,TRUE,63610,,TAS
node/3946796253,-41.218297,146.4125226,"","",customers,2,FALSE,63810,,TAS
node/12284511268,-41.3992576,147.1195204,"","","",,FALSE,64010,,TAS
node/12284511269,-41.3992136,147.119502,"","","",,TRUE,64010,,TAS
node/6510389778,-41.4358155,147.1395575,Chargefox,Chargefox,"",,TRUE,64010,,TAS
node/8896794603,-41.4501546,147.1419909,Chargefox,Chargefox,"",,TRUE,64010,,TAS
node/10203818135,-41.251906,147.2166221,Chargefox,Chargefox,"",,FALSE,64010,,TAS
node/12284543777,-41.4463615,147.1228846,Chargefox,Chargefox,"",,FALSE,64010,,TAS
node/7034602235,-41.4681651,147.1586843,Electric Highway Tasmania,Electric Highway Tasmania,"",4,TRUE,64010,,TAS
node/8660513415,-41.4399174,147.1376548,Tesla Destination Charger,Tesla,"",,FALSE,64010,,TAS
node/8660540033,-41.4403151,147.1290413,Tesla Destination Charger,Tesla,"",,FALSE,64010,,TAS
node/8864968843,-41.525806,146.8452421,Evie Networks,Evie Networks,"",,TRUE,64210,,TAS
node/6510508421,-41.5279633,146.830594,Meander Valley Council,Meander Valley Council,yes,1,FALSE,64210,,TAS
node/7882866714,-41.5236168,146.6510431,Meander Valley Council,Meander Valley Council,yes,1,FALSE,64210,,TAS
node/12435604712,-41.483845,146.5978213,NRMA,NRMA,"",,TRUE,64210,,TAS
node/13640681973,-41.5874028,147.1201868,EnergyROI - Longford,"",yes,,TRUE,64610,,TAS
node/7125090552,-41.9293446,147.4945273,Evie Networks,Evie Networks,"",2,TRUE,64610,,TAS
node/10250262062,-42.8870084,147.8145103,"","","",,FALSE,64810,,TAS
node/12022104725,-42.7820669,147.5645373,Evie Networks,Evie Networks,"",,FALSE,64810,,TAS
node/12284535730,-42.7819643,147.563933,Evie Networks,Evie Networks,"",,TRUE,64810,,TAS
node/6510436415,-42.5132365,147.1888612,"",NextCharge,"",,FALSE,65010,,TAS
node/9837441207,-42.2989031,147.371219,Electric Highway Tasmania,Electric Highway Tasmania,yes,2,TRUE,65010,,TAS
node/14100890852,-43.0980383,147.7436287,"","",yes,,FALSE,65210,,TAS
node/13540260585,-43.1410642,147.8503468,Exploren,Exploren,"",2,TRUE,65210,,TAS
node/6865327793,-41.4429335,145.5266163,Electric Highway Tasmania,Electric Highway Tasmania,"",2,TRUE,65410,,TAS
node/11363451628,-41.7378056,145.6160751,Chargefox,Chargefox,"",,TRUE,65610,,TAS
node/7814409569,-42.0788206,145.5554413,Electric Highway Tasmania,Electric Highway Tasmania,yes,1,TRUE,65610,,TAS
node/10665886981,-42.1549,145.3256657,EnergyROI,EnergyROI,"",,TRUE,65610,,TAS
node/8660502116,-42.1522093,145.3299069,"Tesla, Inc.","Tesla, Inc.","",,FALSE,65610,,TAS
node/12206341968,-41.2996195,146.9515989,Chargefox,Chargefox,"",,TRUE,65810,,TAS
node/13266298941,-41.374565,147.0572957,Evie Networks,Evie Networks,"",4,TRUE,65810,,TAS
node/10925614395,-36.7291804,146.9621128,Evie Networks,Evie Networks,yes,2,TRUE,20110,3741,VIC
node/6456676767,-36.5870197,146.7592991,Tesla Supercharger,Tesla,yes,4,TRUE,20110,3738,VIC
node/12078136343,-36.7275865,146.9581559,Tesla Supercharger,Tesla,yes,4,TRUE,20110,3741,VIC
node/9278772628,-37.1955356,142.6092866,EVUp,EVUp,"",2,FALSE,20260,3381,VIC
node/10184611930,-37.7117289,142.8409671,EVup,EVup,"",,FALSE,20260,3351,VIC
node/11117784408,-37.2820305,142.929698,Evie Networks,Evie Networks,"",,TRUE,20260,3377,VIC
node/11957053879,-37.2850838,142.9263732,NRMA,NRMA,"",4,TRUE,20260,3377,VIC
node/7110814863,-37.2833721,142.9339235,"Tesla, Inc.","Tesla, Inc.","",,FALSE,20260,3377,VIC
node/4332305132,-37.5753648,143.8664155,"","","",,FALSE,20570,3350,VIC
node/12045207970,-37.6492826,143.8841475,"","","",,FALSE,20570,3357,VIC
node/7370307097,-37.5613256,143.8623024,Chargefox,Chargefox,"",,TRUE,20570,3350,VIC
node/11073160376,-37.5351644,143.8237383,Chargefox,Chargefox,yes,7,FALSE,20570,3355,VIC
node/11963662376,-37.599214,143.8402152,Chargefox,Chargefox,"",2,FALSE,20570,3356,VIC
node/12040972514,-37.5283523,143.857618,Chargefox,Chargefox,"",6,FALSE,20570,3350,VIC
node/12624294788,-37.5675407,143.8567311,Chargefox,Chargefox,"",,TRUE,20570,3350,VIC
node/10042338532,-37.5647424,143.934527,Evie Networks,Evie Networks,"",4,TRUE,20570,3352,VIC
node/4559150341,-37.5346311,143.8226401,Tesla Supercharger,Tesla,yes,6,TRUE,20570,3355,VIC
node/11085593508,-37.5429448,143.784678,Tesla Supercharger,Tesla,yes,20,TRUE,20570,3350,VIC
node/11221448525,-37.758863,145.0686359,"","","",,FALSE,20660,3084,VIC
node/13376911582,-37.7432438,145.0671571,Chargefox,Chargefox,"",8,TRUE,20660,3084,VIC
node/6604720986,-38.6490505,145.6858267,"","","",,FALSE,20740,3996,VIC
node/8333995490,-38.6680598,145.6055893,Chargefox,Chargefox,yes,2,FALSE,20740,3995,VIC
node/12321541520,-38.6489847,145.6858931,Chargefox,Chargefox,"",,TRUE,20740,3996,VIC
node/12869684252,-38.4070331,145.5299311,Chargefox,Chargefox,"",,TRUE,20740,3984,VIC
node/12869788102,-38.634688,145.7289911,Chargefox,Chargefox,"",,TRUE,20740,3996,VIC
node/12876393097,-38.5150148,145.3485936,Chargefox,Chargefox,"",2,TRUE,20740,3925,VIC
node/13713325748,-38.5054632,145.148406,Chargefox,Chargefox,"",,FALSE,20740,3922,VIC
node/8456443961,-38.4513659,145.2402838,EVolution,EVolution,"",2,FALSE,20740,3922,VIC
node/12040935270,-38.450555,145.2403376,Evie Networks,Evie Networks,"",4,TRUE,20740,3922,VIC
node/12503301405,-38.1668166,145.9405613,"","","",,FALSE,20830,3820,VIC
node/11234771568,-38.1674817,145.953366,Evie Networks,Evie Networks,"",,TRUE,20830,3820,VIC
node/13000106968,-38.1666514,145.9516476,Exploren,Exploren,"",1,FALSE,20830,3820,VIC
node/11702410958,-37.9445397,145.0016823,AmpCharge,AmpCharge,"",,TRUE,20910,3188,VIC
node/10156617736,-37.9001349,145.0069973,BP Pulse,BP Pulse,"",6,TRUE,20910,3187,VIC
node/8943191752,-37.9593639,145.017674,Chargefox,Chargefox,"",,FALSE,20910,3191,VIC
node/10925696347,-37.9062995,145.0036062,Evie Networks,Evie Networks,"",,TRUE,20910,3186,VIC
node/11526398297,-37.9563505,145.0415494,Jolt,Jolt,"",,TRUE,20910,3192,VIC
node/12412400296,-37.9789671,145.0452418,Jolt,Jolt,"",,FALSE,20910,3193,VIC
node/12419548569,-37.9754862,145.0174845,Jolt,Jolt,"",,FALSE,20910,3193,VIC
node/13809814298,-37.9485465,145.0410409,Jolt,Jolt,"",,FALSE,20910,3190,VIC
node/11043399301,-37.9071507,145.0111517,Tesla Supercharger,Tesla,yes,4,FALSE,20910,3187,VIC
node/11276547806,-36.5506645,145.9839857,Evie Networks,Evie Networks,"",2,TRUE,21010,3672,VIC
node/11957141120,-37.8268734,145.0519905,AmpCharge,AmpCharge,"",,TRUE,21110,3123,VIC
node/12508231334,-37.8211024,145.0341062,Chargefox,Chargefox,"",,TRUE,21110,3122,VIC
node/12576954674,-37.8497735,145.0955244,Chargefox,Chargefox,"",4,TRUE,21110,3124,VIC
node/12596710629,-37.862638,145.0773032,Chargefox,Chargefox,"",,TRUE,21110,3147,VIC
node/12869724886,-37.8123289,145.0835316,Chargefox,Chargefox,"",4,TRUE,21110,3103,VIC
node/13030539057,-37.86603,145.0932688,Chargefox,Chargefox,"",2,TRUE,21110,3147,VIC
node/14086513267,-37.8630638,145.0861758,Chargefox,Chargefox,"",1,TRUE,21110,3147,VIC
node/13719987307,-37.843332,145.0465518,CitiPower,CitiPower,"",2,FALSE,21110,3123,VIC
node/12984441959,-37.8648239,145.0927135,EVX,EVX,"",1,FALSE,21110,3147,VIC
node/12743939234,-37.8077312,145.0306604,Evie Networks,Evie Networks,"",4,TRUE,21110,3101,VIC
node/13930070734,-37.833261,145.0769613,Evie Networks,Evie Networks,"",6,TRUE,21110,3124,VIC
node/8562296543,-37.8292531,145.056178,Tesla Supercharger,Tesla,yes,,TRUE,21110,3123,VIC
node/10925613031,-37.8048975,144.7523843,AmpCharge,AmpCharge,"",,TRUE,21180,3026,VIC
node/11142763864,-37.6940479,144.7554035,AmpCharge,AmpCharge,"",,TRUE,21180,3037,VIC
node/11559043538,-37.805075,144.7520377,AmpCharge,AmpCharge,yes,2,TRUE,21180,3026,VIC
node/13885900169,-37.7022841,144.777216,AmpCharge,AmpCharge,"",8,TRUE,21180,3038,VIC
node/6585419253,-37.713734,144.8855401,Chargefox,Chargefox,"",,TRUE,21180,3042,VIC
node/13049491662,-37.7492316,144.8302546,Chargefox,Chargefox,"",,FALSE,21180,3021,VIC
node/8770992013,-37.6965635,144.7821513,Evie Networks,Evie Networks,"",,TRUE,21180,3038,VIC
node/10184502299,-37.7264375,144.8082128,Evie Networks,Evie Networks,"",,TRUE,21180,3038,VIC
node/12035123226,-37.7839148,144.7725509,Evie Networks,Evie Networks,"",4,TRUE,21180,3026,VIC
node/12121937916,-37.7929012,144.7895532,Evie Networks,Evie Networks,"",,TRUE,21180,3020,VIC
node/9058271716,-36.0790387,143.2267286,Charging the Regions,Central Victorian Greenhouse Alliance,"",2,TRUE,21270,3527,VIC
node/9072216068,-35.5040579,142.8516829,Charging the Regions,Central Victorian Greenhouse Alliance,"",2,TRUE,21270,3533,VIC
node/11963684075,-36.3713731,142.9816961,Evie Networks,Evie Networks,"",,TRUE,21270,3480,VIC
node/11885672552,-36.0751569,143.2253748,NRMA Electric,NRMA Electric,"",4,FALSE,21270,3527,VIC
node/14096025501,-36.3989708,144.9790122,"","","",,FALSE,21370,3624,VIC
node/8690279176,-36.1271422,144.7479998,Charging the Regions,Central Victorian Greenhouse Alliance,"",,FALSE,21370,3564,VIC
node/12839464034,-38.0605804,145.4519173,Tesla Supercharger,Tesla,yes,6,TRUE,21450,3810,VIC
node/10724628252,-38.0932813,145.3417866,Chargefox,Chargefox,"",2,TRUE,21610,3978,VIC
node/11529283544,-38.1496782,145.290863,Chargefox,Chargefox,"",,FALSE,21610,3977,VIC
node/13312149786,-38.1176775,145.345543,Chargefox,Chargefox,"",3,FALSE,21610,3978,VIC
node/13991313648,-38.1034702,145.3314206,Chargefox,Chargefox,"",4,TRUE,21610,3978,VIC
node/11808829441,-38.107942,145.2819089,Engie Charger,Chargefox,"",,TRUE,21610,3977,VIC
node/6663145566,-38.0870252,145.279579,Evie Networks,Evie Networks,"",2,TRUE,21610,3977,VIC
node/10724639943,-38.0512314,145.2569607,Evie Networks,Evie Networks,"",4,TRUE,21610,3975,VIC
node/14167808591,-38.1253302,145.3718006,Evie Networks,Evie Networks,"",4,TRUE,21610,3978,VIC
node/13085685671,-38.0244721,145.3100355,Exploren,Exploren,"",2,FALSE,21610,3805,VIC
node/13085686612,-38.1233966,145.3102379,Exploren,Exploren,"",2,FALSE,21610,3977,VIC
node/13192274780,-38.0944889,145.3627699,Exploren,Exploren,"",2,TRUE,21610,3978,VIC
node/13354129546,-38.0451595,145.3453686,Exploren,Exploren,"",4,TRUE,21610,3806,VIC
node/12360137872,-38.0595853,145.3378901,Jolt,Jolt,"",,TRUE,21610,3806,VIC
node/11914867701,-38.1101926,145.2641028,bp pulse,bp pulse,"",2,TRUE,21610,3977,VIC
node/8280062891,-37.0508473,143.741488,Charging the Regions,Central Victorian Greenhouse Alliance,yes,2,TRUE,21670,3465,VIC
node/8384096764,-38.757058,143.6683449,"","","",2,FALSE,21750,3233,VIC
node/11465379143,-38.7582509,143.6692158,Evie Networks,Evie Networks,"",,TRUE,21750,3233,VIC
node/11590237423,-38.3407944,143.5853794,Evie Networks,Evie Networks,"",,TRUE,21750,3250,VIC
node/13843189433,-38.3406664,143.5886383,NRMA,NRMA,"",4,TRUE,21750,3250,VIC
node/8687625054,-38.3413481,143.593013,Tesla Supercharger,Tesla,yes,10,TRUE,21750,3250,VIC
node/10923519868,-38.2303057,143.1458587,Evie Networks,Evie Networks,"",,TRUE,21830,3260,VIC
node/12141140553,-38.6187378,142.9953568,Tesla Supercharger,Tesla,yes,4,TRUE,21830,3269,VIC
node/13361133930,-38.6201159,142.9936392,Wireless Charger,"","",,FALSE,21830,3269,VIC
node/9930952737,-37.7637113,145.023233,"","",yes,2,FALSE,21890,3071,VIC
node/9930952738,-37.7637061,145.023185,"","",yes,2,FALSE,21890,3071,VIC
node/9930952741,-37.7637001,145.0231298,"","",yes,2,FALSE,21890,3071,VIC
node/6566927907,-37.7401175,145.0050847,Darebin City Council,Darebin City Council,yes,1,FALSE,21890,3072,VIC
node/11137132736,-37.7794587,145.032662,Evie Networks,Evie Networks,"",,TRUE,21890,3078,VIC
node/13036257103,-37.7294743,144.9835597,Evie Networks,Evie Networks,"",4,TRUE,21890,3058,VIC
node/12757240228,-37.7472341,145.0317684,Exploren,Exploren,"",2,TRUE,21890,3072,VIC
node/13036171899,-37.7183716,144.9936439,Jolt,Jolt,"",,TRUE,21890,3073,VIC
node/13036262406,-37.7149332,144.9895283,Jolt,Jolt,"",,TRUE,21890,3073,VIC
node/12564192749,-37.498803,148.1720657,Chargefox,Chargefox,"",,TRUE,22110,3885,VIC
node/13442139297,-37.0701283,148.5911195,Chargefox,Chargefox,"",1,FALSE,22110,3888,VIC
node/10062824393,-37.7057324,148.4559951,Charging the Regions,Central Victorian Greenhouse Alliance,"",2,TRUE,22110,3888,VIC
node/10118356075,-37.5650496,149.1519705,Charging the Regions,Central Victorian Greenhouse Alliance,"",,TRUE,22110,3890,VIC
node/10205558112,-37.1010408,147.5912017,Charging the Regions,Central Victorian Greenhouse Alliance,yes,2,TRUE,22110,3898,VIC
node/10205699729,-37.8255492,147.6276789,Charging the Regions,Central Victorian Greenhouse Alliance,"",,FALSE,22110,3875,VIC
node/12564202178,-37.5580193,149.7582614,Charging the Regions,Central Victorian Greenhouse Alliance,"",,TRUE,22110,3892,VIC
node/14161651487,-37.8804782,147.9858234,Charging the Regions,Central Victorian Greenhouse Alliance,"",2,TRUE,22110,3909,VIC
node/10892824559,-37.8815874,147.9729315,Evie Networks,Evie Networks,"",2,TRUE,22110,3909,VIC
node/10923467119,-37.8236524,147.6298864,Evie Networks,Evie Networks,"",,TRUE,22110,3875,VIC
node/10925625893,-37.9191889,147.7230181,Evie Networks,Evie Networks,"",2,TRUE,22110,3880,VIC
node/12054200473,-37.7082491,147.8344445,Evie Networks,Evie Networks,"",,TRUE,22110,3885,VIC
node/14161651486,-37.8805232,147.9859929,NRMA,NRMA,"",4,TRUE,22110,3909,VIC
node/12477914114,-37.5007061,148.1715681,Station 7675,Chargefox,"",,FALSE,22110,3885,VIC
node/8441518529,-37.8810561,147.9849476,Tesla Destination Charger,Tesla,"",,FALSE,22110,3909,VIC
node/10172694522,-37.5650916,149.1520346,Tesla Supercharger,Tesla,yes,3,TRUE,22110,3890,VIC
node/11377314807,-37.8244565,147.632675,Tesla Supercharger,Tesla,yes,3,TRUE,22110,3875,VIC
node/12888558474,-38.1514595,145.1660039,Ampcharge Karingal,AmpCharge,"",8,TRUE,22170,3199,VIC
node/11599375156,-38.1517507,145.1347522,Engie,Chargefox,"",,TRUE,22170,3199,VIC
node/10927958414,-38.0884296,145.1825635,Evie Carrum Downs,Evie Networks,"",2,TRUE,22170,3201,VIC
node/10943436950,-38.1398846,145.1242877,Exploren,Exploren,"",2,TRUE,22170,3199,VIC
node/10010196224,-38.1438691,145.1227188,Jetcharge,Jetcharge,yes,2,FALSE,22170,3199,VIC
node/8573119373,-35.7344119,143.9213354,Charging the Regions,Central Victorian Greenhouse Alliance,"",1,TRUE,22250,3579,VIC
node/8714688412,-35.807933,144.2207964,Charging the Regions,Central Victorian Greenhouse Alliance,"",,FALSE,22250,3568,VIC
node/12040983170,-35.7321837,143.9200675,Tesla Supercharger,Tesla,"",3,TRUE,22250,3579,VIC
node/12576932361,-37.8952823,145.0513802,Chargefox,Chargefox,"",8,FALSE,22310,3163,VIC
node/12576957641,-37.8966547,145.070175,Chargefox,Chargefox,"",4,FALSE,22310,3163,VIC
node/10224669726,-37.8808068,145.0225411,Foxcharger,Foxcharger,"",,FALSE,22310,3162,VIC
node/10224669728,-37.8808133,145.0225886,Foxcharger,Foxcharger,"",,FALSE,22310,3162,VIC
node/13097346903,-37.8886361,145.0411462,Woolworths,Chargefox,"",4,TRUE,22310,3163,VIC
node/5334248922,-37.921672,141.2756294,"","","",,FALSE,22410,3304,VIC
node/10923543492,-37.9222177,141.2762627,Evie Networks,Evie Networks,"",,TRUE,22410,3304,VIC
node/11577859205,-38.3466301,141.6027913,Evie Networks,Evie Networks,"",,TRUE,22410,3305,VIC
node/10925612987,-37.8443654,144.0767302,Evie Networks,Evie Networks,"",2,TRUE,22490,3333,VIC
node/11395425005,-38.0473092,144.170628,Evie Networks,Evie Networks,"",,TRUE,22490,3331,VIC
node/11548535146,-36.7533323,144.294362,Chargefox,Chargefox,yes,2,TRUE,22620,3550,VIC
node/11278409135,-36.7569325,144.2766532,Charging the Regions,Central Victorian Greenhouse Alliance,"",4,TRUE,22620,3550,VIC
node/11363471775,-36.923434,144.7099486,Evie Networks,Evie Networks,"",2,TRUE,22620,3523,VIC
node/12885984005,-36.76352,144.279593,Evie Networks,Evie Networks,"",,TRUE,22620,3550,VIC
node/12872507191,-36.7345527,144.1334235,NRMA,NRMA,"",4,TRUE,22620,3515,VIC
node/6816255780,-36.7745651,144.3064633,Tesla Supercharger,Tesla,yes,6,TRUE,22620,3550,VIC
node/8280179360,-37.9279602,145.1431387,"","","",4,FALSE,22670,3171,VIC
node/10841728252,-37.9420423,145.1679215,"","","",,FALSE,22670,3171,VIC
node/12212952715,-37.9953252,145.182069,AmpCharge,AmpCharge,"",2,TRUE,22670,3173,VIC
node/12747594915,-37.9412149,145.1668104,AmpCharge,AmpCharge,"",,TRUE,22670,3171,VIC
node/13227076107,-37.9746063,145.2034486,AmpCharge,AmpCharge,"",4,TRUE,22670,3175,VIC
node/10923020181,-37.9707686,145.2231276,BP Pulse Dandenong North,bp pulse,"",2,TRUE,22670,3175,VIC
node/8858753812,-37.9528827,145.1800698,Chargefox,Chargefox,yes,,FALSE,22670,3174,VIC
node/14060308403,-37.9903106,145.1982373,Chargefox,Chargefox,"",4,TRUE,22670,3175,VIC
node/8477352112,-37.9713082,145.2238554,Evie Dandenong North,Evie Networks,"",2,TRUE,22670,3175,VIC
node/12229465743,-38.0054338,145.2483376,Evie Networks,Evie Networks,"",,TRUE,22670,3175,VIC
node/12885302056,-37.9319008,145.1527483,Exploren,Exploren,"",2,TRUE,22670,3171,VIC
node/13091025670,-38.0008975,145.1414567,Exploren,Exploren,"",1,FALSE,22670,3195,VIC
node/9222837083,-37.9271751,145.1435899,IKEA,Chargefox,"",4,FALSE,22670,3171,VIC
node/11043365400,-37.9858932,145.218728,Tesla Supercharger,Tesla,yes,,TRUE,22670,3175,VIC
node/13008554843,-37.992458,145.1446902,Tesla Supercharger,Tesla,yes,6,TRUE,22670,3173,VIC
node/13706891641,-37.9749869,145.2043159,Woolworths,Chargefox,"",4,TRUE,22670,3175,VIC
node/6460737186,-38.1433232,144.3612324,"","","",4,FALSE,22750,3220,VIC
node/8778736867,-38.1293011,144.3453057,"","","",2,FALSE,22750,3215,VIC
node/9295253802,-38.2159676,144.3181255,"","","",,FALSE,22750,3217,VIC
node/10312526546,-38.228002,144.3398434,"","","",,FALSE,22750,3217,VIC
node/10956647220,-38.1975552,144.3210427,"","","",,TRUE,22750,3216,VIC
node/13427763705,-38.1959923,144.6158655,"","","",,FALSE,22750,3222,VIC
node/12963725087,-38.1991564,144.3169442,AmpCharge,AmpCharge,"",6,TRUE,22750,3216,VIC
node/11566319008,-38.1892051,144.5546647,Chargefox,Chargefox,"",,TRUE,22750,3222,VIC
node/12072525400,-38.1607247,144.3058758,Evie Networks,Evie Networks,"",,TRUE,22750,3216,VIC
node/12677775693,-38.1368485,144.3483538,Evie Networks,Evie Networks,"",,TRUE,22750,3218,VIC
node/12849834829,-38.2006998,144.3126699,Evie Networks,Evie Networks,"",5,TRUE,22750,3216,VIC
node/10744548980,-38.2466668,144.5400775,Exploren,Exploren,"",4,TRUE,22750,3226,VIC
node/11041250798,-38.1862324,144.4645623,Leopold Library Chargefox,Chargefox,"",2,FALSE,22750,3224,VIC
node/12917259414,-38.0753815,144.3702352,Shell Recharge,Shell Recharge,"",,TRUE,22750,3214,VIC
node/8711272569,-38.0651667,144.3824797,Tesla Supercharger,Tesla,yes,6,TRUE,22750,3214,VIC
node/13269454090,-38.1705229,144.3920653,Tesla Supercharger,Tesla,"",6,TRUE,22750,3219,VIC
node/11506874164,-36.4403466,145.2262264,Chargefox,Chargefox,"",,TRUE,22830,3616,VIC
node/9150544914,-36.3803048,145.4003239,Charging the Regions,Central Victorian Greenhouse Alliance,"",2,TRUE,22830,3630,VIC
node/11506870062,-36.394603,145.3598536,Charging the Regions,Central Victorian Greenhouse Alliance,"",,TRUE,22830,3629,VIC
node/13284029090,-36.377382,145.4019942,NRMA,NRMA,"",4,TRUE,22830,3630,VIC
node/10309600584,-36.3843671,145.4009851,Tesla Supercharger,Tesla,yes,6,TRUE,22830,3630,VIC
node/7104312656,-37.3426377,144.1423321,Chargefox,Chargefox,"",2,FALSE,22910,3460,VIC
node/11175994294,-37.3090229,144.1403106,Chargefox,Chargefox,"",2,TRUE,22910,3460,VIC
node/11176002637,-37.4224534,143.8945183,Chargefox,Chargefox,"",2,TRUE,22910,3363,VIC
node/12099984536,-37.3885479,144.3253891,Chargefox Trentham Visitor Information Centre,Chargefox,yes,50,TRUE,22910,3458,VIC
node/12751635764,-37.3491687,144.1412771,Exploren,Exploren,"",2,FALSE,22910,3460,VIC
node/6294718962,-37.4438844,143.8905143,RACV,RACV,"",2,FALSE,22910,3363,VIC
node/9139174626,-36.1423702,141.9878017,Linga Network,Linga Network,"",,FALSE,22980,3423,VIC
node/9139223343,-36.4546128,142.0260508,Linga Network,Linga Network,"",,FALSE,22980,3414,VIC
node/9712993934,-36.3328407,141.6495675,Linga Networks,"","",,FALSE,22980,3418,VIC
node/12894174459,-36.332681,141.6514737,Tesla Supercharger,Tesla,"",4,TRUE,22980,3418,VIC
node/6704482109,-37.86395,144.830228,"","","",,TRUE,23110,3018,VIC
way/1317548657,-37.8630593,144.9046219,"","",customers,2,FALSE,23110,3016,VIC
node/10744312168,-37.8467311,144.8092326,AmpCharge,AmpCharge,"",4,TRUE,23110,3018,VIC
node/14104651646,-37.8653371,144.769231,Hobsons Bay City Council,Hobsons Bay City Council,"",,FALSE,23110,3028,VIC
node/12843835382,-37.8717181,144.7749036,Tesla Supercharger,Tesla,yes,6,TRUE,23110,3028,VIC
node/11902564607,-37.8327807,144.8272802,Toyota,Toyota,"",,TRUE,23110,3025,VIC
node/8028020165,-36.7111262,142.201977,Chargefox,Chargefox,yes,8,TRUE,23190,3400,VIC
node/9314985309,-36.7158552,142.1964354,Tesla Supercharger,Tesla,yes,8,TRUE,23190,3400,VIC
node/9750631071,-37.6163187,144.9148371,"","",yes,,FALSE,23270,3064,VIC
node/11434374870,-37.686614,144.8665448,"","","",,TRUE,23270,3045,VIC
node/10778861141,-37.565088,144.8938508,ChargePoint,ChargePoint,yes,1,FALSE,23270,3064,VIC
node/12099989743,-37.5808568,144.7271811,Chargefox,Chargefox,"",,FALSE,23270,3429,VIC
node/13086122533,-37.6793585,144.9212367,Chargefox,Chargefox,"",4,TRUE,23270,3047,VIC
node/13733669307,-37.619639,144.9281395,Chargefox,Chargefox,"",2,TRUE,23270,3064,VIC
node/10779001859,-37.5302783,144.8805475,EVlink,EVlink,yes,2,FALSE,23270,3064,VIC
node/11184921745,-37.6770375,144.9222367,Evie Networks,Evie Networks,"",,TRUE,23270,3047,VIC
node/12084097067,-37.6839369,144.881856,Evie Networks,Evie Networks,"",4,TRUE,23270,3049,VIC
node/12292802183,-37.5818043,144.7290403,Evie Networks,Evie Networks,"",,TRUE,23270,3429,VIC
node/13829651260,-37.5440331,144.8911706,Exploren,Exploren,"",2,TRUE,23270,3064,VIC
node/10807822822,-37.5811281,144.7243495,Get Electric Charging Station,Get Electric,"",,FALSE,23270,3429,VIC
node/14184623485,-37.6827248,144.8629293,Melbourne Airport Charging Hub,bp pulse,"",24,TRUE,23270,3045,VIC
node/11970924520,-37.6889736,144.9566037,Tesla Supercharger,Tesla,yes,6,TRUE,23270,3047,VIC
node/10909787138,-37.5344696,144.898294,bp pulse,bp pulse,"",,TRUE,23270,3064,VIC
node/11228085088,-36.3580999,146.6870107,Evie Networks,Evie Networks,yes,2,TRUE,23350,3747,VIC
node/12818129073,-36.149432,146.6104903,Evie Networks,Evie Networks,"",2,TRUE,23350,3683,VIC
node/12995456090,-36.054515,146.4586506,Evie Networks,Evie Networks,"",2,TRUE,23350,3685,VIC
node/13016349586,-36.3140166,146.8384821,Exploren,Exploren,"",2,TRUE,23350,3749,VIC
node/11572184459,-36.3550727,146.6859357,Tesla,Tesla,yes,6,FALSE,23350,3747,VIC
node/13312838611,-37.9649304,145.0555303,AmpCharge,AmpCharge,"",2,TRUE,23430,3192,VIC
node/13670301718,-37.9815776,145.06571,AmpCharge,AmpCharge,"",4,TRUE,23430,3194,VIC
node/4896269173,-37.9584508,145.0534948,ChargePoint,ChargePoint,"",,FALSE,23430,3192,VIC
node/6456731585,-37.9505279,145.080672,ChargePoint,ChargePoint,"",,FALSE,23430,3202,VIC
node/11254805479,-37.9369598,145.0502541,EVlink,Chargefox,"",6,FALSE,23430,3189,VIC
node/11363461220,-38.0083659,145.0848785,Evie Networks,Evie Networks,"",,TRUE,23430,3195,VIC
node/9323036820,-38.0547644,145.1159422,Evie Networks Chelsea,Evie Networks,"",2,TRUE,23430,3196,VIC
node/11927237526,-37.907299,145.2367441,AmpCharge,AmpCharge,"",,TRUE,23670,3178,VIC
node/11952706225,-37.8687419,145.264251,Chargefox,Chargefox,"",2,FALSE,23670,3156,VIC
node/9797555741,-37.9213954,145.237506,Evie Networks,Evie Networks,"",2,TRUE,23670,3178,VIC
node/11590215721,-37.8562732,145.3153562,Evie Networks,Evie Networks,"",,TRUE,23670,3154,VIC
node/10931032796,-37.9132563,145.2184081,Exploren,Exploren,"",4,TRUE,23670,3179,VIC
node/10931072151,-37.8986283,145.2304685,Jolt,Jolt,"",,TRUE,23670,3179,VIC
node/10938996112,-37.881819,145.2948225,Jolt,Jolt,"",,TRUE,23670,3156,VIC
node/11242774690,-37.8410946,145.2666345,Jolt,Jolt,yes,,TRUE,23670,3153,VIC
node/11927231085,-37.883474,145.2758214,Jolt,Jolt,"",,FALSE,23670,3156,VIC
node/11951847302,-37.8419754,145.2655057,Jolt,Jolt,yes,,TRUE,23670,3153,VIC
node/12012090534,-37.8699815,145.2376796,Jolt,Jolt,"",,FALSE,23670,3152,VIC
node/12901220543,-37.8588472,145.240934,Jolt,Jolt,"",,TRUE,23670,3152,VIC
node/13064427537,-37.8623968,145.2852414,Jolt,Jolt,"",,TRUE,23670,3155,VIC
node/6914078647,-38.184512,146.2375699,Chargefox,Chargefox,"",,FALSE,23810,3825,VIC
node/12557815920,-38.2175858,146.4748835,Chargefox,Chargefox,"",2,FALSE,23810,3844,VIC
node/12972107861,-38.2398103,146.4211853,Chargefox,Chargefox,"",1,TRUE,23810,3840,VIC
node/8620612761,-38.1805437,146.3477263,EnergyAustralia,EnergyAustralia,"",,TRUE,23810,3825,VIC
node/10720898724,-38.1956713,146.5329719,Evie Networks,Evie Networks,"",,TRUE,23810,3844,VIC
node/12183020131,-38.1969025,146.5416834,Evie Networks,Evie Networks,"",,TRUE,23810,3844,VIC
node/13185178556,-38.3105723,146.4246656,Exploren,Exploren,"",2,FALSE,23810,3842,VIC
node/9026039108,-38.1730117,146.2590547,Tesla Supercharger,Tesla,yes,3,TRUE,23810,3825,VIC
node/12316528243,-38.1924257,146.5269699,Tesla Supercharger,Tesla,yes,4,TRUE,23810,3844,VIC
node/8512844540,-36.575759,143.8676039,Charging the Regions,Central Victorian Greenhouse Alliance,"",2,TRUE,23940,3517,VIC
node/8848048175,-36.7405105,143.9001993,Charging the Regions,Central Victorian Greenhouse Alliance,"",,FALSE,23940,3551,VIC
node/9150566549,-36.4179502,143.6138978,Charging the Regions,Central Victorian Greenhouse Alliance,"",2,TRUE,23940,3518,VIC
node/9058276006,-37.2470045,144.4524935,Charging the Regions,Central Victorian Greenhouse Alliance,"",2,TRUE,24130,3444,VIC
node/9150530738,-37.3558374,144.528833,Charging the Regions,Central Victorian Greenhouse Alliance,"",2,TRUE,24130,3442,VIC
node/11021194892,-37.4232451,144.5624714,Evie Networks,Evie Networks,"",,TRUE,24130,3440,VIC
node/11043868290,-37.2775677,144.7350086,Evie Networks,Evie Networks,"",,TRUE,24130,3435,VIC
node/11228046134,-37.2490363,144.4522173,Evie Networks,Evie Networks,"",2,TRUE,24130,3444,VIC
node/12011130955,-37.3453772,144.7439047,Evie Networks,Evie Networks,"",,TRUE,24130,3434,VIC
node/11221461253,-37.7869143,145.1281439,Bunnings,Bunnings,"",,FALSE,24210,3108,VIC
node/13160907471,-37.7616817,145.1683401,Evie Networks,Evie Networks,"",4,TRUE,24210,3109,VIC
node/13249673589,-37.0508889,146.086725,Evie Networks,Evie Networks,"",2,TRUE,24250,3722,VIC
node/12901334847,-37.3018407,146.1378135,Exploren,Exploren,"",,FALSE,24250,3723,VIC
node/13249625699,-37.0603975,146.0984236,Tesla Supercharger,Tesla,yes,6,TRUE,24250,3722,VIC
node/11648746507,-37.8023621,144.8943248,Evie Networks,Evie Networks,"",,TRUE,24330,3011,VIC
node/12706471410,-37.8045543,144.9003187,Evie Networks,Evie Networks,"",,TRUE,24330,3011,VIC
node/13657294332,-37.7788244,144.8518926,Tesla Supercharger,Tesla,yes,4,TRUE,24330,3019,VIC
node/11142747613,-37.8232019,145.2962873,AmpCharge,AmpCharge,"",,TRUE,24410,3153,VIC
node/14079463990,-37.8138757,145.2302547,AmpCharge,AmpCharge,"",6,TRUE,24410,3134,VIC
node/9852170665,-37.8319262,145.2139634,Evie Networks,Evie Networks,"",,TRUE,24410,3133,VIC
node/11404710581,-37.7907099,145.2622369,Evie Networks,Evie Networks,"",,TRUE,24410,3136,VIC
node/11142747612,-37.7985627,145.2541767,bp pulse,bp pulse,"",,TRUE,24410,3134,VIC
node/6573455737,-37.8132556,144.9559119,"","",yes,,FALSE,24600,3000,VIC
node/6573455738,-37.8143461,144.9618065,"","",yes,2,FALSE,24600,3000,VIC
node/6573455739,-37.81826,144.9639555,"","",yes,2,FALSE,24600,3000,VIC
node/6573455741,-37.8153856,144.9700374,"","","",,FALSE,24600,3000,VIC
node/6573455742,-37.8144864,144.9730784,"","",customers,,FALSE,24600,3000,VIC
node/6775859672,-37.8097082,144.9692589,"","",customers,1,FALSE,24600,3000,VIC
node/6775859675,-37.8022448,144.9669687,"","",customers,,FALSE,24600,3053,VIC
node/6775895586,-37.8322063,144.9692208,"","","",,FALSE,24600,3205,VIC
node/7416508372,-37.8244076,144.9244765,"","","",,FALSE,24600,3207,VIC
node/7416508373,-37.8243839,144.9244672,"","","",,FALSE,24600,3207,VIC
node/7416508374,-37.8243625,144.9244629,"","","",,FALSE,24600,3207,VIC
node/12508257801,-37.8221671,144.9683551,"","","",,FALSE,24600,3006,VIC
node/6573455732,-37.8163799,144.9547665,Alto Hotel,Alto Hotel,customers,1,FALSE,24600,3000,VIC
node/13946456304,-37.7821396,144.9160075,AmpCharge,AmpCharge,"",8,TRUE,24600,3031,VIC
node/6775859674,-37.8055148,144.9633222,Arrow on Swanston,Arrow on Swanston,customers,,FALSE,24600,3053,VIC
node/11840562088,-37.806177,144.9640885,Chargefox,Chargefox,"",,TRUE,24600,3053,VIC
node/11986369056,-37.8253323,144.9499059,Chargefox,Chargefox,"",,TRUE,24600,3006,VIC
node/12616945791,-37.8006732,144.9275453,Exploren,Exploren,"",2,FALSE,24600,3003,VIC
node/6775859684,-37.8100036,144.9509974,Flagstaff City Inn,Flagstaff City Inn,"",,FALSE,24600,3003,VIC
node/6573455740,-37.8162175,144.9707936,GreenCo,GreenCo,yes,,FALSE,24600,3000,VIC
node/6775859679,-37.8014314,144.9427005,Jet Charge,Jet Charge,"",1,FALSE,24600,3051,VIC
node/6775859678,-37.8044709,144.9733535,Melbourne Museum,Melbourne Museum,customers,2,FALSE,24600,3053,VIC
node/4332324003,-37.8042881,144.9719796,Museums Victoria,Museums Victoria,"",2,FALSE,24600,3053,VIC
node/6573455744,-37.813368,144.9681379,QT,QT,customers,,FALSE,24600,3000,VIC
node/6573455731,-37.8160073,144.9597412,RACV,RACV,yes,4,FALSE,24600,3000,VIC
node/6573455743,-37.8125596,144.9695662,Secure Parking,Secure Parking,yes,2,FALSE,24600,3000,VIC
node/6775859673,-37.8100677,144.970496,Secure Parking,Secure Parking,"",,FALSE,24600,3000,VIC
node/6775859681,-37.812617,144.939222,The District Docklands,The District Docklands,customers,1,FALSE,24600,3008,VIC
node/6775859682,-37.8129804,144.9370084,The District Docklands,The District Docklands,customers,,FALSE,24600,3008,VIC
node/6775859680,-37.801086,144.9428225,The Green Guys,The Green Guys,"",,FALSE,24600,3051,VIC
node/11902574111,-37.826279,144.9349529,Toyota,Toyota,"",,TRUE,24600,3207,VIC
node/6720432773,-37.8188089,144.9426093,Vessel charging station,"","",,FALSE,24600,3008,VIC
node/9679133660,-37.7151996,144.5997596,Chargefox,Chargefox,yes,2,FALSE,24650,3338,VIC
node/12685745688,-37.6920413,144.7484941,Chargefox,Chargefox,"",4,FALSE,24650,3037,VIC
node/8219338731,-37.7227909,144.5721618,Evie Networks,Evie Networks,"",,TRUE,24650,3338,VIC
node/12751624244,-37.7576158,144.7410065,Exploren,Exploren,yes,2,TRUE,24650,3023,VIC
node/12363563752,-37.755513,144.7411503,bp pulse,bp pulse,"",8,TRUE,24650,3023,VIC
node/5395408885,-37.7025331,144.9695097,"","","",1,FALSE,24700,3060,VIC
node/5553840397,-37.7407364,144.9697797,"","","",,FALSE,24700,3058,VIC
node/6562161992,-37.7237042,144.9209626,"","","",3,FALSE,24700,3046,VIC
node/7500495489,-37.7719979,144.9789845,"","","",2,FALSE,24700,3057,VIC
node/12330013149,-37.7763544,144.9638881,AmpCharge,AmpCharge,"",8,TRUE,24700,3056,VIC
node/4776121605,-37.7412518,144.9701016,Chargefox,Chargefox,"",,FALSE,24700,3058,VIC
node/5879749471,-37.7714237,144.9619656,Chargefox,Chargefox,yes,,TRUE,24700,3056,VIC
node/7149039454,-37.7189925,144.9614795,Chargefox,Chargefox,yes,1,TRUE,24700,3046,VIC
node/12385814009,-37.7692014,144.9746948,Chargefox,Chargefox,"",1,FALSE,24700,3057,VIC
node/12385814010,-37.7691861,144.9746968,Chargefox,Chargefox,"",1,FALSE,24700,3057,VIC
node/12418016612,-37.7423951,144.9672501,Chargefox,Chargefox,"",,TRUE,24700,3058,VIC
node/13227064498,-37.7564788,144.9644164,Chargefox,Chargefox,"",,FALSE,24700,3056,VIC
node/13809787896,-37.6990457,144.9536075,Exploren,Exploren,"",2,TRUE,24700,3046,VIC
node/9072184481,-35.0710089,142.3156162,Charging the Regions,Central Victorian Greenhouse Alliance,"",,TRUE,24780,3490,VIC
node/11415799827,-35.2632634,141.1829709,Evie Networks,Evie Networks,"",,TRUE,24780,3512,VIC
node/11577888417,-35.2635176,141.1831081,Evie Networks,Evie Networks,"",,TRUE,24780,3512,VIC
node/6926521128,-34.18882,142.162711,NRMA,NRMA,"",,TRUE,24780,3500,VIC
node/12076417655,-35.0711856,142.3201772,NRMA,NRMA,"",,TRUE,24780,3490,VIC
node/11749050171,-34.2098649,142.1405924,Tesla Supercharger,Tesla,yes,4,TRUE,24780,3500,VIC
node/10770496461,-37.2025703,145.0489327,"","","",,TRUE,24850,3658,VIC
node/10770515438,-37.2943539,144.9523451,"","","",,TRUE,24850,3764,VIC
node/12284557087,-37.0280503,145.1428994,Chargefox,Chargefox,"",,TRUE,24850,3660,VIC
node/11430520548,-37.4138766,144.9791857,Evie Networks,Evie Networks,"",2,TRUE,24850,3756,VIC
node/12809394435,-37.3592512,145.0263113,NRMA,NRMA,yes,4,TRUE,24850,3758,VIC
node/11434440056,-37.2863602,144.9474012,Tesla Supercharger,Tesla,yes,6,TRUE,24850,3764,VIC
node/13951277981,-37.4126631,144.9807731,Tesla Supercharger,Tesla,"",6,TRUE,24850,3756,VIC
node/12583369258,-35.9314467,145.6619617,Chargefox,Chargefox,"",,TRUE,24900,3644,VIC
node/10892673392,-36.0098583,146.0031298,Evie Networks,Evie Networks,"",2,TRUE,24900,3730,VIC
node/4776101051,-37.9054453,145.133609,"","","",,FALSE,24970,3168,VIC
node/7818245016,-37.9208333,145.1400183,"","","",,FALSE,24970,3168,VIC
node/10606057530,-37.908123,145.1319018,"","","",2,FALSE,24970,3168,VIC
node/11565614049,-37.902775,145.1633681,"","","",,TRUE,24970,3150,VIC
node/11335132177,-37.900927,145.1436383,AmpCharge,AmpCharge,"",,TRUE,24970,3150,VIC
node/6456735006,-37.9214395,145.1577067,ChargePoint,ChargePoint,"",,FALSE,24970,3170,VIC
node/6456735596,-37.8748303,145.165502,ChargePoint,ChargePoint,"",,FALSE,24970,3150,VIC
node/8858740996,-37.9365224,145.1907152,Chargefox,Chargefox,"",22,FALSE,24970,3170,VIC
node/10747234585,-37.8755074,145.1645031,Engie The Glen,Engie,"",,TRUE,24970,3150,VIC
node/11118158089,-37.9103331,145.0860961,Evie Networks,Evie Networks,"",,TRUE,24970,3167,VIC
node/12751624243,-37.8824926,145.1641155,Exploren,Exploren,"",1,FALSE,24970,3150,VIC
node/12751641414,-37.8747844,145.1269631,Exploren,Exploren,"",,FALSE,24970,3149,VIC
node/13719858343,-37.9011892,145.0899041,Exploren,Exploren,"",2,TRUE,24970,3166,VIC
node/14002243915,-37.8814215,145.162794,Exploren,Exploren,yes,2,FALSE,24970,3150,VIC
node/11578300609,-37.8751244,145.1648273,Jetcharge,Chargefox,"",,FALSE,24970,3150,VIC
node/13199970477,-37.908301,145.1319677,Monash University E-bike / E-scooter Charging Station,Monash University,"",10,FALSE,24970,3168,VIC
node/12427684093,-37.9155781,145.1032662,Tesla Supercharger,"Tesla, Inc.",yes,6,TRUE,24970,3167,VIC
node/12911967581,-37.7643621,144.9219629,AmpCharge,AmpCharge,"",6,TRUE,25060,3039,VIC
node/10007612223,-37.7726106,144.9152589,Evie Networks,Evie Networks,yes,50,TRUE,25060,3032,VIC
node/11384855150,-37.7366668,144.8928132,Evie Networks,Evie Networks,"",,TRUE,25060,3041,VIC
node/13337175293,-37.7858309,144.9382011,Evie Networks,Evie Networks,"",2,TRUE,25060,3031,VIC
node/6967811174,-37.7644055,144.9222192,Tesla Supercharger,Tesla,yes,,TRUE,25060,3039,VIC
node/6839063086,-38.2998125,145.1705033,"",E-Charge,"",,FALSE,25340,3915,VIC
node/10923045686,-38.2207078,145.0612105,"","","",2,FALSE,25340,3931,VIC
node/10923134040,-38.3683136,144.9044702,"","","",,TRUE,25340,3939,VIC
node/11049081033,-38.2730919,145.0409495,"","","",,FALSE,25340,3934,VIC
node/11840233273,-38.2183773,145.0390668,Chargefox,Chargefox,"",,FALSE,25340,3931,VIC
node/13021841377,-38.4622208,144.8927674,Chargefox,Chargefox,"",2,TRUE,25340,3939,VIC
node/9738634914,-38.3385411,144.7370438,Evie Networks,Evie Networks,"",2,TRUE,25340,3943,VIC
node/10060883781,-38.3082563,145.1918955,Evie Networks,Evie Networks,"",,TRUE,25340,3915,VIC
node/10933923525,-38.4744469,145.0187073,Evie Networks,Evie Networks,"",,TRUE,25340,3929,VIC
node/11158866814,-38.2242104,145.039637,Evie Networks,Evie Networks,"",50,FALSE,25340,3931,VIC
node/12098106390,-38.3335119,144.9659824,Evie Networks,Evie Networks,"",4,TRUE,25340,3936,VIC
node/8962371069,-38.3709259,144.8209256,Tesla Destination Charger,Tesla,"",2,FALSE,25340,3941,VIC
node/9217134714,-38.2344038,145.05112,Tesla Supercharger,Tesla,yes,6,TRUE,25340,3931,VIC
node/10770078050,-38.371497,144.8276459,bp pulse,bp pulse,"",2,TRUE,25340,3941,VIC
node/8645337003,-36.9986334,144.2609028,Charging the Regions,Central Victorian Greenhouse Alliance,"",,TRUE,25430,3453,VIC
node/9058291617,-37.0667926,144.217816,Charging the Regions,Central Victorian Greenhouse Alliance,"",2,TRUE,25430,3450,VIC
node/12975706528,-37.0678713,144.2219235,Exploren,Exploren,"",3,FALSE,25430,3450,VIC
node/13135963162,-38.3881037,142.2328201,"","","",,FALSE,25490,3284,VIC
node/11363483511,-38.3837032,142.2386167,Evie Networks,Evie Networks,"",2,FALSE,25490,3284,VIC
node/12204828994,-37.5301348,145.3407412,"","","",,FALSE,25620,3763,VIC
node/12204831925,-37.5314941,145.3395526,"","","",,FALSE,25620,3763,VIC
node/13208299158,-37.1007144,145.6168073,"","","",,FALSE,25620,3719,VIC
way/1437082622,-37.1008052,145.6169088,"","","",,FALSE,25620,3719,VIC
node/11049292149,-37.1919518,145.7111581,Evie Networks,Evie Networks,permissive,2,TRUE,25620,3714,VIC
node/8597596498,-37.2100102,145.4261508,Tesla Supercharger,Tesla,yes,4,TRUE,25620,3717,VIC
way/1429895170,-37.7147784,145.1505148,Evie Networks,Evie Networks,yes,4,TRUE,25710,3095,VIC
node/10100811799,-37.6802607,145.1233653,bp pulse,bp pulse,"",,TRUE,25710,3089,VIC
node/10938919622,-37.7039707,145.1603959,bp pulse,bp pulse,"",,FALSE,25710,3095,VIC
node/11367720683,-37.0568641,142.7810413,Evie Networks,Evie Networks,"",2,TRUE,25810,3380,VIC
node/11957170644,-36.6152189,143.2584564,Evie Networks,Evie Networks,"",,TRUE,25810,3478,VIC
node/12041064795,-37.1293905,142.5238179,NRMA Parks and Resorts,NRMA Parks and Resorts,yes,2,FALSE,25810,3381,VIC
node/11395749542,-37.0546149,142.7814416,Tesla Supercharger,Tesla,yes,12,TRUE,25810,3380,VIC
node/6775895585,-37.8319526,144.9607646,"","","",,FALSE,25900,3205,VIC
node/12508316374,-37.8308679,144.9299454,Chargefox,Chargefox,"",,TRUE,25900,3207,VIC
node/14072125996,-37.8348956,144.9621073,Evie Networks,Evie Networks,"",4,TRUE,25900,3205,VIC
node/11219920873,-37.8683054,144.9807906,Tesla Supercharger,Tesla,yes,,TRUE,25900,3182,VIC
node/12076430482,-37.831803,144.9610974,Tesla Supercharger,Tesla,yes,,FALSE,25900,3205,VIC
node/10977915310,-37.428802,143.3830103,Evie Networks,Evie Networks,"",4,TRUE,25990,3373,VIC
node/11228098627,-37.0899146,143.4745278,Evie Networks,Evie Networks,"",,TRUE,25990,3467,VIC
node/10923455696,-37.1827429,143.3995223,Exploren,Exploren,"",,TRUE,25990,3468,VIC
node/11049294289,-38.2679563,144.6590581,Evie Networks,Evie Networks,"",4,TRUE,26080,3225,VIC
node/11217247140,-38.4758989,145.9448225,Charging the Regions,Central Victorian Greenhouse Alliance,"",,TRUE,26170,3953,VIC
node/11217250326,-38.5773347,146.0128144,Charging the Regions,Central Victorian Greenhouse Alliance,"",,TRUE,26170,3956,VIC
node/11217255913,-38.4327834,145.8256,Charging the Regions,Central Victorian Greenhouse Alliance,"",2,TRUE,26170,3950,VIC
node/11376091854,-38.6942826,146.082548,Charging the Regions,Central Victorian Greenhouse Alliance,"",,TRUE,26170,3959,VIC
node/11376098457,-38.6532191,146.2008759,Charging the Regions,Central Victorian Greenhouse Alliance,"",,TRUE,26170,3960,VIC
node/11504837499,-38.8112214,146.2049592,Charging the Regions,Central Victorian Greenhouse Alliance,"",,TRUE,26170,3960,VIC
node/11504841063,-38.4004937,146.1548714,Charging the Regions,Central Victorian Greenhouse Alliance,"",,TRUE,26170,3871,VIC
node/11395449317,-38.4779021,145.9436282,Evie Networks,Evie Networks,"",,TRUE,26170,3953,VIC
node/11413716984,-38.4345088,145.8255061,Evie Networks,Evie Networks,"",2,TRUE,26170,3950,VIC
node/10923549956,-37.7404408,142.0245584,Evie Networks,Evie Networks,"",2,TRUE,26260,3300,VIC
node/10925614342,-37.6495903,142.342789,Evie Networks,Evie Networks,"",2,TRUE,26260,3294,VIC
node/11055831302,-37.8555678,145.0296259,Chargefox,Chargefox,"",,TRUE,26350,3144,VIC
node/12012093903,-37.8761058,145.0436862,Chargefox,Chargefox,"",12,TRUE,26350,3145,VIC
node/12330039656,-37.8819256,145.0802156,Chargefox,Chargefox,"",,FALSE,26350,3145,VIC
node/11918771587,-37.8842255,145.082897,Engie,Chargefox,"",,TRUE,26350,3145,VIC
node/11918796109,-37.8877585,145.085418,Engie,Chargefox,"",4,TRUE,26350,3145,VIC
node/10184521127,-37.8631061,145.0268501,Evie Networks,Evie Networks,"",,TRUE,26350,3143,VIC
node/11963644089,-37.8561354,144.9931675,Evie Networks,Evie Networks,"",,TRUE,26350,3181,VIC
node/13120595472,-37.8745593,145.0397694,Jolt,Jolt,"",1,TRUE,26350,3145,VIC
node/4332286415,-37.8872284,145.0824905,Tesla Destination Charger,Tesla,"",4,TRUE,26350,3145,VIC
node/4356704673,-37.8321721,144.9957089,Tesla Supercharger,Tesla,"",4,TRUE,26350,3121,VIC
node/11433579681,-37.8452917,145.0419354,Tesla Supercharger,Tesla,"",12,TRUE,26350,3123,VIC
node/11433584698,-37.8391816,144.99606,Tesla Supercharger,Tesla,"",,FALSE,26350,3141,VIC
node/7612243561,-36.907512,145.2399179,Evie Networks,Evie Networks,"",4,TRUE,26430,3664,VIC
node/10925645681,-36.784243,145.154243,Evie Networks,Evie Networks,"",2,TRUE,26430,3608,VIC
node/6012351152,-36.743036,145.5909893,RACV,Chargefox,"",4,TRUE,26430,3666,VIC
node/4027662399,-36.7527958,145.5734088,Tesla Supercharger,Tesla,yes,6,TRUE,26430,3666,VIC
node/12027247963,-38.245915,143.9831636,AmpCharge,AmpCharge,"",,FALSE,26490,3241,VIC
node/6585408270,-38.3401694,144.3113609,Chargefox,Chargefox,"",,TRUE,26490,3228,VIC
node/7987569797,-38.5366421,143.9742629,Chargefox,Chargefox,yes,2,TRUE,26490,3232,VIC
node/14005851360,-38.2403669,143.9911388,Chargefox,Chargefox,"",2,FALSE,26490,3241,VIC
node/11350711593,-38.3312269,144.3249846,Evie Networks,Evie Networks,"",,TRUE,26490,3228,VIC
node/13437473359,-38.323487,144.3177346,Origin 360,Origin 360,"",12,TRUE,26490,3228,VIC
node/9092859485,-34.5848436,142.7746538,Charging the Regions,Central Victorian Greenhouse Alliance,"",,TRUE,26610,3549,VIC
node/9092865942,-35.3409423,143.5617026,Charging the Regions,Central Victorian Greenhouse Alliance,"",2,TRUE,26610,3585,VIC
node/11367761844,-36.1956744,147.9063048,Corryong Fast Charger,Evie Networks,yes,,TRUE,26670,3707,VIC
node/13168591366,-36.4437585,146.3826417,"","","",,TRUE,26700,3678,VIC
node/10744341618,-36.354976,146.3224917,Chademo;CCS,Evie Networks,yes,2,TRUE,26700,3677,VIC
node/11280883851,-36.3530438,146.3265843,Tesla Supercharger,Tesla,yes,4,TRUE,26700,3677,VIC
node/10744208052,-36.4400211,146.2497942,bp pulse,bp pulse,"",4,TRUE,26700,3678,VIC
node/10778712392,-36.4384716,146.2481059,bp pulse,bp pulse,"",4,TRUE,26700,3678,VIC
node/11334781754,-38.3890481,142.4848481,Chargefox,Chargefox,"",2,TRUE,26730,3280,VIC
node/9291799180,-38.381323,142.5192858,Tesla Supercharger,Tesla,yes,8,TRUE,26730,3280,VIC
node/12771464241,-37.98032,146.786884,Chargefox,Chargefox,"",2,TRUE,26810,3858,VIC
node/12984611567,-37.9649413,147.0796646,Chargefox,Chargefox,"",2,TRUE,26810,3862,VIC
node/13229732681,-38.101844,147.0656153,Chargefox Charging Station,Chargefox,yes,,FALSE,26810,3850,VIC
node/8573118340,-38.1121039,147.063117,Charging the Regions,Central Victorian Greenhouse Alliance,"",,TRUE,26810,3850,VIC
node/9880056998,-38.5644471,146.6747212,Charging the Regions,Central Victorian Greenhouse Alliance,"",,TRUE,26810,3971,VIC
node/13227235907,-38.1122246,147.0633645,Evie Charging Station,Evie Networks,yes,,FALSE,26810,3850,VIC
node/10925657911,-37.9673797,146.9750191,Evie Networks,Evie Networks,yes,1,TRUE,26810,3860,VIC
node/13208610146,-38.1097244,147.0676735,Tesla Destination Charger,Tesla,yes,2,FALSE,26810,3850,VIC
node/14161497954,-38.1104395,147.0678,Tesla Destination Charger,Tesla,"",,FALSE,26810,3850,VIC
node/10182377477,-37.0366955,141.2965659,Charging the Regions,Central Victorian Greenhouse Alliance,"",,TRUE,26890,3318,VIC
node/10184551929,-36.3777087,141.2383789,Evie Networks,Evie Networks,"",,TRUE,26890,3419,VIC
node/13377204329,-36.3772627,141.2369203,Tesla Supercharger,Tesla,yes,10,TRUE,26890,3419,VIC
node/13095440712,-37.8238761,145.1668002,"","","",,FALSE,26980,3131,VIC
node/11455171314,-37.8193923,145.120603,Engie,Exploren,"",4,TRUE,26980,3128,VIC
node/14029832296,-37.8350622,145.1642663,Evie Networks,Evie Networks,"",4,TRUE,26980,3131,VIC
node/12911706578,-37.8361191,145.1329109,Exploren,Exploren,"",2,TRUE,26980,3128,VIC
node/10271676341,-37.8377449,145.1347209,Tesla Supercharger,Tesla,yes,12,TRUE,26980,3128,VIC
node/11957148095,-37.6600467,145.0729626,AmpCharge,AmpCharge,"",,TRUE,27070,3082,VIC
node/8195721669,-37.6784969,145.0730497,Evie Networks,Evie Networks,"",,FALSE,27070,3083,VIC
node/10956385611,-37.5105817,145.1183979,Evie Networks,Evie Networks,yes,1,TRUE,27070,3757,VIC
node/12854389700,-37.6736757,145.0157743,Evie Networks,Evie Networks,"",4,TRUE,27070,3075,VIC
node/13099797887,-37.6812092,145.0701823,Exploren,Exploren,"",3,TRUE,27070,3083,VIC
node/12335937418,-37.6480825,144.9941732,bp pulse,bp pulse,"",,FALSE,27070,3076,VIC
node/6217636780,-36.0739678,146.7267687,Chargefox,Chargefox,yes,8,TRUE,27170,3691,VIC
node/11365333103,-36.1216586,146.8865974,Evie Networks,Evie Networks,"",,TRUE,27170,3690,VIC
node/4027663540,-36.1237775,146.8900517,Tesla Supercharger,Tesla,yes,6,TRUE,27170,3690,VIC
node/10744604228,-37.8252377,144.6830044,"","","",,TRUE,27260,3029,VIC
node/12212965861,-37.8997618,144.6650595,AmpCharge,AmpCharge,"",2,TRUE,27260,3030,VIC
node/13321564109,-37.8959075,144.5998963,AmpCharge,AmpCharge,"",6,TRUE,27260,3024,VIC
node/13966435678,-37.8831696,144.7369991,AmpCharge,AmpCharge,"",8,TRUE,27260,3030,VIC
node/11140229945,-37.8965087,144.6711485,Chargefox,Chargefox,yes,4,TRUE,27260,3030,VIC
node/11976844222,-37.8291883,144.7229835,Chargefox,Chargefox,"",,TRUE,27260,3029,VIC
node/12035129545,-37.9098986,144.6138686,Chargefox,Chargefox,"",,TRUE,27260,3030,VIC
node/12757254073,-37.8189304,144.7204136,Chargefox,Chargefox,"",4,TRUE,27260,3029,VIC
node/13082819615,-37.8961697,144.7474312,Chargefox,Chargefox,"",2,FALSE,27260,3030,VIC
node/11840528797,-37.8343178,144.6988225,EVLink,EVlink,"",2,FALSE,27260,3029,VIC
node/13594177652,-37.7889309,144.9934729,"","","",2,TRUE,27350,3068,VIC
node/12324871668,-37.8123725,145.0114051,Chargefox,Chargefox,customers,4,FALSE,27350,3121,VIC
node/12507943794,-37.827493,144.9909014,Chargefox,Chargefox,"",,TRUE,27350,3121,VIC
node/14017533661,-37.7977051,144.9977299,EVX Polecharger,RACV;City of Yarra,yes,2,FALSE,27350,3067,VIC
way/1258973419,-37.8036343,144.9937155,EVlink,EVlink,unknown,,FALSE,27350,3067,VIC
node/10744578942,-37.8126532,145.0102415,Engie Victoria Gardens,"","",4,TRUE,27350,3121,VIC
node/9426555291,-37.8043969,144.9933258,Evie Networks,Evie Networks,"",,FALSE,27350,3067,VIC
node/12154622373,-37.7834301,144.9833874,Evie Networks,Evie Networks,"",,TRUE,27350,3068,VIC
node/12507942094,-37.8253425,144.998531,Evie Networks,Evie Networks,"",,TRUE,27350,3121,VIC
node/13251230835,-37.7833956,144.9833928,Evie Networks,Evie Networks,"",,FALSE,27350,3068,VIC
node/13900142319,-37.7835386,145.0266721,Evie Networks,Evie Networks,"",2,TRUE,27350,3078,VIC
node/10744581205,-37.8128161,145.0104534,IKEA,IKEA,"",4,FALSE,27350,3121,VIC
node/12926719590,-37.8091781,144.9957217,Tesla Supercharger,Tesla,yes,8,TRUE,27350,3067,VIC
node/4776130324,-37.6507196,145.5029836,"","","",,FALSE,27450,3777,VIC
node/11049290237,-37.656863,145.3737771,Chargefox,Chargefox,"",2,TRUE,27450,3775,VIC
node/11413950126,-37.9101188,145.3542395,Chargefox,Chargefox,"",6,FALSE,27450,3160,VIC
node/11049270181,-37.6538335,145.5140998,Evie Networks,Evie Networks,"",2,TRUE,27450,3777,VIC
node/11050379972,-37.9082794,145.3534525,Evie Networks,Evie Networks,"",,TRUE,27450,3160,VIC
node/11413941452,-37.7808512,145.6132606,Evie Networks,Evie Networks,"",,TRUE,27450,3797,VIC
node/12212905787,-37.7611088,145.312117,Evie Networks,Evie Networks,"",,TRUE,27450,3116,VIC
node/11021093600,-36.2506357,142.394036,Evie Networks,Evie Networks,"",2,TRUE,27630,3393,VIC
node/11957604247,-35.7270422,142.3641076,Evie Networks,Evie Networks,"",,TRUE,27630,3396,VIC
node/11792059229,-35.0279576,117.8806315,Tesla Supercharger,Tesla,"",6,FALSE,50080,,WA
node/11792059230,-35.028186,117.8807495,WA EV Network - Albany,Chargefox,"",4,FALSE,50080,,WA
node/13142443934,-22.542662,115.5011914,Chargefox,Chargefox,"",3,TRUE,50250,,WA
node/14154030409,-33.9536226,115.0710562,Chargefox,Chargefox,"",,FALSE,50280,,WA
node/14154030410,-33.9536203,115.0708483,Chargefox,Chargefox,"",,FALSE,50280,,WA
node/13968243859,-34.3150664,115.158794,Chargefox Augusta,Chargefox,"",,TRUE,50280,,WA
node/9533110008,-33.9511802,115.076035,Tesla Supercharger,Tesla,yes,3,TRUE,50280,,WA
way/1420655078,-31.923577,115.9202698,"","","",,FALSE,50420,,WA
node/9000002017,-32.8021172,116.4755665,"","","",,FALSE,50630,,WA
node/12642196128,-32.3674364,117.0095632,WA EV Network - Brookton,Chargefox,yes,3,TRUE,50910,,WA
node/11119093383,-17.9535876,122.2412521,Chargefox,Chargefox,"",,FALSE,50980,,WA
node/13142395923,-17.9702425,122.2355766,Chargefox,Chargefox,"",3,TRUE,50980,,WA
node/13142404696,-18.7211911,121.8788285,Chargefox,Chargefox,"",3,TRUE,50980,,WA
node/13142406300,-19.7696918,121.092469,Chargefox,Chargefox,"",3,TRUE,50980,,WA
way/1422433413,-17.9518681,122.2436589,Horizon Power,Horizon Power,"",1,FALSE,50980,,WA
node/10301768369,-31.8778574,118.1491738,"","","",,FALSE,51120,,WA
node/13688544703,-33.6499908,115.3418215,Tesla Supercharger Busselton,Tesla,yes,6,TRUE,51260,,WA
node/12836488814,-31.9404757,115.8375667,"","","",1,FALSE,51310,,WA
node/12896018175,-32.0766161,115.8966817,"","","",,FALSE,51330,,WA
node/12896030107,-32.0766339,115.8967043,"","","",2,FALSE,51330,,WA
node/12896033963,-32.0765929,115.8966521,"","","",,FALSE,51330,,WA
node/12896071180,-32.0765262,115.8965671,"","","",2,FALSE,51330,,WA
node/12896071181,-32.0765065,115.896542,"","","",2,FALSE,51330,,WA
node/12718341938,-32.0386831,115.9076468,Evie,Evie Networks,customers,2,FALSE,51330,,WA
node/12718341939,-32.0386772,115.9077819,Evie,Evie Networks,customers,2,FALSE,51330,,WA
node/10925453549,-32.0396948,115.904494,Tesla Destination Charger,Tesla,customers,2,FALSE,51330,,WA
node/13146418391,-24.8838462,113.6559795,Chargefox,Chargefox,"",2,TRUE,51540,,WA
node/14173132315,-32.0910791,115.8700226,"","",customers,2,FALSE,51820,,WA
node/14173132316,-32.0910688,115.8699451,"","",customers,2,FALSE,51820,,WA
node/13688552801,-32.103058,115.7626496,Tesla Supercharger,Tesla,yes,,FALSE,51820,,WA
node/9097290660,-33.3588321,116.1528353,Chargefox,Chargefox,"",,FALSE,51890,,WA
node/13142364676,-30.9543717,121.161144,Chargefox,Chargefox,"",3,TRUE,51960,,WA
node/13784090560,-27.4274185,117.8935099,Chargefox,Chargefox,"",2,TRUE,52380,,WA
node/13784117494,-30.276325,116.6620249,Chargefox,Chargefox,"",2,TRUE,52520,,WA
node/13146418392,-30.3029857,115.0416448,Chargefox,Chargefox,"",2,TRUE,52590,,WA
node/9273513113,-33.3196098,115.717695,Tesla Supercharger,"Tesla, Inc.",yes,6,TRUE,52660,,WA
node/14161909890,-34.9584916,117.3544187,"","","",,FALSE,52730,,WA
node/11445377809,-34.9603265,117.3567421,Ocular,Ocular,"",2,FALSE,52730,,WA
node/13146438247,-18.1968686,125.5676365,Chargefox,Chargefox,"",3,TRUE,52800,,WA
node/13146438900,-17.3052772,123.6307139,Chargefox,Chargefox,"",3,TRUE,52800,,WA
node/6485877929,-33.5747389,115.8244911,RAC,RAC,"",3,FALSE,52870,,WA
node/9426539670,-32.2708858,125.4880558,"","","",2,TRUE,53080,,WA
node/11413873598,-32.195829,121.7806754,Chargefox,Chargefox,"",,TRUE,53080,,WA
node/13142336268,-32.3538662,123.6194716,Chargefox,Chargefox,"",3,TRUE,53080,,WA
node/13142368215,-31.8174029,128.2260977,Chargefox,Chargefox,"",3,TRUE,53080,,WA
node/13142372939,-31.8996706,127.0200971,Chargefox,Chargefox,"",1,TRUE,53080,,WA
node/11806155972,-32.041319,115.763156,EVlink,EVlink,"",,FALSE,53150,,WA
node/13142404451,-20.0536558,119.8281511,Chargefox,Chargefox,"",3,TRUE,53220,,WA
node/13142390829,-33.8599232,121.893525,Chargefox,Chargefox,"",4,TRUE,53290,,WA
node/12214155601,-21.9360134,114.1302669,"","","",2,FALSE,53360,,WA
node/12214155602,-21.9372101,114.1305503,"","","",,FALSE,53360,,WA
node/9682737335,-32.0584849,115.7469427,"","","",4,FALSE,53430,,WA
node/9682737336,-32.0575795,115.7461221,Tesla Destination Charger,Tesla,"",2,FALSE,53430,,WA
node/9682737337,-32.0573845,115.7472283,Tesla Destination Charger,Tesla,"",,FALSE,53430,,WA
node/13688429402,-31.0204395,115.33253,"","",yes,,FALSE,53570,,WA
way/1214014293,-32.0236452,115.9667668,"","",customers,1,FALSE,53780,,WA
way/1214014320,-32.0236249,115.9667778,"","",customers,1,FALSE,53780,,WA
way/1308846528,-32.0797018,115.9878082,"","","",,FALSE,53780,,WA
way/1328808555,-32.0550915,115.9635192,"","","",,FALSE,53780,,WA
node/13146407844,-28.776349,114.6037409,Chargefox,Chargefox,"",4,TRUE,53800,,WA
node/12531256692,-18.2247891,127.6676745,Chargefox,Chargefox,"",3,TRUE,53920,,WA
node/13146443808,-17.0166243,128.2173751,Chargefox,Chargefox,"",3,TRUE,53920,,WA
node/12782254501,-18.7490489,126.1136477,EV Fast Charger,Chargefox,"",3,TRUE,53920,,WA
node/9682654068,-33.0792151,115.8968022,Chargefox,Chargefox,"",2,TRUE,53990,,WA
node/6970324927,-34.3984322,119.3819872,Tesla,Tesla,yes,2,FALSE,54130,,WA
node/13969122617,-33.9395883,118.9202106,WA EV Network - Jerramungup,Chargefox,"",,TRUE,54130,,WA
node/9277136376,-31.7454229,115.7656665,"","",yes,2,FALSE,54170,,WA
way/1453281818,-31.7377954,115.7632724,Autel,Chargefox,customers,4,FALSE,54170,,WA
node/9277136375,-31.7426,115.7671672,Lakeside Joondalup Cinemas,Lakeside Joondalup Cinemas,yes,2,FALSE,54170,,WA
node/13142387458,-30.7500677,121.4749699,Chargefox,Chargefox,"",3,TRUE,54280,,WA
node/13142408661,-20.6748829,117.1430716,"","","",,TRUE,54310,,WA
node/13142432264,-20.8383707,117.8340915,Chargefox,Chargefox,"",3,TRUE,54310,,WA
node/13142432758,-21.2955498,116.1377925,Chargefox,Chargefox,"",3,TRUE,54310,,WA
node/13142438319,-20.7353979,116.8477774,Chargefox,Chargefox,"",3,TRUE,54310,,WA
node/9576559983,-33.691452,117.5557427,Veefil,Veefil,"",,FALSE,54340,,WA
node/12642236351,-33.8372821,117.1577393,Tesla Supercharger,"Tesla, Inc.",yes,4,TRUE,54550,,WA
node/12642239407,-33.8372665,117.1577433,WA EV Network - Kojonup,Chargefox,yes,3,TRUE,54550,,WA
node/14098478942,-32.4495013,118.8657483,WA EV Network - Hyden,Chargefox,"",,TRUE,54620,,WA
node/7935846174,-33.1006924,118.4624195,"","","",,FALSE,54900,,WA
node/10967531522,-32.5305019,115.7205327,"","","",,FALSE,55110,,WA
node/9413056471,-32.5276992,115.7212028,RAC,RAC,yes,2,FALSE,55110,,WA
node/13722880267,-34.4205253,115.8511367,"","",yes,2,FALSE,55180,,WA
node/13895542929,-34.2409492,116.1473256,Chargefox,Chargefox,"",3,TRUE,55180,,WA
node/14159425867,-34.9756922,116.7316816,Chargefox,Chargefox,"",2,FALSE,55180,,WA
node/13895542928,-34.2398137,116.1481032,NRMA Electric,NRMA,"",4,TRUE,55180,,WA
node/10600868218,-34.4440118,116.0358916,RAC,RAC,"",3,FALSE,55180,,WA
node/13784140565,-26.1286056,118.6855763,Chargefox,Chargefox,"",2,TRUE,55250,,WA
node/12848118528,-32.0321599,115.8324714,ChargeHub,ChargeHub,"",2,FALSE,55320,,WA
node/3203111051,-32.0346555,115.8348552,ChargePoint,ChargePoint,"",,FALSE,55320,,WA
node/12484399857,-31.4806228,118.2732337,Chargefox,Chargefox,yes,1,FALSE,55460,,WA
node/11343836754,-31.4824333,118.2782104,WA EV Network—Merredin,Chargefox,yes,3,FALSE,55460,,WA
node/9607930796,-32.522369,115.9703353,"","","",1,FALSE,56230,,WA
node/8173029604,-33.9791934,115.7649217,CasaCharge,CasaCharge,"",0,TRUE,56300,,WA
node/13900726164,-33.9794271,115.7647404,WeVolt,WeVolt,"",2,FALSE,56300,,WA
node/13146441279,-28.3516667,114.6309885,Chargefox,Chargefox,"",2,TRUE,56790,,WA
node/9247816817,-31.977504,115.8164108,"","","",2,FALSE,57080,,WA
node/13157601721,-31.9788151,115.8193386,"","","",,FALSE,57080,,WA
node/8443926799,-31.9480278,115.8489479,Chargefox,Chargefox,"",,FALSE,57080,,WA
node/12162894162,-31.9475775,115.8489962,RAC - West Perth,Chargefox,yes,4,TRUE,57080,,WA
node/13688544702,-31.9534021,115.8391409,Tesla,Tesla,yes,,FALSE,57080,,WA
node/12260957924,-31.9666463,115.8223123,WA EV Network - Kings Park,Chargefox,yes,3,TRUE,57080,,WA
node/13142420321,-20.3091123,118.5905392,Chargefox,Chargefox,"",3,TRUE,57280,,WA
node/9563743390,-33.5806861,120.0458133,WA EV Network - Ravensthorpe,Chargefox,"",,TRUE,57420,,WA
node/10147383653,-31.8763974,115.7977393,"","",customers,,FALSE,57910,,WA
node/9273513112,-31.8771547,115.7766534,Tesla Supercharger,Tesla,yes,6,TRUE,57910,,WA
node/10723068483,-31.9427278,115.8213346,Synergy,Synergy,"",2,FALSE,57980,,WA
node/11800735919,-32.0077385,115.8931772,Tritium,Tritium,"",2,TRUE,58510,,WA
node/13288466097,-31.9808061,115.9109239,Wevolt,Wevolt,yes,,FALSE,58510,,WA
node/13288466098,-31.9807981,115.9109424,Wevolt,Wevolt,"",,FALSE,58510,,WA
node/1638722815,-31.9362523,115.8715309,"","","",,FALSE,58570,,WA
node/13699193279,-31.9483521,115.8694373,AmpCharge,AmpCharge,yes,,FALSE,58570,,WA
node/12124075972,-31.9361435,115.8494697,Wevolt,Wevolt,"",2,FALSE,58570,,WA
node/9021517768,-33.0246993,116.8788933,Tesla Supercharger,"Tesla, Inc.",yes,3,TRUE,59170,,WA
node/12642203672,-33.029684,116.878161,WA EV Network - Williams,Chargefox,yes,3,TRUE,59170,,WA
node/11726440600,-15.7790416,128.7404505,Chargefox,Chargefox,"",3,TRUE,59340,,WA
node/13784028856,-29.2627357,117.6855418,Chargefox,Chargefox,"",2,TRUE,59350,,WA
node/13142309300,-31.2335895,119.3286211,Chargefox,Chargefox,"",3,TRUE,59360,,WA
