state,lga_name,month,bev_exact,bev_supp,phev_exact,phev_supp,other_exact,other_supp
NSW,Albury,2023-01,0,3,0,0,0,106
NSW,Albury,2023-02,0,5,0,0,0,91
NSW,Albury,2023-03,0,0,0,0,0,10
NSW,Albury,2023-04,0,0,0,0,0,26
NSW,Albury,2023-05,0,4,0,0,0,103
NSW,Albury,2023-06,0,1,0,1,0,135
NSW,Albury,2023-07,0,4,0,1,0,105
NSW,Albury,2023-08,0,1,0,1,0,151
NSW,Albury,2023-09,0,5,0,2,0,117
NSW,Albury,2023-10,0,3,0,2,0,137
NSW,Albury,2023-11,0,5,0,0,0,130
NSW,Albury,2023-12,0,3,0,2,0,83
NSW,Albury,2024-01,0,2,0,0,0,105
NSW,Albury,2024-02,0,1,0,0,0,15
NSW,Albury,2024-03,0,1,0,1,0,21
NSW,Albury,2024-04,0,3,0,0,0,88
NSW,Albury,2024-05,0,5,0,0,0,73
NSW,Albury,2024-06,0,2,0,2,0,116
NSW,Albury,2024-07,0,8,0,2,0,108
NSW,Albury,2024-08,0,6,0,2,0,100
NSW,Albury,2024-09,0,0,0,0,0,96
NSW,Albury,2024-10,0,5,0,4,0,104
NSW,Albury,2024-11,0,0,0,2,0,91
NSW,Albury,2024-12,0,4,0,1,0,86
NSW,Albury,2025-01,0,1,0,1,0,96
NSW,Albury,2025-02,0,6,0,3,0,89
NSW,Albury,2025-03,0,4,0,5,0,126
NSW,Albury,2025-04,0,4,0,2,0,82
NSW,Albury,2025-05,0,5,0,2,0,97
NSW,Albury,2025-06,0,3,0,1,0,122
NSW,Albury,2025-07,0,5,0,2,0,140
NSW,Albury,2025-08,0,5,0,3,0,110
NSW,Albury,2025-09,0,8,0,3,0,111
NSW,Albury,2025-10,0,2,0,2,0,108
NSW,Albury,2025-11,0,4,0,0,0,116
NSW,Albury,2025-12,0,4,0,6,0,87
NSW,Albury,2026-01,0,6,0,7,0,98
NSW,Albury,2026-02,0,6,0,6,0,100
NSW,Albury,2026-03,0,15,0,4,0,115
NSW,Albury,2026-04,0,9,0,7,0,96
NSW,Albury,2026-05,0,29,0,8,0,97
NSW,Albury,2026-06,0,25,0,10,0,109
NSW,Albury,2026-07,0,15,0,11,0,86
NSW,Albury,2026-08,0,23,0,11,0,84
NSW,Armidale Regional,2023-01,0,1,0,0,0,51
NSW,Armidale Regional,2023-02,0,2,0,1,0,39
NSW,Armidale Regional,2023-03,0,0,0,0,0,8
NSW,Armidale Regional,2023-04,0,0,0,1,0,11
NSW,Armidale Regional,2023-05,0,2,0,1,0,56
NSW,Armidale Regional,2023-06,0,0,0,0,0,51
NSW,Armidale Regional,2023-07,0,1,0,1,0,57
NSW,Armidale Regional,2023-08,0,2,0,0,0,51
NSW,Armidale Regional,2023-09,0,0,0,0,0,59
NSW,Armidale Regional,2023-10,0,1,0,0,0,61
NSW,Armidale Regional,2023-11,0,2,0,1,0,43
NSW,Armidale Regional,2023-12,0,2,0,0,0,58
NSW,Armidale Regional,2024-01,0,2,0,0,0,48
NSW,Armidale Regional,2024-02,0,0,0,0,0,9
NSW,Armidale Regional,2024-03,0,0,0,1,0,12
NSW,Armidale Regional,2024-04,0,1,0,0,0,47
NSW,Armidale Regional,2024-05,0,0,0,1,0,41
NSW,Armidale Regional,2024-06,0,5,0,0,0,36
NSW,Armidale Regional,2024-07,0,2,0,2,0,47
NSW,Armidale Regional,2024-08,0,3,0,1,0,57
NSW,Armidale Regional,2024-09,0,3,0,2,0,64
NSW,Armidale Regional,2024-10,0,2,0,1,0,49
NSW,Armidale Regional,2024-11,0,1,0,1,0,57
NSW,Armidale Regional,2024-12,0,2,0,0,0,50
NSW,Armidale Regional,2025-01,0,1,0,1,0,56
NSW,Armidale Regional,2025-02,0,4,0,3,0,52
NSW,Armidale Regional,2025-03,0,1,0,1,0,61
NSW,Armidale Regional,2025-04,0,2,0,0,0,50
NSW,Armidale Regional,2025-05,0,0,0,2,0,52
NSW,Armidale Regional,2025-06,0,2,0,0,0,55
NSW,Armidale Regional,2025-07,0,1,0,0,0,54
NSW,Armidale Regional,2025-08,0,1,0,0,0,51
NSW,Armidale Regional,2025-09,0,1,0,1,0,41
NSW,Armidale Regional,2025-10,0,1,0,1,0,50
NSW,Armidale Regional,2025-11,0,3,0,1,0,46
NSW,Armidale Regional,2025-12,0,1,0,1,0,41
NSW,Armidale Regional,2026-01,0,2,0,1,0,43
NSW,Armidale Regional,2026-02,0,1,0,0,0,41
NSW,Armidale Regional,2026-03,0,5,0,3,0,44
NSW,Armidale Regional,2026-04,0,7,0,5,0,37
NSW,Armidale Regional,2026-05,0,10,0,1,0,46
NSW,Armidale Regional,2026-06,0,10,0,1,0,57
NSW,Armidale Regional,2026-07,0,9,0,5,0,46
NSW,Armidale Regional,2026-08,0,11,0,0,0,36
NSW,Ballina,2023-01,0,9,0,0,0,81
NSW,Ballina,2023-02,0,7,0,0,0,69
NSW,Ballina,2023-03,0,0,0,0,0,5
NSW,Ballina,2023-04,0,0,0,0,0,19
NSW,Ballina,2023-05,0,9,0,0,0,96
NSW,Ballina,2023-06,0,6,0,2,0,123
NSW,Ballina,2023-07,0,8,0,0,0,88
NSW,Ballina,2023-08,0,5,0,0,0,101
NSW,Ballina,2023-09,0,4,0,1,0,89
NSW,Ballina,2023-10,0,6,0,0,0,81
NSW,Ballina,2023-11,0,8,0,0,0,111
NSW,Ballina,2023-12,0,5,0,1,0,68
NSW,Ballina,2024-01,0,6,0,0,0,75
NSW,Ballina,2024-02,0,1,0,0,0,10
NSW,Ballina,2024-03,0,1,0,0,0,21
NSW,Ballina,2024-04,0,4,0,2,0,77
NSW,Ballina,2024-05,0,7,0,0,0,68
NSW,Ballina,2024-06,0,9,0,2,0,105
NSW,Ballina,2024-07,0,4,0,2,0,95
NSW,Ballina,2024-08,0,6,0,1,0,79
NSW,Ballina,2024-09,0,6,0,0,0,93
NSW,Ballina,2024-10,0,10,0,0,0,87
NSW,Ballina,2024-11,0,7,0,0,0,73
NSW,Ballina,2024-12,0,4,0,0,0,80
NSW,Ballina,2025-01,0,3,0,3,0,72
NSW,Ballina,2025-02,0,1,0,2,0,92
NSW,Ballina,2025-03,0,5,0,2,0,91
NSW,Ballina,2025-04,0,3,0,2,0,86
NSW,Ballina,2025-05,0,10,0,2,0,88
NSW,Ballina,2025-06,0,14,0,7,0,108
NSW,Ballina,2025-07,0,8,0,3,0,84
NSW,Ballina,2025-08,0,5,0,0,0,87
NSW,Ballina,2025-09,0,8,0,6,0,81
NSW,Ballina,2025-10,0,6,0,3,0,78
NSW,Ballina,2025-11,0,8,0,2,0,91
NSW,Ballina,2025-12,0,9,0,0,0,106
NSW,Ballina,2026-01,0,5,0,1,0,74
NSW,Ballina,2026-02,0,10,0,4,0,75
NSW,Ballina,2026-03,0,17,0,8,0,82
NSW,Ballina,2026-04,0,27,0,5,0,60
NSW,Ballina,2026-05,0,32,0,9,0,71
NSW,Ballina,2026-06,0,35,0,10,0,102
NSW,Ballina,2026-07,0,30,0,12,0,72
NSW,Ballina,2026-08,0,29,0,7,0,60
NSW,Balranald,2023-01,0,0,0,0,0,2
NSW,Balranald,2023-02,0,0,0,0,0,3
NSW,Balranald,2023-04,0,0,0,0,0,1
NSW,Balranald,2023-05,0,0,0,0,0,12
NSW,Balranald,2023-06,0,0,0,0,0,6
NSW,Balranald,2023-07,0,0,0,0,0,6
NSW,Balranald,2023-08,0,0,0,0,0,9
NSW,Balranald,2023-09,0,0,0,0,0,1
NSW,Balranald,2023-10,0,0,0,0,0,2
NSW,Balranald,2023-11,0,0,0,0,0,8
NSW,Balranald,2023-12,0,0,0,0,0,4
NSW,Balranald,2024-01,0,0,0,0,0,3
NSW,Balranald,2024-03,0,0,0,0,0,2
NSW,Balranald,2024-04,0,0,0,0,0,7
NSW,Balranald,2024-05,0,0,0,0,0,3
NSW,Balranald,2024-06,0,0,0,0,0,4
NSW,Balranald,2024-07,0,0,0,0,0,6
NSW,Balranald,2024-08,0,0,0,0,0,4
NSW,Balranald,2024-09,0,0,0,0,0,2
NSW,Balranald,2024-10,0,0,0,0,0,5
NSW,Balranald,2024-11,0,0,0,0,0,5
NSW,Balranald,2024-12,0,0,0,0,0,8
NSW,Balranald,2025-01,0,0,0,0,0,3
NSW,Balranald,2025-02,0,0,0,0,0,1
NSW,Balranald,2025-03,0,0,0,0,0,7
NSW,Balranald,2025-04,0,0,0,0,0,5
NSW,Balranald,2025-05,0,0,0,0,0,3
NSW,Balranald,2025-06,0,0,0,0,0,5
NSW,Balranald,2025-07,0,0,0,0,0,4
NSW,Balranald,2025-08,0,0,0,0,0,6
NSW,Balranald,2025-09,0,0,0,0,0,11
NSW,Balranald,2025-10,0,0,0,0,0,7
NSW,Balranald,2025-11,0,0,0,0,0,7
NSW,Balranald,2025-12,0,0,0,0,0,8
NSW,Balranald,2026-01,0,0,0,0,0,2
NSW,Balranald,2026-02,0,0,0,0,0,4
NSW,Balranald,2026-03,0,0,0,0,0,1
NSW,Balranald,2026-04,0,0,0,0,0,8
NSW,Balranald,2026-05,0,0,0,0,0,6
NSW,Balranald,2026-06,0,0,0,0,0,6
NSW,Balranald,2026-07,0,0,0,0,0,4
NSW,Balranald,2026-08,0,0,0,0,0,3
NSW,Bathurst Regional,2023-01,0,3,0,0,0,110
NSW,Bathurst Regional,2023-02,0,5,0,0,0,80
NSW,Bathurst Regional,2023-03,0,0,0,0,0,15
NSW,Bathurst Regional,2023-04,0,3,0,0,0,46
NSW,Bathurst Regional,2023-05,0,4,0,1,0,93
NSW,Bathurst Regional,2023-06,0,4,0,1,0,127
NSW,Bathurst Regional,2023-07,0,1,0,1,0,103
NSW,Bathurst Regional,2023-08,0,3,0,1,0,140
NSW,Bathurst Regional,2023-09,0,7,0,0,0,127
NSW,Bathurst Regional,2023-10,0,0,0,1,0,111
NSW,Bathurst Regional,2023-11,0,9,0,1,0,103
NSW,Bathurst Regional,2023-12,0,3,0,3,0,105
NSW,Bathurst Regional,2024-01,0,2,0,1,0,111
NSW,Bathurst Regional,2024-02,0,0,0,0,0,6
NSW,Bathurst Regional,2024-03,0,0,0,0,0,16
NSW,Bathurst Regional,2024-04,0,4,0,1,0,90
NSW,Bathurst Regional,2024-05,0,2,0,1,0,112
NSW,Bathurst Regional,2024-06,0,4,0,0,0,116
NSW,Bathurst Regional,2024-07,0,2,0,1,0,107
NSW,Bathurst Regional,2024-08,0,1,0,0,0,114
NSW,Bathurst Regional,2024-09,0,2,0,2,0,120
NSW,Bathurst Regional,2024-10,0,6,0,1,0,103
NSW,Bathurst Regional,2024-11,0,1,0,1,0,107
NSW,Bathurst Regional,2024-12,0,3,0,0,0,103
NSW,Bathurst Regional,2025-01,0,2,0,1,0,82
NSW,Bathurst Regional,2025-02,0,1,0,3,0,99
NSW,Bathurst Regional,2025-03,0,1,0,3,0,102
NSW,Bathurst Regional,2025-04,0,7,0,0,0,106
NSW,Bathurst Regional,2025-05,0,4,0,1,0,142
NSW,Bathurst Regional,2025-06,0,5,0,0,0,117
NSW,Bathurst Regional,2025-07,0,3,0,1,0,97
NSW,Bathurst Regional,2025-08,0,3,0,4,0,113
NSW,Bathurst Regional,2025-09,0,5,0,0,0,94
NSW,Bathurst Regional,2025-10,0,2,0,1,0,104
NSW,Bathurst Regional,2025-11,0,3,0,3,0,97
NSW,Bathurst Regional,2025-12,0,7,0,1,0,104
NSW,Bathurst Regional,2026-01,0,2,0,3,0,95
NSW,Bathurst Regional,2026-02,0,3,0,0,0,96
NSW,Bathurst Regional,2026-03,0,8,0,4,0,87
NSW,Bathurst Regional,2026-04,0,12,0,3,0,95
NSW,Bathurst Regional,2026-05,0,12,0,4,0,119
NSW,Bathurst Regional,2026-06,0,22,0,9,0,110
NSW,Bathurst Regional,2026-07,0,14,0,8,0,99
NSW,Bathurst Regional,2026-08,0,14,0,7,0,80
NSW,Bayside,2023-01,0,20,0,2,0,324
NSW,Bayside,2023-02,0,23,0,1,0,260
NSW,Bayside,2023-03,0,6,0,0,0,34
NSW,Bayside,2023-04,0,7,0,0,0,101
NSW,Bayside,2023-05,0,45,0,1,0,317
NSW,Bayside,2023-06,0,38,0,0,0,401
NSW,Bayside,2023-07,0,32,0,1,0,339
NSW,Bayside,2023-08,0,17,0,7,0,404
NSW,Bayside,2023-09,6,40,0,4,0,401
NSW,Bayside,2023-10,0,32,0,6,0,377
NSW,Bayside,2023-11,0,42,0,5,6,345
NSW,Bayside,2023-12,0,30,0,4,0,238
NSW,Bayside,2024-01,0,34,0,6,0,344
NSW,Bayside,2024-02,0,5,0,0,0,38
NSW,Bayside,2024-03,0,7,0,0,0,74
NSW,Bayside,2024-04,0,24,0,1,0,239
NSW,Bayside,2024-05,0,27,0,2,0,206
NSW,Bayside,2024-06,0,32,0,13,0,352
NSW,Bayside,2024-07,0,28,0,14,0,321
NSW,Bayside,2024-08,0,37,0,14,0,326
NSW,Bayside,2024-09,0,26,0,11,0,333
NSW,Bayside,2024-10,0,25,0,10,0,297
NSW,Bayside,2024-11,0,30,0,17,0,320
NSW,Bayside,2024-12,0,36,0,11,0,276
NSW,Bayside,2025-01,0,13,0,13,0,255
NSW,Bayside,2025-02,0,21,0,13,0,314
NSW,Bayside,2025-03,0,32,0,23,0,295
NSW,Bayside,2025-04,0,20,0,4,0,267
NSW,Bayside,2025-05,0,38,0,12,0,327
NSW,Bayside,2025-06,0,68,0,14,0,357
NSW,Bayside,2025-07,0,28,0,24,0,301
NSW,Bayside,2025-08,0,39,0,10,0,302
NSW,Bayside,2025-09,0,64,0,10,0,270
NSW,Bayside,2025-10,0,29,0,12,0,309
NSW,Bayside,2025-11,0,37,0,10,0,288
NSW,Bayside,2025-12,0,47,0,15,0,292
NSW,Bayside,2026-01,0,28,0,11,0,241
NSW,Bayside,2026-02,0,47,0,18,0,244
NSW,Bayside,2026-03,0,67,0,21,0,276
NSW,Bayside,2026-04,0,55,0,22,0,203
NSW,Bayside,2026-05,0,98,0,19,0,256
NSW,Bayside,2026-06,0,101,0,43,0,329
NSW,Bayside,2026-07,0,88,0,28,0,247
NSW,Bayside,2026-08,0,92,0,31,0,210
NSW,Bega Valley,2023-01,0,5,0,0,0,62
NSW,Bega Valley,2023-02,0,8,0,0,0,49
NSW,Bega Valley,2023-03,0,0,0,0,0,10
NSW,Bega Valley,2023-04,0,1,0,1,0,14
NSW,Bega Valley,2023-05,0,2,0,1,0,71
NSW,Bega Valley,2023-06,0,5,0,1,0,68
NSW,Bega Valley,2023-07,0,4,0,0,0,70
NSW,Bega Valley,2023-08,0,3,0,1,0,73
NSW,Bega Valley,2023-09,0,3,0,1,0,96
NSW,Bega Valley,2023-10,0,2,0,1,0,81
NSW,Bega Valley,2023-11,0,3,0,3,0,86
NSW,Bega Valley,2023-12,0,5,0,0,0,56
NSW,Bega Valley,2024-01,0,3,0,2,0,67
NSW,Bega Valley,2024-02,0,0,0,0,0,9
NSW,Bega Valley,2024-03,0,1,0,0,0,15
NSW,Bega Valley,2024-04,0,3,0,1,0,54
NSW,Bega Valley,2024-05,0,2,0,0,0,45
NSW,Bega Valley,2024-06,0,2,0,1,0,81
NSW,Bega Valley,2024-07,0,1,0,1,0,68
NSW,Bega Valley,2024-08,0,2,0,2,0,90
NSW,Bega Valley,2024-09,0,5,0,0,0,63
NSW,Bega Valley,2024-10,0,3,0,1,0,72
NSW,Bega Valley,2024-11,0,3,0,1,0,48
NSW,Bega Valley,2024-12,0,4,0,0,0,71
NSW,Bega Valley,2025-01,0,1,0,2,0,47
NSW,Bega Valley,2025-02,0,2,0,2,0,73
NSW,Bega Valley,2025-03,0,5,0,5,0,60
NSW,Bega Valley,2025-04,0,2,0,2,0,55
NSW,Bega Valley,2025-05,0,6,0,0,0,77
NSW,Bega Valley,2025-06,0,7,0,1,0,66
NSW,Bega Valley,2025-07,0,2,0,0,0,60
NSW,Bega Valley,2025-08,0,8,0,1,0,48
NSW,Bega Valley,2025-09,0,1,0,1,0,60
NSW,Bega Valley,2025-10,0,3,0,1,0,63
NSW,Bega Valley,2025-11,0,3,0,1,0,67
NSW,Bega Valley,2025-12,0,4,0,0,0,55
NSW,Bega Valley,2026-01,0,2,0,0,0,52
NSW,Bega Valley,2026-02,0,7,0,2,0,73
NSW,Bega Valley,2026-03,0,11,0,2,0,68
NSW,Bega Valley,2026-04,0,14,0,0,0,47
NSW,Bega Valley,2026-05,0,11,0,1,0,61
NSW,Bega Valley,2026-06,0,18,0,3,0,67
NSW,Bega Valley,2026-07,0,13,0,5,0,68
NSW,Bega Valley,2026-08,0,12,0,2,0,49
NSW,Bellingen,2023-01,0,1,0,0,0,19
NSW,Bellingen,2023-02,0,0,0,0,0,17
NSW,Bellingen,2023-03,0,0,0,0,0,1
NSW,Bellingen,2023-04,0,1,0,0,0,3
NSW,Bellingen,2023-05,0,1,0,0,0,13
NSW,Bellingen,2023-06,0,1,0,0,0,38
NSW,Bellingen,2023-07,0,2,0,0,0,22
NSW,Bellingen,2023-08,0,1,0,0,0,23
NSW,Bellingen,2023-09,0,5,0,1,0,23
NSW,Bellingen,2023-10,0,1,0,0,0,15
NSW,Bellingen,2023-11,0,2,0,1,0,36
NSW,Bellingen,2023-12,0,1,0,0,0,12
NSW,Bellingen,2024-01,0,3,0,0,0,22
NSW,Bellingen,2024-02,0,0,0,0,0,2
NSW,Bellingen,2024-03,0,0,0,0,0,7
NSW,Bellingen,2024-04,0,1,0,0,0,16
NSW,Bellingen,2024-05,0,1,0,1,0,22
NSW,Bellingen,2024-06,0,0,0,0,0,29
NSW,Bellingen,2024-07,0,1,0,0,0,21
NSW,Bellingen,2024-08,0,0,0,0,0,18
NSW,Bellingen,2024-09,0,1,0,0,0,23
NSW,Bellingen,2024-10,0,6,0,0,0,23
NSW,Bellingen,2024-11,0,2,0,1,0,28
NSW,Bellingen,2024-12,0,3,0,0,0,23
NSW,Bellingen,2025-01,0,1,0,1,0,19
NSW,Bellingen,2025-02,0,0,0,0,0,23
NSW,Bellingen,2025-03,0,1,0,0,0,25
NSW,Bellingen,2025-04,0,3,0,0,0,20
NSW,Bellingen,2025-05,0,2,0,0,0,23
NSW,Bellingen,2025-06,0,0,0,0,0,28
NSW,Bellingen,2025-07,0,2,0,0,0,19
NSW,Bellingen,2025-08,0,0,0,0,0,22
NSW,Bellingen,2025-09,0,1,0,0,0,13
NSW,Bellingen,2025-10,0,4,0,0,0,25
NSW,Bellingen,2025-11,0,1,0,1,0,20
NSW,Bellingen,2025-12,0,1,0,0,0,19
NSW,Bellingen,2026-01,0,1,0,0,0,29
NSW,Bellingen,2026-02,0,4,0,0,0,20
NSW,Bellingen,2026-03,0,6,0,3,0,35
NSW,Bellingen,2026-04,0,4,0,3,0,20
NSW,Bellingen,2026-05,0,15,0,1,0,26
NSW,Bellingen,2026-06,0,23,0,3,0,30
NSW,Bellingen,2026-07,0,9,0,2,0,21
NSW,Bellingen,2026-08,0,10,0,4,0,9
NSW,Berrigan,2023-01,0,1,0,0,0,17
NSW,Berrigan,2023-02,0,1,0,0,0,12
NSW,Berrigan,2023-03,0,0,0,0,0,1
NSW,Berrigan,2023-04,0,0,0,0,0,5
NSW,Berrigan,2023-05,0,0,0,0,0,21
NSW,Berrigan,2023-06,0,1,0,0,0,15
NSW,Berrigan,2023-07,0,0,0,1,0,16
NSW,Berrigan,2023-08,0,1,0,0,0,10
NSW,Berrigan,2023-09,0,0,0,0,0,13
NSW,Berrigan,2023-10,0,1,0,0,0,21
NSW,Berrigan,2023-11,0,1,0,0,0,20
NSW,Berrigan,2023-12,0,0,0,0,0,12
NSW,Berrigan,2024-01,0,0,0,0,0,21
NSW,Berrigan,2024-03,0,0,0,0,0,4
NSW,Berrigan,2024-04,0,0,0,0,0,6
NSW,Berrigan,2024-05,0,0,0,0,0,8
NSW,Berrigan,2024-06,0,0,0,0,0,26
NSW,Berrigan,2024-07,0,0,0,0,0,14
NSW,Berrigan,2024-08,0,0,0,0,0,19
NSW,Berrigan,2024-09,0,0,0,0,0,20
NSW,Berrigan,2024-10,0,0,0,1,0,26
NSW,Berrigan,2024-11,0,1,0,2,0,24
NSW,Berrigan,2024-12,0,0,0,1,0,31
NSW,Berrigan,2025-01,0,0,0,0,0,14
NSW,Berrigan,2025-02,0,0,0,1,0,19
NSW,Berrigan,2025-03,0,0,0,1,0,15
NSW,Berrigan,2025-04,0,0,0,0,0,25
NSW,Berrigan,2025-05,0,0,0,0,0,16
NSW,Berrigan,2025-06,0,1,0,0,0,17
NSW,Berrigan,2025-07,0,0,0,1,0,14
NSW,Berrigan,2025-08,0,0,0,0,0,22
NSW,Berrigan,2025-09,0,2,0,1,0,22
NSW,Berrigan,2025-10,0,1,0,0,0,15
NSW,Berrigan,2025-11,0,1,0,1,0,15
NSW,Berrigan,2025-12,0,0,0,0,0,13
NSW,Berrigan,2026-01,0,0,0,0,0,10
NSW,Berrigan,2026-02,0,1,0,1,0,14
NSW,Berrigan,2026-03,0,0,0,0,0,15
NSW,Berrigan,2026-04,0,1,0,0,0,9
NSW,Berrigan,2026-05,0,4,0,2,0,16
NSW,Berrigan,2026-06,0,3,0,1,0,25
NSW,Berrigan,2026-07,0,0,0,2,0,12
NSW,Berrigan,2026-08,0,0,0,2,0,11
NSW,Blacktown,2023-01,7,42,0,2,0,616
NSW,Blacktown,2023-02,0,54,0,2,0,489
NSW,Blacktown,2023-03,0,11,0,0,0,84
NSW,Blacktown,2023-04,0,19,0,1,0,213
NSW,Blacktown,2023-05,6,72,0,2,0,652
NSW,Blacktown,2023-06,29,55,0,6,0,710
NSW,Blacktown,2023-07,28,61,0,3,6,700
NSW,Blacktown,2023-08,6,52,0,11,6,793
NSW,Blacktown,2023-09,34,71,0,11,18,771
NSW,Blacktown,2023-10,0,50,0,12,6,695
NSW,Blacktown,2023-11,13,71,0,12,12,688
NSW,Blacktown,2023-12,0,50,0,7,0,477
NSW,Blacktown,2024-01,0,41,0,11,7,629
NSW,Blacktown,2024-02,0,7,0,1,0,110
NSW,Blacktown,2024-03,0,24,0,3,0,183
NSW,Blacktown,2024-04,0,39,0,11,0,550
NSW,Blacktown,2024-05,0,35,0,5,7,510
NSW,Blacktown,2024-06,8,78,0,7,32,773
NSW,Blacktown,2024-07,0,59,0,14,38,663
NSW,Blacktown,2024-08,0,45,0,16,18,690
NSW,Blacktown,2024-09,0,55,0,14,0,640
NSW,Blacktown,2024-10,0,60,0,15,0,662
NSW,Blacktown,2024-11,6,58,0,16,13,610
NSW,Blacktown,2024-12,0,69,0,15,0,595
NSW,Blacktown,2025-01,0,32,0,18,0,573
NSW,Blacktown,2025-02,0,70,0,29,12,669
NSW,Blacktown,2025-03,0,76,0,41,6,657
NSW,Blacktown,2025-04,0,46,0,8,20,578
NSW,Blacktown,2025-05,8,77,0,11,6,700
NSW,Blacktown,2025-06,18,99,0,17,7,771
NSW,Blacktown,2025-07,0,74,0,10,8,735
NSW,Blacktown,2025-08,0,100,0,12,22,641
NSW,Blacktown,2025-09,0,93,0,16,6,677
NSW,Blacktown,2025-10,0,80,0,20,0,655
NSW,Blacktown,2025-11,0,80,0,23,6,604
NSW,Blacktown,2025-12,0,83,0,31,13,605
NSW,Blacktown,2026-01,0,54,0,23,0,609
NSW,Blacktown,2026-02,8,105,0,32,0,606
NSW,Blacktown,2026-03,0,134,0,50,8,642
NSW,Blacktown,2026-04,32,120,0,52,6,495
NSW,Blacktown,2026-05,77,148,0,73,6,556
NSW,Blacktown,2026-06,159,174,6,92,0,697
NSW,Blacktown,2026-07,91,179,0,85,0,589
NSW,Blacktown,2026-08,83,174,0,79,6,493
NSW,Bland,2023-01,0,0,0,0,0,21
NSW,Bland,2023-02,0,0,0,0,0,15
NSW,Bland,2023-03,0,0,0,0,0,1
NSW,Bland,2023-04,0,0,0,0,0,7
NSW,Bland,2023-05,0,0,0,0,0,22
NSW,Bland,2023-06,0,0,0,0,0,26
NSW,Bland,2023-07,0,0,0,0,0,22
NSW,Bland,2023-08,0,0,0,0,0,16
NSW,Bland,2023-09,0,0,0,0,0,25
NSW,Bland,2023-10,0,0,0,0,0,16
NSW,Bland,2023-11,0,0,0,0,0,23
NSW,Bland,2023-12,0,0,0,0,0,16
NSW,Bland,2024-01,0,0,0,0,0,25
NSW,Bland,2024-02,0,0,0,0,0,1
NSW,Bland,2024-03,0,0,0,0,0,2
NSW,Bland,2024-04,0,0,0,0,0,12
NSW,Bland,2024-05,0,0,0,0,0,12
NSW,Bland,2024-06,0,0,0,0,0,22
NSW,Bland,2024-07,0,0,0,0,0,21
NSW,Bland,2024-08,0,0,0,0,0,25
NSW,Bland,2024-09,0,0,0,1,0,22
NSW,Bland,2024-10,0,0,0,0,0,20
NSW,Bland,2024-11,0,0,0,0,0,14
NSW,Bland,2024-12,0,0,0,0,0,21
NSW,Bland,2025-01,0,0,0,0,0,16
NSW,Bland,2025-02,0,0,0,1,0,24
NSW,Bland,2025-03,0,0,0,0,0,15
NSW,Bland,2025-04,0,0,0,0,0,11
NSW,Bland,2025-05,0,0,0,0,0,22
NSW,Bland,2025-06,0,0,0,0,0,18
NSW,Bland,2025-07,0,0,0,0,0,13
NSW,Bland,2025-08,0,0,0,0,0,11
NSW,Bland,2025-09,0,1,0,0,0,11
NSW,Bland,2025-10,0,0,0,0,0,22
NSW,Bland,2025-11,0,0,0,0,0,12
NSW,Bland,2025-12,0,0,0,0,0,19
NSW,Bland,2026-01,0,0,0,0,0,10
NSW,Bland,2026-02,0,0,0,0,0,20
NSW,Bland,2026-03,0,0,0,0,0,13
NSW,Bland,2026-04,0,0,0,0,0,12
NSW,Bland,2026-05,0,1,0,0,0,21
NSW,Bland,2026-06,0,1,0,1,0,28
NSW,Bland,2026-07,0,1,0,1,0,11
NSW,Bland,2026-08,0,0,0,1,0,6
NSW,Blayney,2023-01,0,1,0,1,0,21
NSW,Blayney,2023-02,0,2,0,0,0,14
NSW,Blayney,2023-03,0,0,0,0,0,4
NSW,Blayney,2023-04,0,0,0,0,0,7
NSW,Blayney,2023-05,0,0,0,0,0,20
NSW,Blayney,2023-06,0,0,0,0,0,23
NSW,Blayney,2023-07,0,0,0,0,0,25
NSW,Blayney,2023-08,0,1,0,0,0,26
NSW,Blayney,2023-09,0,0,0,0,0,23
NSW,Blayney,2023-10,0,1,0,2,0,26
NSW,Blayney,2023-11,0,1,0,0,0,23
NSW,Blayney,2023-12,0,1,0,0,0,25
NSW,Blayney,2024-01,0,0,0,0,0,18
NSW,Blayney,2024-02,0,0,0,0,0,3
NSW,Blayney,2024-03,0,0,0,0,0,6
NSW,Blayney,2024-04,0,0,0,0,0,23
NSW,Blayney,2024-05,0,0,0,0,0,18
NSW,Blayney,2024-06,0,0,0,0,0,21
NSW,Blayney,2024-07,0,1,0,0,0,22
NSW,Blayney,2024-08,0,0,0,1,0,24
NSW,Blayney,2024-09,0,0,0,0,0,16
NSW,Blayney,2024-10,0,1,0,1,0,19
NSW,Blayney,2024-11,0,0,0,0,0,24
NSW,Blayney,2024-12,0,0,0,0,0,13
NSW,Blayney,2025-01,0,1,0,0,0,17
NSW,Blayney,2025-02,0,0,0,0,0,19
NSW,Blayney,2025-03,0,1,0,0,0,18
NSW,Blayney,2025-04,0,1,0,1,0,26
NSW,Blayney,2025-05,0,1,0,0,0,22
NSW,Blayney,2025-06,0,0,0,0,0,20
NSW,Blayney,2025-07,0,0,0,0,0,15
NSW,Blayney,2025-08,0,0,0,0,0,18
NSW,Blayney,2025-09,0,2,0,0,0,18
NSW,Blayney,2025-10,0,0,0,0,0,24
NSW,Blayney,2025-11,0,1,0,2,0,23
NSW,Blayney,2025-12,0,0,0,0,0,21
NSW,Blayney,2026-01,0,0,0,2,0,14
NSW,Blayney,2026-02,0,0,0,0,0,14
NSW,Blayney,2026-03,0,0,0,0,0,17
NSW,Blayney,2026-04,0,1,0,1,0,17
NSW,Blayney,2026-05,0,4,0,0,0,16
NSW,Blayney,2026-06,0,4,0,2,0,21
NSW,Blayney,2026-07,0,0,0,1,0,21
NSW,Blayney,2026-08,0,3,0,2,0,12
NSW,Blue Mountains,2023-01,0,11,0,0,0,132
NSW,Blue Mountains,2023-02,0,15,0,1,0,103
NSW,Blue Mountains,2023-03,0,1,0,0,0,15
NSW,Blue Mountains,2023-04,0,1,0,0,0,46
NSW,Blue Mountains,2023-05,0,15,0,2,0,153
NSW,Blue Mountains,2023-06,0,16,0,0,0,159
NSW,Blue Mountains,2023-07,0,17,0,1,0,119
NSW,Blue Mountains,2023-08,0,16,0,2,0,177
NSW,Blue Mountains,2023-09,0,28,0,2,0,160
NSW,Blue Mountains,2023-10,0,14,0,1,0,150
NSW,Blue Mountains,2023-11,0,25,0,7,0,137
NSW,Blue Mountains,2023-12,0,20,0,1,0,114
NSW,Blue Mountains,2024-01,0,19,0,4,0,143
NSW,Blue Mountains,2024-02,0,2,0,0,0,23
NSW,Blue Mountains,2024-03,0,3,0,0,0,29
NSW,Blue Mountains,2024-04,0,7,0,0,0,115
NSW,Blue Mountains,2024-05,0,12,0,2,0,110
NSW,Blue Mountains,2024-06,0,25,0,5,0,171
NSW,Blue Mountains,2024-07,0,16,0,2,0,144
NSW,Blue Mountains,2024-08,0,15,0,4,0,145
NSW,Blue Mountains,2024-09,0,18,0,4,0,153
NSW,Blue Mountains,2024-10,0,17,0,6,0,145
NSW,Blue Mountains,2024-11,0,24,0,7,0,139
NSW,Blue Mountains,2024-12,0,19,0,4,0,131
NSW,Blue Mountains,2025-01,0,6,0,1,0,135
NSW,Blue Mountains,2025-02,0,14,0,8,0,151
NSW,Blue Mountains,2025-03,0,18,0,12,0,128
NSW,Blue Mountains,2025-04,0,16,0,0,0,137
NSW,Blue Mountains,2025-05,0,22,0,2,0,151
NSW,Blue Mountains,2025-06,0,27,0,4,0,156
NSW,Blue Mountains,2025-07,0,22,0,1,0,158
NSW,Blue Mountains,2025-08,0,28,0,4,0,134
NSW,Blue Mountains,2025-09,0,29,0,3,0,143
NSW,Blue Mountains,2025-10,0,18,0,1,0,159
NSW,Blue Mountains,2025-11,0,33,0,3,0,142
NSW,Blue Mountains,2025-12,0,27,0,5,0,146
NSW,Blue Mountains,2026-01,0,11,0,3,0,133
NSW,Blue Mountains,2026-02,0,39,0,8,0,118
NSW,Blue Mountains,2026-03,0,38,0,11,0,132
NSW,Blue Mountains,2026-04,0,52,0,9,0,123
NSW,Blue Mountains,2026-05,0,66,0,13,0,137
NSW,Blue Mountains,2026-06,0,89,0,18,0,152
NSW,Blue Mountains,2026-07,0,72,0,13,0,126
NSW,Blue Mountains,2026-08,0,52,0,14,0,102
NSW,Bogan,2023-01,0,0,0,0,0,7
NSW,Bogan,2023-02,0,0,0,0,0,10
NSW,Bogan,2023-03,0,0,0,0,0,2
NSW,Bogan,2023-04,0,0,0,0,0,3
NSW,Bogan,2023-05,0,0,0,0,0,13
NSW,Bogan,2023-06,0,0,0,0,0,32
NSW,Bogan,2023-07,0,0,0,0,0,13
NSW,Bogan,2023-08,0,0,0,0,0,19
NSW,Bogan,2023-09,0,0,0,0,0,21
NSW,Bogan,2023-10,0,0,0,1,0,15
NSW,Bogan,2023-11,0,0,0,0,0,9
NSW,Bogan,2023-12,0,0,0,0,0,16
NSW,Bogan,2024-01,0,0,0,0,0,11
NSW,Bogan,2024-02,0,0,0,0,0,2
NSW,Bogan,2024-03,0,0,0,0,0,2
NSW,Bogan,2024-04,0,0,0,0,0,13
NSW,Bogan,2024-05,0,1,0,0,0,11
NSW,Bogan,2024-06,0,0,0,0,0,13
NSW,Bogan,2024-07,0,0,0,0,0,19
NSW,Bogan,2024-08,0,0,0,0,0,12
NSW,Bogan,2024-09,0,0,0,0,0,13
NSW,Bogan,2024-10,0,1,0,1,0,11
NSW,Bogan,2024-11,0,0,0,0,0,15
NSW,Bogan,2024-12,0,0,0,0,0,21
NSW,Bogan,2025-01,0,0,0,0,0,13
NSW,Bogan,2025-02,0,0,0,0,0,12
NSW,Bogan,2025-03,0,0,0,0,0,13
NSW,Bogan,2025-04,0,0,0,0,0,9
NSW,Bogan,2025-05,0,0,0,0,0,18
NSW,Bogan,2025-06,0,0,0,0,0,25
NSW,Bogan,2025-07,0,1,0,0,0,16
NSW,Bogan,2025-08,0,0,0,0,0,17
NSW,Bogan,2025-09,0,0,0,0,0,9
NSW,Bogan,2025-10,0,0,0,0,0,13
NSW,Bogan,2025-11,0,0,0,0,0,12
NSW,Bogan,2025-12,0,0,0,0,0,9
NSW,Bogan,2026-01,0,0,0,0,0,14
NSW,Bogan,2026-02,0,0,0,0,0,9
NSW,Bogan,2026-03,0,1,0,0,0,14
NSW,Bogan,2026-04,0,1,0,0,0,16
NSW,Bogan,2026-05,0,0,0,1,0,22
NSW,Bogan,2026-06,0,0,0,0,0,22
NSW,Bogan,2026-07,0,0,0,1,0,21
NSW,Bogan,2026-08,0,1,0,0,0,12
NSW,Bourke,2023-01,0,0,0,0,0,8
NSW,Bourke,2023-02,0,0,0,0,0,3
NSW,Bourke,2023-03,0,0,0,0,0,1
NSW,Bourke,2023-04,0,0,0,0,0,3
NSW,Bourke,2023-05,0,0,0,0,0,7
NSW,Bourke,2023-06,0,0,0,0,0,10
NSW,Bourke,2023-07,0,0,0,0,0,7
NSW,Bourke,2023-08,0,0,0,0,0,7
NSW,Bourke,2023-09,0,0,0,0,0,10
NSW,Bourke,2023-10,0,0,0,0,0,4
NSW,Bourke,2023-11,0,0,0,0,0,3
NSW,Bourke,2023-12,0,0,0,0,0,4
NSW,Bourke,2024-01,0,0,0,0,0,6
NSW,Bourke,2024-02,0,0,0,0,0,1
NSW,Bourke,2024-03,0,0,0,0,0,1
NSW,Bourke,2024-04,0,0,0,0,0,6
NSW,Bourke,2024-05,0,0,0,0,0,3
NSW,Bourke,2024-06,0,0,0,0,0,5
NSW,Bourke,2024-07,0,0,0,0,0,1
NSW,Bourke,2024-08,0,0,0,0,0,3
NSW,Bourke,2024-09,0,0,0,0,0,5
NSW,Bourke,2024-10,0,0,0,0,0,5
NSW,Bourke,2024-11,0,0,0,0,0,4
NSW,Bourke,2024-12,0,0,0,0,0,5
NSW,Bourke,2025-01,0,0,0,0,0,9
NSW,Bourke,2025-02,0,0,0,0,0,4
NSW,Bourke,2025-03,0,0,0,0,0,3
NSW,Bourke,2025-04,0,0,0,0,0,5
NSW,Bourke,2025-05,0,0,0,0,0,4
NSW,Bourke,2025-06,0,0,0,0,0,9
NSW,Bourke,2025-07,0,0,0,0,0,5
NSW,Bourke,2025-08,0,0,0,0,0,7
NSW,Bourke,2025-09,0,0,0,0,0,6
NSW,Bourke,2025-10,0,0,0,0,0,4
NSW,Bourke,2025-11,0,0,0,0,0,5
NSW,Bourke,2025-12,0,0,0,0,0,10
NSW,Bourke,2026-01,0,0,0,0,0,5
NSW,Bourke,2026-02,0,0,0,0,0,9
NSW,Bourke,2026-03,0,0,0,0,0,7
NSW,Bourke,2026-04,0,0,0,0,0,8
NSW,Bourke,2026-05,0,1,0,0,0,4
NSW,Bourke,2026-06,0,0,0,0,0,10
NSW,Bourke,2026-07,0,0,0,0,0,5
NSW,Bourke,2026-08,0,0,0,0,0,5
NSW,Brewarrina,2023-01,0,0,0,0,0,4
NSW,Brewarrina,2023-03,0,0,0,0,0,1
NSW,Brewarrina,2023-04,0,0,0,0,0,1
NSW,Brewarrina,2023-05,0,0,0,0,0,2
NSW,Brewarrina,2023-06,0,0,0,0,0,5
NSW,Brewarrina,2023-07,0,0,0,0,0,2
NSW,Brewarrina,2023-08,0,0,0,0,0,2
NSW,Brewarrina,2023-09,0,0,0,0,0,6
NSW,Brewarrina,2023-10,0,0,0,0,0,2
NSW,Brewarrina,2023-11,0,0,0,0,0,4
NSW,Brewarrina,2023-12,0,0,0,0,0,4
NSW,Brewarrina,2024-01,0,0,0,0,0,4
NSW,Brewarrina,2024-02,0,0,0,0,0,1
NSW,Brewarrina,2024-04,0,0,0,0,0,5
NSW,Brewarrina,2024-05,0,0,0,0,0,3
NSW,Brewarrina,2024-06,0,0,0,0,0,3
NSW,Brewarrina,2024-07,0,0,0,0,0,2
NSW,Brewarrina,2024-08,0,0,0,0,0,4
NSW,Brewarrina,2024-09,0,0,0,0,0,4
NSW,Brewarrina,2024-10,0,0,0,0,0,1
NSW,Brewarrina,2024-11,0,0,0,0,0,2
NSW,Brewarrina,2024-12,0,0,0,0,0,2
NSW,Brewarrina,2025-01,0,0,0,0,0,2
NSW,Brewarrina,2025-02,0,0,0,0,0,2
NSW,Brewarrina,2025-03,0,0,0,0,0,1
NSW,Brewarrina,2025-04,0,0,0,0,0,5
NSW,Brewarrina,2025-05,0,0,0,0,0,3
NSW,Brewarrina,2025-06,0,0,0,0,0,3
NSW,Brewarrina,2025-07,0,0,0,0,0,6
NSW,Brewarrina,2025-08,0,0,0,0,0,4
NSW,Brewarrina,2025-09,0,0,0,0,0,2
NSW,Brewarrina,2025-10,0,0,0,0,0,3
NSW,Brewarrina,2025-11,0,0,0,0,0,3
NSW,Brewarrina,2025-12,0,0,0,0,0,3
NSW,Brewarrina,2026-01,0,0,0,0,0,4
NSW,Brewarrina,2026-02,0,0,0,0,0,3
NSW,Brewarrina,2026-03,0,0,0,0,0,2
NSW,Brewarrina,2026-04,0,0,0,0,0,3
NSW,Brewarrina,2026-05,0,0,0,0,0,2
NSW,Brewarrina,2026-06,0,0,0,0,0,2
NSW,Brewarrina,2026-07,0,0,0,0,0,7
NSW,Brewarrina,2026-08,0,0,0,0,0,5
NSW,Broken Hill,2023-01,0,0,0,0,0,37
NSW,Broken Hill,2023-02,0,0,0,0,0,18
NSW,Broken Hill,2023-03,0,0,0,0,0,4
NSW,Broken Hill,2023-04,0,1,0,0,0,10
NSW,Broken Hill,2023-05,0,0,0,0,0,36
NSW,Broken Hill,2023-06,0,0,0,0,0,30
NSW,Broken Hill,2023-07,0,0,0,0,0,33
NSW,Broken Hill,2023-08,0,0,0,0,0,46
NSW,Broken Hill,2023-09,0,1,0,0,0,43
NSW,Broken Hill,2023-10,0,0,0,0,0,40
NSW,Broken Hill,2023-11,0,0,0,0,0,56
NSW,Broken Hill,2023-12,0,0,0,0,0,47
NSW,Broken Hill,2024-01,0,0,0,0,0,32
NSW,Broken Hill,2024-02,0,0,0,0,0,6
NSW,Broken Hill,2024-03,0,0,0,0,0,8
NSW,Broken Hill,2024-04,0,0,0,0,0,41
NSW,Broken Hill,2024-05,0,1,0,0,0,32
NSW,Broken Hill,2024-06,0,0,0,0,0,40
NSW,Broken Hill,2024-07,0,0,0,0,0,37
NSW,Broken Hill,2024-08,0,0,0,0,0,52
NSW,Broken Hill,2024-09,0,0,0,0,0,26
NSW,Broken Hill,2024-10,0,0,0,0,0,32
NSW,Broken Hill,2024-11,0,0,0,0,0,38
NSW,Broken Hill,2024-12,0,0,0,0,0,33
NSW,Broken Hill,2025-01,0,0,0,0,0,36
NSW,Broken Hill,2025-02,0,0,0,0,0,39
NSW,Broken Hill,2025-03,0,1,0,0,0,44
NSW,Broken Hill,2025-04,0,0,0,0,0,33
NSW,Broken Hill,2025-05,0,0,0,0,0,34
NSW,Broken Hill,2025-06,0,0,0,0,0,32
NSW,Broken Hill,2025-07,0,0,0,1,0,37
NSW,Broken Hill,2025-08,0,1,0,0,0,28
NSW,Broken Hill,2025-09,0,0,0,0,0,34
NSW,Broken Hill,2025-10,0,0,0,0,0,37
NSW,Broken Hill,2025-11,0,0,0,0,0,30
NSW,Broken Hill,2025-12,0,0,0,0,0,30
NSW,Broken Hill,2026-01,0,0,0,0,0,28
NSW,Broken Hill,2026-02,0,0,0,0,0,25
NSW,Broken Hill,2026-03,0,1,0,0,0,28
NSW,Broken Hill,2026-04,0,0,0,0,0,23
NSW,Broken Hill,2026-05,0,0,0,1,0,23
NSW,Broken Hill,2026-06,0,0,0,0,0,37
NSW,Broken Hill,2026-07,0,2,0,2,0,26
NSW,Broken Hill,2026-08,0,2,0,2,0,23
NSW,Burwood,2023-01,0,13,0,0,0,125
NSW,Burwood,2023-02,0,12,0,1,0,89
NSW,Burwood,2023-03,0,2,0,0,0,10
NSW,Burwood,2023-04,0,2,0,0,0,39
NSW,Burwood,2023-05,0,21,0,1,0,126
NSW,Burwood,2023-06,0,23,0,1,0,154
NSW,Burwood,2023-07,0,11,0,1,0,146
NSW,Burwood,2023-08,0,16,0,6,0,169
NSW,Burwood,2023-09,0,22,0,2,0,149
NSW,Burwood,2023-10,0,11,0,1,0,117
NSW,Burwood,2023-11,0,15,0,2,0,120
NSW,Burwood,2023-12,0,13,0,2,0,75
NSW,Burwood,2024-01,0,12,0,0,0,99
NSW,Burwood,2024-02,0,0,0,0,0,8
NSW,Burwood,2024-03,0,3,0,1,0,19
NSW,Burwood,2024-04,0,10,0,0,0,89
NSW,Burwood,2024-05,0,7,0,2,0,95
NSW,Burwood,2024-06,0,21,0,3,0,135
NSW,Burwood,2024-07,0,8,0,4,0,145
NSW,Burwood,2024-08,0,10,0,3,0,122
NSW,Burwood,2024-09,0,11,0,5,0,112
NSW,Burwood,2024-10,0,7,0,3,0,99
NSW,Burwood,2024-11,0,15,0,4,0,88
NSW,Burwood,2024-12,0,8,0,3,0,82
NSW,Burwood,2025-01,0,8,0,0,0,93
NSW,Burwood,2025-02,0,6,0,6,0,90
NSW,Burwood,2025-03,0,11,0,8,0,101
NSW,Burwood,2025-04,0,7,0,1,0,88
NSW,Burwood,2025-05,0,28,0,2,0,124
NSW,Burwood,2025-06,0,22,0,5,0,121
NSW,Burwood,2025-07,0,16,0,6,0,107
NSW,Burwood,2025-08,0,21,0,7,0,90
NSW,Burwood,2025-09,0,25,0,4,0,82
NSW,Burwood,2025-10,0,17,0,9,0,99
NSW,Burwood,2025-11,0,15,0,4,0,88
NSW,Burwood,2025-12,0,18,0,6,0,95
NSW,Burwood,2026-01,0,17,0,7,0,76
NSW,Burwood,2026-02,0,21,0,7,0,80
NSW,Burwood,2026-03,0,23,0,13,0,96
NSW,Burwood,2026-04,0,16,0,13,0,60
NSW,Burwood,2026-05,0,34,0,13,0,70
NSW,Burwood,2026-06,0,37,0,14,0,117
NSW,Burwood,2026-07,0,38,0,18,0,71
NSW,Burwood,2026-08,0,44,0,10,0,56
NSW,Byron,2023-01,0,8,0,1,0,44
NSW,Byron,2023-02,0,7,0,0,0,47
NSW,Byron,2023-03,0,0,0,0,0,8
NSW,Byron,2023-04,0,1,0,0,0,8
NSW,Byron,2023-05,0,7,0,0,0,56
NSW,Byron,2023-06,0,6,0,0,0,68
NSW,Byron,2023-07,0,14,0,0,0,53
NSW,Byron,2023-08,0,11,0,3,0,64
NSW,Byron,2023-09,0,13,0,2,0,60
NSW,Byron,2023-10,0,7,0,0,0,44
NSW,Byron,2023-11,0,12,0,0,0,57
NSW,Byron,2023-12,0,14,0,1,0,42
NSW,Byron,2024-01,0,5,0,0,0,53
NSW,Byron,2024-02,0,0,0,0,0,4
NSW,Byron,2024-03,0,2,0,1,0,9
NSW,Byron,2024-04,0,0,0,1,0,49
NSW,Byron,2024-05,0,7,0,1,0,40
NSW,Byron,2024-06,0,10,0,2,0,52
NSW,Byron,2024-07,0,7,0,1,0,53
NSW,Byron,2024-08,0,0,0,1,0,45
NSW,Byron,2024-09,0,5,0,0,0,54
NSW,Byron,2024-10,0,9,0,0,0,65
NSW,Byron,2024-11,0,8,0,1,0,53
NSW,Byron,2024-12,0,6,0,1,0,44
NSW,Byron,2025-01,0,4,0,2,0,34
NSW,Byron,2025-02,0,5,0,4,0,63
NSW,Byron,2025-03,0,9,0,3,0,45
NSW,Byron,2025-04,0,3,0,2,0,39
NSW,Byron,2025-05,0,11,0,3,0,46
NSW,Byron,2025-06,0,10,0,5,0,69
NSW,Byron,2025-07,0,6,0,3,0,44
NSW,Byron,2025-08,0,2,0,0,0,58
NSW,Byron,2025-09,0,9,0,3,0,49
NSW,Byron,2025-10,0,5,0,3,0,50
NSW,Byron,2025-11,0,9,0,6,0,40
NSW,Byron,2025-12,0,9,0,3,0,56
NSW,Byron,2026-01,0,5,0,2,0,40
NSW,Byron,2026-02,0,12,0,4,0,35
NSW,Byron,2026-03,0,16,0,6,0,45
NSW,Byron,2026-04,0,12,0,9,0,40
NSW,Byron,2026-05,0,30,0,8,0,32
NSW,Byron,2026-06,0,33,0,7,0,58
NSW,Byron,2026-07,0,25,0,13,0,43
NSW,Byron,2026-08,0,10,0,5,0,33
NSW,Cabonne,2023-01,0,5,0,2,0,121
NSW,Cabonne,2023-02,0,5,0,0,0,125
NSW,Cabonne,2023-03,0,0,0,0,0,22
NSW,Cabonne,2023-04,0,2,0,0,0,69
NSW,Cabonne,2023-05,0,8,0,1,0,247
NSW,Cabonne,2023-06,0,7,0,1,0,276
NSW,Cabonne,2023-07,0,4,0,0,0,228
NSW,Cabonne,2023-08,0,4,0,3,0,307
NSW,Cabonne,2023-09,0,12,0,3,0,289
NSW,Cabonne,2023-10,0,6,0,1,0,297
NSW,Cabonne,2023-11,0,14,0,5,0,283
NSW,Cabonne,2023-12,0,5,0,1,0,232
NSW,Cabonne,2024-01,0,5,0,1,0,253
NSW,Cabonne,2024-02,0,1,0,0,0,29
NSW,Cabonne,2024-03,0,0,0,0,0,62
NSW,Cabonne,2024-04,0,4,0,1,0,189
NSW,Cabonne,2024-05,0,4,0,3,0,187
NSW,Cabonne,2024-06,0,7,0,3,0,251
NSW,Cabonne,2024-07,0,4,0,3,0,246
NSW,Cabonne,2024-08,0,7,0,2,0,208
NSW,Cabonne,2024-09,0,2,0,2,0,233
NSW,Cabonne,2024-10,0,10,0,4,0,248
NSW,Cabonne,2024-11,0,9,0,6,0,268
NSW,Cabonne,2024-12,0,4,0,1,0,219
NSW,Cabonne,2025-01,0,3,0,4,0,232
NSW,Cabonne,2025-02,0,3,0,2,0,228
NSW,Cabonne,2025-03,0,4,0,7,0,255
NSW,Cabonne,2025-04,0,4,0,1,0,196
NSW,Cabonne,2025-05,0,3,0,2,0,282
NSW,Cabonne,2025-06,0,6,0,1,0,259
NSW,Cabonne,2025-07,0,1,0,2,0,242
NSW,Cabonne,2025-08,0,5,0,3,0,248
NSW,Cabonne,2025-09,0,8,0,3,0,246
NSW,Cabonne,2025-10,0,3,0,10,0,237
NSW,Cabonne,2025-11,0,8,0,5,0,211
NSW,Cabonne,2025-12,0,14,0,3,0,206
NSW,Cabonne,2026-01,0,5,0,6,0,207
NSW,Cabonne,2026-02,0,6,0,4,0,216
NSW,Cabonne,2026-03,0,19,0,3,0,248
NSW,Cabonne,2026-04,0,21,0,12,0,194
NSW,Cabonne,2026-05,0,18,0,9,0,221
NSW,Cabonne,2026-06,0,31,0,17,0,251
NSW,Cabonne,2026-07,0,29,0,23,0,226
NSW,Cabonne,2026-08,0,29,0,13,0,206
NSW,Camden,2023-01,0,24,0,3,0,346
NSW,Camden,2023-02,0,25,0,3,0,248
NSW,Camden,2023-03,0,2,0,0,0,38
NSW,Camden,2023-04,0,1,0,1,0,86
NSW,Camden,2023-05,0,19,0,0,0,341
NSW,Camden,2023-06,0,20,0,2,0,379
NSW,Camden,2023-07,0,23,0,4,0,382
NSW,Camden,2023-08,0,21,0,4,0,427
NSW,Camden,2023-09,0,40,0,6,0,419
NSW,Camden,2023-10,0,11,0,1,0,414
NSW,Camden,2023-11,0,20,0,5,0,389
NSW,Camden,2023-12,0,14,0,1,0,285
NSW,Camden,2024-01,0,16,0,3,0,319
NSW,Camden,2024-02,0,2,0,0,0,29
NSW,Camden,2024-03,0,5,0,2,0,84
NSW,Camden,2024-04,0,15,0,0,0,303
NSW,Camden,2024-05,0,19,0,1,0,236
NSW,Camden,2024-06,0,33,0,5,0,394
NSW,Camden,2024-07,0,23,0,11,0,358
NSW,Camden,2024-08,0,20,0,7,0,338
NSW,Camden,2024-09,0,22,0,8,6,346
NSW,Camden,2024-10,0,16,0,8,0,345
NSW,Camden,2024-11,0,30,0,5,0,309
NSW,Camden,2024-12,0,28,0,2,0,300
NSW,Camden,2025-01,0,10,0,2,0,322
NSW,Camden,2025-02,0,13,0,16,0,358
NSW,Camden,2025-03,0,24,0,15,0,362
NSW,Camden,2025-04,0,15,0,4,0,323
NSW,Camden,2025-05,0,39,0,7,0,382
NSW,Camden,2025-06,0,57,0,14,0,428
NSW,Camden,2025-07,0,28,0,12,0,352
NSW,Camden,2025-08,0,42,0,2,0,340
NSW,Camden,2025-09,0,45,0,13,0,366
NSW,Camden,2025-10,0,29,0,2,0,381
NSW,Camden,2025-11,0,31,0,11,0,356
NSW,Camden,2025-12,0,33,0,10,0,342
NSW,Camden,2026-01,0,26,0,6,0,319
NSW,Camden,2026-02,0,48,0,14,0,296
NSW,Camden,2026-03,0,53,0,11,0,361
NSW,Camden,2026-04,0,58,0,23,0,291
NSW,Camden,2026-05,0,84,0,21,0,319
NSW,Camden,2026-06,0,101,0,36,0,401
NSW,Camden,2026-07,0,76,0,37,0,296
NSW,Camden,2026-08,0,84,0,36,0,231
NSW,Campbelltown,2023-01,0,25,0,0,0,314
NSW,Campbelltown,2023-02,0,36,0,0,0,296
NSW,Campbelltown,2023-03,0,4,0,0,0,44
NSW,Campbelltown,2023-04,0,1,0,0,0,94
NSW,Campbelltown,2023-05,0,25,0,0,0,315
NSW,Campbelltown,2023-06,0,29,0,2,0,368
NSW,Campbelltown,2023-07,0,36,0,2,0,351
NSW,Campbelltown,2023-08,0,25,0,5,0,388
NSW,Campbelltown,2023-09,0,34,0,6,0,399
NSW,Campbelltown,2023-10,0,13,0,1,0,383
NSW,Campbelltown,2023-11,0,28,0,7,0,356
NSW,Campbelltown,2023-12,0,28,0,1,0,247
NSW,Campbelltown,2024-01,0,14,0,1,0,332
NSW,Campbelltown,2024-02,0,5,0,0,0,40
NSW,Campbelltown,2024-03,0,8,0,0,0,82
NSW,Campbelltown,2024-04,0,16,0,3,0,274
NSW,Campbelltown,2024-05,0,10,0,3,0,251
NSW,Campbelltown,2024-06,0,26,0,6,0,380
NSW,Campbelltown,2024-07,0,23,0,7,0,351
NSW,Campbelltown,2024-08,0,22,0,5,0,336
NSW,Campbelltown,2024-09,0,23,0,7,0,311
NSW,Campbelltown,2024-10,0,13,0,9,0,324
NSW,Campbelltown,2024-11,0,25,0,11,0,325
NSW,Campbelltown,2024-12,0,18,0,7,0,288
NSW,Campbelltown,2025-01,0,12,0,3,0,323
NSW,Campbelltown,2025-02,0,20,0,14,0,334
NSW,Campbelltown,2025-03,0,28,0,19,0,337
NSW,Campbelltown,2025-04,0,15,0,6,0,289
NSW,Campbelltown,2025-05,0,35,0,5,0,374
NSW,Campbelltown,2025-06,0,46,0,9,0,417
NSW,Campbelltown,2025-07,0,24,0,12,0,353
NSW,Campbelltown,2025-08,0,28,0,5,0,342
NSW,Campbelltown,2025-09,0,38,0,11,0,361
NSW,Campbelltown,2025-10,0,23,0,5,0,361
NSW,Campbelltown,2025-11,0,28,0,6,0,319
NSW,Campbelltown,2025-12,0,34,0,18,0,318
NSW,Campbelltown,2026-01,0,25,0,6,0,312
NSW,Campbelltown,2026-02,0,41,0,10,0,310
NSW,Campbelltown,2026-03,0,42,0,16,0,364
NSW,Campbelltown,2026-04,0,54,0,20,0,293
NSW,Campbelltown,2026-05,0,76,0,20,0,313
NSW,Campbelltown,2026-06,7,98,0,35,0,395
NSW,Campbelltown,2026-07,0,66,0,35,0,316
NSW,Campbelltown,2026-08,0,75,0,34,0,245
NSW,Canada Bay,2023-01,0,23,0,1,0,204
NSW,Canada Bay,2023-02,0,31,0,0,0,163
NSW,Canada Bay,2023-03,0,4,0,0,0,27
NSW,Canada Bay,2023-04,0,9,0,1,0,84
NSW,Canada Bay,2023-05,0,35,0,1,0,274
NSW,Canada Bay,2023-06,0,42,0,0,0,301
NSW,Canada Bay,2023-07,0,30,0,1,0,281
NSW,Canada Bay,2023-08,0,34,0,5,0,312
NSW,Canada Bay,2023-09,0,48,0,5,0,315
NSW,Canada Bay,2023-10,0,23,0,1,0,300
NSW,Canada Bay,2023-11,0,43,0,7,0,246
NSW,Canada Bay,2023-12,0,31,0,2,0,178
NSW,Canada Bay,2024-01,0,30,0,1,0,208
NSW,Canada Bay,2024-02,0,6,0,0,0,23
NSW,Canada Bay,2024-03,0,8,0,0,0,58
NSW,Canada Bay,2024-04,0,23,0,2,0,188
NSW,Canada Bay,2024-05,0,20,0,1,0,202
NSW,Canada Bay,2024-06,0,38,0,5,0,303
NSW,Canada Bay,2024-07,0,27,0,7,0,263
NSW,Canada Bay,2024-08,0,18,0,7,0,246
NSW,Canada Bay,2024-09,0,24,0,9,0,231
NSW,Canada Bay,2024-10,0,17,0,11,0,226
NSW,Canada Bay,2024-11,0,26,0,8,0,222
NSW,Canada Bay,2024-12,0,35,0,12,0,221
NSW,Canada Bay,2025-01,0,9,0,4,0,205
NSW,Canada Bay,2025-02,0,24,0,19,0,220
NSW,Canada Bay,2025-03,0,31,0,15,0,214
NSW,Canada Bay,2025-04,0,20,0,6,0,191
NSW,Canada Bay,2025-05,0,44,0,6,0,242
NSW,Canada Bay,2025-06,0,54,0,10,0,278
NSW,Canada Bay,2025-07,0,28,0,9,0,256
NSW,Canada Bay,2025-08,0,38,0,6,0,220
NSW,Canada Bay,2025-09,0,61,0,7,0,227
NSW,Canada Bay,2025-10,0,26,0,21,0,207
NSW,Canada Bay,2025-11,0,40,0,7,0,178
NSW,Canada Bay,2025-12,0,35,0,11,0,222
NSW,Canada Bay,2026-01,0,28,0,10,0,209
NSW,Canada Bay,2026-02,0,47,0,17,0,182
NSW,Canada Bay,2026-03,0,53,0,19,0,204
NSW,Canada Bay,2026-04,0,55,0,14,0,179
NSW,Canada Bay,2026-05,0,69,0,28,0,183
NSW,Canada Bay,2026-06,0,88,0,20,0,249
NSW,Canada Bay,2026-07,0,75,0,32,0,174
NSW,Canada Bay,2026-08,0,89,0,27,0,130
NSW,Canterbury-Bankstown,2023-01,0,29,0,0,0,539
NSW,Canterbury-Bankstown,2023-02,0,28,0,2,0,431
NSW,Canterbury-Bankstown,2023-03,0,9,0,0,0,65
NSW,Canterbury-Bankstown,2023-04,0,6,0,0,0,179
NSW,Canterbury-Bankstown,2023-05,0,48,0,0,0,521
NSW,Canterbury-Bankstown,2023-06,0,49,0,2,6,605
NSW,Canterbury-Bankstown,2023-07,0,46,0,3,0,555
NSW,Canterbury-Bankstown,2023-08,0,35,0,11,9,634
NSW,Canterbury-Bankstown,2023-09,0,47,0,6,8,623
NSW,Canterbury-Bankstown,2023-10,0,39,0,4,0,593
NSW,Canterbury-Bankstown,2023-11,0,53,0,9,7,548
NSW,Canterbury-Bankstown,2023-12,0,42,0,3,0,424
NSW,Canterbury-Bankstown,2024-01,0,43,0,3,0,545
NSW,Canterbury-Bankstown,2024-02,0,4,0,0,0,62
NSW,Canterbury-Bankstown,2024-03,0,19,0,2,0,120
NSW,Canterbury-Bankstown,2024-04,0,21,0,3,0,421
NSW,Canterbury-Bankstown,2024-05,0,28,0,1,0,400
NSW,Canterbury-Bankstown,2024-06,0,41,0,11,0,589
NSW,Canterbury-Bankstown,2024-07,0,46,0,16,0,485
NSW,Canterbury-Bankstown,2024-08,0,27,0,19,0,516
NSW,Canterbury-Bankstown,2024-09,0,41,0,25,0,517
NSW,Canterbury-Bankstown,2024-10,0,28,0,9,0,472
NSW,Canterbury-Bankstown,2024-11,0,50,0,18,0,488
NSW,Canterbury-Bankstown,2024-12,0,35,0,12,0,473
NSW,Canterbury-Bankstown,2025-01,0,10,0,13,0,448
NSW,Canterbury-Bankstown,2025-02,0,37,0,26,0,497
NSW,Canterbury-Bankstown,2025-03,0,43,0,25,0,467
NSW,Canterbury-Bankstown,2025-04,0,21,0,11,0,440
NSW,Canterbury-Bankstown,2025-05,0,65,0,21,0,530
NSW,Canterbury-Bankstown,2025-06,0,64,0,28,0,621
NSW,Canterbury-Bankstown,2025-07,0,38,0,22,6,497
NSW,Canterbury-Bankstown,2025-08,0,62,0,9,0,457
NSW,Canterbury-Bankstown,2025-09,0,68,0,16,0,494
NSW,Canterbury-Bankstown,2025-10,0,33,0,20,0,556
NSW,Canterbury-Bankstown,2025-11,0,51,0,24,0,470
NSW,Canterbury-Bankstown,2025-12,0,52,0,29,0,482
NSW,Canterbury-Bankstown,2026-01,0,38,0,20,0,465
NSW,Canterbury-Bankstown,2026-02,0,44,0,32,0,472
NSW,Canterbury-Bankstown,2026-03,0,81,0,35,0,460
NSW,Canterbury-Bankstown,2026-04,0,71,0,43,0,361
NSW,Canterbury-Bankstown,2026-05,0,132,0,52,0,446
NSW,Canterbury-Bankstown,2026-06,6,132,0,68,0,503
NSW,Canterbury-Bankstown,2026-07,9,103,0,58,0,415
NSW,Canterbury-Bankstown,2026-08,6,137,0,53,0,350
NSW,Carrathool,2023-01,0,0,0,0,0,9
NSW,Carrathool,2023-02,0,0,0,0,0,8
NSW,Carrathool,2023-03,0,0,0,0,0,2
NSW,Carrathool,2023-04,0,0,0,0,0,3
NSW,Carrathool,2023-05,0,0,0,0,0,14
NSW,Carrathool,2023-06,0,0,0,0,0,16
NSW,Carrathool,2023-07,0,0,0,0,0,8
NSW,Carrathool,2023-08,0,0,0,0,0,18
NSW,Carrathool,2023-09,0,0,0,0,0,14
NSW,Carrathool,2023-10,0,0,0,0,0,16
NSW,Carrathool,2023-11,0,0,0,0,0,16
NSW,Carrathool,2023-12,0,0,0,0,0,18
NSW,Carrathool,2024-01,0,0,0,0,0,13
NSW,Carrathool,2024-02,0,0,0,0,0,3
NSW,Carrathool,2024-03,0,0,0,0,0,2
NSW,Carrathool,2024-04,0,0,0,0,0,5
NSW,Carrathool,2024-05,0,0,0,0,0,9
NSW,Carrathool,2024-06,0,0,0,0,0,14
NSW,Carrathool,2024-07,0,0,0,0,0,11
NSW,Carrathool,2024-08,0,0,0,0,0,11
NSW,Carrathool,2024-09,0,0,0,0,0,7
NSW,Carrathool,2024-10,0,0,0,0,0,10
NSW,Carrathool,2024-11,0,1,0,0,0,14
NSW,Carrathool,2024-12,0,0,0,0,0,11
NSW,Carrathool,2025-01,0,0,0,0,0,7
NSW,Carrathool,2025-02,0,0,0,0,0,13
NSW,Carrathool,2025-03,0,0,0,0,0,6
NSW,Carrathool,2025-04,0,0,0,0,0,13
NSW,Carrathool,2025-05,0,0,0,0,0,9
NSW,Carrathool,2025-06,0,0,0,0,0,15
NSW,Carrathool,2025-07,0,0,0,0,0,9
NSW,Carrathool,2025-08,0,0,0,0,0,9
NSW,Carrathool,2025-09,0,0,0,0,0,13
NSW,Carrathool,2025-10,0,0,0,0,0,16
NSW,Carrathool,2025-11,0,0,0,0,0,11
NSW,Carrathool,2025-12,0,0,0,0,0,14
NSW,Carrathool,2026-01,0,0,0,0,0,8
NSW,Carrathool,2026-02,0,1,0,0,0,17
NSW,Carrathool,2026-03,0,0,0,0,0,13
NSW,Carrathool,2026-04,0,0,0,0,0,8
NSW,Carrathool,2026-05,0,0,0,0,0,5
NSW,Carrathool,2026-06,0,0,0,1,0,14
NSW,Carrathool,2026-07,0,0,0,0,0,10
NSW,Carrathool,2026-08,0,1,0,0,0,9
NSW,Central Coast,2023-01,0,50,0,5,0,586
NSW,Central Coast,2023-02,0,28,0,4,0,488
NSW,Central Coast,2023-03,0,5,0,0,0,97
NSW,Central Coast,2023-04,0,8,0,4,0,173
NSW,Central Coast,2023-05,0,36,0,7,0,603
NSW,Central Coast,2023-06,0,43,0,5,0,663
NSW,Central Coast,2023-07,0,36,0,4,0,552
NSW,Central Coast,2023-08,0,37,0,8,0,685
NSW,Central Coast,2023-09,0,50,0,10,6,755
NSW,Central Coast,2023-10,0,44,0,8,0,721
NSW,Central Coast,2023-11,0,50,0,12,0,707
NSW,Central Coast,2023-12,0,47,0,8,0,469
NSW,Central Coast,2024-01,0,35,0,5,0,638
NSW,Central Coast,2024-02,0,5,0,2,0,96
NSW,Central Coast,2024-03,0,10,0,4,0,161
NSW,Central Coast,2024-04,0,26,0,7,0,491
NSW,Central Coast,2024-05,0,36,0,6,0,507
NSW,Central Coast,2024-06,0,46,0,14,0,748
NSW,Central Coast,2024-07,0,38,0,16,6,658
NSW,Central Coast,2024-08,0,38,0,19,6,640
NSW,Central Coast,2024-09,0,50,0,16,0,668
NSW,Central Coast,2024-10,0,34,0,12,0,607
NSW,Central Coast,2024-11,0,41,0,20,6,648
NSW,Central Coast,2024-12,0,53,0,19,7,590
NSW,Central Coast,2025-01,0,25,0,22,0,531
NSW,Central Coast,2025-02,0,29,0,27,0,618
NSW,Central Coast,2025-03,0,41,0,28,6,605
NSW,Central Coast,2025-04,0,43,0,10,7,552
NSW,Central Coast,2025-05,0,75,0,17,0,683
NSW,Central Coast,2025-06,0,74,0,32,0,762
NSW,Central Coast,2025-07,0,48,0,15,0,660
NSW,Central Coast,2025-08,0,64,0,8,0,635
NSW,Central Coast,2025-09,0,64,0,8,0,666
NSW,Central Coast,2025-10,0,59,0,17,0,646
NSW,Central Coast,2025-11,0,66,0,11,0,590
NSW,Central Coast,2025-12,0,60,0,14,0,596
NSW,Central Coast,2026-01,0,44,0,6,0,587
NSW,Central Coast,2026-02,0,66,0,21,0,550
NSW,Central Coast,2026-03,0,106,0,28,0,633
NSW,Central Coast,2026-04,0,121,0,36,0,462
NSW,Central Coast,2026-05,51,171,0,46,6,549
NSW,Central Coast,2026-06,49,149,0,40,0,706
NSW,Central Coast,2026-07,6,142,0,60,0,557
NSW,Central Coast,2026-08,0,142,0,54,0,487
NSW,Central Darling,2023-01,0,0,0,0,0,2
NSW,Central Darling,2023-02,0,0,0,0,0,3
NSW,Central Darling,2023-05,0,0,0,0,0,5
NSW,Central Darling,2023-06,0,0,0,0,0,4
NSW,Central Darling,2023-07,0,0,0,0,0,2
NSW,Central Darling,2023-08,0,0,0,0,0,5
NSW,Central Darling,2023-09,0,0,0,0,0,5
NSW,Central Darling,2023-10,0,0,0,0,0,1
NSW,Central Darling,2023-11,0,0,0,0,0,2
NSW,Central Darling,2023-12,0,0,0,0,0,3
NSW,Central Darling,2024-01,0,0,0,0,0,1
NSW,Central Darling,2024-03,0,0,0,0,0,1
NSW,Central Darling,2024-04,0,0,0,0,0,2
NSW,Central Darling,2024-05,0,0,0,0,0,3
NSW,Central Darling,2024-07,0,0,0,0,0,7
NSW,Central Darling,2024-08,0,0,0,0,0,3
NSW,Central Darling,2024-09,0,1,0,0,0,8
NSW,Central Darling,2024-10,0,0,0,0,0,3
NSW,Central Darling,2024-11,0,0,0,0,0,2
NSW,Central Darling,2024-12,0,0,0,0,0,3
NSW,Central Darling,2025-01,0,0,0,0,0,3
NSW,Central Darling,2025-02,0,0,0,0,0,1
NSW,Central Darling,2025-04,0,0,0,0,0,3
NSW,Central Darling,2025-05,0,0,0,0,0,2
NSW,Central Darling,2025-06,0,0,0,0,0,1
NSW,Central Darling,2025-07,0,0,0,0,0,2
NSW,Central Darling,2025-08,0,0,0,0,0,1
NSW,Central Darling,2025-09,0,0,0,0,0,2
NSW,Central Darling,2025-10,0,0,0,0,0,4
NSW,Central Darling,2025-11,0,0,0,0,0,7
NSW,Central Darling,2025-12,0,0,0,0,0,3
NSW,Central Darling,2026-01,0,0,0,0,0,1
NSW,Central Darling,2026-02,0,0,0,0,0,3
NSW,Central Darling,2026-03,0,0,0,0,0,1
NSW,Central Darling,2026-04,0,0,0,0,0,3
NSW,Central Darling,2026-05,0,0,0,0,0,5
NSW,Central Darling,2026-06,0,0,0,0,0,2
NSW,Central Darling,2026-07,0,0,0,0,0,2
NSW,Central Darling,2026-08,0,0,0,0,0,1
NSW,Cessnock,2023-01,0,6,0,0,0,167
NSW,Cessnock,2023-02,0,4,0,2,0,151
NSW,Cessnock,2023-03,0,0,0,0,0,23
NSW,Cessnock,2023-04,0,3,0,0,0,45
NSW,Cessnock,2023-05,0,3,0,1,0,163
NSW,Cessnock,2023-06,0,8,0,0,0,194
NSW,Cessnock,2023-07,0,4,0,0,0,184
NSW,Cessnock,2023-08,0,7,0,3,0,207
NSW,Cessnock,2023-09,0,8,0,1,0,205
NSW,Cessnock,2023-10,0,7,0,1,0,208
NSW,Cessnock,2023-11,0,5,0,2,0,209
NSW,Cessnock,2023-12,0,2,0,1,0,144
NSW,Cessnock,2024-01,0,6,0,1,0,178
NSW,Cessnock,2024-02,0,2,0,0,0,25
NSW,Cessnock,2024-03,0,2,0,1,0,50
NSW,Cessnock,2024-04,0,4,0,0,0,166
NSW,Cessnock,2024-05,0,2,0,4,0,139
NSW,Cessnock,2024-06,0,8,0,1,0,208
NSW,Cessnock,2024-07,0,2,0,4,0,196
NSW,Cessnock,2024-08,0,4,0,3,0,217
NSW,Cessnock,2024-09,0,4,0,5,0,206
NSW,Cessnock,2024-10,0,5,0,3,0,197
NSW,Cessnock,2024-11,0,5,0,6,0,173
NSW,Cessnock,2024-12,0,9,0,3,0,184
NSW,Cessnock,2025-01,0,3,0,3,0,145
NSW,Cessnock,2025-02,0,8,0,7,0,179
NSW,Cessnock,2025-03,0,10,0,4,0,183
NSW,Cessnock,2025-04,0,4,0,1,0,173
NSW,Cessnock,2025-05,0,8,0,0,0,225
NSW,Cessnock,2025-06,0,13,0,5,0,230
NSW,Cessnock,2025-07,0,8,0,3,0,223
NSW,Cessnock,2025-08,0,10,0,2,0,177
NSW,Cessnock,2025-09,0,7,0,2,0,211
NSW,Cessnock,2025-10,0,3,0,2,0,200
NSW,Cessnock,2025-11,0,10,0,3,0,181
NSW,Cessnock,2025-12,0,7,0,7,0,177
NSW,Cessnock,2026-01,0,5,0,2,0,191
NSW,Cessnock,2026-02,0,13,0,4,0,186
NSW,Cessnock,2026-03,0,18,0,3,0,210
NSW,Cessnock,2026-04,0,28,0,8,0,161
NSW,Cessnock,2026-05,0,22,0,7,0,150
NSW,Cessnock,2026-06,0,46,0,12,0,230
NSW,Cessnock,2026-07,0,36,0,15,0,211
NSW,Cessnock,2026-08,0,23,0,8,0,165
NSW,Clarence Valley,2023-01,0,4,0,1,0,68
NSW,Clarence Valley,2023-02,0,5,0,0,0,58
NSW,Clarence Valley,2023-03,0,0,0,0,0,12
NSW,Clarence Valley,2023-04,0,0,0,0,0,17
NSW,Clarence Valley,2023-05,0,3,0,0,0,85
NSW,Clarence Valley,2023-06,0,0,0,0,0,92
NSW,Clarence Valley,2023-07,0,4,0,0,0,88
NSW,Clarence Valley,2023-08,0,3,0,0,0,89
NSW,Clarence Valley,2023-09,0,3,0,0,0,92
NSW,Clarence Valley,2023-10,0,4,0,0,0,87
NSW,Clarence Valley,2023-11,0,4,0,1,0,85
NSW,Clarence Valley,2023-12,0,1,0,0,0,83
NSW,Clarence Valley,2024-01,0,0,0,0,0,88
NSW,Clarence Valley,2024-02,0,0,0,0,0,12
NSW,Clarence Valley,2024-03,0,1,0,0,0,13
NSW,Clarence Valley,2024-04,0,2,0,0,0,70
NSW,Clarence Valley,2024-05,0,1,0,1,0,51
NSW,Clarence Valley,2024-06,0,1,0,0,0,93
NSW,Clarence Valley,2024-07,0,1,0,0,0,88
NSW,Clarence Valley,2024-08,0,1,0,0,0,75
NSW,Clarence Valley,2024-09,0,1,0,0,0,106
NSW,Clarence Valley,2024-10,0,1,0,3,0,84
NSW,Clarence Valley,2024-11,0,4,0,0,0,88
NSW,Clarence Valley,2024-12,0,3,0,2,0,90
NSW,Clarence Valley,2025-01,0,1,0,1,0,89
NSW,Clarence Valley,2025-02,0,1,0,4,0,95
NSW,Clarence Valley,2025-03,0,2,0,2,0,81
NSW,Clarence Valley,2025-04,0,1,0,0,0,80
NSW,Clarence Valley,2025-05,0,2,0,0,0,99
NSW,Clarence Valley,2025-06,0,1,0,0,0,105
NSW,Clarence Valley,2025-07,0,0,0,0,0,97
NSW,Clarence Valley,2025-08,0,4,0,1,0,101
NSW,Clarence Valley,2025-09,0,0,0,1,0,82
NSW,Clarence Valley,2025-10,0,3,0,1,0,75
NSW,Clarence Valley,2025-11,0,2,0,1,0,89
NSW,Clarence Valley,2025-12,0,7,0,1,0,74
NSW,Clarence Valley,2026-01,0,4,0,1,0,77
NSW,Clarence Valley,2026-02,0,3,0,2,0,97
NSW,Clarence Valley,2026-03,0,16,0,1,0,95
NSW,Clarence Valley,2026-04,0,11,0,1,0,78
NSW,Clarence Valley,2026-05,0,16,0,1,0,75
NSW,Clarence Valley,2026-06,0,12,0,4,0,116
NSW,Clarence Valley,2026-07,0,9,0,5,0,96
NSW,Clarence Valley,2026-08,0,15,0,5,0,70
NSW,Cobar,2023-01,0,0,0,0,0,4
NSW,Cobar,2023-02,0,0,0,0,0,4
NSW,Cobar,2023-03,0,0,0,0,0,4
NSW,Cobar,2023-04,0,0,0,0,0,2
NSW,Cobar,2023-05,0,0,0,0,0,8
NSW,Cobar,2023-06,0,0,0,0,0,18
NSW,Cobar,2023-07,0,0,0,0,0,7
NSW,Cobar,2023-08,0,0,0,0,0,14
NSW,Cobar,2023-09,0,0,0,0,0,17
NSW,Cobar,2023-10,0,0,0,0,0,11
NSW,Cobar,2023-11,0,0,0,0,0,6
NSW,Cobar,2023-12,0,0,0,0,0,12
NSW,Cobar,2024-01,0,0,0,0,0,6
NSW,Cobar,2024-02,0,0,0,0,0,1
NSW,Cobar,2024-03,0,0,0,0,0,1
NSW,Cobar,2024-04,0,0,0,0,0,10
NSW,Cobar,2024-05,0,1,0,0,0,4
NSW,Cobar,2024-06,0,0,0,0,0,8
NSW,Cobar,2024-07,0,0,0,0,0,10
NSW,Cobar,2024-08,0,0,0,0,0,8
NSW,Cobar,2024-09,0,0,0,0,0,5
NSW,Cobar,2024-10,0,0,0,1,0,9
NSW,Cobar,2024-11,0,0,0,0,0,11
NSW,Cobar,2024-12,0,0,0,0,0,8
NSW,Cobar,2025-01,0,0,0,0,0,9
NSW,Cobar,2025-02,0,0,0,0,0,9
NSW,Cobar,2025-03,0,0,0,0,0,7
NSW,Cobar,2025-04,0,0,0,0,0,4
NSW,Cobar,2025-05,0,0,0,0,0,14
NSW,Cobar,2025-06,0,0,0,0,0,17
NSW,Cobar,2025-07,0,1,0,0,0,11
NSW,Cobar,2025-08,0,0,0,0,0,9
NSW,Cobar,2025-09,0,0,0,0,0,5
NSW,Cobar,2025-10,0,0,0,0,0,11
NSW,Cobar,2025-11,0,0,0,0,0,8
NSW,Cobar,2025-12,0,0,0,0,0,8
NSW,Cobar,2026-01,0,0,0,0,0,10
NSW,Cobar,2026-02,0,0,0,0,0,6
NSW,Cobar,2026-03,0,1,0,0,0,10
NSW,Cobar,2026-04,0,0,0,0,0,9
NSW,Cobar,2026-05,0,0,0,1,0,14
NSW,Cobar,2026-06,0,0,0,0,0,12
NSW,Cobar,2026-07,0,0,0,1,0,13
NSW,Cobar,2026-08,0,0,0,0,0,5
NSW,Coffs Harbour,2023-01,0,13,0,1,0,131
NSW,Coffs Harbour,2023-02,0,3,0,1,0,118
NSW,Coffs Harbour,2023-03,0,0,0,0,0,11
NSW,Coffs Harbour,2023-04,0,0,0,0,0,36
NSW,Coffs Harbour,2023-05,0,8,0,1,0,156
NSW,Coffs Harbour,2023-06,0,1,0,1,0,171
NSW,Coffs Harbour,2023-07,0,7,0,1,0,132
NSW,Coffs Harbour,2023-08,0,7,0,3,0,157
NSW,Coffs Harbour,2023-09,0,9,0,0,0,179
NSW,Coffs Harbour,2023-10,0,4,0,0,0,171
NSW,Coffs Harbour,2023-11,0,8,0,1,0,162
NSW,Coffs Harbour,2023-12,0,5,0,2,0,125
NSW,Coffs Harbour,2024-01,0,4,0,0,0,130
NSW,Coffs Harbour,2024-02,0,0,0,0,0,15
NSW,Coffs Harbour,2024-03,0,0,0,0,0,27
NSW,Coffs Harbour,2024-04,0,2,0,0,0,124
NSW,Coffs Harbour,2024-05,0,2,0,3,0,116
NSW,Coffs Harbour,2024-06,0,8,0,2,0,171
NSW,Coffs Harbour,2024-07,0,5,0,3,0,143
NSW,Coffs Harbour,2024-08,0,6,0,3,0,121
NSW,Coffs Harbour,2024-09,0,6,0,4,0,135
NSW,Coffs Harbour,2024-10,0,5,0,0,0,139
NSW,Coffs Harbour,2024-11,0,8,0,1,0,134
NSW,Coffs Harbour,2024-12,0,3,0,3,0,147
NSW,Coffs Harbour,2025-01,0,3,0,2,0,135
NSW,Coffs Harbour,2025-02,0,2,0,2,0,130
NSW,Coffs Harbour,2025-03,0,3,0,4,0,133
NSW,Coffs Harbour,2025-04,0,5,0,2,0,143
NSW,Coffs Harbour,2025-05,0,10,0,1,0,150
NSW,Coffs Harbour,2025-06,0,9,0,3,0,172
NSW,Coffs Harbour,2025-07,0,7,0,4,0,162
NSW,Coffs Harbour,2025-08,0,8,0,1,0,139
NSW,Coffs Harbour,2025-09,0,11,0,1,0,163
NSW,Coffs Harbour,2025-10,0,14,0,0,0,178
NSW,Coffs Harbour,2025-11,0,2,0,3,0,138
NSW,Coffs Harbour,2025-12,0,10,0,4,0,141
NSW,Coffs Harbour,2026-01,0,7,0,1,0,131
NSW,Coffs Harbour,2026-02,0,14,0,4,0,144
NSW,Coffs Harbour,2026-03,0,14,0,5,0,150
NSW,Coffs Harbour,2026-04,0,17,0,6,0,128
NSW,Coffs Harbour,2026-05,0,38,0,4,0,142
NSW,Coffs Harbour,2026-06,0,41,0,20,0,192
NSW,Coffs Harbour,2026-07,0,24,0,16,0,148
NSW,Coffs Harbour,2026-08,0,25,0,8,0,102
NSW,Coolamon,2023-01,0,0,0,0,0,10
NSW,Coolamon,2023-02,0,0,0,0,0,9
NSW,Coolamon,2023-03,0,0,0,0,0,1
NSW,Coolamon,2023-04,0,0,0,0,0,5
NSW,Coolamon,2023-05,0,0,0,0,0,13
NSW,Coolamon,2023-06,0,1,0,0,0,19
NSW,Coolamon,2023-07,0,0,0,0,0,9
NSW,Coolamon,2023-08,0,0,0,0,0,10
NSW,Coolamon,2023-09,0,0,0,0,0,15
NSW,Coolamon,2023-10,0,0,0,0,0,18
NSW,Coolamon,2023-11,0,2,0,0,0,19
NSW,Coolamon,2023-12,0,0,0,0,0,9
NSW,Coolamon,2024-01,0,0,0,0,0,15
NSW,Coolamon,2024-02,0,0,0,0,0,2
NSW,Coolamon,2024-03,0,0,0,0,0,2
NSW,Coolamon,2024-04,0,1,0,0,0,8
NSW,Coolamon,2024-05,0,0,0,1,0,6
NSW,Coolamon,2024-06,0,0,0,0,0,9
NSW,Coolamon,2024-07,0,0,0,0,0,11
NSW,Coolamon,2024-08,0,0,0,0,0,7
NSW,Coolamon,2024-09,0,0,0,0,0,11
NSW,Coolamon,2024-10,0,0,0,0,0,10
NSW,Coolamon,2024-11,0,0,0,0,0,8
NSW,Coolamon,2024-12,0,1,0,0,0,10
NSW,Coolamon,2025-01,0,0,0,0,0,9
NSW,Coolamon,2025-02,0,1,0,1,0,16
NSW,Coolamon,2025-03,0,0,0,0,0,15
NSW,Coolamon,2025-04,0,0,0,0,0,14
NSW,Coolamon,2025-05,0,0,0,0,0,13
NSW,Coolamon,2025-06,0,0,0,0,0,10
NSW,Coolamon,2025-07,0,0,0,0,0,5
NSW,Coolamon,2025-08,0,0,0,0,0,10
NSW,Coolamon,2025-09,0,0,0,0,0,5
NSW,Coolamon,2025-10,0,0,0,0,0,14
NSW,Coolamon,2025-11,0,0,0,0,0,16
NSW,Coolamon,2025-12,0,0,0,0,0,10
NSW,Coolamon,2026-01,0,0,0,0,0,10
NSW,Coolamon,2026-02,0,0,0,0,0,12
NSW,Coolamon,2026-03,0,0,0,0,0,11
NSW,Coolamon,2026-04,0,0,0,0,0,9
NSW,Coolamon,2026-05,0,0,0,0,0,9
NSW,Coolamon,2026-06,0,2,0,0,0,16
NSW,Coolamon,2026-07,0,0,0,0,0,9
NSW,Coolamon,2026-08,0,0,0,2,0,12
NSW,Coonamble,2023-01,0,0,0,0,0,7
NSW,Coonamble,2023-02,0,0,0,0,0,5
NSW,Coonamble,2023-03,0,0,0,0,0,1
NSW,Coonamble,2023-04,0,0,0,0,0,1
NSW,Coonamble,2023-05,0,0,0,0,0,7
NSW,Coonamble,2023-06,0,0,0,0,0,4
NSW,Coonamble,2023-07,0,0,0,0,0,9
NSW,Coonamble,2023-08,0,0,0,0,0,17
NSW,Coonamble,2023-09,0,0,0,0,0,9
NSW,Coonamble,2023-10,0,0,0,0,0,10
NSW,Coonamble,2023-11,0,0,0,0,0,8
NSW,Coonamble,2023-12,0,0,0,0,0,8
NSW,Coonamble,2024-01,0,0,0,0,0,12
NSW,Coonamble,2024-02,0,0,0,0,0,1
NSW,Coonamble,2024-03,0,0,0,0,0,3
NSW,Coonamble,2024-04,0,0,0,0,0,5
NSW,Coonamble,2024-05,0,0,0,0,0,7
NSW,Coonamble,2024-06,0,0,0,0,0,8
NSW,Coonamble,2024-07,0,0,0,0,0,4
NSW,Coonamble,2024-08,0,0,0,0,0,8
NSW,Coonamble,2024-09,0,0,0,0,0,6
NSW,Coonamble,2024-10,0,0,0,0,0,1
NSW,Coonamble,2024-11,0,0,0,0,0,9
NSW,Coonamble,2024-12,0,0,0,0,0,5
NSW,Coonamble,2025-01,0,0,0,0,0,15
NSW,Coonamble,2025-02,0,0,0,0,0,9
NSW,Coonamble,2025-03,0,0,0,0,0,6
NSW,Coonamble,2025-04,0,0,0,0,0,6
NSW,Coonamble,2025-05,0,0,0,0,0,5
NSW,Coonamble,2025-06,0,0,0,0,0,11
NSW,Coonamble,2025-07,0,0,0,0,0,8
NSW,Coonamble,2025-08,0,0,0,0,0,6
NSW,Coonamble,2025-09,0,0,0,0,0,6
NSW,Coonamble,2025-10,0,0,0,0,0,11
NSW,Coonamble,2025-11,0,0,0,0,0,9
NSW,Coonamble,2025-12,0,0,0,1,0,6
NSW,Coonamble,2026-01,0,0,0,0,0,5
NSW,Coonamble,2026-02,0,0,0,0,0,5
NSW,Coonamble,2026-03,0,0,0,0,0,13
NSW,Coonamble,2026-04,0,0,0,0,0,7
NSW,Coonamble,2026-05,0,0,0,0,0,1
NSW,Coonamble,2026-06,0,0,0,0,0,8
NSW,Coonamble,2026-07,0,0,0,0,0,10
NSW,Coonamble,2026-08,0,0,0,0,0,6
NSW,Cootamundra-Gundagai Regional,2023-01,0,0,0,0,0,31
NSW,Cootamundra-Gundagai Regional,2023-02,0,0,0,0,0,21
NSW,Cootamundra-Gundagai Regional,2023-03,0,0,0,0,0,1
NSW,Cootamundra-Gundagai Regional,2023-04,0,0,0,0,0,8
NSW,Cootamundra-Gundagai Regional,2023-05,0,0,0,0,0,28
NSW,Cootamundra-Gundagai Regional,2023-06,0,1,0,0,0,34
NSW,Cootamundra-Gundagai Regional,2023-07,0,1,0,0,0,27
NSW,Cootamundra-Gundagai Regional,2023-08,0,0,0,0,0,25
NSW,Cootamundra-Gundagai Regional,2023-09,0,0,0,0,0,26
NSW,Cootamundra-Gundagai Regional,2023-10,0,0,0,1,0,30
NSW,Cootamundra-Gundagai Regional,2023-11,0,1,0,0,0,32
NSW,Cootamundra-Gundagai Regional,2023-12,0,0,0,0,0,27
NSW,Cootamundra-Gundagai Regional,2024-01,0,0,0,0,0,24
NSW,Cootamundra-Gundagai Regional,2024-02,0,0,0,0,0,3
NSW,Cootamundra-Gundagai Regional,2024-03,0,0,0,0,0,8
NSW,Cootamundra-Gundagai Regional,2024-04,0,2,0,0,0,14
NSW,Cootamundra-Gundagai Regional,2024-05,0,1,0,0,0,18
NSW,Cootamundra-Gundagai Regional,2024-06,0,0,0,0,0,26
NSW,Cootamundra-Gundagai Regional,2024-07,0,2,0,0,0,30
NSW,Cootamundra-Gundagai Regional,2024-08,0,1,0,0,0,23
NSW,Cootamundra-Gundagai Regional,2024-09,0,0,0,0,0,24
NSW,Cootamundra-Gundagai Regional,2024-10,0,0,0,0,0,25
NSW,Cootamundra-Gundagai Regional,2024-11,0,0,0,0,0,25
NSW,Cootamundra-Gundagai Regional,2024-12,0,0,0,0,0,26
NSW,Cootamundra-Gundagai Regional,2025-01,0,0,0,0,0,27
NSW,Cootamundra-Gundagai Regional,2025-02,0,0,0,0,0,18
NSW,Cootamundra-Gundagai Regional,2025-03,0,1,0,0,0,32
NSW,Cootamundra-Gundagai Regional,2025-04,0,0,0,1,0,26
NSW,Cootamundra-Gundagai Regional,2025-05,0,0,0,0,0,35
NSW,Cootamundra-Gundagai Regional,2025-06,0,2,0,0,0,27
NSW,Cootamundra-Gundagai Regional,2025-07,0,0,0,0,0,21
NSW,Cootamundra-Gundagai Regional,2025-08,0,1,0,1,0,21
NSW,Cootamundra-Gundagai Regional,2025-09,0,0,0,0,0,27
NSW,Cootamundra-Gundagai Regional,2025-10,0,0,0,0,0,26
NSW,Cootamundra-Gundagai Regional,2025-11,0,0,0,0,0,24
NSW,Cootamundra-Gundagai Regional,2025-12,0,1,0,1,0,21
NSW,Cootamundra-Gundagai Regional,2026-01,0,0,0,0,0,12
NSW,Cootamundra-Gundagai Regional,2026-02,0,1,0,0,0,24
NSW,Cootamundra-Gundagai Regional,2026-03,0,3,0,2,0,22
NSW,Cootamundra-Gundagai Regional,2026-04,0,4,0,0,0,11
NSW,Cootamundra-Gundagai Regional,2026-05,0,2,0,1,0,30
NSW,Cootamundra-Gundagai Regional,2026-06,0,1,0,1,0,26
NSW,Cootamundra-Gundagai Regional,2026-07,0,0,0,1,0,24
NSW,Cootamundra-Gundagai Regional,2026-08,0,0,0,1,0,21
NSW,Cowra,2023-01,0,0,0,0,0,38
NSW,Cowra,2023-02,0,0,0,0,0,23
NSW,Cowra,2023-03,0,0,0,0,0,9
NSW,Cowra,2023-04,0,0,0,0,0,8
NSW,Cowra,2023-05,0,1,0,0,0,35
NSW,Cowra,2023-06,0,0,0,1,0,52
NSW,Cowra,2023-07,0,1,0,0,0,38
NSW,Cowra,2023-08,0,0,0,0,0,58
NSW,Cowra,2023-09,0,1,0,0,0,34
NSW,Cowra,2023-10,0,0,0,0,0,32
NSW,Cowra,2023-11,0,0,0,1,0,48
NSW,Cowra,2023-12,0,0,0,0,0,37
NSW,Cowra,2024-01,0,0,0,0,0,41
NSW,Cowra,2024-02,0,0,0,0,0,3
NSW,Cowra,2024-03,0,0,0,0,0,6
NSW,Cowra,2024-04,0,1,0,0,0,35
NSW,Cowra,2024-05,0,0,0,0,0,34
NSW,Cowra,2024-06,0,0,0,0,0,35
NSW,Cowra,2024-07,0,0,0,0,0,33
NSW,Cowra,2024-08,0,0,0,0,0,30
NSW,Cowra,2024-09,0,0,0,0,0,32
NSW,Cowra,2024-10,0,0,0,0,0,41
NSW,Cowra,2024-11,0,0,0,0,0,35
NSW,Cowra,2024-12,0,0,0,0,0,30
NSW,Cowra,2025-01,0,0,0,0,0,42
NSW,Cowra,2025-02,0,1,0,0,0,38
NSW,Cowra,2025-03,0,1,0,1,0,28
NSW,Cowra,2025-04,0,0,0,0,0,30
NSW,Cowra,2025-05,0,0,0,1,0,40
NSW,Cowra,2025-06,0,1,0,0,0,30
NSW,Cowra,2025-07,0,0,0,0,0,28
NSW,Cowra,2025-08,0,0,0,0,0,23
NSW,Cowra,2025-09,0,0,0,1,0,43
NSW,Cowra,2025-10,0,1,0,0,0,29
NSW,Cowra,2025-11,0,1,0,0,0,34
NSW,Cowra,2025-12,0,0,0,0,0,31
NSW,Cowra,2026-01,0,0,0,2,0,24
NSW,Cowra,2026-02,0,0,0,0,0,22
NSW,Cowra,2026-03,0,3,0,0,0,25
NSW,Cowra,2026-04,0,2,0,0,0,29
NSW,Cowra,2026-05,0,2,0,0,0,28
NSW,Cowra,2026-06,0,3,0,2,0,44
NSW,Cowra,2026-07,0,2,0,2,0,35
NSW,Cowra,2026-08,0,0,0,0,0,34
NSW,Cumberland,2023-01,0,27,0,1,0,384
NSW,Cumberland,2023-02,0,27,0,0,0,330
NSW,Cumberland,2023-03,0,5,0,0,0,55
NSW,Cumberland,2023-04,0,6,0,0,0,133
NSW,Cumberland,2023-05,0,27,0,1,0,440
NSW,Cumberland,2023-06,0,35,0,2,0,473
NSW,Cumberland,2023-07,0,37,0,5,0,433
NSW,Cumberland,2023-08,0,22,0,6,13,505
NSW,Cumberland,2023-09,0,37,0,5,8,487
NSW,Cumberland,2023-10,0,22,0,8,0,441
NSW,Cumberland,2023-11,0,34,0,5,7,444
NSW,Cumberland,2023-12,0,23,0,3,0,348
NSW,Cumberland,2024-01,0,26,0,4,0,383
NSW,Cumberland,2024-02,0,9,0,1,0,55
NSW,Cumberland,2024-03,0,5,0,0,0,95
NSW,Cumberland,2024-04,0,21,0,6,0,331
NSW,Cumberland,2024-05,0,13,0,5,0,310
NSW,Cumberland,2024-06,0,33,0,10,0,445
NSW,Cumberland,2024-07,0,24,0,3,7,433
NSW,Cumberland,2024-08,0,24,0,13,0,426
NSW,Cumberland,2024-09,0,34,0,16,0,376
NSW,Cumberland,2024-10,0,21,0,7,0,394
NSW,Cumberland,2024-11,0,20,0,4,0,381
NSW,Cumberland,2024-12,0,37,0,8,0,393
NSW,Cumberland,2025-01,0,7,0,9,0,350
NSW,Cumberland,2025-02,0,20,0,20,0,402
NSW,Cumberland,2025-03,0,33,0,18,0,385
NSW,Cumberland,2025-04,0,12,0,5,0,375
NSW,Cumberland,2025-05,0,48,0,8,0,439
NSW,Cumberland,2025-06,0,60,0,23,0,471
NSW,Cumberland,2025-07,0,21,0,8,0,402
NSW,Cumberland,2025-08,0,34,0,10,0,401
NSW,Cumberland,2025-09,0,51,0,7,0,403
NSW,Cumberland,2025-10,0,29,0,12,7,421
NSW,Cumberland,2025-11,0,37,0,18,0,399
NSW,Cumberland,2025-12,0,40,0,13,8,397
NSW,Cumberland,2026-01,0,29,0,14,0,341
NSW,Cumberland,2026-02,0,45,0,22,0,361
NSW,Cumberland,2026-03,0,61,0,15,0,348
NSW,Cumberland,2026-04,0,57,0,30,0,338
NSW,Cumberland,2026-05,0,88,0,32,6,361
NSW,Cumberland,2026-06,0,104,0,45,0,463
NSW,Cumberland,2026-07,0,95,0,43,0,352
NSW,Cumberland,2026-08,0,97,0,41,0,276
NSW,Dubbo Regional,2023-01,0,0,0,1,0,128
NSW,Dubbo Regional,2023-02,0,3,0,0,0,97
NSW,Dubbo Regional,2023-03,0,1,0,0,0,20
NSW,Dubbo Regional,2023-04,0,1,0,0,0,40
NSW,Dubbo Regional,2023-05,0,2,0,0,0,133
NSW,Dubbo Regional,2023-06,0,1,0,0,0,151
NSW,Dubbo Regional,2023-07,0,2,0,0,0,128
NSW,Dubbo Regional,2023-08,0,2,0,0,0,172
NSW,Dubbo Regional,2023-09,0,4,0,4,0,183
NSW,Dubbo Regional,2023-10,0,0,0,0,0,169
NSW,Dubbo Regional,2023-11,0,4,0,4,0,144
NSW,Dubbo Regional,2023-12,0,2,0,0,0,148
NSW,Dubbo Regional,2024-01,0,3,0,0,0,138
NSW,Dubbo Regional,2024-02,0,1,0,0,0,16
NSW,Dubbo Regional,2024-03,0,1,0,0,0,34
NSW,Dubbo Regional,2024-04,0,3,0,0,0,120
NSW,Dubbo Regional,2024-05,0,2,0,1,0,107
NSW,Dubbo Regional,2024-06,0,2,0,3,0,126
NSW,Dubbo Regional,2024-07,0,1,0,1,0,146
NSW,Dubbo Regional,2024-08,0,1,0,2,0,130
NSW,Dubbo Regional,2024-09,0,0,0,0,0,119
NSW,Dubbo Regional,2024-10,0,1,0,1,0,129
NSW,Dubbo Regional,2024-11,0,2,0,6,0,158
NSW,Dubbo Regional,2024-12,0,2,0,1,0,102
NSW,Dubbo Regional,2025-01,0,2,0,0,0,146
NSW,Dubbo Regional,2025-02,0,1,0,2,0,117
NSW,Dubbo Regional,2025-03,0,5,0,3,0,139
NSW,Dubbo Regional,2025-04,0,1,0,0,0,108
NSW,Dubbo Regional,2025-05,0,2,0,1,0,138
NSW,Dubbo Regional,2025-06,0,1,0,1,0,152
NSW,Dubbo Regional,2025-07,0,1,0,1,0,147
NSW,Dubbo Regional,2025-08,0,1,0,3,0,123
NSW,Dubbo Regional,2025-09,0,5,0,0,0,134
NSW,Dubbo Regional,2025-10,0,1,0,4,0,145
NSW,Dubbo Regional,2025-11,0,2,0,1,0,119
NSW,Dubbo Regional,2025-12,0,2,0,1,0,110
NSW,Dubbo Regional,2026-01,0,3,0,1,0,97
NSW,Dubbo Regional,2026-02,0,1,0,1,0,114
NSW,Dubbo Regional,2026-03,0,6,0,2,0,145
NSW,Dubbo Regional,2026-04,0,7,0,2,0,107
NSW,Dubbo Regional,2026-05,0,7,0,1,0,116
NSW,Dubbo Regional,2026-06,0,9,0,7,0,156
NSW,Dubbo Regional,2026-07,0,10,0,10,0,125
NSW,Dubbo Regional,2026-08,0,8,0,7,0,114
NSW,Dungog,2023-01,0,0,0,0,0,21
NSW,Dungog,2023-02,0,0,0,0,0,13
NSW,Dungog,2023-03,0,1,0,0,0,1
NSW,Dungog,2023-04,0,1,0,0,0,5
NSW,Dungog,2023-05,0,1,0,0,0,18
NSW,Dungog,2023-06,0,1,0,0,0,35
NSW,Dungog,2023-07,0,0,0,0,0,24
NSW,Dungog,2023-08,0,1,0,0,0,29
NSW,Dungog,2023-09,0,2,0,0,0,29
NSW,Dungog,2023-10,0,1,0,0,0,32
NSW,Dungog,2023-11,0,3,0,1,0,34
NSW,Dungog,2023-12,0,2,0,2,0,21
NSW,Dungog,2024-01,0,1,0,0,0,33
NSW,Dungog,2024-02,0,0,0,0,0,5
NSW,Dungog,2024-03,0,0,0,0,0,7
NSW,Dungog,2024-04,0,0,0,1,0,12
NSW,Dungog,2024-05,0,2,0,0,0,15
NSW,Dungog,2024-06,0,1,0,0,0,32
NSW,Dungog,2024-07,0,0,0,0,0,21
NSW,Dungog,2024-08,0,0,0,1,0,28
NSW,Dungog,2024-09,0,0,0,0,0,25
NSW,Dungog,2024-10,0,1,0,0,0,19
NSW,Dungog,2024-11,0,1,0,1,0,31
NSW,Dungog,2024-12,0,0,0,0,0,22
NSW,Dungog,2025-01,0,0,0,0,0,22
NSW,Dungog,2025-02,0,0,0,0,0,22
NSW,Dungog,2025-03,0,0,0,0,0,24
NSW,Dungog,2025-04,0,3,0,0,0,22
NSW,Dungog,2025-05,0,2,0,0,0,39
NSW,Dungog,2025-06,0,3,0,1,0,28
NSW,Dungog,2025-07,0,0,0,0,0,29
NSW,Dungog,2025-08,0,1,0,0,0,24
NSW,Dungog,2025-09,0,2,0,0,0,21
NSW,Dungog,2025-10,0,0,0,0,0,31
NSW,Dungog,2025-11,0,1,0,0,0,18
NSW,Dungog,2025-12,0,1,0,0,0,21
NSW,Dungog,2026-01,0,1,0,0,0,25
NSW,Dungog,2026-02,0,0,0,0,0,20
NSW,Dungog,2026-03,0,4,0,0,0,14
NSW,Dungog,2026-04,0,3,0,2,0,18
NSW,Dungog,2026-05,0,6,0,0,0,26
NSW,Dungog,2026-06,0,9,0,1,0,25
NSW,Dungog,2026-07,0,3,0,0,0,26
NSW,Dungog,2026-08,0,4,0,1,0,20
NSW,Edward River,2023-01,0,0,0,1,0,14
NSW,Edward River,2023-02,0,0,0,0,0,17
NSW,Edward River,2023-03,0,0,0,0,0,3
NSW,Edward River,2023-04,0,0,0,0,0,5
NSW,Edward River,2023-05,0,0,0,0,0,15
NSW,Edward River,2023-06,0,0,0,0,0,17
NSW,Edward River,2023-07,0,0,0,0,0,14
NSW,Edward River,2023-08,0,1,0,0,0,28
NSW,Edward River,2023-09,0,0,0,0,0,23
NSW,Edward River,2023-10,0,0,0,0,0,20
NSW,Edward River,2023-11,0,1,0,0,0,22
NSW,Edward River,2023-12,0,1,0,0,0,30
NSW,Edward River,2024-01,0,0,0,0,0,15
NSW,Edward River,2024-02,0,0,0,0,0,2
NSW,Edward River,2024-03,0,0,0,0,0,4
NSW,Edward River,2024-04,0,0,0,0,0,11
NSW,Edward River,2024-05,0,1,0,0,0,11
NSW,Edward River,2024-06,0,0,0,0,0,16
NSW,Edward River,2024-07,0,0,0,0,0,13
NSW,Edward River,2024-08,0,0,0,0,0,14
NSW,Edward River,2024-09,0,0,0,0,0,24
NSW,Edward River,2024-10,0,0,0,0,0,17
NSW,Edward River,2024-11,0,0,0,0,0,17
NSW,Edward River,2024-12,0,0,0,0,0,10
NSW,Edward River,2025-01,0,0,0,1,0,15
NSW,Edward River,2025-02,0,0,0,0,0,14
NSW,Edward River,2025-03,0,0,0,0,0,17
NSW,Edward River,2025-04,0,0,0,0,0,22
NSW,Edward River,2025-05,0,1,0,0,0,24
NSW,Edward River,2025-06,0,0,0,0,0,23
NSW,Edward River,2025-07,0,1,0,0,0,16
NSW,Edward River,2025-08,0,0,0,1,0,17
NSW,Edward River,2025-09,0,0,0,1,0,15
NSW,Edward River,2025-10,0,0,0,0,0,17
NSW,Edward River,2025-11,0,0,0,0,0,13
NSW,Edward River,2025-12,0,0,0,0,0,16
NSW,Edward River,2026-01,0,0,0,0,0,11
NSW,Edward River,2026-02,0,0,0,0,0,14
NSW,Edward River,2026-03,0,1,0,0,0,14
NSW,Edward River,2026-04,0,0,0,0,0,11
NSW,Edward River,2026-05,0,0,0,0,0,9
NSW,Edward River,2026-06,0,2,0,1,0,19
NSW,Edward River,2026-07,0,0,0,0,0,21
NSW,Edward River,2026-08,0,0,0,0,0,17
NSW,Eurobodalla,2023-01,0,11,0,0,0,67
NSW,Eurobodalla,2023-02,0,8,0,0,0,47
NSW,Eurobodalla,2023-03,0,0,0,0,0,12
NSW,Eurobodalla,2023-04,0,0,0,0,0,14
NSW,Eurobodalla,2023-05,0,6,0,0,0,83
NSW,Eurobodalla,2023-06,0,3,0,1,0,97
NSW,Eurobodalla,2023-07,0,1,0,0,0,80
NSW,Eurobodalla,2023-08,0,4,0,0,0,103
NSW,Eurobodalla,2023-09,0,7,0,1,0,102
NSW,Eurobodalla,2023-10,0,7,0,2,0,90
NSW,Eurobodalla,2023-11,0,9,0,1,0,88
NSW,Eurobodalla,2023-12,0,2,0,0,0,69
NSW,Eurobodalla,2024-01,0,2,0,2,0,83
NSW,Eurobodalla,2024-02,0,0,0,0,0,6
NSW,Eurobodalla,2024-03,0,3,0,0,0,13
NSW,Eurobodalla,2024-04,0,1,0,1,0,81
NSW,Eurobodalla,2024-05,0,3,0,0,0,62
NSW,Eurobodalla,2024-06,0,3,0,1,0,78
NSW,Eurobodalla,2024-07,0,7,0,1,0,68
NSW,Eurobodalla,2024-08,0,3,0,2,0,96
NSW,Eurobodalla,2024-09,0,5,0,2,0,80
NSW,Eurobodalla,2024-10,0,2,0,0,0,80
NSW,Eurobodalla,2024-11,0,5,0,2,0,63
NSW,Eurobodalla,2024-12,0,7,0,1,0,70
NSW,Eurobodalla,2025-01,0,3,0,2,0,73
NSW,Eurobodalla,2025-02,0,2,0,4,0,72
NSW,Eurobodalla,2025-03,0,5,0,5,0,78
NSW,Eurobodalla,2025-04,0,4,0,1,0,77
NSW,Eurobodalla,2025-05,0,7,0,3,0,67
NSW,Eurobodalla,2025-06,0,3,0,2,0,107
NSW,Eurobodalla,2025-07,0,3,0,1,0,91
NSW,Eurobodalla,2025-08,0,6,0,1,0,74
NSW,Eurobodalla,2025-09,0,9,0,2,0,89
NSW,Eurobodalla,2025-10,0,3,0,0,0,100
NSW,Eurobodalla,2025-11,0,6,0,0,0,80
NSW,Eurobodalla,2025-12,0,3,0,3,0,86
NSW,Eurobodalla,2026-01,0,4,0,1,0,64
NSW,Eurobodalla,2026-02,0,5,0,2,0,70
NSW,Eurobodalla,2026-03,0,18,0,1,0,80
NSW,Eurobodalla,2026-04,0,20,0,1,0,63
NSW,Eurobodalla,2026-05,0,26,0,5,0,69
NSW,Eurobodalla,2026-06,0,28,0,5,0,98
NSW,Eurobodalla,2026-07,0,24,0,10,0,64
NSW,Eurobodalla,2026-08,0,25,0,4,0,64
NSW,Fairfield,2023-01,0,15,0,0,0,225
NSW,Fairfield,2023-02,0,10,0,0,0,200
NSW,Fairfield,2023-03,0,3,0,0,0,42
NSW,Fairfield,2023-04,0,4,0,0,0,77
NSW,Fairfield,2023-05,0,19,0,1,0,261
NSW,Fairfield,2023-06,0,19,0,0,0,274
NSW,Fairfield,2023-07,0,16,0,2,0,293
NSW,Fairfield,2023-08,0,16,0,3,0,329
NSW,Fairfield,2023-09,0,35,0,2,0,308
NSW,Fairfield,2023-10,0,11,0,5,0,291
NSW,Fairfield,2023-11,0,19,0,0,0,290
NSW,Fairfield,2023-12,0,13,0,2,0,225
NSW,Fairfield,2024-01,0,17,0,1,0,253
NSW,Fairfield,2024-02,0,2,0,1,0,35
NSW,Fairfield,2024-03,0,3,0,1,0,75
NSW,Fairfield,2024-04,0,6,0,2,0,222
NSW,Fairfield,2024-05,0,6,0,2,0,196
NSW,Fairfield,2024-06,0,11,0,4,0,288
NSW,Fairfield,2024-07,0,13,0,3,0,288
NSW,Fairfield,2024-08,0,11,0,4,0,260
NSW,Fairfield,2024-09,0,8,0,8,0,241
NSW,Fairfield,2024-10,0,17,0,4,0,230
NSW,Fairfield,2024-11,0,7,0,4,0,207
NSW,Fairfield,2024-12,0,11,0,6,0,246
NSW,Fairfield,2025-01,0,8,0,2,0,230
NSW,Fairfield,2025-02,0,3,0,6,0,266
NSW,Fairfield,2025-03,0,10,0,8,0,241
NSW,Fairfield,2025-04,0,9,0,1,0,245
NSW,Fairfield,2025-05,0,31,0,7,0,272
NSW,Fairfield,2025-06,0,30,0,12,0,319
NSW,Fairfield,2025-07,0,18,0,6,0,273
NSW,Fairfield,2025-08,0,20,0,8,0,229
NSW,Fairfield,2025-09,0,22,0,9,0,248
NSW,Fairfield,2025-10,0,16,0,6,0,286
NSW,Fairfield,2025-11,0,5,0,8,0,237
NSW,Fairfield,2025-12,0,27,0,16,0,261
NSW,Fairfield,2026-01,0,12,0,12,0,227
NSW,Fairfield,2026-02,0,19,0,8,0,212
NSW,Fairfield,2026-03,0,31,0,15,0,240
NSW,Fairfield,2026-04,0,29,0,15,0,227
NSW,Fairfield,2026-05,0,53,0,20,0,213
NSW,Fairfield,2026-06,0,78,0,34,0,297
NSW,Fairfield,2026-07,0,48,0,23,0,252
NSW,Fairfield,2026-08,0,54,0,23,0,217
NSW,Federation,2023-01,0,0,0,0,0,15
NSW,Federation,2023-02,0,2,0,0,0,14
NSW,Federation,2023-03,0,0,0,0,0,5
NSW,Federation,2023-04,0,0,0,0,0,5
NSW,Federation,2023-05,0,0,0,0,0,27
NSW,Federation,2023-06,0,0,0,0,0,27
NSW,Federation,2023-07,0,0,0,0,0,24
NSW,Federation,2023-08,0,0,0,0,0,29
NSW,Federation,2023-09,0,0,0,0,0,25
NSW,Federation,2023-10,0,0,0,0,0,29
NSW,Federation,2023-11,0,1,0,0,0,23
NSW,Federation,2023-12,0,0,0,0,0,16
NSW,Federation,2024-01,0,0,0,0,0,25
NSW,Federation,2024-02,0,0,0,0,0,1
NSW,Federation,2024-03,0,0,0,0,0,8
NSW,Federation,2024-04,0,0,0,0,0,17
NSW,Federation,2024-05,0,1,0,0,0,24
NSW,Federation,2024-06,0,0,0,0,0,24
NSW,Federation,2024-07,0,1,0,1,0,35
NSW,Federation,2024-08,0,0,0,0,0,27
NSW,Federation,2024-09,0,0,0,1,0,19
NSW,Federation,2024-10,0,0,0,1,0,21
NSW,Federation,2024-11,0,0,0,0,0,21
NSW,Federation,2024-12,0,1,0,0,0,22
NSW,Federation,2025-01,0,1,0,0,0,24
NSW,Federation,2025-02,0,0,0,0,0,28
NSW,Federation,2025-03,0,0,0,0,0,20
NSW,Federation,2025-04,0,1,0,0,0,21
NSW,Federation,2025-05,0,0,0,0,0,33
NSW,Federation,2025-06,0,1,0,0,0,24
NSW,Federation,2025-07,0,0,0,0,0,30
NSW,Federation,2025-08,0,1,0,0,0,32
NSW,Federation,2025-09,0,2,0,0,0,22
NSW,Federation,2025-10,0,0,0,0,0,18
NSW,Federation,2025-11,0,0,0,1,0,20
NSW,Federation,2025-12,0,0,0,0,0,17
NSW,Federation,2026-01,0,0,0,1,0,22
NSW,Federation,2026-02,0,0,0,0,0,19
NSW,Federation,2026-03,0,1,0,0,0,20
NSW,Federation,2026-04,0,1,0,1,0,13
NSW,Federation,2026-05,0,7,0,2,0,22
NSW,Federation,2026-06,0,7,0,1,0,37
NSW,Federation,2026-07,0,1,0,6,0,26
NSW,Federation,2026-08,0,3,0,0,0,15
NSW,Forbes,2023-01,0,0,0,0,0,21
NSW,Forbes,2023-02,0,1,0,0,0,22
NSW,Forbes,2023-03,0,0,0,0,0,1
NSW,Forbes,2023-04,0,0,0,0,0,7
NSW,Forbes,2023-05,0,0,0,0,0,32
NSW,Forbes,2023-06,0,0,0,0,0,27
NSW,Forbes,2023-07,0,0,0,0,0,26
NSW,Forbes,2023-08,0,0,0,0,0,34
NSW,Forbes,2023-09,0,0,0,0,0,25
NSW,Forbes,2023-10,0,0,0,0,0,37
NSW,Forbes,2023-11,0,0,0,0,0,34
NSW,Forbes,2023-12,0,0,0,0,0,18
NSW,Forbes,2024-01,0,1,0,0,0,34
NSW,Forbes,2024-02,0,0,0,0,0,2
NSW,Forbes,2024-03,0,0,0,1,0,10
NSW,Forbes,2024-04,0,0,0,0,0,21
NSW,Forbes,2024-05,0,0,0,1,0,18
NSW,Forbes,2024-06,0,0,0,1,0,32
NSW,Forbes,2024-07,0,1,0,0,0,33
NSW,Forbes,2024-08,0,0,0,0,0,30
NSW,Forbes,2024-09,0,0,0,0,0,25
NSW,Forbes,2024-10,0,0,0,1,0,31
NSW,Forbes,2024-11,0,0,0,0,0,21
NSW,Forbes,2024-12,0,0,0,0,0,24
NSW,Forbes,2025-01,0,0,0,0,0,26
NSW,Forbes,2025-02,0,0,0,0,0,22
NSW,Forbes,2025-03,0,0,0,0,0,19
NSW,Forbes,2025-04,0,0,0,1,0,26
NSW,Forbes,2025-05,0,0,0,0,0,31
NSW,Forbes,2025-06,0,1,0,0,0,28
NSW,Forbes,2025-07,0,0,0,0,0,26
NSW,Forbes,2025-08,0,0,0,0,0,26
NSW,Forbes,2025-09,0,0,0,0,0,18
NSW,Forbes,2025-10,0,1,0,0,0,18
NSW,Forbes,2025-11,0,0,0,0,0,22
NSW,Forbes,2025-12,0,0,0,1,0,25
NSW,Forbes,2026-01,0,0,0,0,0,23
NSW,Forbes,2026-02,0,0,0,0,0,26
NSW,Forbes,2026-03,0,1,0,0,0,28
NSW,Forbes,2026-04,0,0,0,0,0,20
NSW,Forbes,2026-05,0,0,0,1,0,20
NSW,Forbes,2026-06,0,3,0,0,0,28
NSW,Forbes,2026-07,0,1,0,3,0,21
NSW,Forbes,2026-08,0,0,0,1,0,26
NSW,Georges River,2023-01,0,32,0,2,0,292
NSW,Georges River,2023-02,0,24,0,2,0,232
NSW,Georges River,2023-03,0,5,0,0,0,37
NSW,Georges River,2023-04,0,11,0,0,0,104
NSW,Georges River,2023-05,0,39,0,0,0,309
NSW,Georges River,2023-06,0,42,0,0,0,344
NSW,Georges River,2023-07,0,31,0,3,0,334
NSW,Georges River,2023-08,0,30,0,6,0,390
NSW,Georges River,2023-09,0,47,0,2,0,388
NSW,Georges River,2023-10,0,26,0,5,0,371
NSW,Georges River,2023-11,0,47,0,6,0,326
NSW,Georges River,2023-12,0,32,0,1,0,252
NSW,Georges River,2024-01,0,31,0,3,0,321
NSW,Georges River,2024-02,0,2,0,0,0,36
NSW,Georges River,2024-03,0,14,0,0,0,76
NSW,Georges River,2024-04,0,16,0,4,0,236
NSW,Georges River,2024-05,0,20,0,1,0,232
NSW,Georges River,2024-06,0,31,0,9,0,362
NSW,Georges River,2024-07,0,29,0,14,0,331
NSW,Georges River,2024-08,0,24,0,19,0,296
NSW,Georges River,2024-09,0,26,0,14,0,342
NSW,Georges River,2024-10,0,24,0,10,0,266
NSW,Georges River,2024-11,0,40,0,14,0,291
NSW,Georges River,2024-12,0,33,0,14,0,277
NSW,Georges River,2025-01,0,7,0,11,0,273
NSW,Georges River,2025-02,0,23,0,14,0,280
NSW,Georges River,2025-03,0,26,0,21,0,298
NSW,Georges River,2025-04,0,15,0,6,0,259
NSW,Georges River,2025-05,0,49,0,13,0,333
NSW,Georges River,2025-06,0,48,0,27,0,367
NSW,Georges River,2025-07,0,26,0,17,0,326
NSW,Georges River,2025-08,0,33,0,7,0,266
NSW,Georges River,2025-09,0,54,0,12,0,299
NSW,Georges River,2025-10,0,37,0,14,0,290
NSW,Georges River,2025-11,0,41,0,14,0,292
NSW,Georges River,2025-12,0,43,0,20,0,302
NSW,Georges River,2026-01,0,32,0,15,0,268
NSW,Georges River,2026-02,0,43,0,25,0,234
NSW,Georges River,2026-03,0,63,0,15,0,275
NSW,Georges River,2026-04,0,49,0,20,0,192
NSW,Georges River,2026-05,0,113,0,25,0,243
NSW,Georges River,2026-06,0,105,0,41,0,328
NSW,Georges River,2026-07,0,81,0,30,0,210
NSW,Georges River,2026-08,0,89,0,23,0,186
NSW,Gilgandra,2023-01,0,0,0,0,0,13
NSW,Gilgandra,2023-02,0,0,0,0,0,5
NSW,Gilgandra,2023-03,0,0,0,0,0,1
NSW,Gilgandra,2023-04,0,0,0,0,0,3
NSW,Gilgandra,2023-05,0,0,0,0,0,11
NSW,Gilgandra,2023-06,0,0,0,0,0,8
NSW,Gilgandra,2023-07,0,0,0,0,0,13
NSW,Gilgandra,2023-08,0,0,0,0,0,13
NSW,Gilgandra,2023-09,0,0,0,0,0,11
NSW,Gilgandra,2023-10,0,0,0,0,0,13
NSW,Gilgandra,2023-11,0,0,0,0,0,17
NSW,Gilgandra,2023-12,0,0,0,0,0,16
NSW,Gilgandra,2024-01,0,0,0,0,0,6
NSW,Gilgandra,2024-03,0,0,0,0,0,3
NSW,Gilgandra,2024-04,0,0,0,0,0,9
NSW,Gilgandra,2024-05,0,0,0,0,0,9
NSW,Gilgandra,2024-06,0,0,0,0,0,12
NSW,Gilgandra,2024-07,0,0,0,0,0,7
NSW,Gilgandra,2024-08,0,0,0,0,0,13
NSW,Gilgandra,2024-09,0,0,0,0,0,8
NSW,Gilgandra,2024-10,0,0,0,0,0,3
NSW,Gilgandra,2024-11,0,0,0,0,0,11
NSW,Gilgandra,2024-12,0,0,0,0,0,7
NSW,Gilgandra,2025-01,0,0,0,0,0,5
NSW,Gilgandra,2025-02,0,0,0,0,0,7
NSW,Gilgandra,2025-03,0,0,0,0,0,5
NSW,Gilgandra,2025-04,0,0,0,0,0,4
NSW,Gilgandra,2025-05,0,0,0,1,0,17
NSW,Gilgandra,2025-06,0,0,0,0,0,5
NSW,Gilgandra,2025-07,0,0,0,0,0,8
NSW,Gilgandra,2025-08,0,0,0,1,0,9
NSW,Gilgandra,2025-09,0,1,0,0,0,12
NSW,Gilgandra,2025-10,0,0,0,0,0,9
NSW,Gilgandra,2025-11,0,0,0,0,0,8
NSW,Gilgandra,2025-12,0,0,0,0,0,8
NSW,Gilgandra,2026-01,0,0,0,0,0,5
NSW,Gilgandra,2026-02,0,0,0,0,0,9
NSW,Gilgandra,2026-03,0,1,0,0,0,9
NSW,Gilgandra,2026-04,0,1,0,0,0,10
NSW,Gilgandra,2026-05,0,1,0,0,0,9
NSW,Gilgandra,2026-06,0,0,0,0,0,13
NSW,Gilgandra,2026-07,0,1,0,0,0,8
NSW,Gilgandra,2026-08,0,0,0,1,0,7
NSW,Glen Innes Severn,2023-01,0,0,0,0,0,17
NSW,Glen Innes Severn,2023-02,0,0,0,0,0,11
NSW,Glen Innes Severn,2023-03,0,0,0,0,0,4
NSW,Glen Innes Severn,2023-04,0,0,0,0,0,9
NSW,Glen Innes Severn,2023-05,0,0,0,0,0,15
NSW,Glen Innes Severn,2023-06,0,0,0,0,0,24
NSW,Glen Innes Severn,2023-07,0,1,0,0,0,15
NSW,Glen Innes Severn,2023-08,0,0,0,0,0,24
NSW,Glen Innes Severn,2023-09,0,2,0,0,0,14
NSW,Glen Innes Severn,2023-10,0,0,0,1,0,21
NSW,Glen Innes Severn,2023-11,0,0,0,0,0,20
NSW,Glen Innes Severn,2023-12,0,0,0,0,0,14
NSW,Glen Innes Severn,2024-01,0,0,0,0,0,15
NSW,Glen Innes Severn,2024-02,0,0,0,0,0,4
NSW,Glen Innes Severn,2024-03,0,0,0,0,0,4
NSW,Glen Innes Severn,2024-04,0,0,0,1,0,13
NSW,Glen Innes Severn,2024-05,0,0,0,0,0,12
NSW,Glen Innes Severn,2024-06,0,0,0,0,0,15
NSW,Glen Innes Severn,2024-07,0,0,0,0,0,19
NSW,Glen Innes Severn,2024-08,0,0,0,0,0,17
NSW,Glen Innes Severn,2024-09,0,0,0,1,0,15
NSW,Glen Innes Severn,2024-10,0,0,0,0,0,14
NSW,Glen Innes Severn,2024-11,0,0,0,0,0,22
NSW,Glen Innes Severn,2024-12,0,0,0,0,0,14
NSW,Glen Innes Severn,2025-01,0,0,0,1,0,16
NSW,Glen Innes Severn,2025-02,0,0,0,0,0,20
NSW,Glen Innes Severn,2025-03,0,0,0,0,0,14
NSW,Glen Innes Severn,2025-04,0,0,0,0,0,10
NSW,Glen Innes Severn,2025-05,0,0,0,0,0,22
NSW,Glen Innes Severn,2025-06,0,0,0,0,0,28
NSW,Glen Innes Severn,2025-07,0,0,0,1,0,22
NSW,Glen Innes Severn,2025-08,0,0,0,0,0,18
NSW,Glen Innes Severn,2025-09,0,0,0,0,0,16
NSW,Glen Innes Severn,2025-10,0,1,0,0,0,23
NSW,Glen Innes Severn,2025-11,0,1,0,0,0,17
NSW,Glen Innes Severn,2025-12,0,0,0,0,0,21
NSW,Glen Innes Severn,2026-01,0,0,0,0,0,12
NSW,Glen Innes Severn,2026-02,0,0,0,0,0,10
NSW,Glen Innes Severn,2026-03,0,0,0,1,0,14
NSW,Glen Innes Severn,2026-04,0,1,0,0,0,20
NSW,Glen Innes Severn,2026-05,0,0,0,0,0,20
NSW,Glen Innes Severn,2026-06,0,0,0,0,0,19
NSW,Glen Innes Severn,2026-07,0,1,0,0,0,20
NSW,Glen Innes Severn,2026-08,0,0,0,1,0,10
NSW,Goulburn Mulwaree,2023-01,0,6,0,0,0,57
NSW,Goulburn Mulwaree,2023-02,0,1,0,0,0,67
NSW,Goulburn Mulwaree,2023-03,0,0,0,0,0,9
NSW,Goulburn Mulwaree,2023-04,0,0,0,0,0,20
NSW,Goulburn Mulwaree,2023-05,0,3,0,1,0,85
NSW,Goulburn Mulwaree,2023-06,0,1,0,0,0,81
NSW,Goulburn Mulwaree,2023-07,0,2,0,0,0,65
NSW,Goulburn Mulwaree,2023-08,0,3,0,0,0,77
NSW,Goulburn Mulwaree,2023-09,0,3,0,2,0,104
NSW,Goulburn Mulwaree,2023-10,0,6,0,0,0,86
NSW,Goulburn Mulwaree,2023-11,0,1,0,2,0,69
NSW,Goulburn Mulwaree,2023-12,0,1,0,0,0,51
NSW,Goulburn Mulwaree,2024-01,0,1,0,0,0,79
NSW,Goulburn Mulwaree,2024-02,0,1,0,0,0,15
NSW,Goulburn Mulwaree,2024-03,0,0,0,0,0,18
NSW,Goulburn Mulwaree,2024-04,0,2,0,1,0,62
NSW,Goulburn Mulwaree,2024-05,0,2,0,0,0,56
NSW,Goulburn Mulwaree,2024-06,0,5,0,1,0,84
NSW,Goulburn Mulwaree,2024-07,0,0,0,1,0,79
NSW,Goulburn Mulwaree,2024-08,0,3,0,1,0,96
NSW,Goulburn Mulwaree,2024-09,0,1,0,0,0,81
NSW,Goulburn Mulwaree,2024-10,0,1,0,2,0,74
NSW,Goulburn Mulwaree,2024-11,0,3,0,0,0,77
NSW,Goulburn Mulwaree,2024-12,0,4,0,0,0,60
NSW,Goulburn Mulwaree,2025-01,0,3,0,0,0,60
NSW,Goulburn Mulwaree,2025-02,0,1,0,5,0,61
NSW,Goulburn Mulwaree,2025-03,0,2,0,2,0,71
NSW,Goulburn Mulwaree,2025-04,0,2,0,1,0,46
NSW,Goulburn Mulwaree,2025-05,0,8,0,1,0,73
NSW,Goulburn Mulwaree,2025-06,0,6,0,3,0,81
NSW,Goulburn Mulwaree,2025-07,0,4,0,1,0,82
NSW,Goulburn Mulwaree,2025-08,0,2,0,2,0,70
NSW,Goulburn Mulwaree,2025-09,0,4,0,1,0,83
NSW,Goulburn Mulwaree,2025-10,0,4,0,2,0,67
NSW,Goulburn Mulwaree,2025-11,0,2,0,1,0,73
NSW,Goulburn Mulwaree,2025-12,0,5,0,2,0,79
NSW,Goulburn Mulwaree,2026-01,0,3,0,0,0,76
NSW,Goulburn Mulwaree,2026-02,0,1,0,2,0,55
NSW,Goulburn Mulwaree,2026-03,0,13,0,3,0,80
NSW,Goulburn Mulwaree,2026-04,0,9,0,2,0,56
NSW,Goulburn Mulwaree,2026-05,0,12,0,3,0,62
NSW,Goulburn Mulwaree,2026-06,0,12,0,4,0,96
NSW,Goulburn Mulwaree,2026-07,0,18,0,7,0,59
NSW,Goulburn Mulwaree,2026-08,0,11,0,11,0,51
NSW,Greater Hume Shire,2023-01,0,2,0,0,0,36
NSW,Greater Hume Shire,2023-02,0,2,0,0,0,24
NSW,Greater Hume Shire,2023-03,0,0,0,0,0,2
NSW,Greater Hume Shire,2023-04,0,1,0,0,0,14
NSW,Greater Hume Shire,2023-05,0,2,0,0,0,37
NSW,Greater Hume Shire,2023-06,0,0,0,0,0,36
NSW,Greater Hume Shire,2023-07,0,0,0,0,0,31
NSW,Greater Hume Shire,2023-08,0,0,0,0,0,32
NSW,Greater Hume Shire,2023-09,0,1,0,0,0,37
NSW,Greater Hume Shire,2023-10,0,1,0,0,0,46
NSW,Greater Hume Shire,2023-11,0,2,0,0,0,40
NSW,Greater Hume Shire,2023-12,0,0,0,1,0,32
NSW,Greater Hume Shire,2024-01,0,0,0,1,0,34
NSW,Greater Hume Shire,2024-02,0,1,0,0,0,0
NSW,Greater Hume Shire,2024-03,0,0,0,0,0,3
NSW,Greater Hume Shire,2024-04,0,1,0,0,0,31
NSW,Greater Hume Shire,2024-05,0,1,0,0,0,21
NSW,Greater Hume Shire,2024-06,0,1,0,1,0,27
NSW,Greater Hume Shire,2024-07,0,0,0,0,0,32
NSW,Greater Hume Shire,2024-08,0,0,0,1,0,28
NSW,Greater Hume Shire,2024-09,0,0,0,0,0,28
NSW,Greater Hume Shire,2024-10,0,0,0,0,0,17
NSW,Greater Hume Shire,2024-11,0,0,0,0,0,28
NSW,Greater Hume Shire,2024-12,0,1,0,1,0,31
NSW,Greater Hume Shire,2025-01,0,0,0,0,0,27
NSW,Greater Hume Shire,2025-02,0,1,0,0,0,14
NSW,Greater Hume Shire,2025-03,0,0,0,2,0,40
NSW,Greater Hume Shire,2025-04,0,0,0,0,0,27
NSW,Greater Hume Shire,2025-05,0,0,0,0,0,26
NSW,Greater Hume Shire,2025-06,0,1,0,1,0,22
NSW,Greater Hume Shire,2025-07,0,0,0,0,0,31
NSW,Greater Hume Shire,2025-08,0,1,0,1,0,28
NSW,Greater Hume Shire,2025-09,0,1,0,0,0,19
NSW,Greater Hume Shire,2025-10,0,0,0,0,0,25
NSW,Greater Hume Shire,2025-11,0,0,0,0,0,25
NSW,Greater Hume Shire,2025-12,0,1,0,2,0,27
NSW,Greater Hume Shire,2026-01,0,0,0,0,0,20
NSW,Greater Hume Shire,2026-02,0,3,0,0,0,21
NSW,Greater Hume Shire,2026-03,0,2,0,1,0,23
NSW,Greater Hume Shire,2026-04,0,2,0,2,0,15
NSW,Greater Hume Shire,2026-05,0,7,0,2,0,31
NSW,Greater Hume Shire,2026-06,0,8,0,5,0,34
NSW,Greater Hume Shire,2026-07,0,4,0,2,0,25
NSW,Greater Hume Shire,2026-08,0,0,0,1,0,26
NSW,Griffith,2023-01,0,0,0,0,0,37
NSW,Griffith,2023-02,0,1,0,0,0,46
NSW,Griffith,2023-03,0,0,0,0,0,5
NSW,Griffith,2023-04,0,2,0,0,0,9
NSW,Griffith,2023-05,0,0,0,0,0,65
NSW,Griffith,2023-06,0,0,0,0,0,82
NSW,Griffith,2023-07,0,0,0,0,0,55
NSW,Griffith,2023-08,0,1,0,0,0,69
NSW,Griffith,2023-09,0,1,0,1,0,72
NSW,Griffith,2023-10,0,0,0,0,0,70
NSW,Griffith,2023-11,0,0,0,1,0,74
NSW,Griffith,2023-12,0,0,0,1,0,55
NSW,Griffith,2024-01,0,1,0,0,0,60
NSW,Griffith,2024-02,0,0,0,0,0,8
NSW,Griffith,2024-03,0,0,0,1,0,6
NSW,Griffith,2024-04,0,0,0,1,0,45
NSW,Griffith,2024-05,0,3,0,0,0,45
NSW,Griffith,2024-06,0,1,0,0,0,67
NSW,Griffith,2024-07,0,2,0,0,0,57
NSW,Griffith,2024-08,0,0,0,0,0,60
NSW,Griffith,2024-09,0,0,0,1,0,57
NSW,Griffith,2024-10,0,0,0,1,0,66
NSW,Griffith,2024-11,0,1,0,0,0,53
NSW,Griffith,2024-12,0,1,0,1,0,57
NSW,Griffith,2025-01,0,0,0,1,0,47
NSW,Griffith,2025-02,0,0,0,2,0,53
NSW,Griffith,2025-03,0,1,0,0,0,46
NSW,Griffith,2025-04,0,0,0,0,0,42
NSW,Griffith,2025-05,0,0,0,0,0,69
NSW,Griffith,2025-06,0,1,0,1,0,65
NSW,Griffith,2025-07,0,0,0,1,0,56
NSW,Griffith,2025-08,0,2,0,0,0,53
NSW,Griffith,2025-09,0,2,0,1,0,56
NSW,Griffith,2025-10,0,0,0,1,0,41
NSW,Griffith,2025-11,0,0,0,0,0,40
NSW,Griffith,2025-12,0,0,0,2,0,49
NSW,Griffith,2026-01,0,0,0,1,0,41
NSW,Griffith,2026-02,0,3,0,0,0,42
NSW,Griffith,2026-03,0,1,0,1,0,45
NSW,Griffith,2026-04,0,1,0,0,0,46
NSW,Griffith,2026-05,0,2,0,2,0,45
NSW,Griffith,2026-06,0,4,0,4,0,55
NSW,Griffith,2026-07,0,3,0,1,0,45
NSW,Griffith,2026-08,0,2,0,0,0,35
NSW,Gunnedah,2023-01,0,0,0,0,0,31
NSW,Gunnedah,2023-02,0,0,0,0,0,25
NSW,Gunnedah,2023-03,0,0,0,0,0,4
NSW,Gunnedah,2023-04,0,0,0,0,0,17
NSW,Gunnedah,2023-05,0,0,0,0,0,40
NSW,Gunnedah,2023-06,0,0,0,0,0,46
NSW,Gunnedah,2023-07,0,1,0,0,0,37
NSW,Gunnedah,2023-08,0,0,0,1,0,42
NSW,Gunnedah,2023-09,0,0,0,0,0,46
NSW,Gunnedah,2023-10,0,1,0,0,0,52
NSW,Gunnedah,2023-11,0,1,0,0,0,50
NSW,Gunnedah,2023-12,0,1,0,0,0,28
NSW,Gunnedah,2024-01,0,0,0,0,0,45
NSW,Gunnedah,2024-02,0,0,0,0,0,4
NSW,Gunnedah,2024-03,0,0,0,0,0,5
NSW,Gunnedah,2024-04,0,0,0,0,0,25
NSW,Gunnedah,2024-05,0,0,0,0,0,21
NSW,Gunnedah,2024-06,0,1,0,1,0,37
NSW,Gunnedah,2024-07,0,0,0,0,0,37
NSW,Gunnedah,2024-08,0,0,0,0,0,39
NSW,Gunnedah,2024-09,0,0,0,0,0,33
NSW,Gunnedah,2024-10,0,1,0,0,0,33
NSW,Gunnedah,2024-11,0,0,0,0,0,36
NSW,Gunnedah,2024-12,0,0,0,0,0,36
NSW,Gunnedah,2025-01,0,0,0,0,0,21
NSW,Gunnedah,2025-02,0,0,0,0,0,37
NSW,Gunnedah,2025-03,0,1,0,3,0,31
NSW,Gunnedah,2025-04,0,0,0,0,0,36
NSW,Gunnedah,2025-05,0,0,0,0,0,42
NSW,Gunnedah,2025-06,0,0,0,1,0,40
NSW,Gunnedah,2025-07,0,0,0,0,0,45
NSW,Gunnedah,2025-08,0,2,0,1,0,33
NSW,Gunnedah,2025-09,0,0,0,0,0,39
NSW,Gunnedah,2025-10,0,0,0,0,0,37
NSW,Gunnedah,2025-11,0,0,0,0,0,31
NSW,Gunnedah,2025-12,0,1,0,0,0,34
NSW,Gunnedah,2026-01,0,1,0,1,0,23
NSW,Gunnedah,2026-02,0,0,0,0,0,34
NSW,Gunnedah,2026-03,0,2,0,0,0,24
NSW,Gunnedah,2026-04,0,2,0,2,0,26
NSW,Gunnedah,2026-05,0,1,0,0,0,28
NSW,Gunnedah,2026-06,0,1,0,3,0,25
NSW,Gunnedah,2026-07,0,0,0,1,0,36
NSW,Gunnedah,2026-08,0,3,0,1,0,13
NSW,Gwydir,2023-01,0,0,0,0,0,10
NSW,Gwydir,2023-02,0,0,0,0,0,18
NSW,Gwydir,2023-03,0,0,0,0,0,1
NSW,Gwydir,2023-04,0,0,0,0,0,13
NSW,Gwydir,2023-05,0,0,0,0,0,37
NSW,Gwydir,2023-06,0,0,0,0,0,33
NSW,Gwydir,2023-07,0,0,0,0,0,31
NSW,Gwydir,2023-08,0,0,0,0,0,26
NSW,Gwydir,2023-09,0,0,0,0,0,42
NSW,Gwydir,2023-10,0,0,0,1,0,38
NSW,Gwydir,2023-11,0,1,0,1,0,40
NSW,Gwydir,2023-12,0,0,0,0,0,35
NSW,Gwydir,2024-01,0,0,0,0,0,49
NSW,Gwydir,2024-02,0,0,0,0,0,3
NSW,Gwydir,2024-03,0,0,0,0,0,5
NSW,Gwydir,2024-04,0,1,0,0,0,36
NSW,Gwydir,2024-05,0,0,0,0,0,25
NSW,Gwydir,2024-06,0,0,0,0,0,27
NSW,Gwydir,2024-07,0,0,0,0,0,35
NSW,Gwydir,2024-08,0,1,0,0,0,32
NSW,Gwydir,2024-09,0,0,0,0,0,32
NSW,Gwydir,2024-10,0,0,0,0,0,26
NSW,Gwydir,2024-11,0,0,0,0,0,30
NSW,Gwydir,2024-12,0,0,0,0,0,35
NSW,Gwydir,2025-01,0,1,0,0,0,27
NSW,Gwydir,2025-02,0,0,0,0,0,34
NSW,Gwydir,2025-03,0,0,0,0,0,25
NSW,Gwydir,2025-04,0,1,0,0,0,27
NSW,Gwydir,2025-05,0,0,0,0,0,47
NSW,Gwydir,2025-06,0,1,0,0,0,35
NSW,Gwydir,2025-07,0,0,0,0,0,28
NSW,Gwydir,2025-08,0,0,0,0,0,35
NSW,Gwydir,2025-09,0,0,0,0,0,24
NSW,Gwydir,2025-10,0,0,0,0,0,29
NSW,Gwydir,2025-11,0,0,0,0,0,29
NSW,Gwydir,2025-12,0,0,0,0,0,26
NSW,Gwydir,2026-01,0,0,0,0,0,30
NSW,Gwydir,2026-02,0,0,0,1,0,20
NSW,Gwydir,2026-03,0,0,0,1,0,33
NSW,Gwydir,2026-04,0,1,0,1,0,22
NSW,Gwydir,2026-05,0,2,0,0,0,19
NSW,Gwydir,2026-06,0,1,0,0,0,37
NSW,Gwydir,2026-07,0,0,0,2,0,25
NSW,Gwydir,2026-08,0,1,0,0,0,16
NSW,Hawkesbury,2023-01,0,6,0,0,0,153
NSW,Hawkesbury,2023-02,0,4,0,1,0,121
NSW,Hawkesbury,2023-03,0,0,0,0,0,21
NSW,Hawkesbury,2023-04,0,4,0,0,0,40
NSW,Hawkesbury,2023-05,0,6,0,0,0,156
NSW,Hawkesbury,2023-06,0,6,0,0,0,166
NSW,Hawkesbury,2023-07,0,7,0,0,0,172
NSW,Hawkesbury,2023-08,0,10,0,2,0,175
NSW,Hawkesbury,2023-09,0,10,0,2,0,170
NSW,Hawkesbury,2023-10,0,6,0,2,0,165
NSW,Hawkesbury,2023-11,0,3,0,1,0,181
NSW,Hawkesbury,2023-12,0,4,0,0,0,140
NSW,Hawkesbury,2024-01,0,6,0,1,0,158
NSW,Hawkesbury,2024-02,0,1,0,0,0,20
NSW,Hawkesbury,2024-03,0,5,0,1,0,33
NSW,Hawkesbury,2024-04,0,4,0,1,0,128
NSW,Hawkesbury,2024-05,0,2,0,1,0,128
NSW,Hawkesbury,2024-06,0,8,0,0,0,193
NSW,Hawkesbury,2024-07,0,4,0,2,0,176
NSW,Hawkesbury,2024-08,0,5,0,4,0,167
NSW,Hawkesbury,2024-09,0,6,0,2,0,156
NSW,Hawkesbury,2024-10,0,5,0,1,0,163
NSW,Hawkesbury,2024-11,0,12,0,1,0,163
NSW,Hawkesbury,2024-12,0,10,0,1,0,154
NSW,Hawkesbury,2025-01,0,4,0,4,0,149
NSW,Hawkesbury,2025-02,0,4,0,2,0,149
NSW,Hawkesbury,2025-03,0,9,0,9,0,165
NSW,Hawkesbury,2025-04,0,2,0,0,0,129
NSW,Hawkesbury,2025-05,0,8,0,1,0,182
NSW,Hawkesbury,2025-06,0,9,0,1,0,183
NSW,Hawkesbury,2025-07,0,8,0,3,0,179
NSW,Hawkesbury,2025-08,0,13,0,3,0,154
NSW,Hawkesbury,2025-09,0,10,0,0,0,166
NSW,Hawkesbury,2025-10,0,8,0,3,0,177
NSW,Hawkesbury,2025-11,0,8,0,2,0,140
NSW,Hawkesbury,2025-12,0,4,0,1,0,157
NSW,Hawkesbury,2026-01,0,10,0,4,0,167
NSW,Hawkesbury,2026-02,0,12,0,4,0,170
NSW,Hawkesbury,2026-03,0,22,0,6,0,174
NSW,Hawkesbury,2026-04,0,28,0,9,0,155
NSW,Hawkesbury,2026-05,0,29,0,12,0,154
NSW,Hawkesbury,2026-06,0,30,0,11,0,169
NSW,Hawkesbury,2026-07,0,31,0,13,0,139
NSW,Hawkesbury,2026-08,0,23,0,13,0,124
NSW,Hay,2023-01,0,0,0,0,0,6
NSW,Hay,2023-02,0,0,0,0,0,8
NSW,Hay,2023-03,0,0,0,0,0,1
NSW,Hay,2023-05,0,0,0,0,0,9
NSW,Hay,2023-06,0,0,0,0,0,5
NSW,Hay,2023-07,0,0,0,0,0,3
NSW,Hay,2023-08,0,0,0,0,0,5
NSW,Hay,2023-09,0,0,0,0,0,14
NSW,Hay,2023-10,0,0,0,0,0,9
NSW,Hay,2023-11,0,0,0,0,0,15
NSW,Hay,2023-12,0,0,0,0,0,3
NSW,Hay,2024-01,0,0,0,0,0,5
NSW,Hay,2024-02,0,0,0,0,0,1
NSW,Hay,2024-04,0,0,0,0,0,7
NSW,Hay,2024-05,0,0,0,0,0,7
NSW,Hay,2024-06,0,0,0,0,0,8
NSW,Hay,2024-07,0,0,0,0,0,8
NSW,Hay,2024-08,0,0,0,0,0,10
NSW,Hay,2024-09,0,0,0,0,0,8
NSW,Hay,2024-10,0,0,0,0,0,10
NSW,Hay,2024-11,0,0,0,0,0,6
NSW,Hay,2024-12,0,0,0,0,0,4
NSW,Hay,2025-01,0,0,0,0,0,3
NSW,Hay,2025-02,0,0,0,0,0,4
NSW,Hay,2025-03,0,0,0,0,0,6
NSW,Hay,2025-04,0,0,0,0,0,6
NSW,Hay,2025-05,0,0,0,0,0,13
NSW,Hay,2025-06,0,0,0,0,0,10
NSW,Hay,2025-07,0,0,0,0,0,8
NSW,Hay,2025-08,0,0,0,0,0,8
NSW,Hay,2025-09,0,0,0,0,0,10
NSW,Hay,2025-10,0,0,0,0,0,10
NSW,Hay,2025-11,0,0,0,0,0,12
NSW,Hay,2025-12,0,0,0,0,0,3
NSW,Hay,2026-01,0,0,0,0,0,2
NSW,Hay,2026-02,0,0,0,0,0,7
NSW,Hay,2026-03,0,0,0,0,0,6
NSW,Hay,2026-04,0,0,0,0,0,2
NSW,Hay,2026-05,0,0,0,0,0,5
NSW,Hay,2026-06,0,0,0,0,0,9
NSW,Hay,2026-07,0,0,0,0,0,6
NSW,Hay,2026-08,0,0,0,0,0,3
NSW,Hilltops,2023-01,0,2,0,0,0,47
NSW,Hilltops,2023-02,0,0,0,0,0,42
NSW,Hilltops,2023-03,0,0,0,0,0,5
NSW,Hilltops,2023-04,0,0,0,0,0,16
NSW,Hilltops,2023-05,0,0,0,0,0,56
NSW,Hilltops,2023-06,0,1,0,0,0,58
NSW,Hilltops,2023-07,0,0,0,0,0,52
NSW,Hilltops,2023-08,0,1,0,0,0,60
NSW,Hilltops,2023-09,0,0,0,0,0,47
NSW,Hilltops,2023-10,0,0,0,0,0,66
NSW,Hilltops,2023-11,0,0,0,0,0,49
NSW,Hilltops,2023-12,0,0,0,0,0,40
NSW,Hilltops,2024-01,0,0,0,0,0,37
NSW,Hilltops,2024-02,0,0,0,0,0,5
NSW,Hilltops,2024-03,0,0,0,0,0,12
NSW,Hilltops,2024-04,0,0,0,0,0,42
NSW,Hilltops,2024-05,0,0,0,0,0,37
NSW,Hilltops,2024-06,0,0,0,0,0,48
NSW,Hilltops,2024-07,0,0,0,0,0,52
NSW,Hilltops,2024-08,0,2,0,1,0,46
NSW,Hilltops,2024-09,0,0,0,0,0,49
NSW,Hilltops,2024-10,0,0,0,0,0,44
NSW,Hilltops,2024-11,0,0,0,0,0,45
NSW,Hilltops,2024-12,0,1,0,0,0,49
NSW,Hilltops,2025-01,0,0,0,2,0,44
NSW,Hilltops,2025-02,0,0,0,0,0,31
NSW,Hilltops,2025-03,0,0,0,0,0,56
NSW,Hilltops,2025-04,0,1,0,1,0,41
NSW,Hilltops,2025-05,0,0,0,1,0,53
NSW,Hilltops,2025-06,0,0,0,0,0,50
NSW,Hilltops,2025-07,0,0,0,1,0,45
NSW,Hilltops,2025-08,0,2,0,0,0,44
NSW,Hilltops,2025-09,0,1,0,1,0,56
NSW,Hilltops,2025-10,0,0,0,1,0,45
NSW,Hilltops,2025-11,0,1,0,1,0,40
NSW,Hilltops,2025-12,0,0,0,0,0,42
NSW,Hilltops,2026-01,0,0,0,2,0,39
NSW,Hilltops,2026-02,0,1,0,1,0,34
NSW,Hilltops,2026-03,0,2,0,1,0,41
NSW,Hilltops,2026-04,0,1,0,1,0,37
NSW,Hilltops,2026-05,0,4,0,2,0,43
NSW,Hilltops,2026-06,0,2,0,2,0,52
NSW,Hilltops,2026-07,0,4,0,3,0,37
NSW,Hilltops,2026-08,0,2,0,2,0,31
NSW,Hornsby,2023-01,0,58,0,3,0,455
NSW,Hornsby,2023-02,0,55,0,6,0,368
NSW,Hornsby,2023-03,0,12,0,0,0,58
NSW,Hornsby,2023-04,0,10,0,0,0,132
NSW,Hornsby,2023-05,0,71,0,5,0,410
NSW,Hornsby,2023-06,0,63,0,3,0,456
NSW,Hornsby,2023-07,6,65,0,10,0,444
NSW,Hornsby,2023-08,0,55,0,11,0,510
NSW,Hornsby,2023-09,0,78,0,12,0,504
NSW,Hornsby,2023-10,0,65,0,15,0,447
NSW,Hornsby,2023-11,0,89,0,9,0,460
NSW,Hornsby,2023-12,0,51,0,7,0,327
NSW,Hornsby,2024-01,0,55,0,5,0,375
NSW,Hornsby,2024-02,0,10,0,2,0,50
NSW,Hornsby,2024-03,0,14,0,1,0,112
NSW,Hornsby,2024-04,0,48,0,5,0,356
NSW,Hornsby,2024-05,0,40,0,5,0,320
NSW,Hornsby,2024-06,0,70,0,9,0,439
NSW,Hornsby,2024-07,0,62,0,12,0,440
NSW,Hornsby,2024-08,0,53,0,20,0,386
NSW,Hornsby,2024-09,0,58,0,20,0,372
NSW,Hornsby,2024-10,0,55,0,12,0,393
NSW,Hornsby,2024-11,0,59,0,19,0,395
NSW,Hornsby,2024-12,0,62,0,17,0,385
NSW,Hornsby,2025-01,0,38,0,11,0,364
NSW,Hornsby,2025-02,0,65,0,26,0,444
NSW,Hornsby,2025-03,0,74,0,23,0,397
NSW,Hornsby,2025-04,0,45,0,6,0,354
NSW,Hornsby,2025-05,0,85,0,13,0,414
NSW,Hornsby,2025-06,0,98,0,12,0,475
NSW,Hornsby,2025-07,0,59,0,6,0,423
NSW,Hornsby,2025-08,0,84,0,9,0,355
NSW,Hornsby,2025-09,6,93,0,17,0,384
NSW,Hornsby,2025-10,0,66,0,25,0,395
NSW,Hornsby,2025-11,0,74,0,25,0,342
NSW,Hornsby,2025-12,7,86,0,17,0,348
NSW,Hornsby,2026-01,0,58,0,10,0,315
NSW,Hornsby,2026-02,0,96,0,21,0,301
NSW,Hornsby,2026-03,0,130,0,37,0,352
NSW,Hornsby,2026-04,0,106,0,49,0,314
NSW,Hornsby,2026-05,14,152,0,41,0,321
NSW,Hornsby,2026-06,44,178,0,43,0,405
NSW,Hornsby,2026-07,0,167,0,48,0,331
NSW,Hornsby,2026-08,6,161,0,43,0,257
NSW,Hunters Hill,2023-01,0,7,0,0,0,50
NSW,Hunters Hill,2023-02,0,14,0,1,0,37
NSW,Hunters Hill,2023-03,0,4,0,0,0,3
NSW,Hunters Hill,2023-04,0,4,0,0,0,20
NSW,Hunters Hill,2023-05,0,8,0,0,0,54
NSW,Hunters Hill,2023-06,0,12,0,2,0,54
NSW,Hunters Hill,2023-07,0,17,0,0,0,48
NSW,Hunters Hill,2023-08,0,11,0,2,0,65
NSW,Hunters Hill,2023-09,0,8,0,1,0,63
NSW,Hunters Hill,2023-10,0,8,0,3,0,49
NSW,Hunters Hill,2023-11,0,19,0,0,0,63
NSW,Hunters Hill,2023-12,0,7,0,2,0,37
NSW,Hunters Hill,2024-01,0,13,0,0,0,40
NSW,Hunters Hill,2024-02,0,1,0,0,0,5
NSW,Hunters Hill,2024-03,0,3,0,0,0,16
NSW,Hunters Hill,2024-04,0,5,0,2,0,35
NSW,Hunters Hill,2024-05,0,7,0,1,0,31
NSW,Hunters Hill,2024-06,0,12,0,2,0,74
NSW,Hunters Hill,2024-07,0,7,0,2,0,55
NSW,Hunters Hill,2024-08,0,6,0,2,0,48
NSW,Hunters Hill,2024-09,0,8,0,1,0,48
NSW,Hunters Hill,2024-10,0,7,0,3,0,54
NSW,Hunters Hill,2024-11,0,7,0,4,0,68
NSW,Hunters Hill,2024-12,0,14,0,3,0,55
NSW,Hunters Hill,2025-01,0,4,0,2,0,34
NSW,Hunters Hill,2025-02,0,8,0,6,0,47
NSW,Hunters Hill,2025-03,0,10,0,6,0,35
NSW,Hunters Hill,2025-04,0,5,0,1,0,31
NSW,Hunters Hill,2025-05,0,16,0,2,0,68
NSW,Hunters Hill,2025-06,0,13,0,4,0,64
NSW,Hunters Hill,2025-07,0,6,0,2,0,52
NSW,Hunters Hill,2025-08,0,9,0,2,0,42
NSW,Hunters Hill,2025-09,0,10,0,8,0,54
NSW,Hunters Hill,2025-10,0,8,0,1,0,46
NSW,Hunters Hill,2025-11,0,11,0,1,0,39
NSW,Hunters Hill,2025-12,0,13,0,1,0,33
NSW,Hunters Hill,2026-01,0,4,0,3,0,36
NSW,Hunters Hill,2026-02,0,15,0,4,0,50
NSW,Hunters Hill,2026-03,0,20,0,4,0,44
NSW,Hunters Hill,2026-04,0,13,0,1,0,34
NSW,Hunters Hill,2026-05,0,21,0,3,0,42
NSW,Hunters Hill,2026-06,0,31,0,4,0,55
NSW,Hunters Hill,2026-07,0,22,0,4,0,25
NSW,Hunters Hill,2026-08,0,23,0,5,0,26
NSW,Inner West,2023-01,0,35,0,3,0,276
NSW,Inner West,2023-02,0,40,0,1,0,221
NSW,Inner West,2023-03,0,8,0,0,0,34
NSW,Inner West,2023-04,0,5,0,1,0,85
NSW,Inner West,2023-05,0,56,0,0,0,287
NSW,Inner West,2023-06,0,45,0,1,0,346
NSW,Inner West,2023-07,0,41,0,3,0,302
NSW,Inner West,2023-08,0,46,0,11,0,320
NSW,Inner West,2023-09,0,58,0,9,0,378
NSW,Inner West,2023-10,0,42,0,3,0,309
NSW,Inner West,2023-11,0,53,0,7,0,304
NSW,Inner West,2023-12,0,33,0,9,0,233
NSW,Inner West,2024-01,0,42,0,2,0,275
NSW,Inner West,2024-02,0,7,0,1,0,22
NSW,Inner West,2024-03,0,5,0,0,0,66
NSW,Inner West,2024-04,0,30,0,7,0,229
NSW,Inner West,2024-05,0,33,0,5,0,225
NSW,Inner West,2024-06,0,56,0,10,0,328
NSW,Inner West,2024-07,0,54,0,11,0,294
NSW,Inner West,2024-08,0,45,0,8,0,300
NSW,Inner West,2024-09,0,53,0,9,0,268
NSW,Inner West,2024-10,0,42,0,12,0,253
NSW,Inner West,2024-11,0,48,0,14,0,281
NSW,Inner West,2024-12,0,51,0,19,0,272
NSW,Inner West,2025-01,0,38,0,14,0,247
NSW,Inner West,2025-02,0,71,0,24,0,296
NSW,Inner West,2025-03,0,62,0,23,0,296
NSW,Inner West,2025-04,0,49,0,4,0,231
NSW,Inner West,2025-05,0,75,0,17,0,293
NSW,Inner West,2025-06,0,72,0,15,0,333
NSW,Inner West,2025-07,0,40,0,9,0,298
NSW,Inner West,2025-08,0,72,0,5,0,259
NSW,Inner West,2025-09,0,81,0,12,0,252
NSW,Inner West,2025-10,0,66,0,11,0,297
NSW,Inner West,2025-11,0,68,0,12,0,261
NSW,Inner West,2025-12,0,93,0,15,0,250
NSW,Inner West,2026-01,0,64,0,19,0,257
NSW,Inner West,2026-02,0,87,0,13,0,239
NSW,Inner West,2026-03,0,110,0,27,0,243
NSW,Inner West,2026-04,0,111,0,25,0,178
NSW,Inner West,2026-05,0,122,0,23,0,222
NSW,Inner West,2026-06,0,149,0,29,0,260
NSW,Inner West,2026-07,0,140,0,34,0,208
NSW,Inner West,2026-08,0,127,0,16,0,173
NSW,Inverell,2023-01,0,0,0,0,0,32
NSW,Inverell,2023-02,0,0,0,0,0,27
NSW,Inverell,2023-03,0,0,0,0,0,5
NSW,Inverell,2023-04,0,0,0,0,0,16
NSW,Inverell,2023-05,0,0,0,1,0,33
NSW,Inverell,2023-06,0,0,0,0,0,30
NSW,Inverell,2023-07,0,0,0,0,0,39
NSW,Inverell,2023-08,0,0,0,0,0,39
NSW,Inverell,2023-09,0,0,0,1,0,34
NSW,Inverell,2023-10,0,0,0,0,0,37
NSW,Inverell,2023-11,0,0,0,0,0,44
NSW,Inverell,2023-12,0,0,0,0,0,29
NSW,Inverell,2024-01,0,0,0,0,0,36
NSW,Inverell,2024-02,0,0,0,0,0,3
NSW,Inverell,2024-03,0,0,0,0,0,7
NSW,Inverell,2024-04,0,0,0,0,0,26
NSW,Inverell,2024-05,0,0,0,0,0,26
NSW,Inverell,2024-06,0,0,0,0,0,37
NSW,Inverell,2024-07,0,0,0,0,0,42
NSW,Inverell,2024-08,0,0,0,0,0,36
NSW,Inverell,2024-09,0,0,0,0,0,41
NSW,Inverell,2024-10,0,0,0,0,0,28
NSW,Inverell,2024-11,0,0,0,0,0,31
NSW,Inverell,2024-12,0,0,0,0,0,31
NSW,Inverell,2025-01,0,1,0,0,0,37
NSW,Inverell,2025-02,0,0,0,2,0,33
NSW,Inverell,2025-03,0,0,0,2,0,28
NSW,Inverell,2025-04,0,0,0,0,0,29
NSW,Inverell,2025-05,0,0,0,1,0,48
NSW,Inverell,2025-06,0,0,0,0,0,32
NSW,Inverell,2025-07,0,0,0,0,0,28
NSW,Inverell,2025-08,0,0,0,0,0,26
NSW,Inverell,2025-09,0,2,0,0,0,27
NSW,Inverell,2025-10,0,1,0,0,0,35
NSW,Inverell,2025-11,0,0,0,0,0,31
NSW,Inverell,2025-12,0,0,0,0,0,27
NSW,Inverell,2026-01,0,0,0,1,0,19
NSW,Inverell,2026-02,0,0,0,0,0,26
NSW,Inverell,2026-03,0,0,0,0,0,27
NSW,Inverell,2026-04,0,1,0,2,0,25
NSW,Inverell,2026-05,0,0,0,0,0,33
NSW,Inverell,2026-06,0,3,0,0,0,50
NSW,Inverell,2026-07,0,0,0,3,0,28
NSW,Inverell,2026-08,0,1,0,1,0,23
NSW,Junee,2023-01,0,0,0,0,0,22
NSW,Junee,2023-02,0,0,0,0,0,10
NSW,Junee,2023-03,0,0,0,0,0,1
NSW,Junee,2023-04,0,0,0,0,0,4
NSW,Junee,2023-05,0,0,0,0,0,9
NSW,Junee,2023-06,0,0,0,0,0,25
NSW,Junee,2023-07,0,0,0,0,0,12
NSW,Junee,2023-08,0,1,0,0,0,20
NSW,Junee,2023-09,0,0,0,0,0,20
NSW,Junee,2023-10,0,0,0,1,0,18
NSW,Junee,2023-11,0,0,0,0,0,13
NSW,Junee,2023-12,0,0,0,0,0,12
NSW,Junee,2024-01,0,0,0,0,0,15
NSW,Junee,2024-02,0,0,0,0,0,1
NSW,Junee,2024-03,0,0,0,0,0,4
NSW,Junee,2024-04,0,0,0,0,0,13
NSW,Junee,2024-05,0,0,0,0,0,11
NSW,Junee,2024-06,0,0,0,0,0,18
NSW,Junee,2024-07,0,1,0,0,0,13
NSW,Junee,2024-08,0,0,0,0,0,13
NSW,Junee,2024-09,0,0,0,0,0,16
NSW,Junee,2024-10,0,1,0,0,0,9
NSW,Junee,2024-11,0,0,0,0,0,13
NSW,Junee,2024-12,0,1,0,0,0,13
NSW,Junee,2025-01,0,0,0,0,0,12
NSW,Junee,2025-02,0,0,0,1,0,14
NSW,Junee,2025-03,0,0,0,0,0,15
NSW,Junee,2025-04,0,0,0,1,0,16
NSW,Junee,2025-05,0,0,0,0,0,15
NSW,Junee,2025-06,0,0,0,0,0,16
NSW,Junee,2025-07,0,0,0,0,0,13
NSW,Junee,2025-08,0,1,0,1,0,10
NSW,Junee,2025-09,0,0,0,0,0,9
NSW,Junee,2025-10,0,0,0,0,0,17
NSW,Junee,2025-11,0,0,0,0,0,14
NSW,Junee,2025-12,0,0,0,0,0,13
NSW,Junee,2026-01,0,0,0,1,0,13
NSW,Junee,2026-02,0,0,0,0,0,19
NSW,Junee,2026-03,0,0,0,0,0,22
NSW,Junee,2026-04,0,2,0,0,0,10
NSW,Junee,2026-05,0,1,0,0,0,13
NSW,Junee,2026-06,0,2,0,1,0,19
NSW,Junee,2026-07,0,1,0,0,0,13
NSW,Junee,2026-08,0,1,0,0,0,9
NSW,Kempsey,2023-01,0,0,0,0,0,43
NSW,Kempsey,2023-02,0,2,0,0,0,41
NSW,Kempsey,2023-03,0,1,0,0,0,6
NSW,Kempsey,2023-04,0,0,0,0,0,18
NSW,Kempsey,2023-05,0,1,0,0,0,47
NSW,Kempsey,2023-06,0,2,0,0,0,57
NSW,Kempsey,2023-07,0,0,0,1,0,48
NSW,Kempsey,2023-08,0,1,0,0,0,57
NSW,Kempsey,2023-09,0,1,0,0,0,58
NSW,Kempsey,2023-10,0,1,0,0,0,57
NSW,Kempsey,2023-11,0,1,0,1,0,63
NSW,Kempsey,2023-12,0,1,0,1,0,34
NSW,Kempsey,2024-01,0,0,0,0,0,51
NSW,Kempsey,2024-02,0,0,0,0,0,3
NSW,Kempsey,2024-03,0,0,0,1,0,12
NSW,Kempsey,2024-04,0,2,0,0,0,45
NSW,Kempsey,2024-05,0,3,0,0,0,31
NSW,Kempsey,2024-06,0,0,0,0,0,58
NSW,Kempsey,2024-07,0,1,0,1,0,51
NSW,Kempsey,2024-08,0,0,0,0,0,40
NSW,Kempsey,2024-09,0,0,0,1,0,58
NSW,Kempsey,2024-10,0,2,0,0,0,68
NSW,Kempsey,2024-11,0,0,0,0,0,55
NSW,Kempsey,2024-12,0,0,0,0,0,44
NSW,Kempsey,2025-01,0,0,0,0,0,59
NSW,Kempsey,2025-02,0,0,0,0,0,56
NSW,Kempsey,2025-03,0,0,0,2,0,41
NSW,Kempsey,2025-04,0,1,0,2,0,44
NSW,Kempsey,2025-05,0,1,0,1,0,51
NSW,Kempsey,2025-06,0,0,0,0,0,82
NSW,Kempsey,2025-07,0,2,0,3,0,53
NSW,Kempsey,2025-08,0,2,0,2,0,43
NSW,Kempsey,2025-09,0,1,0,1,0,51
NSW,Kempsey,2025-10,0,0,0,1,0,51
NSW,Kempsey,2025-11,0,1,0,1,0,46
NSW,Kempsey,2025-12,0,2,0,1,0,48
NSW,Kempsey,2026-01,0,0,0,0,0,38
NSW,Kempsey,2026-02,0,4,0,1,0,52
NSW,Kempsey,2026-03,0,1,0,0,0,64
NSW,Kempsey,2026-04,0,8,0,1,0,42
NSW,Kempsey,2026-05,0,11,0,1,0,49
NSW,Kempsey,2026-06,0,13,0,7,0,56
NSW,Kempsey,2026-07,0,10,0,1,0,53
NSW,Kempsey,2026-08,0,8,0,4,0,47
NSW,Kiama,2023-01,0,10,0,0,0,56
NSW,Kiama,2023-02,0,9,0,0,0,36
NSW,Kiama,2023-03,0,0,0,0,0,8
NSW,Kiama,2023-04,0,2,0,1,0,13
NSW,Kiama,2023-05,0,8,0,0,0,59
NSW,Kiama,2023-06,0,4,0,0,0,69
NSW,Kiama,2023-07,0,8,0,0,0,75
NSW,Kiama,2023-08,0,2,0,2,0,60
NSW,Kiama,2023-09,0,6,0,0,0,75
NSW,Kiama,2023-10,0,4,0,1,0,71
NSW,Kiama,2023-11,0,8,0,0,0,79
NSW,Kiama,2023-12,0,10,0,0,0,38
NSW,Kiama,2024-01,0,8,0,0,0,53
NSW,Kiama,2024-02,0,1,0,0,0,7
NSW,Kiama,2024-03,0,1,0,1,0,15
NSW,Kiama,2024-04,0,2,0,1,0,48
NSW,Kiama,2024-05,0,5,0,0,0,37
NSW,Kiama,2024-06,0,4,0,0,0,79
NSW,Kiama,2024-07,0,2,0,2,0,65
NSW,Kiama,2024-08,0,2,0,3,0,62
NSW,Kiama,2024-09,0,4,0,1,0,52
NSW,Kiama,2024-10,0,5,0,0,0,51
NSW,Kiama,2024-11,0,3,0,4,0,46
NSW,Kiama,2024-12,0,9,0,1,0,59
NSW,Kiama,2025-01,0,1,0,2,0,59
NSW,Kiama,2025-02,0,6,0,5,0,68
NSW,Kiama,2025-03,0,6,0,9,0,60
NSW,Kiama,2025-04,0,4,0,0,0,43
NSW,Kiama,2025-05,0,10,0,0,0,61
NSW,Kiama,2025-06,0,10,0,1,0,62
NSW,Kiama,2025-07,0,10,0,1,0,63
NSW,Kiama,2025-08,0,8,0,2,0,60
NSW,Kiama,2025-09,0,14,0,1,0,59
NSW,Kiama,2025-10,0,11,0,1,0,62
NSW,Kiama,2025-11,0,11,0,2,0,52
NSW,Kiama,2025-12,0,7,0,0,0,62
NSW,Kiama,2026-01,0,7,0,1,0,55
NSW,Kiama,2026-02,0,13,0,6,0,42
NSW,Kiama,2026-03,0,21,0,3,0,48
NSW,Kiama,2026-04,0,22,0,4,0,40
NSW,Kiama,2026-05,0,28,0,2,0,41
NSW,Kiama,2026-06,0,30,0,6,0,56
NSW,Kiama,2026-07,0,20,0,5,0,52
NSW,Kiama,2026-08,0,32,0,9,0,37
NSW,Ku-ring-gai,2023-01,7,53,0,0,0,263
NSW,Ku-ring-gai,2023-02,0,51,0,1,0,215
NSW,Ku-ring-gai,2023-03,0,6,0,0,0,25
NSW,Ku-ring-gai,2023-04,0,14,0,1,0,82
NSW,Ku-ring-gai,2023-05,0,50,0,4,0,289
NSW,Ku-ring-gai,2023-06,0,65,0,6,0,301
NSW,Ku-ring-gai,2023-07,0,65,0,9,0,305
NSW,Ku-ring-gai,2023-08,0,58,0,9,0,304
NSW,Ku-ring-gai,2023-09,14,57,0,6,0,326
NSW,Ku-ring-gai,2023-10,0,62,0,14,0,271
NSW,Ku-ring-gai,2023-11,7,67,0,4,0,294
NSW,Ku-ring-gai,2023-12,0,45,0,4,0,210
NSW,Ku-ring-gai,2024-01,0,36,0,2,0,249
NSW,Ku-ring-gai,2024-02,0,10,0,0,0,27
NSW,Ku-ring-gai,2024-03,0,21,0,2,0,64
NSW,Ku-ring-gai,2024-04,0,41,0,10,0,230
NSW,Ku-ring-gai,2024-05,0,42,0,3,0,194
NSW,Ku-ring-gai,2024-06,8,72,0,13,0,318
NSW,Ku-ring-gai,2024-07,0,54,0,11,0,268
NSW,Ku-ring-gai,2024-08,0,42,0,10,0,248
NSW,Ku-ring-gai,2024-09,0,52,0,13,0,230
NSW,Ku-ring-gai,2024-10,0,37,0,7,0,243
NSW,Ku-ring-gai,2024-11,0,64,0,12,0,242
NSW,Ku-ring-gai,2024-12,0,53,0,4,0,225
NSW,Ku-ring-gai,2025-01,0,22,0,3,0,216
NSW,Ku-ring-gai,2025-02,0,63,0,17,0,262
NSW,Ku-ring-gai,2025-03,0,55,0,13,0,259
NSW,Ku-ring-gai,2025-04,0,37,0,7,0,222
NSW,Ku-ring-gai,2025-05,0,86,0,9,0,267
NSW,Ku-ring-gai,2025-06,0,103,0,17,0,304
NSW,Ku-ring-gai,2025-07,0,53,0,11,0,243
NSW,Ku-ring-gai,2025-08,0,70,0,17,0,236
NSW,Ku-ring-gai,2025-09,0,76,0,12,0,250
NSW,Ku-ring-gai,2025-10,0,58,0,14,0,258
NSW,Ku-ring-gai,2025-11,0,69,0,16,0,225
NSW,Ku-ring-gai,2025-12,0,63,0,11,0,212
NSW,Ku-ring-gai,2026-01,0,48,0,14,0,194
NSW,Ku-ring-gai,2026-02,0,92,0,28,0,206
NSW,Ku-ring-gai,2026-03,0,121,0,24,0,203
NSW,Ku-ring-gai,2026-04,0,96,0,16,0,149
NSW,Ku-ring-gai,2026-05,22,131,0,23,0,186
NSW,Ku-ring-gai,2026-06,38,169,0,20,0,257
NSW,Ku-ring-gai,2026-07,8,128,0,28,0,203
NSW,Ku-ring-gai,2026-08,0,128,0,14,0,123
NSW,Kyogle,2023-01,0,0,0,0,0,17
NSW,Kyogle,2023-02,0,0,0,0,0,13
NSW,Kyogle,2023-03,0,0,0,0,0,1
NSW,Kyogle,2023-04,0,0,0,0,0,3
NSW,Kyogle,2023-05,0,0,0,0,0,20
NSW,Kyogle,2023-06,0,0,0,0,0,24
NSW,Kyogle,2023-07,0,0,0,0,0,16
NSW,Kyogle,2023-08,0,0,0,0,0,18
NSW,Kyogle,2023-09,0,0,0,0,0,20
NSW,Kyogle,2023-10,0,1,0,0,0,20
NSW,Kyogle,2023-11,0,1,0,0,0,22
NSW,Kyogle,2023-12,0,0,0,0,0,21
NSW,Kyogle,2024-01,0,0,0,0,0,18
NSW,Kyogle,2024-02,0,0,0,0,0,5
NSW,Kyogle,2024-03,0,0,0,0,0,3
NSW,Kyogle,2024-04,0,0,0,0,0,13
NSW,Kyogle,2024-05,0,1,0,0,0,14
NSW,Kyogle,2024-06,0,0,0,0,0,20
NSW,Kyogle,2024-07,0,1,0,0,0,20
NSW,Kyogle,2024-08,0,0,0,0,0,23
NSW,Kyogle,2024-09,0,0,0,0,0,9
NSW,Kyogle,2024-10,0,1,0,0,0,18
NSW,Kyogle,2024-11,0,0,0,0,0,11
NSW,Kyogle,2024-12,0,1,0,0,0,15
NSW,Kyogle,2025-01,0,1,0,0,0,12
NSW,Kyogle,2025-02,0,0,0,0,0,14
NSW,Kyogle,2025-03,0,0,0,0,0,9
NSW,Kyogle,2025-04,0,0,0,0,0,14
NSW,Kyogle,2025-05,0,0,0,0,0,15
NSW,Kyogle,2025-06,0,2,0,2,0,15
NSW,Kyogle,2025-07,0,0,0,0,0,19
NSW,Kyogle,2025-08,0,0,0,0,0,18
NSW,Kyogle,2025-09,0,2,0,0,0,11
NSW,Kyogle,2025-10,0,0,0,0,0,17
NSW,Kyogle,2025-11,0,0,0,1,0,19
NSW,Kyogle,2025-12,0,0,0,0,0,13
NSW,Kyogle,2026-01,0,0,0,0,0,8
NSW,Kyogle,2026-02,0,0,0,0,0,18
NSW,Kyogle,2026-03,0,2,0,1,0,17
NSW,Kyogle,2026-04,0,4,0,1,0,10
NSW,Kyogle,2026-05,0,1,0,1,0,9
NSW,Kyogle,2026-06,0,4,0,2,0,30
NSW,Kyogle,2026-07,0,1,0,2,0,18
NSW,Kyogle,2026-08,0,1,0,1,0,13
NSW,Lachlan,2023-01,0,0,0,0,0,11
NSW,Lachlan,2023-02,0,0,0,0,0,13
NSW,Lachlan,2023-04,0,0,0,0,0,7
NSW,Lachlan,2023-05,0,0,0,0,0,20
NSW,Lachlan,2023-06,0,0,0,0,0,28
NSW,Lachlan,2023-07,0,0,0,0,0,21
NSW,Lachlan,2023-08,0,0,0,0,0,19
NSW,Lachlan,2023-09,0,0,0,0,0,19
NSW,Lachlan,2023-10,0,0,0,0,0,24
NSW,Lachlan,2023-11,0,0,0,0,0,23
NSW,Lachlan,2023-12,0,0,0,0,0,16
NSW,Lachlan,2024-01,0,0,0,1,0,14
NSW,Lachlan,2024-02,0,0,0,0,0,1
NSW,Lachlan,2024-03,0,0,0,0,0,2
NSW,Lachlan,2024-04,0,0,0,0,0,14
NSW,Lachlan,2024-05,0,0,0,0,0,15
NSW,Lachlan,2024-06,0,0,0,0,0,16
NSW,Lachlan,2024-07,0,0,0,0,0,19
NSW,Lachlan,2024-08,0,0,0,0,0,16
NSW,Lachlan,2024-09,0,0,0,0,0,16
NSW,Lachlan,2024-10,0,0,0,0,0,19
NSW,Lachlan,2024-11,0,0,0,0,0,18
NSW,Lachlan,2024-12,0,0,0,0,0,19
NSW,Lachlan,2025-01,0,0,0,0,0,21
NSW,Lachlan,2025-02,0,0,0,0,0,14
NSW,Lachlan,2025-03,0,0,0,0,0,14
NSW,Lachlan,2025-04,0,0,0,0,0,13
NSW,Lachlan,2025-05,0,0,0,0,0,16
NSW,Lachlan,2025-06,0,1,0,0,0,18
NSW,Lachlan,2025-07,0,0,0,0,0,18
NSW,Lachlan,2025-08,0,1,0,0,0,20
NSW,Lachlan,2025-09,0,0,0,0,0,13
NSW,Lachlan,2025-10,0,0,0,0,0,25
NSW,Lachlan,2025-11,0,0,0,0,0,16
NSW,Lachlan,2025-12,0,0,0,0,0,23
NSW,Lachlan,2026-01,0,0,0,0,0,11
NSW,Lachlan,2026-02,0,0,0,0,0,20
NSW,Lachlan,2026-03,0,0,0,0,0,14
NSW,Lachlan,2026-04,0,0,0,0,0,14
NSW,Lachlan,2026-05,0,0,0,0,0,11
NSW,Lachlan,2026-06,0,0,0,0,0,27
NSW,Lachlan,2026-07,0,0,0,0,0,10
NSW,Lachlan,2026-08,0,0,0,1,0,6
NSW,Lake Macquarie,2023-01,0,22,0,0,0,438
NSW,Lake Macquarie,2023-02,0,21,0,0,0,340
NSW,Lake Macquarie,2023-03,0,5,0,1,0,52
NSW,Lake Macquarie,2023-04,0,7,0,2,0,132
NSW,Lake Macquarie,2023-05,0,23,0,9,0,486
NSW,Lake Macquarie,2023-06,0,28,0,2,0,530
NSW,Lake Macquarie,2023-07,0,29,0,5,0,467
NSW,Lake Macquarie,2023-08,0,24,0,13,0,574
NSW,Lake Macquarie,2023-09,0,41,0,13,6,569
NSW,Lake Macquarie,2023-10,0,29,0,5,0,562
NSW,Lake Macquarie,2023-11,0,36,0,15,6,567
NSW,Lake Macquarie,2023-12,0,37,0,9,0,392
NSW,Lake Macquarie,2024-01,0,28,0,8,0,492
NSW,Lake Macquarie,2024-02,0,4,0,0,0,63
NSW,Lake Macquarie,2024-03,0,9,0,1,0,116
NSW,Lake Macquarie,2024-04,0,28,0,6,0,405
NSW,Lake Macquarie,2024-05,0,28,0,3,0,363
NSW,Lake Macquarie,2024-06,0,38,0,11,0,569
NSW,Lake Macquarie,2024-07,0,37,0,11,0,520
NSW,Lake Macquarie,2024-08,0,30,0,11,0,511
NSW,Lake Macquarie,2024-09,0,26,0,13,0,525
NSW,Lake Macquarie,2024-10,0,35,0,7,0,482
NSW,Lake Macquarie,2024-11,0,24,0,18,0,474
NSW,Lake Macquarie,2024-12,0,27,0,12,0,452
NSW,Lake Macquarie,2025-01,0,6,0,23,0,453
NSW,Lake Macquarie,2025-02,0,24,0,20,0,531
NSW,Lake Macquarie,2025-03,0,33,0,22,0,518
NSW,Lake Macquarie,2025-04,0,26,0,5,6,463
NSW,Lake Macquarie,2025-05,0,44,0,15,0,539
NSW,Lake Macquarie,2025-06,0,59,0,20,0,578
NSW,Lake Macquarie,2025-07,0,37,0,13,0,567
NSW,Lake Macquarie,2025-08,0,46,0,14,0,511
NSW,Lake Macquarie,2025-09,0,60,0,16,0,499
NSW,Lake Macquarie,2025-10,0,32,0,12,0,476
NSW,Lake Macquarie,2025-11,0,37,0,17,0,507
NSW,Lake Macquarie,2025-12,0,54,0,21,0,450
NSW,Lake Macquarie,2026-01,0,43,0,15,0,431
NSW,Lake Macquarie,2026-02,0,42,0,23,0,452
NSW,Lake Macquarie,2026-03,0,66,0,36,0,485
NSW,Lake Macquarie,2026-04,0,100,0,43,0,397
NSW,Lake Macquarie,2026-05,0,104,0,40,0,429
NSW,Lake Macquarie,2026-06,13,151,0,55,0,557
NSW,Lake Macquarie,2026-07,7,111,0,42,0,448
NSW,Lake Macquarie,2026-08,0,131,0,39,0,368
NSW,Lane Cove,2023-01,0,17,0,0,0,81
NSW,Lane Cove,2023-02,0,26,0,0,0,72
NSW,Lane Cove,2023-03,0,5,0,1,0,13
NSW,Lane Cove,2023-04,0,6,0,0,0,28
NSW,Lane Cove,2023-05,0,27,0,2,0,84
NSW,Lane Cove,2023-06,0,25,0,1,0,88
NSW,Lane Cove,2023-07,0,22,0,2,0,102
NSW,Lane Cove,2023-08,0,24,0,5,0,116
NSW,Lane Cove,2023-09,0,27,0,1,0,108
NSW,Lane Cove,2023-10,0,18,0,3,0,115
NSW,Lane Cove,2023-11,0,25,0,3,0,96
NSW,Lane Cove,2023-12,0,17,0,1,0,67
NSW,Lane Cove,2024-01,0,12,0,3,0,88
NSW,Lane Cove,2024-02,0,3,0,0,0,3
NSW,Lane Cove,2024-03,0,9,0,0,0,21
NSW,Lane Cove,2024-04,0,14,0,1,0,66
NSW,Lane Cove,2024-05,0,22,0,1,0,60
NSW,Lane Cove,2024-06,0,28,0,6,0,109
NSW,Lane Cove,2024-07,0,21,0,5,0,96
NSW,Lane Cove,2024-08,0,17,0,2,0,91
NSW,Lane Cove,2024-09,0,27,0,4,0,106
NSW,Lane Cove,2024-10,0,17,0,1,0,78
NSW,Lane Cove,2024-11,0,14,0,10,0,81
NSW,Lane Cove,2024-12,0,22,0,3,0,75
NSW,Lane Cove,2025-01,0,8,0,0,0,85
NSW,Lane Cove,2025-02,0,11,0,8,0,86
NSW,Lane Cove,2025-03,0,17,0,15,0,93
NSW,Lane Cove,2025-04,0,12,0,4,0,78
NSW,Lane Cove,2025-05,0,39,0,7,0,94
NSW,Lane Cove,2025-06,0,27,0,5,0,107
NSW,Lane Cove,2025-07,0,22,0,6,0,89
NSW,Lane Cove,2025-08,0,26,0,5,0,91
NSW,Lane Cove,2025-09,0,33,0,11,0,94
NSW,Lane Cove,2025-10,0,17,0,5,0,78
NSW,Lane Cove,2025-11,0,32,0,5,0,84
NSW,Lane Cove,2025-12,0,23,0,0,0,75
NSW,Lane Cove,2026-01,0,16,0,2,0,80
NSW,Lane Cove,2026-02,0,28,0,5,0,64
NSW,Lane Cove,2026-03,0,42,0,5,0,67
NSW,Lane Cove,2026-04,0,30,0,6,0,48
NSW,Lane Cove,2026-05,0,49,0,5,0,65
NSW,Lane Cove,2026-06,0,64,0,5,0,85
NSW,Lane Cove,2026-07,0,58,0,8,0,60
NSW,Lane Cove,2026-08,0,49,0,8,0,58
NSW,Leeton,2023-01,0,0,0,0,0,26
NSW,Leeton,2023-02,0,0,0,0,0,17
NSW,Leeton,2023-03,0,0,0,0,0,6
NSW,Leeton,2023-04,0,0,0,0,0,9
NSW,Leeton,2023-05,0,0,0,0,0,40
NSW,Leeton,2023-06,0,0,0,0,0,30
NSW,Leeton,2023-07,0,0,0,0,0,35
NSW,Leeton,2023-08,0,0,0,0,0,38
NSW,Leeton,2023-09,0,1,0,0,0,34
NSW,Leeton,2023-10,0,0,0,0,0,36
NSW,Leeton,2023-11,0,0,0,1,0,35
NSW,Leeton,2023-12,0,0,0,0,0,31
NSW,Leeton,2024-01,0,1,0,0,0,23
NSW,Leeton,2024-02,0,0,0,0,0,3
NSW,Leeton,2024-03,0,1,0,0,0,15
NSW,Leeton,2024-04,0,0,0,0,0,19
NSW,Leeton,2024-05,0,0,0,0,0,29
NSW,Leeton,2024-06,0,1,0,1,0,42
NSW,Leeton,2024-07,0,0,0,0,0,27
NSW,Leeton,2024-08,0,0,0,1,0,46
NSW,Leeton,2024-09,0,1,0,0,0,35
NSW,Leeton,2024-10,0,1,0,1,0,35
NSW,Leeton,2024-11,0,0,0,0,0,25
NSW,Leeton,2024-12,0,0,0,0,0,29
NSW,Leeton,2025-01,0,0,0,0,0,29
NSW,Leeton,2025-02,0,0,0,1,0,34
NSW,Leeton,2025-03,0,1,0,1,0,39
NSW,Leeton,2025-04,0,1,0,0,0,32
NSW,Leeton,2025-05,0,1,0,0,0,35
NSW,Leeton,2025-06,0,0,0,0,0,42
NSW,Leeton,2025-07,0,0,0,0,0,27
NSW,Leeton,2025-08,0,0,0,0,0,22
NSW,Leeton,2025-09,0,1,0,0,0,29
NSW,Leeton,2025-10,0,0,0,1,0,30
NSW,Leeton,2025-11,0,0,0,0,0,24
NSW,Leeton,2025-12,0,0,0,0,0,36
NSW,Leeton,2026-01,0,0,0,1,0,32
NSW,Leeton,2026-02,0,0,0,0,0,22
NSW,Leeton,2026-03,0,1,0,0,0,30
NSW,Leeton,2026-04,0,1,0,1,0,26
NSW,Leeton,2026-05,0,3,0,1,0,26
NSW,Leeton,2026-06,0,3,0,2,0,47
NSW,Leeton,2026-07,0,0,0,1,0,27
NSW,Leeton,2026-08,0,0,0,2,0,19
NSW,Lismore,2023-01,0,4,0,0,0,70
NSW,Lismore,2023-02,0,3,0,1,0,65
NSW,Lismore,2023-03,0,0,0,0,0,7
NSW,Lismore,2023-04,0,0,0,0,0,13
NSW,Lismore,2023-05,0,5,0,0,0,82
NSW,Lismore,2023-06,0,4,0,0,0,90
NSW,Lismore,2023-07,0,2,0,0,0,81
NSW,Lismore,2023-08,0,1,0,0,0,64
NSW,Lismore,2023-09,0,6,0,0,0,99
NSW,Lismore,2023-10,0,6,0,0,0,79
NSW,Lismore,2023-11,0,9,0,1,0,91
NSW,Lismore,2023-12,0,10,0,0,0,76
NSW,Lismore,2024-01,0,3,0,1,0,70
NSW,Lismore,2024-02,0,0,0,0,0,11
NSW,Lismore,2024-03,0,1,0,0,0,20
NSW,Lismore,2024-04,0,4,0,0,0,59
NSW,Lismore,2024-05,0,1,0,0,0,54
NSW,Lismore,2024-06,0,9,0,1,0,98
NSW,Lismore,2024-07,0,2,0,2,0,87
NSW,Lismore,2024-08,0,1,0,0,0,73
NSW,Lismore,2024-09,0,4,0,0,0,87
NSW,Lismore,2024-10,0,5,0,0,0,74
NSW,Lismore,2024-11,0,3,0,1,0,72
NSW,Lismore,2024-12,0,2,0,0,0,77
NSW,Lismore,2025-01,0,0,0,1,0,62
NSW,Lismore,2025-02,0,2,0,3,0,79
NSW,Lismore,2025-03,0,3,0,5,0,54
NSW,Lismore,2025-04,0,4,0,1,0,67
NSW,Lismore,2025-05,0,4,0,0,0,70
NSW,Lismore,2025-06,0,5,0,4,0,78
NSW,Lismore,2025-07,0,3,0,1,0,84
NSW,Lismore,2025-08,0,2,0,1,0,65
NSW,Lismore,2025-09,0,3,0,1,0,75
NSW,Lismore,2025-10,0,4,0,1,0,64
NSW,Lismore,2025-11,0,6,0,2,0,70
NSW,Lismore,2025-12,0,4,0,0,0,73
NSW,Lismore,2026-01,0,2,0,2,0,67
NSW,Lismore,2026-02,0,5,0,2,0,67
NSW,Lismore,2026-03,0,11,0,4,0,64
NSW,Lismore,2026-04,0,15,0,6,0,59
NSW,Lismore,2026-05,0,19,0,5,0,74
NSW,Lismore,2026-06,0,21,0,5,0,77
NSW,Lismore,2026-07,0,19,0,6,0,56
NSW,Lismore,2026-08,0,10,0,10,0,60
NSW,Lithgow,2023-01,0,3,0,0,0,45
NSW,Lithgow,2023-02,0,4,0,0,0,29
NSW,Lithgow,2023-03,0,0,0,0,0,5
NSW,Lithgow,2023-04,0,1,0,0,0,14
NSW,Lithgow,2023-05,0,2,0,0,0,33
NSW,Lithgow,2023-06,0,2,0,0,0,65
NSW,Lithgow,2023-07,0,4,0,0,0,37
NSW,Lithgow,2023-08,0,0,0,1,0,65
NSW,Lithgow,2023-09,0,0,0,0,0,60
NSW,Lithgow,2023-10,0,0,0,0,0,61
NSW,Lithgow,2023-11,0,4,0,0,0,44
NSW,Lithgow,2023-12,0,2,0,0,0,47
NSW,Lithgow,2024-01,0,0,0,0,0,56
NSW,Lithgow,2024-02,0,0,0,0,0,5
NSW,Lithgow,2024-03,0,0,0,0,0,7
NSW,Lithgow,2024-04,0,0,0,0,0,45
NSW,Lithgow,2024-05,0,1,0,0,0,41
NSW,Lithgow,2024-06,0,0,0,0,0,60
NSW,Lithgow,2024-07,0,1,0,1,0,50
NSW,Lithgow,2024-08,0,0,0,2,0,48
NSW,Lithgow,2024-09,0,1,0,0,0,58
NSW,Lithgow,2024-10,0,4,0,0,0,53
NSW,Lithgow,2024-11,0,3,0,1,0,47
NSW,Lithgow,2024-12,0,1,0,0,0,37
NSW,Lithgow,2025-01,0,0,0,2,0,46
NSW,Lithgow,2025-02,0,2,0,0,0,54
NSW,Lithgow,2025-03,0,0,0,0,0,45
NSW,Lithgow,2025-04,0,1,0,0,0,51
NSW,Lithgow,2025-05,0,4,0,0,0,55
NSW,Lithgow,2025-06,0,1,0,0,0,46
NSW,Lithgow,2025-07,0,2,0,0,0,35
NSW,Lithgow,2025-08,0,2,0,1,0,37
NSW,Lithgow,2025-09,0,3,0,3,0,43
NSW,Lithgow,2025-10,0,1,0,1,0,44
NSW,Lithgow,2025-11,0,2,0,1,0,48
NSW,Lithgow,2025-12,0,2,0,0,0,38
NSW,Lithgow,2026-01,0,1,0,3,0,28
NSW,Lithgow,2026-02,0,5,0,1,0,42
NSW,Lithgow,2026-03,0,0,0,3,0,48
NSW,Lithgow,2026-04,0,7,0,2,0,41
NSW,Lithgow,2026-05,0,8,0,1,0,45
NSW,Lithgow,2026-06,0,7,0,3,0,56
NSW,Lithgow,2026-07,0,4,0,2,0,49
NSW,Lithgow,2026-08,0,2,0,3,0,47
NSW,Liverpool,2023-01,0,37,0,1,0,441
NSW,Liverpool,2023-02,0,29,0,1,0,362
NSW,Liverpool,2023-03,0,6,0,0,0,63
NSW,Liverpool,2023-04,0,9,0,1,0,142
NSW,Liverpool,2023-05,0,33,0,1,0,449
NSW,Liverpool,2023-06,0,32,0,0,0,543
NSW,Liverpool,2023-07,0,39,0,6,0,502
NSW,Liverpool,2023-08,0,27,0,4,0,538
NSW,Liverpool,2023-09,0,47,0,11,7,521
NSW,Liverpool,2023-10,0,24,0,2,0,549
NSW,Liverpool,2023-11,0,40,0,7,0,496
NSW,Liverpool,2023-12,0,19,0,2,0,354
NSW,Liverpool,2024-01,0,23,0,2,0,454
NSW,Liverpool,2024-02,0,5,0,1,0,52
NSW,Liverpool,2024-03,0,8,0,2,0,113
NSW,Liverpool,2024-04,0,28,0,4,0,372
NSW,Liverpool,2024-05,0,21,0,5,0,337
NSW,Liverpool,2024-06,0,45,0,11,0,493
NSW,Liverpool,2024-07,0,36,0,11,0,496
NSW,Liverpool,2024-08,0,22,0,12,0,472
NSW,Liverpool,2024-09,0,29,0,18,0,490
NSW,Liverpool,2024-10,0,26,0,8,0,407
NSW,Liverpool,2024-11,0,28,0,13,0,409
NSW,Liverpool,2024-12,0,42,0,11,0,399
NSW,Liverpool,2025-01,0,11,0,15,0,428
NSW,Liverpool,2025-02,0,20,0,21,0,441
NSW,Liverpool,2025-03,0,37,0,24,0,421
NSW,Liverpool,2025-04,0,27,0,8,0,405
NSW,Liverpool,2025-05,0,59,0,14,0,482
NSW,Liverpool,2025-06,0,55,0,20,0,556
NSW,Liverpool,2025-07,0,42,0,22,0,457
NSW,Liverpool,2025-08,0,58,0,7,0,461
NSW,Liverpool,2025-09,0,70,0,12,0,434
NSW,Liverpool,2025-10,0,33,0,18,0,446
NSW,Liverpool,2025-11,0,34,0,25,0,459
NSW,Liverpool,2025-12,0,49,0,15,0,477
NSW,Liverpool,2026-01,0,30,0,15,0,397
NSW,Liverpool,2026-02,0,52,0,24,0,423
NSW,Liverpool,2026-03,0,67,0,23,0,431
NSW,Liverpool,2026-04,0,62,0,43,0,385
NSW,Liverpool,2026-05,0,98,0,41,0,376
NSW,Liverpool,2026-06,25,123,0,55,0,548
NSW,Liverpool,2026-07,0,103,0,41,0,416
NSW,Liverpool,2026-08,0,113,0,44,0,341
NSW,Liverpool Plains,2023-01,0,0,0,0,0,17
NSW,Liverpool Plains,2023-02,0,0,0,0,0,13
NSW,Liverpool Plains,2023-03,0,0,0,0,0,3
NSW,Liverpool Plains,2023-05,0,0,0,0,0,19
NSW,Liverpool Plains,2023-06,0,0,0,0,0,24
NSW,Liverpool Plains,2023-07,0,0,0,0,0,14
NSW,Liverpool Plains,2023-08,0,1,0,0,0,19
NSW,Liverpool Plains,2023-09,0,0,0,0,0,22
NSW,Liverpool Plains,2023-10,0,1,0,0,0,25
NSW,Liverpool Plains,2023-11,0,0,0,0,0,22
NSW,Liverpool Plains,2023-12,0,0,0,0,0,19
NSW,Liverpool Plains,2024-01,0,1,0,0,0,18
NSW,Liverpool Plains,2024-02,0,0,0,0,0,3
NSW,Liverpool Plains,2024-03,0,0,0,0,0,3
NSW,Liverpool Plains,2024-04,0,0,0,0,0,17
NSW,Liverpool Plains,2024-05,0,0,0,0,0,12
NSW,Liverpool Plains,2024-06,0,1,0,0,0,22
NSW,Liverpool Plains,2024-07,0,0,0,0,0,22
NSW,Liverpool Plains,2024-08,0,0,0,0,0,16
NSW,Liverpool Plains,2024-09,0,0,0,0,0,18
NSW,Liverpool Plains,2024-10,0,0,0,0,0,17
NSW,Liverpool Plains,2024-11,0,0,0,0,0,23
NSW,Liverpool Plains,2024-12,0,0,0,0,0,16
NSW,Liverpool Plains,2025-01,0,1,0,1,0,23
NSW,Liverpool Plains,2025-02,0,0,0,0,0,26
NSW,Liverpool Plains,2025-03,0,0,0,0,0,13
NSW,Liverpool Plains,2025-04,0,0,0,0,0,14
NSW,Liverpool Plains,2025-05,0,2,0,0,0,17
NSW,Liverpool Plains,2025-06,0,0,0,0,0,25
NSW,Liverpool Plains,2025-07,0,0,0,0,0,24
NSW,Liverpool Plains,2025-08,0,0,0,0,0,15
NSW,Liverpool Plains,2025-09,0,0,0,0,0,18
NSW,Liverpool Plains,2025-10,0,0,0,0,0,12
NSW,Liverpool Plains,2025-11,0,0,0,0,0,14
NSW,Liverpool Plains,2025-12,0,0,0,0,0,20
NSW,Liverpool Plains,2026-01,0,0,0,0,0,9
NSW,Liverpool Plains,2026-02,0,0,0,0,0,13
NSW,Liverpool Plains,2026-03,0,1,0,0,0,16
NSW,Liverpool Plains,2026-04,0,0,0,0,0,13
NSW,Liverpool Plains,2026-05,0,0,0,0,0,15
NSW,Liverpool Plains,2026-06,0,1,0,0,0,26
NSW,Liverpool Plains,2026-07,0,0,0,1,0,15
NSW,Liverpool Plains,2026-08,0,0,0,0,0,13
NSW,Lockhart,2023-01,0,1,0,0,0,20
NSW,Lockhart,2023-02,0,0,0,0,0,9
NSW,Lockhart,2023-03,0,0,0,0,0,1
NSW,Lockhart,2023-04,0,0,0,0,0,2
NSW,Lockhart,2023-05,0,0,0,0,0,11
NSW,Lockhart,2023-06,0,1,0,0,0,18
NSW,Lockhart,2023-07,0,0,0,0,0,12
NSW,Lockhart,2023-08,0,0,0,0,0,11
NSW,Lockhart,2023-09,0,0,0,0,0,12
NSW,Lockhart,2023-10,0,1,0,0,0,10
NSW,Lockhart,2023-11,0,0,0,0,0,13
NSW,Lockhart,2023-12,0,0,0,0,0,14
NSW,Lockhart,2024-01,0,0,0,0,0,15
NSW,Lockhart,2024-03,0,0,0,0,0,4
NSW,Lockhart,2024-04,0,0,0,0,0,6
NSW,Lockhart,2024-05,0,0,0,0,0,8
NSW,Lockhart,2024-06,0,0,0,0,0,9
NSW,Lockhart,2024-07,0,0,0,0,0,24
NSW,Lockhart,2024-08,0,0,0,0,0,11
NSW,Lockhart,2024-09,0,0,0,0,0,16
NSW,Lockhart,2024-10,0,0,0,0,0,9
NSW,Lockhart,2024-11,0,0,0,0,0,12
NSW,Lockhart,2024-12,0,0,0,0,0,13
NSW,Lockhart,2025-01,0,0,0,0,0,11
NSW,Lockhart,2025-02,0,0,0,2,0,12
NSW,Lockhart,2025-03,0,0,0,0,0,12
NSW,Lockhart,2025-04,0,0,0,0,0,8
NSW,Lockhart,2025-05,0,0,0,0,0,7
NSW,Lockhart,2025-06,0,0,0,0,0,8
NSW,Lockhart,2025-07,0,0,0,0,0,13
NSW,Lockhart,2025-08,0,0,0,0,0,14
NSW,Lockhart,2025-09,0,0,0,0,0,11
NSW,Lockhart,2025-10,0,0,0,0,0,11
NSW,Lockhart,2025-11,0,0,0,0,0,9
NSW,Lockhart,2025-12,0,1,0,0,0,7
NSW,Lockhart,2026-01,0,0,0,0,0,9
NSW,Lockhart,2026-02,0,0,0,0,0,9
NSW,Lockhart,2026-03,0,1,0,0,0,12
NSW,Lockhart,2026-04,0,0,0,3,0,7
NSW,Lockhart,2026-05,0,1,0,0,0,7
NSW,Lockhart,2026-06,0,2,0,1,0,16
NSW,Lockhart,2026-07,0,0,0,1,0,6
NSW,Lockhart,2026-08,0,1,0,1,0,7
NSW,Maitland,2023-01,0,6,0,1,0,243
NSW,Maitland,2023-02,0,4,0,0,0,198
NSW,Maitland,2023-03,0,2,0,0,0,32
NSW,Maitland,2023-04,0,2,0,1,0,73
NSW,Maitland,2023-05,0,9,0,2,0,267
NSW,Maitland,2023-06,0,10,0,0,0,305
NSW,Maitland,2023-07,0,8,0,2,0,274
NSW,Maitland,2023-08,0,9,0,2,0,320
NSW,Maitland,2023-09,0,25,0,3,0,330
NSW,Maitland,2023-10,0,13,0,3,0,322
NSW,Maitland,2023-11,0,15,0,7,0,332
NSW,Maitland,2023-12,0,8,0,3,0,236
NSW,Maitland,2024-01,0,5,0,3,0,325
NSW,Maitland,2024-02,0,0,0,0,0,34
NSW,Maitland,2024-03,0,3,0,1,0,78
NSW,Maitland,2024-04,0,10,0,1,0,240
NSW,Maitland,2024-05,0,6,0,4,0,213
NSW,Maitland,2024-06,0,18,0,3,0,308
NSW,Maitland,2024-07,0,11,0,7,0,301
NSW,Maitland,2024-08,0,10,0,5,0,308
NSW,Maitland,2024-09,0,12,0,8,0,312
NSW,Maitland,2024-10,0,13,0,5,0,287
NSW,Maitland,2024-11,0,11,0,9,0,274
NSW,Maitland,2024-12,0,12,0,7,0,260
NSW,Maitland,2025-01,0,6,0,9,0,264
NSW,Maitland,2025-02,0,6,0,8,0,307
NSW,Maitland,2025-03,0,11,0,5,0,275
NSW,Maitland,2025-04,0,5,0,5,0,246
NSW,Maitland,2025-05,0,17,0,1,0,298
NSW,Maitland,2025-06,0,18,0,0,0,336
NSW,Maitland,2025-07,0,12,0,6,0,321
NSW,Maitland,2025-08,0,26,0,6,0,281
NSW,Maitland,2025-09,0,19,0,6,0,262
NSW,Maitland,2025-10,0,10,0,4,0,275
NSW,Maitland,2025-11,0,21,0,6,0,223
NSW,Maitland,2025-12,0,17,0,8,0,242
NSW,Maitland,2026-01,0,12,0,7,0,252
NSW,Maitland,2026-02,0,25,0,4,0,268
NSW,Maitland,2026-03,0,36,0,5,0,272
NSW,Maitland,2026-04,0,41,0,19,0,236
NSW,Maitland,2026-05,0,52,0,12,0,257
NSW,Maitland,2026-06,0,68,0,17,0,296
NSW,Maitland,2026-07,0,56,0,23,0,239
NSW,Maitland,2026-08,0,54,0,25,0,209
NSW,Mid-Coast,2023-01,0,4,0,0,0,206
NSW,Mid-Coast,2023-02,0,11,0,0,0,153
NSW,Mid-Coast,2023-03,0,1,0,0,0,30
NSW,Mid-Coast,2023-04,0,2,0,2,0,54
NSW,Mid-Coast,2023-05,0,4,0,0,0,202
NSW,Mid-Coast,2023-06,0,2,0,1,0,211
NSW,Mid-Coast,2023-07,0,9,0,0,0,182
NSW,Mid-Coast,2023-08,0,4,0,1,0,273
NSW,Mid-Coast,2023-09,0,5,0,1,0,219
NSW,Mid-Coast,2023-10,0,8,0,1,0,228
NSW,Mid-Coast,2023-11,0,11,0,2,0,242
NSW,Mid-Coast,2023-12,0,4,0,1,0,172
NSW,Mid-Coast,2024-01,0,6,0,0,0,203
NSW,Mid-Coast,2024-02,0,0,0,0,0,14
NSW,Mid-Coast,2024-03,0,2,0,0,0,48
NSW,Mid-Coast,2024-04,0,5,0,0,0,174
NSW,Mid-Coast,2024-05,0,2,0,2,0,134
NSW,Mid-Coast,2024-06,0,4,0,1,0,243
NSW,Mid-Coast,2024-07,0,3,0,4,0,195
NSW,Mid-Coast,2024-08,0,4,0,1,0,193
NSW,Mid-Coast,2024-09,0,5,0,3,0,201
NSW,Mid-Coast,2024-10,0,7,0,3,0,226
NSW,Mid-Coast,2024-11,0,4,0,0,0,226
NSW,Mid-Coast,2024-12,0,11,0,0,0,189
NSW,Mid-Coast,2025-01,0,2,0,2,0,198
NSW,Mid-Coast,2025-02,0,3,0,2,0,222
NSW,Mid-Coast,2025-03,0,2,0,3,0,214
NSW,Mid-Coast,2025-04,0,4,0,1,0,179
NSW,Mid-Coast,2025-05,0,7,0,3,0,212
NSW,Mid-Coast,2025-06,0,5,0,5,0,329
NSW,Mid-Coast,2025-07,0,7,0,4,0,231
NSW,Mid-Coast,2025-08,0,4,0,3,0,221
NSW,Mid-Coast,2025-09,0,4,0,2,0,218
NSW,Mid-Coast,2025-10,0,6,0,5,0,225
NSW,Mid-Coast,2025-11,0,3,0,4,0,206
NSW,Mid-Coast,2025-12,0,3,0,4,0,196
NSW,Mid-Coast,2026-01,0,5,0,0,0,193
NSW,Mid-Coast,2026-02,0,8,0,3,0,175
NSW,Mid-Coast,2026-03,0,11,0,8,0,206
NSW,Mid-Coast,2026-04,0,16,0,17,0,150
NSW,Mid-Coast,2026-05,0,27,0,14,0,207
NSW,Mid-Coast,2026-06,0,31,0,12,0,236
NSW,Mid-Coast,2026-07,0,18,0,19,0,196
NSW,Mid-Coast,2026-08,0,21,0,18,0,168
NSW,Mid-Western Regional,2023-01,0,0,0,0,0,57
NSW,Mid-Western Regional,2023-02,0,2,0,0,0,45
NSW,Mid-Western Regional,2023-03,0,0,0,0,0,8
NSW,Mid-Western Regional,2023-04,0,1,0,0,0,24
NSW,Mid-Western Regional,2023-05,0,3,0,0,0,56
NSW,Mid-Western Regional,2023-06,0,0,0,0,0,67
NSW,Mid-Western Regional,2023-07,0,2,0,0,0,55
NSW,Mid-Western Regional,2023-08,0,0,0,0,0,73
NSW,Mid-Western Regional,2023-09,0,0,0,1,0,70
NSW,Mid-Western Regional,2023-10,0,0,0,1,0,66
NSW,Mid-Western Regional,2023-11,0,1,0,0,0,63
NSW,Mid-Western Regional,2023-12,0,0,0,1,0,48
NSW,Mid-Western Regional,2024-01,0,0,0,1,0,73
NSW,Mid-Western Regional,2024-02,0,1,0,0,0,6
NSW,Mid-Western Regional,2024-03,0,0,0,0,0,14
NSW,Mid-Western Regional,2024-04,0,2,0,1,0,54
NSW,Mid-Western Regional,2024-05,0,0,0,0,0,61
NSW,Mid-Western Regional,2024-06,0,2,0,0,0,69
NSW,Mid-Western Regional,2024-07,0,2,0,0,0,54
NSW,Mid-Western Regional,2024-08,0,1,0,1,0,72
NSW,Mid-Western Regional,2024-09,0,0,0,1,0,59
NSW,Mid-Western Regional,2024-10,0,1,0,1,0,71
NSW,Mid-Western Regional,2024-11,0,0,0,0,0,64
NSW,Mid-Western Regional,2024-12,0,0,0,0,0,63
NSW,Mid-Western Regional,2025-01,0,1,0,4,0,59
NSW,Mid-Western Regional,2025-02,0,1,0,0,0,78
NSW,Mid-Western Regional,2025-03,0,5,0,1,0,65
NSW,Mid-Western Regional,2025-04,0,1,0,1,0,69
NSW,Mid-Western Regional,2025-05,0,0,0,0,0,65
NSW,Mid-Western Regional,2025-06,0,2,0,0,0,60
NSW,Mid-Western Regional,2025-07,0,3,0,1,0,63
NSW,Mid-Western Regional,2025-08,0,0,0,0,0,61
NSW,Mid-Western Regional,2025-09,0,1,0,1,0,64
NSW,Mid-Western Regional,2025-10,0,2,0,1,0,55
NSW,Mid-Western Regional,2025-11,0,2,0,2,0,74
NSW,Mid-Western Regional,2025-12,0,0,0,2,0,69
NSW,Mid-Western Regional,2026-01,0,1,0,0,0,63
NSW,Mid-Western Regional,2026-02,0,4,0,0,0,48
NSW,Mid-Western Regional,2026-03,0,3,0,1,0,61
NSW,Mid-Western Regional,2026-04,0,3,0,0,0,53
NSW,Mid-Western Regional,2026-05,0,3,0,5,0,64
NSW,Mid-Western Regional,2026-06,0,4,0,4,0,74
NSW,Mid-Western Regional,2026-07,0,9,0,2,0,66
NSW,Mid-Western Regional,2026-08,0,2,0,4,0,49
NSW,Moree Plains,2023-01,0,0,0,0,0,36
NSW,Moree Plains,2023-02,0,0,0,0,0,20
NSW,Moree Plains,2023-03,0,0,0,0,0,2
NSW,Moree Plains,2023-04,0,0,0,0,0,10
NSW,Moree Plains,2023-05,0,0,0,0,0,33
NSW,Moree Plains,2023-06,0,0,0,0,0,32
NSW,Moree Plains,2023-07,0,0,0,0,0,31
NSW,Moree Plains,2023-08,0,0,0,0,0,25
NSW,Moree Plains,2023-09,0,0,0,0,0,35
NSW,Moree Plains,2023-10,0,0,0,0,0,34
NSW,Moree Plains,2023-11,0,1,0,1,0,32
NSW,Moree Plains,2023-12,0,0,0,0,0,28
NSW,Moree Plains,2024-01,0,0,0,0,0,37
NSW,Moree Plains,2024-02,0,0,0,0,0,3
NSW,Moree Plains,2024-03,0,0,0,0,0,7
NSW,Moree Plains,2024-04,0,1,0,0,0,20
NSW,Moree Plains,2024-05,0,0,0,0,0,20
NSW,Moree Plains,2024-06,0,0,0,0,0,23
NSW,Moree Plains,2024-07,0,0,0,0,0,23
NSW,Moree Plains,2024-08,0,0,0,0,0,24
NSW,Moree Plains,2024-09,0,0,0,0,0,26
NSW,Moree Plains,2024-10,0,0,0,0,0,19
NSW,Moree Plains,2024-11,0,0,0,0,0,17
NSW,Moree Plains,2024-12,0,0,0,0,0,28
NSW,Moree Plains,2025-01,0,0,0,1,0,19
NSW,Moree Plains,2025-02,0,0,0,0,0,26
NSW,Moree Plains,2025-03,0,0,0,0,0,19
NSW,Moree Plains,2025-04,0,0,0,0,0,26
NSW,Moree Plains,2025-05,0,0,0,0,0,34
NSW,Moree Plains,2025-06,0,0,0,0,0,26
NSW,Moree Plains,2025-07,0,0,0,0,0,20
NSW,Moree Plains,2025-08,0,0,0,0,0,26
NSW,Moree Plains,2025-09,0,0,0,0,0,19
NSW,Moree Plains,2025-10,0,0,0,0,0,21
NSW,Moree Plains,2025-11,0,0,0,0,0,21
NSW,Moree Plains,2025-12,0,0,0,0,0,21
NSW,Moree Plains,2026-01,0,0,0,0,0,22
NSW,Moree Plains,2026-02,0,0,0,0,0,23
NSW,Moree Plains,2026-03,0,0,0,1,0,28
NSW,Moree Plains,2026-04,0,1,0,0,0,14
NSW,Moree Plains,2026-05,0,2,0,0,0,18
NSW,Moree Plains,2026-06,0,0,0,0,0,25
NSW,Moree Plains,2026-07,0,0,0,3,0,18
NSW,Moree Plains,2026-08,0,1,0,0,0,16
NSW,Mosman,2023-01,0,14,0,1,0,55
NSW,Mosman,2023-02,0,19,0,1,0,48
NSW,Mosman,2023-03,0,3,0,0,0,7
NSW,Mosman,2023-04,0,2,0,0,0,21
NSW,Mosman,2023-05,0,15,0,2,0,50
NSW,Mosman,2023-06,0,13,0,1,0,69
NSW,Mosman,2023-07,0,15,0,1,0,56
NSW,Mosman,2023-08,0,17,0,5,0,89
NSW,Mosman,2023-09,0,21,0,2,0,77
NSW,Mosman,2023-10,0,13,0,2,0,66
NSW,Mosman,2023-11,0,13,0,4,0,67
NSW,Mosman,2023-12,0,8,0,1,0,52
NSW,Mosman,2024-01,0,9,0,2,0,42
NSW,Mosman,2024-02,0,1,0,0,0,8
NSW,Mosman,2024-03,0,4,0,0,0,13
NSW,Mosman,2024-04,0,9,0,1,0,42
NSW,Mosman,2024-05,0,6,0,4,0,38
NSW,Mosman,2024-06,0,20,0,1,0,78
NSW,Mosman,2024-07,0,17,0,0,0,74
NSW,Mosman,2024-08,0,13,0,4,0,66
NSW,Mosman,2024-09,0,10,0,1,0,69
NSW,Mosman,2024-10,0,11,0,3,0,52
NSW,Mosman,2024-11,0,15,0,2,0,66
NSW,Mosman,2024-12,0,11,0,1,0,45
NSW,Mosman,2025-01,0,3,0,3,0,46
NSW,Mosman,2025-02,0,11,0,4,0,60
NSW,Mosman,2025-03,0,15,0,4,0,60
NSW,Mosman,2025-04,0,7,0,3,0,63
NSW,Mosman,2025-05,0,16,0,5,0,73
NSW,Mosman,2025-06,0,20,0,5,0,83
NSW,Mosman,2025-07,0,13,0,4,0,73
NSW,Mosman,2025-08,0,18,0,2,0,72
NSW,Mosman,2025-09,0,29,0,0,0,71
NSW,Mosman,2025-10,0,11,0,5,0,57
NSW,Mosman,2025-11,0,13,0,4,0,59
NSW,Mosman,2025-12,0,18,0,4,0,67
NSW,Mosman,2026-01,0,11,0,5,0,47
NSW,Mosman,2026-02,0,11,0,2,0,53
NSW,Mosman,2026-03,0,23,0,4,0,58
NSW,Mosman,2026-04,0,19,0,0,0,43
NSW,Mosman,2026-05,0,26,0,4,0,47
NSW,Mosman,2026-06,0,34,0,7,0,61
NSW,Mosman,2026-07,0,16,0,6,0,44
NSW,Mosman,2026-08,0,31,0,5,0,45
NSW,Murray River,2023-01,0,1,0,1,0,21
NSW,Murray River,2023-02,0,2,0,0,0,26
NSW,Murray River,2023-03,0,0,0,0,0,2
NSW,Murray River,2023-04,0,0,0,0,0,5
NSW,Murray River,2023-05,0,1,0,0,0,34
NSW,Murray River,2023-06,0,0,0,0,0,36
NSW,Murray River,2023-07,0,0,0,0,0,40
NSW,Murray River,2023-08,0,1,0,0,0,51
NSW,Murray River,2023-09,0,0,0,0,0,33
NSW,Murray River,2023-10,0,0,0,0,0,36
NSW,Murray River,2023-11,0,1,0,0,0,40
NSW,Murray River,2023-12,0,1,0,0,0,41
NSW,Murray River,2024-01,0,0,0,0,0,34
NSW,Murray River,2024-02,0,0,0,0,0,6
NSW,Murray River,2024-03,0,0,0,0,0,9
NSW,Murray River,2024-04,0,0,0,0,0,22
NSW,Murray River,2024-05,0,1,0,0,0,23
NSW,Murray River,2024-06,0,0,0,0,0,31
NSW,Murray River,2024-07,0,0,0,0,0,25
NSW,Murray River,2024-08,0,0,0,0,0,27
NSW,Murray River,2024-09,0,0,0,0,0,36
NSW,Murray River,2024-10,0,1,0,0,0,35
NSW,Murray River,2024-11,0,0,0,0,0,31
NSW,Murray River,2024-12,0,0,0,0,0,32
NSW,Murray River,2025-01,0,0,0,1,0,29
NSW,Murray River,2025-02,0,0,0,0,0,18
NSW,Murray River,2025-03,0,0,0,0,0,41
NSW,Murray River,2025-04,0,0,0,0,0,31
NSW,Murray River,2025-05,0,1,0,0,0,40
NSW,Murray River,2025-06,0,0,0,0,0,40
NSW,Murray River,2025-07,0,2,0,0,0,33
NSW,Murray River,2025-08,0,0,0,1,0,32
NSW,Murray River,2025-09,0,1,0,2,0,33
NSW,Murray River,2025-10,0,2,0,1,0,37
NSW,Murray River,2025-11,0,0,0,0,0,34
NSW,Murray River,2025-12,0,0,0,0,0,33
NSW,Murray River,2026-01,0,0,0,1,0,27
NSW,Murray River,2026-02,0,0,0,0,0,31
NSW,Murray River,2026-03,0,2,0,0,0,23
NSW,Murray River,2026-04,0,0,0,0,0,21
NSW,Murray River,2026-05,0,0,0,0,0,27
NSW,Murray River,2026-06,0,2,0,1,0,39
NSW,Murray River,2026-07,0,0,0,2,0,40
NSW,Murray River,2026-08,0,0,0,1,0,30
NSW,Murrumbidgee,2023-01,0,0,0,0,0,13
NSW,Murrumbidgee,2023-02,0,0,0,0,0,12
NSW,Murrumbidgee,2023-04,0,0,0,0,0,4
NSW,Murrumbidgee,2023-05,0,0,0,0,0,18
NSW,Murrumbidgee,2023-06,0,0,0,0,0,23
NSW,Murrumbidgee,2023-07,0,1,0,0,0,19
NSW,Murrumbidgee,2023-08,0,1,0,0,0,16
NSW,Murrumbidgee,2023-09,0,1,0,0,0,16
NSW,Murrumbidgee,2023-10,0,0,0,0,0,17
NSW,Murrumbidgee,2023-11,0,0,0,0,0,25
NSW,Murrumbidgee,2023-12,0,0,0,0,0,16
NSW,Murrumbidgee,2024-01,0,0,0,0,0,13
NSW,Murrumbidgee,2024-03,0,0,0,0,0,5
NSW,Murrumbidgee,2024-04,0,0,0,0,0,15
NSW,Murrumbidgee,2024-05,0,1,0,0,0,10
NSW,Murrumbidgee,2024-06,0,0,0,0,0,27
NSW,Murrumbidgee,2024-07,0,0,0,0,0,18
NSW,Murrumbidgee,2024-08,0,0,0,0,0,19
NSW,Murrumbidgee,2024-09,0,0,0,0,0,17
NSW,Murrumbidgee,2024-10,0,0,0,0,0,20
NSW,Murrumbidgee,2024-11,0,1,0,0,0,13
NSW,Murrumbidgee,2024-12,0,0,0,0,0,16
NSW,Murrumbidgee,2025-01,0,0,0,0,0,12
NSW,Murrumbidgee,2025-02,0,0,0,0,0,23
NSW,Murrumbidgee,2025-03,0,0,0,0,0,8
NSW,Murrumbidgee,2025-04,0,0,0,0,0,9
NSW,Murrumbidgee,2025-05,0,0,0,0,0,12
NSW,Murrumbidgee,2025-06,0,0,0,0,0,16
NSW,Murrumbidgee,2025-07,0,0,0,1,0,12
NSW,Murrumbidgee,2025-08,0,1,0,1,0,16
NSW,Murrumbidgee,2025-09,0,0,0,0,0,17
NSW,Murrumbidgee,2025-10,0,0,0,0,0,11
NSW,Murrumbidgee,2025-11,0,1,0,0,0,11
NSW,Murrumbidgee,2025-12,0,0,0,0,0,13
NSW,Murrumbidgee,2026-01,0,0,0,0,0,13
NSW,Murrumbidgee,2026-02,0,0,0,0,0,15
NSW,Murrumbidgee,2026-03,0,0,0,0,0,20
NSW,Murrumbidgee,2026-04,0,0,0,0,0,9
NSW,Murrumbidgee,2026-05,0,0,0,1,0,19
NSW,Murrumbidgee,2026-06,0,0,0,0,0,12
NSW,Murrumbidgee,2026-07,0,0,0,1,0,15
NSW,Murrumbidgee,2026-08,0,0,0,1,0,9
NSW,Muswellbrook,2023-01,0,0,0,0,0,39
NSW,Muswellbrook,2023-02,0,2,0,0,0,40
NSW,Muswellbrook,2023-03,0,0,0,0,0,4
NSW,Muswellbrook,2023-04,0,0,0,0,0,18
NSW,Muswellbrook,2023-05,0,0,0,0,0,67
NSW,Muswellbrook,2023-06,0,1,0,0,0,64
NSW,Muswellbrook,2023-07,0,0,0,0,0,54
NSW,Muswellbrook,2023-08,0,0,0,0,0,63
NSW,Muswellbrook,2023-09,0,1,0,0,0,71
NSW,Muswellbrook,2023-10,0,1,0,0,0,77
NSW,Muswellbrook,2023-11,0,1,0,0,0,73
NSW,Muswellbrook,2023-12,0,0,0,0,0,53
NSW,Muswellbrook,2024-01,0,0,0,0,0,56
NSW,Muswellbrook,2024-02,0,0,0,0,0,5
NSW,Muswellbrook,2024-03,0,0,0,0,0,15
NSW,Muswellbrook,2024-04,0,1,0,0,0,42
NSW,Muswellbrook,2024-05,0,1,0,0,0,40
NSW,Muswellbrook,2024-06,0,0,0,1,0,59
NSW,Muswellbrook,2024-07,0,0,0,0,0,59
NSW,Muswellbrook,2024-08,0,0,0,1,0,59
NSW,Muswellbrook,2024-09,0,0,0,1,0,66
NSW,Muswellbrook,2024-10,0,1,0,1,0,46
NSW,Muswellbrook,2024-11,0,1,0,2,0,62
NSW,Muswellbrook,2024-12,0,5,0,1,0,46
NSW,Muswellbrook,2025-01,0,1,0,1,0,46
NSW,Muswellbrook,2025-02,0,0,0,0,0,52
NSW,Muswellbrook,2025-03,0,0,0,0,0,50
NSW,Muswellbrook,2025-04,0,1,0,0,0,47
NSW,Muswellbrook,2025-05,0,2,0,0,0,48
NSW,Muswellbrook,2025-06,0,1,0,0,0,43
NSW,Muswellbrook,2025-07,0,0,0,0,0,61
NSW,Muswellbrook,2025-08,0,3,0,0,0,43
NSW,Muswellbrook,2025-09,0,2,0,1,0,64
NSW,Muswellbrook,2025-10,0,0,0,0,0,42
NSW,Muswellbrook,2025-11,0,0,0,0,0,55
NSW,Muswellbrook,2025-12,0,0,0,0,0,41
NSW,Muswellbrook,2026-01,0,1,0,0,0,44
NSW,Muswellbrook,2026-02,0,1,0,0,0,41
NSW,Muswellbrook,2026-03,0,2,0,1,0,54
NSW,Muswellbrook,2026-04,0,5,0,2,0,48
NSW,Muswellbrook,2026-05,0,1,0,1,0,44
NSW,Muswellbrook,2026-06,0,6,0,1,0,48
NSW,Muswellbrook,2026-07,0,3,0,2,0,49
NSW,Muswellbrook,2026-08,0,2,0,0,0,42
NSW,Nambucca,2023-01,0,1,0,0,0,27
NSW,Nambucca,2023-02,0,1,0,0,0,33
NSW,Nambucca,2023-03,0,0,0,0,0,2
NSW,Nambucca,2023-04,0,0,0,0,0,5
NSW,Nambucca,2023-05,0,1,0,0,0,39
NSW,Nambucca,2023-06,0,2,0,0,0,47
NSW,Nambucca,2023-07,0,3,0,0,0,24
NSW,Nambucca,2023-08,0,0,0,0,0,48
NSW,Nambucca,2023-09,0,1,0,1,0,45
NSW,Nambucca,2023-10,0,0,0,1,0,43
NSW,Nambucca,2023-11,0,2,0,0,0,51
NSW,Nambucca,2023-12,0,1,0,0,0,32
NSW,Nambucca,2024-01,0,0,0,0,0,24
NSW,Nambucca,2024-02,0,0,0,0,0,3
NSW,Nambucca,2024-03,0,0,0,0,0,9
NSW,Nambucca,2024-04,0,0,0,0,0,34
NSW,Nambucca,2024-05,0,0,0,0,0,21
NSW,Nambucca,2024-06,0,0,0,0,0,44
NSW,Nambucca,2024-07,0,0,0,1,0,34
NSW,Nambucca,2024-08,0,0,0,0,0,27
NSW,Nambucca,2024-09,0,0,0,0,0,24
NSW,Nambucca,2024-10,0,1,0,0,0,40
NSW,Nambucca,2024-11,0,1,0,0,0,33
NSW,Nambucca,2024-12,0,1,0,0,0,30
NSW,Nambucca,2025-01,0,0,0,1,0,38
NSW,Nambucca,2025-02,0,1,0,0,0,35
NSW,Nambucca,2025-03,0,0,0,1,0,29
NSW,Nambucca,2025-04,0,2,0,0,0,31
NSW,Nambucca,2025-05,0,0,0,0,0,36
NSW,Nambucca,2025-06,0,2,0,0,0,45
NSW,Nambucca,2025-07,0,1,0,0,0,31
NSW,Nambucca,2025-08,0,1,0,0,0,37
NSW,Nambucca,2025-09,0,2,0,0,0,34
NSW,Nambucca,2025-10,0,4,0,0,0,30
NSW,Nambucca,2025-11,0,2,0,0,0,33
NSW,Nambucca,2025-12,0,1,0,1,0,45
NSW,Nambucca,2026-01,0,1,0,0,0,33
NSW,Nambucca,2026-02,0,0,0,1,0,29
NSW,Nambucca,2026-03,0,3,0,1,0,26
NSW,Nambucca,2026-04,0,2,0,1,0,34
NSW,Nambucca,2026-05,0,12,0,1,0,36
NSW,Nambucca,2026-06,0,9,0,1,0,47
NSW,Nambucca,2026-07,0,11,0,2,0,37
NSW,Nambucca,2026-08,0,7,0,3,0,22
NSW,Narrabri,2023-01,0,2,0,0,0,38
NSW,Narrabri,2023-02,0,0,0,0,0,26
NSW,Narrabri,2023-03,0,0,0,0,0,2
NSW,Narrabri,2023-04,0,1,0,0,0,9
NSW,Narrabri,2023-05,0,0,0,0,0,43
NSW,Narrabri,2023-06,0,0,0,1,0,29
NSW,Narrabri,2023-07,0,0,0,0,0,32
NSW,Narrabri,2023-08,0,0,0,0,0,32
NSW,Narrabri,2023-09,0,0,0,0,0,39
NSW,Narrabri,2023-10,0,0,0,0,0,39
NSW,Narrabri,2023-11,0,2,0,0,0,39
NSW,Narrabri,2023-12,0,1,0,0,0,34
NSW,Narrabri,2024-01,0,0,0,0,0,28
NSW,Narrabri,2024-03,0,0,0,1,0,3
NSW,Narrabri,2024-04,0,0,0,0,0,25
NSW,Narrabri,2024-05,0,0,0,0,0,27
NSW,Narrabri,2024-06,0,1,0,0,0,36
NSW,Narrabri,2024-07,0,0,0,0,0,34
NSW,Narrabri,2024-08,0,0,0,0,0,36
NSW,Narrabri,2024-09,0,0,0,0,0,31
NSW,Narrabri,2024-10,0,1,0,0,0,16
NSW,Narrabri,2024-11,0,0,0,0,0,29
NSW,Narrabri,2024-12,0,0,0,0,0,37
NSW,Narrabri,2025-01,0,0,0,0,0,30
NSW,Narrabri,2025-02,0,0,0,0,0,35
NSW,Narrabri,2025-03,0,0,0,0,0,27
NSW,Narrabri,2025-04,0,0,0,0,0,33
NSW,Narrabri,2025-05,0,0,0,1,0,34
NSW,Narrabri,2025-06,0,0,0,1,0,46
NSW,Narrabri,2025-07,0,0,0,0,0,25
NSW,Narrabri,2025-08,0,2,0,0,0,31
NSW,Narrabri,2025-09,0,0,0,1,0,35
NSW,Narrabri,2025-10,0,0,0,0,0,21
NSW,Narrabri,2025-11,0,0,0,0,0,27
NSW,Narrabri,2025-12,0,0,0,0,0,38
NSW,Narrabri,2026-01,0,0,0,0,0,18
NSW,Narrabri,2026-02,0,0,0,0,0,18
NSW,Narrabri,2026-03,0,1,0,0,0,40
NSW,Narrabri,2026-04,0,1,0,1,0,20
NSW,Narrabri,2026-05,0,0,0,0,0,23
NSW,Narrabri,2026-06,0,1,0,4,0,35
NSW,Narrabri,2026-07,0,0,0,1,0,19
NSW,Narrabri,2026-08,0,3,0,1,0,16
NSW,Narrandera,2023-01,0,0,0,0,0,23
NSW,Narrandera,2023-02,0,0,0,0,0,9
NSW,Narrandera,2023-03,0,0,0,0,0,1
NSW,Narrandera,2023-04,0,0,0,0,0,5
NSW,Narrandera,2023-05,0,0,0,0,0,19
NSW,Narrandera,2023-06,0,0,0,0,0,17
NSW,Narrandera,2023-07,0,0,0,0,0,18
NSW,Narrandera,2023-08,0,0,0,0,0,22
NSW,Narrandera,2023-09,0,1,0,0,0,19
NSW,Narrandera,2023-10,0,0,0,0,0,28
NSW,Narrandera,2023-11,0,0,0,0,0,22
NSW,Narrandera,2023-12,0,0,0,0,0,15
NSW,Narrandera,2024-01,0,0,0,0,0,20
NSW,Narrandera,2024-02,0,0,0,0,0,3
NSW,Narrandera,2024-03,0,0,0,0,0,8
NSW,Narrandera,2024-04,0,0,0,0,0,15
NSW,Narrandera,2024-05,0,0,0,0,0,17
NSW,Narrandera,2024-06,0,0,0,0,0,20
NSW,Narrandera,2024-07,0,0,0,0,0,17
NSW,Narrandera,2024-08,0,0,0,1,0,18
NSW,Narrandera,2024-09,0,0,0,0,0,16
NSW,Narrandera,2024-10,0,0,0,0,0,14
NSW,Narrandera,2024-11,0,1,0,0,0,18
NSW,Narrandera,2024-12,0,0,0,0,0,24
NSW,Narrandera,2025-01,0,0,0,0,0,26
NSW,Narrandera,2025-02,0,0,0,0,0,21
NSW,Narrandera,2025-03,0,0,0,1,0,18
NSW,Narrandera,2025-04,0,0,0,0,0,16
NSW,Narrandera,2025-05,0,0,0,0,0,22
NSW,Narrandera,2025-06,0,0,0,0,0,17
NSW,Narrandera,2025-07,0,0,0,0,0,13
NSW,Narrandera,2025-08,0,0,0,0,0,14
NSW,Narrandera,2025-09,0,0,0,0,0,8
NSW,Narrandera,2025-10,0,0,0,1,0,20
NSW,Narrandera,2025-11,0,0,0,0,0,16
NSW,Narrandera,2025-12,0,0,0,0,0,16
NSW,Narrandera,2026-01,0,0,0,0,0,12
NSW,Narrandera,2026-02,0,0,0,0,0,16
NSW,Narrandera,2026-03,0,1,0,0,0,19
NSW,Narrandera,2026-04,0,1,0,0,0,14
NSW,Narrandera,2026-05,0,0,0,0,0,15
NSW,Narrandera,2026-06,0,1,0,2,0,21
NSW,Narrandera,2026-07,0,0,0,0,0,14
NSW,Narrandera,2026-08,0,0,0,0,0,15
NSW,Narromine,2023-01,0,0,0,0,0,10
NSW,Narromine,2023-02,0,0,0,0,0,8
NSW,Narromine,2023-04,0,0,0,0,0,11
NSW,Narromine,2023-05,0,0,0,0,0,14
NSW,Narromine,2023-06,0,0,0,0,0,18
NSW,Narromine,2023-07,0,0,0,0,0,9
NSW,Narromine,2023-08,0,0,0,0,0,19
NSW,Narromine,2023-09,0,0,0,0,0,28
NSW,Narromine,2023-10,0,0,0,0,0,15
NSW,Narromine,2023-11,0,0,0,0,0,15
NSW,Narromine,2023-12,0,0,0,0,0,17
NSW,Narromine,2024-01,0,1,0,0,0,14
NSW,Narromine,2024-02,0,0,0,0,0,2
NSW,Narromine,2024-03,0,0,0,0,0,1
NSW,Narromine,2024-04,0,0,0,0,0,9
NSW,Narromine,2024-05,0,1,0,0,0,7
NSW,Narromine,2024-06,0,0,0,0,0,14
NSW,Narromine,2024-07,0,0,0,0,0,21
NSW,Narromine,2024-08,0,0,0,0,0,17
NSW,Narromine,2024-09,0,1,0,0,0,12
NSW,Narromine,2024-10,0,0,0,0,0,18
NSW,Narromine,2024-11,0,0,0,0,0,12
NSW,Narromine,2024-12,0,0,0,0,0,15
NSW,Narromine,2025-01,0,0,0,0,0,15
NSW,Narromine,2025-02,0,0,0,0,0,16
NSW,Narromine,2025-03,0,0,0,0,0,12
NSW,Narromine,2025-04,0,0,0,0,0,9
NSW,Narromine,2025-05,0,0,0,0,0,16
NSW,Narromine,2025-06,0,0,0,0,0,22
NSW,Narromine,2025-07,0,0,0,0,0,16
NSW,Narromine,2025-08,0,0,0,0,0,15
NSW,Narromine,2025-09,0,0,0,0,0,12
NSW,Narromine,2025-10,0,0,0,0,0,19
NSW,Narromine,2025-11,0,0,0,0,0,15
NSW,Narromine,2025-12,0,0,0,1,0,16
NSW,Narromine,2026-01,0,0,0,0,0,11
NSW,Narromine,2026-02,0,0,0,0,0,9
NSW,Narromine,2026-03,0,0,0,0,0,11
NSW,Narromine,2026-04,0,0,0,0,0,11
NSW,Narromine,2026-05,0,0,0,0,0,12
NSW,Narromine,2026-06,0,0,0,0,0,17
NSW,Narromine,2026-07,0,0,0,0,0,17
NSW,Narromine,2026-08,0,0,0,0,0,11
NSW,Newcastle,2023-01,0,19,0,1,0,316
NSW,Newcastle,2023-02,0,24,0,0,0,233
NSW,Newcastle,2023-03,0,10,0,0,0,48
NSW,Newcastle,2023-04,0,4,0,2,0,92
NSW,Newcastle,2023-05,0,27,0,4,0,330
NSW,Newcastle,2023-06,0,24,0,1,0,401
NSW,Newcastle,2023-07,0,24,0,2,0,338
NSW,Newcastle,2023-08,0,25,0,6,0,400
NSW,Newcastle,2023-09,0,47,0,5,0,436
NSW,Newcastle,2023-10,0,28,0,3,0,416
NSW,Newcastle,2023-11,0,37,0,10,0,410
NSW,Newcastle,2023-12,0,28,0,7,0,253
NSW,Newcastle,2024-01,0,16,0,5,0,381
NSW,Newcastle,2024-02,0,6,0,1,0,40
NSW,Newcastle,2024-03,0,7,0,4,0,80
NSW,Newcastle,2024-04,0,18,0,3,0,311
NSW,Newcastle,2024-05,0,23,0,4,0,257
NSW,Newcastle,2024-06,0,33,0,7,0,402
NSW,Newcastle,2024-07,0,13,0,12,8,410
NSW,Newcastle,2024-08,0,20,0,11,0,376
NSW,Newcastle,2024-09,0,25,0,4,0,356
NSW,Newcastle,2024-10,0,24,0,5,0,348
NSW,Newcastle,2024-11,0,23,0,9,0,360
NSW,Newcastle,2024-12,0,27,0,5,0,323
NSW,Newcastle,2025-01,0,15,0,16,0,324
NSW,Newcastle,2025-02,0,23,0,18,0,393
NSW,Newcastle,2025-03,0,27,0,20,0,395
NSW,Newcastle,2025-04,0,28,0,1,0,332
NSW,Newcastle,2025-05,0,43,0,8,0,382
NSW,Newcastle,2025-06,0,48,0,9,0,417
NSW,Newcastle,2025-07,0,39,0,5,0,386
NSW,Newcastle,2025-08,0,48,0,6,0,376
NSW,Newcastle,2025-09,0,42,0,10,0,331
NSW,Newcastle,2025-10,0,24,0,11,0,351
NSW,Newcastle,2025-11,0,35,0,10,0,345
NSW,Newcastle,2025-12,0,48,0,15,0,333
NSW,Newcastle,2026-01,0,29,0,15,0,329
NSW,Newcastle,2026-02,0,37,0,12,0,306
NSW,Newcastle,2026-03,0,59,0,29,0,348
NSW,Newcastle,2026-04,0,75,0,41,0,266
NSW,Newcastle,2026-05,0,80,0,24,0,299
NSW,Newcastle,2026-06,7,137,0,47,0,356
NSW,Newcastle,2026-07,0,109,0,29,0,309
NSW,Newcastle,2026-08,0,107,0,34,0,267
NSW,North Sydney,2023-01,0,26,0,1,0,128
NSW,North Sydney,2023-02,0,33,0,0,0,97
NSW,North Sydney,2023-03,0,8,0,0,0,11
NSW,North Sydney,2023-04,0,9,0,0,0,45
NSW,North Sydney,2023-05,0,38,0,4,0,149
NSW,North Sydney,2023-06,0,34,0,4,0,182
NSW,North Sydney,2023-07,0,27,0,3,0,178
NSW,North Sydney,2023-08,0,33,0,2,0,192
NSW,North Sydney,2023-09,0,50,0,4,0,194
NSW,North Sydney,2023-10,0,34,0,5,0,176
NSW,North Sydney,2023-11,0,34,0,4,0,164
NSW,North Sydney,2023-12,0,18,0,5,0,130
NSW,North Sydney,2024-01,0,20,0,2,0,126
NSW,North Sydney,2024-02,0,1,0,2,0,13
NSW,North Sydney,2024-03,0,9,0,3,0,38
NSW,North Sydney,2024-04,0,24,0,2,0,111
NSW,North Sydney,2024-05,0,31,0,4,0,116
NSW,North Sydney,2024-06,0,45,0,6,0,207
NSW,North Sydney,2024-07,0,22,0,10,0,173
NSW,North Sydney,2024-08,0,16,0,6,0,136
NSW,North Sydney,2024-09,0,22,0,7,0,145
NSW,North Sydney,2024-10,0,27,0,8,0,163
NSW,North Sydney,2024-11,0,25,0,8,0,150
NSW,North Sydney,2024-12,0,34,0,8,0,134
NSW,North Sydney,2025-01,0,14,0,5,0,111
NSW,North Sydney,2025-02,0,26,0,9,0,175
NSW,North Sydney,2025-03,0,25,0,10,0,163
NSW,North Sydney,2025-04,0,25,0,4,0,143
NSW,North Sydney,2025-05,0,42,0,2,0,159
NSW,North Sydney,2025-06,0,38,0,11,0,175
NSW,North Sydney,2025-07,0,27,0,4,0,143
NSW,North Sydney,2025-08,0,46,0,6,0,143
NSW,North Sydney,2025-09,0,35,0,10,0,157
NSW,North Sydney,2025-10,0,27,0,2,0,143
NSW,North Sydney,2025-11,0,32,0,6,0,110
NSW,North Sydney,2025-12,0,32,0,7,0,119
NSW,North Sydney,2026-01,0,22,0,5,0,130
NSW,North Sydney,2026-02,0,42,0,6,0,118
NSW,North Sydney,2026-03,0,44,0,9,0,136
NSW,North Sydney,2026-04,0,47,0,9,0,85
NSW,North Sydney,2026-05,0,69,0,8,0,105
NSW,North Sydney,2026-06,0,88,0,10,0,161
NSW,North Sydney,2026-07,0,67,0,7,0,104
NSW,North Sydney,2026-08,0,73,0,5,0,98
NSW,Northern Beaches,2023-01,0,57,0,2,0,421
NSW,Northern Beaches,2023-02,6,59,0,3,0,330
NSW,Northern Beaches,2023-03,0,10,0,3,0,68
NSW,Northern Beaches,2023-04,0,14,0,0,0,145
NSW,Northern Beaches,2023-05,0,62,0,0,0,446
NSW,Northern Beaches,2023-06,7,65,0,5,0,553
NSW,Northern Beaches,2023-07,0,54,0,7,0,438
NSW,Northern Beaches,2023-08,0,73,0,10,0,522
NSW,Northern Beaches,2023-09,0,77,0,9,0,553
NSW,Northern Beaches,2023-10,0,67,0,13,0,506
NSW,Northern Beaches,2023-11,7,85,0,11,0,528
NSW,Northern Beaches,2023-12,0,68,0,13,0,343
NSW,Northern Beaches,2024-01,0,40,0,5,0,420
NSW,Northern Beaches,2024-02,0,10,0,0,0,43
NSW,Northern Beaches,2024-03,0,17,0,3,0,105
NSW,Northern Beaches,2024-04,0,48,0,9,0,359
NSW,Northern Beaches,2024-05,0,56,0,6,0,286
NSW,Northern Beaches,2024-06,0,69,0,16,0,569
NSW,Northern Beaches,2024-07,0,56,0,20,0,456
NSW,Northern Beaches,2024-08,0,49,0,16,0,468
NSW,Northern Beaches,2024-09,0,52,0,13,0,440
NSW,Northern Beaches,2024-10,0,50,0,20,0,449
NSW,Northern Beaches,2024-11,0,67,0,18,0,437
NSW,Northern Beaches,2024-12,0,75,0,18,0,400
NSW,Northern Beaches,2025-01,0,37,0,20,0,441
NSW,Northern Beaches,2025-02,0,71,0,32,0,492
NSW,Northern Beaches,2025-03,0,71,0,43,6,416
NSW,Northern Beaches,2025-04,0,51,0,8,0,413
NSW,Northern Beaches,2025-05,0,98,0,14,0,532
NSW,Northern Beaches,2025-06,0,114,0,16,0,568
NSW,Northern Beaches,2025-07,0,50,0,12,0,478
NSW,Northern Beaches,2025-08,0,93,0,11,0,442
NSW,Northern Beaches,2025-09,7,108,0,17,0,452
NSW,Northern Beaches,2025-10,0,79,0,16,0,460
NSW,Northern Beaches,2025-11,0,75,0,24,0,428
NSW,Northern Beaches,2025-12,0,81,0,17,0,427
NSW,Northern Beaches,2026-01,0,56,0,19,0,381
NSW,Northern Beaches,2026-02,0,97,0,23,0,417
NSW,Northern Beaches,2026-03,0,123,0,26,0,427
NSW,Northern Beaches,2026-04,0,128,0,45,0,361
NSW,Northern Beaches,2026-05,0,169,0,30,0,386
NSW,Northern Beaches,2026-06,21,179,0,50,0,480
NSW,Northern Beaches,2026-07,12,154,0,53,0,358
NSW,Northern Beaches,2026-08,6,170,0,41,0,294
NSW,Oberon,2023-01,0,0,0,0,0,10
NSW,Oberon,2023-02,0,0,0,0,0,13
NSW,Oberon,2023-04,0,1,0,0,0,5
NSW,Oberon,2023-05,0,0,0,0,0,16
NSW,Oberon,2023-06,0,0,0,0,0,23
NSW,Oberon,2023-07,0,0,0,1,0,7
NSW,Oberon,2023-08,0,0,0,0,0,17
NSW,Oberon,2023-09,0,0,0,0,0,16
NSW,Oberon,2023-10,0,1,0,0,0,15
NSW,Oberon,2023-11,0,0,0,0,0,13
NSW,Oberon,2023-12,0,2,0,0,0,16
NSW,Oberon,2024-01,0,0,0,0,0,19
NSW,Oberon,2024-02,0,0,0,0,0,1
NSW,Oberon,2024-03,0,0,0,0,0,1
NSW,Oberon,2024-04,0,0,0,1,0,14
NSW,Oberon,2024-05,0,0,0,0,0,18
NSW,Oberon,2024-06,0,2,0,0,0,15
NSW,Oberon,2024-07,0,0,0,0,0,14
NSW,Oberon,2024-08,0,0,0,0,0,19
NSW,Oberon,2024-09,0,0,0,0,0,15
NSW,Oberon,2024-10,0,1,0,0,0,16
NSW,Oberon,2024-11,0,0,0,1,0,12
NSW,Oberon,2024-12,0,0,0,0,0,21
NSW,Oberon,2025-01,0,0,0,0,0,8
NSW,Oberon,2025-02,0,0,0,0,0,19
NSW,Oberon,2025-03,0,0,0,0,0,14
NSW,Oberon,2025-04,0,0,0,0,0,9
NSW,Oberon,2025-05,0,1,0,1,0,18
NSW,Oberon,2025-06,0,2,0,0,0,20
NSW,Oberon,2025-07,0,0,0,0,0,14
NSW,Oberon,2025-08,0,0,0,0,0,20
NSW,Oberon,2025-09,0,2,0,0,0,13
NSW,Oberon,2025-10,0,2,0,0,0,16
NSW,Oberon,2025-11,0,1,0,0,0,15
NSW,Oberon,2025-12,0,2,0,1,0,14
NSW,Oberon,2026-01,0,0,0,0,0,12
NSW,Oberon,2026-02,0,0,0,0,0,11
NSW,Oberon,2026-03,0,1,0,0,0,12
NSW,Oberon,2026-04,0,2,0,2,0,10
NSW,Oberon,2026-05,0,1,0,0,0,13
NSW,Oberon,2026-06,0,0,0,0,0,14
NSW,Oberon,2026-07,0,2,0,1,0,14
NSW,Oberon,2026-08,0,2,0,0,0,6
NSW,Orange,2023-01,0,5,0,3,0,94
NSW,Orange,2023-02,0,4,0,0,0,98
NSW,Orange,2023-03,0,0,0,0,0,15
NSW,Orange,2023-04,0,1,0,0,0,27
NSW,Orange,2023-05,0,7,0,1,0,104
NSW,Orange,2023-06,0,6,0,2,0,122
NSW,Orange,2023-07,0,2,0,0,0,79
NSW,Orange,2023-08,0,1,0,3,0,137
NSW,Orange,2023-09,0,7,0,0,0,112
NSW,Orange,2023-10,0,7,0,1,0,131
NSW,Orange,2023-11,0,9,0,2,0,136
NSW,Orange,2023-12,0,3,0,1,0,84
NSW,Orange,2024-01,0,2,0,1,0,110
NSW,Orange,2024-02,0,0,0,0,0,8
NSW,Orange,2024-03,0,0,0,0,0,28
NSW,Orange,2024-04,0,1,0,1,0,76
NSW,Orange,2024-05,0,2,0,2,0,83
NSW,Orange,2024-06,0,5,0,0,0,113
NSW,Orange,2024-07,0,3,0,2,0,110
NSW,Orange,2024-08,0,6,0,0,0,86
NSW,Orange,2024-09,0,1,0,2,0,102
NSW,Orange,2024-10,0,7,0,4,0,119
NSW,Orange,2024-11,0,6,0,1,0,121
NSW,Orange,2024-12,0,2,0,0,0,107
NSW,Orange,2025-01,0,0,0,4,0,92
NSW,Orange,2025-02,0,2,0,1,0,100
NSW,Orange,2025-03,0,1,0,4,0,114
NSW,Orange,2025-04,0,3,0,2,0,86
NSW,Orange,2025-05,0,2,0,1,0,134
NSW,Orange,2025-06,0,4,0,0,0,101
NSW,Orange,2025-07,0,0,0,1,0,100
NSW,Orange,2025-08,0,4,0,0,0,122
NSW,Orange,2025-09,0,4,0,3,0,104
NSW,Orange,2025-10,0,2,0,5,0,104
NSW,Orange,2025-11,0,6,0,3,0,79
NSW,Orange,2025-12,0,10,0,2,0,92
NSW,Orange,2026-01,0,1,0,4,0,105
NSW,Orange,2026-02,0,4,0,3,0,95
NSW,Orange,2026-03,0,10,0,2,0,99
NSW,Orange,2026-04,0,13,0,9,0,83
NSW,Orange,2026-05,0,10,0,7,0,97
NSW,Orange,2026-06,0,23,0,12,0,111
NSW,Orange,2026-07,0,15,0,9,0,91
NSW,Orange,2026-08,0,26,0,7,0,81
NSW,Parkes,2023-01,0,1,0,0,0,37
NSW,Parkes,2023-02,0,0,0,0,0,28
NSW,Parkes,2023-03,0,0,0,0,0,3
NSW,Parkes,2023-04,0,0,0,0,0,7
NSW,Parkes,2023-05,0,1,0,0,0,33
NSW,Parkes,2023-06,0,0,0,0,0,39
NSW,Parkes,2023-07,0,2,0,0,0,27
NSW,Parkes,2023-08,0,1,0,0,0,45
NSW,Parkes,2023-09,0,1,0,0,0,45
NSW,Parkes,2023-10,0,0,0,0,0,37
NSW,Parkes,2023-11,0,0,0,0,0,41
NSW,Parkes,2023-12,0,0,0,1,0,27
NSW,Parkes,2024-01,0,1,0,0,0,31
NSW,Parkes,2024-02,0,0,0,0,0,2
NSW,Parkes,2024-03,0,0,0,0,0,4
NSW,Parkes,2024-04,0,0,0,0,0,30
NSW,Parkes,2024-05,0,0,0,0,0,35
NSW,Parkes,2024-06,0,1,0,0,0,36
NSW,Parkes,2024-07,0,1,0,0,0,37
NSW,Parkes,2024-08,0,2,0,0,0,46
NSW,Parkes,2024-09,0,1,0,0,0,37
NSW,Parkes,2024-10,0,0,0,0,0,25
NSW,Parkes,2024-11,0,1,0,0,0,46
NSW,Parkes,2024-12,0,0,0,0,0,28
NSW,Parkes,2025-01,0,0,0,0,0,30
NSW,Parkes,2025-02,0,2,0,0,0,34
NSW,Parkes,2025-03,0,1,0,1,0,30
NSW,Parkes,2025-04,0,0,0,1,0,32
NSW,Parkes,2025-05,0,1,0,0,0,39
NSW,Parkes,2025-06,0,1,0,0,0,41
NSW,Parkes,2025-07,0,0,0,0,0,44
NSW,Parkes,2025-08,0,0,0,0,0,27
NSW,Parkes,2025-09,0,0,0,0,0,46
NSW,Parkes,2025-10,0,1,0,0,0,40
NSW,Parkes,2025-11,0,0,0,0,0,27
NSW,Parkes,2025-12,0,0,0,0,0,30
NSW,Parkes,2026-01,0,1,0,0,0,27
NSW,Parkes,2026-02,0,0,0,0,0,32
NSW,Parkes,2026-03,0,0,0,1,0,30
NSW,Parkes,2026-04,0,0,0,0,0,13
NSW,Parkes,2026-05,0,0,0,2,0,34
NSW,Parkes,2026-06,0,2,0,2,0,33
NSW,Parkes,2026-07,0,3,0,2,0,27
NSW,Parkes,2026-08,0,0,0,4,0,32
NSW,Parramatta,2023-01,7,50,0,2,0,608
NSW,Parramatta,2023-02,6,55,0,2,0,467
NSW,Parramatta,2023-03,0,13,0,0,0,86
NSW,Parramatta,2023-04,0,12,0,1,0,204
NSW,Parramatta,2023-05,0,71,0,5,0,572
NSW,Parramatta,2023-06,0,71,0,6,0,695
NSW,Parramatta,2023-07,6,73,0,3,0,649
NSW,Parramatta,2023-08,0,69,0,17,0,728
NSW,Parramatta,2023-09,14,80,0,18,8,704
NSW,Parramatta,2023-10,0,54,0,15,6,682
NSW,Parramatta,2023-11,9,88,0,14,0,611
NSW,Parramatta,2023-12,0,58,0,8,0,508
NSW,Parramatta,2024-01,0,66,0,7,0,579
NSW,Parramatta,2024-02,0,18,0,1,0,88
NSW,Parramatta,2024-03,0,24,0,4,0,158
NSW,Parramatta,2024-04,0,45,0,5,0,432
NSW,Parramatta,2024-05,0,46,0,10,0,436
NSW,Parramatta,2024-06,0,80,0,23,7,686
NSW,Parramatta,2024-07,0,58,0,18,7,585
NSW,Parramatta,2024-08,0,49,0,21,0,575
NSW,Parramatta,2024-09,0,74,0,22,0,580
NSW,Parramatta,2024-10,0,51,0,19,0,548
NSW,Parramatta,2024-11,0,55,0,12,0,549
NSW,Parramatta,2024-12,0,66,0,20,0,527
NSW,Parramatta,2025-01,0,28,0,19,6,512
NSW,Parramatta,2025-02,0,49,0,34,0,564
NSW,Parramatta,2025-03,0,70,0,35,0,557
NSW,Parramatta,2025-04,0,48,0,9,0,504
NSW,Parramatta,2025-05,0,110,0,19,6,617
NSW,Parramatta,2025-06,7,108,0,22,0,623
NSW,Parramatta,2025-07,0,52,0,22,0,588
NSW,Parramatta,2025-08,0,97,0,9,0,554
NSW,Parramatta,2025-09,7,126,0,19,0,547
NSW,Parramatta,2025-10,0,63,0,27,0,523
NSW,Parramatta,2025-11,0,86,0,27,0,523
NSW,Parramatta,2025-12,0,95,0,26,0,517
NSW,Parramatta,2026-01,0,69,0,20,0,499
NSW,Parramatta,2026-02,0,105,0,34,0,488
NSW,Parramatta,2026-03,0,124,0,43,0,517
NSW,Parramatta,2026-04,0,121,0,52,0,412
NSW,Parramatta,2026-05,17,148,0,54,0,468
NSW,Parramatta,2026-06,19,169,0,68,0,618
NSW,Parramatta,2026-07,8,173,0,82,6,457
NSW,Parramatta,2026-08,12,187,0,62,0,368
NSW,Penrith,2023-01,0,15,0,1,0,393
NSW,Penrith,2023-02,0,16,0,1,0,321
NSW,Penrith,2023-03,0,4,0,0,0,41
NSW,Penrith,2023-04,0,4,0,0,0,111
NSW,Penrith,2023-05,0,14,0,0,6,406
NSW,Penrith,2023-06,0,23,0,0,0,497
NSW,Penrith,2023-07,0,19,0,2,0,437
NSW,Penrith,2023-08,0,18,0,2,0,534
NSW,Penrith,2023-09,0,37,0,4,6,487
NSW,Penrith,2023-10,0,22,0,4,0,480
NSW,Penrith,2023-11,0,28,0,6,0,490
NSW,Penrith,2023-12,0,20,0,3,0,336
NSW,Penrith,2024-01,0,15,0,2,0,442
NSW,Penrith,2024-02,0,3,0,1,0,63
NSW,Penrith,2024-03,0,10,0,0,0,105
NSW,Penrith,2024-04,0,17,0,3,0,392
NSW,Penrith,2024-05,0,18,0,5,0,315
NSW,Penrith,2024-06,0,23,0,10,0,478
NSW,Penrith,2024-07,0,24,0,5,0,439
NSW,Penrith,2024-08,0,24,0,9,0,485
NSW,Penrith,2024-09,0,14,0,2,0,515
NSW,Penrith,2024-10,0,24,0,10,0,424
NSW,Penrith,2024-11,0,21,0,10,0,447
NSW,Penrith,2024-12,0,27,0,4,0,376
NSW,Penrith,2025-01,0,7,0,5,0,388
NSW,Penrith,2025-02,0,26,0,6,0,451
NSW,Penrith,2025-03,0,20,0,14,0,421
NSW,Penrith,2025-04,0,20,0,2,0,424
NSW,Penrith,2025-05,0,35,0,3,0,462
NSW,Penrith,2025-06,0,58,0,3,0,525
NSW,Penrith,2025-07,0,27,0,7,0,485
NSW,Penrith,2025-08,0,32,0,3,0,433
NSW,Penrith,2025-09,0,51,0,10,0,452
NSW,Penrith,2025-10,0,30,0,5,0,459
NSW,Penrith,2025-11,0,29,0,15,0,416
NSW,Penrith,2025-12,0,42,0,14,0,422
NSW,Penrith,2026-01,0,24,0,10,0,413
NSW,Penrith,2026-02,0,44,0,10,0,384
NSW,Penrith,2026-03,0,68,0,22,0,422
NSW,Penrith,2026-04,0,55,0,30,0,366
NSW,Penrith,2026-05,6,81,0,29,0,434
NSW,Penrith,2026-06,6,91,0,45,0,537
NSW,Penrith,2026-07,0,77,0,39,0,405
NSW,Penrith,2026-08,0,77,0,27,0,372
NSW,Port Macquarie-Hastings,2023-01,0,5,0,2,0,224
NSW,Port Macquarie-Hastings,2023-02,0,6,0,0,0,141
NSW,Port Macquarie-Hastings,2023-03,0,2,0,0,0,25
NSW,Port Macquarie-Hastings,2023-04,0,2,0,0,0,53
NSW,Port Macquarie-Hastings,2023-05,0,7,0,0,0,192
NSW,Port Macquarie-Hastings,2023-06,0,5,0,0,0,193
NSW,Port Macquarie-Hastings,2023-07,0,7,0,0,0,200
NSW,Port Macquarie-Hastings,2023-08,0,7,0,2,0,233
NSW,Port Macquarie-Hastings,2023-09,0,11,0,2,0,206
NSW,Port Macquarie-Hastings,2023-10,0,10,0,2,0,228
NSW,Port Macquarie-Hastings,2023-11,0,13,0,0,0,199
NSW,Port Macquarie-Hastings,2023-12,0,10,0,3,0,168
NSW,Port Macquarie-Hastings,2024-01,0,7,0,2,0,176
NSW,Port Macquarie-Hastings,2024-02,0,1,0,0,0,37
NSW,Port Macquarie-Hastings,2024-03,0,2,0,0,0,50
NSW,Port Macquarie-Hastings,2024-04,0,5,0,2,0,158
NSW,Port Macquarie-Hastings,2024-05,0,3,0,1,0,146
NSW,Port Macquarie-Hastings,2024-06,0,8,0,4,0,222
NSW,Port Macquarie-Hastings,2024-07,0,10,0,1,0,210
NSW,Port Macquarie-Hastings,2024-08,0,5,0,5,0,210
NSW,Port Macquarie-Hastings,2024-09,0,5,0,4,0,211
NSW,Port Macquarie-Hastings,2024-10,0,15,0,3,0,206
NSW,Port Macquarie-Hastings,2024-11,0,9,0,2,0,201
NSW,Port Macquarie-Hastings,2024-12,0,6,0,3,0,168
NSW,Port Macquarie-Hastings,2025-01,0,1,0,1,0,201
NSW,Port Macquarie-Hastings,2025-02,0,4,0,2,0,213
NSW,Port Macquarie-Hastings,2025-03,0,7,0,11,0,157
NSW,Port Macquarie-Hastings,2025-04,0,6,0,5,0,162
NSW,Port Macquarie-Hastings,2025-05,0,11,0,5,0,197
NSW,Port Macquarie-Hastings,2025-06,0,16,0,5,0,242
NSW,Port Macquarie-Hastings,2025-07,0,10,0,2,0,211
NSW,Port Macquarie-Hastings,2025-08,0,11,0,5,0,206
NSW,Port Macquarie-Hastings,2025-09,0,18,0,5,0,192
NSW,Port Macquarie-Hastings,2025-10,0,10,0,5,0,218
NSW,Port Macquarie-Hastings,2025-11,0,16,0,5,0,184
NSW,Port Macquarie-Hastings,2025-12,0,14,0,5,0,185
NSW,Port Macquarie-Hastings,2026-01,0,14,0,10,0,189
NSW,Port Macquarie-Hastings,2026-02,0,18,0,5,0,198
NSW,Port Macquarie-Hastings,2026-03,0,25,0,6,0,187
NSW,Port Macquarie-Hastings,2026-04,0,18,0,11,0,170
NSW,Port Macquarie-Hastings,2026-05,0,36,0,11,0,162
NSW,Port Macquarie-Hastings,2026-06,0,50,0,20,0,206
NSW,Port Macquarie-Hastings,2026-07,0,36,0,28,0,191
NSW,Port Macquarie-Hastings,2026-08,0,39,0,10,0,140
NSW,Port Stephens,2023-01,0,5,0,0,0,166
NSW,Port Stephens,2023-02,0,16,0,2,0,109
NSW,Port Stephens,2023-03,0,2,0,0,0,25
NSW,Port Stephens,2023-04,0,3,0,0,0,53
NSW,Port Stephens,2023-05,0,5,0,1,0,176
NSW,Port Stephens,2023-06,0,7,0,1,0,196
NSW,Port Stephens,2023-07,0,6,0,0,0,153
NSW,Port Stephens,2023-08,0,8,0,3,11,201
NSW,Port Stephens,2023-09,0,10,0,1,0,209
NSW,Port Stephens,2023-10,0,16,0,1,0,197
NSW,Port Stephens,2023-11,0,8,0,3,0,201
NSW,Port Stephens,2023-12,0,10,0,4,0,130
NSW,Port Stephens,2024-01,0,5,0,1,0,189
NSW,Port Stephens,2024-02,0,0,0,0,0,20
NSW,Port Stephens,2024-03,0,2,0,0,0,50
NSW,Port Stephens,2024-04,0,9,0,0,0,151
NSW,Port Stephens,2024-05,0,4,0,3,0,152
NSW,Port Stephens,2024-06,0,7,0,4,0,203
NSW,Port Stephens,2024-07,0,3,0,2,0,178
NSW,Port Stephens,2024-08,0,7,0,3,0,214
NSW,Port Stephens,2024-09,0,5,0,2,0,179
NSW,Port Stephens,2024-10,0,3,0,2,0,170
NSW,Port Stephens,2024-11,0,10,0,9,0,181
NSW,Port Stephens,2024-12,0,9,0,1,0,168
NSW,Port Stephens,2025-01,0,2,0,3,0,160
NSW,Port Stephens,2025-02,0,6,0,5,0,189
NSW,Port Stephens,2025-03,0,7,0,4,0,175
NSW,Port Stephens,2025-04,0,5,0,2,0,152
NSW,Port Stephens,2025-05,0,16,0,0,0,195
NSW,Port Stephens,2025-06,0,10,0,3,0,219
NSW,Port Stephens,2025-07,0,3,0,5,0,196
NSW,Port Stephens,2025-08,0,17,0,4,0,180
NSW,Port Stephens,2025-09,0,9,0,5,0,211
NSW,Port Stephens,2025-10,0,9,0,4,0,180
NSW,Port Stephens,2025-11,0,13,0,2,0,179
NSW,Port Stephens,2025-12,0,9,0,1,0,167
NSW,Port Stephens,2026-01,0,7,0,3,0,162
NSW,Port Stephens,2026-02,0,11,0,4,0,165
NSW,Port Stephens,2026-03,0,27,0,8,0,153
NSW,Port Stephens,2026-04,0,16,0,14,0,135
NSW,Port Stephens,2026-05,0,31,0,11,0,141
NSW,Port Stephens,2026-06,0,48,0,11,0,183
NSW,Port Stephens,2026-07,0,30,0,20,0,183
NSW,Port Stephens,2026-08,0,36,0,17,0,132
NSW,Queanbeyan-Palerang Regional,2023-01,0,25,0,0,0,137
NSW,Queanbeyan-Palerang Regional,2023-02,0,16,0,0,0,115
NSW,Queanbeyan-Palerang Regional,2023-03,0,0,0,0,0,10
NSW,Queanbeyan-Palerang Regional,2023-04,0,6,0,2,0,29
NSW,Queanbeyan-Palerang Regional,2023-05,0,21,0,3,0,148
NSW,Queanbeyan-Palerang Regional,2023-06,0,21,0,0,0,141
NSW,Queanbeyan-Palerang Regional,2023-07,0,17,0,2,0,125
NSW,Queanbeyan-Palerang Regional,2023-08,0,21,0,3,0,176
NSW,Queanbeyan-Palerang Regional,2023-09,0,19,0,3,0,184
NSW,Queanbeyan-Palerang Regional,2023-10,0,15,0,4,0,162
NSW,Queanbeyan-Palerang Regional,2023-11,0,24,0,6,0,172
NSW,Queanbeyan-Palerang Regional,2023-12,0,18,0,7,0,114
NSW,Queanbeyan-Palerang Regional,2024-01,0,7,0,8,0,132
NSW,Queanbeyan-Palerang Regional,2024-02,0,1,0,0,0,13
NSW,Queanbeyan-Palerang Regional,2024-03,0,5,0,1,0,38
NSW,Queanbeyan-Palerang Regional,2024-04,0,19,0,1,0,115
NSW,Queanbeyan-Palerang Regional,2024-05,0,13,0,2,0,89
NSW,Queanbeyan-Palerang Regional,2024-06,0,28,0,4,0,161
NSW,Queanbeyan-Palerang Regional,2024-07,0,17,0,13,0,158
NSW,Queanbeyan-Palerang Regional,2024-08,0,12,0,6,0,168
NSW,Queanbeyan-Palerang Regional,2024-09,0,19,0,3,0,136
NSW,Queanbeyan-Palerang Regional,2024-10,0,14,0,6,0,154
NSW,Queanbeyan-Palerang Regional,2024-11,0,17,0,4,0,154
NSW,Queanbeyan-Palerang Regional,2024-12,0,30,0,5,0,128
NSW,Queanbeyan-Palerang Regional,2025-01,0,14,0,5,0,152
NSW,Queanbeyan-Palerang Regional,2025-02,0,21,0,21,0,155
NSW,Queanbeyan-Palerang Regional,2025-03,0,28,0,26,0,150
NSW,Queanbeyan-Palerang Regional,2025-04,0,16,0,1,0,129
NSW,Queanbeyan-Palerang Regional,2025-05,0,30,0,9,0,173
NSW,Queanbeyan-Palerang Regional,2025-06,0,25,0,9,0,157
NSW,Queanbeyan-Palerang Regional,2025-07,0,28,0,4,0,122
NSW,Queanbeyan-Palerang Regional,2025-08,0,28,0,6,0,155
NSW,Queanbeyan-Palerang Regional,2025-09,0,27,0,5,0,154
NSW,Queanbeyan-Palerang Regional,2025-10,0,29,0,5,0,150
NSW,Queanbeyan-Palerang Regional,2025-11,0,21,0,6,0,160
NSW,Queanbeyan-Palerang Regional,2025-12,0,28,0,8,0,154
NSW,Queanbeyan-Palerang Regional,2026-01,0,21,0,5,0,116
NSW,Queanbeyan-Palerang Regional,2026-02,0,29,0,6,0,105
NSW,Queanbeyan-Palerang Regional,2026-03,0,46,0,14,0,133
NSW,Queanbeyan-Palerang Regional,2026-04,0,61,0,12,0,109
NSW,Queanbeyan-Palerang Regional,2026-05,0,61,0,13,0,127
NSW,Queanbeyan-Palerang Regional,2026-06,0,87,0,16,0,142
NSW,Queanbeyan-Palerang Regional,2026-07,0,70,0,22,0,113
NSW,Queanbeyan-Palerang Regional,2026-08,0,61,0,18,0,100
NSW,Randwick,2023-01,0,25,0,4,0,186
NSW,Randwick,2023-02,0,28,0,0,0,156
NSW,Randwick,2023-03,0,4,0,0,0,24
NSW,Randwick,2023-04,0,9,0,0,0,59
NSW,Randwick,2023-05,0,29,0,0,0,197
NSW,Randwick,2023-06,0,40,0,5,0,230
NSW,Randwick,2023-07,0,36,0,4,0,220
NSW,Randwick,2023-08,0,27,0,2,0,233
NSW,Randwick,2023-09,0,39,0,6,0,231
NSW,Randwick,2023-10,0,22,0,3,0,236
NSW,Randwick,2023-11,0,42,0,3,0,277
NSW,Randwick,2023-12,0,14,0,3,0,149
NSW,Randwick,2024-01,0,24,0,2,0,214
NSW,Randwick,2024-02,0,1,0,0,0,20
NSW,Randwick,2024-03,0,7,0,0,0,50
NSW,Randwick,2024-04,0,14,0,1,0,150
NSW,Randwick,2024-05,0,21,0,3,0,144
NSW,Randwick,2024-06,0,48,0,9,0,224
NSW,Randwick,2024-07,0,30,0,6,0,221
NSW,Randwick,2024-08,0,25,0,9,0,191
NSW,Randwick,2024-09,0,19,0,10,0,204
NSW,Randwick,2024-10,0,18,0,4,0,199
NSW,Randwick,2024-11,0,31,0,12,0,186
NSW,Randwick,2024-12,0,37,0,7,0,143
NSW,Randwick,2025-01,0,12,0,8,0,194
NSW,Randwick,2025-02,0,32,0,9,0,235
NSW,Randwick,2025-03,0,39,0,30,0,197
NSW,Randwick,2025-04,0,24,0,5,0,171
NSW,Randwick,2025-05,0,43,0,6,0,201
NSW,Randwick,2025-06,0,54,0,11,0,231
NSW,Randwick,2025-07,0,31,0,11,0,200
NSW,Randwick,2025-08,0,36,0,6,0,184
NSW,Randwick,2025-09,0,49,0,12,0,166
NSW,Randwick,2025-10,0,29,0,8,0,190
NSW,Randwick,2025-11,0,35,0,8,0,162
NSW,Randwick,2025-12,0,55,0,8,0,185
NSW,Randwick,2026-01,0,37,0,6,0,190
NSW,Randwick,2026-02,0,53,0,9,0,162
NSW,Randwick,2026-03,0,45,0,12,0,197
NSW,Randwick,2026-04,0,44,0,15,0,118
NSW,Randwick,2026-05,0,74,0,7,0,181
NSW,Randwick,2026-06,0,108,0,14,0,186
NSW,Randwick,2026-07,0,71,0,24,0,132
NSW,Randwick,2026-08,0,79,0,16,0,129
NSW,Richmond Valley,2023-01,0,1,0,0,0,51
NSW,Richmond Valley,2023-02,0,0,0,0,0,41
NSW,Richmond Valley,2023-03,0,0,0,0,0,1
NSW,Richmond Valley,2023-04,0,0,0,0,0,11
NSW,Richmond Valley,2023-05,0,0,0,0,0,52
NSW,Richmond Valley,2023-06,0,1,0,0,0,39
NSW,Richmond Valley,2023-07,0,2,0,1,0,45
NSW,Richmond Valley,2023-08,0,0,0,0,0,42
NSW,Richmond Valley,2023-09,0,2,0,0,0,50
NSW,Richmond Valley,2023-10,0,1,0,0,0,53
NSW,Richmond Valley,2023-11,0,3,0,0,0,60
NSW,Richmond Valley,2023-12,0,1,0,1,0,42
NSW,Richmond Valley,2024-01,0,0,0,0,0,41
NSW,Richmond Valley,2024-02,0,0,0,0,0,7
NSW,Richmond Valley,2024-03,0,1,0,0,0,14
NSW,Richmond Valley,2024-04,0,2,0,0,0,35
NSW,Richmond Valley,2024-05,0,1,0,0,0,28
NSW,Richmond Valley,2024-06,0,0,0,0,0,47
NSW,Richmond Valley,2024-07,0,2,0,1,0,47
NSW,Richmond Valley,2024-08,0,1,0,0,0,52
NSW,Richmond Valley,2024-09,0,0,0,0,0,47
NSW,Richmond Valley,2024-10,0,0,0,0,0,44
NSW,Richmond Valley,2024-11,0,0,0,0,0,43
NSW,Richmond Valley,2024-12,0,1,0,0,0,30
NSW,Richmond Valley,2025-01,0,1,0,0,0,37
NSW,Richmond Valley,2025-02,0,0,0,1,0,35
NSW,Richmond Valley,2025-03,0,0,0,1,0,39
NSW,Richmond Valley,2025-04,0,0,0,0,0,42
NSW,Richmond Valley,2025-05,0,1,0,1,0,48
NSW,Richmond Valley,2025-06,0,1,0,0,0,63
NSW,Richmond Valley,2025-07,0,3,0,1,0,36
NSW,Richmond Valley,2025-08,0,0,0,0,0,41
NSW,Richmond Valley,2025-09,0,0,0,2,0,41
NSW,Richmond Valley,2025-10,0,1,0,0,0,32
NSW,Richmond Valley,2025-11,0,1,0,0,0,32
NSW,Richmond Valley,2025-12,0,1,0,1,0,42
NSW,Richmond Valley,2026-01,0,1,0,0,0,40
NSW,Richmond Valley,2026-02,0,3,0,1,0,45
NSW,Richmond Valley,2026-03,0,6,0,1,0,40
NSW,Richmond Valley,2026-04,0,3,0,3,0,26
NSW,Richmond Valley,2026-05,0,3,0,2,0,35
NSW,Richmond Valley,2026-06,0,6,0,1,0,43
NSW,Richmond Valley,2026-07,0,7,0,0,0,48
NSW,Richmond Valley,2026-08,0,2,0,0,0,33
NSW,Ryde,2023-01,0,26,0,0,0,257
NSW,Ryde,2023-02,0,36,0,0,0,200
NSW,Ryde,2023-03,0,7,0,1,0,42
NSW,Ryde,2023-04,0,7,0,0,0,97
NSW,Ryde,2023-05,0,39,0,2,0,240
NSW,Ryde,2023-06,0,45,0,1,0,318
NSW,Ryde,2023-07,0,43,0,2,0,274
NSW,Ryde,2023-08,0,37,0,7,0,306
NSW,Ryde,2023-09,0,46,0,6,0,318
NSW,Ryde,2023-10,0,35,0,4,0,257
NSW,Ryde,2023-11,0,52,0,6,0,285
NSW,Ryde,2023-12,0,26,0,4,0,195
NSW,Ryde,2024-01,0,37,0,4,0,228
NSW,Ryde,2024-02,0,5,0,0,0,28
NSW,Ryde,2024-03,0,15,0,1,0,48
NSW,Ryde,2024-04,0,22,0,6,0,195
NSW,Ryde,2024-05,0,24,0,3,0,186
NSW,Ryde,2024-06,0,39,0,11,0,297
NSW,Ryde,2024-07,0,24,0,9,0,256
NSW,Ryde,2024-08,0,32,0,6,0,230
NSW,Ryde,2024-09,0,43,0,14,0,231
NSW,Ryde,2024-10,0,30,0,11,0,254
NSW,Ryde,2024-11,0,26,0,15,0,242
NSW,Ryde,2024-12,0,35,0,9,0,206
NSW,Ryde,2025-01,0,20,0,11,0,198
NSW,Ryde,2025-02,0,25,0,15,0,255
NSW,Ryde,2025-03,0,39,0,16,0,221
NSW,Ryde,2025-04,0,20,0,5,0,202
NSW,Ryde,2025-05,0,66,0,7,0,280
NSW,Ryde,2025-06,0,78,0,10,0,283
NSW,Ryde,2025-07,0,45,0,13,0,217
NSW,Ryde,2025-08,0,49,0,3,0,226
NSW,Ryde,2025-09,0,62,0,9,0,207
NSW,Ryde,2025-10,0,35,0,13,0,224
NSW,Ryde,2025-11,0,58,0,6,0,209
NSW,Ryde,2025-12,0,53,0,14,0,178
NSW,Ryde,2026-01,0,36,0,12,0,211
NSW,Ryde,2026-02,0,62,0,12,0,200
NSW,Ryde,2026-03,0,82,0,16,0,192
NSW,Ryde,2026-04,0,70,0,16,0,157
NSW,Ryde,2026-05,18,111,0,11,0,203
NSW,Ryde,2026-06,8,135,0,24,0,223
NSW,Ryde,2026-07,0,102,0,30,0,188
NSW,Ryde,2026-08,0,100,0,20,0,136
NSW,Shellharbour,2023-01,0,12,0,0,0,151
NSW,Shellharbour,2023-02,0,9,0,0,0,112
NSW,Shellharbour,2023-03,0,1,0,0,0,12
NSW,Shellharbour,2023-04,0,1,0,0,0,44
NSW,Shellharbour,2023-05,0,14,0,1,0,137
NSW,Shellharbour,2023-06,0,9,0,0,0,181
NSW,Shellharbour,2023-07,0,7,0,1,0,153
NSW,Shellharbour,2023-08,0,10,0,1,0,200
NSW,Shellharbour,2023-09,0,20,0,2,0,185
NSW,Shellharbour,2023-10,0,9,0,1,0,174
NSW,Shellharbour,2023-11,0,12,0,3,0,195
NSW,Shellharbour,2023-12,0,12,0,2,0,118
NSW,Shellharbour,2024-01,0,6,0,1,0,160
NSW,Shellharbour,2024-02,0,0,0,0,0,24
NSW,Shellharbour,2024-03,0,0,0,0,0,27
NSW,Shellharbour,2024-04,0,2,0,1,0,134
NSW,Shellharbour,2024-05,0,9,0,2,0,111
NSW,Shellharbour,2024-06,0,10,0,3,0,205
NSW,Shellharbour,2024-07,0,10,0,4,0,173
NSW,Shellharbour,2024-08,0,8,0,6,0,157
NSW,Shellharbour,2024-09,0,3,0,2,0,158
NSW,Shellharbour,2024-10,0,10,0,4,0,159
NSW,Shellharbour,2024-11,0,14,0,6,0,150
NSW,Shellharbour,2024-12,0,9,0,4,0,141
NSW,Shellharbour,2025-01,0,7,0,3,0,148
NSW,Shellharbour,2025-02,0,8,0,5,0,176
NSW,Shellharbour,2025-03,0,12,0,10,0,187
NSW,Shellharbour,2025-04,0,10,0,2,0,156
NSW,Shellharbour,2025-05,0,17,0,7,0,200
NSW,Shellharbour,2025-06,0,15,0,7,0,189
NSW,Shellharbour,2025-07,0,6,0,2,0,181
NSW,Shellharbour,2025-08,0,17,0,1,0,157
NSW,Shellharbour,2025-09,0,25,0,3,0,180
NSW,Shellharbour,2025-10,0,17,0,1,0,198
NSW,Shellharbour,2025-11,0,17,0,1,0,152
NSW,Shellharbour,2025-12,0,24,0,2,0,172
NSW,Shellharbour,2026-01,0,13,0,3,0,154
NSW,Shellharbour,2026-02,0,12,0,10,0,155
NSW,Shellharbour,2026-03,0,31,0,9,0,178
NSW,Shellharbour,2026-04,0,33,0,2,0,144
NSW,Shellharbour,2026-05,0,55,0,7,0,164
NSW,Shellharbour,2026-06,0,55,0,16,0,201
NSW,Shellharbour,2026-07,0,43,0,16,0,173
NSW,Shellharbour,2026-08,0,42,0,16,0,138
NSW,Shoalhaven,2023-01,0,19,0,1,0,204
NSW,Shoalhaven,2023-02,0,14,0,0,0,179
NSW,Shoalhaven,2023-03,0,1,0,0,0,31
NSW,Shoalhaven,2023-04,0,1,0,0,0,68
NSW,Shoalhaven,2023-05,0,9,0,1,0,231
NSW,Shoalhaven,2023-06,0,11,0,0,0,252
NSW,Shoalhaven,2023-07,0,6,0,1,0,245
NSW,Shoalhaven,2023-08,0,12,0,1,0,264
NSW,Shoalhaven,2023-09,0,20,0,2,0,251
NSW,Shoalhaven,2023-10,0,11,0,4,0,226
NSW,Shoalhaven,2023-11,0,14,0,1,0,248
NSW,Shoalhaven,2023-12,0,10,0,2,0,184
NSW,Shoalhaven,2024-01,0,11,0,2,0,210
NSW,Shoalhaven,2024-02,0,0,0,1,0,24
NSW,Shoalhaven,2024-03,0,5,0,0,0,44
NSW,Shoalhaven,2024-04,0,9,0,3,0,162
NSW,Shoalhaven,2024-05,0,7,0,2,0,162
NSW,Shoalhaven,2024-06,0,6,0,3,0,288
NSW,Shoalhaven,2024-07,0,8,0,4,0,221
NSW,Shoalhaven,2024-08,0,9,0,3,0,247
NSW,Shoalhaven,2024-09,0,4,0,4,0,218
NSW,Shoalhaven,2024-10,0,13,0,5,0,233
NSW,Shoalhaven,2024-11,0,15,0,10,0,224
NSW,Shoalhaven,2024-12,0,9,0,4,0,179
NSW,Shoalhaven,2025-01,0,7,0,8,0,224
NSW,Shoalhaven,2025-02,0,14,0,9,0,209
NSW,Shoalhaven,2025-03,0,12,0,10,0,214
NSW,Shoalhaven,2025-04,0,3,0,2,0,209
NSW,Shoalhaven,2025-05,0,21,0,3,0,245
NSW,Shoalhaven,2025-06,0,12,0,6,0,252
NSW,Shoalhaven,2025-07,0,13,0,7,0,220
NSW,Shoalhaven,2025-08,0,14,0,1,0,222
NSW,Shoalhaven,2025-09,0,16,0,3,0,205
NSW,Shoalhaven,2025-10,0,20,0,4,0,224
NSW,Shoalhaven,2025-11,0,21,0,5,0,201
NSW,Shoalhaven,2025-12,0,24,0,6,0,222
NSW,Shoalhaven,2026-01,0,14,0,2,0,184
NSW,Shoalhaven,2026-02,0,19,0,5,0,204
NSW,Shoalhaven,2026-03,0,37,0,12,0,216
NSW,Shoalhaven,2026-04,0,50,0,6,0,181
NSW,Shoalhaven,2026-05,0,67,0,8,0,209
NSW,Shoalhaven,2026-06,0,49,0,16,0,231
NSW,Shoalhaven,2026-07,0,38,0,14,0,209
NSW,Shoalhaven,2026-08,0,52,0,15,0,194
NSW,Singleton,2023-01,0,2,0,0,0,73
NSW,Singleton,2023-02,0,3,0,0,0,65
NSW,Singleton,2023-03,0,0,0,0,0,10
NSW,Singleton,2023-04,0,1,0,0,0,27
NSW,Singleton,2023-05,0,2,0,0,0,67
NSW,Singleton,2023-06,0,0,0,0,0,97
NSW,Singleton,2023-07,0,3,0,0,0,89
NSW,Singleton,2023-08,0,3,0,0,0,110
NSW,Singleton,2023-09,0,3,0,1,0,88
NSW,Singleton,2023-10,0,2,0,0,0,85
NSW,Singleton,2023-11,0,0,0,1,0,93
NSW,Singleton,2023-12,0,2,0,1,0,80
NSW,Singleton,2024-01,0,2,0,1,0,80
NSW,Singleton,2024-02,0,0,0,0,0,11
NSW,Singleton,2024-03,0,0,0,0,0,12
NSW,Singleton,2024-04,0,0,0,2,0,72
NSW,Singleton,2024-05,0,1,0,1,0,57
NSW,Singleton,2024-06,0,3,0,1,0,98
NSW,Singleton,2024-07,0,0,0,2,0,71
NSW,Singleton,2024-08,0,2,0,2,0,79
NSW,Singleton,2024-09,0,1,0,1,0,105
NSW,Singleton,2024-10,0,2,0,1,0,82
NSW,Singleton,2024-11,0,2,0,1,0,78
NSW,Singleton,2024-12,0,2,0,1,0,75
NSW,Singleton,2025-01,0,1,0,3,0,90
NSW,Singleton,2025-02,0,2,0,3,0,92
NSW,Singleton,2025-03,0,4,0,3,0,74
NSW,Singleton,2025-04,0,2,0,0,0,91
NSW,Singleton,2025-05,0,6,0,0,0,92
NSW,Singleton,2025-06,0,3,0,2,0,82
NSW,Singleton,2025-07,0,0,0,0,0,99
NSW,Singleton,2025-08,0,3,0,1,0,67
NSW,Singleton,2025-09,0,3,0,4,0,87
NSW,Singleton,2025-10,0,1,0,1,0,80
NSW,Singleton,2025-11,0,4,0,1,0,90
NSW,Singleton,2025-12,0,3,0,1,0,88
NSW,Singleton,2026-01,0,4,0,2,0,73
NSW,Singleton,2026-02,0,3,0,1,0,76
NSW,Singleton,2026-03,0,6,0,1,0,83
NSW,Singleton,2026-04,0,9,0,3,0,60
NSW,Singleton,2026-05,0,10,0,2,0,80
NSW,Singleton,2026-06,0,21,0,3,0,79
NSW,Singleton,2026-07,0,11,0,3,0,61
NSW,Singleton,2026-08,0,11,0,6,0,68
NSW,Snowy Monaro Regional,2023-01,0,2,0,1,0,36
NSW,Snowy Monaro Regional,2023-02,0,4,0,0,0,47
NSW,Snowy Monaro Regional,2023-03,0,1,0,0,0,3
NSW,Snowy Monaro Regional,2023-04,0,0,0,0,0,15
NSW,Snowy Monaro Regional,2023-05,0,1,0,1,0,51
NSW,Snowy Monaro Regional,2023-06,0,7,0,0,0,59
NSW,Snowy Monaro Regional,2023-07,0,2,0,0,0,45
NSW,Snowy Monaro Regional,2023-08,0,3,0,0,0,65
NSW,Snowy Monaro Regional,2023-09,0,7,0,1,0,42
NSW,Snowy Monaro Regional,2023-10,0,1,0,1,0,53
NSW,Snowy Monaro Regional,2023-11,0,5,0,2,0,70
NSW,Snowy Monaro Regional,2023-12,0,3,0,1,0,51
NSW,Snowy Monaro Regional,2024-01,0,1,0,1,0,41
NSW,Snowy Monaro Regional,2024-02,0,1,0,0,0,9
NSW,Snowy Monaro Regional,2024-03,0,1,0,0,0,12
NSW,Snowy Monaro Regional,2024-04,0,1,0,0,0,42
NSW,Snowy Monaro Regional,2024-05,0,2,0,0,0,41
NSW,Snowy Monaro Regional,2024-06,0,3,0,0,0,60
NSW,Snowy Monaro Regional,2024-07,0,3,0,3,0,43
NSW,Snowy Monaro Regional,2024-08,0,0,0,1,0,52
NSW,Snowy Monaro Regional,2024-09,0,1,0,0,0,54
NSW,Snowy Monaro Regional,2024-10,0,4,0,0,0,58
NSW,Snowy Monaro Regional,2024-11,0,1,0,1,0,36
NSW,Snowy Monaro Regional,2024-12,0,6,0,2,0,45
NSW,Snowy Monaro Regional,2025-01,0,0,0,1,0,42
NSW,Snowy Monaro Regional,2025-02,0,2,0,3,0,50
NSW,Snowy Monaro Regional,2025-03,0,1,0,7,0,36
NSW,Snowy Monaro Regional,2025-04,0,4,0,1,0,41
NSW,Snowy Monaro Regional,2025-05,0,4,0,0,0,42
NSW,Snowy Monaro Regional,2025-06,0,4,0,2,0,50
NSW,Snowy Monaro Regional,2025-07,0,2,0,1,0,36
NSW,Snowy Monaro Regional,2025-08,0,2,0,3,0,46
NSW,Snowy Monaro Regional,2025-09,0,1,0,1,0,39
NSW,Snowy Monaro Regional,2025-10,0,3,0,2,0,55
NSW,Snowy Monaro Regional,2025-11,0,3,0,1,0,48
NSW,Snowy Monaro Regional,2025-12,0,5,0,2,0,45
NSW,Snowy Monaro Regional,2026-01,0,2,0,0,0,38
NSW,Snowy Monaro Regional,2026-02,0,7,0,1,0,30
NSW,Snowy Monaro Regional,2026-03,0,8,0,1,0,43
NSW,Snowy Monaro Regional,2026-04,0,11,0,7,0,36
NSW,Snowy Monaro Regional,2026-05,0,9,0,2,0,44
NSW,Snowy Monaro Regional,2026-06,0,12,0,2,0,40
NSW,Snowy Monaro Regional,2026-07,0,12,0,4,0,39
NSW,Snowy Monaro Regional,2026-08,0,8,0,1,0,44
NSW,Snowy Valleys,2023-01,0,0,0,0,0,28
NSW,Snowy Valleys,2023-02,0,2,0,0,0,23
NSW,Snowy Valleys,2023-03,0,0,0,0,0,5
NSW,Snowy Valleys,2023-04,0,0,0,0,0,6
NSW,Snowy Valleys,2023-05,0,0,0,0,0,28
NSW,Snowy Valleys,2023-06,0,2,0,0,0,34
NSW,Snowy Valleys,2023-07,0,0,0,0,0,29
NSW,Snowy Valleys,2023-08,0,0,0,0,0,36
NSW,Snowy Valleys,2023-09,0,0,0,0,0,41
NSW,Snowy Valleys,2023-10,0,0,0,0,0,28
NSW,Snowy Valleys,2023-11,0,1,0,0,0,39
NSW,Snowy Valleys,2023-12,0,0,0,1,0,29
NSW,Snowy Valleys,2024-01,0,1,0,0,0,24
NSW,Snowy Valleys,2024-02,0,1,0,0,0,8
NSW,Snowy Valleys,2024-03,0,0,0,0,0,6
NSW,Snowy Valleys,2024-04,0,0,0,0,0,29
NSW,Snowy Valleys,2024-05,0,0,0,0,0,16
NSW,Snowy Valleys,2024-06,0,0,0,0,0,39
NSW,Snowy Valleys,2024-07,0,0,0,0,0,36
NSW,Snowy Valleys,2024-08,0,1,0,0,0,24
NSW,Snowy Valleys,2024-09,0,2,0,0,0,22
NSW,Snowy Valleys,2024-10,0,0,0,1,0,30
NSW,Snowy Valleys,2024-11,0,0,0,0,0,34
NSW,Snowy Valleys,2024-12,0,1,0,0,0,30
NSW,Snowy Valleys,2025-01,0,0,0,0,0,25
NSW,Snowy Valleys,2025-02,0,0,0,1,0,19
NSW,Snowy Valleys,2025-03,0,0,0,0,0,36
NSW,Snowy Valleys,2025-04,0,0,0,0,0,18
NSW,Snowy Valleys,2025-05,0,1,0,0,0,36
NSW,Snowy Valleys,2025-06,0,0,0,0,0,39
NSW,Snowy Valleys,2025-07,0,0,0,1,0,22
NSW,Snowy Valleys,2025-08,0,0,0,0,0,33
NSW,Snowy Valleys,2025-09,0,0,0,0,0,25
NSW,Snowy Valleys,2025-10,0,2,0,1,0,18
NSW,Snowy Valleys,2025-11,0,0,0,0,0,25
NSW,Snowy Valleys,2025-12,0,2,0,0,0,24
NSW,Snowy Valleys,2026-01,0,0,0,0,0,20
NSW,Snowy Valleys,2026-02,0,0,0,0,0,25
NSW,Snowy Valleys,2026-03,0,1,0,2,0,26
NSW,Snowy Valleys,2026-04,0,1,0,1,0,16
NSW,Snowy Valleys,2026-05,0,4,0,1,0,27
NSW,Snowy Valleys,2026-06,0,3,0,2,0,46
NSW,Snowy Valleys,2026-07,0,2,0,3,0,35
NSW,Snowy Valleys,2026-08,0,3,0,2,0,28
NSW,Strathfield,2023-01,0,12,0,0,0,103
NSW,Strathfield,2023-02,0,13,0,1,0,87
NSW,Strathfield,2023-03,0,5,0,0,0,12
NSW,Strathfield,2023-04,0,2,0,0,0,37
NSW,Strathfield,2023-05,0,17,0,1,0,140
NSW,Strathfield,2023-06,0,16,0,0,0,144
NSW,Strathfield,2023-07,0,10,0,0,0,162
NSW,Strathfield,2023-08,0,15,0,1,0,177
NSW,Strathfield,2023-09,0,18,0,0,0,185
NSW,Strathfield,2023-10,0,7,0,1,0,152
NSW,Strathfield,2023-11,0,9,0,2,0,150
NSW,Strathfield,2023-12,0,9,0,1,0,108
NSW,Strathfield,2024-01,0,14,0,0,0,126
NSW,Strathfield,2024-02,0,0,0,0,0,12
NSW,Strathfield,2024-03,0,3,0,0,0,34
NSW,Strathfield,2024-04,0,10,0,0,0,106
NSW,Strathfield,2024-05,0,8,0,1,0,115
NSW,Strathfield,2024-06,0,16,0,5,0,154
NSW,Strathfield,2024-07,0,11,0,4,0,144
NSW,Strathfield,2024-08,0,12,0,3,0,138
NSW,Strathfield,2024-09,0,5,0,7,0,128
NSW,Strathfield,2024-10,0,7,0,1,0,136
NSW,Strathfield,2024-11,0,16,0,5,0,117
NSW,Strathfield,2024-12,0,11,0,2,0,98
NSW,Strathfield,2025-01,0,6,0,1,0,109
NSW,Strathfield,2025-02,0,9,0,9,0,134
NSW,Strathfield,2025-03,0,17,0,2,0,119
NSW,Strathfield,2025-04,0,7,0,2,0,98
NSW,Strathfield,2025-05,0,16,0,4,0,132
NSW,Strathfield,2025-06,0,25,0,11,0,159
NSW,Strathfield,2025-07,0,14,0,8,0,121
NSW,Strathfield,2025-08,0,16,0,4,0,110
NSW,Strathfield,2025-09,0,31,0,3,0,134
NSW,Strathfield,2025-10,0,13,0,8,0,123
NSW,Strathfield,2025-11,0,18,0,4,0,107
NSW,Strathfield,2025-12,0,17,0,8,0,117
NSW,Strathfield,2026-01,0,14,0,7,0,91
NSW,Strathfield,2026-02,0,17,0,9,0,95
NSW,Strathfield,2026-03,0,19,0,12,0,113
NSW,Strathfield,2026-04,0,27,0,10,0,95
NSW,Strathfield,2026-05,0,32,0,17,0,95
NSW,Strathfield,2026-06,0,38,0,17,0,133
NSW,Strathfield,2026-07,0,36,0,23,0,91
NSW,Strathfield,2026-08,0,41,0,14,0,73
NSW,Sutherland Shire,2023-01,0,43,0,3,0,409
NSW,Sutherland Shire,2023-02,0,33,0,4,0,334
NSW,Sutherland Shire,2023-03,0,6,0,0,0,49
NSW,Sutherland Shire,2023-04,0,15,0,0,0,125
NSW,Sutherland Shire,2023-05,0,46,0,3,0,458
NSW,Sutherland Shire,2023-06,0,48,0,1,0,483
NSW,Sutherland Shire,2023-07,0,51,0,6,0,483
NSW,Sutherland Shire,2023-08,0,36,0,3,0,514
NSW,Sutherland Shire,2023-09,0,68,0,12,0,520
NSW,Sutherland Shire,2023-10,0,40,0,8,0,547
NSW,Sutherland Shire,2023-11,0,51,0,4,0,466
NSW,Sutherland Shire,2023-12,0,32,0,5,0,357
NSW,Sutherland Shire,2024-01,0,40,0,4,6,430
NSW,Sutherland Shire,2024-02,0,5,0,1,0,59
NSW,Sutherland Shire,2024-03,0,10,0,0,0,94
NSW,Sutherland Shire,2024-04,0,24,0,5,0,353
NSW,Sutherland Shire,2024-05,0,30,0,1,0,333
NSW,Sutherland Shire,2024-06,0,71,0,7,12,561
NSW,Sutherland Shire,2024-07,0,35,0,17,0,492
NSW,Sutherland Shire,2024-08,0,28,0,14,0,437
NSW,Sutherland Shire,2024-09,0,37,0,13,0,441
NSW,Sutherland Shire,2024-10,0,39,0,20,0,449
NSW,Sutherland Shire,2024-11,0,28,0,18,6,465
NSW,Sutherland Shire,2024-12,0,49,0,13,0,414
NSW,Sutherland Shire,2025-01,0,23,0,15,0,402
NSW,Sutherland Shire,2025-02,0,33,0,28,0,457
NSW,Sutherland Shire,2025-03,0,38,0,30,0,425
NSW,Sutherland Shire,2025-04,0,31,0,10,0,379
NSW,Sutherland Shire,2025-05,6,56,0,18,0,471
NSW,Sutherland Shire,2025-06,0,65,0,21,0,574
NSW,Sutherland Shire,2025-07,0,43,0,23,0,481
NSW,Sutherland Shire,2025-08,0,53,0,15,0,442
NSW,Sutherland Shire,2025-09,0,72,0,16,0,466
NSW,Sutherland Shire,2025-10,0,63,0,17,0,467
NSW,Sutherland Shire,2025-11,0,47,0,24,0,428
NSW,Sutherland Shire,2025-12,0,65,0,13,0,410
NSW,Sutherland Shire,2026-01,0,32,0,14,0,413
NSW,Sutherland Shire,2026-02,0,62,0,22,0,398
NSW,Sutherland Shire,2026-03,0,97,0,30,0,398
NSW,Sutherland Shire,2026-04,0,80,0,32,0,310
NSW,Sutherland Shire,2026-05,0,123,0,38,0,365
NSW,Sutherland Shire,2026-06,22,148,0,60,0,487
NSW,Sutherland Shire,2026-07,6,142,0,61,0,382
NSW,Sutherland Shire,2026-08,6,118,0,30,0,320
NSW,Sydney,2023-01,0,38,0,2,0,313
NSW,Sydney,2023-02,0,50,0,1,0,260
NSW,Sydney,2023-03,0,4,0,0,0,27
NSW,Sydney,2023-04,0,10,0,1,0,88
NSW,Sydney,2023-05,0,52,0,1,0,282
NSW,Sydney,2023-06,0,44,0,5,0,348
NSW,Sydney,2023-07,0,46,0,3,0,327
NSW,Sydney,2023-08,0,60,0,10,0,324
NSW,Sydney,2023-09,0,69,0,4,0,359
NSW,Sydney,2023-10,0,41,0,5,0,311
NSW,Sydney,2023-11,0,65,0,9,0,302
NSW,Sydney,2023-12,0,32,0,4,0,235
NSW,Sydney,2024-01,0,41,0,4,0,286
NSW,Sydney,2024-02,0,2,0,0,0,29
NSW,Sydney,2024-03,0,7,0,0,0,71
NSW,Sydney,2024-04,0,29,0,4,0,252
NSW,Sydney,2024-05,0,38,0,2,0,182
NSW,Sydney,2024-06,0,68,0,8,0,307
NSW,Sydney,2024-07,0,49,0,7,0,270
NSW,Sydney,2024-08,0,45,0,8,0,256
NSW,Sydney,2024-09,0,43,0,13,0,259
NSW,Sydney,2024-10,0,40,0,15,0,290
NSW,Sydney,2024-11,0,47,0,12,0,276
NSW,Sydney,2024-12,0,57,0,9,0,251
NSW,Sydney,2025-01,0,32,0,7,0,239
NSW,Sydney,2025-02,0,52,0,15,0,313
NSW,Sydney,2025-03,0,65,0,23,0,266
NSW,Sydney,2025-04,0,46,0,9,0,269
NSW,Sydney,2025-05,0,72,0,19,0,302
NSW,Sydney,2025-06,0,89,0,10,0,309
NSW,Sydney,2025-07,0,36,0,10,0,268
NSW,Sydney,2025-08,0,67,0,8,0,242
NSW,Sydney,2025-09,0,82,0,11,0,269
NSW,Sydney,2025-10,0,56,0,16,0,257
NSW,Sydney,2025-11,0,69,0,14,0,221
NSW,Sydney,2025-12,0,64,0,13,0,227
NSW,Sydney,2026-01,0,44,0,10,0,229
NSW,Sydney,2026-02,0,60,0,16,0,234
NSW,Sydney,2026-03,0,78,0,15,0,233
NSW,Sydney,2026-04,0,92,0,11,0,203
NSW,Sydney,2026-05,0,106,0,21,0,236
NSW,Sydney,2026-06,7,124,0,27,0,253
NSW,Sydney,2026-07,0,128,0,37,0,203
NSW,Sydney,2026-08,0,107,0,14,0,168
NSW,Tamworth Regional,2023-01,0,4,0,0,0,124
NSW,Tamworth Regional,2023-02,0,4,0,0,0,116
NSW,Tamworth Regional,2023-03,0,0,0,0,0,11
NSW,Tamworth Regional,2023-04,0,1,0,0,0,41
NSW,Tamworth Regional,2023-05,0,0,0,0,0,142
NSW,Tamworth Regional,2023-06,0,2,0,0,0,161
NSW,Tamworth Regional,2023-07,0,1,0,0,0,138
NSW,Tamworth Regional,2023-08,0,3,0,0,0,160
NSW,Tamworth Regional,2023-09,0,6,0,1,0,171
NSW,Tamworth Regional,2023-10,0,1,0,1,0,165
NSW,Tamworth Regional,2023-11,0,4,0,1,0,169
NSW,Tamworth Regional,2023-12,0,5,0,1,0,137
NSW,Tamworth Regional,2024-01,0,1,0,0,0,151
NSW,Tamworth Regional,2024-02,0,0,0,0,0,10
NSW,Tamworth Regional,2024-03,0,2,0,1,0,25
NSW,Tamworth Regional,2024-04,0,1,0,1,0,119
NSW,Tamworth Regional,2024-05,0,2,0,1,0,105
NSW,Tamworth Regional,2024-06,0,4,0,2,0,155
NSW,Tamworth Regional,2024-07,0,3,0,5,0,156
NSW,Tamworth Regional,2024-08,0,3,0,1,0,155
NSW,Tamworth Regional,2024-09,0,0,0,1,0,141
NSW,Tamworth Regional,2024-10,0,4,0,3,0,146
NSW,Tamworth Regional,2024-11,0,3,0,1,0,169
NSW,Tamworth Regional,2024-12,0,2,0,0,0,154
NSW,Tamworth Regional,2025-01,0,1,0,0,0,137
NSW,Tamworth Regional,2025-02,0,2,0,2,0,143
NSW,Tamworth Regional,2025-03,0,1,0,3,0,131
NSW,Tamworth Regional,2025-04,0,2,0,1,0,115
NSW,Tamworth Regional,2025-05,0,5,0,1,0,155
NSW,Tamworth Regional,2025-06,0,5,0,0,0,169
NSW,Tamworth Regional,2025-07,0,0,0,1,0,160
NSW,Tamworth Regional,2025-08,0,4,0,1,0,140
NSW,Tamworth Regional,2025-09,0,3,0,0,0,157
NSW,Tamworth Regional,2025-10,0,1,0,4,0,139
NSW,Tamworth Regional,2025-11,0,4,0,1,0,135
NSW,Tamworth Regional,2025-12,0,4,0,4,0,140
NSW,Tamworth Regional,2026-01,0,4,0,0,0,117
NSW,Tamworth Regional,2026-02,0,3,0,6,0,117
NSW,Tamworth Regional,2026-03,0,8,0,3,0,139
NSW,Tamworth Regional,2026-04,0,6,0,4,0,129
NSW,Tamworth Regional,2026-05,0,7,0,5,0,138
NSW,Tamworth Regional,2026-06,0,20,0,6,0,142
NSW,Tamworth Regional,2026-07,0,13,0,12,0,138
NSW,Tamworth Regional,2026-08,0,13,0,8,0,109
NSW,Temora,2023-01,0,1,0,0,0,19
NSW,Temora,2023-02,0,0,0,0,0,19
NSW,Temora,2023-03,0,0,0,0,0,1
NSW,Temora,2023-04,0,1,0,0,0,3
NSW,Temora,2023-05,0,1,0,0,0,17
NSW,Temora,2023-06,0,0,0,0,0,22
NSW,Temora,2023-07,0,1,0,0,0,15
NSW,Temora,2023-08,0,1,0,0,0,23
NSW,Temora,2023-09,0,0,0,0,0,17
NSW,Temora,2023-10,0,1,0,0,0,17
NSW,Temora,2023-11,0,1,0,0,0,22
NSW,Temora,2023-12,0,0,0,0,0,15
NSW,Temora,2024-01,0,0,0,0,0,21
NSW,Temora,2024-02,0,0,0,0,0,3
NSW,Temora,2024-03,0,0,0,0,0,2
NSW,Temora,2024-04,0,0,0,0,0,6
NSW,Temora,2024-05,0,0,0,0,0,14
NSW,Temora,2024-06,0,0,0,0,0,18
NSW,Temora,2024-07,0,0,0,0,0,10
NSW,Temora,2024-08,0,0,0,1,0,10
NSW,Temora,2024-09,0,0,0,0,0,15
NSW,Temora,2024-10,0,0,0,0,0,18
NSW,Temora,2024-11,0,0,0,0,0,14
NSW,Temora,2024-12,0,0,0,0,0,9
NSW,Temora,2025-01,0,0,0,0,0,12
NSW,Temora,2025-02,0,0,0,0,0,24
NSW,Temora,2025-03,0,2,0,0,0,14
NSW,Temora,2025-04,0,0,0,0,0,9
NSW,Temora,2025-05,0,0,0,0,0,13
NSW,Temora,2025-06,0,1,0,0,0,14
NSW,Temora,2025-07,0,0,0,0,0,15
NSW,Temora,2025-08,0,0,0,0,0,9
NSW,Temora,2025-09,0,0,0,0,0,15
NSW,Temora,2025-10,0,0,0,0,0,11
NSW,Temora,2025-11,0,0,0,0,0,10
NSW,Temora,2025-12,0,0,0,0,0,10
NSW,Temora,2026-01,0,1,0,0,0,10
NSW,Temora,2026-02,0,0,0,0,0,13
NSW,Temora,2026-03,0,0,0,0,0,17
NSW,Temora,2026-04,0,0,0,1,0,15
NSW,Temora,2026-05,0,0,0,1,0,19
NSW,Temora,2026-06,0,0,0,0,0,17
NSW,Temora,2026-07,0,0,0,0,0,13
NSW,Temora,2026-08,0,0,0,0,0,12
NSW,Tenterfield,2023-01,0,0,0,0,0,14
NSW,Tenterfield,2023-02,0,0,0,0,0,10
NSW,Tenterfield,2023-03,0,0,0,0,0,2
NSW,Tenterfield,2023-04,0,0,0,0,0,6
NSW,Tenterfield,2023-05,0,0,0,0,0,15
NSW,Tenterfield,2023-06,0,1,0,0,0,13
NSW,Tenterfield,2023-07,0,0,0,0,0,13
NSW,Tenterfield,2023-08,0,0,0,0,0,13
NSW,Tenterfield,2023-09,0,0,0,0,0,18
NSW,Tenterfield,2023-10,0,0,0,0,0,16
NSW,Tenterfield,2023-11,0,0,0,0,0,20
NSW,Tenterfield,2023-12,0,1,0,0,0,12
NSW,Tenterfield,2024-01,0,0,0,0,0,17
NSW,Tenterfield,2024-02,0,0,0,0,0,4
NSW,Tenterfield,2024-03,0,0,0,0,0,4
NSW,Tenterfield,2024-04,0,0,0,0,0,3
NSW,Tenterfield,2024-05,0,0,0,0,0,5
NSW,Tenterfield,2024-06,0,0,0,0,0,13
NSW,Tenterfield,2024-07,0,0,0,0,0,17
NSW,Tenterfield,2024-08,0,0,0,0,0,11
NSW,Tenterfield,2024-09,0,0,0,0,0,10
NSW,Tenterfield,2024-10,0,1,0,0,0,6
NSW,Tenterfield,2024-11,0,0,0,0,0,11
NSW,Tenterfield,2024-12,0,0,0,0,0,10
NSW,Tenterfield,2025-01,0,0,0,0,0,12
NSW,Tenterfield,2025-02,0,0,0,0,0,13
NSW,Tenterfield,2025-03,0,0,0,1,0,7
NSW,Tenterfield,2025-04,0,0,0,0,0,14
NSW,Tenterfield,2025-05,0,1,0,0,0,10
NSW,Tenterfield,2025-06,0,0,0,0,0,16
NSW,Tenterfield,2025-07,0,0,0,0,0,10
NSW,Tenterfield,2025-08,0,0,0,0,0,18
NSW,Tenterfield,2025-09,0,0,0,0,0,10
NSW,Tenterfield,2025-10,0,0,0,0,0,11
NSW,Tenterfield,2025-11,0,0,0,0,0,14
NSW,Tenterfield,2025-12,0,0,0,0,0,7
NSW,Tenterfield,2026-01,0,0,0,0,0,17
NSW,Tenterfield,2026-02,0,0,0,0,0,14
NSW,Tenterfield,2026-03,0,0,0,0,0,8
NSW,Tenterfield,2026-04,0,0,0,1,0,11
NSW,Tenterfield,2026-05,0,0,0,0,0,10
NSW,Tenterfield,2026-06,0,1,0,0,0,19
NSW,Tenterfield,2026-07,0,1,0,0,0,13
NSW,Tenterfield,2026-08,0,1,0,0,0,8
NSW,The Hills Shire,2023-01,8,48,0,0,0,440
NSW,The Hills Shire,2023-02,6,44,0,2,0,373
NSW,The Hills Shire,2023-03,0,19,0,0,0,66
NSW,The Hills Shire,2023-04,0,12,0,1,0,156
NSW,The Hills Shire,2023-05,7,77,0,4,0,516
NSW,The Hills Shire,2023-06,7,72,0,3,0,572
NSW,The Hills Shire,2023-07,0,67,0,7,0,518
NSW,The Hills Shire,2023-08,0,50,0,13,0,649
NSW,The Hills Shire,2023-09,15,92,0,13,0,631
NSW,The Hills Shire,2023-10,0,60,0,9,0,570
NSW,The Hills Shire,2023-11,9,85,0,16,0,565
NSW,The Hills Shire,2023-12,0,57,0,7,0,402
NSW,The Hills Shire,2024-01,0,60,0,6,0,443
NSW,The Hills Shire,2024-02,0,12,0,1,0,69
NSW,The Hills Shire,2024-03,0,19,0,2,0,141
NSW,The Hills Shire,2024-04,0,48,0,7,0,393
NSW,The Hills Shire,2024-05,0,45,0,5,0,374
NSW,The Hills Shire,2024-06,0,81,0,9,0,598
NSW,The Hills Shire,2024-07,0,72,0,11,0,557
NSW,The Hills Shire,2024-08,0,56,0,20,0,481
NSW,The Hills Shire,2024-09,0,69,0,14,0,507
NSW,The Hills Shire,2024-10,0,63,0,16,0,493
NSW,The Hills Shire,2024-11,0,63,0,18,0,483
NSW,The Hills Shire,2024-12,0,74,0,16,0,459
NSW,The Hills Shire,2025-01,0,31,0,13,0,437
NSW,The Hills Shire,2025-02,0,62,0,24,0,509
NSW,The Hills Shire,2025-03,0,79,0,34,0,470
NSW,The Hills Shire,2025-04,0,50,0,5,0,438
NSW,The Hills Shire,2025-05,6,95,0,13,0,545
NSW,The Hills Shire,2025-06,7,107,0,14,0,584
NSW,The Hills Shire,2025-07,7,67,0,12,0,533
NSW,The Hills Shire,2025-08,0,86,0,10,0,469
NSW,The Hills Shire,2025-09,16,109,0,17,0,499
NSW,The Hills Shire,2025-10,0,79,0,28,0,487
NSW,The Hills Shire,2025-11,0,87,0,29,0,455
NSW,The Hills Shire,2025-12,0,94,0,19,0,448
NSW,The Hills Shire,2026-01,0,69,0,16,0,419
NSW,The Hills Shire,2026-02,0,91,0,36,0,412
NSW,The Hills Shire,2026-03,0,141,0,47,0,469
NSW,The Hills Shire,2026-04,7,120,0,52,0,393
NSW,The Hills Shire,2026-05,39,160,0,49,0,417
NSW,The Hills Shire,2026-06,91,183,0,67,0,537
NSW,The Hills Shire,2026-07,40,166,0,67,0,441
NSW,The Hills Shire,2026-08,41,173,0,62,0,313
NSW,Tweed,2023-01,0,11,0,0,0,154
NSW,Tweed,2023-02,0,9,0,0,0,126
NSW,Tweed,2023-03,0,0,0,1,0,16
NSW,Tweed,2023-04,0,2,0,0,0,32
NSW,Tweed,2023-05,0,7,0,2,0,173
NSW,Tweed,2023-06,0,11,0,0,0,183
NSW,Tweed,2023-07,0,9,0,1,0,168
NSW,Tweed,2023-08,0,7,0,0,0,191
NSW,Tweed,2023-09,0,25,0,0,0,179
NSW,Tweed,2023-10,0,12,0,3,0,170
NSW,Tweed,2023-11,0,21,0,1,0,182
NSW,Tweed,2023-12,0,7,0,0,0,155
NSW,Tweed,2024-01,0,10,0,2,0,160
NSW,Tweed,2024-02,0,1,0,0,0,19
NSW,Tweed,2024-03,0,2,0,0,0,48
NSW,Tweed,2024-04,0,11,0,0,0,138
NSW,Tweed,2024-05,0,8,0,1,0,130
NSW,Tweed,2024-06,0,10,0,0,0,208
NSW,Tweed,2024-07,0,5,0,2,0,178
NSW,Tweed,2024-08,0,6,0,1,0,167
NSW,Tweed,2024-09,0,5,0,1,0,185
NSW,Tweed,2024-10,0,6,0,1,0,176
NSW,Tweed,2024-11,0,8,0,3,0,173
NSW,Tweed,2024-12,0,12,0,3,0,150
NSW,Tweed,2025-01,0,4,0,2,0,150
NSW,Tweed,2025-02,0,9,0,4,0,161
NSW,Tweed,2025-03,0,13,0,7,0,157
NSW,Tweed,2025-04,0,6,0,4,0,153
NSW,Tweed,2025-05,0,8,0,3,0,209
NSW,Tweed,2025-06,0,10,0,3,0,190
NSW,Tweed,2025-07,0,7,0,9,0,192
NSW,Tweed,2025-08,0,12,0,3,0,181
NSW,Tweed,2025-09,0,11,0,2,0,173
NSW,Tweed,2025-10,0,11,0,5,0,171
NSW,Tweed,2025-11,0,12,0,4,0,157
NSW,Tweed,2025-12,0,13,0,9,0,158
NSW,Tweed,2026-01,0,10,0,6,0,146
NSW,Tweed,2026-02,0,19,0,5,0,148
NSW,Tweed,2026-03,0,25,0,8,0,144
NSW,Tweed,2026-04,0,32,0,12,0,122
NSW,Tweed,2026-05,0,45,0,17,0,125
NSW,Tweed,2026-06,0,64,0,22,0,165
NSW,Tweed,2026-07,0,40,0,12,0,152
NSW,Tweed,2026-08,0,30,0,14,0,115
NSW,Upper Hunter Shire,2023-01,0,0,0,0,0,38
NSW,Upper Hunter Shire,2023-02,0,1,0,0,0,29
NSW,Upper Hunter Shire,2023-03,0,1,0,0,0,3
NSW,Upper Hunter Shire,2023-04,0,0,0,0,0,12
NSW,Upper Hunter Shire,2023-05,0,0,0,0,0,45
NSW,Upper Hunter Shire,2023-06,0,0,0,0,0,49
NSW,Upper Hunter Shire,2023-07,0,1,0,0,0,45
NSW,Upper Hunter Shire,2023-08,0,1,0,0,0,45
NSW,Upper Hunter Shire,2023-09,0,0,0,0,0,56
NSW,Upper Hunter Shire,2023-10,0,0,0,0,0,44
NSW,Upper Hunter Shire,2023-11,0,0,0,2,0,51
NSW,Upper Hunter Shire,2023-12,0,0,0,0,0,31
NSW,Upper Hunter Shire,2024-01,0,1,0,0,0,30
NSW,Upper Hunter Shire,2024-02,0,0,0,0,0,8
NSW,Upper Hunter Shire,2024-03,0,0,0,0,0,8
NSW,Upper Hunter Shire,2024-04,0,0,0,0,0,32
NSW,Upper Hunter Shire,2024-05,0,0,0,0,0,23
NSW,Upper Hunter Shire,2024-06,0,0,0,0,0,45
NSW,Upper Hunter Shire,2024-07,0,0,0,0,0,35
NSW,Upper Hunter Shire,2024-08,0,0,0,0,0,44
NSW,Upper Hunter Shire,2024-09,0,0,0,0,0,41
NSW,Upper Hunter Shire,2024-10,0,1,0,0,0,37
NSW,Upper Hunter Shire,2024-11,0,0,0,0,0,31
NSW,Upper Hunter Shire,2024-12,0,3,0,1,0,35
NSW,Upper Hunter Shire,2025-01,0,0,0,2,0,32
NSW,Upper Hunter Shire,2025-02,0,1,0,1,0,43
NSW,Upper Hunter Shire,2025-03,0,0,0,1,0,43
NSW,Upper Hunter Shire,2025-04,0,1,0,0,0,30
NSW,Upper Hunter Shire,2025-05,0,0,0,0,0,35
NSW,Upper Hunter Shire,2025-06,0,0,0,0,0,32
NSW,Upper Hunter Shire,2025-07,0,0,0,0,0,40
NSW,Upper Hunter Shire,2025-08,0,0,0,0,0,31
NSW,Upper Hunter Shire,2025-09,0,0,0,1,0,35
NSW,Upper Hunter Shire,2025-10,0,1,0,0,0,39
NSW,Upper Hunter Shire,2025-11,0,0,0,0,0,36
NSW,Upper Hunter Shire,2025-12,0,0,0,1,0,33
NSW,Upper Hunter Shire,2026-01,0,0,0,1,0,42
NSW,Upper Hunter Shire,2026-02,0,1,0,0,0,32
NSW,Upper Hunter Shire,2026-03,0,1,0,2,0,39
NSW,Upper Hunter Shire,2026-04,0,2,0,0,0,30
NSW,Upper Hunter Shire,2026-05,0,1,0,1,0,28
NSW,Upper Hunter Shire,2026-06,0,4,0,2,0,46
NSW,Upper Hunter Shire,2026-07,0,1,0,3,0,31
NSW,Upper Hunter Shire,2026-08,0,2,0,1,0,28
NSW,Upper Lachlan Shire,2023-01,0,2,0,0,0,21
NSW,Upper Lachlan Shire,2023-02,0,0,0,1,0,19
NSW,Upper Lachlan Shire,2023-03,0,1,0,0,0,2
NSW,Upper Lachlan Shire,2023-04,0,0,0,0,0,7
NSW,Upper Lachlan Shire,2023-05,0,0,0,0,0,28
NSW,Upper Lachlan Shire,2023-06,0,0,0,0,0,28
NSW,Upper Lachlan Shire,2023-07,0,1,0,0,0,23
NSW,Upper Lachlan Shire,2023-08,0,2,0,0,0,25
NSW,Upper Lachlan Shire,2023-09,0,0,0,0,0,31
NSW,Upper Lachlan Shire,2023-10,0,3,0,0,0,28
NSW,Upper Lachlan Shire,2023-11,0,0,0,0,0,32
NSW,Upper Lachlan Shire,2023-12,0,1,0,0,0,31
NSW,Upper Lachlan Shire,2024-01,0,1,0,0,0,30
NSW,Upper Lachlan Shire,2024-02,0,0,0,0,0,5
NSW,Upper Lachlan Shire,2024-03,0,0,0,0,0,7
NSW,Upper Lachlan Shire,2024-04,0,0,0,0,0,10
NSW,Upper Lachlan Shire,2024-05,0,1,0,0,0,16
NSW,Upper Lachlan Shire,2024-06,0,1,0,0,0,21
NSW,Upper Lachlan Shire,2024-07,0,2,0,1,0,30
NSW,Upper Lachlan Shire,2024-08,0,3,0,0,0,33
NSW,Upper Lachlan Shire,2024-09,0,0,0,0,0,21
NSW,Upper Lachlan Shire,2024-10,0,1,0,0,0,25
NSW,Upper Lachlan Shire,2024-11,0,2,0,0,0,20
NSW,Upper Lachlan Shire,2024-12,0,1,0,0,0,20
NSW,Upper Lachlan Shire,2025-01,0,0,0,0,0,12
NSW,Upper Lachlan Shire,2025-02,0,0,0,3,0,26
NSW,Upper Lachlan Shire,2025-03,0,1,0,0,0,23
NSW,Upper Lachlan Shire,2025-04,0,0,0,0,0,21
NSW,Upper Lachlan Shire,2025-05,0,1,0,1,0,25
NSW,Upper Lachlan Shire,2025-06,0,2,0,0,0,20
NSW,Upper Lachlan Shire,2025-07,0,4,0,1,0,28
NSW,Upper Lachlan Shire,2025-08,0,1,0,0,0,22
NSW,Upper Lachlan Shire,2025-09,0,0,0,0,0,17
NSW,Upper Lachlan Shire,2025-10,0,1,0,0,0,27
NSW,Upper Lachlan Shire,2025-11,0,1,0,0,0,17
NSW,Upper Lachlan Shire,2025-12,0,2,0,0,0,26
NSW,Upper Lachlan Shire,2026-01,0,2,0,1,0,16
NSW,Upper Lachlan Shire,2026-02,0,1,0,0,0,25
NSW,Upper Lachlan Shire,2026-03,0,2,0,2,0,21
NSW,Upper Lachlan Shire,2026-04,0,3,0,1,0,20
NSW,Upper Lachlan Shire,2026-05,0,4,0,1,0,13
NSW,Upper Lachlan Shire,2026-06,0,8,0,1,0,24
NSW,Upper Lachlan Shire,2026-07,0,5,0,3,0,19
NSW,Upper Lachlan Shire,2026-08,0,5,0,0,0,21
NSW,Uralla,2023-01,0,0,0,1,0,18
NSW,Uralla,2023-02,0,0,0,0,0,16
NSW,Uralla,2023-03,0,0,0,0,0,4
NSW,Uralla,2023-04,0,0,0,0,0,7
NSW,Uralla,2023-05,0,0,0,0,0,12
NSW,Uralla,2023-06,0,0,0,0,0,13
NSW,Uralla,2023-07,0,1,0,0,0,14
NSW,Uralla,2023-08,0,0,0,0,0,20
NSW,Uralla,2023-09,0,0,0,0,0,13
NSW,Uralla,2023-10,0,0,0,0,0,14
NSW,Uralla,2023-11,0,0,0,0,0,18
NSW,Uralla,2023-12,0,1,0,0,0,8
NSW,Uralla,2024-01,0,0,0,1,0,17
NSW,Uralla,2024-02,0,0,0,0,0,2
NSW,Uralla,2024-03,0,0,0,0,0,4
NSW,Uralla,2024-04,0,0,0,0,0,10
NSW,Uralla,2024-05,0,0,0,0,0,9
NSW,Uralla,2024-06,0,0,0,0,0,13
NSW,Uralla,2024-07,0,1,0,0,0,11
NSW,Uralla,2024-08,0,0,0,1,0,19
NSW,Uralla,2024-09,0,0,0,0,0,14
NSW,Uralla,2024-10,0,0,0,0,0,20
NSW,Uralla,2024-11,0,1,0,0,0,15
NSW,Uralla,2024-12,0,0,0,0,0,10
NSW,Uralla,2025-01,0,1,0,0,0,21
NSW,Uralla,2025-02,0,1,0,0,0,14
NSW,Uralla,2025-03,0,0,0,0,0,10
NSW,Uralla,2025-04,0,0,0,0,0,8
NSW,Uralla,2025-05,0,1,0,0,0,8
NSW,Uralla,2025-06,0,1,0,0,0,11
NSW,Uralla,2025-07,0,2,0,0,0,14
NSW,Uralla,2025-08,0,1,0,0,0,8
NSW,Uralla,2025-09,0,1,0,0,0,8
NSW,Uralla,2025-10,0,1,0,0,0,11
NSW,Uralla,2025-11,0,0,0,0,0,10
NSW,Uralla,2025-12,0,0,0,0,0,11
NSW,Uralla,2026-01,0,0,0,1,0,10
NSW,Uralla,2026-02,0,1,0,0,0,14
NSW,Uralla,2026-03,0,2,0,0,0,19
NSW,Uralla,2026-04,0,1,0,1,0,14
NSW,Uralla,2026-05,0,1,0,1,0,12
NSW,Uralla,2026-06,0,4,0,0,0,19
NSW,Uralla,2026-07,0,3,0,1,0,13
NSW,Uralla,2026-08,0,1,0,0,0,12
NSW,Wagga Wagga,2023-01,0,1,0,0,0,137
NSW,Wagga Wagga,2023-02,0,4,0,0,0,141
NSW,Wagga Wagga,2023-03,0,0,0,0,0,14
NSW,Wagga Wagga,2023-04,0,1,0,0,0,48
NSW,Wagga Wagga,2023-05,0,3,0,0,0,148
NSW,Wagga Wagga,2023-06,0,3,0,0,0,202
NSW,Wagga Wagga,2023-07,0,8,0,0,0,153
NSW,Wagga Wagga,2023-08,0,2,0,0,0,193
NSW,Wagga Wagga,2023-09,0,4,0,1,0,160
NSW,Wagga Wagga,2023-10,0,6,0,2,0,187
NSW,Wagga Wagga,2023-11,0,5,0,2,0,180
NSW,Wagga Wagga,2023-12,0,2,0,1,0,157
NSW,Wagga Wagga,2024-01,0,1,0,1,0,155
NSW,Wagga Wagga,2024-02,0,0,0,0,0,17
NSW,Wagga Wagga,2024-03,0,0,0,0,0,35
NSW,Wagga Wagga,2024-04,0,2,0,3,0,123
NSW,Wagga Wagga,2024-05,0,2,0,1,0,120
NSW,Wagga Wagga,2024-06,0,4,0,0,0,202
NSW,Wagga Wagga,2024-07,0,7,0,0,0,166
NSW,Wagga Wagga,2024-08,0,5,0,0,0,155
NSW,Wagga Wagga,2024-09,0,3,0,0,0,168
NSW,Wagga Wagga,2024-10,0,4,0,1,0,155
NSW,Wagga Wagga,2024-11,0,4,0,0,0,162
NSW,Wagga Wagga,2024-12,0,10,0,1,0,153
NSW,Wagga Wagga,2025-01,0,1,0,2,0,147
NSW,Wagga Wagga,2025-02,0,1,0,7,0,151
NSW,Wagga Wagga,2025-03,0,3,0,3,0,144
NSW,Wagga Wagga,2025-04,0,2,0,0,0,122
NSW,Wagga Wagga,2025-05,0,8,0,2,0,182
NSW,Wagga Wagga,2025-06,0,7,0,3,0,171
NSW,Wagga Wagga,2025-07,0,3,0,0,0,169
NSW,Wagga Wagga,2025-08,0,7,0,1,0,147
NSW,Wagga Wagga,2025-09,0,1,0,2,0,168
NSW,Wagga Wagga,2025-10,0,6,0,8,0,165
NSW,Wagga Wagga,2025-11,0,1,0,0,0,139
NSW,Wagga Wagga,2025-12,0,2,0,2,0,146
NSW,Wagga Wagga,2026-01,0,3,0,2,0,146
NSW,Wagga Wagga,2026-02,0,3,0,4,0,152
NSW,Wagga Wagga,2026-03,0,17,0,6,0,157
NSW,Wagga Wagga,2026-04,0,15,0,5,0,107
NSW,Wagga Wagga,2026-05,0,17,0,13,0,114
NSW,Wagga Wagga,2026-06,0,18,0,16,0,168
NSW,Wagga Wagga,2026-07,0,23,0,11,0,138
NSW,Wagga Wagga,2026-08,0,14,0,16,0,127
NSW,Walcha,2023-01,0,0,0,0,0,13
NSW,Walcha,2023-02,0,0,0,0,0,7
NSW,Walcha,2023-03,0,0,0,0,0,1
NSW,Walcha,2023-04,0,0,0,0,0,3
NSW,Walcha,2023-05,0,0,0,0,0,7
NSW,Walcha,2023-06,0,0,0,0,0,16
NSW,Walcha,2023-07,0,0,0,0,0,2
NSW,Walcha,2023-08,0,0,0,0,0,9
NSW,Walcha,2023-09,0,0,0,0,0,13
NSW,Walcha,2023-10,0,0,0,0,0,4
NSW,Walcha,2023-11,0,0,0,0,0,15
NSW,Walcha,2023-12,0,0,0,0,0,7
NSW,Walcha,2024-01,0,0,0,0,0,5
NSW,Walcha,2024-02,0,0,0,0,0,3
NSW,Walcha,2024-03,0,0,0,0,0,3
NSW,Walcha,2024-04,0,1,0,0,0,5
NSW,Walcha,2024-05,0,0,0,0,0,4
NSW,Walcha,2024-06,0,0,0,0,0,9
NSW,Walcha,2024-07,0,0,0,0,0,8
NSW,Walcha,2024-08,0,0,0,0,0,6
NSW,Walcha,2024-09,0,0,0,0,0,14
NSW,Walcha,2024-10,0,0,0,0,0,10
NSW,Walcha,2024-11,0,0,0,1,0,9
NSW,Walcha,2024-12,0,0,0,0,0,7
NSW,Walcha,2025-02,0,0,0,0,0,12
NSW,Walcha,2025-03,0,0,0,0,0,7
NSW,Walcha,2025-04,0,0,0,0,0,9
NSW,Walcha,2025-05,0,0,0,0,0,8
NSW,Walcha,2025-06,0,1,0,0,0,9
NSW,Walcha,2025-07,0,0,0,0,0,11
NSW,Walcha,2025-08,0,0,0,1,0,9
NSW,Walcha,2025-09,0,0,0,0,0,8
NSW,Walcha,2025-10,0,0,0,0,0,8
NSW,Walcha,2025-11,0,0,0,0,0,10
NSW,Walcha,2025-12,0,0,0,0,0,7
NSW,Walcha,2026-01,0,0,0,0,0,8
NSW,Walcha,2026-02,0,1,0,0,0,3
NSW,Walcha,2026-03,0,0,0,0,0,9
NSW,Walcha,2026-04,0,2,0,0,0,4
NSW,Walcha,2026-05,0,0,0,0,0,8
NSW,Walcha,2026-06,0,0,0,0,0,9
NSW,Walcha,2026-07,0,0,0,0,0,3
NSW,Walcha,2026-08,0,0,0,0,0,7
NSW,Walgett,2023-01,0,0,0,0,0,5
NSW,Walgett,2023-02,0,0,0,0,0,10
NSW,Walgett,2023-04,0,0,0,0,0,3
NSW,Walgett,2023-05,0,0,0,0,0,8
NSW,Walgett,2023-06,0,0,0,0,0,6
NSW,Walgett,2023-07,0,0,0,0,0,8
NSW,Walgett,2023-08,0,0,0,0,0,10
NSW,Walgett,2023-09,0,0,0,0,0,15
NSW,Walgett,2023-10,0,0,0,0,0,10
NSW,Walgett,2023-11,0,0,0,0,0,11
NSW,Walgett,2023-12,0,0,0,0,0,9
NSW,Walgett,2024-01,0,0,0,0,0,16
NSW,Walgett,2024-02,0,0,0,0,0,2
NSW,Walgett,2024-03,0,0,0,0,0,3
NSW,Walgett,2024-04,0,0,0,0,0,10
NSW,Walgett,2024-05,0,0,0,0,0,11
NSW,Walgett,2024-06,0,0,0,0,0,8
NSW,Walgett,2024-07,0,0,0,0,0,8
NSW,Walgett,2024-08,0,0,0,0,0,12
NSW,Walgett,2024-09,0,0,0,0,0,10
NSW,Walgett,2024-10,0,0,0,0,0,10
NSW,Walgett,2024-11,0,0,0,0,0,8
NSW,Walgett,2024-12,0,0,0,0,0,15
NSW,Walgett,2025-01,0,0,0,0,0,15
NSW,Walgett,2025-02,0,0,0,0,0,14
NSW,Walgett,2025-03,0,0,0,0,0,5
NSW,Walgett,2025-04,0,0,0,0,0,8
NSW,Walgett,2025-05,0,0,0,0,0,16
NSW,Walgett,2025-06,0,0,0,0,0,13
NSW,Walgett,2025-07,0,0,0,0,0,9
NSW,Walgett,2025-08,0,0,0,0,0,17
NSW,Walgett,2025-09,0,0,0,0,0,6
NSW,Walgett,2025-10,0,0,0,1,0,14
NSW,Walgett,2025-11,0,0,0,0,0,8
NSW,Walgett,2025-12,0,0,0,0,0,14
NSW,Walgett,2026-01,0,0,0,0,0,10
NSW,Walgett,2026-02,0,0,0,0,0,8
NSW,Walgett,2026-03,0,0,0,0,0,13
NSW,Walgett,2026-04,0,0,0,0,0,10
NSW,Walgett,2026-05,0,0,0,0,0,8
NSW,Walgett,2026-06,0,0,0,0,0,5
NSW,Walgett,2026-07,0,0,0,1,0,7
NSW,Walgett,2026-08,0,0,0,0,0,3
NSW,Warren,2023-01,0,0,0,0,0,9
NSW,Warren,2023-02,0,0,0,0,0,5
NSW,Warren,2023-04,0,0,0,0,0,2
NSW,Warren,2023-05,0,0,0,0,0,9
NSW,Warren,2023-06,0,0,0,0,0,15
NSW,Warren,2023-07,0,0,0,0,0,11
NSW,Warren,2023-08,0,0,0,0,0,12
NSW,Warren,2023-09,0,0,0,0,0,11
NSW,Warren,2023-10,0,0,0,0,0,13
NSW,Warren,2023-11,0,0,0,0,0,8
NSW,Warren,2023-12,0,0,0,0,0,9
NSW,Warren,2024-01,0,0,0,0,0,4
NSW,Warren,2024-02,0,0,0,0,0,1
NSW,Warren,2024-04,0,0,0,0,0,3
NSW,Warren,2024-05,0,0,0,0,0,5
NSW,Warren,2024-06,0,0,0,0,0,7
NSW,Warren,2024-07,0,0,0,0,0,8
NSW,Warren,2024-08,0,0,0,0,0,12
NSW,Warren,2024-09,0,1,0,0,0,8
NSW,Warren,2024-10,0,0,0,0,0,9
NSW,Warren,2024-11,0,0,0,0,0,5
NSW,Warren,2024-12,0,0,0,0,0,9
NSW,Warren,2025-01,0,0,0,0,0,7
NSW,Warren,2025-02,0,0,0,0,0,13
NSW,Warren,2025-03,0,0,0,0,0,5
NSW,Warren,2025-04,0,0,0,0,0,7
NSW,Warren,2025-05,0,0,0,0,0,15
NSW,Warren,2025-06,0,0,0,0,0,8
NSW,Warren,2025-07,0,0,0,0,0,12
NSW,Warren,2025-08,0,0,0,1,0,10
NSW,Warren,2025-09,0,0,0,0,0,3
NSW,Warren,2025-10,0,0,0,0,0,6
NSW,Warren,2025-11,0,0,0,0,0,8
NSW,Warren,2025-12,0,0,0,0,0,10
NSW,Warren,2026-01,0,0,0,0,0,7
NSW,Warren,2026-02,0,0,0,1,0,8
NSW,Warren,2026-03,0,0,0,0,0,6
NSW,Warren,2026-04,0,0,0,0,0,5
NSW,Warren,2026-05,0,0,0,0,0,11
NSW,Warren,2026-06,0,0,0,0,0,18
NSW,Warren,2026-07,0,0,0,0,0,9
NSW,Warren,2026-08,0,1,0,0,0,5
NSW,Warrumbungle Shire,2023-01,0,0,0,0,0,16
NSW,Warrumbungle Shire,2023-02,0,0,0,0,0,13
NSW,Warrumbungle Shire,2023-03,0,0,0,0,0,1
NSW,Warrumbungle Shire,2023-04,0,0,0,0,0,6
NSW,Warrumbungle Shire,2023-05,0,0,0,0,0,20
NSW,Warrumbungle Shire,2023-06,0,0,0,0,0,17
NSW,Warrumbungle Shire,2023-07,0,0,0,0,0,17
NSW,Warrumbungle Shire,2023-08,0,0,0,0,0,26
NSW,Warrumbungle Shire,2023-09,0,0,0,0,0,22
NSW,Warrumbungle Shire,2023-10,0,1,0,0,0,16
NSW,Warrumbungle Shire,2023-11,0,0,0,0,0,26
NSW,Warrumbungle Shire,2023-12,0,0,0,0,0,26
NSW,Warrumbungle Shire,2024-01,0,0,0,0,0,22
NSW,Warrumbungle Shire,2024-02,0,0,0,0,0,1
NSW,Warrumbungle Shire,2024-03,0,0,0,0,0,1
NSW,Warrumbungle Shire,2024-04,0,0,0,0,0,13
NSW,Warrumbungle Shire,2024-05,0,1,0,0,0,16
NSW,Warrumbungle Shire,2024-06,0,0,0,0,0,21
NSW,Warrumbungle Shire,2024-07,0,0,0,1,0,14
NSW,Warrumbungle Shire,2024-08,0,0,0,0,0,19
NSW,Warrumbungle Shire,2024-09,0,0,0,0,0,16
NSW,Warrumbungle Shire,2024-10,0,0,0,0,0,15
NSW,Warrumbungle Shire,2024-11,0,0,0,0,0,17
NSW,Warrumbungle Shire,2024-12,0,1,0,0,0,22
NSW,Warrumbungle Shire,2025-01,0,0,0,0,0,12
NSW,Warrumbungle Shire,2025-02,0,0,0,0,0,20
NSW,Warrumbungle Shire,2025-03,0,0,0,0,0,21
NSW,Warrumbungle Shire,2025-04,0,0,0,0,0,12
NSW,Warrumbungle Shire,2025-05,0,0,0,1,0,21
NSW,Warrumbungle Shire,2025-06,0,1,0,0,0,18
NSW,Warrumbungle Shire,2025-07,0,0,0,0,0,14
NSW,Warrumbungle Shire,2025-08,0,0,0,0,0,21
NSW,Warrumbungle Shire,2025-09,0,1,0,0,0,23
NSW,Warrumbungle Shire,2025-10,0,1,0,0,0,13
NSW,Warrumbungle Shire,2025-11,0,0,0,0,0,15
NSW,Warrumbungle Shire,2025-12,0,0,0,0,0,18
NSW,Warrumbungle Shire,2026-01,0,0,0,0,0,15
NSW,Warrumbungle Shire,2026-02,0,0,0,0,0,16
NSW,Warrumbungle Shire,2026-03,0,0,0,0,0,15
NSW,Warrumbungle Shire,2026-04,0,0,0,0,0,11
NSW,Warrumbungle Shire,2026-05,0,1,0,0,0,13
NSW,Warrumbungle Shire,2026-06,0,2,0,0,0,26
NSW,Warrumbungle Shire,2026-07,0,0,0,1,0,25
NSW,Warrumbungle Shire,2026-08,0,1,0,0,0,9
NSW,Waverley,2023-01,0,30,0,3,0,139
NSW,Waverley,2023-02,0,29,0,0,0,104
NSW,Waverley,2023-03,0,8,0,0,0,12
NSW,Waverley,2023-04,0,5,0,0,0,33
NSW,Waverley,2023-05,0,37,0,2,0,112
NSW,Waverley,2023-06,0,34,0,0,0,140
NSW,Waverley,2023-07,0,28,0,1,0,157
NSW,Waverley,2023-08,0,25,0,8,0,167
NSW,Waverley,2023-09,0,35,0,4,0,173
NSW,Waverley,2023-10,0,21,0,4,0,157
NSW,Waverley,2023-11,0,28,0,6,0,163
NSW,Waverley,2023-12,0,19,0,2,0,125
NSW,Waverley,2024-01,0,16,0,1,0,123
NSW,Waverley,2024-02,0,3,0,1,0,10
NSW,Waverley,2024-03,0,5,0,0,0,38
NSW,Waverley,2024-04,0,17,0,2,0,135
NSW,Waverley,2024-05,0,19,0,0,0,90
NSW,Waverley,2024-06,0,38,0,3,0,133
NSW,Waverley,2024-07,0,27,0,7,0,127
NSW,Waverley,2024-08,0,21,0,2,0,125
NSW,Waverley,2024-09,0,32,0,1,0,151
NSW,Waverley,2024-10,0,19,0,7,0,125
NSW,Waverley,2024-11,0,25,0,5,0,142
NSW,Waverley,2024-12,0,31,0,7,0,135
NSW,Waverley,2025-01,0,18,0,4,0,130
NSW,Waverley,2025-02,0,21,0,6,0,151
NSW,Waverley,2025-03,0,30,0,10,0,161
NSW,Waverley,2025-04,0,19,0,7,0,126
NSW,Waverley,2025-05,0,30,0,11,0,161
NSW,Waverley,2025-06,0,41,0,9,0,168
NSW,Waverley,2025-07,0,23,0,8,0,139
NSW,Waverley,2025-08,0,41,0,6,0,113
NSW,Waverley,2025-09,0,54,0,8,0,163
NSW,Waverley,2025-10,0,29,0,6,0,144
NSW,Waverley,2025-11,0,24,0,7,0,137
NSW,Waverley,2025-12,0,36,0,4,0,132
NSW,Waverley,2026-01,0,17,0,5,0,119
NSW,Waverley,2026-02,0,49,0,10,0,139
NSW,Waverley,2026-03,0,42,0,7,0,110
NSW,Waverley,2026-04,0,40,0,12,0,90
NSW,Waverley,2026-05,0,52,0,6,0,109
NSW,Waverley,2026-06,0,74,0,20,0,139
NSW,Waverley,2026-07,0,61,0,11,0,102
NSW,Waverley,2026-08,0,65,0,7,0,88
NSW,Weddin,2023-01,0,1,0,0,0,13
NSW,Weddin,2023-02,0,0,0,0,0,3
NSW,Weddin,2023-03,0,0,0,0,0,1
NSW,Weddin,2023-04,0,0,0,0,0,5
NSW,Weddin,2023-05,0,0,0,0,0,26
NSW,Weddin,2023-06,0,0,0,0,0,29
NSW,Weddin,2023-07,0,0,0,0,0,28
NSW,Weddin,2023-08,0,1,0,0,0,36
NSW,Weddin,2023-09,0,0,0,0,0,29
NSW,Weddin,2023-10,0,0,0,0,0,40
NSW,Weddin,2023-11,0,0,0,0,0,36
NSW,Weddin,2023-12,0,0,0,0,0,22
NSW,Weddin,2024-01,0,1,0,0,0,44
NSW,Weddin,2024-02,0,0,0,0,0,1
NSW,Weddin,2024-03,0,1,0,1,0,12
NSW,Weddin,2024-04,0,0,0,0,0,26
NSW,Weddin,2024-05,0,0,0,1,0,22
NSW,Weddin,2024-06,0,1,0,1,0,31
NSW,Weddin,2024-07,0,0,0,0,0,33
NSW,Weddin,2024-08,0,0,0,0,0,37
NSW,Weddin,2024-09,0,0,0,0,0,29
NSW,Weddin,2024-10,0,0,0,1,0,37
NSW,Weddin,2024-11,0,0,0,0,0,24
NSW,Weddin,2024-12,0,0,0,0,0,24
NSW,Weddin,2025-01,0,0,0,0,0,27
NSW,Weddin,2025-02,0,1,0,0,0,27
NSW,Weddin,2025-03,0,0,0,2,0,21
NSW,Weddin,2025-04,0,0,0,1,0,31
NSW,Weddin,2025-05,0,1,0,0,0,34
NSW,Weddin,2025-06,0,1,0,0,0,34
NSW,Weddin,2025-07,0,0,0,0,0,25
NSW,Weddin,2025-08,0,0,0,0,0,23
NSW,Weddin,2025-09,0,0,0,0,0,26
NSW,Weddin,2025-10,0,1,0,0,0,21
NSW,Weddin,2025-11,0,0,0,0,0,29
NSW,Weddin,2025-12,0,0,0,1,0,23
NSW,Weddin,2026-01,0,0,0,0,0,27
NSW,Weddin,2026-02,0,0,0,0,0,27
NSW,Weddin,2026-03,0,1,0,0,0,26
NSW,Weddin,2026-04,0,0,0,0,0,21
NSW,Weddin,2026-05,0,1,0,1,0,28
NSW,Weddin,2026-06,0,3,0,0,0,28
NSW,Weddin,2026-07,0,1,0,2,0,21
NSW,Weddin,2026-08,0,0,0,1,0,28
NSW,Wentworth,2023-01,0,0,0,0,0,12
NSW,Wentworth,2023-02,0,0,0,0,0,12
NSW,Wentworth,2023-03,0,0,0,0,0,1
NSW,Wentworth,2023-04,0,0,0,0,0,6
NSW,Wentworth,2023-05,0,0,0,0,0,19
NSW,Wentworth,2023-06,0,0,0,0,0,28
NSW,Wentworth,2023-07,0,1,0,0,0,14
NSW,Wentworth,2023-08,0,0,0,0,0,23
NSW,Wentworth,2023-09,0,0,0,0,0,12
NSW,Wentworth,2023-10,0,0,0,0,0,20
NSW,Wentworth,2023-11,0,0,0,0,0,25
NSW,Wentworth,2023-12,0,0,0,0,0,18
NSW,Wentworth,2024-01,0,0,0,0,0,15
NSW,Wentworth,2024-02,0,0,0,0,0,1
NSW,Wentworth,2024-03,0,0,0,0,0,4
NSW,Wentworth,2024-04,0,0,0,0,0,16
NSW,Wentworth,2024-05,0,0,0,0,0,8
NSW,Wentworth,2024-06,0,0,0,0,0,14
NSW,Wentworth,2024-07,0,0,0,0,0,9
NSW,Wentworth,2024-08,0,0,0,0,0,18
NSW,Wentworth,2024-09,0,0,0,0,0,22
NSW,Wentworth,2024-10,0,0,0,0,0,18
NSW,Wentworth,2024-11,0,0,0,0,0,20
NSW,Wentworth,2024-12,0,1,0,0,0,20
NSW,Wentworth,2025-01,0,0,0,0,0,19
NSW,Wentworth,2025-02,0,0,0,0,0,16
NSW,Wentworth,2025-03,0,0,0,0,0,10
NSW,Wentworth,2025-04,0,0,0,0,0,21
NSW,Wentworth,2025-05,0,0,0,0,0,21
NSW,Wentworth,2025-06,0,0,0,0,0,23
NSW,Wentworth,2025-07,0,0,0,0,0,19
NSW,Wentworth,2025-08,0,0,0,1,0,14
NSW,Wentworth,2025-09,0,0,0,0,0,22
NSW,Wentworth,2025-10,0,0,0,0,0,21
NSW,Wentworth,2025-11,0,2,0,0,0,12
NSW,Wentworth,2025-12,0,0,0,0,0,22
NSW,Wentworth,2026-01,0,0,0,0,0,14
NSW,Wentworth,2026-02,0,1,0,1,0,16
NSW,Wentworth,2026-03,0,0,0,0,0,17
NSW,Wentworth,2026-04,0,1,0,0,0,18
NSW,Wentworth,2026-05,0,0,0,0,0,25
NSW,Wentworth,2026-06,0,0,0,0,0,21
NSW,Wentworth,2026-07,0,1,0,2,0,16
NSW,Wentworth,2026-08,0,1,0,0,0,10
NSW,Willoughby,2023-01,0,29,0,0,0,143
NSW,Willoughby,2023-02,0,39,0,1,0,142
NSW,Willoughby,2023-03,0,9,0,0,0,23
NSW,Willoughby,2023-04,0,9,0,0,0,49
NSW,Willoughby,2023-05,0,47,0,7,0,184
NSW,Willoughby,2023-06,0,51,0,2,0,213
NSW,Willoughby,2023-07,0,28,0,5,0,183
NSW,Willoughby,2023-08,0,46,0,8,0,235
NSW,Willoughby,2023-09,0,51,0,11,0,223
NSW,Willoughby,2023-10,0,43,0,8,0,219
NSW,Willoughby,2023-11,0,49,0,5,0,177
NSW,Willoughby,2023-12,0,31,0,3,0,166
NSW,Willoughby,2024-01,0,21,0,3,0,172
NSW,Willoughby,2024-02,0,5,0,1,0,15
NSW,Willoughby,2024-03,0,12,0,1,0,51
NSW,Willoughby,2024-04,0,23,0,1,0,138
NSW,Willoughby,2024-05,0,41,0,1,0,133
NSW,Willoughby,2024-06,0,54,0,9,0,218
NSW,Willoughby,2024-07,0,31,0,9,0,191
NSW,Willoughby,2024-08,0,34,0,10,0,161
NSW,Willoughby,2024-09,0,30,0,7,0,192
NSW,Willoughby,2024-10,0,32,0,11,0,174
NSW,Willoughby,2024-11,0,35,0,10,0,180
NSW,Willoughby,2024-12,0,48,0,3,0,158
NSW,Willoughby,2025-01,0,19,0,4,0,137
NSW,Willoughby,2025-02,0,35,0,13,0,196
NSW,Willoughby,2025-03,0,40,0,16,0,178
NSW,Willoughby,2025-04,0,29,0,3,0,151
NSW,Willoughby,2025-05,0,59,0,3,0,180
NSW,Willoughby,2025-06,0,69,0,12,0,206
NSW,Willoughby,2025-07,0,37,0,9,0,163
NSW,Willoughby,2025-08,0,54,0,5,0,171
NSW,Willoughby,2025-09,0,50,0,9,0,164
NSW,Willoughby,2025-10,0,46,0,8,0,191
NSW,Willoughby,2025-11,0,48,0,5,0,135
NSW,Willoughby,2025-12,0,47,0,6,0,154
NSW,Willoughby,2026-01,0,38,0,4,0,148
NSW,Willoughby,2026-02,0,69,0,9,0,144
NSW,Willoughby,2026-03,0,71,0,15,0,155
NSW,Willoughby,2026-04,0,59,0,15,0,109
NSW,Willoughby,2026-05,0,94,0,8,0,142
NSW,Willoughby,2026-06,0,117,0,16,0,176
NSW,Willoughby,2026-07,0,86,0,17,0,130
NSW,Willoughby,2026-08,0,106,0,11,0,113
NSW,Wingecarribee,2023-01,0,15,0,0,0,128
NSW,Wingecarribee,2023-02,0,7,0,1,0,94
NSW,Wingecarribee,2023-03,0,4,0,1,0,11
NSW,Wingecarribee,2023-04,0,5,0,1,0,35
NSW,Wingecarribee,2023-05,0,13,0,2,0,135
NSW,Wingecarribee,2023-06,0,14,0,0,0,155
NSW,Wingecarribee,2023-07,0,14,0,2,0,145
NSW,Wingecarribee,2023-08,0,9,0,0,0,190
NSW,Wingecarribee,2023-09,0,25,0,1,0,187
NSW,Wingecarribee,2023-10,0,8,0,0,0,195
NSW,Wingecarribee,2023-11,0,6,0,4,0,174
NSW,Wingecarribee,2023-12,0,6,0,1,0,122
NSW,Wingecarribee,2024-01,0,7,0,1,0,131
NSW,Wingecarribee,2024-02,0,1,0,0,0,16
NSW,Wingecarribee,2024-03,0,3,0,2,0,34
NSW,Wingecarribee,2024-04,0,4,0,2,0,107
NSW,Wingecarribee,2024-05,0,6,0,0,0,96
NSW,Wingecarribee,2024-06,0,13,0,1,0,151
NSW,Wingecarribee,2024-07,0,6,0,5,0,156
NSW,Wingecarribee,2024-08,0,8,0,2,0,163
NSW,Wingecarribee,2024-09,0,10,0,2,0,158
NSW,Wingecarribee,2024-10,0,9,0,4,0,153
NSW,Wingecarribee,2024-11,0,3,0,5,0,175
NSW,Wingecarribee,2024-12,0,10,0,3,0,143
NSW,Wingecarribee,2025-01,0,2,0,4,0,110
NSW,Wingecarribee,2025-02,0,9,0,9,0,147
NSW,Wingecarribee,2025-03,0,14,0,6,0,141
NSW,Wingecarribee,2025-04,0,9,0,2,0,132
NSW,Wingecarribee,2025-05,0,25,0,2,0,150
NSW,Wingecarribee,2025-06,0,19,0,6,0,148
NSW,Wingecarribee,2025-07,0,15,0,4,0,141
NSW,Wingecarribee,2025-08,0,15,0,1,0,148
NSW,Wingecarribee,2025-09,0,25,0,3,0,137
NSW,Wingecarribee,2025-10,0,13,0,4,0,156
NSW,Wingecarribee,2025-11,0,17,0,5,0,129
NSW,Wingecarribee,2025-12,0,8,0,5,0,139
NSW,Wingecarribee,2026-01,0,15,0,3,0,106
NSW,Wingecarribee,2026-02,0,21,0,5,0,129
NSW,Wingecarribee,2026-03,0,23,0,6,0,119
NSW,Wingecarribee,2026-04,0,34,0,12,0,110
NSW,Wingecarribee,2026-05,0,42,0,15,0,133
NSW,Wingecarribee,2026-06,0,46,0,8,0,148
NSW,Wingecarribee,2026-07,0,41,0,19,0,118
NSW,Wingecarribee,2026-08,0,40,0,14,0,94
NSW,Wollondilly,2023-01,0,5,0,1,0,146
NSW,Wollondilly,2023-02,0,7,0,0,0,118
NSW,Wollondilly,2023-03,0,1,0,0,0,15
NSW,Wollondilly,2023-04,0,2,0,0,0,45
NSW,Wollondilly,2023-05,0,6,0,0,0,162
NSW,Wollondilly,2023-06,0,10,0,1,0,185
NSW,Wollondilly,2023-07,0,3,0,1,0,171
NSW,Wollondilly,2023-08,0,10,0,1,0,191
NSW,Wollondilly,2023-09,0,7,0,4,0,223
NSW,Wollondilly,2023-10,0,12,0,0,0,193
NSW,Wollondilly,2023-11,0,14,0,4,0,182
NSW,Wollondilly,2023-12,0,8,0,1,0,126
NSW,Wollondilly,2024-01,0,7,0,0,0,192
NSW,Wollondilly,2024-02,0,1,0,0,0,23
NSW,Wollondilly,2024-03,0,3,0,1,0,35
NSW,Wollondilly,2024-04,0,7,0,0,0,146
NSW,Wollondilly,2024-05,0,8,0,0,0,118
NSW,Wollondilly,2024-06,0,10,0,4,0,181
NSW,Wollondilly,2024-07,0,8,0,4,0,184
NSW,Wollondilly,2024-08,0,5,0,3,0,175
NSW,Wollondilly,2024-09,0,8,0,2,0,191
NSW,Wollondilly,2024-10,0,7,0,3,0,143
NSW,Wollondilly,2024-11,0,18,0,2,0,185
NSW,Wollondilly,2024-12,0,9,0,1,0,173
NSW,Wollondilly,2025-01,0,5,0,2,0,158
NSW,Wollondilly,2025-02,0,3,0,6,0,170
NSW,Wollondilly,2025-03,0,12,0,6,0,171
NSW,Wollondilly,2025-04,0,10,0,2,0,154
NSW,Wollondilly,2025-05,0,11,0,1,0,210
NSW,Wollondilly,2025-06,0,10,0,3,0,218
NSW,Wollondilly,2025-07,0,15,0,5,0,185
NSW,Wollondilly,2025-08,0,14,0,1,0,184
NSW,Wollondilly,2025-09,0,16,0,2,0,190
NSW,Wollondilly,2025-10,0,12,0,5,0,200
NSW,Wollondilly,2025-11,0,13,0,4,0,188
NSW,Wollondilly,2025-12,0,12,0,1,0,168
NSW,Wollondilly,2026-01,0,7,0,1,0,138
NSW,Wollondilly,2026-02,0,9,0,2,0,163
NSW,Wollondilly,2026-03,0,25,0,8,0,162
NSW,Wollondilly,2026-04,0,29,0,5,0,146
NSW,Wollondilly,2026-05,0,39,0,9,0,166
NSW,Wollondilly,2026-06,0,37,0,9,0,191
NSW,Wollondilly,2026-07,0,26,0,13,0,180
NSW,Wollondilly,2026-08,0,29,0,14,0,134
NSW,Wollongong,2023-01,0,39,0,0,0,354
NSW,Wollongong,2023-02,0,22,0,4,0,284
NSW,Wollongong,2023-03,0,4,0,0,0,41
NSW,Wollongong,2023-04,0,8,0,0,0,100
NSW,Wollongong,2023-05,0,34,0,0,0,334
NSW,Wollongong,2023-06,0,28,0,2,0,383
NSW,Wollongong,2023-07,0,25,0,3,0,362
NSW,Wollongong,2023-08,0,33,0,5,0,398
NSW,Wollongong,2023-09,0,41,0,5,0,382
NSW,Wollongong,2023-10,0,35,0,5,0,409
NSW,Wollongong,2023-11,0,53,0,14,0,405
NSW,Wollongong,2023-12,0,29,0,5,0,293
NSW,Wollongong,2024-01,0,24,0,5,0,333
NSW,Wollongong,2024-02,0,4,0,0,0,32
NSW,Wollongong,2024-03,0,12,0,2,0,75
NSW,Wollongong,2024-04,0,21,0,4,0,322
NSW,Wollongong,2024-05,0,17,0,3,0,247
NSW,Wollongong,2024-06,0,38,0,7,0,428
NSW,Wollongong,2024-07,0,29,0,11,0,396
NSW,Wollongong,2024-08,0,37,0,15,0,342
NSW,Wollongong,2024-09,0,35,0,13,0,345
NSW,Wollongong,2024-10,0,26,0,11,0,352
NSW,Wollongong,2024-11,0,42,0,22,0,368
NSW,Wollongong,2024-12,0,42,0,7,0,285
NSW,Wollongong,2025-01,0,14,0,9,0,343
NSW,Wollongong,2025-02,0,21,0,25,0,403
NSW,Wollongong,2025-03,0,43,0,33,0,335
NSW,Wollongong,2025-04,0,26,0,9,0,312
NSW,Wollongong,2025-05,0,50,0,3,0,357
NSW,Wollongong,2025-06,0,62,0,13,6,383
NSW,Wollongong,2025-07,0,32,0,9,0,366
NSW,Wollongong,2025-08,0,42,0,8,0,385
NSW,Wollongong,2025-09,0,73,0,8,0,387
NSW,Wollongong,2025-10,0,44,0,10,0,376
NSW,Wollongong,2025-11,0,42,0,5,0,327
NSW,Wollongong,2025-12,0,50,0,2,0,352
NSW,Wollongong,2026-01,0,47,0,12,0,348
NSW,Wollongong,2026-02,0,58,0,15,0,352
NSW,Wollongong,2026-03,0,90,0,25,0,344
NSW,Wollongong,2026-04,6,89,0,15,0,257
NSW,Wollongong,2026-05,6,117,0,17,0,290
NSW,Wollongong,2026-06,7,158,0,27,0,400
NSW,Wollongong,2026-07,0,131,0,33,0,300
NSW,Wollongong,2026-08,0,115,0,32,0,274
NSW,Woollahra,2023-01,0,24,0,1,0,113
NSW,Woollahra,2023-02,0,28,0,0,0,78
NSW,Woollahra,2023-03,0,5,0,0,0,19
NSW,Woollahra,2023-04,0,6,0,1,0,44
NSW,Woollahra,2023-05,0,37,0,3,0,104
NSW,Woollahra,2023-06,0,27,0,0,0,148
NSW,Woollahra,2023-07,0,31,0,2,0,140
NSW,Woollahra,2023-08,0,14,0,6,0,130
NSW,Woollahra,2023-09,0,27,0,2,0,163
NSW,Woollahra,2023-10,0,23,0,7,0,145
NSW,Woollahra,2023-11,0,30,0,3,0,132
NSW,Woollahra,2023-12,0,15,0,1,0,118
NSW,Woollahra,2024-01,0,22,0,3,0,109
NSW,Woollahra,2024-02,0,1,0,0,0,12
NSW,Woollahra,2024-03,0,5,0,0,0,43
NSW,Woollahra,2024-04,0,18,0,3,0,99
NSW,Woollahra,2024-05,0,17,0,1,0,94
NSW,Woollahra,2024-06,0,34,0,5,0,147
NSW,Woollahra,2024-07,0,30,0,2,0,125
NSW,Woollahra,2024-08,0,24,0,2,0,132
NSW,Woollahra,2024-09,0,29,0,2,0,125
NSW,Woollahra,2024-10,0,22,0,7,0,142
NSW,Woollahra,2024-11,0,19,0,5,0,139
NSW,Woollahra,2024-12,0,35,0,3,0,113
NSW,Woollahra,2025-01,0,13,0,4,0,99
NSW,Woollahra,2025-02,0,21,0,9,0,132
NSW,Woollahra,2025-03,0,33,0,7,0,149
NSW,Woollahra,2025-04,0,20,0,8,0,98
NSW,Woollahra,2025-05,0,32,0,9,0,142
NSW,Woollahra,2025-06,0,41,0,8,0,157
NSW,Woollahra,2025-07,0,17,0,6,0,139
NSW,Woollahra,2025-08,0,35,0,3,0,100
NSW,Woollahra,2025-09,0,43,0,6,0,132
NSW,Woollahra,2025-10,0,21,0,6,0,111
NSW,Woollahra,2025-11,0,28,0,8,0,118
NSW,Woollahra,2025-12,0,26,0,10,0,89
NSW,Woollahra,2026-01,0,14,0,14,0,120
NSW,Woollahra,2026-02,0,37,0,14,0,114
NSW,Woollahra,2026-03,0,37,0,12,0,126
NSW,Woollahra,2026-04,0,36,0,7,0,82
NSW,Woollahra,2026-05,0,52,0,7,0,108
NSW,Woollahra,2026-06,0,59,0,11,0,120
NSW,Woollahra,2026-07,0,48,0,12,0,93
NSW,Woollahra,2026-08,0,50,0,15,0,81
NSW,Yass Valley,2023-01,0,6,0,0,0,52
NSW,Yass Valley,2023-02,0,6,0,1,0,32
NSW,Yass Valley,2023-03,0,1,0,0,0,3
NSW,Yass Valley,2023-04,0,0,0,0,0,11
NSW,Yass Valley,2023-05,0,8,0,0,0,50
NSW,Yass Valley,2023-06,0,4,0,0,0,42
NSW,Yass Valley,2023-07,0,4,0,1,0,38
NSW,Yass Valley,2023-08,0,7,0,0,0,73
NSW,Yass Valley,2023-09,0,9,0,2,0,64
NSW,Yass Valley,2023-10,0,6,0,1,0,51
NSW,Yass Valley,2023-11,0,11,0,2,0,69
NSW,Yass Valley,2023-12,0,3,0,2,0,43
NSW,Yass Valley,2024-01,0,4,0,0,0,48
NSW,Yass Valley,2024-02,0,2,0,0,0,10
NSW,Yass Valley,2024-03,0,3,0,0,0,10
NSW,Yass Valley,2024-04,0,3,0,1,0,36
NSW,Yass Valley,2024-05,0,5,0,1,0,33
NSW,Yass Valley,2024-06,0,7,0,0,0,49
NSW,Yass Valley,2024-07,0,8,0,1,0,55
NSW,Yass Valley,2024-08,0,10,0,4,0,52
NSW,Yass Valley,2024-09,0,4,0,0,0,50
NSW,Yass Valley,2024-10,0,4,0,3,0,59
NSW,Yass Valley,2024-11,0,4,0,2,0,46
NSW,Yass Valley,2024-12,0,7,0,2,0,32
NSW,Yass Valley,2025-01,0,2,0,0,0,39
NSW,Yass Valley,2025-02,0,7,0,6,0,43
NSW,Yass Valley,2025-03,0,7,0,9,0,47
NSW,Yass Valley,2025-04,0,4,0,5,0,47
NSW,Yass Valley,2025-05,0,9,0,3,0,58
NSW,Yass Valley,2025-06,0,12,0,3,0,54
NSW,Yass Valley,2025-07,0,7,0,2,0,53
NSW,Yass Valley,2025-08,0,9,0,1,0,55
NSW,Yass Valley,2025-09,0,11,0,7,0,39
NSW,Yass Valley,2025-10,0,5,0,4,0,50
NSW,Yass Valley,2025-11,0,8,0,2,0,37
NSW,Yass Valley,2025-12,0,10,0,2,0,52
NSW,Yass Valley,2026-01,0,4,0,3,0,38
NSW,Yass Valley,2026-02,0,7,0,1,0,32
NSW,Yass Valley,2026-03,0,12,0,3,0,49
NSW,Yass Valley,2026-04,0,17,0,6,0,37
NSW,Yass Valley,2026-05,0,16,0,3,0,36
NSW,Yass Valley,2026-06,0,25,0,3,0,42
NSW,Yass Valley,2026-07,0,31,0,10,0,32
NSW,Yass Valley,2026-08,0,20,0,2,0,36
QLD,Aurukun,2023-06,0,0,0,0,1,0
QLD,Aurukun,2023-09,0,0,0,0,1,0
QLD,Aurukun,2024-11,0,0,0,0,1,0
QLD,Aurukun,2025-03,0,0,0,0,1,0
QLD,Aurukun,2025-07,0,0,0,0,1,0
QLD,Balonne,2023-01,0,0,0,0,4,0
QLD,Balonne,2023-02,0,0,0,0,2,0
QLD,Balonne,2023-03,0,0,0,0,1,0
QLD,Balonne,2023-04,0,0,0,0,3,0
QLD,Balonne,2023-05,0,0,0,0,2,0
QLD,Balonne,2023-06,0,0,0,0,4,0
QLD,Balonne,2023-07,0,0,0,0,6,0
QLD,Balonne,2023-08,0,0,0,0,6,0
QLD,Balonne,2023-09,0,0,0,0,8,0
QLD,Balonne,2023-10,0,0,0,0,5,0
QLD,Balonne,2023-11,0,0,0,0,10,0
QLD,Balonne,2023-12,0,0,0,0,7,0
QLD,Balonne,2024-01,1,0,0,0,4,0
QLD,Balonne,2024-02,0,0,0,0,7,0
QLD,Balonne,2024-03,0,0,0,0,6,0
QLD,Balonne,2024-04,0,0,0,0,4,0
QLD,Balonne,2024-05,0,0,0,0,7,0
QLD,Balonne,2024-06,0,0,0,0,2,0
QLD,Balonne,2024-07,0,0,0,0,6,0
QLD,Balonne,2024-08,0,0,0,0,9,0
QLD,Balonne,2024-09,0,0,0,0,3,0
QLD,Balonne,2024-10,0,0,0,0,5,0
QLD,Balonne,2024-11,0,0,0,0,3,0
QLD,Balonne,2024-12,0,0,0,0,6,0
QLD,Balonne,2025-01,1,0,0,0,3,0
QLD,Balonne,2025-02,0,0,0,0,3,0
QLD,Balonne,2025-03,0,0,0,0,4,0
QLD,Balonne,2025-04,0,0,0,0,5,0
QLD,Balonne,2025-05,0,0,0,0,4,0
QLD,Balonne,2025-06,0,0,0,0,3,0
QLD,Balonne,2025-07,0,0,0,0,2,0
QLD,Balonne,2025-08,0,0,0,0,6,0
QLD,Balonne,2025-09,0,0,0,0,1,0
QLD,Balonne,2025-10,0,0,0,0,6,0
QLD,Balonne,2025-11,0,0,0,0,5,0
QLD,Balonne,2025-12,0,0,0,0,8,0
QLD,Balonne,2026-01,0,0,0,0,1,0
QLD,Balonne,2026-02,0,0,0,0,2,0
QLD,Balonne,2026-03,1,0,0,0,5,0
QLD,Balonne,2026-04,0,0,0,0,10,0
QLD,Balonne,2026-05,0,0,0,0,2,0
QLD,Balonne,2026-06,0,0,0,0,9,0
QLD,Balonne,2026-07,0,0,0,0,5,0
QLD,Balonne,2026-08,0,0,0,0,6,0
QLD,Banana,2023-01,0,0,0,0,22,0
QLD,Banana,2023-02,0,0,0,0,18,0
QLD,Banana,2023-03,0,0,0,0,26,0
QLD,Banana,2023-04,0,0,0,0,19,0
QLD,Banana,2023-05,0,0,0,0,15,0
QLD,Banana,2023-06,0,0,0,0,29,0
QLD,Banana,2023-07,0,0,0,0,14,0
QLD,Banana,2023-08,0,0,0,0,28,0
QLD,Banana,2023-09,0,0,0,0,24,0
QLD,Banana,2023-10,0,0,0,0,32,0
QLD,Banana,2023-11,2,0,0,0,33,0
QLD,Banana,2023-12,0,0,0,0,21,0
QLD,Banana,2024-01,0,0,0,0,20,0
QLD,Banana,2024-02,1,0,0,0,15,0
QLD,Banana,2024-03,0,0,0,0,27,0
QLD,Banana,2024-04,0,0,0,0,20,0
QLD,Banana,2024-05,0,0,0,0,29,0
QLD,Banana,2024-06,0,0,0,0,21,0
QLD,Banana,2024-07,0,0,0,0,25,0
QLD,Banana,2024-08,0,0,0,0,30,0
QLD,Banana,2024-09,0,0,0,0,26,0
QLD,Banana,2024-10,0,0,0,0,22,0
QLD,Banana,2024-11,0,0,0,0,28,0
QLD,Banana,2024-12,0,0,0,0,15,0
QLD,Banana,2025-01,0,0,0,0,27,0
QLD,Banana,2025-02,0,0,0,0,25,0
QLD,Banana,2025-03,0,0,0,0,24,0
QLD,Banana,2025-04,0,0,0,0,15,0
QLD,Banana,2025-05,0,0,0,0,26,0
QLD,Banana,2025-06,1,0,0,0,25,0
QLD,Banana,2025-07,0,0,0,0,19,0
QLD,Banana,2025-08,1,0,0,0,16,0
QLD,Banana,2025-09,1,0,0,0,30,0
QLD,Banana,2025-10,0,0,0,0,14,0
QLD,Banana,2025-11,0,0,0,0,14,0
QLD,Banana,2025-12,0,0,0,0,24,0
QLD,Banana,2026-01,0,0,0,0,15,0
QLD,Banana,2026-02,0,0,0,0,22,0
QLD,Banana,2026-03,3,0,0,0,22,0
QLD,Banana,2026-04,0,0,0,0,7,0
QLD,Banana,2026-05,2,0,0,0,25,0
QLD,Banana,2026-06,2,0,0,0,20,0
QLD,Banana,2026-07,0,0,0,0,19,0
QLD,Banana,2026-08,3,0,0,0,15,0
QLD,Barcaldine,2023-01,0,0,0,0,2,0
QLD,Barcaldine,2023-02,0,0,0,0,1,0
QLD,Barcaldine,2023-03,0,0,0,0,2,0
QLD,Barcaldine,2023-04,0,0,0,0,4,0
QLD,Barcaldine,2023-05,0,0,0,0,1,0
QLD,Barcaldine,2023-06,0,0,0,0,3,0
QLD,Barcaldine,2023-07,0,0,0,0,4,0
QLD,Barcaldine,2023-08,0,0,0,0,10,0
QLD,Barcaldine,2023-09,0,0,0,0,5,0
QLD,Barcaldine,2023-10,0,0,0,0,4,0
QLD,Barcaldine,2023-11,0,0,0,0,4,0
QLD,Barcaldine,2023-12,0,0,0,0,4,0
QLD,Barcaldine,2024-01,0,0,0,0,2,0
QLD,Barcaldine,2024-02,0,0,0,0,6,0
QLD,Barcaldine,2024-03,0,0,0,0,5,0
QLD,Barcaldine,2024-04,0,0,0,0,2,0
QLD,Barcaldine,2024-05,0,0,0,0,4,0
QLD,Barcaldine,2024-06,0,0,0,0,7,0
QLD,Barcaldine,2024-07,0,0,0,0,3,0
QLD,Barcaldine,2024-08,0,0,0,0,3,0
QLD,Barcaldine,2024-09,0,0,0,0,2,0
QLD,Barcaldine,2024-10,0,0,0,0,3,0
QLD,Barcaldine,2024-11,0,0,0,0,3,0
QLD,Barcaldine,2024-12,0,0,0,0,3,0
QLD,Barcaldine,2025-01,0,0,0,0,3,0
QLD,Barcaldine,2025-02,0,0,0,0,2,0
QLD,Barcaldine,2025-04,0,0,0,0,6,0
QLD,Barcaldine,2025-05,0,0,0,0,3,0
QLD,Barcaldine,2025-06,0,0,0,0,4,0
QLD,Barcaldine,2025-08,0,0,0,0,3,0
QLD,Barcaldine,2025-09,0,0,0,0,2,0
QLD,Barcaldine,2025-10,0,0,0,0,7,0
QLD,Barcaldine,2025-11,0,0,0,0,3,0
QLD,Barcaldine,2025-12,0,0,0,0,2,0
QLD,Barcaldine,2026-01,0,0,0,0,3,0
QLD,Barcaldine,2026-02,0,0,0,0,5,0
QLD,Barcaldine,2026-03,0,0,0,0,1,0
QLD,Barcaldine,2026-04,0,0,0,0,6,0
QLD,Barcaldine,2026-05,0,0,0,0,3,0
QLD,Barcaldine,2026-06,0,0,0,0,7,0
QLD,Barcaldine,2026-07,0,0,0,0,3,0
QLD,Barcaldine,2026-08,0,0,0,0,2,0
QLD,Barcoo,2023-02,0,0,0,0,1,0
QLD,Barcoo,2023-04,0,0,0,0,1,0
QLD,Barcoo,2023-10,0,0,0,0,1,0
QLD,Barcoo,2024-01,0,0,0,0,1,0
QLD,Barcoo,2024-11,1,0,0,0,0,0
QLD,Barcoo,2025-06,0,0,0,0,1,0
QLD,Barcoo,2025-07,0,0,0,0,1,0
QLD,Barcoo,2026-04,0,0,0,0,1,0
QLD,Blackall-Tambo,2023-01,0,0,0,0,1,0
QLD,Blackall-Tambo,2023-02,0,0,0,0,3,0
QLD,Blackall-Tambo,2023-04,0,0,0,0,4,0
QLD,Blackall-Tambo,2023-06,0,0,0,0,2,0
QLD,Blackall-Tambo,2023-07,0,0,0,0,1,0
QLD,Blackall-Tambo,2023-08,0,0,0,0,1,0
QLD,Blackall-Tambo,2023-10,0,0,0,0,3,0
QLD,Blackall-Tambo,2023-11,0,0,0,0,1,0
QLD,Blackall-Tambo,2023-12,0,0,0,0,5,0
QLD,Blackall-Tambo,2024-01,0,0,0,0,2,0
QLD,Blackall-Tambo,2024-02,0,0,0,0,1,0
QLD,Blackall-Tambo,2024-03,0,0,0,0,3,0
QLD,Blackall-Tambo,2024-04,0,0,0,0,6,0
QLD,Blackall-Tambo,2024-05,0,0,0,0,2,0
QLD,Blackall-Tambo,2024-07,0,0,0,0,2,0
QLD,Blackall-Tambo,2024-08,0,0,0,0,1,0
QLD,Blackall-Tambo,2024-09,0,0,0,0,2,0
QLD,Blackall-Tambo,2024-10,0,0,0,0,4,0
QLD,Blackall-Tambo,2024-11,0,0,0,0,2,0
QLD,Blackall-Tambo,2024-12,0,0,0,0,4,0
QLD,Blackall-Tambo,2025-01,0,0,0,0,4,0
QLD,Blackall-Tambo,2025-02,0,0,0,0,1,0
QLD,Blackall-Tambo,2025-03,0,0,0,0,1,0
QLD,Blackall-Tambo,2025-04,0,0,0,0,4,0
QLD,Blackall-Tambo,2025-05,0,0,0,0,2,0
QLD,Blackall-Tambo,2025-06,0,0,0,0,1,0
QLD,Blackall-Tambo,2025-07,0,0,0,0,4,0
QLD,Blackall-Tambo,2025-08,0,0,0,0,3,0
QLD,Blackall-Tambo,2025-09,0,0,0,0,2,0
QLD,Blackall-Tambo,2025-11,0,0,0,0,1,0
QLD,Blackall-Tambo,2025-12,0,0,0,0,1,0
QLD,Blackall-Tambo,2026-01,0,0,0,0,2,0
QLD,Blackall-Tambo,2026-02,0,0,0,0,2,0
QLD,Blackall-Tambo,2026-03,0,0,0,0,1,0
QLD,Blackall-Tambo,2026-04,0,0,0,0,2,0
QLD,Blackall-Tambo,2026-05,0,0,0,0,1,0
QLD,Blackall-Tambo,2026-06,0,0,0,0,2,0
QLD,Blackall-Tambo,2026-07,0,0,0,0,5,0
QLD,Blackall-Tambo,2026-08,0,0,0,0,1,0
QLD,Boulia,2023-02,0,0,0,0,1,0
QLD,Boulia,2023-09,0,0,0,0,1,0
QLD,Boulia,2023-11,0,0,0,0,1,0
QLD,Boulia,2024-02,0,0,0,0,1,0
QLD,Boulia,2024-08,0,0,0,0,1,0
QLD,Boulia,2024-10,0,0,0,0,1,0
QLD,Boulia,2025-02,0,0,0,0,1,0
QLD,Boulia,2025-05,0,0,0,0,1,0
QLD,Boulia,2025-07,0,0,0,0,2,0
QLD,Boulia,2025-09,0,0,0,0,1,0
QLD,Boulia,2025-12,0,0,0,0,1,0
QLD,Boulia,2026-01,0,0,0,0,1,0
QLD,Boulia,2026-04,0,0,0,0,1,0
QLD,Boulia,2026-05,0,0,0,0,1,0
QLD,Brisbane,2023-01,504,0,0,0,2193,0
QLD,Brisbane,2023-02,362,0,0,0,1881,0
QLD,Brisbane,2023-03,416,0,0,0,2504,0
QLD,Brisbane,2023-04,478,0,0,0,2129,0
QLD,Brisbane,2023-05,391,0,0,0,2500,0
QLD,Brisbane,2023-06,651,0,0,0,2851,0
QLD,Brisbane,2023-07,369,0,0,0,2417,0
QLD,Brisbane,2023-08,751,0,0,0,2537,0
QLD,Brisbane,2023-09,541,0,0,0,2548,0
QLD,Brisbane,2023-10,353,0,0,0,2492,0
QLD,Brisbane,2023-11,742,0,0,0,2441,0
QLD,Brisbane,2023-12,446,0,0,0,2053,0
QLD,Brisbane,2024-01,456,0,0,0,2180,0
QLD,Brisbane,2024-02,618,0,0,0,2314,0
QLD,Brisbane,2024-03,663,0,0,0,2357,0
QLD,Brisbane,2024-04,445,0,0,0,2271,0
QLD,Brisbane,2024-05,699,0,0,0,2312,0
QLD,Brisbane,2024-06,614,0,0,0,2558,0
QLD,Brisbane,2024-07,499,0,0,0,2450,0
QLD,Brisbane,2024-08,451,0,0,0,2323,0
QLD,Brisbane,2024-09,326,0,0,0,2310,0
QLD,Brisbane,2024-10,396,0,0,0,2364,0
QLD,Brisbane,2024-11,341,0,0,0,2385,0
QLD,Brisbane,2024-12,523,0,0,0,2262,0
QLD,Brisbane,2025-01,208,0,0,0,2135,0
QLD,Brisbane,2025-02,266,0,0,0,2353,0
QLD,Brisbane,2025-03,398,0,0,0,2208,0
QLD,Brisbane,2025-04,346,0,0,0,1993,0
QLD,Brisbane,2025-05,614,0,0,0,2392,0
QLD,Brisbane,2025-06,766,0,0,0,2705,0
QLD,Brisbane,2025-07,512,0,0,0,2471,0
QLD,Brisbane,2025-08,529,0,0,0,2153,0
QLD,Brisbane,2025-09,633,0,0,0,2101,0
QLD,Brisbane,2025-10,394,0,0,0,2122,0
QLD,Brisbane,2025-11,429,0,0,0,1852,0
QLD,Brisbane,2025-12,591,0,0,0,2080,0
QLD,Brisbane,2026-01,412,0,0,0,1892,0
QLD,Brisbane,2026-02,568,0,0,0,1787,0
QLD,Brisbane,2026-03,888,0,0,0,2114,0
QLD,Brisbane,2026-04,910,0,0,0,1695,0
QLD,Brisbane,2026-05,1172,0,0,0,1719,0
QLD,Brisbane,2026-06,1785,0,0,0,2406,0
QLD,Brisbane,2026-07,1342,0,0,0,2029,0
QLD,Brisbane,2026-08,1504,0,0,0,1750,0
QLD,Bulloo,2023-01,0,0,0,0,1,0
QLD,Bulloo,2023-05,0,0,0,0,1,0
QLD,Bulloo,2023-08,0,0,0,0,1,0
QLD,Bulloo,2023-10,0,0,0,0,1,0
QLD,Bulloo,2024-04,0,0,0,0,1,0
QLD,Bulloo,2024-09,0,0,0,0,1,0
QLD,Bulloo,2025-02,0,0,0,0,1,0
QLD,Bulloo,2025-06,0,0,0,0,1,0
QLD,Bulloo,2025-10,0,0,0,0,1,0
QLD,Bulloo,2025-11,0,0,0,0,1,0
QLD,Bulloo,2026-03,0,0,0,0,1,0
QLD,Bulloo,2026-06,0,0,0,0,1,0
QLD,Bundaberg,2023-01,6,0,0,0,133,0
QLD,Bundaberg,2023-02,5,0,0,0,148,0
QLD,Bundaberg,2023-03,2,0,0,0,178,0
QLD,Bundaberg,2023-04,2,0,0,0,136,0
QLD,Bundaberg,2023-05,3,0,0,0,150,0
QLD,Bundaberg,2023-06,8,0,0,0,191,0
QLD,Bundaberg,2023-07,2,0,0,0,183,0
QLD,Bundaberg,2023-08,10,0,0,0,164,0
QLD,Bundaberg,2023-09,11,0,0,0,185,0
QLD,Bundaberg,2023-10,7,0,0,0,171,0
QLD,Bundaberg,2023-11,2,0,0,0,182,0
QLD,Bundaberg,2023-12,9,0,0,0,177,0
QLD,Bundaberg,2024-01,7,0,0,0,175,0
QLD,Bundaberg,2024-02,12,0,0,0,207,0
QLD,Bundaberg,2024-03,6,0,0,0,177,0
QLD,Bundaberg,2024-04,5,0,0,0,186,0
QLD,Bundaberg,2024-05,6,0,0,0,192,0
QLD,Bundaberg,2024-06,4,0,0,0,181,0
QLD,Bundaberg,2024-07,4,0,0,0,230,0
QLD,Bundaberg,2024-08,1,0,0,0,197,0
QLD,Bundaberg,2024-09,2,0,0,0,220,0
QLD,Bundaberg,2024-10,5,0,0,0,178,0
QLD,Bundaberg,2024-11,1,0,0,0,200,0
QLD,Bundaberg,2024-12,8,0,0,0,169,0
QLD,Bundaberg,2025-01,3,0,0,0,145,0
QLD,Bundaberg,2025-02,0,0,0,0,159,0
QLD,Bundaberg,2025-03,2,0,0,0,187,0
QLD,Bundaberg,2025-04,5,0,0,0,152,0
QLD,Bundaberg,2025-05,8,0,0,0,203,0
QLD,Bundaberg,2025-06,10,0,0,0,206,0
QLD,Bundaberg,2025-07,9,0,0,0,191,0
QLD,Bundaberg,2025-08,9,0,0,0,199,0
QLD,Bundaberg,2025-09,13,0,0,0,182,0
QLD,Bundaberg,2025-10,6,0,0,0,160,0
QLD,Bundaberg,2025-11,4,0,0,0,182,0
QLD,Bundaberg,2025-12,9,0,0,0,189,0
QLD,Bundaberg,2026-01,5,0,0,0,154,0
QLD,Bundaberg,2026-02,13,0,0,0,166,0
QLD,Bundaberg,2026-03,15,0,0,0,181,0
QLD,Bundaberg,2026-04,16,0,0,0,163,0
QLD,Bundaberg,2026-05,33,0,0,0,171,0
QLD,Bundaberg,2026-06,41,0,0,0,194,0
QLD,Bundaberg,2026-07,26,0,0,0,224,0
QLD,Bundaberg,2026-08,25,0,0,0,175,0
QLD,Burdekin,2023-01,1,0,0,0,14,0
QLD,Burdekin,2023-02,0,0,0,0,26,0
QLD,Burdekin,2023-03,0,0,0,0,32,0
QLD,Burdekin,2023-04,0,0,0,0,11,0
QLD,Burdekin,2023-05,0,0,0,0,25,0
QLD,Burdekin,2023-06,0,0,0,0,25,0
QLD,Burdekin,2023-07,1,0,0,0,24,0
QLD,Burdekin,2023-08,1,0,0,0,29,0
QLD,Burdekin,2023-09,1,0,0,0,31,0
QLD,Burdekin,2023-10,1,0,0,0,27,0
QLD,Burdekin,2023-11,0,0,0,0,18,0
QLD,Burdekin,2023-12,1,0,0,0,32,0
QLD,Burdekin,2024-01,0,0,0,0,27,0
QLD,Burdekin,2024-02,0,0,0,0,29,0
QLD,Burdekin,2024-03,1,0,0,0,33,0
QLD,Burdekin,2024-04,1,0,0,0,29,0
QLD,Burdekin,2024-05,1,0,0,0,29,0
QLD,Burdekin,2024-06,0,0,0,0,25,0
QLD,Burdekin,2024-07,0,0,0,0,24,0
QLD,Burdekin,2024-08,0,0,0,0,30,0
QLD,Burdekin,2024-09,1,0,0,0,30,0
QLD,Burdekin,2024-10,0,0,0,0,36,0
QLD,Burdekin,2024-11,0,0,0,0,29,0
QLD,Burdekin,2024-12,0,0,0,0,34,0
QLD,Burdekin,2025-01,1,0,0,0,24,0
QLD,Burdekin,2025-02,1,0,0,0,18,0
QLD,Burdekin,2025-03,0,0,0,0,41,0
QLD,Burdekin,2025-04,1,0,0,0,24,0
QLD,Burdekin,2025-05,0,0,0,0,30,0
QLD,Burdekin,2025-06,0,0,0,0,35,0
QLD,Burdekin,2025-07,0,0,0,0,29,0
QLD,Burdekin,2025-08,1,0,0,0,30,0
QLD,Burdekin,2025-09,1,0,0,0,22,0
QLD,Burdekin,2025-10,3,0,0,0,23,0
QLD,Burdekin,2025-11,0,0,0,0,31,0
QLD,Burdekin,2025-12,0,0,0,0,35,0
QLD,Burdekin,2026-01,1,0,0,0,20,0
QLD,Burdekin,2026-02,0,0,0,0,22,0
QLD,Burdekin,2026-03,1,0,0,0,32,0
QLD,Burdekin,2026-04,3,0,0,0,26,0
QLD,Burdekin,2026-05,2,0,0,0,22,0
QLD,Burdekin,2026-06,1,0,0,0,29,0
QLD,Burdekin,2026-07,1,0,0,0,29,0
QLD,Burdekin,2026-08,3,0,0,0,17,0
QLD,Burke,2023-04,0,0,0,0,1,0
QLD,Burke,2023-05,0,0,0,0,1,0
QLD,Burke,2023-10,0,0,0,0,1,0
QLD,Burke,2023-11,0,0,0,0,1,0
QLD,Burke,2024-05,0,0,0,0,1,0
QLD,Burke,2024-09,0,0,0,0,1,0
QLD,Burke,2025-08,0,0,0,0,1,0
QLD,Burke,2026-03,1,0,0,0,1,0
QLD,Cairns,2023-01,19,0,0,0,229,0
QLD,Cairns,2023-02,18,0,0,0,214,0
QLD,Cairns,2023-03,23,0,0,0,271,0
QLD,Cairns,2023-04,11,0,0,0,204,0
QLD,Cairns,2023-05,11,0,0,0,317,0
QLD,Cairns,2023-06,16,0,0,0,313,0
QLD,Cairns,2023-07,21,0,0,0,267,0
QLD,Cairns,2023-08,24,0,0,0,287,0
QLD,Cairns,2023-09,21,0,0,0,281,0
QLD,Cairns,2023-10,20,0,0,0,292,0
QLD,Cairns,2023-11,29,0,0,0,264,0
QLD,Cairns,2023-12,14,0,0,0,173,0
QLD,Cairns,2024-01,25,0,0,0,333,0
QLD,Cairns,2024-02,15,0,0,0,345,0
QLD,Cairns,2024-03,16,0,0,0,306,0
QLD,Cairns,2024-04,15,0,0,0,272,0
QLD,Cairns,2024-05,23,0,0,0,288,0
QLD,Cairns,2024-06,18,0,0,0,317,0
QLD,Cairns,2024-07,30,0,0,0,306,0
QLD,Cairns,2024-08,21,0,0,0,291,0
QLD,Cairns,2024-09,16,0,0,0,285,0
QLD,Cairns,2024-10,9,0,0,0,254,0
QLD,Cairns,2024-11,15,0,0,0,293,0
QLD,Cairns,2024-12,16,0,0,0,275,0
QLD,Cairns,2025-01,9,0,0,0,279,0
QLD,Cairns,2025-02,13,0,0,0,254,0
QLD,Cairns,2025-03,29,0,0,0,274,0
QLD,Cairns,2025-04,19,0,0,0,258,0
QLD,Cairns,2025-05,18,0,0,0,296,0
QLD,Cairns,2025-06,29,0,0,0,323,0
QLD,Cairns,2025-07,30,0,0,0,278,0
QLD,Cairns,2025-08,21,0,0,0,268,0
QLD,Cairns,2025-09,19,0,0,0,231,0
QLD,Cairns,2025-10,26,0,0,0,254,0
QLD,Cairns,2025-11,21,0,0,0,257,0
QLD,Cairns,2025-12,38,0,0,0,263,0
QLD,Cairns,2026-01,29,0,0,0,211,0
QLD,Cairns,2026-02,32,0,0,0,228,0
QLD,Cairns,2026-03,55,0,0,0,277,0
QLD,Cairns,2026-04,62,0,0,0,201,0
QLD,Cairns,2026-05,70,0,0,0,231,0
QLD,Cairns,2026-06,100,0,0,0,277,0
QLD,Cairns,2026-07,81,0,0,0,265,0
QLD,Cairns,2026-08,73,0,0,0,255,0
QLD,Carpentaria,2023-01,0,0,0,0,1,0
QLD,Carpentaria,2023-02,0,0,0,0,2,0
QLD,Carpentaria,2023-03,0,0,0,0,1,0
QLD,Carpentaria,2023-04,0,0,0,0,1,0
QLD,Carpentaria,2023-05,0,0,0,0,1,0
QLD,Carpentaria,2023-06,0,0,0,0,1,0
QLD,Carpentaria,2023-07,0,0,0,0,1,0
QLD,Carpentaria,2023-08,0,0,0,0,1,0
QLD,Carpentaria,2023-09,0,0,0,0,6,0
QLD,Carpentaria,2023-10,0,0,0,0,2,0
QLD,Carpentaria,2023-11,0,0,0,0,1,0
QLD,Carpentaria,2023-12,0,0,0,0,1,0
QLD,Carpentaria,2024-02,0,0,0,0,1,0
QLD,Carpentaria,2024-03,0,0,0,0,1,0
QLD,Carpentaria,2024-04,0,0,0,0,1,0
QLD,Carpentaria,2024-06,0,0,0,0,1,0
QLD,Carpentaria,2024-07,0,0,0,0,3,0
QLD,Carpentaria,2024-08,0,0,0,0,1,0
QLD,Carpentaria,2024-09,0,0,0,0,2,0
QLD,Carpentaria,2024-10,0,0,0,0,1,0
QLD,Carpentaria,2024-12,0,0,0,0,2,0
QLD,Carpentaria,2025-02,0,0,0,0,1,0
QLD,Carpentaria,2025-03,0,0,0,0,2,0
QLD,Carpentaria,2025-04,0,0,0,0,2,0
QLD,Carpentaria,2025-09,0,0,0,0,3,0
QLD,Carpentaria,2025-10,0,0,0,0,1,0
QLD,Carpentaria,2025-11,0,0,0,0,1,0
QLD,Carpentaria,2025-12,0,0,0,0,2,0
QLD,Carpentaria,2026-05,0,0,0,0,1,0
QLD,Carpentaria,2026-06,0,0,0,0,1,0
QLD,Carpentaria,2026-07,0,0,0,0,2,0
QLD,Cassowary Coast,2023-01,1,0,0,0,36,0
QLD,Cassowary Coast,2023-02,1,0,0,0,29,0
QLD,Cassowary Coast,2023-03,2,0,0,0,41,0
QLD,Cassowary Coast,2023-04,0,0,0,0,36,0
QLD,Cassowary Coast,2023-05,0,0,0,0,50,0
QLD,Cassowary Coast,2023-06,0,0,0,0,34,0
QLD,Cassowary Coast,2023-07,1,0,0,0,44,0
QLD,Cassowary Coast,2023-08,0,0,0,0,37,0
QLD,Cassowary Coast,2023-09,1,0,0,0,29,0
QLD,Cassowary Coast,2023-10,1,0,0,0,40,0
QLD,Cassowary Coast,2023-11,4,0,0,0,46,0
QLD,Cassowary Coast,2023-12,2,0,0,0,45,0
QLD,Cassowary Coast,2024-01,1,0,0,0,39,0
QLD,Cassowary Coast,2024-02,2,0,0,0,46,0
QLD,Cassowary Coast,2024-03,1,0,0,0,38,0
QLD,Cassowary Coast,2024-04,2,0,0,0,41,0
QLD,Cassowary Coast,2024-05,3,0,0,0,50,0
QLD,Cassowary Coast,2024-06,0,0,0,0,57,0
QLD,Cassowary Coast,2024-07,0,0,0,0,42,0
QLD,Cassowary Coast,2024-08,0,0,0,0,41,0
QLD,Cassowary Coast,2024-09,1,0,0,0,49,0
QLD,Cassowary Coast,2024-10,2,0,0,0,41,0
QLD,Cassowary Coast,2024-11,0,0,0,0,36,0
QLD,Cassowary Coast,2024-12,3,0,0,0,48,0
QLD,Cassowary Coast,2025-01,0,0,0,0,41,0
QLD,Cassowary Coast,2025-02,1,0,0,0,35,0
QLD,Cassowary Coast,2025-03,1,0,0,0,34,0
QLD,Cassowary Coast,2025-04,1,0,0,0,37,0
QLD,Cassowary Coast,2025-05,4,0,0,0,47,0
QLD,Cassowary Coast,2025-06,1,0,0,0,51,0
QLD,Cassowary Coast,2025-07,1,0,0,0,31,0
QLD,Cassowary Coast,2025-08,0,0,0,0,43,0
QLD,Cassowary Coast,2025-09,1,0,0,0,33,0
QLD,Cassowary Coast,2025-10,1,0,0,0,45,0
QLD,Cassowary Coast,2025-11,2,0,0,0,51,0
QLD,Cassowary Coast,2025-12,1,0,0,0,37,0
QLD,Cassowary Coast,2026-01,1,0,0,0,48,0
QLD,Cassowary Coast,2026-02,1,0,0,0,32,0
QLD,Cassowary Coast,2026-03,1,0,0,0,39,0
QLD,Cassowary Coast,2026-04,1,0,0,0,34,0
QLD,Cassowary Coast,2026-05,10,0,0,0,39,0
QLD,Cassowary Coast,2026-06,6,0,0,0,44,0
QLD,Cassowary Coast,2026-07,4,0,0,0,38,0
QLD,Cassowary Coast,2026-08,7,0,0,0,44,0
QLD,Central Highlands,2023-01,2,0,0,0,28,0
QLD,Central Highlands,2023-02,0,0,0,0,27,0
QLD,Central Highlands,2023-03,1,0,0,0,47,0
QLD,Central Highlands,2023-04,0,0,0,0,28,0
QLD,Central Highlands,2023-05,0,0,0,0,33,0
QLD,Central Highlands,2023-06,3,0,0,0,40,0
QLD,Central Highlands,2023-07,1,0,0,0,42,0
QLD,Central Highlands,2023-08,1,0,0,0,57,0
QLD,Central Highlands,2023-09,0,0,0,0,43,0
QLD,Central Highlands,2023-10,0,0,0,0,43,0
QLD,Central Highlands,2023-11,3,0,0,0,56,0
QLD,Central Highlands,2023-12,1,0,0,0,48,0
QLD,Central Highlands,2024-01,0,0,0,0,38,0
QLD,Central Highlands,2024-02,1,0,0,0,44,0
QLD,Central Highlands,2024-03,2,0,0,0,31,0
QLD,Central Highlands,2024-04,0,0,0,0,42,0
QLD,Central Highlands,2024-05,0,0,0,0,41,0
QLD,Central Highlands,2024-06,3,0,0,0,49,0
QLD,Central Highlands,2024-07,0,0,0,0,54,0
QLD,Central Highlands,2024-08,0,0,0,0,33,0
QLD,Central Highlands,2024-09,1,0,0,0,57,0
QLD,Central Highlands,2024-10,0,0,0,0,43,0
QLD,Central Highlands,2024-11,1,0,0,0,38,0
QLD,Central Highlands,2024-12,2,0,0,0,34,0
QLD,Central Highlands,2025-01,0,0,0,0,29,0
QLD,Central Highlands,2025-02,0,0,0,0,49,0
QLD,Central Highlands,2025-03,0,0,0,0,38,0
QLD,Central Highlands,2025-04,0,0,0,0,32,0
QLD,Central Highlands,2025-05,1,0,0,0,31,0
QLD,Central Highlands,2025-06,2,0,0,0,39,0
QLD,Central Highlands,2025-07,0,0,0,0,44,0
QLD,Central Highlands,2025-08,0,0,0,0,34,0
QLD,Central Highlands,2025-09,1,0,0,0,29,0
QLD,Central Highlands,2025-10,1,0,0,0,40,0
QLD,Central Highlands,2025-11,0,0,0,0,44,0
QLD,Central Highlands,2025-12,1,0,0,0,33,0
QLD,Central Highlands,2026-01,0,0,0,0,25,0
QLD,Central Highlands,2026-02,1,0,0,0,33,0
QLD,Central Highlands,2026-03,0,0,0,0,31,0
QLD,Central Highlands,2026-04,3,0,0,0,33,0
QLD,Central Highlands,2026-05,3,0,0,0,39,0
QLD,Central Highlands,2026-06,1,0,0,0,46,0
QLD,Central Highlands,2026-07,2,0,0,0,42,0
QLD,Central Highlands,2026-08,6,0,0,0,34,0
QLD,Charters Towers,2023-01,0,0,0,0,18,0
QLD,Charters Towers,2023-02,0,0,0,0,16,0
QLD,Charters Towers,2023-03,0,0,0,0,9,0
QLD,Charters Towers,2023-04,0,0,0,0,5,0
QLD,Charters Towers,2023-05,0,0,0,0,17,0
QLD,Charters Towers,2023-06,0,0,0,0,15,0
QLD,Charters Towers,2023-07,0,0,0,0,13,0
QLD,Charters Towers,2023-08,0,0,0,0,14,0
QLD,Charters Towers,2023-09,0,0,0,0,9,0
QLD,Charters Towers,2023-10,0,0,0,0,16,0
QLD,Charters Towers,2023-11,0,0,0,0,22,0
QLD,Charters Towers,2023-12,1,0,0,0,8,0
QLD,Charters Towers,2024-01,0,0,0,0,8,0
QLD,Charters Towers,2024-02,1,0,0,0,20,0
QLD,Charters Towers,2024-03,0,0,0,0,10,0
QLD,Charters Towers,2024-04,0,0,0,0,9,0
QLD,Charters Towers,2024-05,1,0,0,0,14,0
QLD,Charters Towers,2024-06,1,0,0,0,13,0
QLD,Charters Towers,2024-07,0,0,0,0,12,0
QLD,Charters Towers,2024-08,0,0,0,0,18,0
QLD,Charters Towers,2024-09,1,0,0,0,13,0
QLD,Charters Towers,2024-10,0,0,0,0,18,0
QLD,Charters Towers,2024-11,0,0,0,0,13,0
QLD,Charters Towers,2024-12,0,0,0,0,15,0
QLD,Charters Towers,2025-01,0,0,0,0,10,0
QLD,Charters Towers,2025-02,0,0,0,0,12,0
QLD,Charters Towers,2025-03,0,0,0,0,10,0
QLD,Charters Towers,2025-04,1,0,0,0,16,0
QLD,Charters Towers,2025-05,0,0,0,0,20,0
QLD,Charters Towers,2025-06,2,0,0,0,20,0
QLD,Charters Towers,2025-07,0,0,0,0,28,0
QLD,Charters Towers,2025-08,0,0,0,0,18,0
QLD,Charters Towers,2025-09,0,0,0,0,12,0
QLD,Charters Towers,2025-10,0,0,0,0,12,0
QLD,Charters Towers,2025-11,0,0,0,0,14,0
QLD,Charters Towers,2025-12,0,0,0,0,13,0
QLD,Charters Towers,2026-01,3,0,0,0,10,0
QLD,Charters Towers,2026-02,0,0,0,0,8,0
QLD,Charters Towers,2026-03,1,0,0,0,13,0
QLD,Charters Towers,2026-04,0,0,0,0,14,0
QLD,Charters Towers,2026-05,1,0,0,0,11,0
QLD,Charters Towers,2026-06,2,0,0,0,17,0
QLD,Charters Towers,2026-07,4,0,0,0,7,0
QLD,Charters Towers,2026-08,2,0,0,0,13,0
QLD,Cherbourg,2023-03,0,0,0,0,1,0
QLD,Cherbourg,2023-09,0,0,0,0,1,0
QLD,Cherbourg,2024-01,0,0,0,0,1,0
QLD,Cherbourg,2024-02,0,0,0,0,1,0
QLD,Cherbourg,2024-04,0,0,0,0,1,0
QLD,Cherbourg,2024-05,0,0,0,0,1,0
QLD,Cherbourg,2024-07,0,0,0,0,1,0
QLD,Cherbourg,2024-11,0,0,0,0,2,0
QLD,Cherbourg,2025-08,0,0,0,0,1,0
QLD,Cherbourg,2025-09,0,0,0,0,1,0
QLD,Cherbourg,2025-11,0,0,0,0,1,0
QLD,Cherbourg,2026-07,0,0,0,0,2,0
QLD,Cherbourg,2026-08,0,0,0,0,2,0
QLD,Cloncurry,2023-01,0,0,0,0,1,0
QLD,Cloncurry,2023-02,0,0,0,0,1,0
QLD,Cloncurry,2023-03,0,0,0,0,2,0
QLD,Cloncurry,2023-04,0,0,0,0,3,0
QLD,Cloncurry,2023-05,0,0,0,0,5,0
QLD,Cloncurry,2023-06,0,0,0,0,1,0
QLD,Cloncurry,2023-07,0,0,0,0,2,0
QLD,Cloncurry,2023-08,0,0,0,0,5,0
QLD,Cloncurry,2023-09,0,0,0,0,1,0
QLD,Cloncurry,2023-10,0,0,0,0,1,0
QLD,Cloncurry,2023-11,0,0,0,0,5,0
QLD,Cloncurry,2023-12,0,0,0,0,2,0
QLD,Cloncurry,2024-01,0,0,0,0,2,0
QLD,Cloncurry,2024-02,0,0,0,0,5,0
QLD,Cloncurry,2024-03,0,0,0,0,1,0
QLD,Cloncurry,2024-04,0,0,0,0,4,0
QLD,Cloncurry,2024-05,0,0,0,0,2,0
QLD,Cloncurry,2024-06,0,0,0,0,5,0
QLD,Cloncurry,2024-07,0,0,0,0,4,0
QLD,Cloncurry,2024-08,0,0,0,0,7,0
QLD,Cloncurry,2024-09,0,0,0,0,2,0
QLD,Cloncurry,2024-10,0,0,0,0,2,0
QLD,Cloncurry,2024-11,0,0,0,0,5,0
QLD,Cloncurry,2025-01,0,0,0,0,4,0
QLD,Cloncurry,2025-03,0,0,0,0,5,0
QLD,Cloncurry,2025-05,0,0,0,0,3,0
QLD,Cloncurry,2025-07,0,0,0,0,5,0
QLD,Cloncurry,2025-08,0,0,0,0,4,0
QLD,Cloncurry,2025-09,0,0,0,0,3,0
QLD,Cloncurry,2025-10,0,0,0,0,3,0
QLD,Cloncurry,2025-11,0,0,0,0,2,0
QLD,Cloncurry,2025-12,0,0,0,0,2,0
QLD,Cloncurry,2026-01,0,0,0,0,1,0
QLD,Cloncurry,2026-02,1,0,0,0,3,0
QLD,Cloncurry,2026-03,0,0,0,0,1,0
QLD,Cloncurry,2026-05,0,0,0,0,1,0
QLD,Cloncurry,2026-06,0,0,0,0,2,0
QLD,Cloncurry,2026-07,0,0,0,0,4,0
QLD,Cloncurry,2026-08,0,0,0,0,2,0
QLD,Cook,2023-01,0,0,0,0,4,0
QLD,Cook,2023-02,0,0,0,0,2,0
QLD,Cook,2023-04,0,0,0,0,2,0
QLD,Cook,2023-05,0,0,0,0,2,0
QLD,Cook,2023-06,0,0,0,0,2,0
QLD,Cook,2023-07,0,0,0,0,2,0
QLD,Cook,2023-08,0,0,0,0,2,0
QLD,Cook,2023-09,0,0,0,0,3,0
QLD,Cook,2023-10,0,0,0,0,1,0
QLD,Cook,2023-11,0,0,0,0,5,0
QLD,Cook,2023-12,0,0,0,0,3,0
QLD,Cook,2024-01,0,0,0,0,1,0
QLD,Cook,2024-02,0,0,0,0,1,0
QLD,Cook,2024-03,0,0,0,0,1,0
QLD,Cook,2024-04,0,0,0,0,1,0
QLD,Cook,2024-05,0,0,0,0,3,0
QLD,Cook,2024-06,0,0,0,0,4,0
QLD,Cook,2024-07,0,0,0,0,4,0
QLD,Cook,2024-08,0,0,0,0,2,0
QLD,Cook,2024-09,0,0,0,0,1,0
QLD,Cook,2024-10,0,0,0,0,3,0
QLD,Cook,2024-11,0,0,0,0,4,0
QLD,Cook,2024-12,0,0,0,0,2,0
QLD,Cook,2025-01,0,0,0,0,4,0
QLD,Cook,2025-02,0,0,0,0,1,0
QLD,Cook,2025-03,0,0,0,0,2,0
QLD,Cook,2025-04,0,0,0,0,2,0
QLD,Cook,2025-05,0,0,0,0,2,0
QLD,Cook,2025-06,0,0,0,0,3,0
QLD,Cook,2025-07,0,0,0,0,1,0
QLD,Cook,2025-09,0,0,0,0,5,0
QLD,Cook,2025-10,0,0,0,0,2,0
QLD,Cook,2025-11,0,0,0,0,5,0
QLD,Cook,2025-12,0,0,0,0,8,0
QLD,Cook,2026-01,0,0,0,0,2,0
QLD,Cook,2026-02,0,0,0,0,8,0
QLD,Cook,2026-03,0,0,0,0,5,0
QLD,Cook,2026-04,0,0,0,0,2,0
QLD,Cook,2026-05,0,0,0,0,3,0
QLD,Cook,2026-06,0,0,0,0,2,0
QLD,Cook,2026-08,0,0,0,0,5,0
QLD,Croydon,2023-06,0,0,0,0,1,0
QLD,Croydon,2023-08,0,0,0,0,1,0
QLD,Croydon,2023-10,0,0,0,0,1,0
QLD,Croydon,2024-02,0,0,0,0,1,0
QLD,Croydon,2024-06,0,0,0,0,1,0
QLD,Croydon,2024-10,0,0,0,0,2,0
QLD,Croydon,2024-12,0,0,0,0,1,0
QLD,Croydon,2026-01,0,0,0,0,1,0
QLD,Diamantina,2023-11,0,0,0,0,1,0
QLD,Diamantina,2023-12,0,0,0,0,1,0
QLD,Diamantina,2024-02,0,0,0,0,1,0
QLD,Diamantina,2025-10,0,0,0,0,2,0
QLD,Diamantina,2026-05,0,0,0,0,1,0
QLD,Doomadgee,2023-05,0,0,0,0,1,0
QLD,Doomadgee,2024-04,0,0,0,0,1,0
QLD,Doomadgee,2024-08,0,0,0,0,1,0
QLD,Doomadgee,2025-12,1,0,0,0,0,0
QLD,Doomadgee,2026-06,1,0,0,0,0,0
QLD,Douglas,2023-01,2,0,0,0,10,0
QLD,Douglas,2023-02,0,0,0,0,14,0
QLD,Douglas,2023-03,1,0,0,0,17,0
QLD,Douglas,2023-04,0,0,0,0,13,0
QLD,Douglas,2023-05,0,0,0,0,16,0
QLD,Douglas,2023-06,2,0,0,0,23,0
QLD,Douglas,2023-07,0,0,0,0,17,0
QLD,Douglas,2023-08,2,0,0,0,13,0
QLD,Douglas,2023-09,1,0,0,0,12,0
QLD,Douglas,2023-10,2,0,0,0,21,0
QLD,Douglas,2023-11,2,0,0,0,13,0
QLD,Douglas,2023-12,1,0,0,0,6,0
QLD,Douglas,2024-01,0,0,0,0,13,0
QLD,Douglas,2024-02,1,0,0,0,20,0
QLD,Douglas,2024-03,4,0,0,0,14,0
QLD,Douglas,2024-04,0,0,0,0,14,0
QLD,Douglas,2024-05,2,0,0,0,15,0
QLD,Douglas,2024-06,1,0,0,0,18,0
QLD,Douglas,2024-07,0,0,0,0,18,0
QLD,Douglas,2024-08,0,0,0,0,15,0
QLD,Douglas,2024-09,2,0,0,0,13,0
QLD,Douglas,2024-10,1,0,0,0,14,0
QLD,Douglas,2024-11,2,0,0,0,18,0
QLD,Douglas,2024-12,0,0,0,0,25,0
QLD,Douglas,2025-01,1,0,0,0,20,0
QLD,Douglas,2025-02,1,0,0,0,12,0
QLD,Douglas,2025-03,1,0,0,0,17,0
QLD,Douglas,2025-04,0,0,0,0,14,0
QLD,Douglas,2025-05,0,0,0,0,13,0
QLD,Douglas,2025-06,1,0,0,0,15,0
QLD,Douglas,2025-07,1,0,0,0,18,0
QLD,Douglas,2025-08,1,0,0,0,11,0
QLD,Douglas,2025-09,1,0,0,0,19,0
QLD,Douglas,2025-10,0,0,0,0,23,0
QLD,Douglas,2025-11,1,0,0,0,26,0
QLD,Douglas,2025-12,0,0,0,0,16,0
QLD,Douglas,2026-01,1,0,0,0,7,0
QLD,Douglas,2026-02,2,0,0,0,13,0
QLD,Douglas,2026-03,2,0,0,0,18,0
QLD,Douglas,2026-04,3,0,0,0,10,0
QLD,Douglas,2026-05,4,0,0,0,18,0
QLD,Douglas,2026-06,2,0,0,0,15,0
QLD,Douglas,2026-07,7,0,0,0,12,0
QLD,Douglas,2026-08,3,0,0,0,17,0
QLD,Etheridge,2023-03,0,0,0,0,2,0
QLD,Etheridge,2023-05,0,0,0,0,2,0
QLD,Etheridge,2023-06,0,0,0,0,1,0
QLD,Etheridge,2023-07,0,0,0,0,1,0
QLD,Etheridge,2023-08,0,0,0,0,1,0
QLD,Etheridge,2024-02,0,0,0,0,3,0
QLD,Etheridge,2024-05,0,0,0,0,1,0
QLD,Etheridge,2024-06,0,0,0,0,1,0
QLD,Etheridge,2024-09,0,0,0,0,1,0
QLD,Etheridge,2024-12,0,0,0,0,1,0
QLD,Etheridge,2025-02,0,0,0,0,2,0
QLD,Etheridge,2025-04,0,0,0,0,1,0
QLD,Etheridge,2025-06,0,0,0,0,1,0
QLD,Etheridge,2025-07,0,0,0,0,3,0
QLD,Etheridge,2025-09,0,0,0,0,1,0
QLD,Etheridge,2025-11,0,0,0,0,1,0
QLD,Etheridge,2025-12,0,0,0,0,2,0
QLD,Etheridge,2026-01,0,0,0,0,1,0
QLD,Etheridge,2026-05,0,0,0,0,1,0
QLD,Etheridge,2026-06,1,0,0,0,0,0
QLD,Flinders,2023-02,0,0,0,0,2,0
QLD,Flinders,2023-03,0,0,0,0,1,0
QLD,Flinders,2023-04,0,0,0,0,1,0
QLD,Flinders,2023-05,0,0,0,0,2,0
QLD,Flinders,2023-06,0,0,0,0,1,0
QLD,Flinders,2023-07,0,0,0,0,6,0
QLD,Flinders,2023-08,0,0,0,0,3,0
QLD,Flinders,2023-09,0,0,0,0,1,0
QLD,Flinders,2023-10,0,0,0,0,4,0
QLD,Flinders,2023-11,0,0,0,0,2,0
QLD,Flinders,2023-12,1,0,0,0,3,0
QLD,Flinders,2024-02,0,0,0,0,4,0
QLD,Flinders,2024-03,0,0,0,0,5,0
QLD,Flinders,2024-04,0,0,0,0,2,0
QLD,Flinders,2024-05,0,0,0,0,4,0
QLD,Flinders,2024-06,0,0,0,0,1,0
QLD,Flinders,2024-07,0,0,0,0,1,0
QLD,Flinders,2024-08,0,0,0,0,1,0
QLD,Flinders,2024-09,0,0,0,0,1,0
QLD,Flinders,2024-10,0,0,0,0,2,0
QLD,Flinders,2024-11,0,0,0,0,2,0
QLD,Flinders,2025-01,0,0,0,0,1,0
QLD,Flinders,2025-03,0,0,0,0,2,0
QLD,Flinders,2025-04,0,0,0,0,2,0
QLD,Flinders,2025-05,0,0,0,0,2,0
QLD,Flinders,2025-06,0,0,0,0,1,0
QLD,Flinders,2025-07,0,0,0,0,1,0
QLD,Flinders,2025-08,0,0,0,0,2,0
QLD,Flinders,2025-09,0,0,0,0,2,0
QLD,Flinders,2025-10,0,0,0,0,1,0
QLD,Flinders,2025-11,0,0,0,0,3,0
QLD,Flinders,2025-12,0,0,0,0,4,0
QLD,Flinders,2026-03,0,0,0,0,1,0
QLD,Flinders,2026-06,0,0,0,0,4,0
QLD,Flinders,2026-07,0,0,0,0,1,0
QLD,Flinders,2026-08,0,0,0,0,4,0
QLD,Fraser Coast,2023-01,6,0,0,0,198,0
QLD,Fraser Coast,2023-02,7,0,0,0,162,0
QLD,Fraser Coast,2023-03,3,0,0,0,179,0
QLD,Fraser Coast,2023-04,4,0,0,0,178,0
QLD,Fraser Coast,2023-05,3,0,0,0,188,0
QLD,Fraser Coast,2023-06,10,0,0,0,188,0
QLD,Fraser Coast,2023-07,5,0,0,0,208,0
QLD,Fraser Coast,2023-08,11,0,0,0,187,0
QLD,Fraser Coast,2023-09,8,0,0,0,207,0
QLD,Fraser Coast,2023-10,5,0,0,0,210,0
QLD,Fraser Coast,2023-11,11,0,0,0,238,0
QLD,Fraser Coast,2023-12,7,0,0,0,209,0
QLD,Fraser Coast,2024-01,11,0,0,0,239,0
QLD,Fraser Coast,2024-02,10,0,0,0,206,0
QLD,Fraser Coast,2024-03,11,0,0,0,242,0
QLD,Fraser Coast,2024-04,7,0,0,0,248,0
QLD,Fraser Coast,2024-05,9,0,0,0,219,0
QLD,Fraser Coast,2024-06,8,0,0,0,267,0
QLD,Fraser Coast,2024-07,7,0,0,0,208,0
QLD,Fraser Coast,2024-08,6,0,0,0,251,0
QLD,Fraser Coast,2024-09,7,0,0,0,242,0
QLD,Fraser Coast,2024-10,12,0,0,0,251,0
QLD,Fraser Coast,2024-11,8,0,0,0,228,0
QLD,Fraser Coast,2024-12,5,0,0,0,210,0
QLD,Fraser Coast,2025-01,5,0,0,0,200,0
QLD,Fraser Coast,2025-02,3,0,0,0,215,0
QLD,Fraser Coast,2025-03,6,0,0,0,224,0
QLD,Fraser Coast,2025-04,3,0,0,0,211,0
QLD,Fraser Coast,2025-05,12,0,0,0,234,0
QLD,Fraser Coast,2025-06,15,0,0,0,263,0
QLD,Fraser Coast,2025-07,7,0,0,0,256,0
QLD,Fraser Coast,2025-08,10,0,0,0,236,0
QLD,Fraser Coast,2025-09,19,0,0,0,188,0
QLD,Fraser Coast,2025-10,3,0,0,0,249,0
QLD,Fraser Coast,2025-11,7,0,0,0,210,0
QLD,Fraser Coast,2025-12,7,0,0,0,214,0
QLD,Fraser Coast,2026-01,5,0,0,0,223,0
QLD,Fraser Coast,2026-02,13,0,0,0,211,0
QLD,Fraser Coast,2026-03,33,0,0,0,212,0
QLD,Fraser Coast,2026-04,30,0,0,0,212,0
QLD,Fraser Coast,2026-05,53,0,0,0,222,0
QLD,Fraser Coast,2026-06,60,0,0,0,236,0
QLD,Fraser Coast,2026-07,43,0,0,0,241,0
QLD,Fraser Coast,2026-08,47,0,0,0,177,0
QLD,Gladstone,2023-01,3,0,0,0,106,0
QLD,Gladstone,2023-02,2,0,0,0,102,0
QLD,Gladstone,2023-03,1,0,0,0,118,0
QLD,Gladstone,2023-04,6,0,0,0,85,0
QLD,Gladstone,2023-05,2,0,0,0,105,0
QLD,Gladstone,2023-06,5,0,0,0,120,0
QLD,Gladstone,2023-07,1,0,0,0,148,0
QLD,Gladstone,2023-08,5,0,0,0,145,0
QLD,Gladstone,2023-09,1,0,0,0,148,0
QLD,Gladstone,2023-10,2,0,0,0,122,0
QLD,Gladstone,2023-11,7,0,0,0,133,0
QLD,Gladstone,2023-12,4,0,0,0,113,0
QLD,Gladstone,2024-01,4,0,0,0,104,0
QLD,Gladstone,2024-02,3,0,0,0,140,0
QLD,Gladstone,2024-03,4,0,0,0,153,0
QLD,Gladstone,2024-04,0,0,0,0,116,0
QLD,Gladstone,2024-05,5,0,0,0,129,0
QLD,Gladstone,2024-06,3,0,0,0,120,0
QLD,Gladstone,2024-07,2,0,0,0,138,0
QLD,Gladstone,2024-08,6,0,0,0,126,0
QLD,Gladstone,2024-09,2,0,0,0,156,0
QLD,Gladstone,2024-10,2,0,0,0,120,0
QLD,Gladstone,2024-11,2,0,0,0,155,0
QLD,Gladstone,2024-12,2,0,0,0,117,0
QLD,Gladstone,2025-01,2,0,0,0,115,0
QLD,Gladstone,2025-02,4,0,0,0,132,0
QLD,Gladstone,2025-03,4,0,0,0,123,0
QLD,Gladstone,2025-04,2,0,0,0,119,0
QLD,Gladstone,2025-05,5,0,0,0,143,0
QLD,Gladstone,2025-06,2,0,0,0,154,0
QLD,Gladstone,2025-07,3,0,0,0,137,0
QLD,Gladstone,2025-08,5,0,0,0,116,0
QLD,Gladstone,2025-09,6,0,0,0,129,0
QLD,Gladstone,2025-10,3,0,0,0,111,0
QLD,Gladstone,2025-11,8,0,0,0,129,0
QLD,Gladstone,2025-12,7,0,0,0,119,0
QLD,Gladstone,2026-01,4,0,0,0,107,0
QLD,Gladstone,2026-02,8,0,0,0,120,0
QLD,Gladstone,2026-03,14,0,0,0,116,0
QLD,Gladstone,2026-04,16,0,0,0,124,0
QLD,Gladstone,2026-05,22,0,0,0,77,0
QLD,Gladstone,2026-06,22,0,0,0,110,0
QLD,Gladstone,2026-07,12,0,0,0,131,0
QLD,Gladstone,2026-08,22,0,0,0,119,0
QLD,Gold Coast,2023-01,140,0,0,0,1120,0
QLD,Gold Coast,2023-02,107,0,0,0,1072,0
QLD,Gold Coast,2023-03,150,0,0,0,1262,0
QLD,Gold Coast,2023-04,152,0,0,0,1052,0
QLD,Gold Coast,2023-05,132,0,0,0,1278,0
QLD,Gold Coast,2023-06,190,0,0,0,1531,0
QLD,Gold Coast,2023-07,124,0,0,0,1225,0
QLD,Gold Coast,2023-08,252,0,0,0,1332,0
QLD,Gold Coast,2023-09,221,0,0,0,1395,0
QLD,Gold Coast,2023-10,87,0,0,0,1293,0
QLD,Gold Coast,2023-11,270,0,0,0,1255,0
QLD,Gold Coast,2023-12,135,0,0,0,1130,0
QLD,Gold Coast,2024-01,123,0,0,0,1132,0
QLD,Gold Coast,2024-02,204,0,0,0,1234,0
QLD,Gold Coast,2024-03,247,0,0,0,1247,0
QLD,Gold Coast,2024-04,120,0,0,0,1178,0
QLD,Gold Coast,2024-05,211,0,0,0,1225,0
QLD,Gold Coast,2024-06,203,0,0,0,1397,0
QLD,Gold Coast,2024-07,134,0,0,0,1325,0
QLD,Gold Coast,2024-08,139,0,0,0,1242,0
QLD,Gold Coast,2024-09,107,0,0,0,1339,0
QLD,Gold Coast,2024-10,130,0,0,0,1271,0
QLD,Gold Coast,2024-11,141,0,0,0,1182,0
QLD,Gold Coast,2024-12,153,0,0,0,1209,0
QLD,Gold Coast,2025-01,74,0,0,0,1242,0
QLD,Gold Coast,2025-02,105,0,0,0,1223,0
QLD,Gold Coast,2025-03,114,0,0,0,1134,0
QLD,Gold Coast,2025-04,89,0,0,0,1073,0
QLD,Gold Coast,2025-05,208,0,0,0,1290,0
QLD,Gold Coast,2025-06,253,0,0,0,1499,0
QLD,Gold Coast,2025-07,158,0,0,0,1350,0
QLD,Gold Coast,2025-08,175,0,0,0,1230,0
QLD,Gold Coast,2025-09,199,0,0,0,1193,0
QLD,Gold Coast,2025-10,144,0,0,0,1241,0
QLD,Gold Coast,2025-11,174,0,0,0,1140,0
QLD,Gold Coast,2025-12,173,0,0,0,1190,0
QLD,Gold Coast,2026-01,116,0,0,0,1029,0
QLD,Gold Coast,2026-02,229,0,0,0,973,0
QLD,Gold Coast,2026-03,271,0,0,0,1110,0
QLD,Gold Coast,2026-04,269,0,0,0,914,0
QLD,Gold Coast,2026-05,486,0,0,0,1036,0
QLD,Gold Coast,2026-06,660,0,0,0,1425,0
QLD,Gold Coast,2026-07,470,0,0,0,1207,0
QLD,Gold Coast,2026-08,505,0,0,0,977,0
QLD,Goondiwindi,2023-01,1,0,0,0,19,0
QLD,Goondiwindi,2023-02,1,0,0,0,12,0
QLD,Goondiwindi,2023-03,0,0,0,0,12,0
QLD,Goondiwindi,2023-04,0,0,0,0,14,0
QLD,Goondiwindi,2023-05,1,0,0,0,21,0
QLD,Goondiwindi,2023-06,0,0,0,0,16,0
QLD,Goondiwindi,2023-07,0,0,0,0,17,0
QLD,Goondiwindi,2023-08,0,0,0,0,19,0
QLD,Goondiwindi,2023-09,0,0,0,0,10,0
QLD,Goondiwindi,2023-10,0,0,0,0,14,0
QLD,Goondiwindi,2023-11,0,0,0,0,27,0
QLD,Goondiwindi,2023-12,0,0,0,0,15,0
QLD,Goondiwindi,2024-01,0,0,0,0,8,0
QLD,Goondiwindi,2024-02,0,0,0,0,9,0
QLD,Goondiwindi,2024-03,0,0,0,0,14,0
QLD,Goondiwindi,2024-04,0,0,0,0,14,0
QLD,Goondiwindi,2024-05,0,0,0,0,13,0
QLD,Goondiwindi,2024-06,0,0,0,0,10,0
QLD,Goondiwindi,2024-07,0,0,0,0,20,0
QLD,Goondiwindi,2024-08,0,0,0,0,16,0
QLD,Goondiwindi,2024-09,0,0,0,0,12,0
QLD,Goondiwindi,2024-10,0,0,0,0,12,0
QLD,Goondiwindi,2024-11,0,0,0,0,12,0
QLD,Goondiwindi,2024-12,0,0,0,0,11,0
QLD,Goondiwindi,2025-01,0,0,0,0,11,0
QLD,Goondiwindi,2025-02,0,0,0,0,13,0
QLD,Goondiwindi,2025-03,0,0,0,0,17,0
QLD,Goondiwindi,2025-04,0,0,0,0,6,0
QLD,Goondiwindi,2025-05,0,0,0,0,11,0
QLD,Goondiwindi,2025-06,0,0,0,0,25,0
QLD,Goondiwindi,2025-07,0,0,0,0,12,0
QLD,Goondiwindi,2025-08,0,0,0,0,13,0
QLD,Goondiwindi,2025-09,0,0,0,0,17,0
QLD,Goondiwindi,2025-10,0,0,0,0,10,0
QLD,Goondiwindi,2025-11,0,0,0,0,8,0
QLD,Goondiwindi,2025-12,1,0,0,0,13,0
QLD,Goondiwindi,2026-01,0,0,0,0,10,0
QLD,Goondiwindi,2026-02,0,0,0,0,7,0
QLD,Goondiwindi,2026-03,0,0,0,0,11,0
QLD,Goondiwindi,2026-04,0,0,0,0,13,0
QLD,Goondiwindi,2026-05,0,0,0,0,8,0
QLD,Goondiwindi,2026-06,1,0,0,0,9,0
QLD,Goondiwindi,2026-07,1,0,0,0,7,0
QLD,Goondiwindi,2026-08,1,0,0,0,9,0
QLD,Gympie,2023-01,6,0,0,0,66,0
QLD,Gympie,2023-02,3,0,0,0,63,0
QLD,Gympie,2023-03,3,0,0,0,81,0
QLD,Gympie,2023-04,1,0,0,0,67,0
QLD,Gympie,2023-05,2,0,0,0,79,0
QLD,Gympie,2023-06,2,0,0,0,86,0
QLD,Gympie,2023-07,1,0,0,0,92,0
QLD,Gympie,2023-08,4,0,0,0,85,0
QLD,Gympie,2023-09,6,0,0,0,96,0
QLD,Gympie,2023-10,4,0,0,0,67,0
QLD,Gympie,2023-11,6,0,0,0,80,0
QLD,Gympie,2023-12,2,0,0,0,70,0
QLD,Gympie,2024-01,6,0,0,0,90,0
QLD,Gympie,2024-02,4,0,0,0,79,0
QLD,Gympie,2024-03,5,0,0,0,97,0
QLD,Gympie,2024-04,3,0,0,0,88,0
QLD,Gympie,2024-05,4,0,0,0,77,0
QLD,Gympie,2024-06,5,0,0,0,105,0
QLD,Gympie,2024-07,3,0,0,0,89,0
QLD,Gympie,2024-08,3,0,0,0,87,0
QLD,Gympie,2024-09,1,0,0,0,75,0
QLD,Gympie,2024-10,3,0,0,0,78,0
QLD,Gympie,2024-11,1,0,0,0,71,0
QLD,Gympie,2024-12,0,0,0,0,84,0
QLD,Gympie,2025-01,3,0,0,0,91,0
QLD,Gympie,2025-02,2,0,0,0,87,0
QLD,Gympie,2025-03,6,0,0,0,76,0
QLD,Gympie,2025-04,2,0,0,0,83,0
QLD,Gympie,2025-05,1,0,0,0,77,0
QLD,Gympie,2025-06,2,0,0,0,108,0
QLD,Gympie,2025-07,4,0,0,0,110,0
QLD,Gympie,2025-08,6,0,0,0,73,0
QLD,Gympie,2025-09,5,0,0,0,84,0
QLD,Gympie,2025-10,1,0,0,0,62,0
QLD,Gympie,2025-11,2,0,0,0,92,0
QLD,Gympie,2025-12,6,0,0,0,62,0
QLD,Gympie,2026-01,3,0,0,0,60,0
QLD,Gympie,2026-02,4,0,0,0,73,0
QLD,Gympie,2026-03,11,0,0,0,93,0
QLD,Gympie,2026-04,15,0,0,0,66,0
QLD,Gympie,2026-05,16,0,0,0,61,0
QLD,Gympie,2026-06,24,0,0,0,113,0
QLD,Gympie,2026-07,22,0,0,0,72,0
QLD,Gympie,2026-08,6,0,0,0,72,0
QLD,Hinchinbrook,2023-01,1,0,0,0,12,0
QLD,Hinchinbrook,2023-02,0,0,0,0,15,0
QLD,Hinchinbrook,2023-03,0,0,0,0,17,0
QLD,Hinchinbrook,2023-04,0,0,0,0,13,0
QLD,Hinchinbrook,2023-05,0,0,0,0,11,0
QLD,Hinchinbrook,2023-06,0,0,0,0,19,0
QLD,Hinchinbrook,2023-07,0,0,0,0,17,0
QLD,Hinchinbrook,2023-08,0,0,0,0,15,0
QLD,Hinchinbrook,2023-09,0,0,0,0,17,0
QLD,Hinchinbrook,2023-10,1,0,0,0,25,0
QLD,Hinchinbrook,2023-11,0,0,0,0,19,0
QLD,Hinchinbrook,2023-12,0,0,0,0,22,0
QLD,Hinchinbrook,2024-01,1,0,0,0,15,0
QLD,Hinchinbrook,2024-02,1,0,0,0,20,0
QLD,Hinchinbrook,2024-03,0,0,0,0,22,0
QLD,Hinchinbrook,2024-04,0,0,0,0,25,0
QLD,Hinchinbrook,2024-05,0,0,0,0,11,0
QLD,Hinchinbrook,2024-06,1,0,0,0,17,0
QLD,Hinchinbrook,2024-07,0,0,0,0,19,0
QLD,Hinchinbrook,2024-08,0,0,0,0,13,0
QLD,Hinchinbrook,2024-09,1,0,0,0,16,0
QLD,Hinchinbrook,2024-10,1,0,0,0,14,0
QLD,Hinchinbrook,2024-11,0,0,0,0,25,0
QLD,Hinchinbrook,2024-12,0,0,0,0,14,0
QLD,Hinchinbrook,2025-01,0,0,0,0,23,0
QLD,Hinchinbrook,2025-02,0,0,0,0,13,0
QLD,Hinchinbrook,2025-03,0,0,0,0,41,0
QLD,Hinchinbrook,2025-04,1,0,0,0,30,0
QLD,Hinchinbrook,2025-05,0,0,0,0,25,0
QLD,Hinchinbrook,2025-06,1,0,0,0,25,0
QLD,Hinchinbrook,2025-07,1,0,0,0,23,0
QLD,Hinchinbrook,2025-08,0,0,0,0,27,0
QLD,Hinchinbrook,2025-09,1,0,0,0,13,0
QLD,Hinchinbrook,2025-10,0,0,0,0,23,0
QLD,Hinchinbrook,2025-11,0,0,0,0,17,0
QLD,Hinchinbrook,2025-12,1,0,0,0,21,0
QLD,Hinchinbrook,2026-01,0,0,0,0,13,0
QLD,Hinchinbrook,2026-02,2,0,0,0,15,0
QLD,Hinchinbrook,2026-03,0,0,0,0,27,0
QLD,Hinchinbrook,2026-04,1,0,0,0,14,0
QLD,Hinchinbrook,2026-05,2,0,0,0,16,0
QLD,Hinchinbrook,2026-06,0,0,0,0,27,0
QLD,Hinchinbrook,2026-07,1,0,0,0,18,0
QLD,Hinchinbrook,2026-08,3,0,0,0,23,0
QLD,Hope Vale,2023-11,0,0,0,0,2,0
QLD,Hope Vale,2023-12,0,0,0,0,1,0
QLD,Hope Vale,2024-05,0,0,0,0,2,0
QLD,Hope Vale,2024-08,0,0,0,0,1,0
QLD,Hope Vale,2025-04,0,0,0,0,1,0
QLD,Hope Vale,2025-11,0,0,0,0,1,0
QLD,Hope Vale,2025-12,0,0,0,0,1,0
QLD,Hope Vale,2026-02,0,0,0,0,1,0
QLD,Ipswich,2023-01,39,0,0,0,366,0
QLD,Ipswich,2023-02,33,0,0,0,339,0
QLD,Ipswich,2023-03,23,0,0,0,432,0
QLD,Ipswich,2023-04,42,0,0,0,378,0
QLD,Ipswich,2023-05,33,0,0,0,391,0
QLD,Ipswich,2023-06,58,0,0,0,477,0
QLD,Ipswich,2023-07,41,0,0,0,434,0
QLD,Ipswich,2023-08,69,0,0,0,442,0
QLD,Ipswich,2023-09,60,0,0,0,473,0
QLD,Ipswich,2023-10,41,0,0,0,460,0
QLD,Ipswich,2023-11,65,0,0,0,442,0
QLD,Ipswich,2023-12,44,0,0,0,419,0
QLD,Ipswich,2024-01,60,0,0,0,404,0
QLD,Ipswich,2024-02,64,0,0,0,394,0
QLD,Ipswich,2024-03,83,0,0,0,436,0
QLD,Ipswich,2024-04,49,0,0,0,456,0
QLD,Ipswich,2024-05,74,0,0,0,455,0
QLD,Ipswich,2024-06,78,0,0,0,520,0
QLD,Ipswich,2024-07,52,0,0,0,431,0
QLD,Ipswich,2024-08,45,0,0,0,455,0
QLD,Ipswich,2024-09,42,0,0,0,461,0
QLD,Ipswich,2024-10,38,0,0,0,420,0
QLD,Ipswich,2024-11,43,0,0,0,452,0
QLD,Ipswich,2024-12,51,0,0,0,439,0
QLD,Ipswich,2025-01,20,0,0,0,425,0
QLD,Ipswich,2025-02,47,0,0,0,437,0
QLD,Ipswich,2025-03,58,0,0,0,426,0
QLD,Ipswich,2025-04,39,0,0,0,386,0
QLD,Ipswich,2025-05,55,0,0,0,490,0
QLD,Ipswich,2025-06,87,0,0,0,524,0
QLD,Ipswich,2025-07,61,0,0,0,510,0
QLD,Ipswich,2025-08,65,0,0,0,472,0
QLD,Ipswich,2025-09,81,0,0,0,426,0
QLD,Ipswich,2025-10,67,0,0,0,415,0
QLD,Ipswich,2025-11,63,0,0,0,413,0
QLD,Ipswich,2025-12,81,0,0,0,429,0
QLD,Ipswich,2026-01,57,0,0,0,385,0
QLD,Ipswich,2026-02,75,0,0,0,357,0
QLD,Ipswich,2026-03,114,0,0,0,396,0
QLD,Ipswich,2026-04,121,0,0,0,400,0
QLD,Ipswich,2026-05,193,0,0,0,410,0
QLD,Ipswich,2026-06,268,0,0,0,506,0
QLD,Ipswich,2026-07,186,0,0,0,428,0
QLD,Ipswich,2026-08,199,0,0,0,397,0
QLD,Isaac,2023-01,0,0,0,0,24,0
QLD,Isaac,2023-02,0,0,0,0,25,0
QLD,Isaac,2023-03,1,0,0,0,33,0
QLD,Isaac,2023-04,1,0,0,0,23,0
QLD,Isaac,2023-05,0,0,0,0,42,0
QLD,Isaac,2023-06,0,0,0,0,41,0
QLD,Isaac,2023-07,0,0,0,0,37,0
QLD,Isaac,2023-08,1,0,0,0,59,0
QLD,Isaac,2023-09,0,0,0,0,46,0
QLD,Isaac,2023-10,0,0,0,0,49,0
QLD,Isaac,2023-11,0,0,0,0,37,0
QLD,Isaac,2023-12,0,0,0,0,42,0
QLD,Isaac,2024-01,1,0,0,0,40,0
QLD,Isaac,2024-02,1,0,0,0,37,0
QLD,Isaac,2024-03,0,0,0,0,30,0
QLD,Isaac,2024-04,1,0,0,0,33,0
QLD,Isaac,2024-05,0,0,0,0,40,0
QLD,Isaac,2024-06,0,0,0,0,35,0
QLD,Isaac,2024-07,0,0,0,0,47,0
QLD,Isaac,2024-08,0,0,0,0,41,0
QLD,Isaac,2024-09,0,0,0,0,30,0
QLD,Isaac,2024-10,0,0,0,0,35,0
QLD,Isaac,2024-11,0,0,0,0,43,0
QLD,Isaac,2024-12,0,0,0,0,28,0
QLD,Isaac,2025-01,0,0,0,0,38,0
QLD,Isaac,2025-02,0,0,0,0,26,0
QLD,Isaac,2025-03,0,0,0,0,30,0
QLD,Isaac,2025-04,1,0,0,0,26,0
QLD,Isaac,2025-05,1,0,0,0,31,0
QLD,Isaac,2025-06,0,0,0,0,31,0
QLD,Isaac,2025-07,0,0,0,0,45,0
QLD,Isaac,2025-08,0,0,0,0,32,0
QLD,Isaac,2025-09,2,0,0,0,40,0
QLD,Isaac,2025-10,1,0,0,0,34,0
QLD,Isaac,2025-11,1,0,0,0,28,0
QLD,Isaac,2025-12,0,0,0,0,34,0
QLD,Isaac,2026-01,0,0,0,0,31,0
QLD,Isaac,2026-02,0,0,0,0,30,0
QLD,Isaac,2026-03,3,0,0,0,24,0
QLD,Isaac,2026-04,2,0,0,0,30,0
QLD,Isaac,2026-05,2,0,0,0,21,0
QLD,Isaac,2026-06,1,0,0,0,27,0
QLD,Isaac,2026-07,2,0,0,0,31,0
QLD,Isaac,2026-08,3,0,0,0,33,0
QLD,Kowanyama,2023-06,0,0,0,0,2,0
QLD,Kowanyama,2023-10,0,0,0,0,1,0
QLD,Kowanyama,2025-06,0,0,0,0,1,0
QLD,Kowanyama,2025-07,0,0,0,0,1,0
QLD,Livingstone,2023-01,3,0,0,0,60,0
QLD,Livingstone,2023-02,2,0,0,0,65,0
QLD,Livingstone,2023-03,6,0,0,0,74,0
QLD,Livingstone,2023-04,4,0,0,0,73,0
QLD,Livingstone,2023-05,1,0,0,0,74,0
QLD,Livingstone,2023-06,0,0,0,0,69,0
QLD,Livingstone,2023-07,2,0,0,0,64,0
QLD,Livingstone,2023-08,4,0,0,0,90,0
QLD,Livingstone,2023-09,1,0,0,0,83,0
QLD,Livingstone,2023-10,2,0,0,0,82,0
QLD,Livingstone,2023-11,4,0,0,0,82,0
QLD,Livingstone,2023-12,4,0,0,0,79,0
QLD,Livingstone,2024-01,6,0,0,0,85,0
QLD,Livingstone,2024-02,5,0,0,0,83,0
QLD,Livingstone,2024-03,7,0,0,0,97,0
QLD,Livingstone,2024-04,4,0,0,0,82,0
QLD,Livingstone,2024-05,6,0,0,0,86,0
QLD,Livingstone,2024-06,2,0,0,0,103,0
QLD,Livingstone,2024-07,7,0,0,0,82,0
QLD,Livingstone,2024-08,3,0,0,0,89,0
QLD,Livingstone,2024-09,4,0,0,0,104,0
QLD,Livingstone,2024-10,5,0,0,0,73,0
QLD,Livingstone,2024-11,1,0,0,0,80,0
QLD,Livingstone,2024-12,4,0,0,0,73,0
QLD,Livingstone,2025-01,2,0,0,0,82,0
QLD,Livingstone,2025-02,0,0,0,0,80,0
QLD,Livingstone,2025-03,3,0,0,0,83,0
QLD,Livingstone,2025-04,1,0,0,0,74,0
QLD,Livingstone,2025-05,2,0,0,0,97,0
QLD,Livingstone,2025-06,6,0,0,0,103,0
QLD,Livingstone,2025-07,6,0,0,0,82,0
QLD,Livingstone,2025-08,2,0,0,0,88,0
QLD,Livingstone,2025-09,5,0,0,0,74,0
QLD,Livingstone,2025-10,1,0,0,0,75,0
QLD,Livingstone,2025-11,6,0,0,0,73,0
QLD,Livingstone,2025-12,2,0,0,0,81,0
QLD,Livingstone,2026-01,5,0,0,0,73,0
QLD,Livingstone,2026-02,3,0,0,0,70,0
QLD,Livingstone,2026-03,11,0,0,0,59,0
QLD,Livingstone,2026-04,9,0,0,0,79,0
QLD,Livingstone,2026-05,15,0,0,0,75,0
QLD,Livingstone,2026-06,22,0,0,0,88,0
QLD,Livingstone,2026-07,16,0,0,0,80,0
QLD,Livingstone,2026-08,20,0,0,0,62,0
QLD,Lockhart River,2023-01,0,0,0,0,1,0
QLD,Lockhart River,2023-05,0,0,0,0,1,0
QLD,Lockhart River,2025-09,0,0,0,0,1,0
QLD,Lockhart River,2026-02,0,0,0,0,1,0
QLD,Lockyer Valley,2023-01,1,0,0,0,59,0
QLD,Lockyer Valley,2023-02,2,0,0,0,51,0
QLD,Lockyer Valley,2023-03,4,0,0,0,78,0
QLD,Lockyer Valley,2023-04,2,0,0,0,57,0
QLD,Lockyer Valley,2023-05,3,0,0,0,59,0
QLD,Lockyer Valley,2023-06,1,0,0,0,70,0
QLD,Lockyer Valley,2023-07,2,0,0,0,62,0
QLD,Lockyer Valley,2023-08,8,0,0,0,50,0
QLD,Lockyer Valley,2023-09,6,0,0,0,61,0
QLD,Lockyer Valley,2023-10,4,0,0,0,74,0
QLD,Lockyer Valley,2023-11,5,0,0,0,65,0
QLD,Lockyer Valley,2023-12,2,0,0,0,57,0
QLD,Lockyer Valley,2024-01,6,0,0,0,74,0
QLD,Lockyer Valley,2024-02,7,0,0,0,79,0
QLD,Lockyer Valley,2024-03,2,0,0,0,93,0
QLD,Lockyer Valley,2024-04,5,0,0,0,68,0
QLD,Lockyer Valley,2024-05,4,0,0,0,75,0
QLD,Lockyer Valley,2024-06,6,0,0,0,69,0
QLD,Lockyer Valley,2024-07,7,0,0,0,68,0
QLD,Lockyer Valley,2024-08,5,0,0,0,56,0
QLD,Lockyer Valley,2024-09,4,0,0,0,50,0
QLD,Lockyer Valley,2024-10,6,0,0,0,82,0
QLD,Lockyer Valley,2024-11,2,0,0,0,74,0
QLD,Lockyer Valley,2024-12,3,0,0,0,73,0
QLD,Lockyer Valley,2025-01,1,0,0,0,68,0
QLD,Lockyer Valley,2025-02,4,0,0,0,63,0
QLD,Lockyer Valley,2025-03,4,0,0,0,64,0
QLD,Lockyer Valley,2025-04,3,0,0,0,48,0
QLD,Lockyer Valley,2025-05,5,0,0,0,80,0
QLD,Lockyer Valley,2025-06,9,0,0,0,94,0
QLD,Lockyer Valley,2025-07,4,0,0,0,96,0
QLD,Lockyer Valley,2025-08,3,0,0,0,78,0
QLD,Lockyer Valley,2025-09,6,0,0,0,62,0
QLD,Lockyer Valley,2025-10,6,0,0,0,64,0
QLD,Lockyer Valley,2025-11,5,0,0,0,55,0
QLD,Lockyer Valley,2025-12,5,0,0,0,84,0
QLD,Lockyer Valley,2026-01,3,0,0,0,62,0
QLD,Lockyer Valley,2026-02,3,0,0,0,68,0
QLD,Lockyer Valley,2026-03,18,0,0,0,75,0
QLD,Lockyer Valley,2026-04,11,0,0,0,56,0
QLD,Lockyer Valley,2026-05,21,0,0,0,59,0
QLD,Lockyer Valley,2026-06,33,0,0,0,70,0
QLD,Lockyer Valley,2026-07,14,0,0,0,64,0
QLD,Lockyer Valley,2026-08,24,0,0,0,68,0
QLD,Logan,2023-01,55,0,0,0,517,0
QLD,Logan,2023-02,33,0,0,0,490,0
QLD,Logan,2023-03,32,0,0,0,600,0
QLD,Logan,2023-04,49,0,0,0,470,0
QLD,Logan,2023-05,36,0,0,0,593,0
QLD,Logan,2023-06,64,0,0,0,612,0
QLD,Logan,2023-07,40,0,0,0,551,0
QLD,Logan,2023-08,77,0,0,0,633,0
QLD,Logan,2023-09,88,0,0,0,639,0
QLD,Logan,2023-10,63,0,0,0,595,0
QLD,Logan,2023-11,80,0,0,0,625,0
QLD,Logan,2023-12,71,0,0,0,512,0
QLD,Logan,2024-01,41,0,0,0,570,0
QLD,Logan,2024-02,68,0,0,0,616,0
QLD,Logan,2024-03,76,0,0,0,634,0
QLD,Logan,2024-04,57,0,0,0,553,0
QLD,Logan,2024-05,85,0,0,0,599,0
QLD,Logan,2024-06,95,0,0,0,681,0
QLD,Logan,2024-07,52,0,0,0,647,0
QLD,Logan,2024-08,54,0,0,0,625,0
QLD,Logan,2024-09,39,0,0,0,646,0
QLD,Logan,2024-10,70,0,0,0,693,0
QLD,Logan,2024-11,49,0,0,0,597,0
QLD,Logan,2024-12,59,0,0,0,633,0
QLD,Logan,2025-01,33,0,0,0,562,0
QLD,Logan,2025-02,33,0,0,0,593,0
QLD,Logan,2025-03,58,0,0,0,569,0
QLD,Logan,2025-04,41,0,0,0,500,0
QLD,Logan,2025-05,82,0,0,0,655,0
QLD,Logan,2025-06,119,0,0,0,735,0
QLD,Logan,2025-07,74,0,0,0,662,0
QLD,Logan,2025-08,88,0,0,0,625,0
QLD,Logan,2025-09,98,0,0,0,600,0
QLD,Logan,2025-10,65,0,0,0,622,0
QLD,Logan,2025-11,63,0,0,0,558,0
QLD,Logan,2025-12,90,0,0,0,654,0
QLD,Logan,2026-01,52,0,0,0,568,0
QLD,Logan,2026-02,95,0,0,0,578,0
QLD,Logan,2026-03,146,0,0,0,592,0
QLD,Logan,2026-04,164,0,0,0,543,0
QLD,Logan,2026-05,239,0,0,0,552,0
QLD,Logan,2026-06,315,0,0,0,714,0
QLD,Logan,2026-07,207,0,0,0,582,0
QLD,Logan,2026-08,212,0,0,0,511,0
QLD,Longreach,2023-01,0,0,0,0,1,0
QLD,Longreach,2023-02,0,0,0,0,3,0
QLD,Longreach,2023-03,0,0,0,0,3,0
QLD,Longreach,2023-04,0,0,0,0,1,0
QLD,Longreach,2023-05,0,0,0,0,3,0
QLD,Longreach,2023-06,0,0,0,0,6,0
QLD,Longreach,2023-07,0,0,0,0,6,0
QLD,Longreach,2023-08,0,0,0,0,7,0
QLD,Longreach,2023-09,0,0,0,0,4,0
QLD,Longreach,2023-10,0,0,0,0,3,0
QLD,Longreach,2023-11,0,0,0,0,6,0
QLD,Longreach,2023-12,0,0,0,0,2,0
QLD,Longreach,2024-01,0,0,0,0,7,0
QLD,Longreach,2024-02,0,0,0,0,3,0
QLD,Longreach,2024-03,0,0,0,0,4,0
QLD,Longreach,2024-04,0,0,0,0,5,0
QLD,Longreach,2024-05,0,0,0,0,9,0
QLD,Longreach,2024-06,0,0,0,0,3,0
QLD,Longreach,2024-07,0,0,0,0,5,0
QLD,Longreach,2024-08,0,0,0,0,4,0
QLD,Longreach,2024-09,0,0,0,0,6,0
QLD,Longreach,2024-10,0,0,0,0,4,0
QLD,Longreach,2024-11,0,0,0,0,3,0
QLD,Longreach,2024-12,0,0,0,0,9,0
QLD,Longreach,2025-01,0,0,0,0,4,0
QLD,Longreach,2025-02,0,0,0,0,8,0
QLD,Longreach,2025-03,0,0,0,0,5,0
QLD,Longreach,2025-04,1,0,0,0,3,0
QLD,Longreach,2025-05,0,0,0,0,4,0
QLD,Longreach,2025-06,1,0,0,0,2,0
QLD,Longreach,2025-07,0,0,0,0,2,0
QLD,Longreach,2025-08,0,0,0,0,5,0
QLD,Longreach,2025-09,0,0,0,0,4,0
QLD,Longreach,2025-10,0,0,0,0,4,0
QLD,Longreach,2025-11,0,0,0,0,8,0
QLD,Longreach,2025-12,0,0,0,0,1,0
QLD,Longreach,2026-01,0,0,0,0,2,0
QLD,Longreach,2026-02,0,0,0,0,4,0
QLD,Longreach,2026-04,1,0,0,0,6,0
QLD,Longreach,2026-05,0,0,0,0,3,0
QLD,Longreach,2026-06,0,0,0,0,5,0
QLD,Longreach,2026-07,0,0,0,0,2,0
QLD,Longreach,2026-08,0,0,0,0,4,0
QLD,Mackay,2023-01,6,0,0,0,205,0
QLD,Mackay,2023-02,5,0,0,0,242,0
QLD,Mackay,2023-03,3,0,0,0,235,0
QLD,Mackay,2023-04,4,0,0,0,196,0
QLD,Mackay,2023-05,4,0,0,0,257,0
QLD,Mackay,2023-06,4,0,0,0,222,0
QLD,Mackay,2023-07,5,0,0,0,239,0
QLD,Mackay,2023-08,8,0,0,0,246,0
QLD,Mackay,2023-09,5,0,0,0,272,0
QLD,Mackay,2023-10,4,0,0,0,265,0
QLD,Mackay,2023-11,10,0,0,0,252,0
QLD,Mackay,2023-12,4,0,0,0,252,0
QLD,Mackay,2024-01,5,0,0,0,220,0
QLD,Mackay,2024-02,4,0,0,0,301,0
QLD,Mackay,2024-03,9,0,0,0,266,0
QLD,Mackay,2024-04,4,0,0,0,220,0
QLD,Mackay,2024-05,7,0,0,0,269,0
QLD,Mackay,2024-06,11,0,0,0,258,0
QLD,Mackay,2024-07,16,0,0,0,244,0
QLD,Mackay,2024-08,7,0,0,0,237,0
QLD,Mackay,2024-09,4,0,0,0,241,0
QLD,Mackay,2024-10,3,0,0,0,248,0
QLD,Mackay,2024-11,3,0,0,0,251,0
QLD,Mackay,2024-12,12,0,0,0,265,0
QLD,Mackay,2025-01,2,0,0,0,226,0
QLD,Mackay,2025-02,6,0,0,0,220,0
QLD,Mackay,2025-03,8,0,0,0,267,0
QLD,Mackay,2025-04,7,0,0,0,189,0
QLD,Mackay,2025-05,10,0,0,0,229,0
QLD,Mackay,2025-06,12,0,0,0,209,0
QLD,Mackay,2025-07,8,0,0,0,274,0
QLD,Mackay,2025-08,9,0,0,0,235,0
QLD,Mackay,2025-09,9,0,0,0,231,0
QLD,Mackay,2025-10,5,0,0,0,206,0
QLD,Mackay,2025-11,6,0,0,0,236,0
QLD,Mackay,2025-12,14,0,0,0,205,0
QLD,Mackay,2026-01,4,0,0,0,163,0
QLD,Mackay,2026-02,10,0,0,0,210,0
QLD,Mackay,2026-03,18,0,0,0,232,0
QLD,Mackay,2026-04,21,0,0,0,186,0
QLD,Mackay,2026-05,21,0,0,0,200,0
QLD,Mackay,2026-06,53,0,0,0,269,0
QLD,Mackay,2026-07,26,0,0,0,211,0
QLD,Mackay,2026-08,42,0,0,0,228,0
QLD,Mapoon,2024-06,0,0,0,0,1,0
QLD,Mapoon,2024-08,0,0,0,0,1,0
QLD,Mapoon,2025-05,0,0,0,0,1,0
QLD,Mapoon,2026-03,0,0,0,0,1,0
QLD,Mapoon,2026-04,0,0,0,0,1,0
QLD,Mapoon,2026-08,0,0,0,0,1,0
QLD,Maranoa,2023-01,0,0,0,0,6,0
QLD,Maranoa,2023-02,0,0,0,0,11,0
QLD,Maranoa,2023-03,1,0,0,0,15,0
QLD,Maranoa,2023-04,0,0,0,0,13,0
QLD,Maranoa,2023-05,0,0,0,0,20,0
QLD,Maranoa,2023-06,0,0,0,0,20,0
QLD,Maranoa,2023-07,0,0,0,0,30,0
QLD,Maranoa,2023-08,0,0,0,0,19,0
QLD,Maranoa,2023-09,0,0,0,0,23,0
QLD,Maranoa,2023-10,0,0,0,0,23,0
QLD,Maranoa,2023-11,0,0,0,0,26,0
QLD,Maranoa,2023-12,0,0,0,0,16,0
QLD,Maranoa,2024-01,0,0,0,0,21,0
QLD,Maranoa,2024-02,0,0,0,0,18,0
QLD,Maranoa,2024-03,0,0,0,0,16,0
QLD,Maranoa,2024-04,0,0,0,0,14,0
QLD,Maranoa,2024-05,0,0,0,0,21,0
QLD,Maranoa,2024-06,0,0,0,0,15,0
QLD,Maranoa,2024-07,0,0,0,0,20,0
QLD,Maranoa,2024-08,0,0,0,0,20,0
QLD,Maranoa,2024-09,0,0,0,0,10,0
QLD,Maranoa,2024-10,0,0,0,0,15,0
QLD,Maranoa,2024-11,1,0,0,0,17,0
QLD,Maranoa,2024-12,0,0,0,0,18,0
QLD,Maranoa,2025-01,0,0,0,0,11,0
QLD,Maranoa,2025-02,0,0,0,0,23,0
QLD,Maranoa,2025-03,0,0,0,0,13,0
QLD,Maranoa,2025-04,0,0,0,0,14,0
QLD,Maranoa,2025-05,0,0,0,0,15,0
QLD,Maranoa,2025-06,1,0,0,0,18,0
QLD,Maranoa,2025-07,0,0,0,0,19,0
QLD,Maranoa,2025-08,0,0,0,0,19,0
QLD,Maranoa,2025-09,0,0,0,0,13,0
QLD,Maranoa,2025-10,0,0,0,0,11,0
QLD,Maranoa,2025-11,0,0,0,0,27,0
QLD,Maranoa,2025-12,0,0,0,0,13,0
QLD,Maranoa,2026-01,0,0,0,0,16,0
QLD,Maranoa,2026-02,0,0,0,0,19,0
QLD,Maranoa,2026-03,0,0,0,0,21,0
QLD,Maranoa,2026-04,0,0,0,0,14,0
QLD,Maranoa,2026-05,0,0,0,0,11,0
QLD,Maranoa,2026-06,1,0,0,0,19,0
QLD,Maranoa,2026-07,2,0,0,0,12,0
QLD,Maranoa,2026-08,0,0,0,0,22,0
QLD,Mareeba,2023-01,1,0,0,0,26,0
QLD,Mareeba,2023-02,1,0,0,0,31,0
QLD,Mareeba,2023-03,2,0,0,0,22,0
QLD,Mareeba,2023-04,1,0,0,0,16,0
QLD,Mareeba,2023-05,1,0,0,0,24,0
QLD,Mareeba,2023-06,1,0,0,0,20,0
QLD,Mareeba,2023-07,2,0,0,0,21,0
QLD,Mareeba,2023-08,2,0,0,0,24,0
QLD,Mareeba,2023-09,1,0,0,0,22,0
QLD,Mareeba,2023-10,0,0,0,0,35,0
QLD,Mareeba,2023-11,1,0,0,0,31,0
QLD,Mareeba,2023-12,1,0,0,0,14,0
QLD,Mareeba,2024-01,1,0,0,0,27,0
QLD,Mareeba,2024-02,1,0,0,0,32,0
QLD,Mareeba,2024-03,1,0,0,0,29,0
QLD,Mareeba,2024-04,2,0,0,0,14,0
QLD,Mareeba,2024-05,1,0,0,0,26,0
QLD,Mareeba,2024-06,1,0,0,0,33,0
QLD,Mareeba,2024-07,3,0,0,0,21,0
QLD,Mareeba,2024-08,1,0,0,0,26,0
QLD,Mareeba,2024-09,2,0,0,0,29,0
QLD,Mareeba,2024-10,1,0,0,0,31,0
QLD,Mareeba,2024-11,3,0,0,0,24,0
QLD,Mareeba,2024-12,0,0,0,0,37,0
QLD,Mareeba,2025-01,0,0,0,0,37,0
QLD,Mareeba,2025-02,1,0,0,0,24,0
QLD,Mareeba,2025-03,0,0,0,0,36,0
QLD,Mareeba,2025-04,1,0,0,0,26,0
QLD,Mareeba,2025-05,4,0,0,0,33,0
QLD,Mareeba,2025-06,2,0,0,0,30,0
QLD,Mareeba,2025-07,1,0,0,0,20,0
QLD,Mareeba,2025-08,3,0,0,0,23,0
QLD,Mareeba,2025-09,4,0,0,0,33,0
QLD,Mareeba,2025-10,3,0,0,0,25,0
QLD,Mareeba,2025-11,1,0,0,0,21,0
QLD,Mareeba,2025-12,1,0,0,0,19,0
QLD,Mareeba,2026-01,0,0,0,0,30,0
QLD,Mareeba,2026-02,1,0,0,0,19,0
QLD,Mareeba,2026-03,5,0,0,0,18,0
QLD,Mareeba,2026-04,6,0,0,0,21,0
QLD,Mareeba,2026-05,6,0,0,0,26,0
QLD,Mareeba,2026-06,8,0,0,0,26,0
QLD,Mareeba,2026-07,6,0,0,0,23,0
QLD,Mareeba,2026-08,6,0,0,0,27,0
QLD,McKinlay,2023-03,0,0,0,0,1,0
QLD,McKinlay,2023-05,0,0,0,0,2,0
QLD,McKinlay,2023-06,0,0,0,0,4,0
QLD,McKinlay,2023-09,0,0,0,0,2,0
QLD,McKinlay,2023-10,0,0,0,0,1,0
QLD,McKinlay,2023-11,0,0,0,0,1,0
QLD,McKinlay,2024-03,0,0,0,0,2,0
QLD,McKinlay,2024-04,0,0,0,0,1,0
QLD,McKinlay,2024-05,0,0,0,0,1,0
QLD,McKinlay,2024-06,0,0,0,0,2,0
QLD,McKinlay,2024-07,0,0,0,0,4,0
QLD,McKinlay,2024-10,0,0,0,0,2,0
QLD,McKinlay,2024-11,0,0,0,0,2,0
QLD,McKinlay,2025-01,0,0,0,0,2,0
QLD,McKinlay,2025-05,0,0,0,0,2,0
QLD,McKinlay,2025-07,0,0,0,0,1,0
QLD,McKinlay,2025-08,0,0,0,0,2,0
QLD,McKinlay,2025-10,0,0,0,0,1,0
QLD,McKinlay,2025-11,0,0,0,0,1,0
QLD,McKinlay,2025-12,0,0,0,0,1,0
QLD,McKinlay,2026-02,0,0,0,0,3,0
QLD,McKinlay,2026-03,0,0,0,0,1,0
QLD,McKinlay,2026-05,0,0,0,0,1,0
QLD,McKinlay,2026-06,0,0,0,0,1,0
QLD,McKinlay,2026-07,0,0,0,0,1,0
QLD,Moreton Bay,2023-01,106,0,0,0,809,0
QLD,Moreton Bay,2023-02,55,0,0,0,738,0
QLD,Moreton Bay,2023-03,65,0,0,0,941,0
QLD,Moreton Bay,2023-04,93,0,0,0,785,0
QLD,Moreton Bay,2023-05,71,0,0,0,887,0
QLD,Moreton Bay,2023-06,122,0,0,0,1009,0
QLD,Moreton Bay,2023-07,69,0,0,0,926,0
QLD,Moreton Bay,2023-08,147,0,0,0,941,0
QLD,Moreton Bay,2023-09,121,0,0,0,942,0
QLD,Moreton Bay,2023-10,92,0,0,0,911,0
QLD,Moreton Bay,2023-11,125,0,0,0,1035,0
QLD,Moreton Bay,2023-12,90,0,0,0,771,0
QLD,Moreton Bay,2024-01,100,0,0,0,839,0
QLD,Moreton Bay,2024-02,104,0,0,0,887,0
QLD,Moreton Bay,2024-03,121,0,0,0,959,0
QLD,Moreton Bay,2024-04,107,0,0,0,945,0
QLD,Moreton Bay,2024-05,147,0,0,0,916,0
QLD,Moreton Bay,2024-06,129,0,0,0,1046,0
QLD,Moreton Bay,2024-07,100,0,0,0,976,0
QLD,Moreton Bay,2024-08,90,0,0,0,1047,0
QLD,Moreton Bay,2024-09,75,0,0,0,976,0
QLD,Moreton Bay,2024-10,107,0,0,0,918,0
QLD,Moreton Bay,2024-11,77,0,0,0,963,0
QLD,Moreton Bay,2024-12,99,0,0,0,867,0
QLD,Moreton Bay,2025-01,56,0,0,0,835,0
QLD,Moreton Bay,2025-02,69,0,0,0,917,0
QLD,Moreton Bay,2025-03,86,0,0,0,920,0
QLD,Moreton Bay,2025-04,84,0,0,0,845,0
QLD,Moreton Bay,2025-05,148,0,0,0,1029,0
QLD,Moreton Bay,2025-06,204,0,0,0,1134,0
QLD,Moreton Bay,2025-07,114,0,0,0,1051,0
QLD,Moreton Bay,2025-08,137,0,0,0,905,0
QLD,Moreton Bay,2025-09,143,0,0,0,859,0
QLD,Moreton Bay,2025-10,117,0,0,0,948,0
QLD,Moreton Bay,2025-11,102,0,0,0,857,0
QLD,Moreton Bay,2025-12,139,0,0,0,906,0
QLD,Moreton Bay,2026-01,118,0,0,0,871,0
QLD,Moreton Bay,2026-02,139,0,0,0,843,0
QLD,Moreton Bay,2026-03,243,0,0,0,855,0
QLD,Moreton Bay,2026-04,265,0,0,0,774,0
QLD,Moreton Bay,2026-05,335,0,0,0,770,0
QLD,Moreton Bay,2026-06,618,0,0,0,1090,0
QLD,Moreton Bay,2026-07,356,0,0,0,909,0
QLD,Moreton Bay,2026-08,390,0,0,0,777,0
QLD,Mornington,2024-11,0,0,0,0,1,0
QLD,Mornington,2025-10,0,0,0,0,1,0
QLD,Mornington,2025-12,0,0,0,0,1,0
QLD,Mount Isa,2023-01,0,0,0,0,18,0
QLD,Mount Isa,2023-02,0,0,0,0,21,0
QLD,Mount Isa,2023-03,0,0,0,0,29,0
QLD,Mount Isa,2023-04,0,0,0,0,24,0
QLD,Mount Isa,2023-05,0,0,0,0,30,0
QLD,Mount Isa,2023-06,0,0,0,0,18,0
QLD,Mount Isa,2023-07,0,0,0,0,23,0
QLD,Mount Isa,2023-08,1,0,0,0,21,0
QLD,Mount Isa,2023-09,0,0,0,0,35,0
QLD,Mount Isa,2023-10,0,0,0,0,27,0
QLD,Mount Isa,2023-11,0,0,0,0,23,0
QLD,Mount Isa,2023-12,0,0,0,0,12,0
QLD,Mount Isa,2024-01,1,0,0,0,23,0
QLD,Mount Isa,2024-02,0,0,0,0,29,0
QLD,Mount Isa,2024-03,0,0,0,0,37,0
QLD,Mount Isa,2024-04,0,0,0,0,23,0
QLD,Mount Isa,2024-05,0,0,0,0,30,0
QLD,Mount Isa,2024-06,0,0,0,0,20,0
QLD,Mount Isa,2024-07,0,0,0,0,18,0
QLD,Mount Isa,2024-08,0,0,0,0,21,0
QLD,Mount Isa,2024-09,0,0,0,0,22,0
QLD,Mount Isa,2024-10,0,0,0,0,26,0
QLD,Mount Isa,2024-11,0,0,0,0,25,0
QLD,Mount Isa,2024-12,0,0,0,0,21,0
QLD,Mount Isa,2025-01,0,0,0,0,29,0
QLD,Mount Isa,2025-02,0,0,0,0,18,0
QLD,Mount Isa,2025-03,0,0,0,0,28,0
QLD,Mount Isa,2025-04,0,0,0,0,20,0
QLD,Mount Isa,2025-05,1,0,0,0,27,0
QLD,Mount Isa,2025-06,1,0,0,0,27,0
QLD,Mount Isa,2025-07,0,0,0,0,23,0
QLD,Mount Isa,2025-08,0,0,0,0,27,0
QLD,Mount Isa,2025-09,0,0,0,0,21,0
QLD,Mount Isa,2025-10,1,0,0,0,28,0
QLD,Mount Isa,2025-11,0,0,0,0,29,0
QLD,Mount Isa,2025-12,0,0,0,0,19,0
QLD,Mount Isa,2026-01,0,0,0,0,12,0
QLD,Mount Isa,2026-02,0,0,0,0,21,0
QLD,Mount Isa,2026-03,2,0,0,0,23,0
QLD,Mount Isa,2026-04,1,0,0,0,16,0
QLD,Mount Isa,2026-05,0,0,0,0,19,0
QLD,Mount Isa,2026-06,3,0,0,0,18,0
QLD,Mount Isa,2026-07,1,0,0,0,30,0
QLD,Mount Isa,2026-08,1,0,0,0,14,0
QLD,Murweh,2023-01,0,0,0,0,5,0
QLD,Murweh,2023-02,0,0,0,0,9,0
QLD,Murweh,2023-03,0,0,0,0,3,0
QLD,Murweh,2023-04,0,0,0,0,3,0
QLD,Murweh,2023-05,0,0,0,0,2,0
QLD,Murweh,2023-06,0,0,0,0,6,0
QLD,Murweh,2023-07,0,0,0,0,4,0
QLD,Murweh,2023-08,0,0,0,0,4,0
QLD,Murweh,2023-09,0,0,0,0,7,0
QLD,Murweh,2023-10,0,0,0,0,5,0
QLD,Murweh,2023-11,0,0,0,0,5,0
QLD,Murweh,2023-12,0,0,0,0,7,0
QLD,Murweh,2024-01,0,0,0,0,2,0
QLD,Murweh,2024-02,0,0,0,0,6,0
QLD,Murweh,2024-03,0,0,0,0,2,0
QLD,Murweh,2024-04,0,0,0,0,3,0
QLD,Murweh,2024-05,0,0,0,0,6,0
QLD,Murweh,2024-06,0,0,0,0,3,0
QLD,Murweh,2024-07,0,0,0,0,3,0
QLD,Murweh,2024-08,0,0,0,0,4,0
QLD,Murweh,2024-09,0,0,0,0,4,0
QLD,Murweh,2024-10,0,0,0,0,4,0
QLD,Murweh,2024-11,0,0,0,0,5,0
QLD,Murweh,2024-12,0,0,0,0,5,0
QLD,Murweh,2025-01,0,0,0,0,3,0
QLD,Murweh,2025-02,0,0,0,0,5,0
QLD,Murweh,2025-03,0,0,0,0,5,0
QLD,Murweh,2025-04,0,0,0,0,3,0
QLD,Murweh,2025-05,0,0,0,0,11,0
QLD,Murweh,2025-06,0,0,0,0,8,0
QLD,Murweh,2025-07,0,0,0,0,4,0
QLD,Murweh,2025-08,0,0,0,0,7,0
QLD,Murweh,2025-09,0,0,0,0,1,0
QLD,Murweh,2025-10,0,0,0,0,5,0
QLD,Murweh,2025-11,0,0,0,0,6,0
QLD,Murweh,2025-12,0,0,0,0,3,0
QLD,Murweh,2026-01,0,0,0,0,5,0
QLD,Murweh,2026-02,0,0,0,0,2,0
QLD,Murweh,2026-03,0,0,0,0,2,0
QLD,Murweh,2026-04,0,0,0,0,5,0
QLD,Murweh,2026-05,0,0,0,0,4,0
QLD,Murweh,2026-06,0,0,0,0,1,0
QLD,Murweh,2026-07,0,0,0,0,5,0
QLD,Murweh,2026-08,0,0,0,0,4,0
QLD,Napranum,2026-05,0,0,0,0,1,0
QLD,Napranum,2026-08,0,0,0,0,1,0
QLD,Noosa,2023-01,14,0,0,0,86,0
QLD,Noosa,2023-02,12,0,0,0,78,0
QLD,Noosa,2023-03,15,0,0,0,89,0
QLD,Noosa,2023-04,14,0,0,0,105,0
QLD,Noosa,2023-05,14,0,0,0,100,0
QLD,Noosa,2023-06,25,0,0,0,117,0
QLD,Noosa,2023-07,8,0,0,0,113,0
QLD,Noosa,2023-08,24,0,0,0,101,0
QLD,Noosa,2023-09,17,0,0,0,106,0
QLD,Noosa,2023-10,20,0,0,0,110,0
QLD,Noosa,2023-11,33,0,0,0,125,0
QLD,Noosa,2023-12,13,0,0,0,98,0
QLD,Noosa,2024-01,9,0,0,0,93,0
QLD,Noosa,2024-02,10,0,0,0,88,0
QLD,Noosa,2024-03,18,0,0,0,128,0
QLD,Noosa,2024-04,15,0,0,0,111,0
QLD,Noosa,2024-05,23,0,0,0,119,0
QLD,Noosa,2024-06,18,0,0,0,127,0
QLD,Noosa,2024-07,17,0,0,0,110,0
QLD,Noosa,2024-08,15,0,0,0,107,0
QLD,Noosa,2024-09,16,0,0,0,101,0
QLD,Noosa,2024-10,16,0,0,0,102,0
QLD,Noosa,2024-11,8,0,0,0,125,0
QLD,Noosa,2024-12,12,0,0,0,101,0
QLD,Noosa,2025-01,5,0,0,0,94,0
QLD,Noosa,2025-02,10,0,0,0,93,0
QLD,Noosa,2025-03,7,0,0,0,117,0
QLD,Noosa,2025-04,15,0,0,0,90,0
QLD,Noosa,2025-05,17,0,0,0,129,0
QLD,Noosa,2025-06,20,0,0,0,161,0
QLD,Noosa,2025-07,16,0,0,0,119,0
QLD,Noosa,2025-08,11,0,0,0,98,0
QLD,Noosa,2025-09,15,0,0,0,101,0
QLD,Noosa,2025-10,20,0,0,0,126,0
QLD,Noosa,2025-11,5,0,0,0,91,0
QLD,Noosa,2025-12,14,0,0,0,107,0
QLD,Noosa,2026-01,14,0,0,0,79,0
QLD,Noosa,2026-02,11,0,0,0,76,0
QLD,Noosa,2026-03,32,0,0,0,86,0
QLD,Noosa,2026-04,24,0,0,0,100,0
QLD,Noosa,2026-05,52,0,0,0,73,0
QLD,Noosa,2026-06,62,0,0,0,118,0
QLD,Noosa,2026-07,47,0,0,0,101,0
QLD,Noosa,2026-08,53,0,0,0,107,0
QLD,North Burnett,2023-01,0,0,0,0,9,0
QLD,North Burnett,2023-02,0,0,0,0,11,0
QLD,North Burnett,2023-03,0,0,0,0,13,0
QLD,North Burnett,2023-04,0,0,0,0,5,0
QLD,North Burnett,2023-05,0,0,0,0,15,0
QLD,North Burnett,2023-06,0,0,0,0,14,0
QLD,North Burnett,2023-07,0,0,0,0,10,0
QLD,North Burnett,2023-08,0,0,0,0,10,0
QLD,North Burnett,2023-09,0,0,0,0,12,0
QLD,North Burnett,2023-10,0,0,0,0,8,0
QLD,North Burnett,2023-11,1,0,0,0,11,0
QLD,North Burnett,2023-12,0,0,0,0,14,0
QLD,North Burnett,2024-01,0,0,0,0,8,0
QLD,North Burnett,2024-02,0,0,0,0,13,0
QLD,North Burnett,2024-03,0,0,0,0,13,0
QLD,North Burnett,2024-04,0,0,0,0,8,0
QLD,North Burnett,2024-05,0,0,0,0,6,0
QLD,North Burnett,2024-06,1,0,0,0,15,0
QLD,North Burnett,2024-07,0,0,0,0,14,0
QLD,North Burnett,2024-08,0,0,0,0,7,0
QLD,North Burnett,2024-09,2,0,0,0,14,0
QLD,North Burnett,2024-10,0,0,0,0,15,0
QLD,North Burnett,2024-11,0,0,0,0,10,0
QLD,North Burnett,2024-12,1,0,0,0,13,0
QLD,North Burnett,2025-01,0,0,0,0,9,0
QLD,North Burnett,2025-02,0,0,0,0,13,0
QLD,North Burnett,2025-03,1,0,0,0,4,0
QLD,North Burnett,2025-04,0,0,0,0,8,0
QLD,North Burnett,2025-05,0,0,0,0,11,0
QLD,North Burnett,2025-06,0,0,0,0,7,0
QLD,North Burnett,2025-07,0,0,0,0,7,0
QLD,North Burnett,2025-08,0,0,0,0,12,0
QLD,North Burnett,2025-09,1,0,0,0,8,0
QLD,North Burnett,2025-10,1,0,0,0,14,0
QLD,North Burnett,2025-11,1,0,0,0,8,0
QLD,North Burnett,2025-12,0,0,0,0,7,0
QLD,North Burnett,2026-01,0,0,0,0,5,0
QLD,North Burnett,2026-02,0,0,0,0,12,0
QLD,North Burnett,2026-03,0,0,0,0,9,0
QLD,North Burnett,2026-04,0,0,0,0,5,0
QLD,North Burnett,2026-05,1,0,0,0,19,0
QLD,North Burnett,2026-06,1,0,0,0,15,0
QLD,North Burnett,2026-07,1,0,0,0,11,0
QLD,North Burnett,2026-08,0,0,0,0,15,0
QLD,Northern Peninsula Area,2023-07,0,0,0,0,1,0
QLD,Northern Peninsula Area,2024-06,0,0,0,0,2,0
QLD,Northern Peninsula Area,2024-12,0,0,0,0,1,0
QLD,Northern Peninsula Area,2025-07,0,0,0,0,1,0
QLD,Northern Peninsula Area,2025-12,0,0,0,0,3,0
QLD,Northern Peninsula Area,2026-05,0,0,0,0,1,0
QLD,Palm Island,2023-01,0,0,0,0,1,0
QLD,Palm Island,2023-02,0,0,0,0,1,0
QLD,Palm Island,2023-08,0,0,0,0,1,0
QLD,Palm Island,2023-09,0,0,0,0,2,0
QLD,Palm Island,2023-10,0,0,0,0,1,0
QLD,Palm Island,2023-11,0,0,0,0,1,0
QLD,Palm Island,2024-06,0,0,0,0,1,0
QLD,Palm Island,2024-11,0,0,0,0,3,0
QLD,Palm Island,2024-12,0,0,0,0,1,0
QLD,Palm Island,2025-05,0,0,0,0,1,0
QLD,Palm Island,2025-10,0,0,0,0,1,0
QLD,Palm Island,2025-11,0,0,0,0,1,0
QLD,Palm Island,2025-12,0,0,0,0,1,0
QLD,Palm Island,2026-05,1,0,0,0,0,0
QLD,Paroo,2023-01,0,0,0,0,2,0
QLD,Paroo,2023-03,0,0,0,0,3,0
QLD,Paroo,2023-04,0,0,0,0,1,0
QLD,Paroo,2023-06,0,0,0,0,2,0
QLD,Paroo,2023-07,0,0,0,0,2,0
QLD,Paroo,2023-09,0,0,0,0,1,0
QLD,Paroo,2023-10,0,0,0,0,1,0
QLD,Paroo,2023-11,0,0,0,0,1,0
QLD,Paroo,2023-12,0,0,0,0,2,0
QLD,Paroo,2024-01,0,0,0,0,2,0
QLD,Paroo,2024-02,0,0,0,0,1,0
QLD,Paroo,2024-04,0,0,0,0,3,0
QLD,Paroo,2024-07,0,0,0,0,2,0
QLD,Paroo,2024-09,0,0,0,0,3,0
QLD,Paroo,2024-10,0,0,0,0,1,0
QLD,Paroo,2024-11,0,0,0,0,3,0
QLD,Paroo,2024-12,0,0,0,0,6,0
QLD,Paroo,2025-01,0,0,0,0,2,0
QLD,Paroo,2025-02,0,0,0,0,2,0
QLD,Paroo,2025-04,0,0,0,0,1,0
QLD,Paroo,2025-06,0,0,0,0,6,0
QLD,Paroo,2025-07,0,0,0,0,2,0
QLD,Paroo,2025-08,0,0,0,0,1,0
QLD,Paroo,2025-09,0,0,0,0,2,0
QLD,Paroo,2025-10,0,0,0,0,2,0
QLD,Paroo,2025-11,0,0,0,0,2,0
QLD,Paroo,2025-12,0,0,0,0,4,0
QLD,Paroo,2026-02,0,0,0,0,3,0
QLD,Paroo,2026-03,0,0,0,0,1,0
QLD,Paroo,2026-04,0,0,0,0,1,0
QLD,Paroo,2026-05,0,0,0,0,1,0
QLD,Paroo,2026-07,0,0,0,0,3,0
QLD,Paroo,2026-08,0,0,0,0,1,0
QLD,Pormpuraaw,2025-09,0,0,0,0,1,0
QLD,Pormpuraaw,2025-10,0,0,0,0,1,0
QLD,Quilpie,2023-01,0,0,0,0,1,0
QLD,Quilpie,2023-02,0,0,0,0,1,0
QLD,Quilpie,2023-03,0,0,0,0,2,0
QLD,Quilpie,2023-04,0,0,0,0,1,0
QLD,Quilpie,2023-08,0,0,0,0,3,0
QLD,Quilpie,2023-09,0,0,0,0,1,0
QLD,Quilpie,2023-10,0,0,0,0,1,0
QLD,Quilpie,2023-11,0,0,0,0,2,0
QLD,Quilpie,2024-01,0,0,0,0,2,0
QLD,Quilpie,2024-02,0,0,0,0,1,0
QLD,Quilpie,2024-03,0,0,0,0,1,0
QLD,Quilpie,2024-05,0,0,0,0,1,0
QLD,Quilpie,2024-06,0,0,0,0,1,0
QLD,Quilpie,2024-07,0,0,0,0,2,0
QLD,Quilpie,2024-08,0,0,0,0,3,0
QLD,Quilpie,2024-10,0,0,0,0,2,0
QLD,Quilpie,2025-02,0,0,0,0,1,0
QLD,Quilpie,2025-04,0,0,0,0,1,0
QLD,Quilpie,2025-06,0,0,0,0,1,0
QLD,Quilpie,2025-07,0,0,0,0,1,0
QLD,Quilpie,2026-04,0,0,0,0,1,0
QLD,Quilpie,2026-05,0,0,0,0,2,0
QLD,Quilpie,2026-07,0,0,0,0,2,0
QLD,Redland,2023-01,33,0,0,0,265,0
QLD,Redland,2023-02,37,0,0,0,231,0
QLD,Redland,2023-03,32,0,0,0,319,0
QLD,Redland,2023-04,27,0,0,0,267,0
QLD,Redland,2023-05,20,0,0,0,325,0
QLD,Redland,2023-06,31,0,0,0,359,0
QLD,Redland,2023-07,21,0,0,0,286,0
QLD,Redland,2023-08,51,0,0,0,331,0
QLD,Redland,2023-09,45,0,0,0,300,0
QLD,Redland,2023-10,27,0,0,0,333,0
QLD,Redland,2023-11,56,0,0,0,304,0
QLD,Redland,2023-12,38,0,0,0,232,0
QLD,Redland,2024-01,22,0,0,0,280,0
QLD,Redland,2024-02,40,0,0,0,314,0
QLD,Redland,2024-03,45,0,0,0,305,0
QLD,Redland,2024-04,22,0,0,0,274,0
QLD,Redland,2024-05,51,0,0,0,308,0
QLD,Redland,2024-06,46,0,0,0,347,0
QLD,Redland,2024-07,28,0,0,0,310,0
QLD,Redland,2024-08,39,0,0,0,320,0
QLD,Redland,2024-09,30,0,0,0,291,0
QLD,Redland,2024-10,33,0,0,0,310,0
QLD,Redland,2024-11,36,0,0,0,326,0
QLD,Redland,2024-12,37,0,0,0,262,0
QLD,Redland,2025-01,17,0,0,0,306,0
QLD,Redland,2025-02,27,0,0,0,307,0
QLD,Redland,2025-03,28,0,0,0,273,0
QLD,Redland,2025-04,25,0,0,0,239,0
QLD,Redland,2025-05,51,0,0,0,313,0
QLD,Redland,2025-06,54,0,0,0,354,0
QLD,Redland,2025-07,26,0,0,0,325,0
QLD,Redland,2025-08,48,0,0,0,291,0
QLD,Redland,2025-09,54,0,0,0,297,0
QLD,Redland,2025-10,30,0,0,0,265,0
QLD,Redland,2025-11,32,0,0,0,253,0
QLD,Redland,2025-12,48,0,0,0,319,0
QLD,Redland,2026-01,29,0,0,0,283,0
QLD,Redland,2026-02,48,0,0,0,265,0
QLD,Redland,2026-03,72,0,0,0,315,0
QLD,Redland,2026-04,89,0,0,0,270,0
QLD,Redland,2026-05,121,0,0,0,264,0
QLD,Redland,2026-06,167,0,0,0,365,0
QLD,Redland,2026-07,105,0,0,0,288,0
QLD,Redland,2026-08,154,0,0,0,240,0
QLD,Richmond,2023-01,0,0,0,0,1,0
QLD,Richmond,2023-02,0,0,0,0,2,0
QLD,Richmond,2023-03,0,0,0,0,1,0
QLD,Richmond,2023-06,0,0,0,0,3,0
QLD,Richmond,2023-07,0,0,0,0,1,0
QLD,Richmond,2023-08,0,0,0,0,4,0
QLD,Richmond,2023-09,0,0,0,0,2,0
QLD,Richmond,2023-12,0,0,0,0,2,0
QLD,Richmond,2024-01,0,0,0,0,1,0
QLD,Richmond,2024-02,0,0,0,0,2,0
QLD,Richmond,2024-03,0,0,0,0,2,0
QLD,Richmond,2024-06,0,0,0,0,2,0
QLD,Richmond,2024-07,0,0,0,0,1,0
QLD,Richmond,2024-11,0,0,0,0,1,0
QLD,Richmond,2025-01,0,0,0,0,2,0
QLD,Richmond,2025-02,0,0,0,0,1,0
QLD,Richmond,2025-05,0,0,0,0,5,0
QLD,Richmond,2025-06,0,0,0,0,2,0
QLD,Richmond,2025-07,0,0,0,0,1,0
QLD,Richmond,2025-08,0,0,0,0,1,0
QLD,Richmond,2025-09,0,0,0,0,3,0
QLD,Richmond,2025-11,0,0,0,0,2,0
QLD,Richmond,2026-01,0,0,0,0,1,0
QLD,Richmond,2026-04,0,0,0,0,1,0
QLD,Richmond,2026-06,0,0,0,0,1,0
QLD,Rockhampton,2023-01,3,0,0,0,127,0
QLD,Rockhampton,2023-02,3,0,0,0,120,0
QLD,Rockhampton,2023-03,9,0,0,0,157,0
QLD,Rockhampton,2023-04,3,0,0,0,99,0
QLD,Rockhampton,2023-05,2,0,0,0,139,0
QLD,Rockhampton,2023-06,2,0,0,0,143,0
QLD,Rockhampton,2023-07,5,0,0,0,137,0
QLD,Rockhampton,2023-08,9,0,0,0,139,0
QLD,Rockhampton,2023-09,10,0,0,0,191,0
QLD,Rockhampton,2023-10,5,0,0,0,170,0
QLD,Rockhampton,2023-11,3,0,0,0,159,0
QLD,Rockhampton,2023-12,9,0,0,0,144,0
QLD,Rockhampton,2024-01,6,0,0,0,149,0
QLD,Rockhampton,2024-02,4,0,0,0,156,0
QLD,Rockhampton,2024-03,5,0,0,0,132,0
QLD,Rockhampton,2024-04,9,0,0,0,160,0
QLD,Rockhampton,2024-05,8,0,0,0,175,0
QLD,Rockhampton,2024-06,6,0,0,0,147,0
QLD,Rockhampton,2024-07,5,0,0,0,158,0
QLD,Rockhampton,2024-08,3,0,0,0,154,0
QLD,Rockhampton,2024-09,2,0,0,0,152,0
QLD,Rockhampton,2024-10,7,0,0,0,142,0
QLD,Rockhampton,2024-11,5,0,0,0,169,0
QLD,Rockhampton,2024-12,7,0,0,0,155,0
QLD,Rockhampton,2025-01,2,0,0,0,137,0
QLD,Rockhampton,2025-02,2,0,0,0,135,0
QLD,Rockhampton,2025-03,6,0,0,0,161,0
QLD,Rockhampton,2025-04,3,0,0,0,127,0
QLD,Rockhampton,2025-05,6,0,0,0,159,0
QLD,Rockhampton,2025-06,8,0,0,0,150,0
QLD,Rockhampton,2025-07,8,0,0,0,145,0
QLD,Rockhampton,2025-08,3,0,0,0,135,0
QLD,Rockhampton,2025-09,9,0,0,0,130,0
QLD,Rockhampton,2025-10,9,0,0,0,134,0
QLD,Rockhampton,2025-11,3,0,0,0,169,0
QLD,Rockhampton,2025-12,5,0,0,0,139,0
QLD,Rockhampton,2026-01,6,0,0,0,100,0
QLD,Rockhampton,2026-02,10,0,0,0,127,0
QLD,Rockhampton,2026-03,14,0,0,0,132,0
QLD,Rockhampton,2026-04,8,0,0,0,132,0
QLD,Rockhampton,2026-05,16,0,0,0,117,0
QLD,Rockhampton,2026-06,24,0,0,0,153,0
QLD,Rockhampton,2026-07,32,0,0,0,164,0
QLD,Rockhampton,2026-08,25,0,0,0,127,0
QLD,Scenic Rim,2023-01,4,0,0,0,61,0
QLD,Scenic Rim,2023-02,3,0,0,0,51,0
QLD,Scenic Rim,2023-03,2,0,0,0,85,0
QLD,Scenic Rim,2023-04,6,0,0,0,56,0
QLD,Scenic Rim,2023-05,8,0,0,0,52,0
QLD,Scenic Rim,2023-06,6,0,0,0,76,0
QLD,Scenic Rim,2023-07,4,0,0,0,79,0
QLD,Scenic Rim,2023-08,11,0,0,0,68,0
QLD,Scenic Rim,2023-09,2,0,0,0,66,0
QLD,Scenic Rim,2023-10,7,0,0,0,75,0
QLD,Scenic Rim,2023-11,15,0,0,0,84,0
QLD,Scenic Rim,2023-12,3,0,0,0,55,0
QLD,Scenic Rim,2024-01,6,0,0,0,57,0
QLD,Scenic Rim,2024-02,5,0,0,0,69,0
QLD,Scenic Rim,2024-03,6,0,0,0,68,0
QLD,Scenic Rim,2024-04,8,0,0,0,73,0
QLD,Scenic Rim,2024-05,7,0,0,0,80,0
QLD,Scenic Rim,2024-06,10,0,0,0,72,0
QLD,Scenic Rim,2024-07,5,0,0,0,93,0
QLD,Scenic Rim,2024-08,2,0,0,0,66,0
QLD,Scenic Rim,2024-09,3,0,0,0,73,0
QLD,Scenic Rim,2024-10,6,0,0,0,67,0
QLD,Scenic Rim,2024-11,6,0,0,0,72,0
QLD,Scenic Rim,2024-12,5,0,0,0,76,0
QLD,Scenic Rim,2025-01,1,0,0,0,85,0
QLD,Scenic Rim,2025-02,4,0,0,0,79,0
QLD,Scenic Rim,2025-03,2,0,0,0,81,0
QLD,Scenic Rim,2025-04,5,0,0,0,75,0
QLD,Scenic Rim,2025-05,7,0,0,0,79,0
QLD,Scenic Rim,2025-06,17,0,0,0,90,0
QLD,Scenic Rim,2025-07,10,0,0,0,90,0
QLD,Scenic Rim,2025-08,8,0,0,0,76,0
QLD,Scenic Rim,2025-09,4,0,0,0,56,0
QLD,Scenic Rim,2025-10,4,0,0,0,78,0
QLD,Scenic Rim,2025-11,5,0,0,0,57,0
QLD,Scenic Rim,2025-12,7,0,0,0,86,0
QLD,Scenic Rim,2026-01,4,0,0,0,61,0
QLD,Scenic Rim,2026-02,8,0,0,0,62,0
QLD,Scenic Rim,2026-03,11,0,0,0,71,0
QLD,Scenic Rim,2026-04,30,0,0,0,68,0
QLD,Scenic Rim,2026-05,20,0,0,0,64,0
QLD,Scenic Rim,2026-06,46,0,0,0,76,0
QLD,Scenic Rim,2026-07,19,0,0,0,83,0
QLD,Scenic Rim,2026-08,26,0,0,0,65,0
QLD,Somerset,2023-01,1,0,0,0,32,0
QLD,Somerset,2023-02,0,0,0,0,30,0
QLD,Somerset,2023-03,3,0,0,0,41,0
QLD,Somerset,2023-04,1,0,0,0,33,0
QLD,Somerset,2023-05,0,0,0,0,40,0
QLD,Somerset,2023-06,1,0,0,0,56,0
QLD,Somerset,2023-07,0,0,0,0,40,0
QLD,Somerset,2023-08,2,0,0,0,57,0
QLD,Somerset,2023-09,0,0,0,0,45,0
QLD,Somerset,2023-10,4,0,0,0,39,0
QLD,Somerset,2023-11,4,0,0,0,47,0
QLD,Somerset,2023-12,3,0,0,0,45,0
QLD,Somerset,2024-01,3,0,0,0,42,0
QLD,Somerset,2024-02,5,0,0,0,55,0
QLD,Somerset,2024-03,2,0,0,0,40,0
QLD,Somerset,2024-04,0,0,0,0,47,0
QLD,Somerset,2024-05,3,0,0,0,40,0
QLD,Somerset,2024-06,3,0,0,0,49,0
QLD,Somerset,2024-07,6,0,0,0,46,0
QLD,Somerset,2024-08,6,0,0,0,39,0
QLD,Somerset,2024-09,2,0,0,0,43,0
QLD,Somerset,2024-10,4,0,0,0,38,0
QLD,Somerset,2024-11,2,0,0,0,48,0
QLD,Somerset,2024-12,2,0,0,0,51,0
QLD,Somerset,2025-01,0,0,0,0,50,0
QLD,Somerset,2025-02,1,0,0,0,37,0
QLD,Somerset,2025-03,2,0,0,0,39,0
QLD,Somerset,2025-04,0,0,0,0,45,0
QLD,Somerset,2025-05,3,0,0,0,37,0
QLD,Somerset,2025-06,1,0,0,0,56,0
QLD,Somerset,2025-07,0,0,0,0,60,0
QLD,Somerset,2025-08,4,0,0,0,44,0
QLD,Somerset,2025-09,0,0,0,0,38,0
QLD,Somerset,2025-10,1,0,0,0,50,0
QLD,Somerset,2025-11,4,0,0,0,47,0
QLD,Somerset,2025-12,1,0,0,0,49,0
QLD,Somerset,2026-01,0,0,0,0,36,0
QLD,Somerset,2026-02,7,0,0,0,44,0
QLD,Somerset,2026-03,7,0,0,0,43,0
QLD,Somerset,2026-04,15,0,0,0,34,0
QLD,Somerset,2026-05,12,0,0,0,44,0
QLD,Somerset,2026-06,12,0,0,0,46,0
QLD,Somerset,2026-07,12,0,0,0,51,0
QLD,Somerset,2026-08,10,0,0,0,44,0
QLD,South Burnett,2023-01,0,0,0,0,39,0
QLD,South Burnett,2023-02,4,0,0,0,33,0
QLD,South Burnett,2023-03,1,0,0,0,45,0
QLD,South Burnett,2023-04,5,0,0,0,46,0
QLD,South Burnett,2023-05,1,0,0,0,48,0
QLD,South Burnett,2023-06,0,0,0,0,48,0
QLD,South Burnett,2023-07,3,0,0,0,40,0
QLD,South Burnett,2023-08,0,0,0,0,45,0
QLD,South Burnett,2023-09,2,0,0,0,62,0
QLD,South Burnett,2023-10,2,0,0,0,52,0
QLD,South Burnett,2023-11,2,0,0,0,63,0
QLD,South Burnett,2023-12,1,0,0,0,43,0
QLD,South Burnett,2024-01,1,0,0,0,23,0
QLD,South Burnett,2024-02,1,0,0,0,46,0
QLD,South Burnett,2024-03,3,0,0,0,59,0
QLD,South Burnett,2024-04,2,0,0,0,54,0
QLD,South Burnett,2024-05,0,0,0,0,48,0
QLD,South Burnett,2024-06,1,0,0,0,45,0
QLD,South Burnett,2024-07,0,0,0,0,61,0
QLD,South Burnett,2024-08,0,0,0,0,56,0
QLD,South Burnett,2024-09,4,0,0,0,47,0
QLD,South Burnett,2024-10,2,0,0,0,57,0
QLD,South Burnett,2024-11,0,0,0,0,67,0
QLD,South Burnett,2024-12,0,0,0,0,44,0
QLD,South Burnett,2025-01,1,0,0,0,56,0
QLD,South Burnett,2025-02,0,0,0,0,42,0
QLD,South Burnett,2025-03,2,0,0,0,50,0
QLD,South Burnett,2025-04,3,0,0,0,46,0
QLD,South Burnett,2025-05,0,0,0,0,44,0
QLD,South Burnett,2025-06,1,0,0,0,62,0
QLD,South Burnett,2025-07,2,0,0,0,49,0
QLD,South Burnett,2025-08,1,0,0,0,36,0
QLD,South Burnett,2025-09,1,0,0,0,38,0
QLD,South Burnett,2025-10,0,0,0,0,42,0
QLD,South Burnett,2025-11,0,0,0,0,44,0
QLD,South Burnett,2025-12,0,0,0,0,42,0
QLD,South Burnett,2026-01,1,0,0,0,43,0
QLD,South Burnett,2026-02,2,0,0,0,47,0
QLD,South Burnett,2026-03,2,0,0,0,46,0
QLD,South Burnett,2026-04,3,0,0,0,47,0
QLD,South Burnett,2026-05,7,0,0,0,37,0
QLD,South Burnett,2026-06,7,0,0,0,54,0
QLD,South Burnett,2026-07,5,0,0,0,37,0
QLD,South Burnett,2026-08,8,0,0,0,35,0
QLD,Southern Downs,2023-01,1,0,0,0,53,0
QLD,Southern Downs,2023-02,0,0,0,0,49,0
QLD,Southern Downs,2023-03,2,0,0,0,68,0
QLD,Southern Downs,2023-04,4,0,0,0,44,0
QLD,Southern Downs,2023-05,2,0,0,0,40,0
QLD,Southern Downs,2023-06,1,0,0,0,62,0
QLD,Southern Downs,2023-07,3,0,0,0,48,0
QLD,Southern Downs,2023-08,3,0,0,0,71,0
QLD,Southern Downs,2023-09,2,0,0,0,67,0
QLD,Southern Downs,2023-10,4,0,0,0,64,0
QLD,Southern Downs,2023-11,3,0,0,0,66,0
QLD,Southern Downs,2023-12,0,0,0,0,60,0
QLD,Southern Downs,2024-01,1,0,0,0,42,0
QLD,Southern Downs,2024-02,0,0,0,0,52,0
QLD,Southern Downs,2024-03,2,0,0,0,50,0
QLD,Southern Downs,2024-04,0,0,0,0,59,0
QLD,Southern Downs,2024-05,3,0,0,0,62,0
QLD,Southern Downs,2024-06,5,0,0,0,63,0
QLD,Southern Downs,2024-07,2,0,0,0,58,0
QLD,Southern Downs,2024-08,1,0,0,0,63,0
QLD,Southern Downs,2024-09,1,0,0,0,49,0
QLD,Southern Downs,2024-10,7,0,0,0,60,0
QLD,Southern Downs,2024-11,0,0,0,0,53,0
QLD,Southern Downs,2024-12,1,0,0,0,43,0
QLD,Southern Downs,2025-01,2,0,0,0,61,0
QLD,Southern Downs,2025-02,2,0,0,0,45,0
QLD,Southern Downs,2025-03,1,0,0,0,54,0
QLD,Southern Downs,2025-04,2,0,0,0,46,0
QLD,Southern Downs,2025-05,0,0,0,0,51,0
QLD,Southern Downs,2025-06,3,0,0,0,69,0
QLD,Southern Downs,2025-07,2,0,0,0,58,0
QLD,Southern Downs,2025-08,4,0,0,0,48,0
QLD,Southern Downs,2025-09,2,0,0,0,52,0
QLD,Southern Downs,2025-10,0,0,0,0,37,0
QLD,Southern Downs,2025-11,2,0,0,0,41,0
QLD,Southern Downs,2025-12,3,0,0,0,58,0
QLD,Southern Downs,2026-01,5,0,0,0,39,0
QLD,Southern Downs,2026-02,1,0,0,0,47,0
QLD,Southern Downs,2026-03,4,0,0,0,56,0
QLD,Southern Downs,2026-04,6,0,0,0,55,0
QLD,Southern Downs,2026-05,9,0,0,0,49,0
QLD,Southern Downs,2026-06,16,0,0,0,63,0
QLD,Southern Downs,2026-07,7,0,0,0,65,0
QLD,Southern Downs,2026-08,7,0,0,0,46,0
QLD,Sunshine Coast,2023-01,94,0,0,0,574,0
QLD,Sunshine Coast,2023-02,58,0,0,0,505,0
QLD,Sunshine Coast,2023-03,64,0,0,0,628,0
QLD,Sunshine Coast,2023-04,67,0,0,0,530,0
QLD,Sunshine Coast,2023-05,49,0,0,0,610,0
QLD,Sunshine Coast,2023-06,94,0,0,0,704,0
QLD,Sunshine Coast,2023-07,40,0,0,0,679,0
QLD,Sunshine Coast,2023-08,97,0,0,0,678,0
QLD,Sunshine Coast,2023-09,83,0,0,0,695,0
QLD,Sunshine Coast,2023-10,56,0,0,0,640,0
QLD,Sunshine Coast,2023-11,104,0,0,0,702,0
QLD,Sunshine Coast,2023-12,79,0,0,0,569,0
QLD,Sunshine Coast,2024-01,72,0,0,0,613,0
QLD,Sunshine Coast,2024-02,87,0,0,0,633,0
QLD,Sunshine Coast,2024-03,94,0,0,0,642,0
QLD,Sunshine Coast,2024-04,66,0,0,0,649,0
QLD,Sunshine Coast,2024-05,112,0,0,0,667,0
QLD,Sunshine Coast,2024-06,96,0,0,0,734,0
QLD,Sunshine Coast,2024-07,68,0,0,0,711,0
QLD,Sunshine Coast,2024-08,60,0,0,0,684,0
QLD,Sunshine Coast,2024-09,46,0,0,0,701,0
QLD,Sunshine Coast,2024-10,66,0,0,0,691,0
QLD,Sunshine Coast,2024-11,62,0,0,0,703,0
QLD,Sunshine Coast,2024-12,76,0,0,0,599,0
QLD,Sunshine Coast,2025-01,38,0,0,0,604,0
QLD,Sunshine Coast,2025-02,43,0,0,0,672,0
QLD,Sunshine Coast,2025-03,73,0,0,0,623,0
QLD,Sunshine Coast,2025-04,42,0,0,0,607,0
QLD,Sunshine Coast,2025-05,102,0,0,0,693,0
QLD,Sunshine Coast,2025-06,110,0,0,0,859,0
QLD,Sunshine Coast,2025-07,73,0,0,0,707,0
QLD,Sunshine Coast,2025-08,93,0,0,0,671,0
QLD,Sunshine Coast,2025-09,107,0,0,0,634,0
QLD,Sunshine Coast,2025-10,87,0,0,0,602,0
QLD,Sunshine Coast,2025-11,79,0,0,0,643,0
QLD,Sunshine Coast,2025-12,81,0,0,0,618,0
QLD,Sunshine Coast,2026-01,70,0,0,0,502,0
QLD,Sunshine Coast,2026-02,106,0,0,0,566,0
QLD,Sunshine Coast,2026-03,161,0,0,0,569,0
QLD,Sunshine Coast,2026-04,197,0,0,0,530,0
QLD,Sunshine Coast,2026-05,249,0,0,0,594,0
QLD,Sunshine Coast,2026-06,390,0,0,0,806,0
QLD,Sunshine Coast,2026-07,283,0,0,0,617,0
QLD,Sunshine Coast,2026-08,273,0,0,0,570,0
QLD,Tablelands,2023-01,4,0,0,0,26,0
QLD,Tablelands,2023-02,0,0,0,0,34,0
QLD,Tablelands,2023-03,1,0,0,0,36,0
QLD,Tablelands,2023-04,3,0,0,0,26,0
QLD,Tablelands,2023-05,2,0,0,0,37,0
QLD,Tablelands,2023-06,2,0,0,0,31,0
QLD,Tablelands,2023-07,1,0,0,0,32,0
QLD,Tablelands,2023-08,3,0,0,0,59,0
QLD,Tablelands,2023-09,3,0,0,0,39,0
QLD,Tablelands,2023-10,1,0,0,0,33,0
QLD,Tablelands,2023-11,1,0,0,0,31,0
QLD,Tablelands,2023-12,0,0,0,0,29,0
QLD,Tablelands,2024-01,1,0,0,0,32,0
QLD,Tablelands,2024-02,2,0,0,0,48,0
QLD,Tablelands,2024-03,4,0,0,0,33,0
QLD,Tablelands,2024-04,1,0,0,0,35,0
QLD,Tablelands,2024-05,7,0,0,0,42,0
QLD,Tablelands,2024-06,4,0,0,0,39,0
QLD,Tablelands,2024-07,3,0,0,0,46,0
QLD,Tablelands,2024-08,0,0,0,0,36,0
QLD,Tablelands,2024-09,1,0,0,0,39,0
QLD,Tablelands,2024-10,3,0,0,0,51,0
QLD,Tablelands,2024-11,2,0,0,0,38,0
QLD,Tablelands,2024-12,2,0,0,0,21,0
QLD,Tablelands,2025-01,2,0,0,0,48,0
QLD,Tablelands,2025-02,3,0,0,0,31,0
QLD,Tablelands,2025-03,2,0,0,0,46,0
QLD,Tablelands,2025-04,1,0,0,0,29,0
QLD,Tablelands,2025-05,0,0,0,0,34,0
QLD,Tablelands,2025-06,2,0,0,0,43,0
QLD,Tablelands,2025-07,2,0,0,0,38,0
QLD,Tablelands,2025-08,2,0,0,0,30,0
QLD,Tablelands,2025-09,4,0,0,0,37,0
QLD,Tablelands,2025-10,3,0,0,0,31,0
QLD,Tablelands,2025-11,0,0,0,0,29,0
QLD,Tablelands,2025-12,3,0,0,0,39,0
QLD,Tablelands,2026-01,1,0,0,0,28,0
QLD,Tablelands,2026-02,2,0,0,0,40,0
QLD,Tablelands,2026-03,5,0,0,0,29,0
QLD,Tablelands,2026-04,8,0,0,0,24,0
QLD,Tablelands,2026-05,5,0,0,0,23,0
QLD,Tablelands,2026-06,12,0,0,0,36,0
QLD,Tablelands,2026-07,5,0,0,0,32,0
QLD,Tablelands,2026-08,9,0,0,0,32,0
QLD,Toowoomba,2023-01,14,0,0,0,279,0
QLD,Toowoomba,2023-02,9,0,0,0,236,0
QLD,Toowoomba,2023-03,23,0,0,0,292,0
QLD,Toowoomba,2023-04,14,0,0,0,255,0
QLD,Toowoomba,2023-05,18,0,0,0,254,0
QLD,Toowoomba,2023-06,22,0,0,0,323,0
QLD,Toowoomba,2023-07,15,0,0,0,355,0
QLD,Toowoomba,2023-08,27,0,0,0,340,0
QLD,Toowoomba,2023-09,14,0,0,0,299,0
QLD,Toowoomba,2023-10,8,0,0,0,303,0
QLD,Toowoomba,2023-11,22,0,0,0,307,0
QLD,Toowoomba,2023-12,11,0,0,0,295,0
QLD,Toowoomba,2024-01,16,0,0,0,269,0
QLD,Toowoomba,2024-02,20,0,0,0,289,0
QLD,Toowoomba,2024-03,27,0,0,0,318,0
QLD,Toowoomba,2024-04,14,0,0,0,299,0
QLD,Toowoomba,2024-05,38,0,0,0,316,0
QLD,Toowoomba,2024-06,23,0,0,0,369,0
QLD,Toowoomba,2024-07,23,0,0,0,331,0
QLD,Toowoomba,2024-08,11,0,0,0,362,0
QLD,Toowoomba,2024-09,11,0,0,0,306,0
QLD,Toowoomba,2024-10,24,0,0,0,338,0
QLD,Toowoomba,2024-11,22,0,0,0,315,0
QLD,Toowoomba,2024-12,19,0,0,0,311,0
QLD,Toowoomba,2025-01,8,0,0,0,301,0
QLD,Toowoomba,2025-02,10,0,0,0,306,0
QLD,Toowoomba,2025-03,14,0,0,0,309,0
QLD,Toowoomba,2025-04,20,0,0,0,263,0
QLD,Toowoomba,2025-05,27,0,0,0,338,0
QLD,Toowoomba,2025-06,22,0,0,0,371,0
QLD,Toowoomba,2025-07,20,0,0,0,321,0
QLD,Toowoomba,2025-08,29,0,0,0,301,0
QLD,Toowoomba,2025-09,20,0,0,0,291,0
QLD,Toowoomba,2025-10,20,0,0,0,290,0
QLD,Toowoomba,2025-11,17,0,0,0,323,0
QLD,Toowoomba,2025-12,16,0,0,0,325,0
QLD,Toowoomba,2026-01,17,0,0,0,287,0
QLD,Toowoomba,2026-02,23,0,0,0,228,0
QLD,Toowoomba,2026-03,43,0,0,0,311,0
QLD,Toowoomba,2026-04,58,0,0,0,252,0
QLD,Toowoomba,2026-05,64,0,0,0,266,0
QLD,Toowoomba,2026-06,103,0,0,0,370,0
QLD,Toowoomba,2026-07,62,0,0,0,314,0
QLD,Toowoomba,2026-08,55,0,0,0,274,0
QLD,Torres,2023-01,0,0,0,0,1,0
QLD,Torres,2023-02,0,0,0,0,1,0
QLD,Torres,2023-03,0,0,0,0,1,0
QLD,Torres,2023-06,0,0,0,0,1,0
QLD,Torres,2023-07,0,0,0,0,2,0
QLD,Torres,2023-09,0,0,0,0,3,0
QLD,Torres,2023-12,0,0,0,0,1,0
QLD,Torres,2024-02,0,0,0,0,1,0
QLD,Torres,2024-03,0,0,0,0,1,0
QLD,Torres,2024-04,0,0,0,0,1,0
QLD,Torres,2024-05,0,0,0,0,2,0
QLD,Torres,2024-08,0,0,0,0,1,0
QLD,Torres,2024-11,0,0,0,0,4,0
QLD,Torres,2024-12,0,0,0,0,2,0
QLD,Torres,2025-01,0,0,0,0,2,0
QLD,Torres,2025-05,0,0,0,0,1,0
QLD,Torres,2025-12,1,0,0,0,1,0
QLD,Torres,2026-02,1,0,0,0,1,0
QLD,Torres,2026-03,1,0,0,0,2,0
QLD,Torres,2026-04,0,0,0,0,1,0
QLD,Torres,2026-06,0,0,0,0,1,0
QLD,Torres,2026-07,0,0,0,0,1,0
QLD,Torres,2026-08,1,0,0,0,0,0
QLD,Torres Strait Island,2023-01,0,0,0,0,1,0
QLD,Torres Strait Island,2023-03,0,0,0,0,1,0
QLD,Torres Strait Island,2023-09,0,0,0,0,1,0
QLD,Torres Strait Island,2023-10,0,0,0,0,1,0
QLD,Torres Strait Island,2024-04,0,0,0,0,2,0
QLD,Torres Strait Island,2024-09,0,0,0,0,1,0
QLD,Torres Strait Island,2025-11,0,0,0,0,1,0
QLD,Torres Strait Island,2025-12,0,0,0,0,1,0
QLD,Townsville,2023-01,12,0,0,0,297,0
QLD,Townsville,2023-02,8,0,0,0,333,0
QLD,Townsville,2023-03,16,0,0,0,367,0
QLD,Townsville,2023-04,12,0,0,0,289,0
QLD,Townsville,2023-05,12,0,0,0,376,0
QLD,Townsville,2023-06,10,0,0,0,371,0
QLD,Townsville,2023-07,10,0,0,0,376,0
QLD,Townsville,2023-08,37,0,0,0,375,0
QLD,Townsville,2023-09,17,0,0,0,402,0
QLD,Townsville,2023-10,23,0,0,0,417,0
QLD,Townsville,2023-11,26,0,0,0,401,0
QLD,Townsville,2023-12,23,0,0,0,351,0
QLD,Townsville,2024-01,25,0,0,0,353,0
QLD,Townsville,2024-02,24,0,0,0,385,0
QLD,Townsville,2024-03,39,0,0,0,408,0
QLD,Townsville,2024-04,28,0,0,0,385,0
QLD,Townsville,2024-05,28,0,0,0,446,0
QLD,Townsville,2024-06,23,0,0,0,457,0
QLD,Townsville,2024-07,29,0,0,0,401,0
QLD,Townsville,2024-08,19,0,0,0,450,0
QLD,Townsville,2024-09,26,0,0,0,409,0
QLD,Townsville,2024-10,27,0,0,0,440,0
QLD,Townsville,2024-11,21,0,0,0,382,0
QLD,Townsville,2024-12,24,0,0,0,383,0
QLD,Townsville,2025-01,14,0,0,0,389,0
QLD,Townsville,2025-02,9,0,0,0,391,0
QLD,Townsville,2025-03,11,0,0,0,467,0
QLD,Townsville,2025-04,28,0,0,0,398,0
QLD,Townsville,2025-05,39,0,0,0,456,0
QLD,Townsville,2025-06,40,0,0,0,473,0
QLD,Townsville,2025-07,35,0,0,0,449,0
QLD,Townsville,2025-08,31,0,0,0,428,0
QLD,Townsville,2025-09,36,0,0,0,411,0
QLD,Townsville,2025-10,17,0,0,0,360,0
QLD,Townsville,2025-11,26,0,0,0,383,0
QLD,Townsville,2025-12,32,0,0,0,340,0
QLD,Townsville,2026-01,27,0,0,0,287,0
QLD,Townsville,2026-02,35,0,0,0,299,0
QLD,Townsville,2026-03,58,0,0,0,391,0
QLD,Townsville,2026-04,61,0,0,0,305,0
QLD,Townsville,2026-05,61,0,0,0,348,0
QLD,Townsville,2026-06,128,0,0,0,473,0
QLD,Townsville,2026-07,79,0,0,0,356,0
QLD,Townsville,2026-08,92,0,0,0,353,0
QLD,Weipa,2023-02,0,0,0,0,1,0
QLD,Weipa,2023-03,0,0,0,0,3,0
QLD,Weipa,2023-04,0,0,0,0,3,0
QLD,Weipa,2023-05,0,0,0,0,6,0
QLD,Weipa,2023-06,0,0,0,0,5,0
QLD,Weipa,2023-09,0,0,0,0,3,0
QLD,Weipa,2023-10,0,0,0,0,7,0
QLD,Weipa,2023-11,0,0,0,0,2,0
QLD,Weipa,2023-12,0,0,0,0,4,0
QLD,Weipa,2024-01,0,0,0,0,3,0
QLD,Weipa,2024-02,0,0,0,0,2,0
QLD,Weipa,2024-05,0,0,0,0,8,0
QLD,Weipa,2024-06,0,0,0,0,5,0
QLD,Weipa,2024-07,0,0,0,0,2,0
QLD,Weipa,2024-08,0,0,0,0,3,0
QLD,Weipa,2024-09,0,0,0,0,1,0
QLD,Weipa,2024-10,0,0,0,0,2,0
QLD,Weipa,2024-11,0,0,0,0,2,0
QLD,Weipa,2024-12,0,0,0,0,3,0
QLD,Weipa,2025-01,0,0,0,0,3,0
QLD,Weipa,2025-03,0,0,0,0,3,0
QLD,Weipa,2025-05,0,0,0,0,3,0
QLD,Weipa,2025-06,0,0,0,0,4,0
QLD,Weipa,2025-07,1,0,0,0,7,0
QLD,Weipa,2025-09,0,0,0,0,3,0
QLD,Weipa,2025-10,0,0,0,0,2,0
QLD,Weipa,2025-11,0,0,0,0,2,0
QLD,Weipa,2025-12,0,0,0,0,5,0
QLD,Weipa,2026-01,1,0,0,0,2,0
QLD,Weipa,2026-02,0,0,0,0,2,0
QLD,Weipa,2026-03,0,0,0,0,3,0
QLD,Weipa,2026-05,0,0,0,0,1,0
QLD,Weipa,2026-06,0,0,0,0,3,0
QLD,Weipa,2026-07,0,0,0,0,1,0
QLD,Weipa,2026-08,0,0,0,0,2,0
QLD,Western Downs,2023-01,2,0,0,0,42,0
QLD,Western Downs,2023-02,0,0,0,0,31,0
QLD,Western Downs,2023-03,0,0,0,0,44,0
QLD,Western Downs,2023-04,2,0,0,0,35,0
QLD,Western Downs,2023-05,0,0,0,0,29,0
QLD,Western Downs,2023-06,1,0,0,0,49,0
QLD,Western Downs,2023-07,0,0,0,0,41,0
QLD,Western Downs,2023-08,2,0,0,0,56,0
QLD,Western Downs,2023-09,0,0,0,0,54,0
QLD,Western Downs,2023-10,0,0,0,0,56,0
QLD,Western Downs,2023-11,3,0,0,0,80,0
QLD,Western Downs,2023-12,0,0,0,0,58,0
QLD,Western Downs,2024-01,0,0,0,0,46,0
QLD,Western Downs,2024-02,1,0,0,0,54,0
QLD,Western Downs,2024-03,0,0,0,0,60,0
QLD,Western Downs,2024-04,2,0,0,0,53,0
QLD,Western Downs,2024-05,1,0,0,0,45,0
QLD,Western Downs,2024-06,3,0,0,0,59,0
QLD,Western Downs,2024-07,0,0,0,0,56,0
QLD,Western Downs,2024-08,1,0,0,0,45,0
QLD,Western Downs,2024-09,0,0,0,0,58,0
QLD,Western Downs,2024-10,4,0,0,0,46,0
QLD,Western Downs,2024-11,0,0,0,0,45,0
QLD,Western Downs,2024-12,0,0,0,0,52,0
QLD,Western Downs,2025-01,0,0,0,0,34,0
QLD,Western Downs,2025-02,0,0,0,0,36,0
QLD,Western Downs,2025-03,1,0,0,0,50,0
QLD,Western Downs,2025-04,1,0,0,0,47,0
QLD,Western Downs,2025-05,0,0,0,0,47,0
QLD,Western Downs,2025-06,1,0,0,0,51,0
QLD,Western Downs,2025-07,1,0,0,0,54,0
QLD,Western Downs,2025-08,0,0,0,0,38,0
QLD,Western Downs,2025-09,4,0,0,0,54,0
QLD,Western Downs,2025-10,0,0,0,0,47,0
QLD,Western Downs,2025-11,0,0,0,0,34,0
QLD,Western Downs,2025-12,5,0,0,0,43,0
QLD,Western Downs,2026-01,2,0,0,0,34,0
QLD,Western Downs,2026-02,0,0,0,0,29,0
QLD,Western Downs,2026-03,2,0,0,0,30,0
QLD,Western Downs,2026-04,4,0,0,0,48,0
QLD,Western Downs,2026-05,5,0,0,0,37,0
QLD,Western Downs,2026-06,5,0,0,0,34,0
QLD,Western Downs,2026-07,0,0,0,0,46,0
QLD,Western Downs,2026-08,3,0,0,0,49,0
QLD,Whitsunday,2023-01,3,0,0,0,36,0
QLD,Whitsunday,2023-02,1,0,0,0,36,0
QLD,Whitsunday,2023-03,1,0,0,0,55,0
QLD,Whitsunday,2023-04,1,0,0,0,40,0
QLD,Whitsunday,2023-05,0,0,0,0,53,0
QLD,Whitsunday,2023-06,0,0,0,0,54,0
QLD,Whitsunday,2023-07,0,0,0,0,44,0
QLD,Whitsunday,2023-08,0,0,0,0,62,0
QLD,Whitsunday,2023-09,1,0,0,0,54,0
QLD,Whitsunday,2023-10,2,0,0,0,62,0
QLD,Whitsunday,2023-11,0,0,0,0,46,0
QLD,Whitsunday,2023-12,0,0,0,0,42,0
QLD,Whitsunday,2024-01,0,0,0,0,52,0
QLD,Whitsunday,2024-02,3,0,0,0,61,0
QLD,Whitsunday,2024-03,7,0,0,0,47,0
QLD,Whitsunday,2024-04,1,0,0,0,42,0
QLD,Whitsunday,2024-05,3,0,0,0,60,0
QLD,Whitsunday,2024-06,3,0,0,0,51,0
QLD,Whitsunday,2024-07,5,0,0,0,54,0
QLD,Whitsunday,2024-08,1,0,0,0,50,0
QLD,Whitsunday,2024-09,0,0,0,0,61,0
QLD,Whitsunday,2024-10,1,0,0,0,56,0
QLD,Whitsunday,2024-11,1,0,0,0,74,0
QLD,Whitsunday,2024-12,2,0,0,0,46,0
QLD,Whitsunday,2025-01,0,0,0,0,49,0
QLD,Whitsunday,2025-02,1,0,0,0,46,0
QLD,Whitsunday,2025-03,1,0,0,0,55,0
QLD,Whitsunday,2025-04,1,0,0,0,43,0
QLD,Whitsunday,2025-05,1,0,0,0,66,0
QLD,Whitsunday,2025-06,2,0,0,0,57,0
QLD,Whitsunday,2025-07,3,0,0,0,61,0
QLD,Whitsunday,2025-08,0,0,0,0,59,0
QLD,Whitsunday,2025-09,3,0,0,0,52,0
QLD,Whitsunday,2025-10,0,0,0,0,50,0
QLD,Whitsunday,2025-11,2,0,0,0,60,0
QLD,Whitsunday,2025-12,4,0,0,0,49,0
QLD,Whitsunday,2026-01,2,0,0,0,50,0
QLD,Whitsunday,2026-02,1,0,0,0,34,0
QLD,Whitsunday,2026-03,3,0,0,0,52,0
QLD,Whitsunday,2026-04,4,0,0,0,49,0
QLD,Whitsunday,2026-05,4,0,0,0,36,0
QLD,Whitsunday,2026-06,9,0,0,0,55,0
QLD,Whitsunday,2026-07,4,0,0,0,48,0
QLD,Whitsunday,2026-08,6,0,0,0,48,0
QLD,Winton,2023-01,0,0,0,0,2,0
QLD,Winton,2023-02,0,0,0,0,2,0
QLD,Winton,2023-05,0,0,0,0,2,0
QLD,Winton,2023-07,0,0,0,0,1,0
QLD,Winton,2023-08,0,0,0,0,3,0
QLD,Winton,2023-09,0,0,0,0,1,0
QLD,Winton,2023-10,0,0,0,0,2,0
QLD,Winton,2023-11,0,0,0,0,2,0
QLD,Winton,2023-12,0,0,0,0,2,0
QLD,Winton,2024-01,0,0,0,0,2,0
QLD,Winton,2024-02,0,0,0,0,1,0
QLD,Winton,2024-03,0,0,0,0,1,0
QLD,Winton,2024-08,0,0,0,0,1,0
QLD,Winton,2024-09,0,0,0,0,1,0
QLD,Winton,2024-10,0,0,0,0,1,0
QLD,Winton,2024-11,0,0,0,0,3,0
QLD,Winton,2024-12,0,0,0,0,2,0
QLD,Winton,2025-01,0,0,0,0,4,0
QLD,Winton,2025-02,0,0,0,0,3,0
QLD,Winton,2025-03,0,0,0,0,1,0
QLD,Winton,2025-04,0,0,0,0,2,0
QLD,Winton,2025-05,0,0,0,0,1,0
QLD,Winton,2025-06,0,0,0,0,2,0
QLD,Winton,2025-07,0,0,0,0,1,0
QLD,Winton,2025-09,0,0,0,0,1,0
QLD,Winton,2025-10,0,0,0,0,2,0
QLD,Winton,2025-11,0,0,0,0,2,0
QLD,Winton,2025-12,1,0,0,0,1,0
QLD,Winton,2026-01,0,0,0,0,1,0
QLD,Winton,2026-02,0,0,0,0,2,0
QLD,Winton,2026-03,0,0,0,0,4,0
QLD,Winton,2026-04,0,0,0,0,1,0
QLD,Winton,2026-06,0,0,0,0,3,0
QLD,Winton,2026-07,0,0,0,0,1,0
QLD,Winton,2026-08,1,0,0,0,1,0
QLD,Woorabinda,2023-01,0,0,0,0,2,0
QLD,Woorabinda,2023-02,0,0,0,0,1,0
QLD,Woorabinda,2023-03,0,0,0,0,1,0
QLD,Woorabinda,2023-04,0,0,0,0,1,0
QLD,Woorabinda,2023-06,0,0,0,0,2,0
QLD,Woorabinda,2023-08,0,0,0,0,5,0
QLD,Woorabinda,2023-09,0,0,0,0,1,0
QLD,Woorabinda,2023-10,0,0,0,0,1,0
QLD,Woorabinda,2023-11,0,0,0,0,1,0
QLD,Woorabinda,2024-01,0,0,0,0,1,0
QLD,Woorabinda,2024-04,0,0,0,0,3,0
QLD,Woorabinda,2024-07,0,0,0,0,4,0
QLD,Woorabinda,2024-11,0,0,0,0,2,0
QLD,Woorabinda,2024-12,0,0,0,0,2,0
QLD,Woorabinda,2025-01,0,0,0,0,1,0
QLD,Woorabinda,2025-02,0,0,0,0,1,0
QLD,Woorabinda,2025-03,0,0,0,0,3,0
QLD,Woorabinda,2025-04,0,0,0,0,1,0
QLD,Woorabinda,2025-06,0,0,0,0,1,0
QLD,Woorabinda,2025-08,0,0,0,0,1,0
QLD,Woorabinda,2025-09,0,0,0,0,3,0
QLD,Woorabinda,2025-11,0,0,0,0,1,0
QLD,Woorabinda,2025-12,0,0,0,0,1,0
QLD,Woorabinda,2026-03,0,0,0,0,2,0
QLD,Woorabinda,2026-04,0,0,0,0,2,0
QLD,Woorabinda,2026-06,0,0,0,0,2,0
QLD,Wujal Wujal,2023-02,0,0,0,0,1,0
QLD,Yarrabah,2023-05,0,0,0,0,1,0
QLD,Yarrabah,2023-06,0,0,0,0,1,0
QLD,Yarrabah,2023-09,0,0,0,0,1,0
QLD,Yarrabah,2023-12,0,0,0,0,1,0
QLD,Yarrabah,2024-03,0,0,0,0,1,0
QLD,Yarrabah,2024-07,0,0,0,0,1,0
QLD,Yarrabah,2024-09,0,0,0,0,1,0
QLD,Yarrabah,2025-02,0,0,0,0,1,0
QLD,Yarrabah,2025-05,0,0,0,0,1,0
QLD,Yarrabah,2025-06,0,0,0,0,1,0
QLD,Yarrabah,2025-07,0,0,0,0,2,0
QLD,Yarrabah,2025-08,0,0,0,0,2,0
QLD,Yarrabah,2025-09,0,0,0,0,1,0
QLD,Yarrabah,2025-11,0,0,0,0,1,0
QLD,Yarrabah,2026-02,0,0,0,0,1,0
QLD,Yarrabah,2026-04,0,0,0,0,1,0
QLD,Yarrabah,2026-05,0,0,0,0,1,0
