{"type":"FeatureCollection","features":[{"type":"Feature","geometry":{"type":"Polygon","coordinates":[[[146.8657,-36.0729],[146.873,-36.0737],[146.8806,-36.0875],[146.9066,-36.0846],[146.9034,-36.0982],[146.9124,-36.1046],[146.9056,-36.1086],[146.913,-36.1127],[146.925,-36.1074],[146.9215,-36.1009],[146.9264,-36.0972],[146.934,-36.1115],[146.9437,-36.116],[146.9524,-36.1109],[146.9485,-36.103],[146.9508,-36.0935],[146.9587,-36.0919],[146.9568,-36.0781],[146.9726,-36.0821],[146.9813,-36.0949],[146.9904,-36.0861],[147.0074,-36.0837],[147.0064,-36.0891],[147.0163,-36.0898],[147.0135,-36.1047],[147.0228,-36.0999],[147.0341,-36.1152],[147.0423,-36.1043],[147.0531,-36.1077],[147.0557,-36.1003],[147.0501,-36.0982],[147.063,-36.0825],[147.0618,-36.0662],[147.0668,-36.0686],[147.0688,-36.0604],[147.0745,-36.0641],[147.0904,-36.0492],[147.0952,-36.0529],[147.0916,-36.0439],[147.0963,-36.0472],[147.0992,-36.0422],[147.089,-36.0342],[147.0801,-36.0001],[147.057,-35.9842],[147.0587,-35.9663],[147.0439,-35.95],[147.048,-35.9452],[147.0373,-35.9455],[147.0239,-35.9251],[147.0022,-35.9281],[147.0004,-35.9199],[146.9688,-35.9139],[146.9624,-35.9406],[146.9455,-35.9383],[146.9349,-35.9475],[146.9342,-35.9642],[146.9428,-35.9652],[146.9415,-35.9747],[146.947,-35.9754],[146.952,-35.989],[146.9286,-35.9915],[146.9141,-36.0066],[146.8964,-36.0023],[146.8736,-36.018],[146.8601,-36.0163],[146.8489,-36.0241],[146.8347,-36.0156],[146.8145,-36.0709],[146.8255,-36.0708],[146.8216,-36.0869],[146.8572,-36.0849],[146.8577,-36.0753],[146.8646,-36.0782],[146.8657,-36.0729]]]},"properties":{"lga_code_2023":"10050","lga_name_2023":"Albury","state_code_2021":"1"}},{"type":"Feature","geometry":{"type":"Polygon","coordinates":[[[152.3882,-30.5264],[152.3826,-30.5193],[152.3858,-30.5052],[152.4003,-30.5009],[152.4084,-30.4893],[152.3932,-30.4764],[152.3921,-30.4429],[152.4018,-30.435],[152.4172,-30.4368],[152.4281,-30.4189],[152.3875,-30.3832],[152.3899,-30.3747],[152.3819,-30.3626],[152.3646,-30.361],[152.3656,-30.3541],[152.3518,-30.3554],[152.3548,-30.3404],[152.3452,-30.3321],[152.3419,-30.311],[152.3493,-30.2916],[152.3393,-30.2822],[152.3423,-30.2692],[152.3373,-30.2582],[152.3504,-30.2352],[152.3377,-30.2184],[152.3258,-30.2172],[152.3105,-30.2008],[152.3171,-30.1821],[152.3032,-30.1792],[152.3111,-30.1736],[152.3092,-30.161],[152.3166,-30.1617],[152.3049,-30.1614],[152.3097,-30.1479],[152.2978,-30.1473],[152.3052,-30.1405],[152.297,-30.1381],[152.3023,-30.1318],[152.2983,-30.1171],[152.2794,-30.0992],[152.2844,-30.0943],[152.2797,-30.088],[152.2939,-30.0854],[152.2924,-30.0711],[152.2999,-30.0711],[152.2918,-30.0633],[152.3,-30.0569],[152.2928,-30.0519],[152.2992,-30.0463],[152.2946,-30.0408],[152.3152,-30.0342],[152.3169,-30.0015],[152.3006,-29.9854],[152.308,-29.9802],[152.292,-29.9769],[152.2871,-29.9639],[152.275,-29.9604],[152.2722,-29.9417],[152.2661,-29.9421],[152.2602,-29.9585],[152.267,-29.9664],[152.2452,-29.9665],[152.2473,-29.981],[152.225,-29.9811],[152.2232,-29.9882],[152.2129,-29.9754],[152.2084,-29.9802],[152.1981,-29.9779],[152.19,-29.9636],[152.198,-29.9552],[152.1882,-29.9605],[152.1906,-29.9511],[152.1811,-29.9513],[152.1875,-29.9448],[152.1717,-29.9437],[152.1701,-29.9512],[152.1605,-29.954],[152.149,-29.945],[152.1372,-29.9506],[152.1293,-29.9581],[152.1325,-29.9721],[152.142,-29.9758],[152.1337,-29.9834],[152.1457,-29.9932],[152.1379,-29.9956],[152.1474,-30.0168],[152.1362,-30.0213],[152.1296,-30.0085],[152.1159,-30.0065],[152.1103,-29.9959],[152.1017,-30.0064],[152.0826,-30.0049],[152.0807,-30.014],[152.0731,-30.0085],[152.0667,-30.0131],[152.0571,-30.0028],[152.0477,-30.0136],[152.0206,-30.006],[151.9849,-30.0102],[151.9844,-30.0048],[151.9559,-30.0072],[151.9443,-30.016],[151.9265,-30.0028],[151.9048,-30.0221],[151.8849,-30.012],[151.8621,-30.0169],[151.8514,-30.0064],[151.6836,-30.0074],[151.6732,-30.0184],[151.6575,-30.0028],[151.6625,-30.0023],[151.6643,-29.9808],[151.6455,-29.9827],[151.6435,-29.9761],[151.6263,-29.9698],[151.6197,-29.952],[151.6052,-29.9517],[151.6034,-29.9427],[151.5869,-29.9408],[151.5355,-29.9614],[151.5238,-29.9748],[151.4963,-29.9823],[151.4952,-29.9874],[151.4869,-29.9844],[151.4498,-29.9971],[151.4266,-29.9881],[151.4262,-29.9709],[151.4196,-29.9655],[151.379,-29.9502],[151.3799,-29.9449],[151.3704,-29.94],[151.3656,-29.9492],[151.3716,-29.9501],[151.3683,-29.9672],[151.3297,-29.9627],[151.3246,-29.9911],[151.3082,-29.989],[151.3047,-30.008],[151.2769,-30.0043],[151.2717,-30.0331],[151.2583,-30.0285],[151.2545,-30.0486],[151.2629,-30.0498],[151.2585,-30.0683],[151.2643,-30.0691],[151.2532,-30.0949],[151.2571,-30.1059],[151.2627,-30.1068],[151.2642,-30.0978],[151.2722,-30.0992],[151.2808,-30.1119],[151.2902,-30.113],[151.2908,-30.1439],[151.3052,-30.146],[151.3031,-30.1571],[151.295,-30.156],[151.2922,-30.1715],[151.3168,-30.1656],[151.311,-30.1967],[151.3196,-30.1978],[151.3105,-30.2237],[151.3268,-30.2261],[151.3252,-30.235],[151.3138,-30.2334],[151.304,-30.2652],[151.323,-30.2674],[151.3366,-30.2993],[151.3468,-30.305],[151.3247,-30.3243],[151.3242,-30.3367],[151.3467,-30.3398],[151.3489,-30.3545],[151.3618,-30.3563],[151.3606,-30.3636],[151.3977,-30.3691],[151.3962,-30.3782],[151.403,-30.3866],[151.4515,-30.3943],[151.4505,-30.4065],[151.4615,-30.4095],[151.4611,-30.4185],[151.4478,-30.4282],[151.4579,-30.4326],[151.4631,-30.4407],[151.456,-30.4411],[151.4656,-30.4514],[151.4726,-30.4372],[151.499,-30.441],[151.5002,-30.4347],[151.5286,-30.4413],[151.5357,-30.4622],[151.547,-30.4627],[151.5834,-30.4972],[151.5862,-30.5088],[151.5767,-30.5385],[151.5828,-30.5514],[151.6156,-30.5732],[151.6205,-30.5855],[151.6397,-30.5938],[151.6354,-30.5987],[151.6429,-30.602],[151.6423,-30.6362],[151.6541,-30.6456],[151.6536,-30.6517],[151.6594,-30.6473],[151.6659,-30.6514],[151.6712,-30.6666],[151.6894,-30.6696],[151.6899,-30.6759],[151.7109,-30.6731],[151.714,-30.6826],[151.7157,-30.6724],[151.7188,-30.6786],[151.7502,-30.6723],[151.7747,-30.6861],[151.7563,-30.6932],[151.738,-30.6919],[151.7345,-30.7172],[151.7199,-30.7152],[151.7306,-30.7414],[151.7199,-30.7958],[151.7314,-30.7884],[151.7744,-30.7847],[151.7755,-30.7771],[151.7801,-30.7822],[151.8074,-30.7814],[151.8132,-30.7895],[151.836,-30.786],[151.8486,-30.775],[151.8672,-30.7801],[151.9028,-30.7645],[151.9317,-30.7685],[151.9368,-30.757],[151.9347,-30.7614],[151.9449,-30.762],[151.9389,-30.7682],[151.9549,-30.7873],[151.9524,-30.7948],[151.9638,-30.7936],[151.9596,-30.8036],[151.9703,-30.801],[151.9794,-30.8037],[151.9784,-30.81],[151.9888,-30.8098],[151.9927,-30.8017],[152.0044,-30.8119],[152.0085,-30.8012],[152.0158,-30.801],[152.0206,-30.8164],[152.0158,-30.825],[152.0236,-30.827],[152.0335,-30.8437],[152.0426,-30.8457],[152.049,-30.8395],[152.0359,-30.8554],[152.039,-30.8611],[152.0551,-30.8596],[152.0617,-30.8484],[152.084,-30.8433],[152.0875,-30.8524],[152.1035,-30.8565],[152.1176,-30.8695],[152.1259,-30.8593],[152.1416,-30.8712],[152.1502,-30.8673],[152.1699,-30.9013],[152.1676,-30.9093],[152.179,-30.911],[152.1775,-30.9152],[152.2957,-30.931],[152.2872,-30.9],[152.2995,-30.8662],[152.2845,-30.8415],[152.2868,-30.8299],[152.3172,-30.8025],[152.317,-30.7926],[152.3439,-30.7919],[152.347,-30.7811],[152.355,-30.7781],[152.352,-30.7692],[152.3758,-30.7399],[152.3658,-30.7052],[152.3693,-30.6987],[152.3584,-30.6842],[152.3693,-30.6589],[152.3452,-30.6399],[152.3369,-30.6405],[152.3334,-30.6206],[152.319,-30.6134],[152.3117,-30.6002],[152.3299,-30.5842],[152.3358,-30.567],[152.3616,-30.5558],[152.3641,-30.5451],[152.3752,-30.5416],[152.3882,-30.5264]]]},"properties":{"lga_code_2023":"10180","lga_name_2023":"Armidale","state_code_2021":"1"}},{"type":"Feature","geometry":{"type":"Polygon","coordinates":[[[153.3897,-28.8124],[153.387,-28.8274],[153.3963,-28.8432],[153.3898,-28.8444],[153.3923,-28.8496],[153.3797,-28.8511],[153.3811,-28.8622],[153.3632,-28.8807],[153.3648,-28.8994],[153.3792,-28.9026],[153.3886,-28.9167],[153.3874,-28.9232],[153.3812,-28.9225],[153.3755,-28.9539],[153.3848,-28.9554],[153.3894,-28.9693],[153.424,-29.0008],[153.4791,-28.9926],[153.5609,-28.9],[153.5901,-28.8776],[153.5729,-28.8769],[153.5707,-28.8851],[153.5269,-28.8729],[153.5462,-28.8672],[153.5641,-28.8737],[153.5768,-28.8698],[153.5705,-28.864],[153.5711,-28.8493],[153.5634,-28.8471],[153.5749,-28.8402],[153.5712,-28.8478],[153.577,-28.8684],[153.592,-28.8756],[153.6088,-28.8433],[153.6062,-28.8087],[153.5945,-28.7931],[153.6051,-28.7457],[153.5813,-28.7332],[153.575,-28.712],[153.541,-28.7046],[153.5169,-28.7257],[153.5071,-28.7211],[153.4912,-28.7327],[153.4852,-28.7271],[153.4823,-28.7322],[153.4875,-28.736],[153.4791,-28.7387],[153.4889,-28.7468],[153.4885,-28.754],[153.4781,-28.7499],[153.4749,-28.7599],[153.4629,-28.7656],[153.4496,-28.755],[153.4416,-28.763],[153.4466,-28.7728],[153.4428,-28.7792],[153.4286,-28.787],[153.4245,-28.7837],[153.4268,-28.7945],[153.4022,-28.7851],[153.3885,-28.7933],[153.3812,-28.8044],[153.3897,-28.8124]],[[153.5711,-28.8738],[153.5712,-28.8728],[153.572,-28.8736],[153.5711,-28.8738]]]},"properties":{"lga_code_2023":"10250","lga_name_2023":"Ballina","state_code_2021":"1"}},{"type":"Feature","geometry":{"type":"Polygon","coordinates":[[[143.0043,-33.7816],[142.9924,-33.8536],[142.9448,-33.8484],[142.931,-33.9348],[142.8059,-33.9219],[142.7966,-33.9829],[142.7601,-33.9792],[142.7444,-34.0818],[142.8327,-34.0913],[142.7888,-34.3893],[142.6125,-34.3713],[142.5834,-34.558],[142.4874,-34.5936],[142.4704,-34.5913],[142.4692,-34.6015],[142.4613,-34.6066],[142.4683,-34.6129],[142.4584,-34.6177],[142.464,-34.6267],[142.4523,-34.6335],[142.4711,-34.6401],[142.4836,-34.6364],[142.4717,-34.6518],[142.4756,-34.6726],[142.4931,-34.6722],[142.4957,-34.6673],[142.487,-34.6634],[142.4996,-34.6649],[142.5057,-34.6569],[142.5159,-34.6637],[142.4974,-34.6746],[142.5137,-34.6922],[142.4997,-34.7031],[142.5189,-34.7029],[142.5099,-34.7137],[142.513,-34.7231],[142.4997,-34.7375],[142.5123,-34.7416],[142.5084,-34.7498],[142.5252,-34.7598],[142.5336,-34.7531],[142.5388,-34.7629],[142.5501,-34.7627],[142.5567,-34.7754],[142.5672,-34.7669],[142.5949,-34.7725],[142.6158,-34.7853],[142.6314,-34.7844],[142.6444,-34.7753],[142.6464,-34.7634],[142.6396,-34.7575],[142.6205,-34.7571],[142.6183,-34.7288],[142.6373,-34.735],[142.6614,-34.7217],[142.6674,-34.7359],[142.679,-34.7392],[142.6867,-34.7339],[142.6766,-34.729],[142.6786,-34.7223],[142.6994,-34.7245],[142.6845,-34.7141],[142.6911,-34.7014],[142.6789,-34.6808],[142.6841,-34.6709],[142.7059,-34.6795],[142.7108,-34.6758],[142.7086,-34.6622],[142.6892,-34.6525],[142.7008,-34.6245],[142.7088,-34.6227],[142.6895,-34.6183],[142.704,-34.6135],[142.7002,-34.599],[142.7148,-34.6004],[142.7236,-34.5923],[142.7432,-34.6028],[142.7592,-34.6001],[142.7634,-34.5904],[142.7469,-34.5878],[142.7483,-34.5768],[142.7838,-34.5791],[142.7702,-34.568],[142.7809,-34.5657],[142.7915,-34.5464],[142.8101,-34.5609],[142.7964,-34.5719],[142.8015,-34.5789],[142.787,-34.5829],[142.7869,-34.5894],[142.7979,-34.5976],[142.8031,-34.5889],[142.8106,-34.5893],[142.8033,-34.6071],[142.8183,-34.6124],[142.8238,-34.6005],[142.8247,-34.6085],[142.8382,-34.613],[142.8407,-34.6258],[142.8525,-34.6192],[142.8683,-34.6275],[142.8554,-34.6387],[142.8588,-34.645],[142.8635,-34.6391],[142.8719,-34.6503],[142.8606,-34.6652],[142.8722,-34.6641],[142.8759,-34.6749],[142.8865,-34.6721],[142.8868,-34.6798],[142.8939,-34.6788],[142.8914,-34.6718],[142.9002,-34.6715],[142.8933,-34.6657],[142.9015,-34.655],[142.9238,-34.6479],[142.9223,-34.6565],[142.9326,-34.6555],[142.9489,-34.6697],[142.9593,-34.665],[142.9727,-34.6952],[142.9824,-34.6827],[142.9753,-34.6709],[142.9893,-34.6626],[142.9946,-34.6739],[143.0011,-34.6697],[143.0173,-34.6737],[143.008,-34.686],[143.0102,-34.6937],[143.0218,-34.6929],[143.0242,-34.6829],[143.0325,-34.6829],[143.0294,-34.6919],[143.0395,-34.7026],[143.0444,-34.6993],[143.0375,-34.6917],[143.0404,-34.6859],[143.0548,-34.6989],[143.0708,-34.6784],[143.0762,-34.696],[143.0928,-34.7013],[143.1123,-34.6809],[143.1211,-34.6875],[143.1114,-34.6872],[143.1071,-34.7016],[143.1276,-34.6927],[143.118,-34.703],[143.1335,-34.7006],[143.1474,-34.7148],[143.1617,-34.6979],[143.1654,-34.7181],[143.1732,-34.7197],[143.181,-34.7095],[143.1793,-34.7173],[143.1918,-34.7128],[143.2001,-34.7171],[143.2009,-34.7334],[143.2188,-34.7295],[143.2225,-34.7324],[143.2138,-34.7385],[143.2213,-34.7429],[143.2191,-34.7526],[143.2244,-34.7587],[143.2288,-34.7478],[143.2407,-34.7455],[143.2489,-34.7579],[143.2653,-34.7486],[143.274,-34.7527],[143.2521,-34.7728],[143.2577,-34.7785],[143.2627,-34.7736],[143.273,-34.7764],[143.2767,-34.7923],[143.2869,-34.795],[143.2843,-34.7852],[143.2943,-34.7908],[143.3088,-34.7799],[143.3183,-34.7908],[143.3291,-34.7864],[143.333,-34.7932],[143.3493,-34.7924],[143.3476,-34.8073],[143.3596,-34.8169],[143.3516,-34.8232],[143.3515,-34.8385],[143.3412,-34.8463],[143.3554,-34.8469],[143.3452,-34.8535],[143.3549,-34.8614],[143.3523,-34.8744],[143.3623,-34.8761],[143.3666,-34.8608],[143.3735,-34.859],[143.371,-34.8729],[143.3827,-34.8759],[143.3952,-34.8684],[143.4144,-34.8822],[143.4175,-34.8948],[143.447,-34.8974],[143.4492,-34.9096],[143.4537,-34.9024],[143.4718,-34.9055],[143.4823,-34.9202],[143.466,-34.926],[143.4807,-34.9484],[143.4741,-34.9679],[143.4848,-34.9718],[143.491,-34.9724],[143.4951,-34.9456],[143.4881,-34.9448],[143.5087,-34.8217],[143.5238,-34.7831],[143.5402,-34.7622],[143.5416,-34.7317],[143.5748,-34.7356],[143.581,-34.7139],[143.5933,-34.7064],[143.5839,-34.6934],[143.599,-34.6954],[143.6003,-34.6863],[143.6277,-34.6894],[143.6359,-34.635],[143.6155,-34.6304],[143.6265,-34.631],[143.6212,-34.6293],[143.6223,-34.6212],[143.6266,-34.6261],[143.6354,-34.6228],[143.636,-34.613],[143.6409,-34.6107],[143.6438,-34.6167],[143.6434,-34.6109],[143.6508,-34.6122],[143.6462,-34.6053],[143.6578,-34.6034],[143.6526,-34.6037],[143.6539,-34.5981],[143.6469,-34.6006],[143.6505,-34.5925],[143.6375,-34.594],[143.6413,-34.5843],[143.6324,-34.5852],[143.6531,-34.5719],[143.6502,-34.5677],[143.6419,-34.5727],[143.6348,-34.5608],[143.6451,-34.5588],[143.6388,-34.5564],[143.6439,-34.5549],[143.641,-34.5494],[143.6532,-34.5468],[143.6457,-34.5391],[143.6571,-34.5387],[143.6591,-34.522],[143.6762,-34.5252],[143.6895,-34.5134],[143.6759,-34.5064],[143.6866,-34.498],[143.6811,-34.4946],[143.6875,-34.4918],[143.6835,-34.4856],[143.6917,-34.4827],[143.7026,-34.4919],[143.7166,-34.4825],[143.7129,-34.4641],[143.7305,-34.4621],[143.7236,-34.4472],[143.7334,-34.4385],[143.7265,-34.4311],[143.7368,-34.4318],[143.7394,-34.4271],[143.732,-34.4224],[143.7413,-34.4211],[143.7349,-34.4186],[143.751,-34.4093],[143.7551,-34.3963],[143.7662,-34.3967],[143.7717,-34.3896],[143.7847,-34.392],[143.7862,-34.3861],[143.7776,-34.3842],[143.7866,-34.3753],[143.8006,-34.3726],[143.8056,-34.3799],[143.8256,-34.3651],[143.8398,-34.3685],[143.8457,-34.3633],[143.8418,-34.3541],[143.8819,-34.3505],[143.8883,-34.336],[143.899,-34.3308],[143.9136,-34.333],[143.9148,-34.3528],[143.9304,-34.3629],[143.9511,-34.3597],[143.9524,-34.349],[144.0371,-34.2732],[144.0639,-34.273],[144.0709,-34.2622],[144.0683,-34.2482],[144.0778,-34.2382],[144.0731,-34.2366],[144.0778,-34.2319],[144.0741,-34.2206],[144.0926,-34.2108],[144.1038,-34.2149],[144.1184,-34.1892],[144.1394,-34.2048],[144.1603,-34.2101],[144.1567,-34.2221],[144.169,-34.2235],[144.1685,-34.2304],[144.1813,-34.234],[144.186,-34.2438],[144.212,-34.2523],[144.2274,-34.2513],[144.2262,-34.2461],[144.2424,-34.2415],[144.2389,-34.2331],[144.2486,-34.2306],[144.2593,-34.2374],[144.2711,-34.2343],[144.2742,-34.2429],[144.2834,-34.2414],[144.2811,-34.2318],[144.292,-34.2327],[144.296,-34.2442],[144.309,-34.2389],[144.3173,-34.2464],[144.3273,-34.2374],[144.3357,-34.244],[144.3499,-34.2424],[144.3499,-34.237],[144.3601,-34.2416],[144.3683,-34.2345],[144.374,-34.239],[144.3782,-34.2351],[144.3738,-34.2294],[144.3885,-34.2283],[144.3856,-34.2235],[144.3914,-34.2182],[144.4025,-34.2245],[144.412,-34.2193],[144.4254,-34.2283],[144.4341,-34.218],[144.47,-34.2229],[144.4844,-34.2126],[144.5034,-34.21],[144.5202,-34.1837],[144.5304,-34.1862],[144.5402,-34.1746],[144.5506,-34.173],[144.553,-34.1627],[144.5463,-34.1581],[144.5623,-34.129],[144.5749,-34.1353],[144.5735,-34.1305],[144.5865,-34.1287],[144.5847,-34.1185],[144.6043,-34.118],[144.6071,-34.1055],[144.6244,-34.0973],[144.629,-34.0868],[144.6511,-34.0796],[144.6759,-34.085],[144.6745,-34.0763],[144.6886,-34.0677],[144.6823,-34.0577],[144.6884,-34.0566],[144.6875,-34.0485],[144.5582,-34.0284],[144.5626,-34.0007],[144.5524,-33.9997],[144.5785,-33.8865],[144.5423,-33.8823],[144.5538,-33.8134],[144.5441,-33.8123],[144.5564,-33.7333],[144.5132,-33.7283],[144.5256,-33.6477],[144.5218,-33.6435],[144.5313,-33.6104],[144.4476,-33.6015],[144.4605,-33.5163],[144.4316,-33.5131],[144.4414,-33.4525],[144.3906,-33.4468],[144.3912,-33.4413],[144.3824,-33.4404],[144.3955,-33.3633],[144.3649,-33.3598],[144.3666,-33.3241],[144.3577,-33.3228],[144.3588,-33.3082],[144.3674,-33.3075],[144.3687,-33.2827],[144.2626,-33.2729],[144.2643,-33.263],[144.2778,-33.2542],[144.2363,-33.2498],[144.2514,-33.1551],[143.9059,-33.1157],[143.8982,-33.1614],[143.839,-33.1546],[143.8167,-33.1374],[143.7899,-33.1489],[143.721,-33.1405],[143.7148,-33.1546],[143.674,-33.1707],[143.6665,-33.1791],[143.6485,-33.159],[143.6361,-33.1578],[143.6373,-33.1499],[143.5525,-33.1405],[143.5494,-33.1597],[143.3783,-33.1413],[143.3557,-33.2759],[143.3082,-33.2708],[143.2949,-33.3563],[143.2433,-33.3507],[143.2108,-33.5686],[143.0395,-33.5503],[143.0043,-33.7816]]]},"properties":{"lga_code_2023":"10300","lga_name_2023":"Balranald","state_code_2021":"1"}},{"type":"Feature","geometry":{"type":"Polygon","coordinates":[[[149.8488,-33.5279],[149.8696,-33.5199],[149.8717,-33.5091],[149.9071,-33.5103],[149.9078,-33.4936],[149.9194,-33.4852],[149.9222,-33.4778],[149.9129,-33.4765],[149.9194,-33.4406],[149.9019,-33.4381],[149.9026,-33.4028],[149.9114,-33.3996],[149.915,-33.3836],[149.9137,-33.3771],[149.8959,-33.376],[149.8991,-33.3691],[149.8854,-33.3707],[149.8848,-33.3526],[149.8785,-33.3446],[149.871,-33.3463],[149.8648,-33.3364],[149.8513,-33.3373],[149.8445,-33.3269],[149.8323,-33.3237],[149.8214,-33.2989],[149.8277,-33.2999],[149.8364,-33.2574],[149.8081,-33.2535],[149.8224,-33.2476],[149.8285,-33.2236],[149.8144,-33.2235],[149.7995,-33.2054],[149.7806,-33.2086],[149.7698,-33.197],[149.7742,-33.1801],[149.7519,-33.1773],[149.7614,-33.1637],[149.7631,-33.131],[149.772,-33.1159],[149.766,-33.1008],[149.7376,-33.1055],[149.7334,-33.0955],[149.7192,-33.0977],[149.6865,-33.0748],[149.6818,-33.081],[149.6508,-33.069],[149.6507,-33.0597],[149.6622,-33.0539],[149.647,-33.0445],[149.6503,-33.0389],[149.64,-33.0383],[149.6542,-33.0318],[149.6464,-33.0209],[149.6386,-33.0202],[149.6416,-33.0042],[149.6509,-32.9955],[149.641,-32.9902],[149.6162,-32.9867],[149.6147,-32.9948],[149.5865,-32.9938],[149.5874,-32.9883],[149.5551,-32.9842],[149.5391,-32.9719],[149.5267,-32.9794],[149.5011,-32.9754],[149.4967,-32.9803],[149.4847,-32.9601],[149.4606,-32.958],[149.4566,-32.9486],[149.4569,-32.9596],[149.4275,-32.9856],[149.4198,-32.9783],[149.403,-32.9761],[149.4017,-32.9988],[149.3835,-32.9919],[149.3785,-33.0083],[149.3625,-33.0204],[149.3642,-33.0318],[149.3532,-33.0357],[149.3544,-33.0479],[149.3454,-33.0609],[149.3349,-33.0674],[149.323,-33.0592],[149.3157,-33.09],[149.3161,-33.1093],[149.3226,-33.1168],[149.3171,-33.1466],[149.3504,-33.1511],[149.3444,-33.1836],[149.3495,-33.1843],[149.3442,-33.2388],[149.3134,-33.239],[149.3215,-33.2632],[149.3108,-33.276],[149.3259,-33.2872],[149.3372,-33.3279],[149.3127,-33.3506],[149.3184,-33.3514],[149.2989,-33.4277],[149.3415,-33.4324],[149.3413,-33.4466],[149.3631,-33.4515],[149.3624,-33.4715],[149.3697,-33.4729],[149.3675,-33.4852],[149.3592,-33.4841],[149.3559,-33.5032],[149.3622,-33.4993],[149.3536,-33.5266],[149.3717,-33.534],[149.411,-33.5342],[149.4097,-33.5419],[149.4221,-33.5435],[149.406,-33.6059],[149.4189,-33.6195],[149.394,-33.6933],[149.3713,-33.6971],[149.3374,-33.7313],[149.3348,-33.7449],[149.3174,-33.7426],[149.3209,-33.7246],[149.3164,-33.724],[149.2899,-33.7398],[149.2578,-33.7398],[149.2428,-33.7598],[149.234,-33.7605],[149.2194,-33.7924],[149.203,-33.8019],[149.1852,-33.7977],[149.1774,-33.8231],[149.1834,-33.8389],[149.1703,-33.8412],[149.1839,-33.8518],[149.1819,-33.8582],[149.1717,-33.8598],[149.1667,-33.8519],[149.1663,-33.8589],[149.1485,-33.8495],[149.1352,-33.8597],[149.14,-33.8605],[149.1347,-33.8689],[149.1182,-33.8706],[149.1184,-33.8798],[149.1244,-33.8823],[149.1171,-33.8843],[149.1392,-33.9031],[149.1375,-33.9097],[149.155,-33.9272],[149.1533,-33.9363],[149.1403,-33.9447],[149.1445,-33.9579],[149.1649,-33.978],[149.1977,-33.9849],[149.2028,-33.9691],[149.2119,-33.9714],[149.2185,-33.9636],[149.2355,-33.9797],[149.2339,-33.9677],[149.2439,-33.9698],[149.275,-33.9593],[149.2793,-33.9485],[149.2909,-33.9529],[149.2997,-33.9462],[149.3016,-33.9536],[149.3141,-33.9568],[149.3478,-33.9533],[149.3539,-33.9586],[149.3521,-33.9712],[149.3644,-33.9692],[149.3634,-33.9769],[149.3758,-33.9844],[149.3836,-33.9796],[149.3853,-33.991],[149.3947,-33.9976],[149.4067,-33.9301],[149.3976,-33.9331],[149.4037,-33.9246],[149.4135,-33.8574],[149.4442,-33.8614],[149.4288,-33.8556],[149.4258,-33.8476],[149.4372,-33.8341],[149.4462,-33.8367],[149.4442,-33.8439],[149.4604,-33.8462],[149.4615,-33.8401],[149.4836,-33.8463],[149.479,-33.8204],[149.4896,-33.7934],[149.4837,-33.7853],[149.4988,-33.7684],[149.4996,-33.748],[149.5088,-33.7519],[149.5142,-33.7451],[149.5277,-33.7439],[149.553,-33.7489],[149.5596,-33.7379],[149.5706,-33.7438],[149.5736,-33.7361],[149.5679,-33.7327],[149.5783,-33.7215],[149.5761,-33.7151],[149.5854,-33.7067],[149.6118,-33.7081],[149.6202,-33.6919],[149.6115,-33.6821],[149.6308,-33.6672],[149.6397,-33.6765],[149.6372,-33.668],[149.6588,-33.6747],[149.657,-33.6806],[149.6816,-33.684],[149.6803,-33.6774],[149.6916,-33.676],[149.6939,-33.6698],[149.692,-33.6507],[149.7096,-33.645],[149.7057,-33.6413],[149.7131,-33.6338],[149.7083,-33.6285],[149.719,-33.6266],[149.7074,-33.6108],[149.6875,-33.611],[149.6767,-33.601],[149.6679,-33.6016],[149.6697,-33.5951],[149.6588,-33.5992],[149.6588,-33.5916],[149.668,-33.59],[149.6516,-33.5699],[149.6556,-33.5646],[149.6493,-33.5681],[149.6404,-33.5601],[149.6448,-33.5539],[149.6251,-33.5636],[149.6191,-33.5575],[149.6134,-33.5603],[149.6186,-33.553],[149.6106,-33.529],[149.6249,-33.5206],[149.6229,-33.5042],[149.6296,-33.5006],[149.6239,-33.493],[149.6471,-33.4952],[149.6646,-33.485],[149.6733,-33.497],[149.7058,-33.5147],[149.7083,-33.5303],[149.7228,-33.5253],[149.7304,-33.5369],[149.7444,-33.5418],[149.755,-33.5407],[149.756,-33.5316],[149.7684,-33.5309],[149.772,-33.5218],[149.7926,-33.5475],[149.8242,-33.5373],[149.8292,-33.5269],[149.8363,-33.5316],[149.8488,-33.5279]]]},"properties":{"lga_code_2023":"10470","lga_name_2023":"Bathurst","state_code_2021":"1"}},{"type":"Feature","geometry":{"type":"Polygon","coordinates":[[[151.148,-33.9273],[151.1008,-33.9393],[151.102,-33.9497],[151.1189,-33.9694],[151.1306,-33.9661],[151.1348,-33.9562],[151.138,-33.9598],[151.1282,-34.006],[151.1495,-33.9942],[151.1511,-33.9741],[151.1652,-33.9506],[151.1757,-33.955],[151.1822,-33.9679],[151.1868,-33.9645],[151.1808,-33.9556],[151.1858,-33.9522],[151.1933,-33.974],[151.1923,-33.9542],[151.2125,-33.9635],[151.1991,-33.9599],[151.2021,-33.9713],[151.2209,-33.9684],[151.2212,-33.9591],[151.2316,-33.9524],[151.228,-33.925],[151.1808,-33.9192],[151.1621,-33.9337],[151.148,-33.9273]]]},"properties":{"lga_code_2023":"10500","lga_name_2023":"Bayside (NSW)","state_code_2021":"1"}},{"type":"Feature","geometry":{"type":"MultiPolygon","coordinates":[[[[150.0788,-36.4252],[150.0679,-36.4197],[150.0653,-36.4064],[150.0833,-36.3637],[150.0724,-36.3526],[150.0738,-36.3576],[150.065,-36.3579],[150.0642,-36.3494],[150.0568,-36.3512],[150.0528,-36.3432],[150.0574,-36.3632],[150.0507,-36.3548],[150.0342,-36.3535],[150.0325,-36.3457],[150.0309,-36.3545],[150.0263,-36.3539],[150.0316,-36.3556],[150.019,-36.3643],[150.0047,-36.3654],[149.9944,-36.3531],[149.9952,-36.359],[149.9874,-36.3584],[149.9837,-36.3479],[149.9757,-36.3452],[149.9678,-36.3187],[149.9598,-36.3156],[149.9505,-36.3236],[149.9533,-36.3115],[149.9439,-36.3058],[149.953,-36.2688],[149.814,-36.2505],[149.7513,-36.2329],[149.7398,-36.2398],[149.6405,-36.1955],[149.6531,-36.1354],[149.6496,-36.1308],[149.6317,-36.1279],[149.6236,-36.1349],[149.6197,-36.1306],[149.6151,-36.1358],[149.5941,-36.1365],[149.5745,-36.1516],[149.57,-36.2018],[149.5479,-36.206],[149.5521,-36.2181],[149.5478,-36.2243],[149.5366,-36.2245],[149.6023,-36.3378],[149.5696,-36.36],[149.5392,-36.3656],[149.5367,-36.3872],[149.5436,-36.3924],[149.5421,-36.3992],[149.5296,-36.4047],[149.5259,-36.4153],[149.4845,-36.4298],[149.4705,-36.4558],[149.474,-36.4675],[149.4572,-36.4852],[149.4678,-36.4858],[149.4715,-36.5041],[149.4599,-36.5121],[149.4554,-36.5296],[149.4418,-36.5295],[149.4325,-36.5453],[149.3963,-36.548],[149.384,-36.5646],[149.387,-36.587],[149.3786,-36.5947],[149.3947,-36.6039],[149.4014,-36.6176],[149.3981,-36.6234],[149.4128,-36.6335],[149.4099,-36.6424],[149.415,-36.6509],[149.4537,-36.6459],[149.4609,-36.6466],[149.4646,-36.6554],[149.4542,-36.6692],[149.458,-36.687],[149.4388,-36.7011],[149.4595,-36.7111],[149.4597,-36.7167],[149.452,-36.7215],[149.4577,-36.7376],[149.4387,-36.7568],[149.4466,-36.768],[149.438,-36.7762],[149.4666,-36.7798],[149.4726,-36.7938],[149.4855,-36.7895],[149.4805,-36.8094],[149.4846,-36.8193],[149.5027,-36.8213],[149.5102,-36.8308],[149.5027,-36.8456],[149.4771,-36.8481],[149.4707,-36.8542],[149.4618,-36.8477],[149.448,-36.8533],[149.4481,-36.861],[149.4259,-36.8582],[149.4074,-36.8621],[149.4,-36.8746],[149.377,-36.8748],[149.3825,-36.8794],[149.3796,-36.9051],[149.3879,-36.914],[149.375,-36.9588],[149.3822,-36.9756],[149.3992,-36.9818],[149.394,-36.984],[149.3948,-37.0018],[149.4171,-37.0003],[149.4181,-37.0063],[149.3979,-37.0206],[149.4018,-37.1154],[149.3565,-37.2628],[149.9773,-37.5046],[149.9754,-37.4454],[149.9566,-37.4235],[149.9498,-37.3747],[149.9722,-37.3285],[149.9697,-37.3097],[149.9508,-37.2956],[149.944,-37.2777],[149.966,-37.2498],[149.9869,-37.2399],[150.0131,-37.2555],[150.0519,-37.2623],[150.0309,-37.2379],[150.0278,-37.2225],[150.0109,-37.2118],[150.0235,-37.212],[150.0156,-37.2011],[150.0209,-37.1854],[150.003,-37.1685],[150.0096,-37.1613],[150.0049,-37.1413],[149.9923,-37.1363],[149.9876,-37.1411],[149.969,-37.1257],[149.9713,-37.1178],[149.9523,-37.1087],[149.9538,-37.1009],[149.9432,-37.1054],[149.9383,-37.0986],[149.9267,-37.0999],[149.9297,-37.1101],[149.9114,-37.1118],[149.8935,-37.0971],[149.8865,-37.1037],[149.8783,-37.101],[149.8725,-37.0832],[149.9019,-37.0692],[149.9148,-37.0761],[149.9099,-37.0621],[149.9234,-37.0463],[149.9447,-37.054],[149.9399,-37.0312],[149.9477,-37.0176],[149.9308,-37.0078],[149.9267,-36.9921],[149.9335,-36.9593],[149.9459,-36.9491],[149.9288,-36.9419],[149.9204,-36.9477],[149.9134,-36.9446],[149.9053,-36.9313],[149.9048,-36.9146],[149.9197,-36.8954],[149.9381,-36.9025],[149.9296,-36.8947],[149.9353,-36.8842],[149.9302,-36.874],[149.9391,-36.8575],[149.95,-36.8554],[149.9344,-36.8441],[149.9368,-36.8267],[149.943,-36.8222],[149.9406,-36.8117],[149.9537,-36.7923],[149.9672,-36.7874],[149.9772,-36.7696],[149.9839,-36.7538],[149.9808,-36.748],[149.9855,-36.7467],[149.9819,-36.7371],[149.9919,-36.7256],[149.9793,-36.7222],[149.9828,-36.7023],[149.9971,-36.6922],[149.9925,-36.6878],[149.9993,-36.6856],[149.9946,-36.6784],[149.9999,-36.665],[150.0441,-36.589],[150.0568,-36.5829],[150.0558,-36.5707],[150.0683,-36.5542],[150.0555,-36.5402],[150.0622,-36.5066],[150.0548,-36.4882],[150.0737,-36.4591],[150.0724,-36.4442],[150.0848,-36.4292],[150.0827,-36.4228],[150.0788,-36.4252]]],[[[150.0526,-37.2625],[150.0522,-37.2622],[150.0522,-37.2623],[150.0526,-37.2625]]],[[[149.9137,-37.0694],[149.9139,-37.0693],[149.9137,-37.0691],[149.9137,-37.0694]]],[[[149.9461,-37.0563],[149.9465,-37.0564],[149.9464,-37.0562],[149.9461,-37.0563]]],[[[149.945,-37.053],[149.9452,-37.0525],[149.9449,-37.0527],[149.945,-37.053]]],[[[149.9481,-37.0176],[149.9489,-37.0182],[149.9482,-37.0172],[149.9481,-37.0176]]],[[[149.9464,-36.9493],[149.9472,-36.9496],[149.9463,-36.9487],[149.9464,-36.9493]]],[[[149.946,-36.9492],[149.946,-36.9493],[149.9461,-36.9493],[149.946,-36.9492]]],[[[150.0196,-37.1839],[150.0193,-37.1832],[150.0191,-37.1832],[150.0196,-37.1839]]],[[[150.0214,-37.1889],[150.0216,-37.1887],[150.0215,-37.1883],[150.0214,-37.1889]]],[[[150.052,-37.2631],[150.0517,-37.2634],[150.0521,-37.2637],[150.052,-37.2631]]],[[[150.0511,-37.2636],[150.0514,-37.2631],[150.0511,-37.2631],[150.0511,-37.2636]]],[[[150.0106,-37.1739],[150.0108,-37.1736],[150.0103,-37.1738],[150.0106,-37.1739]]],[[[150.0203,-37.184],[150.0206,-37.1837],[150.0202,-37.1838],[150.0203,-37.184]]],[[[150.0188,-37.1834],[150.0189,-37.1832],[150.0186,-37.1831],[150.0188,-37.1834]]],[[[149.955,-37.1087],[149.9548,-37.1084],[149.9543,-37.1084],[149.955,-37.1087]]],[[[149.9564,-37.1094],[149.9566,-37.1094],[149.9565,-37.1092],[149.9564,-37.1094]]],[[[149.957,-37.1096],[149.9572,-37.1095],[149.957,-37.1094],[149.957,-37.1096]]],[[[149.9699,-36.7859],[149.9691,-36.7857],[149.9693,-36.787],[149.9699,-36.7859]]],[[[149.9824,-36.757],[149.9827,-36.7571],[149.9826,-36.7566],[149.9824,-36.757]]],[[[150.0506,-36.5856],[150.0511,-36.5859],[150.0514,-36.5857],[150.0506,-36.5856]]],[[[150.0058,-37.1409],[150.0053,-37.1423],[150.0063,-37.1426],[150.0058,-37.1409]]],[[[150.0006,-37.1415],[150,-37.1408],[149.9999,-37.1412],[150.0006,-37.1415]]],[[[149.9599,-37.1141],[149.9601,-37.1137],[149.9599,-37.1138],[149.9599,-37.1141]]],[[[150.0052,-37.1628],[150.0054,-37.1627],[150.0052,-37.1626],[150.0052,-37.1628]]],[[[150.0053,-37.1626],[150.0053,-37.1625],[150.0052,-37.1625],[150.0053,-37.1626]]],[[[149.9731,-36.7792],[149.9736,-36.7784],[149.9732,-36.778],[149.9731,-36.7792]]],[[[149.9731,-36.7778],[149.9738,-36.7775],[149.9735,-36.7773],[149.9731,-36.7778]]],[[[149.991,-36.7295],[149.9915,-36.7294],[149.9911,-36.7293],[149.991,-36.7295]]],[[[149.9834,-36.7529],[149.9831,-36.7523],[149.9828,-36.7526],[149.9834,-36.7529]]],[[[149.9832,-36.7491],[149.983,-36.7494],[149.9832,-36.7498],[149.9832,-36.7491]]],[[[149.9836,-36.7497],[149.9837,-36.75],[149.9838,-36.7494],[149.9836,-36.7497]]],[[[150.0573,-36.4874],[150.0575,-36.4871],[150.0571,-36.4873],[150.0573,-36.4874]]],[[[150.0606,-36.4976],[150.0609,-36.4974],[150.0608,-36.4974],[150.0606,-36.4976]]],[[[150.0569,-36.4876],[150.0571,-36.4875],[150.0571,-36.4874],[150.0569,-36.4876]]],[[[150.0573,-36.4866],[150.0574,-36.4864],[150.0572,-36.4865],[150.0573,-36.4866]]],[[[150.0565,-36.4879],[150.0566,-36.4877],[150.0564,-36.4878],[150.0565,-36.4879]]],[[[150.0562,-36.4961],[150.0563,-36.4959],[150.0562,-36.4959],[150.0562,-36.4961]]],[[[149.9132,-37.0697],[149.9135,-37.0698],[149.9136,-37.0697],[149.9132,-37.0697]]],[[[149.9446,-37.0558],[149.9448,-37.0555],[149.9446,-37.0556],[149.9446,-37.0558]]],[[[149.9163,-37.074],[149.9163,-37.0739],[149.9162,-37.0739],[149.9163,-37.074]]],[[[149.9348,-36.8851],[149.935,-36.8849],[149.9349,-36.8847],[149.9348,-36.8851]]],[[[149.9315,-36.8975],[149.9318,-36.8975],[149.9316,-36.8974],[149.9315,-36.8975]]],[[[150.0748,-36.4429],[150.0751,-36.4428],[150.075,-36.4426],[150.0748,-36.4429]]],[[[150.0668,-36.4141],[150.0669,-36.4138],[150.0667,-36.4137],[150.0668,-36.4141]]],[[[150.0725,-36.4657],[150.0727,-36.4656],[150.0727,-36.4655],[150.0725,-36.4657]]],[[[150.0721,-36.4653],[150.0724,-36.4652],[150.0722,-36.4652],[150.0721,-36.4653]]],[[[150.0725,-36.4606],[150.0724,-36.4607],[150.0727,-36.4607],[150.0725,-36.4606]]],[[[150.0669,-36.4158],[150.0668,-36.416],[150.0669,-36.4161],[150.0669,-36.4158]]],[[[150.0676,-36.4176],[150.0677,-36.4174],[150.0676,-36.4174],[150.0676,-36.4176]]],[[[150.0718,-36.4479],[150.0719,-36.4479],[150.0719,-36.4477],[150.0718,-36.4479]]],[[[150.0745,-36.4218],[150.0744,-36.4218],[150.0742,-36.4221],[150.0745,-36.4218]]],[[[150.0722,-36.45],[150.0723,-36.45],[150.0725,-36.4498],[150.0722,-36.45]]],[[[150.0728,-36.4659],[150.0729,-36.4658],[150.0728,-36.4657],[150.0728,-36.4659]]],[[[150.0723,-36.453],[150.0724,-36.4529],[150.0723,-36.4529],[150.0723,-36.453]]],[[[150.0738,-36.4218],[150.0739,-36.4216],[150.0738,-36.4216],[150.0738,-36.4218]]],[[[150.0724,-36.4534],[150.0725,-36.4535],[150.0723,-36.4533],[150.0724,-36.4534]]],[[[150.0725,-36.4528],[150.0726,-36.4528],[150.0726,-36.4527],[150.0725,-36.4528]]],[[[150.0741,-36.422],[150.0743,-36.4219],[150.0743,-36.4218],[150.0741,-36.422]]],[[[150.073,-36.454],[150.0731,-36.4539],[150.073,-36.4539],[150.073,-36.454]]],[[[150.0721,-36.4505],[150.0723,-36.4505],[150.0722,-36.4504],[150.0721,-36.4505]]],[[[150.0728,-36.4529],[150.0729,-36.4528],[150.0728,-36.4527],[150.0728,-36.4529]]],[[[150.075,-36.4216],[150.0751,-36.4215],[150.0749,-36.4215],[150.075,-36.4216]]],[[[150.0727,-36.449],[150.0728,-36.449],[150.0728,-36.4489],[150.0727,-36.449]]],[[[150.0728,-36.4536],[150.0729,-36.4536],[150.0729,-36.4535],[150.0728,-36.4536]]],[[[150.0741,-36.4219],[150.0742,-36.4217],[150.0741,-36.4217],[150.0741,-36.4219]]],[[[150.0152,-36.6452],[150.015,-36.6454],[150.0151,-36.6456],[150.0152,-36.6452]]],[[[150.0807,-36.4234],[150.0809,-36.4232],[150.0807,-36.4232],[150.0807,-36.4234]]],[[[150.0821,-36.4226],[150.0821,-36.4225],[150.082,-36.4224],[150.0821,-36.4226]]],[[[150.0806,-36.3787],[150.0806,-36.3784],[150.0801,-36.3782],[150.0806,-36.3787]]],[[[150.08,-36.3791],[150.0802,-36.379],[150.08,-36.3789],[150.08,-36.3791]]],[[[150.0792,-36.3789],[150.0795,-36.3789],[150.0794,-36.3787],[150.0792,-36.3789]]],[[[150.0807,-36.3759],[150.0809,-36.3757],[150.0809,-36.3755],[150.0807,-36.3759]]],[[[150.0814,-36.3781],[150.0816,-36.3781],[150.0816,-36.378],[150.0814,-36.3781]]],[[[150.0818,-36.377],[150.0817,-36.3768],[150.0816,-36.377],[150.0818,-36.377]]],[[[150.0815,-36.3755],[150.0815,-36.3753],[150.0814,-36.3753],[150.0815,-36.3755]]],[[[150.0804,-36.3781],[150.0805,-36.3779],[150.0803,-36.378],[150.0804,-36.3781]]],[[[150.0812,-36.3768],[150.0813,-36.3767],[150.0811,-36.3766],[150.0812,-36.3768]]]]},"properties":{"lga_code_2023":"10550","lga_name_2023":"Bega Valley","state_code_2021":"1"}},{"type":"Feature","geometry":{"type":"Polygon","coordinates":[[[152.4766,-30.3968],[152.4381,-30.4002],[152.4174,-30.4367],[152.4018,-30.435],[152.3921,-30.4429],[152.3946,-30.4795],[152.4069,-30.4888],[152.4981,-30.5191],[152.6303,-30.5396],[152.6622,-30.5394],[152.6719,-30.532],[152.7312,-30.5269],[152.732,-30.5226],[152.8163,-30.5397],[152.8178,-30.5296],[152.8414,-30.5325],[152.8398,-30.5425],[152.8574,-30.5463],[152.8578,-30.538],[152.8651,-30.5354],[152.8634,-30.5446],[152.8886,-30.5514],[152.8877,-30.5566],[152.8998,-30.5582],[152.9006,-30.5528],[153.0149,-30.5656],[153.0296,-30.547],[153.025,-30.5336],[153.036,-30.4857],[153.0602,-30.4488],[152.9932,-30.4018],[152.9849,-30.4032],[152.9576,-30.3888],[152.9655,-30.3485],[152.9518,-30.3516],[152.9223,-30.3319],[152.8644,-30.323],[152.8552,-30.312],[152.8388,-30.3138],[152.8199,-30.3005],[152.8201,-30.2658],[152.8331,-30.2734],[152.8553,-30.253],[152.8487,-30.252],[152.8469,-30.2388],[152.8296,-30.2221],[152.8329,-30.217],[152.8174,-30.2134],[152.8035,-30.1896],[152.7552,-30.1808],[152.7508,-30.1966],[152.693,-30.189],[152.7075,-30.2042],[152.694,-30.2111],[152.6976,-30.2238],[152.6467,-30.2582],[152.6386,-30.2513],[152.6269,-30.26],[152.6159,-30.2581],[152.6112,-30.2493],[152.603,-30.2525],[152.5865,-30.2409],[152.5739,-30.2445],[152.5612,-30.2336],[152.5649,-30.2393],[152.5579,-30.241],[152.5513,-30.2578],[152.5573,-30.2623],[152.5502,-30.2777],[152.555,-30.2809],[152.5438,-30.2927],[152.5329,-30.2928],[152.5259,-30.3116],[152.5063,-30.3206],[152.4934,-30.3369],[152.4805,-30.3324],[152.4821,-30.3453],[152.4749,-30.3566],[152.4777,-30.3898],[152.4846,-30.3908],[152.4766,-30.3968]]]},"properties":{"lga_code_2023":"10600","lga_name_2023":"Bellingen","state_code_2021":"1"}},{"type":"Feature","geometry":{"type":"Polygon","coordinates":[[[145.4616,-35.6698],[145.4557,-35.6685],[145.4544,-35.6748],[145.4609,-35.6757],[145.4569,-35.6975],[145.4436,-35.6959],[145.44,-35.7153],[145.4243,-35.7066],[145.3886,-35.7274],[145.3588,-35.7163],[145.3524,-35.7192],[145.343,-35.7117],[145.332,-35.7646],[145.3428,-35.7659],[145.341,-35.793],[145.3469,-35.7937],[145.3434,-35.8455],[145.3637,-35.8479],[145.3602,-35.8618],[145.377,-35.8589],[145.3872,-35.8501],[145.4105,-35.8487],[145.4097,-35.8366],[145.4205,-35.8373],[145.4136,-35.8313],[145.4199,-35.8282],[145.4418,-35.8357],[145.4507,-35.8214],[145.4625,-35.8269],[145.4721,-35.8092],[145.492,-35.8151],[145.5026,-35.8094],[145.5217,-35.8187],[145.5356,-35.802],[145.5352,-35.8082],[145.5419,-35.8089],[145.5388,-35.8218],[145.5467,-35.8129],[145.5628,-35.8134],[145.558,-35.8282],[145.5668,-35.8265],[145.564,-35.8342],[145.5816,-35.8483],[145.5932,-35.8491],[145.5868,-35.8612],[145.598,-35.8615],[145.5955,-35.8697],[145.6011,-35.875],[145.6054,-35.8745],[145.6017,-35.8679],[145.6096,-35.8703],[145.6263,-35.8628],[145.6283,-35.8678],[145.6149,-35.8726],[145.6281,-35.8754],[145.6203,-35.8839],[145.6296,-35.8801],[145.6397,-35.8942],[145.6574,-35.9007],[145.6691,-35.9196],[145.6791,-35.9168],[145.6739,-35.9259],[145.6859,-35.9306],[145.6873,-35.9239],[145.6982,-35.921],[145.7033,-35.9257],[145.6958,-35.9258],[145.6973,-35.9365],[145.7203,-35.9344],[145.7263,-35.9423],[145.7168,-35.9506],[145.7341,-35.9513],[145.7307,-35.9585],[145.7443,-35.9591],[145.7461,-35.9642],[145.7579,-35.9581],[145.7661,-35.9667],[145.7782,-35.9602],[145.7769,-35.9724],[145.7927,-35.9728],[145.7934,-35.9828],[145.808,-35.9838],[145.81,-35.9914],[145.8167,-35.9884],[145.8114,-35.9841],[145.8283,-35.983],[145.8275,-35.9754],[145.8361,-35.9771],[145.837,-35.9831],[145.8472,-35.982],[145.8448,-35.9738],[145.8597,-35.9734],[145.848,-35.9687],[145.853,-35.9607],[145.8704,-35.9555],[145.908,-35.9536],[145.9003,-35.9628],[145.9029,-35.9689],[145.9061,-35.9633],[145.9138,-35.9696],[145.9149,-35.9645],[145.9258,-35.9646],[145.9282,-35.974],[145.9471,-35.9605],[145.9879,-35.7473],[145.9906,-35.7186],[145.984,-35.714],[145.9853,-35.706],[145.9738,-35.7046],[145.9781,-35.6816],[145.9916,-35.6833],[145.9936,-35.6736],[145.9945,-35.6688],[145.9845,-35.6674],[145.9859,-35.6606],[145.9958,-35.6616],[145.998,-35.6498],[145.9846,-35.6482],[145.9869,-35.636],[146.0045,-35.6382],[146.0073,-35.6242],[145.9941,-35.6222],[146.0018,-35.62],[146.0076,-35.5869],[145.9962,-35.5854],[145.9972,-35.5805],[145.9912,-35.5798],[145.9894,-35.5886],[145.9714,-35.5766],[145.7919,-35.5557],[145.7937,-35.5444],[145.7379,-35.5377],[145.7378,-35.5428],[145.7215,-35.5494],[145.7158,-35.5398],[145.4845,-35.512],[145.4742,-35.5895],[145.4692,-35.6026],[145.461,-35.6016],[145.459,-35.6118],[145.4686,-35.613],[145.4616,-35.6698]]]},"properties":{"lga_code_2023":"10650","lga_name_2023":"Berrigan","state_code_2021":"1"}},{"type":"Feature","geometry":{"type":"Polygon","coordinates":[[[150.8709,-33.8239],[150.889,-33.834],[150.9096,-33.8252],[150.916,-33.8054],[150.9331,-33.8068],[150.9518,-33.7766],[150.9653,-33.7794],[150.9276,-33.697],[150.9118,-33.6758],[150.8587,-33.6463],[150.8181,-33.6617],[150.8131,-33.6693],[150.8182,-33.6767],[150.8001,-33.6749],[150.7788,-33.7022],[150.7661,-33.7056],[150.7596,-33.7301],[150.7833,-33.7404],[150.793,-33.7535],[150.8118,-33.7888],[150.8129,-33.8224],[150.8709,-33.8239]]]},"properties":{"lga_code_2023":"10750","lga_name_2023":"Blacktown","state_code_2021":"1"}},{"type":"Feature","geometry":{"type":"Polygon","coordinates":[[[146.4091,-33.7914],[146.4372,-33.7945],[146.4174,-33.9106],[146.4928,-33.9197],[146.4582,-34.1329],[146.5855,-34.1463],[146.5915,-34.1401],[146.5985,-34.1409],[146.5974,-34.1472],[146.6354,-34.1512],[146.6239,-34.2247],[146.729,-34.2368],[146.7187,-34.2981],[146.823,-34.3109],[146.8251,-34.299],[146.9114,-34.3097],[146.9133,-34.2992],[146.9238,-34.3005],[146.9249,-34.2944],[146.9345,-34.2935],[146.9795,-34.2991],[146.9796,-34.3103],[147.0479,-34.2965],[147.1077,-34.3172],[147.1084,-34.3085],[147.12,-34.3118],[147.1294,-34.2765],[147.255,-34.2913],[147.2648,-34.2354],[147.2713,-34.2449],[147.2831,-34.2449],[147.297,-34.2544],[147.3016,-34.2287],[147.2846,-34.2206],[147.3062,-34.2043],[147.2962,-34.2027],[147.3009,-34.1762],[147.3908,-34.1873],[147.3888,-34.1978],[147.4193,-34.2084],[147.4218,-34.2024],[147.4704,-34.2087],[147.4763,-34.1764],[147.4672,-34.1752],[147.4693,-34.164],[147.4723,-34.153],[147.4807,-34.154],[147.4896,-34.1118],[147.4967,-34.1065],[147.584,-34.1179],[147.5804,-34.138],[147.63,-34.1442],[147.6329,-34.1296],[147.666,-34.1301],[147.6762,-34.1453],[147.6927,-34.1468],[147.7006,-34.1589],[147.7184,-34.163],[147.7244,-34.1522],[147.7441,-34.1409],[147.7592,-34.1423],[147.7699,-34.1187],[147.7658,-34.1126],[147.7718,-34.0839],[147.7809,-34.0851],[147.784,-34.0697],[147.7724,-34.0714],[147.7692,-34.0609],[147.7572,-34.059],[147.7367,-33.9985],[147.7229,-33.9974],[147.7302,-33.9956],[147.7324,-33.9835],[147.7221,-33.9821],[147.7272,-33.9545],[147.7098,-33.9524],[147.7128,-33.9365],[147.6956,-33.9328],[147.6967,-33.9266],[147.5539,-33.906],[147.5408,-33.9105],[147.5403,-33.9015],[147.5505,-33.8944],[147.5437,-33.8905],[147.5458,-33.8822],[147.5568,-33.8707],[147.5462,-33.8694],[147.5416,-33.8513],[147.5439,-33.8401],[147.5543,-33.8319],[147.5453,-33.8258],[147.5501,-33.8216],[147.5463,-33.8102],[147.5358,-33.8059],[147.5361,-33.7996],[147.5231,-33.802],[147.5289,-33.7884],[147.5212,-33.7771],[147.5259,-33.7748],[147.5245,-33.7617],[147.5151,-33.7526],[147.5188,-33.7484],[147.5112,-33.7458],[147.5148,-33.7348],[147.5201,-33.7356],[147.507,-33.7218],[147.5153,-33.7177],[147.5085,-33.7134],[147.5143,-33.7107],[147.5106,-33.7049],[147.5029,-33.7091],[147.4819,-33.7037],[147.4839,-33.6891],[147.4719,-33.6863],[147.4171,-33.5319],[147.4043,-33.5275],[147.3584,-33.5253],[147.3427,-33.5352],[147.3389,-33.5567],[147.3224,-33.5548],[147.3204,-33.5678],[147.2781,-33.5628],[147.2761,-33.5752],[147.2459,-33.5719],[147.2428,-33.5918],[146.9864,-33.5638],[146.9885,-33.552],[146.8308,-33.5324],[146.8298,-33.538],[146.8204,-33.5282],[146.8143,-33.5301],[146.8215,-33.5376],[146.8089,-33.6072],[146.4456,-33.5639],[146.4408,-33.5209],[146.0951,-33.6031],[146.0703,-33.7535],[146.3172,-33.7805],[146.3192,-33.7864],[146.3201,-33.7811],[146.4091,-33.7914]]]},"properties":{"lga_code_2023":"10800","lga_name_2023":"Bland","state_code_2021":"1"}},{"type":"Feature","geometry":{"type":"Polygon","coordinates":[[[148.9057,-33.5837],[148.9109,-33.5943],[148.9225,-33.5989],[148.9173,-33.6015],[148.9073,-33.6583],[148.9117,-33.6835],[148.9578,-33.6883],[148.9626,-33.7078],[148.9944,-33.722],[148.9784,-33.7376],[148.976,-33.7499],[148.9929,-33.754],[148.9756,-33.7517],[148.9746,-33.7565],[148.9848,-33.758],[148.982,-33.7723],[148.9905,-33.7736],[148.9889,-33.7811],[149.0099,-33.784],[149.0077,-33.7949],[149.029,-33.7932],[149.0262,-33.8034],[149.0646,-33.8124],[149.0672,-33.7901],[149.0916,-33.7937],[149.0914,-33.7654],[149.1056,-33.7686],[149.1082,-33.7611],[149.1302,-33.7643],[149.1312,-33.7589],[149.1387,-33.7599],[149.1334,-33.7482],[149.146,-33.732],[149.1691,-33.7212],[149.1721,-33.7263],[149.2148,-33.7326],[149.225,-33.7263],[149.2376,-33.7398],[149.2577,-33.7407],[149.2899,-33.7398],[149.3209,-33.7246],[149.3174,-33.7426],[149.3348,-33.7449],[149.3374,-33.7313],[149.356,-33.7108],[149.3723,-33.6963],[149.394,-33.6933],[149.4001,-33.6838],[149.4189,-33.6195],[149.406,-33.6059],[149.4221,-33.5435],[149.4097,-33.5419],[149.411,-33.5342],[149.3717,-33.534],[149.3536,-33.5266],[149.3622,-33.4993],[149.3559,-33.5032],[149.3592,-33.4841],[149.3675,-33.4852],[149.3697,-33.4729],[149.3624,-33.4715],[149.3634,-33.4529],[149.3472,-33.4615],[149.3415,-33.4535],[149.2385,-33.4413],[149.2403,-33.4318],[149.2171,-33.4229],[149.2158,-33.4369],[149.2068,-33.4393],[149.2023,-33.4316],[149.1863,-33.4292],[149.1846,-33.4385],[149.1574,-33.4284],[149.0662,-33.4207],[149.0573,-33.4252],[149.0597,-33.4434],[149.0508,-33.4639],[148.9604,-33.4463],[148.9336,-33.444],[148.9148,-33.4502],[148.8945,-33.4813],[148.8741,-33.5323],[148.8547,-33.5446],[148.858,-33.5577],[148.8389,-33.5686],[148.8468,-33.5698],[148.8494,-33.5798],[148.8726,-33.5733],[148.8741,-33.5944],[148.8836,-33.582],[148.8984,-33.5788],[148.9057,-33.5837]]]},"properties":{"lga_code_2023":"10850","lga_name_2023":"Blayney","state_code_2021":"1"}},{"type":"Feature","geometry":{"type":"Polygon","coordinates":[[[150.6074,-33.6629],[150.616,-33.6142],[150.5816,-33.6228],[150.5799,-33.6131],[150.5631,-33.6102],[150.5584,-33.5972],[150.5649,-33.5755],[150.5476,-33.572],[150.5448,-33.5575],[150.5339,-33.5574],[150.5347,-33.5656],[150.5224,-33.5705],[150.5149,-33.582],[150.4686,-33.5838],[150.4648,-33.5757],[150.448,-33.5723],[150.4302,-33.5379],[150.4428,-33.5365],[150.4474,-33.5117],[150.4855,-33.4869],[150.4836,-33.4457],[150.5494,-33.3648],[150.5408,-33.3636],[150.5171,-33.3777],[150.4886,-33.3774],[150.4822,-33.383],[150.4877,-33.3863],[150.4853,-33.3971],[150.4758,-33.399],[150.4792,-33.4298],[150.46,-33.4493],[150.4684,-33.4541],[150.4513,-33.4588],[150.4474,-33.4814],[150.4169,-33.4866],[150.4147,-33.4805],[150.4086,-33.4818],[150.4085,-33.4733],[150.3973,-33.4796],[150.3991,-33.4895],[150.3865,-33.4794],[150.3828,-33.4876],[150.3694,-33.4911],[150.3549,-33.4858],[150.3485,-33.4924],[150.3558,-33.4959],[150.3474,-33.499],[150.3482,-33.509],[150.3356,-33.5119],[150.331,-33.5225],[150.3119,-33.5201],[150.3147,-33.5044],[150.2568,-33.4943],[150.2507,-33.558],[150.2261,-33.5605],[150.2269,-33.5495],[150.2156,-33.548],[150.2122,-33.5585],[150.2275,-33.5635],[150.2255,-33.5717],[150.2388,-33.5806],[150.2369,-33.5933],[150.2448,-33.5944],[150.2432,-33.6024],[150.2603,-33.6107],[150.259,-33.6175],[150.2715,-33.6191],[150.2619,-33.6417],[150.2405,-33.6386],[150.2378,-33.6512],[150.2481,-33.6641],[150.2314,-33.663],[150.2289,-33.676],[150.2148,-33.6748],[150.2076,-33.7085],[150.1811,-33.7044],[150.1847,-33.7103],[150.1775,-33.7161],[150.1792,-33.7221],[150.1956,-33.7129],[150.2014,-33.7181],[150.2072,-33.7141],[150.2124,-33.7213],[150.1796,-33.7435],[150.1918,-33.7503],[150.1957,-33.7666],[150.189,-33.7763],[150.1776,-33.7783],[150.179,-33.7846],[150.1687,-33.7951],[150.1811,-33.8026],[150.1693,-33.827],[150.1753,-33.8343],[150.1827,-33.8299],[150.1854,-33.8377],[150.1757,-33.8613],[150.1662,-33.8656],[150.1888,-33.8861],[150.1963,-33.8778],[150.2066,-33.8851],[150.2341,-33.8845],[150.2456,-33.8779],[150.2471,-33.8692],[150.2549,-33.8715],[150.2796,-33.8508],[150.3049,-33.8454],[150.3121,-33.8517],[150.321,-33.8494],[150.3246,-33.8561],[150.3406,-33.8565],[150.334,-33.8477],[150.3591,-33.8377],[150.3531,-33.8337],[150.3651,-33.8018],[150.4179,-33.8094],[150.4054,-33.8628],[150.4258,-33.883],[150.449,-33.8865],[150.4611,-33.8995],[150.4678,-33.8994],[150.4766,-33.8867],[150.4919,-33.8844],[150.4889,-33.8727],[150.5017,-33.8649],[150.5336,-33.8795],[150.5425,-33.8954],[150.5604,-33.8915],[150.5682,-33.875],[150.5857,-33.8761],[150.6108,-33.8587],[150.5927,-33.8555],[150.5904,-33.8374],[150.6197,-33.8141],[150.643,-33.7798],[150.6441,-33.7212],[150.6582,-33.713],[150.659,-33.6855],[150.6533,-33.681],[150.6576,-33.6617],[150.6074,-33.6629]]]},"properties":{"lga_code_2023":"10900","lga_name_2023":"Blue Mountains","state_code_2021":"1"}},{"type":"Feature","geometry":{"type":"Polygon","coordinates":[[[146.5052,-31.3541],[146.3196,-31.5726],[146.5043,-32.2976],[146.528,-32.3684],[146.568,-32.3715],[146.5787,-32.3654],[146.5858,-32.3696],[146.612,-32.3574],[146.6366,-32.355],[146.656,-32.3361],[146.6759,-32.333],[146.6866,-32.3588],[146.7126,-32.3759],[146.7208,-32.3955],[146.7482,-32.4154],[146.7661,-32.4159],[146.7798,-32.4384],[146.802,-32.4367],[146.807,-32.4475],[146.87,-32.4056],[146.7666,-32.2902],[146.8978,-32.2048],[146.9965,-32.3169],[147.0012,-32.2876],[147.0449,-32.293],[147.0479,-32.2745],[147.0687,-32.2769],[147.1433,-32.2278],[147.0709,-32.1509],[147.1942,-32.0682],[147.1986,-32.0713],[147.1984,-32.1103],[147.2659,-32.0664],[147.2929,-31.9952],[147.3054,-32.0021],[147.3287,-31.9948],[147.3404,-31.9857],[147.3377,-31.9777],[147.3485,-31.9798],[147.3882,-31.9505],[147.3694,-31.9311],[147.4721,-31.8655],[147.4833,-31.8652],[147.4847,-31.8601],[147.4401,-31.8211],[147.4203,-31.8476],[147.3411,-31.8104],[147.3468,-31.7851],[147.3732,-31.7393],[147.3873,-31.7301],[147.4101,-31.676],[147.4336,-31.586],[147.4697,-31.5383],[147.465,-31.5329],[147.482,-31.5223],[147.4721,-31.512],[147.4722,-31.498],[147.4595,-31.4955],[147.5057,-31.4661],[147.5012,-31.4608],[147.4867,-31.4623],[147.4984,-31.4541],[147.5211,-31.4439],[147.5272,-31.4514],[147.5149,-31.4222],[147.5072,-31.4192],[147.4602,-31.357],[147.4817,-31.3431],[147.4937,-31.3506],[147.5171,-31.335],[147.507,-31.3332],[147.4898,-31.3097],[147.4797,-31.3053],[147.4776,-31.2944],[147.419,-31.244],[147.4199,-31.2295],[147.3854,-31.2006],[147.3864,-31.1825],[147.3792,-31.1785],[147.374,-31.1615],[147.3603,-31.1557],[147.2994,-31.1924],[147.2899,-31.179],[147.3025,-31.1708],[147.285,-31.1526],[147.2812,-31.155],[147.2713,-31.1387],[147.264,-31.1436],[147.1974,-31.0781],[147.2675,-31.0331],[147.2137,-30.9756],[147.1576,-30.9025],[147.1504,-30.8304],[147.158,-30.82],[147.1181,-30.8258],[147.1156,-30.8362],[147.0804,-30.8561],[147.0538,-30.8535],[147.055,-30.8405],[147.0638,-30.8339],[147.0603,-30.8281],[147.0684,-30.8194],[147.0626,-30.814],[147.0664,-30.8089],[147.0539,-30.8008],[147.0559,-30.7777],[147.0478,-30.7649],[147.0254,-30.7621],[147.0216,-30.7462],[147.006,-30.7411],[147.008,-30.7153],[146.9028,-30.7376],[146.9527,-30.7924],[146.8907,-30.8045],[146.8779,-30.79],[146.7202,-30.8188],[146.7172,-30.8371],[146.6755,-30.827],[146.6256,-30.8365],[146.6418,-30.8647],[146.6544,-30.8624],[146.662,-30.8915],[146.6078,-30.902],[146.4316,-30.693],[146.3195,-30.7138],[146.4057,-30.8021],[146.3603,-30.8247],[146.3455,-30.8531],[146.3602,-30.8742],[146.3673,-30.8709],[146.416,-30.9483],[146.4272,-30.9432],[146.4378,-30.9605],[146.2851,-31.0318],[146.3171,-31.0805],[146.3315,-31.0734],[146.3636,-31.1224],[146.3147,-31.1521],[146.342,-31.1871],[146.3372,-31.1941],[146.3659,-31.2293],[146.4665,-31.1799],[146.5483,-31.3022],[146.5052,-31.3541]]]},"properties":{"lga_code_2023":"10950","lga_name_2023":"Bogan","state_code_2021":"1"}},{"type":"Feature","geometry":{"type":"Polygon","coordinates":[[[144.3452,-30.2539],[144.1876,-30.3607],[144.5951,-30.8124],[144.5899,-30.8153],[144.6614,-30.8949],[144.6894,-30.8913],[144.6994,-30.8679],[144.8143,-30.9931],[144.9121,-30.925],[144.9225,-30.9368],[144.9799,-30.894],[145.0096,-30.9261],[145.0651,-30.8893],[145.0874,-30.9142],[145.1259,-30.8912],[145.0633,-30.7986],[145.2286,-30.7316],[145.2455,-30.7648],[145.3842,-30.6969],[145.5646,-30.9799],[145.6076,-30.9589],[145.5759,-30.9108],[145.6633,-30.8641],[145.6534,-30.8508],[145.6693,-30.8442],[145.6608,-30.8309],[145.7344,-30.7955],[145.7791,-30.8624],[145.9126,-30.7933],[145.9209,-30.7941],[145.9224,-30.7843],[145.8945,-30.7574],[145.8881,-30.7421],[145.9097,-30.7409],[145.9689,-30.7121],[145.9923,-30.7479],[146.0704,-30.7095],[146.0572,-30.6894],[146.125,-30.656],[146.2323,-30.8273],[146.3021,-30.7909],[146.3455,-30.8531],[146.3603,-30.8247],[146.4057,-30.8021],[146.3195,-30.7138],[146.4615,-30.6874],[146.4381,-30.6027],[146.4238,-30.6053],[146.3778,-30.4156],[146.4046,-30.4187],[146.4169,-30.3562],[146.3547,-30.3496],[146.3571,-30.3347],[146.3714,-30.3361],[146.3815,-30.279],[146.3742,-30.2729],[146.3864,-30.2521],[146.3973,-30.2531],[146.3888,-30.2479],[146.427,-30.1814],[146.4103,-30.1758],[146.4186,-30.1622],[146.366,-30.1388],[146.4436,-30.0063],[146.457,-30.0076],[146.4714,-29.9403],[146.4656,-29.945],[146.4588,-29.9407],[146.4661,-29.9331],[146.463,-29.9238],[146.4521,-29.9265],[146.458,-29.9042],[146.4526,-29.8339],[146.4665,-29.8289],[146.4672,-29.819],[146.4856,-29.8124],[146.4839,-29.7982],[146.5053,-29.7903],[146.5052,-29.782],[146.5162,-29.7727],[146.5346,-29.769],[146.5597,-29.7537],[146.5752,-29.7539],[146.5745,-29.745],[146.5791,-29.7466],[146.5829,-29.737],[146.5963,-29.7325],[146.6138,-29.7092],[146.6378,-29.6915],[146.6478,-29.6916],[146.6577,-29.6788],[146.6469,-29.6462],[146.6283,-29.6237],[146.5825,-29.6488],[146.4638,-29.5354],[146.4854,-29.4932],[146.5232,-29.3812],[146.4205,-29.3815],[146.4201,-29.2362],[146.3507,-29.236],[146.3497,-29.0904],[146.375,-29.0904],[146.3754,-28.9991],[144.3929,-28.9991],[144.3694,-29.0287],[144.3568,-29.0667],[144.3573,-29.0861],[144.37,-29.1037],[144.3846,-29.1107],[144.4415,-29.1043],[144.4481,-29.122],[144.4788,-29.1517],[144.4808,-29.1686],[144.4715,-29.1885],[144.4742,-29.2],[144.4613,-29.218],[144.4688,-29.2318],[144.4505,-29.2455],[144.4496,-29.2656],[144.4171,-29.2873],[144.4056,-29.3096],[144.4133,-29.3499],[144.4243,-29.3697],[144.4126,-29.4304],[144.374,-29.485],[144.3252,-29.5189],[144.2824,-29.5715],[144.2429,-29.5909],[144.2293,-29.6229],[144.2044,-29.636],[144.193,-29.6519],[144.1949,-29.6604],[144.1657,-29.6913],[144.1375,-29.6876],[144.147,-29.6967],[144.1353,-29.7071],[144.146,-29.716],[144.1314,-29.734],[144.1413,-29.7555],[144.1396,-29.7747],[144.1181,-29.7918],[144.1131,-29.8018],[144.1207,-29.8106],[144.1108,-29.8166],[144.1257,-29.8295],[144.1252,-29.8362],[144.1369,-29.8416],[144.1445,-29.8848],[144.1353,-29.9228],[144.1402,-29.9375],[144.1287,-29.9398],[144.1328,-29.9859],[144.1201,-30.0125],[144.101,-30.0231],[144.0955,-30.0423],[144.07,-30.0466],[144.0654,-30.0557],[144.0657,-30.0626],[144.2344,-30.0799],[144.2098,-30.2398],[144.3452,-30.2539]]]},"properties":{"lga_code_2023":"11150","lga_name_2023":"Bourke","state_code_2021":"1"}},{"type":"Feature","geometry":{"type":"Polygon","coordinates":[[[146.4793,-29.3814],[146.5232,-29.3812],[146.4854,-29.4932],[146.4638,-29.5354],[146.5825,-29.6488],[146.6283,-29.6237],[146.6469,-29.6462],[146.6577,-29.6788],[146.6478,-29.6916],[146.6378,-29.6915],[146.6138,-29.7092],[146.5963,-29.7325],[146.5829,-29.737],[146.5791,-29.7466],[146.5745,-29.745],[146.5752,-29.7539],[146.5597,-29.7537],[146.5346,-29.769],[146.5162,-29.7727],[146.5052,-29.782],[146.5053,-29.7903],[146.4839,-29.7982],[146.4856,-29.8124],[146.4672,-29.819],[146.4665,-29.8289],[146.4526,-29.8339],[146.458,-29.9042],[146.4521,-29.9265],[146.463,-29.9238],[146.4661,-29.9331],[146.4588,-29.9407],[146.4656,-29.945],[146.4714,-29.9403],[146.457,-30.0076],[146.4436,-30.0063],[146.366,-30.1388],[146.4186,-30.1622],[146.4103,-30.1758],[146.427,-30.1814],[146.3888,-30.2479],[146.3973,-30.2531],[146.3864,-30.2521],[146.3742,-30.2729],[146.3815,-30.279],[146.3714,-30.3361],[146.3571,-30.3347],[146.3547,-30.3496],[146.4169,-30.3562],[146.4046,-30.4187],[146.3778,-30.4156],[146.4238,-30.6053],[146.4381,-30.6027],[146.4615,-30.6874],[146.4316,-30.693],[146.6078,-30.902],[146.662,-30.8915],[146.6544,-30.8624],[146.6418,-30.8647],[146.6256,-30.8365],[146.6755,-30.827],[146.7172,-30.8371],[146.7202,-30.8188],[146.8779,-30.79],[146.8907,-30.8045],[146.9527,-30.7924],[146.9028,-30.7376],[147.0069,-30.715],[147.0114,-30.7189],[147.006,-30.7411],[147.0216,-30.7462],[147.0254,-30.7621],[147.0478,-30.7649],[147.0558,-30.7773],[147.0569,-30.7891],[147.0507,-30.7929],[147.0685,-30.8188],[147.0538,-30.8535],[147.0804,-30.8561],[147.1156,-30.8362],[147.1181,-30.8258],[147.1557,-30.8197],[147.245,-30.8274],[147.2503,-30.8236],[147.2441,-30.8197],[147.2539,-30.8145],[147.2493,-30.8062],[147.2557,-30.804],[147.2463,-30.7937],[147.2524,-30.7787],[147.2413,-30.7701],[147.2473,-30.7668],[147.239,-30.7555],[147.2463,-30.7497],[147.2235,-30.7423],[147.225,-30.7372],[147.2133,-30.7298],[147.2178,-30.7238],[147.2035,-30.7183],[147.223,-30.694],[147.2096,-30.6863],[147.2139,-30.68],[147.2069,-30.6791],[147.2209,-30.6665],[147.2147,-30.668],[147.2052,-30.6551],[147.209,-30.6507],[147.2044,-30.6467],[147.2126,-30.6404],[147.2041,-30.6428],[147.2087,-30.6377],[147.2012,-30.6377],[147.2072,-30.6152],[147.1191,-30.6014],[147.0996,-30.5336],[147.1884,-30.5396],[147.1894,-30.5326],[147.1813,-30.5309],[147.1894,-30.5279],[147.1813,-30.5164],[147.1866,-30.514],[147.1778,-30.5062],[147.1878,-30.4819],[147.1772,-30.4838],[147.1795,-30.4772],[147.1622,-30.4667],[147.181,-30.4582],[147.1724,-30.4589],[147.1674,-30.4522],[147.1757,-30.4432],[147.1675,-30.4382],[147.1723,-30.4287],[147.1657,-30.4298],[147.1712,-30.4258],[147.1651,-30.4218],[147.1721,-30.4207],[147.1709,-30.4047],[147.18,-30.401],[147.1841,-30.3891],[147.1781,-30.3888],[147.1862,-30.3841],[147.1757,-30.3765],[147.1862,-30.3675],[147.177,-30.361],[147.1958,-30.347],[147.1916,-30.3424],[147.2003,-30.3349],[147.1949,-30.3333],[147.2036,-30.3258],[147.1969,-30.315],[147.2046,-30.3136],[147.1985,-30.311],[147.2147,-30.2976],[147.2046,-30.2867],[147.2145,-30.2766],[147.2097,-30.274],[147.2166,-30.274],[147.2232,-30.2642],[147.2124,-30.2568],[147.2185,-30.2579],[147.2167,-30.2483],[147.226,-30.2494],[147.228,-30.2411],[147.2419,-30.2326],[147.2312,-30.2256],[147.2386,-30.2176],[147.2335,-30.1975],[147.2408,-30.195],[147.237,-30.1848],[147.2489,-30.1728],[147.2465,-30.162],[147.2535,-30.1634],[147.2442,-30.1486],[147.2368,-30.1504],[147.2419,-30.142],[147.2458,-30.1453],[147.2481,-30.1374],[147.2433,-30.1351],[147.2484,-30.1357],[147.2508,-30.1279],[147.2588,-30.131],[147.2526,-30.1264],[147.2581,-30.123],[147.2652,-30.1311],[147.2695,-30.1216],[147.279,-30.1263],[147.2788,-30.1337],[147.2986,-30.1319],[147.3069,-30.1155],[147.3147,-30.117],[147.3103,-30.1223],[147.3335,-30.123],[147.3325,-30.1379],[147.3408,-30.1361],[147.3416,-30.1283],[147.3763,-30.1428],[147.3804,-30.1322],[147.3886,-30.1392],[147.3864,-30.1281],[147.3953,-30.1298],[147.3962,-30.1219],[147.4011,-30.1277],[147.4092,-30.1215],[147.4175,-30.1259],[147.4187,-30.1159],[147.3891,-30.1065],[147.4111,-29.9747],[147.4757,-29.9816],[147.4912,-29.9039],[147.4939,-29.8532],[147.4404,-29.8475],[147.4418,-29.8373],[147.4138,-29.8342],[147.423,-29.8231],[147.4004,-29.7854],[147.3808,-29.7826],[147.3926,-29.7668],[147.4174,-29.7712],[147.4273,-29.7631],[147.4178,-29.7467],[147.4042,-29.7382],[147.4107,-29.7257],[147.3795,-29.7167],[147.3677,-29.697],[147.3499,-29.6934],[147.3462,-29.6841],[147.354,-29.6734],[147.3698,-29.6705],[147.409,-29.6116],[147.4141,-29.5968],[147.4081,-29.5738],[147.4268,-29.5558],[147.4257,-29.5428],[147.4358,-29.5289],[147.4641,-29.5194],[147.4906,-29.4938],[147.4856,-29.4879],[147.4915,-29.4758],[147.5161,-29.4649],[147.5221,-29.4506],[147.5509,-29.4392],[147.5504,-29.4289],[147.5564,-29.4265],[147.5515,-29.4194],[147.5696,-29.4073],[147.5682,-29.3941],[147.5773,-29.3755],[147.5938,-29.372],[147.596,-29.3609],[147.627,-29.3584],[147.6334,-29.3485],[147.6592,-29.3526],[147.6768,-29.3445],[147.6847,-29.3227],[147.7228,-29.2828],[147.736,-29.2761],[147.7494,-29.2805],[147.7562,-29.2912],[147.7718,-29.2894],[147.772,-29.2709],[147.7871,-29.2671],[147.8017,-29.2488],[147.815,-29.2448],[147.8239,-29.2248],[147.8308,-29.223],[147.8301,-29.2087],[147.8403,-29.2033],[147.8416,-29.1934],[147.8304,-29.1899],[147.8289,-29.1823],[147.8377,-29.1683],[147.8512,-29.1628],[147.8514,-29.1488],[147.8701,-29.1446],[147.8686,-29.1353],[147.8864,-29.1124],[147.9197,-29.1151],[147.9455,-28.9991],[146.3754,-28.9991],[146.375,-29.0904],[146.3497,-29.0904],[146.3507,-29.236],[146.4201,-29.2362],[146.4205,-29.3815],[146.4793,-29.3814]]]},"properties":{"lga_code_2023":"11200","lga_name_2023":"Brewarrina","state_code_2021":"1"}},{"type":"Feature","geometry":{"type":"Polygon","coordinates":[[[141.414,-31.9388],[141.413,-31.972],[141.3928,-31.9798],[141.4121,-32.0026],[141.463,-32.0025],[141.4598,-32.0116],[141.4683,-32.0091],[141.4784,-32.0191],[141.4735,-32.0091],[141.483,-32.0025],[141.5426,-32.0024],[141.5459,-31.9137],[141.566,-31.9076],[141.5563,-31.9028],[141.5635,-31.885],[141.4127,-31.8864],[141.414,-31.9388]]]},"properties":{"lga_code_2023":"11250","lga_name_2023":"Broken Hill","state_code_2021":"1"}},{"type":"Feature","geometry":{"type":"Polygon","coordinates":[[[151.0931,-33.8786],[151.089,-33.9],[151.0974,-33.9037],[151.0996,-33.8975],[151.1124,-33.8944],[151.1207,-33.877],[151.1194,-33.871],[151.0957,-33.8671],[151.0931,-33.8786]]]},"properties":{"lga_code_2023":"11300","lga_name_2023":"Burwood","state_code_2021":"1"}},{"type":"Feature","geometry":{"type":"MultiPolygon","coordinates":[[[[153.3614,-28.5076],[153.3521,-28.5175],[153.3419,-28.5174],[153.3422,-28.5312],[153.3286,-28.5409],[153.3507,-28.5667],[153.3599,-28.5669],[153.379,-28.5823],[153.3731,-28.614],[153.4126,-28.6186],[153.417,-28.6262],[153.4116,-28.641],[153.4184,-28.6426],[153.4154,-28.6485],[153.4265,-28.6555],[153.4247,-28.6608],[153.4301,-28.6593],[153.427,-28.6667],[153.4191,-28.6619],[153.416,-28.6714],[153.4162,-28.6771],[153.4266,-28.681],[153.4241,-28.6934],[153.4077,-28.6862],[153.4006,-28.6986],[153.4092,-28.7078],[153.4071,-28.7199],[153.4121,-28.7206],[153.4077,-28.7442],[153.4224,-28.7451],[153.4265,-28.7384],[153.4353,-28.7476],[153.4463,-28.7449],[153.447,-28.7534],[153.4629,-28.7656],[153.4749,-28.7599],[153.4781,-28.7499],[153.4885,-28.754],[153.4889,-28.7468],[153.4791,-28.7387],[153.4875,-28.736],[153.4823,-28.7322],[153.4852,-28.7271],[153.4912,-28.7327],[153.5071,-28.7211],[153.5169,-28.7257],[153.5425,-28.7043],[153.575,-28.712],[153.5813,-28.7332],[153.6051,-28.7457],[153.6189,-28.7223],[153.6191,-28.7058],[153.6135,-28.7011],[153.6177,-28.6781],[153.6386,-28.6335],[153.6224,-28.6422],[153.6076,-28.6382],[153.5907,-28.6248],[153.5708,-28.595],[153.5534,-28.5312],[153.5529,-28.4772],[153.5087,-28.461],[153.506,-28.468],[153.4867,-28.4652],[153.4846,-28.4765],[153.466,-28.48],[153.4198,-28.4672],[153.4084,-28.4687],[153.4067,-28.4775],[153.3735,-28.4719],[153.3694,-28.5028],[153.3614,-28.5076]]],[[[153.6219,-28.706],[153.6219,-28.7063],[153.6223,-28.7063],[153.6219,-28.706]]],[[[153.6226,-28.7058],[153.6227,-28.7058],[153.6226,-28.7056],[153.6226,-28.7058]]],[[[153.6203,-28.7056],[153.6209,-28.7054],[153.6208,-28.7051],[153.6203,-28.7056]]],[[[153.6195,-28.7077],[153.6193,-28.7079],[153.6195,-28.7078],[153.6195,-28.7077]]],[[[153.6188,-28.7229],[153.6192,-28.7229],[153.619,-28.7227],[153.6188,-28.7229]]],[[[153.6184,-28.7114],[153.6185,-28.7114],[153.6183,-28.7113],[153.6184,-28.7114]]]]},"properties":{"lga_code_2023":"11350","lga_name_2023":"Byron","state_code_2021":"1"}},{"type":"Feature","geometry":{"type":"Polygon","coordinates":[[[148.4209,-32.973],[148.4302,-32.9699],[148.4458,-32.9922],[148.4551,-32.9936],[148.4633,-33.0134],[148.4855,-33.0197],[148.5072,-33.0534],[148.4997,-33.0999],[148.4897,-33.1089],[148.4866,-33.1232],[148.5043,-33.1342],[148.5055,-33.1659],[148.493,-33.1797],[148.4959,-33.1909],[148.4754,-33.1962],[148.4667,-33.2088],[148.4291,-33.2013],[148.431,-33.2344],[148.3971,-33.27],[148.4021,-33.2998],[148.4157,-33.3272],[148.4031,-33.3289],[148.3843,-33.3533],[148.4032,-33.3689],[148.4147,-33.3703],[148.4182,-33.385],[148.4126,-33.3947],[148.4012,-33.3966],[148.4067,-33.4053],[148.3982,-33.4011],[148.3874,-33.4137],[148.3679,-33.4108],[148.3677,-33.4209],[148.3459,-33.4209],[148.3443,-33.4295],[148.3652,-33.4353],[148.3616,-33.4492],[148.3499,-33.4437],[148.35,-33.4536],[148.3331,-33.4442],[148.3293,-33.4559],[148.3186,-33.4491],[148.3081,-33.4579],[148.3161,-33.4662],[148.3052,-33.4626],[148.2902,-33.4864],[148.2907,-33.4919],[148.3011,-33.4981],[148.308,-33.4941],[148.3098,-33.5002],[148.3249,-33.4974],[148.3232,-33.4912],[148.3513,-33.4941],[148.3593,-33.5124],[148.3928,-33.5187],[148.4002,-33.5351],[148.3904,-33.54],[148.3912,-33.547],[148.4026,-33.5573],[148.4179,-33.5571],[148.4236,-33.5652],[148.4167,-33.574],[148.4145,-33.5669],[148.3905,-33.5677],[148.3885,-33.5797],[148.418,-33.5962],[148.4161,-33.6066],[148.436,-33.6039],[148.4463,-33.6142],[148.4749,-33.598],[148.4789,-33.601],[148.4758,-33.5942],[148.4835,-33.5813],[148.5141,-33.5812],[148.5182,-33.5722],[148.5341,-33.5823],[148.5457,-33.6034],[148.5573,-33.604],[148.5628,-33.5962],[148.5674,-33.6011],[148.575,-33.5928],[148.6224,-33.5926],[148.6298,-33.5706],[148.6518,-33.5601],[148.6583,-33.5664],[148.6525,-33.5771],[148.6828,-33.5864],[148.712,-33.5737],[148.7383,-33.5381],[148.7744,-33.5255],[148.7913,-33.5318],[148.8039,-33.55],[148.8104,-33.5465],[148.8194,-33.5589],[148.815,-33.5672],[148.8258,-33.5651],[148.8289,-33.5742],[148.858,-33.5577],[148.8547,-33.5446],[148.8741,-33.5323],[148.8945,-33.4813],[148.9192,-33.4476],[148.9604,-33.4463],[149.0508,-33.4639],[149.0597,-33.4434],[149.0573,-33.4252],[149.0662,-33.4207],[149.1709,-33.4326],[149.1563,-33.4024],[149.15,-33.4013],[149.1516,-33.3938],[149.058,-33.3888],[149.0304,-33.3758],[149.0315,-33.3702],[149.0094,-33.3661],[149.0106,-33.3604],[149.0206,-33.3603],[149.0371,-33.3188],[149.0423,-33.3197],[149.0505,-33.2839],[149.0365,-33.2816],[149.0377,-33.2747],[149.0324,-33.2736],[149.0442,-33.232],[149.0488,-33.2318],[149.0433,-33.2225],[149.0878,-33.2295],[149.0919,-33.2174],[149.166,-33.2283],[149.1707,-33.2414],[149.161,-33.2843],[149.1774,-33.2906],[149.1751,-33.3011],[149.1884,-33.303],[149.181,-33.3378],[149.192,-33.3396],[149.1934,-33.3618],[149.2098,-33.3642],[149.2075,-33.3745],[149.2319,-33.3819],[149.2266,-33.411],[149.2365,-33.4124],[149.2385,-33.4413],[149.3415,-33.4535],[149.3472,-33.4615],[149.3637,-33.4529],[149.3413,-33.4466],[149.3415,-33.4324],[149.2989,-33.4277],[149.3184,-33.3514],[149.3127,-33.3506],[149.3372,-33.3279],[149.3259,-33.2872],[149.3108,-33.276],[149.3215,-33.2632],[149.3134,-33.2391],[149.3442,-33.2388],[149.3504,-33.1511],[149.3171,-33.1466],[149.3226,-33.1168],[149.3147,-33.1],[149.3238,-33.0617],[149.3131,-33.055],[149.2967,-33.0609],[149.274,-33.0441],[149.2797,-33.0362],[149.2807,-33.0084],[149.2762,-33.0154],[149.2494,-33.0129],[149.2322,-32.9987],[149.2197,-33.012],[149.2231,-33.0223],[149.1996,-33.0342],[149.1918,-33.0318],[149.1907,-33.0379],[149.168,-33.0345],[149.1715,-33.0166],[149.162,-33.0027],[149.148,-33.0014],[149.1377,-33.0132],[149.128,-33.0084],[149.1185,-33.0237],[149.1221,-33.0355],[149.1284,-33.0369],[149.1336,-33.0631],[149.1078,-33.061],[149.0885,-33.0413],[149.0814,-33.0397],[149.0743,-33.047],[149.0572,-33.0331],[149.0318,-33.0466],[149.0138,-33.0411],[149.0171,-33.0242],[149.0103,-33.0233],[149.0203,-32.9678],[148.985,-32.9624],[148.9822,-32.9484],[148.9673,-32.9389],[148.9607,-32.9094],[148.9522,-32.9003],[148.9587,-32.8919],[148.9476,-32.8941],[148.9457,-32.889],[148.9345,-32.8933],[148.9355,-32.9013],[148.9283,-32.8973],[148.9243,-32.9062],[148.9162,-32.9015],[148.9031,-32.9084],[148.8862,-32.896],[148.8537,-32.8963],[148.8583,-32.8955],[148.8583,-32.8786],[148.8407,-32.8793],[148.842,-32.872],[148.8198,-32.8761],[148.8215,-32.8814],[148.8085,-32.8797],[148.7811,-32.8293],[148.7255,-32.8005],[148.7032,-32.7628],[148.6912,-32.7691],[148.6844,-32.7524],[148.6716,-32.7434],[148.6585,-32.7421],[148.6507,-32.7483],[148.6445,-32.7355],[148.6506,-32.7245],[148.6478,-32.7106],[148.655,-32.7088],[148.6563,-32.6996],[148.6705,-32.6982],[148.6892,-32.6775],[148.6831,-32.6688],[148.6913,-32.6667],[148.6888,-32.6527],[148.667,-32.6309],[148.6636,-32.6413],[148.6376,-32.6333],[148.6309,-32.652],[148.6215,-32.648],[148.6141,-32.6536],[148.5012,-32.6141],[148.4753,-32.6278],[148.4593,-32.6074],[148.4354,-32.6206],[148.3859,-32.6221],[148.3755,-32.6304],[148.3618,-32.6219],[148.3495,-32.6368],[148.3428,-32.6648],[148.3469,-32.6769],[148.335,-32.679],[148.3295,-32.701],[148.3359,-32.7337],[148.3308,-32.7437],[148.3353,-32.7816],[148.3294,-32.8108],[148.3454,-32.8116],[148.3679,-32.825],[148.3683,-32.8315],[148.3783,-32.8326],[148.3758,-32.8454],[148.3831,-32.8506],[148.3849,-32.8728],[148.3793,-32.8769],[148.3813,-32.914],[148.3725,-32.9292],[148.3818,-32.9346],[148.3722,-32.9716],[148.3896,-32.9741],[148.3994,-32.9592],[148.4209,-32.973]]]},"properties":{"lga_code_2023":"11400","lga_name_2023":"Cabonne","state_code_2021":"1"}},{"type":"Feature","geometry":{"type":"Polygon","coordinates":[[[150.7661,-33.9451],[150.708,-33.9388],[150.7002,-33.9467],[150.6639,-33.9472],[150.6509,-33.9594],[150.6306,-33.9543],[150.6286,-33.9725],[150.6509,-33.9853],[150.6708,-33.9877],[150.6499,-34.0084],[150.6606,-34.0271],[150.6721,-34.0292],[150.658,-34.0559],[150.6568,-34.0649],[150.662,-34.0671],[150.6489,-34.082],[150.7094,-34.0934],[150.7158,-34.0849],[150.7066,-34.0776],[150.7535,-34.0795],[150.7747,-34.0703],[150.7888,-34.0405],[150.7965,-34.044],[150.7899,-34.0394],[150.7877,-34.0154],[150.7959,-34.0118],[150.7975,-33.998],[150.8226,-33.952],[150.7661,-33.9451]]]},"properties":{"lga_code_2023":"11450","lga_name_2023":"Camden","state_code_2021":"1"}},{"type":"Feature","geometry":{"type":"Polygon","coordinates":[[[150.8166,-34.1732],[150.8451,-34.1758],[150.8542,-34.1846],[150.8556,-34.1776],[150.8846,-34.1891],[150.904,-34.1848],[150.9068,-34.1648],[150.9144,-34.1585],[150.9225,-34.1278],[150.9294,-34.124],[150.9252,-34.1164],[150.9336,-34.1094],[150.9366,-34.0951],[150.9233,-34.0898],[150.9372,-34.0754],[150.9343,-34.0586],[150.9408,-34.04],[150.8867,-34.0321],[150.8892,-34.0046],[150.8929,-34.0195],[150.9069,-34.0175],[150.9015,-34.0072],[150.9126,-34.0003],[150.9078,-33.9904],[150.9132,-33.9648],[150.8868,-33.9582],[150.8445,-33.9845],[150.8284,-33.9735],[150.8212,-33.9762],[150.8151,-33.9679],[150.7975,-33.998],[150.7959,-34.0118],[150.7877,-34.0154],[150.7899,-34.0394],[150.7965,-34.044],[150.7888,-34.0405],[150.7664,-34.0781],[150.7421,-34.0807],[150.737,-34.1128],[150.7567,-34.1219],[150.7499,-34.1316],[150.7562,-34.1413],[150.7496,-34.1512],[150.7521,-34.1639],[150.8166,-34.1732]]]},"properties":{"lga_code_2023":"11500","lga_name_2023":"Campbelltown (NSW)","state_code_2021":"1"}},{"type":"Feature","geometry":{"type":"Polygon","coordinates":[[[151.083,-33.8546],[151.0945,-33.8719],[151.0957,-33.8671],[151.1276,-33.8743],[151.1662,-33.8549],[151.154,-33.8421],[151.1444,-33.8435],[151.1495,-33.8469],[151.1423,-33.8534],[151.1421,-33.8459],[151.1331,-33.8495],[151.1277,-33.8438],[151.1222,-33.8489],[151.1283,-33.8611],[151.1188,-33.8646],[151.1159,-33.8608],[151.1218,-33.8574],[151.1138,-33.854],[151.1197,-33.8529],[151.1151,-33.8497],[151.121,-33.8418],[151.1142,-33.8435],[151.1041,-33.8344],[151.0998,-33.8443],[151.1025,-33.8384],[151.0937,-33.84],[151.0993,-33.8323],[151.0913,-33.8347],[151.0944,-33.8255],[151.0895,-33.8228],[151.078,-33.8461],[151.083,-33.8546]]]},"properties":{"lga_code_2023":"11520","lga_name_2023":"Canada Bay","state_code_2021":"1"}},{"type":"Feature","geometry":{"type":"Polygon","coordinates":[[[151.0394,-33.8877],[151.0301,-33.8878],[150.9905,-33.8641],[150.9733,-33.8894],[150.9671,-33.8901],[150.9793,-33.9057],[150.9731,-33.9076],[150.979,-33.9292],[150.9687,-33.9309],[150.9662,-33.9436],[150.9828,-33.9557],[150.9812,-33.9649],[150.9974,-33.974],[150.9971,-33.9823],[151.0157,-33.982],[151.0226,-33.9641],[151.0245,-33.9772],[151.0412,-33.9732],[151.0419,-33.9474],[151.0788,-33.9471],[151.0856,-33.9404],[151.1551,-33.9259],[151.1371,-33.9213],[151.1344,-33.9057],[151.1222,-33.9063],[151.1251,-33.8957],[151.0996,-33.8975],[151.0974,-33.9037],[151.0877,-33.9001],[151.0755,-33.9096],[151.0643,-33.9078],[151.0682,-33.8858],[151.0394,-33.8877]]]},"properties":{"lga_code_2023":"11570","lga_name_2023":"Canterbury-Bankstown","state_code_2021":"1"}},{"type":"Feature","geometry":{"type":"Polygon","coordinates":[[[144.9089,-33.0744],[144.9131,-33.0491],[144.7982,-33.0362],[144.778,-33.1635],[144.7723,-33.1574],[144.7624,-33.1632],[144.7572,-33.1524],[144.7473,-33.1618],[144.7497,-33.171],[144.742,-33.1709],[144.7334,-33.2314],[144.6457,-33.2224],[144.6426,-33.2411],[144.6122,-33.2378],[144.6094,-33.2563],[144.598,-33.2551],[144.5957,-33.27],[144.5802,-33.2684],[144.5775,-33.2887],[144.5492,-33.2855],[144.5469,-33.3],[144.4911,-33.293],[144.4887,-33.3005],[144.4718,-33.299],[144.4717,-33.2912],[144.4336,-33.2877],[144.4335,-33.2805],[144.4162,-33.2791],[144.4142,-33.2865],[144.3687,-33.2827],[144.3674,-33.3075],[144.3588,-33.3082],[144.3577,-33.3228],[144.3666,-33.3241],[144.3649,-33.3598],[144.3955,-33.3633],[144.3824,-33.4404],[144.3912,-33.4413],[144.3906,-33.4468],[144.4414,-33.4525],[144.4316,-33.5131],[144.5445,-33.5257],[144.5527,-33.4882],[144.6177,-33.4978],[144.6144,-33.512],[144.7276,-33.5251],[144.7196,-33.5107],[144.7028,-33.5082],[144.7061,-33.4847],[144.6915,-33.4623],[144.8081,-33.4751],[144.802,-33.5123],[144.8192,-33.5141],[144.821,-33.5041],[144.8342,-33.5055],[144.8097,-33.6575],[144.8118,-33.684],[144.8962,-33.7117],[144.9343,-33.7162],[144.925,-33.7446],[144.9275,-33.7537],[144.966,-33.7588],[144.9716,-33.7568],[144.97,-33.7489],[144.9832,-33.7526],[144.996,-33.7395],[145.0022,-33.7433],[145.0046,-33.7377],[145.0228,-33.7391],[145.0216,-33.7347],[145.0285,-33.7389],[145.0318,-33.7321],[145.039,-33.7347],[145.044,-33.7096],[145.0535,-33.7113],[145.0657,-33.7254],[145.0957,-33.7185],[145.1023,-33.7238],[145.1189,-33.7111],[145.1293,-33.7161],[145.1384,-33.7096],[145.1402,-33.7152],[145.1547,-33.7172],[145.1634,-33.6988],[145.1746,-33.696],[145.1625,-33.7714],[145.1704,-33.7725],[145.1695,-33.7784],[145.2146,-33.826],[145.0347,-33.9402],[145.0883,-33.9991],[145.1002,-34.0004],[145.0985,-34.0096],[145.113,-34.0307],[145.1344,-34.0497],[145.1281,-34.0508],[145.1238,-34.0767],[145.1627,-34.0811],[145.2492,-34.1763],[145.2595,-34.1805],[145.2064,-34.4888],[145.2162,-34.492],[145.2172,-34.4994],[145.228,-34.4985],[145.2381,-34.508],[145.2549,-34.4985],[145.2484,-34.4968],[145.2489,-34.4915],[145.2575,-34.4912],[145.2511,-34.4842],[145.2684,-34.474],[145.2791,-34.4771],[145.3034,-34.4674],[145.3164,-34.4693],[145.3162,-34.4753],[145.33,-34.4744],[145.3162,-34.456],[145.3246,-34.4588],[145.3342,-34.4515],[145.346,-34.4606],[145.3609,-34.4511],[145.3595,-34.4427],[145.3903,-34.4667],[145.4046,-34.4524],[145.4002,-34.4432],[145.4058,-34.4359],[145.4112,-34.436],[145.4083,-34.4441],[145.4153,-34.4496],[145.4331,-34.4393],[145.4397,-34.4519],[145.432,-34.4582],[145.4439,-34.4684],[145.4579,-34.4444],[145.4656,-34.4544],[145.4856,-34.4559],[145.4938,-34.4514],[145.4823,-34.4457],[145.4848,-34.4425],[145.4973,-34.4452],[145.501,-34.4371],[145.5047,-34.4408],[145.5094,-34.4363],[145.5261,-34.4402],[145.5247,-34.4508],[145.5393,-34.4429],[145.5597,-34.4426],[145.567,-34.4491],[145.564,-34.4557],[145.5749,-34.4607],[145.5873,-34.4507],[145.592,-34.466],[145.6077,-34.4721],[145.6102,-34.4667],[145.6044,-34.4621],[145.6196,-34.4536],[145.6264,-34.459],[145.6231,-34.4679],[145.6324,-34.4659],[145.6339,-34.4737],[145.6407,-34.4658],[145.6497,-34.4746],[145.6602,-34.4641],[145.6728,-34.4727],[145.6969,-34.469],[145.6963,-34.4792],[145.6842,-34.4811],[145.6839,-34.4961],[145.6876,-34.5066],[145.7034,-34.5103],[145.6994,-34.5196],[145.7148,-34.5184],[145.7313,-34.5281],[145.7319,-34.5343],[145.7488,-34.5273],[145.7479,-34.5356],[145.7565,-34.5413],[145.7617,-34.5355],[145.7725,-34.5473],[145.7761,-34.5434],[145.7764,-34.5492],[145.7871,-34.5502],[145.7971,-34.5634],[145.8084,-34.5522],[145.8185,-34.5617],[145.8249,-34.5518],[145.8335,-34.5536],[145.8396,-34.5642],[145.8506,-34.5626],[145.8486,-34.5764],[145.8552,-34.5799],[145.8895,-34.5563],[145.9168,-34.553],[145.9257,-34.5549],[145.923,-34.5625],[145.9326,-34.563],[145.9493,-34.5531],[145.9667,-34.4532],[145.9054,-34.4395],[145.8264,-34.4408],[145.8307,-34.4177],[145.8202,-34.4164],[145.8329,-34.3453],[145.7658,-34.3374],[145.7608,-34.3666],[145.7348,-34.3634],[145.7762,-34.1159],[145.7916,-34.1178],[145.7949,-34.0989],[145.842,-34.1048],[145.8407,-34.1129],[145.8585,-34.115],[145.8598,-34.1072],[146.0474,-34.1254],[146.0447,-34.141],[146.0824,-34.1455],[146.0943,-34.1408],[146.0775,-34.1389],[146.0761,-34.1247],[146.1535,-34.1338],[146.1505,-34.1512],[146.1801,-34.1543],[146.1763,-34.1763],[146.1969,-34.1788],[146.1936,-34.1977],[146.2121,-34.192],[146.2139,-34.1819],[146.2295,-34.1865],[146.2468,-34.1812],[146.2344,-34.2532],[146.3286,-34.2636],[146.3595,-34.0837],[146.4646,-34.0964],[146.4928,-33.9197],[146.4174,-33.9106],[146.4372,-33.7945],[146.3201,-33.7811],[146.3192,-33.7864],[146.3172,-33.7805],[146.0703,-33.7535],[146.0951,-33.6031],[146.054,-33.4758],[146.0709,-33.3688],[146.067,-33.3568],[146.0726,-33.3562],[146.0758,-33.3391],[146.0861,-33.3374],[146.0908,-33.3191],[146.0811,-33.304],[146.0891,-33.3036],[146.0836,-33.2905],[146.0914,-33.2915],[146.0952,-33.2784],[146.0589,-33.2118],[146.0936,-33.1891],[146.0317,-33.0936],[145.9053,-33.0877],[145.9068,-33.0786],[145.8726,-33.0748],[145.8709,-33.0863],[145.6453,-33.0803],[145.6685,-32.9359],[145.6518,-32.9354],[145.6719,-32.8057],[145.5865,-32.7962],[145.5957,-32.7378],[145.5566,-32.7333],[145.5489,-32.7652],[145.5691,-32.7579],[145.5508,-32.7916],[145.5379,-32.7833],[145.5449,-32.7754],[145.5043,-32.7701],[145.5104,-32.7279],[145.4675,-32.7225],[145.4149,-32.7614],[145.4126,-32.7759],[145.3306,-32.7667],[145.3443,-32.6825],[145.2573,-32.6713],[145.2494,-32.7244],[145.165,-32.7148],[145.1273,-32.9547],[145.1188,-32.9537],[145.1076,-33.0337],[145.0277,-33.0219],[145.027,-33.0263],[145.0103,-33.0244],[145.008,-33.0355],[144.9917,-33.0337],[144.9936,-33.0225],[144.9849,-33.0216],[144.9823,-33.0633],[144.9864,-33.0667],[144.9794,-33.0838],[144.9411,-33.0848],[144.9423,-33.0783],[144.9089,-33.0744]]]},"properties":{"lga_code_2023":"11600","lga_name_2023":"Carrathool","state_code_2021":"1"}},{"type":"Feature","geometry":{"type":"MultiPolygon","coordinates":[[[[151.4886,-33.1881],[151.4644,-33.1939],[151.4551,-33.2028],[151.4432,-33.201],[151.4447,-33.1934],[151.4315,-33.1993],[151.4332,-33.1942],[151.411,-33.1941],[151.4111,-33.1875],[151.3986,-33.1857],[151.4041,-33.1736],[151.39,-33.1699],[151.3975,-33.165],[151.3831,-33.1398],[151.3789,-33.0997],[151.3566,-33.09],[151.3571,-33.0818],[151.333,-33.0693],[151.3315,-33.0622],[151.3059,-33.0439],[151.2959,-33.0549],[151.2664,-33.0576],[151.2617,-33.0989],[151.2325,-33.1085],[151.2183,-33.1294],[151.2026,-33.1389],[151.163,-33.1243],[151.1511,-33.1135],[151.1338,-33.111],[151.1077,-33.128],[151.0997,-33.1443],[151.1058,-33.1515],[151.1007,-33.1652],[151.1042,-33.1813],[151.0967,-33.1934],[151.1012,-33.1977],[151.0983,-33.2182],[151.1068,-33.2313],[151.0994,-33.2453],[151.1,-33.2616],[151.0869,-33.269],[151.0961,-33.2998],[151.0939,-33.312],[151.0842,-33.3185],[151.0896,-33.3269],[151.0311,-33.3516],[151.0003,-33.3506],[150.9841,-33.3716],[150.9934,-33.3977],[151.0318,-33.4053],[151.0323,-33.4273],[151.0632,-33.4425],[151.0684,-33.4601],[151.0746,-33.4598],[151.0728,-33.4492],[151.0794,-33.4454],[151.0971,-33.4803],[151.1044,-33.4792],[151.1148,-33.4638],[151.1403,-33.469],[151.1431,-33.4602],[151.1482,-33.4612],[151.1457,-33.4479],[151.1522,-33.4481],[151.1664,-33.4267],[151.1729,-33.4381],[151.1631,-33.4415],[151.1517,-33.4595],[151.1721,-33.4695],[151.1623,-33.4704],[151.1535,-33.4867],[151.1626,-33.4933],[151.1598,-33.511],[151.1644,-33.5153],[151.1704,-33.5021],[151.1819,-33.5008],[151.1994,-33.5361],[151.2047,-33.5207],[151.1993,-33.522],[151.1936,-33.512],[151.1973,-33.5065],[151.1919,-33.4888],[151.2147,-33.4705],[151.2212,-33.4761],[151.232,-33.4731],[151.2293,-33.4563],[151.2375,-33.4538],[151.2327,-33.4653],[151.2377,-33.4756],[151.2223,-33.4806],[151.2143,-33.4764],[151.2127,-33.4862],[151.2067,-33.4812],[151.1976,-33.4952],[151.2102,-33.5212],[151.2253,-33.5214],[151.227,-33.5305],[151.2314,-33.5074],[151.2657,-33.4849],[151.2591,-33.4991],[151.2457,-33.4997],[151.247,-33.5083],[151.2373,-33.5109],[151.241,-33.523],[151.2368,-33.5281],[151.251,-33.5291],[151.255,-33.5353],[151.2459,-33.5556],[151.2587,-33.5706],[151.2712,-33.5612],[151.2675,-33.5567],[151.2739,-33.5509],[151.3097,-33.5546],[151.3127,-33.5298],[151.3306,-33.5244],[151.3364,-33.5152],[151.3504,-33.5156],[151.3304,-33.4983],[151.3365,-33.4844],[151.324,-33.4832],[151.2996,-33.4958],[151.318,-33.4862],[151.3045,-33.4816],[151.3014,-33.4749],[151.3091,-33.4758],[151.3071,-33.4679],[151.3158,-33.4791],[151.3241,-33.4768],[151.3135,-33.4606],[151.3184,-33.4517],[151.3294,-33.4505],[151.3321,-33.4363],[151.3198,-33.4337],[151.327,-33.433],[151.3228,-33.4278],[151.3388,-33.43],[151.3419,-33.4507],[151.3453,-33.4406],[151.3513,-33.4452],[151.3695,-33.4387],[151.3538,-33.4597],[151.3599,-33.4695],[151.3359,-33.4743],[151.342,-33.4811],[151.3698,-33.492],[151.3741,-33.4897],[151.3649,-33.4813],[151.367,-33.4743],[151.3828,-33.4719],[151.373,-33.4862],[151.3822,-33.4907],[151.3757,-33.5006],[151.3658,-33.5023],[151.3699,-33.4937],[151.3586,-33.4898],[151.3525,-33.5014],[151.3412,-33.4893],[151.344,-33.4999],[151.3523,-33.5016],[151.347,-33.5058],[151.359,-33.5111],[151.3634,-33.5209],[151.3467,-33.5273],[151.3417,-33.5195],[151.3359,-33.5223],[151.3411,-33.5303],[151.337,-33.537],[151.345,-33.547],[151.366,-33.5302],[151.3806,-33.5333],[151.3921,-33.523],[151.4057,-33.5285],[151.4215,-33.5184],[151.4189,-33.5108],[151.4292,-33.5052],[151.4279,-33.4946],[151.4469,-33.4865],[151.4355,-33.468],[151.4526,-33.4511],[151.4443,-33.4446],[151.4449,-33.4356],[151.485,-33.3986],[151.4874,-33.3745],[151.5044,-33.3625],[151.5002,-33.3604],[151.5042,-33.3453],[151.494,-33.3365],[151.4741,-33.3659],[151.4488,-33.3546],[151.4391,-33.3417],[151.4418,-33.3299],[151.4533,-33.3253],[151.4686,-33.3285],[151.449,-33.3199],[151.4416,-33.3071],[151.4525,-33.2986],[151.465,-33.3019],[151.4751,-33.2824],[151.4881,-33.2806],[151.4946,-33.2638],[151.519,-33.2617],[151.5081,-33.223],[151.5272,-33.2202],[151.5344,-33.2393],[151.5476,-33.2331],[151.5616,-33.2397],[151.5536,-33.2259],[151.5636,-33.2075],[151.5554,-33.199],[151.5775,-33.1968],[151.5858,-33.2081],[151.5705,-33.2316],[151.5624,-33.2338],[151.558,-33.252],[151.5532,-33.2442],[151.5392,-33.2615],[151.5204,-33.2627],[151.5373,-33.267],[151.5456,-33.2777],[151.522,-33.3012],[151.5106,-33.3253],[151.5028,-33.3269],[151.5031,-33.3439],[151.5253,-33.315],[151.564,-33.2966],[151.579,-33.2822],[151.5636,-33.2717],[151.5642,-33.2489],[151.5998,-33.2107],[151.6251,-33.198],[151.622,-33.1894],[151.6293,-33.1871],[151.6305,-33.1771],[151.597,-33.172],[151.5987,-33.1637],[151.5879,-33.1499],[151.5912,-33.1317],[151.5844,-33.1267],[151.5905,-33.1201],[151.5813,-33.1027],[151.5839,-33.1229],[151.5727,-33.1323],[151.5666,-33.1303],[151.5667,-33.1363],[151.5572,-33.1316],[151.5528,-33.1457],[151.5719,-33.1548],[151.5647,-33.1676],[151.5679,-33.1753],[151.5358,-33.1433],[151.531,-33.1599],[151.5262,-33.1575],[151.5276,-33.1801],[151.5155,-33.184],[151.5122,-33.1943],[151.4886,-33.1881]]],[[[151.315,-33.5558],[151.318,-33.5586],[151.3209,-33.5572],[151.315,-33.5558]]],[[[151.2045,-33.5328],[151.2168,-33.53],[151.2122,-33.5278],[151.2045,-33.5328]]],[[[151.5727,-33.2907],[151.5719,-33.2894],[151.5705,-33.29],[151.5727,-33.2907]]]]},"properties":{"lga_code_2023":"11650","lga_name_2023":"Central Coast (NSW)","state_code_2021":"1"}},{"type":"Feature","geometry":{"type":"Polygon","coordinates":[[[142.8266,-31.6632],[142.8311,-31.6771],[142.8917,-31.7324],[142.8211,-31.7945],[142.8576,-31.8234],[142.8099,-31.8694],[142.7871,-31.8518],[142.7851,-31.8386],[142.7698,-31.8386],[142.7465,-31.8212],[142.7277,-31.8241],[142.6802,-31.8568],[142.6942,-31.8681],[142.5208,-32.0023],[142.5254,-32.0067],[142.3719,-32.1224],[142.3702,-32.2077],[142.3455,-32.2245],[142.2954,-32.2142],[142.2959,-32.2753],[142.2735,-32.2845],[142.254,-32.3517],[142.2435,-32.3489],[142.2535,-32.3535],[142.2602,-32.3683],[142.2375,-32.3794],[142.1115,-32.3674],[142.1074,-32.4185],[142.0918,-32.4679],[142.1144,-32.4794],[142.1098,-32.4985],[142.1161,-32.5153],[142.0982,-32.5251],[142.1194,-32.556],[142.1312,-32.5962],[142.2484,-32.6105],[142.2485,-32.6649],[142.2365,-32.7548],[142.388,-32.7693],[142.3862,-32.7924],[142.375,-32.7857],[142.3703,-32.7924],[142.3758,-32.7988],[142.366,-32.814],[142.3433,-32.8279],[142.3648,-32.8452],[142.3587,-32.8626],[142.3705,-32.8775],[142.3563,-32.8776],[142.3466,-32.8926],[142.362,-32.8949],[142.3764,-32.9077],[142.3743,-32.9134],[142.3664,-32.9124],[142.3683,-32.922],[142.3613,-32.9215],[142.3628,-32.9296],[142.3709,-32.9244],[142.3774,-32.9281],[142.365,-32.9341],[142.3607,-32.9415],[142.3657,-32.9549],[142.3585,-32.9587],[142.3724,-32.9608],[142.3671,-32.9653],[142.3765,-32.9737],[142.428,-32.979],[142.4245,-33.0052],[142.548,-33.0171],[142.5519,-32.9916],[142.5155,-32.8475],[142.9443,-32.8905],[142.9646,-32.7485],[143.2712,-32.7802],[143.2696,-32.7914],[143.4324,-32.8084],[143.417,-32.9075],[143.4996,-32.9183],[143.5059,-32.876],[143.592,-32.8851],[143.5852,-32.931],[143.6718,-32.9408],[143.6615,-32.9553],[143.6534,-33.0124],[143.6028,-33.0071],[143.5728,-33.0124],[143.5525,-33.1405],[143.6373,-33.1499],[143.6361,-33.1578],[143.6485,-33.159],[143.6665,-33.1791],[143.674,-33.1707],[143.7148,-33.1546],[143.721,-33.1405],[143.7899,-33.1489],[143.8167,-33.1374],[143.839,-33.1546],[143.8982,-33.1614],[143.9059,-33.1157],[144.2514,-33.1551],[144.2363,-33.2498],[144.2778,-33.2542],[144.2643,-33.263],[144.2626,-33.2729],[144.4142,-33.2865],[144.4162,-33.2791],[144.4335,-33.2805],[144.4336,-33.2877],[144.4717,-33.2912],[144.4718,-33.299],[144.4887,-33.3005],[144.4911,-33.293],[144.5469,-33.3],[144.5492,-33.2855],[144.5775,-33.2887],[144.5802,-33.2684],[144.5957,-33.27],[144.598,-33.2551],[144.6094,-33.2563],[144.6122,-33.2378],[144.6426,-33.2411],[144.6457,-33.2224],[144.7334,-33.2314],[144.742,-33.1709],[144.7497,-33.171],[144.7473,-33.1618],[144.7572,-33.1524],[144.7624,-33.1632],[144.7723,-33.1574],[144.778,-33.1635],[144.7982,-33.0362],[144.9131,-33.0491],[144.9089,-33.0744],[144.9628,-33.0873],[144.9635,-33.082],[144.9794,-33.0838],[144.9859,-33.0705],[144.9849,-33.0216],[144.9936,-33.0225],[144.9917,-33.0337],[145.008,-33.0355],[145.0103,-33.0244],[145.027,-33.0263],[145.0277,-33.0219],[145.1076,-33.0337],[145.1188,-32.9537],[145.1273,-32.9547],[145.1595,-32.7472],[144.958,-32.7233],[144.9884,-32.5283],[144.948,-32.5234],[144.8914,-32.5599],[144.8762,-32.5429],[144.8592,-32.5537],[144.8172,-32.5073],[144.6645,-32.4907],[144.6744,-32.4253],[144.5984,-32.4637],[144.5846,-32.4349],[144.4376,-32.2748],[144.3789,-32.3138],[144.2762,-32.1982],[144.3158,-32.1724],[144.2125,-32.0575],[144.1437,-32.1018],[144.0382,-31.9866],[144.1082,-31.941],[144.1524,-31.9904],[144.2152,-31.9487],[144.228,-31.9632],[144.3011,-31.9156],[144.2432,-31.8527],[144.5133,-31.6748],[144.4097,-31.5595],[144.3269,-31.6137],[144.0362,-31.2962],[144.0484,-31.2782],[144.0353,-31.2759],[144.039,-31.2629],[144.0171,-31.2436],[144.0265,-31.2359],[144.0165,-31.2313],[144.0323,-31.2211],[144.0293,-31.2135],[144.0433,-31.2021],[144.0606,-31.2019],[144.0677,-31.1897],[144.0779,-31.1956],[144.1113,-31.1896],[144.1101,-31.1696],[144.1333,-31.1612],[144.1383,-31.1433],[144.1517,-31.1417],[144.1467,-31.1368],[144.1627,-31.1342],[144.185,-31.116],[144.1865,-31.1238],[144.1934,-31.1252],[144.2225,-31.1132],[144.2275,-31.0986],[144.2452,-31.0882],[144.2332,-31.08],[144.2477,-31.079],[144.2406,-31.0668],[144.2458,-31.0593],[144.2633,-31.0662],[144.2682,-31.0626],[144.279,-31.0778],[144.2981,-31.0697],[144.3274,-31.0853],[144.3351,-31.068],[144.3497,-31.065],[144.3414,-31.0576],[144.3633,-31.0475],[144.357,-31.038],[144.3789,-31.0295],[144.3701,-31.0175],[144.3494,-31.007],[144.3547,-31.001],[144.3677,-31.006],[144.3686,-30.9937],[144.3824,-30.9891],[144.37,-30.9828],[144.3904,-30.9738],[144.3847,-30.9602],[144.4056,-30.9662],[144.3967,-30.9547],[144.4099,-30.9578],[144.421,-30.935],[144.4358,-30.9383],[144.458,-30.9189],[144.4735,-30.9189],[144.4931,-30.9021],[144.4954,-30.9121],[144.5067,-30.9039],[144.5131,-30.9117],[144.5221,-30.905],[144.5162,-30.8977],[144.5201,-30.8903],[144.5283,-30.8998],[144.558,-30.8993],[144.5631,-30.9046],[144.5697,-30.897],[144.5754,-30.9123],[144.5823,-30.8987],[144.5823,-30.906],[144.5879,-30.9018],[144.5977,-30.9086],[144.6023,-30.901],[144.5965,-30.8986],[144.6048,-30.8925],[144.6177,-30.8944],[144.6301,-30.9075],[144.6402,-30.9039],[144.6386,-30.8926],[144.6614,-30.8949],[144.5899,-30.8153],[144.5951,-30.8124],[144.1977,-30.372],[144.1261,-30.424],[144.0924,-30.3866],[144.1135,-30.3319],[144.0268,-30.3244],[144.0396,-30.2814],[143.9412,-30.2731],[143.9422,-30.2897],[143.509,-30.2426],[143.4975,-30.3232],[143.2921,-30.3018],[143.2902,-30.314],[143.0204,-30.3159],[143.0211,-30.4628],[142.8535,-30.4636],[142.8533,-30.6049],[142.7637,-30.6052],[142.764,-30.7134],[142.7393,-30.7134],[142.741,-31.0048],[142.5853,-31.0041],[142.5848,-31.0704],[142.7554,-31.0701],[142.7559,-31.3356],[142.7261,-31.3358],[142.7265,-31.5145],[142.8235,-31.5896],[142.7863,-31.6151],[142.8135,-31.6362],[142.8299,-31.638],[142.8266,-31.6632]]]},"properties":{"lga_code_2023":"11700","lga_name_2023":"Central Darling","state_code_2021":"1"}},{"type":"Feature","geometry":{"type":"Polygon","coordinates":[[[151.1508,-32.8131],[151.0977,-32.8337],[151.0923,-32.8307],[151.0855,-32.8671],[151.0625,-32.8691],[151.0672,-32.893],[151.0429,-32.9226],[151.0201,-32.9322],[151.0061,-32.9536],[150.9901,-32.9554],[150.9689,-32.9406],[150.9211,-32.9382],[150.9005,-32.9294],[150.8502,-32.9315],[150.8367,-32.9188],[150.8134,-32.92],[150.8248,-32.9442],[150.8155,-32.9464],[150.8144,-32.9551],[150.823,-32.9601],[150.8142,-32.9624],[150.8179,-32.9673],[150.8086,-32.9769],[150.8184,-32.9777],[150.8149,-32.986],[150.8194,-32.9924],[150.8156,-32.9991],[150.8013,-33.0006],[150.8063,-33.0109],[150.8198,-33.0146],[150.8185,-33.0237],[150.8301,-33.0331],[150.8553,-33.0326],[150.858,-33.0431],[150.8498,-33.0458],[150.8575,-33.05],[150.8471,-33.0523],[150.859,-33.0611],[150.8484,-33.0745],[150.8532,-33.0834],[150.8472,-33.0983],[150.8587,-33.0941],[150.8725,-33.1043],[150.8734,-33.1142],[150.8849,-33.1191],[150.9,-33.1212],[150.9241,-33.1111],[150.9659,-33.1299],[150.9942,-33.1224],[151.0254,-33.1257],[151.0372,-33.1235],[151.0397,-33.0971],[151.0525,-33.0799],[151.1031,-33.0768],[151.1145,-33.0912],[151.1279,-33.0917],[151.1355,-33.1104],[151.2026,-33.1389],[151.2183,-33.1294],[151.2325,-33.1085],[151.2617,-33.0989],[151.2664,-33.0576],[151.2963,-33.0548],[151.3048,-33.0437],[151.3315,-33.0622],[151.3411,-33.0434],[151.3657,-33.0447],[151.3738,-33.0384],[151.3855,-33.0211],[151.3862,-33.0063],[151.3947,-33.0088],[151.4319,-32.9926],[151.4476,-32.9928],[151.464,-32.9679],[151.4907,-32.9726],[151.5021,-32.9629],[151.5167,-32.9666],[151.5204,-32.9567],[151.5138,-32.9234],[151.5368,-32.9005],[151.5323,-32.8999],[151.5411,-32.8723],[151.5565,-32.8816],[151.5582,-32.8728],[151.6094,-32.8803],[151.6236,-32.8103],[151.6077,-32.808],[151.6108,-32.7922],[151.5417,-32.7829],[151.5377,-32.8011],[151.5206,-32.7985],[151.5252,-32.7771],[151.4894,-32.7753],[151.4946,-32.7517],[151.4629,-32.7467],[151.4669,-32.7281],[151.4495,-32.7258],[151.4459,-32.7429],[151.4204,-32.7394],[151.4235,-32.7235],[151.4005,-32.7028],[151.4031,-32.6629],[151.3404,-32.6488],[151.3342,-32.6827],[151.3229,-32.681],[151.3171,-32.7098],[151.2765,-32.7042],[151.268,-32.7471],[151.2168,-32.7417],[151.2088,-32.7539],[151.225,-32.7662],[151.2179,-32.7819],[151.2072,-32.7825],[151.1895,-32.7961],[151.1783,-32.7919],[151.1706,-32.8054],[151.1508,-32.8131]]]},"properties":{"lga_code_2023":"11720","lga_name_2023":"Cessnock","state_code_2021":"1"}},{"type":"Feature","geometry":{"type":"MultiPolygon","coordinates":[[[[153.3052,-29.2465],[153.2745,-29.2509],[153.2071,-29.2418],[153.2067,-29.2634],[153.1805,-29.2599],[153.1819,-29.2528],[153.143,-29.2425],[153.1393,-29.2615],[153.1466,-29.2626],[153.1444,-29.2819],[153.1114,-29.2742],[153.1005,-29.317],[153.0874,-29.3184],[153.0809,-29.3125],[153.0688,-29.3233],[153.0531,-29.3246],[153.0207,-29.343],[153.0098,-29.3314],[152.9948,-29.3277],[152.9475,-29.3327],[152.9142,-29.3107],[152.8974,-29.3215],[152.8715,-29.3094],[152.8575,-29.3122],[152.8479,-29.3232],[152.8348,-29.3144],[152.8128,-29.3172],[152.8089,-29.2994],[152.8245,-29.2744],[152.8086,-29.2359],[152.7997,-29.2334],[152.7965,-29.2248],[152.774,-29.2195],[152.7736,-29.2032],[152.763,-29.2008],[152.7546,-29.1901],[152.7217,-29.1887],[152.718,-29.1823],[152.7351,-29.1286],[152.7579,-29.1061],[152.7591,-29.0904],[152.7532,-29.0841],[152.7434,-29.0759],[152.7207,-29.0796],[152.7068,-29.051],[152.69,-29.0352],[152.6895,-29.0229],[152.6619,-29.0199],[152.6646,-29.0045],[152.5332,-28.9839],[152.5302,-28.9885],[152.5083,-28.9804],[152.5096,-28.9733],[152.4869,-28.97],[152.4886,-28.9771],[152.4626,-28.9759],[152.4729,-28.9802],[152.4762,-28.9904],[152.4639,-28.992],[152.4717,-29.0049],[152.4552,-29.0205],[152.4598,-29.0316],[152.4461,-29.0283],[152.4238,-29.0366],[152.4439,-29.0398],[152.4311,-29.072],[152.419,-29.081],[152.455,-29.089],[152.4442,-29.1442],[152.4178,-29.1523],[152.4138,-29.1613],[152.4251,-29.1784],[152.4052,-29.2112],[152.4141,-29.2289],[152.3937,-29.2414],[152.3516,-29.2488],[152.3229,-29.2701],[152.3211,-29.2775],[152.3065,-29.2831],[152.3147,-29.2985],[152.2983,-29.3074],[152.3074,-29.321],[152.336,-29.3338],[152.3315,-29.3418],[152.4522,-29.3591],[152.4345,-29.3785],[152.4322,-29.3926],[152.4087,-29.3985],[152.4043,-29.4328],[152.3972,-29.4318],[152.3946,-29.4461],[152.3888,-29.4453],[152.4125,-29.5069],[152.4053,-29.5168],[152.3545,-29.5455],[152.3361,-29.6408],[152.3257,-29.6555],[152.3125,-29.6514],[152.3118,-29.6645],[152.3053,-29.6618],[152.2895,-29.6763],[152.281,-29.6656],[152.2761,-29.6822],[152.2617,-29.6987],[152.2707,-29.7069],[152.2621,-29.7125],[152.2657,-29.7276],[152.2551,-29.7343],[152.2645,-29.7508],[152.2592,-29.7581],[152.2541,-29.7526],[152.2297,-29.7548],[152.2266,-29.761],[152.2136,-29.7626],[152.203,-29.7867],[152.1909,-29.7885],[152.1942,-29.8002],[152.1865,-29.8025],[152.1931,-29.8067],[152.18,-29.8066],[152.1703,-29.822],[152.1778,-29.8267],[152.1702,-29.8406],[152.1776,-29.8477],[152.1684,-29.8535],[152.1685,-29.8697],[152.1924,-29.8766],[152.208,-29.8661],[152.2219,-29.8721],[152.2341,-29.864],[152.2511,-29.865],[152.2685,-29.8473],[152.282,-29.8568],[152.2768,-29.8645],[152.2877,-29.8734],[152.2813,-29.8783],[152.2857,-29.9079],[152.269,-29.9125],[152.2784,-29.9179],[152.2681,-29.9286],[152.2786,-29.9212],[152.2834,-29.9251],[152.2697,-29.9324],[152.2724,-29.9516],[152.275,-29.9604],[152.2873,-29.9641],[152.2899,-29.9754],[152.3081,-29.9802],[152.3006,-29.9853],[152.308,-29.9872],[152.3171,-30.0059],[152.3152,-30.0342],[152.2946,-30.0408],[152.2992,-30.0463],[152.2928,-30.0519],[152.3,-30.0569],[152.2918,-30.0633],[152.2999,-30.0711],[152.2924,-30.0711],[152.2939,-30.0854],[152.2797,-30.088],[152.2844,-30.0943],[152.2794,-30.0993],[152.2983,-30.1171],[152.3023,-30.1318],[152.297,-30.1381],[152.3052,-30.1405],[152.2978,-30.1473],[152.3097,-30.1479],[152.3049,-30.1614],[152.3166,-30.1616],[152.3092,-30.161],[152.3111,-30.1736],[152.3032,-30.1792],[152.3171,-30.1821],[152.3105,-30.2008],[152.3258,-30.2172],[152.3377,-30.2184],[152.3504,-30.2352],[152.3373,-30.2582],[152.3423,-30.2692],[152.3393,-30.2822],[152.3493,-30.2916],[152.3419,-30.311],[152.3452,-30.3321],[152.3548,-30.3404],[152.3518,-30.3554],[152.3656,-30.3541],[152.3646,-30.361],[152.3819,-30.3626],[152.3899,-30.3747],[152.3875,-30.3832],[152.4242,-30.4179],[152.4411,-30.3989],[152.4786,-30.397],[152.4841,-30.3915],[152.4777,-30.3898],[152.4749,-30.3566],[152.4821,-30.3453],[152.4805,-30.3325],[152.4934,-30.3369],[152.5063,-30.3206],[152.5259,-30.3116],[152.5329,-30.2928],[152.5438,-30.2927],[152.555,-30.2809],[152.5502,-30.2777],[152.5573,-30.2623],[152.5513,-30.2578],[152.5579,-30.241],[152.5649,-30.2393],[152.5612,-30.2336],[152.5739,-30.2445],[152.5865,-30.2409],[152.603,-30.2525],[152.6112,-30.2493],[152.6162,-30.2581],[152.6269,-30.26],[152.6383,-30.2513],[152.6466,-30.2582],[152.649,-30.2524],[152.6554,-30.2553],[152.6977,-30.2236],[152.694,-30.2111],[152.7075,-30.2042],[152.693,-30.189],[152.7508,-30.1966],[152.7552,-30.1808],[152.8035,-30.1896],[152.7988,-30.183],[152.8061,-30.1726],[152.7999,-30.1706],[152.7957,-30.1559],[152.8084,-30.1474],[152.8081,-30.1257],[152.8245,-30.1308],[152.8218,-30.1427],[152.8345,-30.1404],[152.8572,-30.1478],[152.8724,-30.1288],[152.8828,-30.1268],[152.9177,-30.1543],[152.9342,-30.1238],[152.9734,-30.1299],[152.9767,-30.1123],[152.966,-30.1048],[152.969,-30.0872],[152.9947,-30.0918],[152.9938,-30.0962],[153.0176,-30.0965],[153.0174,-30.087],[153.0385,-30.0894],[153.0371,-30.0742],[153.0511,-30.0685],[153.0531,-30.057],[153.0443,-30.0443],[153.0545,-30.0458],[153.063,-30.0345],[153.0834,-30.0371],[153.0819,-30.0458],[153.0903,-30.047],[153.0933,-30.0319],[153.1029,-30.0307],[153.1053,-30.0173],[153.091,-30.0139],[153.0942,-29.9958],[153.1092,-29.9963],[153.1224,-29.9763],[153.1442,-29.9805],[153.1443,-29.9581],[153.136,-29.9546],[153.1375,-29.943],[153.1283,-29.9422],[153.1337,-29.9346],[153.1522,-29.9371],[153.1551,-29.9213],[153.1607,-29.93],[153.1823,-29.9128],[153.2087,-29.9165],[153.2083,-29.9082],[153.2264,-29.9085],[153.2352,-29.8971],[153.2437,-29.9167],[153.2566,-29.9187],[153.2618,-29.9399],[153.2769,-29.8933],[153.2676,-29.8857],[153.2677,-29.8649],[153.2825,-29.8338],[153.2944,-29.8251],[153.288,-29.7983],[153.3039,-29.7745],[153.292,-29.7559],[153.296,-29.7368],[153.334,-29.6746],[153.3219,-29.6688],[153.322,-29.6479],[153.3428,-29.6083],[153.3346,-29.6048],[153.3324,-29.5871],[153.3495,-29.5399],[153.3626,-29.5254],[153.3576,-29.5207],[153.3632,-29.5044],[153.3587,-29.4961],[153.3688,-29.4841],[153.3584,-29.4658],[153.3728,-29.4403],[153.364,-29.4302],[153.3728,-29.4251],[153.3633,-29.4216],[153.374,-29.3964],[153.3682,-29.3898],[153.3767,-29.3655],[153.3671,-29.3639],[153.3629,-29.3554],[153.3525,-29.3566],[153.341,-29.3326],[153.3434,-29.3],[153.3598,-29.2637],[153.3197,-29.2399],[153.3052,-29.2465]]],[[[153.2582,-29.9728],[153.2595,-29.9741],[153.2594,-29.973],[153.2582,-29.9728]]],[[[153.2598,-29.9754],[153.2609,-29.9751],[153.2602,-29.9741],[153.2598,-29.9754]]],[[[153.2785,-29.9187],[153.2758,-29.9203],[153.2773,-29.9207],[153.2785,-29.9187]]],[[[153.3031,-29.7732],[153.304,-29.7737],[153.3036,-29.7727],[153.3031,-29.7732]]],[[[153.3006,-29.7709],[153.3015,-29.7708],[153.3004,-29.7706],[153.3006,-29.7709]]],[[[153.3905,-29.9262],[153.3924,-29.9241],[153.3888,-29.9231],[153.3905,-29.9262]]],[[[153.3926,-29.9317],[153.3948,-29.9328],[153.3928,-29.9274],[153.3926,-29.9317]]],[[[153.3657,-29.3602],[153.3664,-29.3596],[153.3655,-29.3598],[153.3657,-29.3602]]],[[[153.3615,-29.3564],[153.362,-29.3559],[153.3615,-29.3558],[153.3615,-29.3564]]]]},"properties":{"lga_code_2023":"11730","lga_name_2023":"Clarence Valley","state_code_2021":"1"}},{"type":"Feature","geometry":{"type":"Polygon","coordinates":[[[144.4097,-31.5595],[144.5133,-31.6748],[144.2432,-31.8527],[144.3011,-31.9156],[144.228,-31.9632],[144.2152,-31.9487],[144.1524,-31.9904],[144.1082,-31.941],[144.0382,-31.9866],[144.1437,-32.1018],[144.2125,-32.0575],[144.3158,-32.1724],[144.2762,-32.1982],[144.3789,-32.3138],[144.4376,-32.2748],[144.5846,-32.4349],[144.5984,-32.4637],[144.6744,-32.4253],[144.6645,-32.4907],[144.8172,-32.5073],[144.8592,-32.5537],[144.8762,-32.5429],[144.8914,-32.5599],[144.948,-32.5234],[144.9884,-32.5283],[144.958,-32.7233],[145.1595,-32.7472],[145.165,-32.7148],[145.2494,-32.7244],[145.2573,-32.6713],[145.3443,-32.6825],[145.3306,-32.7667],[145.4126,-32.7759],[145.4149,-32.7614],[145.4675,-32.7225],[145.5104,-32.7279],[145.5043,-32.7701],[145.5449,-32.7754],[145.5379,-32.7833],[145.5508,-32.7916],[145.5691,-32.7579],[145.5489,-32.7652],[145.5566,-32.7333],[145.5957,-32.7378],[145.5865,-32.7962],[145.6719,-32.8057],[145.6518,-32.9354],[145.6685,-32.9359],[145.6453,-33.0803],[145.8709,-33.0863],[145.8726,-33.0748],[145.9068,-33.0786],[145.9053,-33.0877],[146.0317,-33.0936],[146.0936,-33.1891],[146.0589,-33.2118],[146.0951,-33.2762],[146.108,-33.2664],[146.1036,-33.2614],[146.1106,-33.2673],[146.1241,-33.2642],[146.1245,-33.2582],[146.1312,-33.2612],[146.1238,-33.2453],[146.1311,-33.2455],[146.1374,-33.2273],[146.1553,-33.2347],[146.1659,-33.2301],[146.168,-33.2363],[146.1772,-33.2275],[146.1767,-33.233],[146.2014,-33.2366],[146.2018,-33.2314],[146.2185,-33.2338],[146.2247,-33.2277],[146.2242,-33.2342],[146.2336,-33.2328],[146.2315,-33.2411],[146.2416,-33.2329],[146.2541,-33.2358],[146.2446,-33.224],[146.2477,-33.2191],[146.2531,-33.2272],[146.2904,-33.2274],[146.2953,-33.2174],[146.2905,-33.2137],[146.2965,-33.2122],[146.3077,-33.1875],[146.3112,-33.1929],[146.3198,-33.1883],[146.357,-33.194],[146.3557,-33.2038],[146.3646,-33.1942],[146.3763,-33.1956],[146.3828,-33.2172],[146.3683,-33.2212],[146.3727,-33.2325],[146.3833,-33.2276],[146.3842,-33.2358],[146.3941,-33.2238],[146.4077,-33.2272],[146.4199,-33.2172],[146.4268,-33.2211],[146.4285,-33.2106],[146.441,-33.2051],[146.4407,-33.1963],[146.4491,-33.2039],[146.46,-33.1973],[146.4518,-33.1918],[146.4612,-33.1893],[146.453,-33.1843],[146.4583,-33.1782],[146.454,-33.1728],[146.4673,-33.1694],[146.4664,-33.1579],[146.4725,-33.1633],[146.4786,-33.158],[146.4653,-33.1494],[146.4738,-33.1471],[146.4632,-33.1374],[146.468,-33.1329],[146.464,-33.1224],[146.478,-33.1189],[146.4741,-33.1105],[146.4841,-33.1056],[146.4907,-33.1105],[146.508,-33.1044],[146.5239,-33.1069],[146.5246,-33.0974],[146.5362,-33.097],[146.5381,-33.0898],[146.547,-33.0926],[146.5502,-33.0838],[146.5598,-33.0965],[146.5685,-33.081],[146.5716,-33.0886],[146.5806,-33.0772],[146.5803,-33.0832],[146.5936,-33.0861],[146.6068,-33.0701],[146.6182,-33.0639],[146.6258,-33.0674],[146.6395,-33.0549],[146.6398,-33.05],[146.635,-33.0522],[146.6448,-33.0313],[146.6601,-33.0324],[146.6715,-33.0238],[146.6795,-33.0295],[146.6907,-33.0233],[146.7049,-33.0324],[146.6505,-32.8136],[146.627,-32.7571],[146.5267,-32.3581],[146.5043,-32.2976],[146.3196,-31.5726],[146.5483,-31.3022],[146.4665,-31.1799],[146.3659,-31.2293],[146.3372,-31.1941],[146.342,-31.1871],[146.3147,-31.1521],[146.3636,-31.1224],[146.3315,-31.0734],[146.3171,-31.0805],[146.2851,-31.0318],[146.4378,-30.9605],[146.4272,-30.9432],[146.416,-30.9483],[146.3673,-30.8709],[146.3602,-30.8742],[146.3021,-30.7909],[146.2323,-30.8273],[146.125,-30.656],[146.0572,-30.6894],[146.0704,-30.7095],[145.9923,-30.7479],[145.9689,-30.7121],[145.9097,-30.7409],[145.8881,-30.7421],[145.8945,-30.7574],[145.9224,-30.7843],[145.9209,-30.7941],[145.9126,-30.7933],[145.7791,-30.8624],[145.7344,-30.7955],[145.6608,-30.8309],[145.6693,-30.8442],[145.6534,-30.8508],[145.6633,-30.8641],[145.5759,-30.9108],[145.6076,-30.9589],[145.5646,-30.9799],[145.3842,-30.6969],[145.2455,-30.7648],[145.2286,-30.7316],[145.0633,-30.7986],[145.1259,-30.8912],[145.0874,-30.9142],[145.0651,-30.8893],[145.0096,-30.9261],[144.9799,-30.894],[144.9225,-30.9368],[144.9121,-30.925],[144.8143,-30.9931],[144.6994,-30.8679],[144.689,-30.8916],[144.6386,-30.8926],[144.6402,-30.9039],[144.6321,-30.9073],[144.6079,-30.8921],[144.5965,-30.8986],[144.6023,-30.901],[144.5977,-30.9086],[144.5879,-30.9018],[144.5823,-30.906],[144.5823,-30.8987],[144.5745,-30.9122],[144.5697,-30.897],[144.5642,-30.9046],[144.558,-30.8993],[144.5283,-30.8998],[144.5213,-30.8902],[144.516,-30.8962],[144.5221,-30.905],[144.5131,-30.9117],[144.5067,-30.9039],[144.4954,-30.9121],[144.4931,-30.9021],[144.4735,-30.9189],[144.458,-30.9189],[144.4358,-30.9383],[144.421,-30.935],[144.4099,-30.9578],[144.3967,-30.9547],[144.4056,-30.9662],[144.3847,-30.9602],[144.3904,-30.9738],[144.37,-30.9828],[144.3824,-30.9891],[144.3686,-30.9937],[144.3677,-31.006],[144.3547,-31.001],[144.3494,-31.007],[144.3701,-31.0175],[144.3789,-31.0295],[144.357,-31.038],[144.3633,-31.0475],[144.3414,-31.0576],[144.3497,-31.065],[144.3351,-31.068],[144.3274,-31.0853],[144.2981,-31.0697],[144.279,-31.0778],[144.2682,-31.0626],[144.2633,-31.0662],[144.2458,-31.0593],[144.2406,-31.0668],[144.2477,-31.079],[144.2332,-31.08],[144.2452,-31.0882],[144.2275,-31.0986],[144.2225,-31.1132],[144.1934,-31.1252],[144.1865,-31.1238],[144.185,-31.116],[144.1627,-31.1342],[144.1467,-31.1368],[144.1517,-31.1417],[144.1383,-31.1433],[144.1333,-31.1612],[144.1101,-31.1696],[144.1113,-31.1896],[144.0779,-31.1956],[144.0677,-31.1897],[144.0606,-31.2019],[144.0447,-31.2013],[144.0297,-31.2131],[144.0328,-31.2206],[144.0163,-31.2317],[144.0265,-31.2359],[144.0171,-31.2436],[144.039,-31.2629],[144.0353,-31.2759],[144.0484,-31.2782],[144.0362,-31.2962],[144.3269,-31.6137],[144.4097,-31.5595]]]},"properties":{"lga_code_2023":"11750","lga_name_2023":"Cobar","state_code_2021":"1"}},{"type":"Feature","geometry":{"type":"MultiPolygon","coordinates":[[[[153.1397,-30.2991],[153.1409,-30.2843],[153.1478,-30.2776],[153.1429,-30.2722],[153.1477,-30.2703],[153.1383,-30.2626],[153.1639,-30.2145],[153.1634,-30.2049],[153.1817,-30.1803],[153.1933,-30.1771],[153.1898,-30.1703],[153.1949,-30.1625],[153.2069,-30.1564],[153.2008,-30.1539],[153.1996,-30.1413],[153.2137,-30.1097],[153.1996,-30.1039],[153.2079,-30.0685],[153.2026,-30.0654],[153.2063,-30.0583],[153.1962,-30.0546],[153.1976,-30.039],[153.2334,-29.9798],[153.2613,-29.9474],[153.2584,-29.9222],[153.2437,-29.9167],[153.2383,-29.8973],[153.2304,-29.8974],[153.2264,-29.9085],[153.2086,-29.908],[153.2087,-29.9165],[153.1803,-29.9133],[153.1598,-29.9302],[153.1551,-29.9213],[153.1522,-29.9371],[153.1337,-29.9346],[153.1283,-29.9422],[153.1375,-29.943],[153.136,-29.9546],[153.1443,-29.9581],[153.1442,-29.9805],[153.1224,-29.9763],[153.1092,-29.9963],[153.0942,-29.9958],[153.091,-30.0139],[153.1053,-30.0173],[153.1029,-30.0307],[153.0933,-30.0319],[153.0903,-30.047],[153.0819,-30.0458],[153.0834,-30.0371],[153.063,-30.0345],[153.0545,-30.0458],[153.0443,-30.0443],[153.0531,-30.057],[153.0511,-30.0685],[153.0371,-30.0742],[153.0385,-30.0894],[153.0174,-30.087],[153.0176,-30.0965],[152.9938,-30.0962],[152.9947,-30.0918],[152.969,-30.0872],[152.966,-30.1048],[152.9767,-30.1123],[152.9734,-30.1299],[152.9342,-30.1238],[152.9177,-30.1543],[152.8828,-30.1268],[152.8724,-30.1288],[152.8572,-30.1478],[152.8345,-30.1404],[152.8218,-30.1427],[152.8245,-30.1308],[152.8081,-30.1257],[152.8084,-30.1474],[152.7957,-30.1559],[152.7999,-30.1706],[152.8061,-30.1726],[152.7996,-30.1784],[152.8013,-30.1921],[152.8085,-30.1949],[152.8174,-30.2134],[152.8329,-30.217],[152.8296,-30.2221],[152.8469,-30.2388],[152.8487,-30.252],[152.8554,-30.2534],[152.8416,-30.2604],[152.8331,-30.2734],[152.8201,-30.2658],[152.8198,-30.3004],[152.8388,-30.3138],[152.8552,-30.312],[152.8644,-30.323],[152.9223,-30.3319],[152.9518,-30.3516],[152.9655,-30.3485],[152.9576,-30.3888],[152.9849,-30.4032],[152.9932,-30.4018],[153.0602,-30.4488],[153.0763,-30.4319],[153.0721,-30.4242],[153.0805,-30.4009],[153.1045,-30.377],[153.1135,-30.3406],[153.1361,-30.3159],[153.1529,-30.3095],[153.1402,-30.3101],[153.1425,-30.3031],[153.1546,-30.3051],[153.1397,-30.2991]]],[[[153.0764,-30.4298],[153.0754,-30.4298],[153.0776,-30.4328],[153.0764,-30.4298]]],[[[153.1824,-30.2408],[153.1809,-30.2393],[153.1792,-30.2403],[153.1824,-30.2408]]],[[[153.2672,-30.2031],[153.2674,-30.2077],[153.2694,-30.206],[153.2672,-30.2031]]],[[[153.2253,-30.1604],[153.2267,-30.1624],[153.2291,-30.1609],[153.2253,-30.1604]]],[[[153.2069,-30.1308],[153.2089,-30.1301],[153.2071,-30.13],[153.2069,-30.1308]]],[[[153.2084,-30.0681],[153.208,-30.0681],[153.2082,-30.0684],[153.2084,-30.0681]]],[[[153.271,-30.0163],[153.2706,-30.0195],[153.2715,-30.0154],[153.271,-30.0163]]],[[[153.2077,-30.0953],[153.2073,-30.0956],[153.2076,-30.0957],[153.2077,-30.0953]]],[[[153.2081,-30.0959],[153.2084,-30.0958],[153.2079,-30.0959],[153.2081,-30.0959]]],[[[153.2079,-30.0964],[153.2083,-30.0962],[153.2079,-30.0961],[153.2079,-30.0964]]],[[[153.2062,-30.1299],[153.207,-30.1296],[153.2064,-30.1295],[153.2062,-30.1299]]],[[[153.2065,-30.0956],[153.2055,-30.0962],[153.2061,-30.0964],[153.2065,-30.0956]]],[[[153.1569,-30.234],[153.1572,-30.2345],[153.1575,-30.2338],[153.1569,-30.234]]],[[[153.1433,-30.2956],[153.1444,-30.2959],[153.144,-30.2949],[153.1433,-30.2956]]],[[[153.1459,-30.3018],[153.1455,-30.3021],[153.146,-30.3021],[153.1459,-30.3018]]],[[[153.1454,-30.3018],[153.1454,-30.3017],[153.145,-30.3019],[153.1454,-30.3018]]]]},"properties":{"lga_code_2023":"11800","lga_name_2023":"Coffs Harbour","state_code_2021":"1"}},{"type":"Feature","geometry":{"type":"Polygon","coordinates":[[[146.8615,-34.7408],[146.8485,-34.8081],[146.8548,-34.8089],[146.8535,-34.8156],[146.8713,-34.8178],[146.8699,-34.8253],[146.9541,-34.8288],[146.9513,-34.8432],[146.9567,-34.8438],[146.9593,-34.8294],[147.0808,-34.8455],[147.0848,-34.8236],[147.0931,-34.8246],[147.0901,-34.8427],[147.0974,-34.8436],[147.0905,-34.8805],[147.3236,-34.9073],[147.3411,-34.8952],[147.3583,-34.8974],[147.3718,-34.8685],[147.393,-34.87],[147.3962,-34.8528],[147.3842,-34.8512],[147.385,-34.8466],[147.4083,-34.8416],[147.412,-34.7952],[147.4244,-34.7946],[147.4311,-34.7823],[147.448,-34.7762],[147.4646,-34.7547],[147.4824,-34.6956],[147.4761,-34.6576],[147.4639,-34.6435],[147.4646,-34.63],[147.4414,-34.6369],[147.4165,-34.6598],[147.3744,-34.6584],[147.3333,-34.5756],[147.3352,-34.5655],[147.108,-34.5365],[147.1289,-34.4265],[147.0829,-34.4209],[147.0898,-34.4077],[147.0831,-34.4067],[147.0862,-34.3892],[147.0991,-34.3909],[147.1071,-34.348],[147.098,-34.3469],[147.1077,-34.3172],[147.0479,-34.2965],[146.9796,-34.3103],[146.9795,-34.2991],[146.9345,-34.2935],[146.9249,-34.2944],[146.9238,-34.3005],[146.9133,-34.2992],[146.9114,-34.3097],[146.8251,-34.299],[146.8027,-34.4269],[146.7926,-34.4422],[146.7918,-34.4723],[146.9116,-34.4826],[146.8615,-34.7408]]]},"properties":{"lga_code_2023":"12000","lga_name_2023":"Coolamon","state_code_2021":"1"}},{"type":"Feature","geometry":{"type":"Polygon","coordinates":[[[147.8666,-30.9845],[147.873,-31.0079],[147.8903,-31.0192],[147.8987,-31.0163],[147.9018,-31.0261],[147.9207,-31.0329],[147.9415,-31.0633],[147.9484,-31.0632],[147.9537,-31.0785],[147.9787,-31.0874],[147.9927,-31.1059],[147.9883,-31.132],[147.9715,-31.13],[147.9698,-31.1394],[147.993,-31.1455],[147.9875,-31.1796],[147.9993,-31.1811],[147.9984,-31.1866],[148.0645,-31.2506],[148.0756,-31.2514],[148.096,-31.2662],[148.1021,-31.2613],[148.1207,-31.2749],[148.1165,-31.2841],[148.2053,-31.3493],[148.2292,-31.3885],[148.266,-31.4004],[148.2985,-31.3855],[148.3072,-31.4158],[148.3286,-31.407],[148.3546,-31.4102],[148.3588,-31.3864],[148.3929,-31.3905],[148.3956,-31.3749],[148.4601,-31.3444],[148.4603,-31.3548],[148.5037,-31.3799],[148.5154,-31.3717],[148.5233,-31.3807],[148.5948,-31.3893],[148.599,-31.3632],[148.6152,-31.3651],[148.6203,-31.3352],[148.6186,-31.3276],[148.6077,-31.3262],[148.6187,-31.2711],[148.6728,-31.2774],[148.7437,-31.2647],[148.7692,-31.2494],[148.8951,-31.2546],[148.9894,-31.281],[149.0258,-31.3055],[149.0363,-31.3012],[149.0336,-31.2967],[149.0405,-31.289],[149.0628,-31.2895],[149.0672,-31.2786],[149.0283,-31.2606],[149.0195,-31.2405],[148.9948,-31.2411],[148.9802,-31.2305],[148.9706,-31.2365],[148.9545,-31.2285],[148.9552,-31.2136],[148.9345,-31.1957],[148.941,-31.1764],[148.9201,-31.1349],[148.9169,-31.1098],[148.9212,-31.0976],[148.9037,-31.0756],[148.9075,-31.061],[148.9011,-31.0473],[148.8437,-31.0358],[148.834,-31.0286],[148.8383,-31.0029],[148.848,-31.004],[148.8492,-30.9959],[148.8396,-30.9947],[148.8411,-30.9849],[148.8731,-30.9137],[148.8568,-30.884],[148.8201,-30.8716],[148.8794,-30.8269],[148.8329,-30.7994],[148.7969,-30.7582],[148.8347,-30.5294],[148.7405,-30.5181],[148.7374,-30.5355],[148.666,-30.5267],[148.662,-30.5506],[148.6737,-30.552],[148.6714,-30.5659],[148.6469,-30.5627],[148.6437,-30.5816],[148.5862,-30.5652],[148.4745,-30.5076],[148.4785,-30.497],[148.3912,-30.4189],[148.3956,-30.3907],[148.3031,-30.3182],[148.269,-30.3182],[148.2675,-30.3271],[148.2626,-30.3265],[148.2614,-30.3331],[148.2827,-30.3359],[148.2803,-30.3502],[148.2284,-30.3502],[148.2209,-30.3927],[148.2325,-30.4409],[148.1175,-30.5127],[148.0975,-30.4958],[148.1012,-30.4888],[148.0924,-30.4655],[148.0964,-30.4497],[148.1041,-30.4442],[148.098,-30.4358],[148.1011,-30.4266],[148.1085,-30.4189],[148.0551,-30.4124],[148.0533,-30.4202],[147.9963,-30.413],[147.9987,-30.4007],[147.991,-30.4008],[147.9743,-30.4081],[147.9702,-30.4222],[147.955,-30.4327],[147.8453,-30.4792],[147.8478,-30.5403],[147.6213,-30.5128],[147.6006,-30.5261],[147.5964,-30.5638],[147.5733,-30.5732],[147.5919,-30.6562],[147.5691,-30.6898],[147.5734,-30.697],[147.5623,-30.713],[147.566,-30.7325],[147.547,-30.7524],[147.5234,-30.7627],[147.5249,-30.7713],[147.5138,-30.7895],[147.5156,-30.8099],[147.5231,-30.8163],[147.6985,-30.8374],[147.6932,-30.8555],[147.7147,-30.8967],[147.726,-30.937],[147.7308,-30.9369],[147.7444,-30.9966],[147.811,-30.9797],[147.8148,-30.9921],[147.8666,-30.9845]]]},"properties":{"lga_code_2023":"12150","lga_name_2023":"Coonamble","state_code_2021":"1"}},{"type":"Feature","geometry":{"type":"Polygon","coordinates":[[[148.0645,-35.1986],[148.0774,-35.2004],[148.0826,-35.1947],[148.112,-35.2038],[148.1198,-35.2026],[148.1222,-35.19],[148.1553,-35.1974],[148.1578,-35.1863],[148.1644,-35.1936],[148.1838,-35.1894],[148.1916,-35.1734],[148.2215,-35.1662],[148.1999,-35.1109],[148.2838,-35.1182],[148.3142,-35.1323],[148.3303,-35.1324],[148.3419,-35.1419],[148.3476,-35.1371],[148.3968,-35.1399],[148.3947,-35.1505],[148.4137,-35.153],[148.4159,-35.1624],[148.4242,-35.1646],[148.4568,-35.1545],[148.4719,-35.0888],[148.4692,-35.0801],[148.5247,-35.0877],[148.5242,-35.1001],[148.5291,-35.1011],[148.5239,-35.1223],[148.5418,-35.1354],[148.5483,-35.1322],[148.545,-35.1159],[148.567,-35.095],[148.5647,-35.0836],[148.5733,-35.0772],[148.5674,-35.0723],[148.5709,-35.0673],[148.565,-35.0683],[148.5646,-35.0572],[148.5755,-35.0416],[148.5722,-35.0186],[148.5831,-35.0026],[148.5609,-35.005],[148.5634,-34.9926],[148.5587,-34.9876],[148.5408,-34.9948],[148.5315,-34.9899],[148.543,-34.9531],[148.536,-34.9285],[148.5487,-34.9084],[148.5355,-34.9158],[148.5207,-34.9009],[148.4536,-34.9029],[148.4171,-34.8968],[148.393,-34.9069],[148.3856,-34.8916],[148.399,-34.8779],[148.4003,-34.8667],[148.3932,-34.8602],[148.3566,-34.8519],[148.3504,-34.866],[148.3338,-34.8717],[148.3106,-34.8628],[148.3144,-34.8552],[148.2988,-34.8466],[148.2988,-34.8302],[148.2899,-34.8254],[148.269,-34.7816],[148.2561,-34.7709],[148.2654,-34.7605],[148.2615,-34.7508],[148.2679,-34.7418],[148.2432,-34.7321],[148.2329,-34.7337],[148.2401,-34.7421],[148.2306,-34.7408],[148.2225,-34.7271],[148.2358,-34.7018],[148.2193,-34.6977],[148.2201,-34.6936],[148.2021,-34.6976],[148.2073,-34.6676],[148.1935,-34.6638],[148.1973,-34.6437],[148.2118,-34.6419],[148.214,-34.6303],[148.2099,-34.6244],[148.1997,-34.6301],[148.2012,-34.6228],[148.1928,-34.6215],[148.2091,-34.6054],[148.1938,-34.5952],[148.2026,-34.594],[148.2031,-34.5832],[148.212,-34.5901],[148.213,-34.5855],[148.2361,-34.5874],[148.2371,-34.5823],[148.2244,-34.5807],[148.2285,-34.5593],[148.2131,-34.561],[148.2057,-34.5557],[148.2077,-34.5453],[148.2239,-34.543],[148.2194,-34.5423],[148.2216,-34.5317],[148.1948,-34.5133],[148.1986,-34.489],[148.1642,-34.4848],[148.1678,-34.4706],[148.1567,-34.4673],[148.1192,-34.4616],[148.1076,-34.4668],[148.0873,-34.4409],[148.0662,-34.4348],[148.0675,-34.4269],[148.0576,-34.4256],[148.0598,-34.4121],[148.0158,-34.4131],[148.0274,-34.3498],[147.9114,-34.3365],[147.9103,-34.3428],[147.8958,-34.3409],[147.8945,-34.348],[147.8245,-34.3401],[147.8258,-34.3562],[147.8443,-34.3719],[147.8348,-34.3826],[147.8376,-34.3952],[147.8552,-34.4045],[147.8537,-34.427],[147.8606,-34.4283],[147.8755,-34.4571],[147.836,-34.4456],[147.8379,-34.4539],[147.7904,-34.4468],[147.7787,-34.4888],[147.786,-34.4941],[147.7655,-34.5159],[147.7728,-34.5168],[147.7696,-34.5331],[147.7822,-34.543],[147.7893,-34.5379],[147.8049,-34.553],[147.8038,-34.5586],[147.8089,-34.563],[147.8119,-34.5588],[147.8086,-34.5781],[147.8195,-34.5795],[147.8175,-34.5894],[147.8343,-34.5922],[147.8329,-34.6003],[147.8406,-34.608],[147.8382,-34.6209],[147.8703,-34.6354],[147.8673,-34.6676],[147.8724,-34.6762],[147.8661,-34.6832],[147.872,-34.6965],[147.8651,-34.6962],[147.8635,-34.7059],[147.8736,-34.7072],[147.8789,-34.7254],[147.8885,-34.7329],[147.9226,-34.7313],[147.9393,-34.7443],[147.9494,-34.743],[147.9485,-34.7631],[147.942,-34.7623],[147.9442,-34.7701],[147.9337,-34.7767],[147.9316,-34.7866],[147.9488,-34.789],[147.9454,-34.8074],[147.9377,-34.8064],[147.9364,-34.8147],[147.9431,-34.8348],[147.927,-34.8523],[147.9035,-34.8555],[147.9051,-34.8721],[147.8986,-34.8829],[147.8878,-34.8833],[147.8814,-34.901],[147.8649,-34.9053],[147.8549,-34.9221],[147.8504,-34.9489],[147.8446,-34.9482],[147.84,-34.9583],[147.8404,-34.9817],[147.8361,-34.9811],[147.8522,-35.0182],[147.8427,-35.0342],[147.8399,-35.0642],[147.8154,-35.0825],[147.8167,-35.0884],[147.8016,-35.0908],[147.788,-35.085],[147.7883,-35.0973],[147.7591,-35.0893],[147.7534,-35.07],[147.7261,-35.0636],[147.7073,-35.0675],[147.7059,-35.0743],[147.6888,-35.0781],[147.6861,-35.0856],[147.6938,-35.0914],[147.7366,-35.0958],[147.7357,-35.1101],[147.7527,-35.117],[147.7539,-35.1295],[147.7669,-35.1353],[147.762,-35.1476],[147.7716,-35.1845],[147.7951,-35.1992],[147.7978,-35.2109],[147.834,-35.2217],[147.8384,-35.2499],[147.8414,-35.257],[147.8521,-35.2596],[147.8562,-35.2795],[147.8843,-35.2777],[147.8796,-35.2682],[147.8991,-35.2448],[147.8941,-35.2395],[147.8973,-35.231],[147.9586,-35.2291],[147.961,-35.2173],[147.9778,-35.209],[147.9617,-35.1874],[148.0645,-35.1986]]]},"properties":{"lga_code_2023":"12160","lga_name_2023":"Cootamundra-Gundagai","state_code_2021":"1"}},{"type":"Feature","geometry":{"type":"Polygon","coordinates":[[[148.4769,-33.6015],[148.446,-33.6143],[148.436,-33.6039],[148.4195,-33.6076],[148.3868,-33.6007],[148.3896,-33.6063],[148.3723,-33.604],[148.3734,-33.6091],[148.3503,-33.6088],[148.3443,-33.6145],[148.3411,-33.64],[148.3285,-33.6482],[148.356,-33.6461],[148.3531,-33.671],[148.3701,-33.6731],[148.3616,-33.6896],[148.3754,-33.6891],[148.3425,-33.7235],[148.3485,-33.735],[148.334,-33.7472],[148.3402,-33.7529],[148.3629,-33.7381],[148.3709,-33.7438],[148.3621,-33.7534],[148.3562,-33.7819],[148.3474,-33.7822],[148.325,-33.8212],[148.3122,-33.8195],[148.3091,-33.8363],[148.3233,-33.8258],[148.3467,-33.8353],[148.3482,-33.8431],[148.3785,-33.8325],[148.3897,-33.8645],[148.4031,-33.8738],[148.4049,-33.8836],[148.4106,-33.8833],[148.4461,-33.8401],[148.4721,-33.8269],[148.4945,-33.868],[148.4954,-33.885],[148.5088,-33.9003],[148.5059,-33.9115],[148.5159,-33.9172],[148.4938,-33.9365],[148.4776,-33.9627],[148.4687,-33.9607],[148.4664,-33.9821],[148.4597,-33.9861],[148.4641,-33.9867],[148.4621,-33.9977],[148.445,-33.9973],[148.4422,-34.0119],[148.4942,-34.0186],[148.4929,-34.0256],[148.5455,-34.0334],[148.5421,-34.0294],[148.5501,-34.0197],[148.5591,-34.021],[148.5628,-34.0327],[148.5752,-34.0362],[148.5781,-34.0525],[148.6084,-34.058],[148.6247,-34.0727],[148.6521,-34.0662],[148.6705,-34.0972],[148.6869,-34.0821],[148.7093,-34.082],[148.7182,-34.074],[148.731,-34.0787],[148.7322,-34.0701],[148.7392,-34.0699],[148.7418,-34.0581],[148.7589,-34.0489],[148.7631,-34.0383],[148.7437,-34.0207],[148.7462,-34.008],[148.7537,-34.009],[148.7527,-33.9992],[148.7653,-34.0006],[148.7615,-33.9946],[148.7674,-33.982],[148.804,-33.9839],[148.8079,-33.9639],[148.8215,-33.9658],[148.8317,-33.9452],[148.8506,-33.9522],[148.8824,-33.9479],[148.89,-33.9389],[148.8898,-33.9634],[148.9046,-33.9748],[148.9154,-33.9703],[148.9345,-33.9821],[148.9422,-33.9694],[148.9675,-33.9691],[148.9702,-33.9561],[148.981,-33.95],[148.9811,-33.9244],[149.023,-33.9334],[149.0251,-33.9178],[149.0361,-33.9101],[149.0519,-33.9126],[149.0547,-33.9027],[149.0689,-33.8918],[149.0799,-33.9124],[149.0943,-33.9103],[149.0977,-33.9004],[149.1061,-33.8994],[149.1042,-33.8946],[149.1185,-33.8931],[149.1171,-33.8834],[149.1244,-33.8823],[149.1184,-33.8798],[149.1182,-33.8706],[149.1347,-33.8689],[149.14,-33.8605],[149.1352,-33.8597],[149.1453,-33.8506],[149.1818,-33.8583],[149.1839,-33.8518],[149.1703,-33.8412],[149.1834,-33.8389],[149.1774,-33.8231],[149.1852,-33.7977],[149.203,-33.8019],[149.2194,-33.7924],[149.234,-33.7605],[149.2428,-33.7598],[149.2577,-33.741],[149.2376,-33.7398],[149.225,-33.7263],[149.2148,-33.7326],[149.1721,-33.7263],[149.1691,-33.7212],[149.146,-33.732],[149.1334,-33.7482],[149.1387,-33.7599],[149.1312,-33.7589],[149.1302,-33.7643],[149.1082,-33.7611],[149.1056,-33.7686],[149.0914,-33.7654],[149.0916,-33.7937],[149.0672,-33.7901],[149.0646,-33.8124],[149.0262,-33.8034],[149.029,-33.7932],[149.0077,-33.7949],[149.0099,-33.784],[148.9889,-33.7811],[148.9905,-33.7736],[148.982,-33.7723],[148.9848,-33.758],[148.9746,-33.7565],[148.9756,-33.7517],[148.9929,-33.754],[148.976,-33.7499],[148.9784,-33.7376],[148.9937,-33.7206],[148.9626,-33.7078],[148.9578,-33.6883],[148.9117,-33.6835],[148.9073,-33.6583],[148.9173,-33.6015],[148.9225,-33.5989],[148.9109,-33.5943],[148.9089,-33.5827],[148.8836,-33.582],[148.8734,-33.5942],[148.8726,-33.5733],[148.8632,-33.5798],[148.8469,-33.579],[148.8447,-33.5688],[148.8325,-33.5683],[148.8276,-33.5741],[148.8258,-33.5651],[148.815,-33.5672],[148.8194,-33.5589],[148.8104,-33.5465],[148.8039,-33.55],[148.7913,-33.5318],[148.7759,-33.5255],[148.7383,-33.5381],[148.712,-33.5737],[148.6828,-33.5864],[148.6525,-33.5771],[148.6583,-33.5664],[148.6518,-33.5601],[148.6298,-33.5706],[148.6224,-33.5926],[148.575,-33.5928],[148.5674,-33.6011],[148.5628,-33.5962],[148.5573,-33.604],[148.5457,-33.6034],[148.5341,-33.5823],[148.5182,-33.5722],[148.5141,-33.5812],[148.4835,-33.5813],[148.4769,-33.6015]]]},"properties":{"lga_code_2023":"12350","lga_name_2023":"Cowra","state_code_2021":"1"}},{"type":"Feature","geometry":{"type":"Polygon","coordinates":[[[151.0301,-33.8878],[151.0615,-33.883],[151.0664,-33.8737],[151.0567,-33.8646],[151.0639,-33.8638],[151.064,-33.8562],[151.0301,-33.8352],[151.0192,-33.8373],[150.9879,-33.8248],[150.9936,-33.8185],[150.9909,-33.8097],[150.9572,-33.8021],[150.9506,-33.7851],[150.938,-33.794],[150.9331,-33.8068],[150.916,-33.8054],[150.9089,-33.8254],[150.9137,-33.8357],[150.9537,-33.854],[150.9614,-33.8699],[150.9825,-33.8572],[151.0301,-33.8878]]]},"properties":{"lga_code_2023":"12380","lga_name_2023":"Cumberland","state_code_2021":"1"}},{"type":"Feature","geometry":{"type":"Polygon","coordinates":[[[148.6196,-31.9249],[148.5379,-31.9599],[148.4738,-32.0043],[148.4163,-32.0253],[148.4323,-32.0272],[148.4305,-32.0379],[148.4408,-32.0392],[148.4369,-32.0608],[148.421,-32.0551],[148.4071,-32.0705],[148.4111,-32.0732],[148.4059,-32.1021],[148.4191,-32.1042],[148.4141,-32.1355],[148.4567,-32.143],[148.4467,-32.1438],[148.4485,-32.1515],[148.4276,-32.1572],[148.4302,-32.1611],[148.4185,-32.1696],[148.4046,-32.1737],[148.4038,-32.1841],[148.379,-32.2112],[148.3744,-32.2014],[148.3646,-32.1972],[148.3598,-32.2022],[148.3713,-32.229],[148.3642,-32.2359],[148.3757,-32.2568],[148.3982,-32.2574],[148.4021,-32.2816],[148.3977,-32.2869],[148.4024,-32.2876],[148.4049,-32.3106],[148.3789,-32.3936],[148.4076,-32.3974],[148.38,-32.4264],[148.3941,-32.4375],[148.3992,-32.4793],[148.4094,-32.4822],[148.3929,-32.5036],[148.398,-32.5128],[148.392,-32.5298],[148.3971,-32.5625],[148.4208,-32.5907],[148.4122,-32.6193],[148.4049,-32.6236],[148.4354,-32.6206],[148.4593,-32.6074],[148.4753,-32.6278],[148.5012,-32.6141],[148.6144,-32.6536],[148.6215,-32.648],[148.6311,-32.6519],[148.6374,-32.6333],[148.6636,-32.6413],[148.667,-32.6309],[148.6888,-32.6527],[148.6913,-32.6667],[148.6831,-32.6688],[148.6892,-32.6775],[148.6705,-32.6982],[148.6563,-32.6996],[148.655,-32.7088],[148.6478,-32.7106],[148.6506,-32.7245],[148.6445,-32.7355],[148.6507,-32.7483],[148.6585,-32.7421],[148.6716,-32.7434],[148.6844,-32.7524],[148.6912,-32.7691],[148.7032,-32.7628],[148.7255,-32.8005],[148.7811,-32.8293],[148.8085,-32.8797],[148.8215,-32.8814],[148.8198,-32.8761],[148.842,-32.872],[148.8407,-32.8793],[148.8583,-32.8786],[148.8583,-32.8955],[148.8537,-32.8963],[148.8862,-32.896],[148.9031,-32.9084],[148.9162,-32.9015],[148.9243,-32.9062],[148.9283,-32.8973],[148.9355,-32.9013],[148.9345,-32.8933],[148.9457,-32.889],[148.9476,-32.8941],[148.9587,-32.8919],[148.9522,-32.9003],[148.9607,-32.9094],[148.9673,-32.9389],[148.9822,-32.9484],[148.985,-32.9624],[149.0203,-32.9678],[149.0103,-33.0233],[149.0171,-33.0242],[149.0138,-33.0411],[149.0318,-33.0466],[149.0572,-33.0331],[149.0743,-33.047],[149.0814,-33.0397],[149.0885,-33.0413],[149.1078,-33.061],[149.1336,-33.0631],[149.1199,-33.0157],[149.128,-33.0084],[149.1378,-33.0131],[149.1495,-33.0011],[149.162,-33.0027],[149.1714,-33.0164],[149.168,-33.0345],[149.1907,-33.0379],[149.1919,-33.0317],[149.2071,-33.0317],[149.2231,-33.0223],[149.2197,-33.0121],[149.2321,-32.9938],[149.2526,-32.9909],[149.2381,-32.9689],[149.2741,-32.9564],[149.281,-32.9479],[149.2731,-32.9374],[149.2818,-32.9234],[149.2682,-32.8998],[149.2497,-32.906],[149.2461,-32.9194],[149.2245,-32.9143],[149.2315,-32.8843],[149.2183,-32.8666],[149.2343,-32.8507],[149.2127,-32.8261],[149.245,-32.819],[149.2381,-32.8126],[149.2816,-32.8185],[149.287,-32.7883],[149.2795,-32.7873],[149.2804,-32.7749],[149.2908,-32.7293],[149.2848,-32.7218],[149.2897,-32.6972],[149.2774,-32.6954],[149.3032,-32.6715],[149.2961,-32.6453],[149.2654,-32.6339],[149.2646,-32.6219],[149.2533,-32.6092],[149.2313,-32.6056],[149.2341,-32.5962],[149.2507,-32.5982],[149.2505,-32.579],[149.2687,-32.5712],[149.2597,-32.5459],[149.2703,-32.5473],[149.2829,-32.5224],[149.2753,-32.5088],[149.2975,-32.4966],[149.295,-32.4924],[149.281,-32.498],[149.2775,-32.4867],[149.2656,-32.4928],[149.2593,-32.4802],[149.2752,-32.4757],[149.2668,-32.4709],[149.2554,-32.4473],[149.2707,-32.4437],[149.2812,-32.449],[149.2849,-32.4341],[149.2691,-32.4248],[149.2717,-32.4149],[149.2546,-32.4107],[149.2571,-32.3993],[149.2146,-32.3951],[149.2127,-32.4053],[149.1732,-32.4019],[149.1779,-32.3671],[149.1856,-32.3622],[149.1764,-32.352],[149.1845,-32.3429],[149.1828,-32.3365],[149.1929,-32.3332],[149.1894,-32.3259],[149.1996,-32.3072],[149.2258,-32.2952],[149.1892,-32.2906],[149.203,-32.2136],[149.1907,-32.212],[149.1924,-32.2018],[149.1988,-32.1868],[149.2206,-32.1825],[149.211,-32.1708],[149.2115,-32.1504],[149.1973,-32.1446],[149.1978,-32.11],[149.1813,-32.1001],[149.1724,-32.1069],[149.1697,-32.1025],[149.1658,-32.1136],[149.1743,-32.1216],[149.1711,-32.1248],[149.1546,-32.1218],[149.154,-32.1159],[149.1387,-32.1172],[149.1222,-32.101],[149.1195,-32.108],[149.1102,-32.1114],[149.1062,-32.1049],[149.1042,-32.1131],[149.0969,-32.1151],[149.0931,-32.1087],[149.0712,-32.1033],[149.0713,-32.0955],[149.0596,-32.0872],[149.0557,-32.0999],[149.0329,-32.0998],[149.0197,-32.1089],[149.0236,-32.0874],[148.9971,-32.0367],[149.0113,-32.0386],[149.0316,-31.9234],[149.0208,-31.9219],[149.0031,-31.936],[148.9812,-31.9271],[148.9778,-31.9154],[148.7403,-31.8862],[148.732,-31.8936],[148.6852,-31.8896],[148.6259,-31.9004],[148.6196,-31.9249]]]},"properties":{"lga_code_2023":"12390","lga_name_2023":"Dubbo","state_code_2021":"1"}},{"type":"Feature","geometry":{"type":"Polygon","coordinates":[[[151.4473,-32.3991],[151.4461,-32.4071],[151.4745,-32.4301],[151.4674,-32.4367],[151.4664,-32.4529],[151.455,-32.4614],[151.4557,-32.4707],[151.5007,-32.5042],[151.4961,-32.5573],[151.4797,-32.5552],[151.4734,-32.6057],[151.4987,-32.6146],[151.5055,-32.6107],[151.5046,-32.6153],[151.6049,-32.6299],[151.5952,-32.6208],[151.6084,-32.6152],[151.6303,-32.6181],[151.6395,-32.6113],[151.6419,-32.5981],[151.6649,-32.5909],[151.6698,-32.5789],[151.6871,-32.5814],[151.6844,-32.5938],[151.765,-32.6068],[151.7641,-32.6138],[151.7784,-32.6104],[151.7773,-32.5938],[151.8036,-32.5982],[151.8065,-32.5849],[151.8135,-32.5998],[151.8076,-32.599],[151.805,-32.6124],[151.7907,-32.6105],[151.7886,-32.6204],[151.8055,-32.623],[151.8032,-32.6336],[151.8242,-32.6341],[151.8217,-32.6467],[151.85,-32.651],[151.8629,-32.5887],[151.8735,-32.5903],[151.8926,-32.474],[151.9073,-32.4649],[151.9052,-32.4567],[151.9184,-32.4496],[151.9178,-32.4428],[151.9058,-32.4415],[151.9021,-32.4188],[151.8867,-32.4265],[151.8726,-32.4231],[151.8655,-32.4111],[151.843,-32.4105],[151.8386,-32.3901],[151.85,-32.3256],[151.8291,-32.3226],[151.8211,-32.3131],[151.8227,-32.2976],[151.8085,-32.2465],[151.7794,-32.2486],[151.7732,-32.2636],[151.761,-32.2645],[151.7511,-32.2456],[151.7296,-32.2374],[151.7311,-32.2282],[151.6958,-32.194],[151.6982,-32.1764],[151.6892,-32.1475],[151.6695,-32.1186],[151.6501,-32.1128],[151.65,-32.1015],[151.6218,-32.0962],[151.5943,-32.1059],[151.5457,-32.0737],[151.5214,-32.0689],[151.4892,-32.0507],[151.4655,-32.0565],[151.4379,-32.0542],[151.4127,-32.0425],[151.406,-32.045],[151.4069,-32.0586],[151.3896,-32.0832],[151.3354,-32.0824],[151.3342,-32.0922],[151.3244,-32.0945],[151.3039,-32.1167],[151.3118,-32.1265],[151.3097,-32.139],[151.3279,-32.1546],[151.3272,-32.1717],[151.3419,-32.1756],[151.3455,-32.183],[151.3507,-32.2134],[151.3371,-32.2373],[151.342,-32.2677],[151.3613,-32.2892],[151.3715,-32.2916],[151.3806,-32.3142],[151.3903,-32.3156],[151.383,-32.3241],[151.3958,-32.3251],[151.398,-32.343],[151.4108,-32.349],[151.4473,-32.3991]]]},"properties":{"lga_code_2023":"12700","lga_name_2023":"Dungog","state_code_2021":"1"}},{"type":"Feature","geometry":{"type":"Polygon","coordinates":[[[144.9044,-35.5179],[144.8951,-35.5713],[144.996,-35.5831],[144.9967,-35.589],[145.0078,-35.589],[145.0116,-35.6001],[145.0203,-35.5997],[145.0284,-35.6167],[145.0344,-35.6135],[145.053,-35.6274],[145.0749,-35.633],[145.1013,-35.6347],[145.1058,-35.6456],[145.1117,-35.6443],[145.1124,-35.6544],[145.1222,-35.6541],[145.1366,-35.6666],[145.134,-35.6734],[145.1643,-35.6745],[145.1738,-35.6844],[145.1939,-35.6865],[145.1956,-35.6915],[145.2184,-35.6834],[145.2479,-35.6913],[145.263,-35.6812],[145.2738,-35.6984],[145.2861,-35.7018],[145.2919,-35.7131],[145.3045,-35.7196],[145.312,-35.7202],[145.3121,-35.7126],[145.3459,-35.711],[145.3524,-35.7192],[145.3588,-35.7163],[145.393,-35.7273],[145.4243,-35.7066],[145.44,-35.7153],[145.4436,-35.6959],[145.4569,-35.6975],[145.4581,-35.6911],[145.4609,-35.6757],[145.4544,-35.6748],[145.4557,-35.6685],[145.4616,-35.6697],[145.4686,-35.613],[145.459,-35.6118],[145.461,-35.6016],[145.4692,-35.6026],[145.4742,-35.5895],[145.4885,-35.4898],[145.4947,-35.4906],[145.5198,-35.348],[145.5265,-35.2986],[145.5128,-35.297],[145.5132,-35.2897],[145.5313,-35.2769],[145.5269,-35.2687],[145.5315,-35.249],[145.5251,-35.2425],[145.5333,-35.2306],[145.5437,-35.2273],[145.5468,-35.2101],[145.5349,-35.2111],[145.546,-35.1497],[145.5414,-35.1524],[145.5984,-34.8574],[144.6198,-34.8469],[144.3904,-34.8171],[144.3088,-34.7888],[144.3072,-34.7979],[144.2832,-34.7952],[144.2846,-34.7872],[144.2736,-34.7859],[144.2752,-34.7766],[144.2725,-34.7826],[144.1486,-34.7407],[144.1247,-34.8868],[144.1633,-34.8942],[144.1369,-35.0445],[144.1269,-35.0449],[144.1235,-35.0513],[144.1282,-35.0534],[144.1109,-35.0554],[144.109,-35.0507],[144.0951,-35.0588],[144.1089,-35.0676],[144.0887,-35.0747],[144.0875,-35.0833],[144.0808,-35.0805],[144.0668,-35.0896],[144.0497,-35.0905],[144.0487,-35.0968],[144.0602,-35.0973],[144.0541,-35.1073],[144.0688,-35.103],[144.0825,-35.1071],[144.0924,-35.1187],[144.1021,-35.1182],[144.1003,-35.1235],[144.113,-35.1227],[144.1085,-35.1322],[144.1144,-35.127],[144.1154,-35.1327],[144.1376,-35.1347],[144.1425,-35.1392],[144.14,-35.1497],[144.1504,-35.1533],[144.1538,-35.1448],[144.1644,-35.1596],[144.1714,-35.1599],[144.1713,-35.1528],[144.175,-35.1591],[144.1795,-35.1514],[144.1832,-35.1592],[144.1922,-35.152],[144.193,-35.1572],[144.2104,-35.1523],[144.2104,-35.1613],[144.2231,-35.1567],[144.2128,-35.1642],[144.2276,-35.1712],[144.2351,-35.1644],[144.237,-35.1739],[144.2466,-35.1684],[144.242,-35.1761],[144.248,-35.1741],[144.2566,-35.1846],[144.2633,-35.1744],[144.2646,-35.1814],[144.2731,-35.1748],[144.2793,-35.1825],[144.2825,-35.177],[144.2854,-35.1816],[144.2932,-35.1787],[144.3025,-35.1899],[144.3065,-35.1794],[144.3153,-35.1864],[144.3217,-35.1799],[144.3205,-35.1848],[144.3526,-35.1912],[144.3599,-35.1845],[144.3614,-35.1927],[144.3669,-35.1862],[144.3723,-35.1943],[144.3809,-35.1893],[144.3807,-35.2037],[144.391,-35.2022],[144.3845,-35.1982],[144.3898,-35.1931],[144.3945,-35.2013],[144.402,-35.1993],[144.3995,-35.2113],[144.4115,-35.2077],[144.4101,-35.2141],[144.4141,-35.2098],[144.4326,-35.2169],[144.4274,-35.2231],[144.4375,-35.2341],[144.4211,-35.2454],[144.4371,-35.2482],[144.4292,-35.2531],[144.4353,-35.2535],[144.4339,-35.2596],[144.4449,-35.2547],[144.4454,-35.2632],[144.4568,-35.2609],[144.4562,-35.2664],[144.4692,-35.2675],[144.463,-35.2709],[144.4749,-35.2757],[144.4696,-35.2746],[144.4718,-35.2839],[144.4797,-35.2784],[144.4797,-35.2877],[144.4868,-35.2908],[144.4908,-35.2837],[144.4895,-35.2912],[144.498,-35.2862],[144.5069,-35.2996],[144.5142,-35.2931],[144.526,-35.2946],[144.5289,-35.3016],[144.523,-35.3044],[144.5357,-35.3142],[144.5321,-35.3192],[144.5504,-35.3203],[144.5557,-35.3344],[144.5673,-35.33],[144.5812,-35.3378],[144.5858,-35.3302],[144.5873,-35.3355],[144.5965,-35.331],[144.6027,-35.3476],[144.5927,-35.3467],[144.595,-35.3553],[144.603,-35.3515],[144.6089,-35.3594],[144.6283,-35.3531],[144.6401,-35.3582],[144.641,-35.3706],[144.6571,-35.3727],[144.6523,-35.3945],[144.6754,-35.405],[144.6785,-35.4008],[144.6851,-35.4101],[144.6927,-35.4081],[144.6916,-35.4148],[144.7396,-35.4124],[144.7393,-35.4209],[144.748,-35.4209],[144.7455,-35.4278],[144.7601,-35.4248],[144.7635,-35.444],[144.7734,-35.4425],[144.7696,-35.4479],[144.7814,-35.4443],[144.7965,-35.4497],[144.7987,-35.4446],[144.8021,-35.4498],[144.8206,-35.4511],[144.8202,-35.4572],[144.8434,-35.4566],[144.8637,-35.4813],[144.8918,-35.4884],[144.8926,-35.4988],[144.9066,-35.5053],[144.9044,-35.5179]]]},"properties":{"lga_code_2023":"12730","lga_name_2023":"Edward River","state_code_2021":"1"}},{"type":"Feature","geometry":{"type":"MultiPolygon","coordinates":[[[[150.2563,-35.5752],[150.2541,-35.5645],[150.2414,-35.5583],[150.2377,-35.5494],[150.2348,-35.5543],[150.2236,-35.5451],[150.2213,-35.5505],[150.2035,-35.5433],[150.1987,-35.5535],[150.1919,-35.5498],[150.1822,-35.5594],[150.1821,-35.5703],[150.1731,-35.5754],[150.1572,-35.5697],[150.1425,-35.5728],[150.1332,-35.5627],[150.1195,-35.5758],[150.1085,-35.5705],[150.0945,-35.5751],[150.0943,-35.5807],[150.0764,-35.5738],[150.0716,-35.5791],[150.0671,-35.5741],[150.0556,-35.5765],[150.0371,-35.5615],[150.0108,-35.5518],[149.9809,-35.5038],[149.964,-35.5008],[149.9574,-35.5307],[149.9488,-35.5322],[149.9492,-35.5406],[149.9567,-35.544],[149.9429,-35.5533],[149.9413,-35.5607],[149.9482,-35.5618],[149.9299,-35.5654],[149.9351,-35.6109],[149.9221,-35.6183],[149.9218,-35.6347],[149.9084,-35.637],[149.8626,-35.7138],[149.8542,-35.7201],[149.8402,-35.715],[149.8393,-35.7238],[149.8298,-35.7214],[149.8225,-35.7347],[149.8144,-35.7363],[149.8207,-35.7452],[149.8174,-35.7539],[149.8039,-35.7608],[149.7963,-35.7737],[149.7738,-35.7816],[149.7596,-35.7941],[149.7093,-35.7842],[149.6849,-35.8027],[149.6766,-35.8259],[149.6819,-35.8377],[149.6787,-35.866],[149.6939,-35.9083],[149.6799,-35.9814],[149.6729,-35.9893],[149.6607,-35.9867],[149.6207,-35.962],[149.6084,-35.9674],[149.6011,-35.9916],[149.5841,-35.9918],[149.5856,-36.005],[149.5684,-36.0088],[149.5673,-36.0183],[149.5752,-36.0535],[149.5712,-36.0613],[149.582,-36.0685],[149.5765,-36.0729],[149.5837,-36.081],[149.5807,-36.0874],[149.5517,-36.0972],[149.5525,-36.1058],[149.543,-36.1065],[149.5478,-36.116],[149.5834,-36.1427],[149.6194,-36.1306],[149.6238,-36.1349],[149.6296,-36.1282],[149.6511,-36.1313],[149.6405,-36.1955],[149.7398,-36.2398],[149.7513,-36.2329],[149.814,-36.2505],[149.953,-36.2688],[149.9439,-36.3058],[149.9533,-36.3115],[149.9505,-36.3236],[149.9598,-36.3156],[149.9678,-36.3187],[149.9757,-36.3452],[149.9837,-36.3479],[149.9877,-36.3585],[149.9952,-36.359],[149.9944,-36.3531],[150.0047,-36.3654],[150.019,-36.3643],[150.0316,-36.3556],[150.0263,-36.3539],[150.0309,-36.3545],[150.0325,-36.3457],[150.0342,-36.3535],[150.0507,-36.3548],[150.0574,-36.3632],[150.0528,-36.3432],[150.0568,-36.3512],[150.0642,-36.3494],[150.065,-36.3579],[150.0738,-36.3576],[150.0724,-36.3526],[150.0833,-36.3637],[150.1397,-36.3049],[150.1308,-36.2889],[150.1486,-36.2669],[150.1425,-36.2178],[150.1309,-36.1998],[150.1359,-36.1725],[150.1254,-36.1601],[150.1243,-36.1419],[150.1415,-36.0944],[150.134,-36.0902],[150.1345,-36.0659],[150.1445,-36.057],[150.1414,-36.0493],[150.1492,-36.0288],[150.1646,-36.013],[150.1574,-36.008],[150.1643,-35.9936],[150.1541,-35.9919],[150.1511,-35.9789],[150.1604,-35.9539],[150.1551,-35.9459],[150.1618,-35.9087],[150.152,-35.9078],[150.1565,-35.9049],[150.1509,-35.9049],[150.1507,-35.8896],[150.1701,-35.8619],[150.1914,-35.8605],[150.1906,-35.8547],[150.1827,-35.857],[150.1777,-35.8502],[150.1786,-35.8431],[150.1899,-35.8385],[150.1867,-35.8331],[150.1991,-35.8286],[150.2102,-35.8358],[150.2175,-35.8307],[150.2354,-35.8354],[150.2249,-35.8278],[150.2308,-35.8184],[150.2242,-35.8087],[150.2371,-35.8021],[150.2301,-35.8011],[150.2312,-35.7923],[150.2374,-35.7919],[150.2306,-35.774],[150.2349,-35.7718],[150.212,-35.7601],[150.2171,-35.7513],[150.2145,-35.7379],[150.2081,-35.7365],[150.208,-35.7295],[150.1998,-35.7303],[150.1992,-35.7192],[150.1773,-35.7031],[150.2103,-35.7024],[150.2122,-35.7118],[150.2341,-35.703],[150.2505,-35.7115],[150.251,-35.7194],[150.2624,-35.7179],[150.2656,-35.7265],[150.2702,-35.7192],[150.2767,-35.7234],[150.2805,-35.704],[150.2912,-35.6937],[150.2974,-35.6961],[150.2986,-35.6841],[150.3066,-35.6861],[150.2997,-35.6788],[150.3051,-35.6799],[150.3014,-35.6742],[150.3075,-35.6687],[150.2982,-35.6644],[150.2961,-35.6544],[150.3075,-35.6385],[150.2937,-35.6446],[150.2858,-35.6362],[150.2973,-35.635],[150.2886,-35.6327],[150.2777,-35.6407],[150.2699,-35.6169],[150.2498,-35.6314],[150.2576,-35.6123],[150.2563,-35.5752]]],[[[150.1478,-36.2336],[150.148,-36.2338],[150.1483,-36.2337],[150.1478,-36.2336]]],[[[150.1356,-36.3115],[150.1354,-36.3111],[150.1354,-36.3115],[150.1356,-36.3115]]],[[[150.1499,-36.2616],[150.1509,-36.2627],[150.1512,-36.2625],[150.1499,-36.2616]],[[150.15,-36.264],[150.1496,-36.2641],[150.1499,-36.2638],[150.15,-36.264]]],[[[150.1505,-36.2642],[150.1509,-36.2643],[150.1509,-36.264],[150.1505,-36.2642]]],[[[150.1428,-36.2716],[150.1434,-36.2718],[150.1431,-36.2715],[150.1428,-36.2716]]],[[[150.1439,-36.2705],[150.1439,-36.2707],[150.1444,-36.2705],[150.1439,-36.2705]]],[[[150.1502,-36.2656],[150.1499,-36.2655],[150.1501,-36.2659],[150.1502,-36.2656]]],[[[150.1364,-36.3033],[150.1365,-36.3028],[150.1361,-36.3026],[150.1364,-36.3033]]],[[[150.1378,-36.3054],[150.1377,-36.3054],[150.1377,-36.3055],[150.1378,-36.3054]]],[[[150.1471,-36.2334],[150.1467,-36.2335],[150.1474,-36.2338],[150.1471,-36.2334]]],[[[150.1469,-36.2332],[150.1462,-36.233],[150.1462,-36.2332],[150.1469,-36.2332]]],[[[150.1422,-36.2194],[150.1425,-36.2193],[150.1423,-36.2192],[150.1422,-36.2194]]],[[[150.2041,-35.8338],[150.2044,-35.8317],[150.2032,-35.8325],[150.2041,-35.8338]]],[[[150.3113,-35.6659],[150.3097,-35.6671],[150.3122,-35.6684],[150.3113,-35.6659]]],[[[150.2819,-35.7102],[150.2823,-35.7101],[150.282,-35.7099],[150.2819,-35.7102]]],[[[150.2984,-35.6915],[150.2986,-35.6915],[150.2985,-35.6912],[150.2984,-35.6915]]],[[[150.2336,-35.8185],[150.2374,-35.8178],[150.234,-35.8168],[150.2336,-35.8185]]],[[[150.2307,-36.2447],[150.2232,-36.2456],[150.2271,-36.2595],[150.2307,-36.2447]]],[[[150.2229,-36.255],[150.2234,-36.255],[150.2231,-36.2546],[150.2229,-36.255]]],[[[150.2295,-36.2464],[150.2299,-36.2468],[150.2304,-36.2465],[150.2295,-36.2464]]],[[[150.2219,-36.2562],[150.2223,-36.256],[150.222,-36.2557],[150.2219,-36.2562]]],[[[150.2585,-35.7515],[150.257,-35.749],[150.2554,-35.7517],[150.2585,-35.7515]]],[[[150.2603,-35.7477],[150.2608,-35.7513],[150.2623,-35.7485],[150.2603,-35.7477]]],[[[150.2119,-35.7252],[150.2126,-35.7258],[150.2131,-35.7248],[150.2119,-35.7252]]],[[[150.2145,-35.7359],[150.2141,-35.736],[150.2144,-35.7362],[150.2145,-35.7359]]],[[[150.2129,-35.7243],[150.2132,-35.7242],[150.2129,-35.7242],[150.2129,-35.7243]]]]},"properties":{"lga_code_2023":"12750","lga_name_2023":"Eurobodalla","state_code_2021":"1"}},{"type":"Feature","geometry":{"type":"Polygon","coordinates":[[[150.9562,-33.8577],[150.9171,-33.8381],[150.9089,-33.8254],[150.889,-33.834],[150.8843,-33.8275],[150.8572,-33.8208],[150.8116,-33.8251],[150.8208,-33.8267],[150.819,-33.8352],[150.8235,-33.8359],[150.8151,-33.8794],[150.8398,-33.8747],[150.8522,-33.8834],[150.8646,-33.8835],[150.8571,-33.8944],[150.9078,-33.9142],[150.9173,-33.9039],[150.9497,-33.9055],[150.9607,-33.8988],[150.9665,-33.9005],[150.9601,-33.9046],[150.9661,-33.9097],[150.9776,-33.909],[150.9671,-33.8901],[150.9733,-33.8894],[150.9905,-33.8641],[150.9825,-33.8572],[150.9614,-33.8699],[150.9562,-33.8577]]]},"properties":{"lga_code_2023":"12850","lga_name_2023":"Fairfield","state_code_2021":"1"}},{"type":"Feature","geometry":{"type":"Polygon","coordinates":[[[145.9744,-35.8183],[145.9461,-35.9613],[145.9549,-35.9637],[145.9441,-35.9674],[145.951,-35.976],[145.9459,-35.9841],[145.9648,-35.9968],[145.9587,-36.0077],[145.9713,-36.0057],[145.9718,-36.0157],[145.9775,-36.0093],[145.9894,-36.013],[146.0059,-36.0036],[146.0161,-36.007],[146.0315,-35.9947],[146.0484,-36.0032],[146.0523,-35.9955],[146.0593,-36.0145],[146.0714,-36.0157],[146.0735,-36.0096],[146.0756,-36.0182],[146.0922,-36.0213],[146.0966,-36.0173],[146.0915,-36.0095],[146.1008,-36.0131],[146.1124,-36.0068],[146.1077,-36.0144],[146.1187,-36.018],[146.1348,-36.0025],[146.1406,-36.009],[146.132,-36.0102],[146.1312,-36.0193],[146.1459,-36.0138],[146.1547,-36.0252],[146.1731,-36.0193],[146.1765,-36.0336],[146.1821,-36.0344],[146.1783,-36.0376],[146.186,-36.0421],[146.1992,-36.0275],[146.2041,-36.0285],[146.1981,-36.0299],[146.1987,-36.037],[146.2047,-36.0392],[146.2116,-36.0286],[146.216,-36.0332],[146.2112,-36.0389],[146.2205,-36.0365],[146.2222,-36.0299],[146.2299,-36.034],[146.243,-36.0288],[146.2414,-36.0235],[146.2509,-36.0231],[146.2446,-36.0183],[146.2513,-36.0196],[146.2572,-36.0121],[146.261,-36.0215],[146.2729,-36.0266],[146.2781,-36.0225],[146.275,-36.0124],[146.2829,-36.011],[146.2788,-36.0159],[146.2911,-36.0202],[146.2822,-36.0262],[146.2917,-36.0246],[146.2931,-36.0295],[146.2861,-36.0304],[146.2913,-36.0359],[146.283,-36.0415],[146.2914,-36.039],[146.299,-36.0479],[146.301,-36.0366],[146.3017,-36.0422],[146.3088,-36.0393],[146.313,-36.0456],[146.3159,-36.0385],[146.3291,-36.0431],[146.3313,-36.036],[146.325,-36.0335],[146.3389,-36.0264],[146.3497,-36.0415],[146.3576,-36.0406],[146.3692,-36.0508],[146.3796,-36.0447],[146.3763,-36.0384],[146.3876,-36.0356],[146.3796,-36.0281],[146.3806,-36.0129],[146.3991,-36.0072],[146.403,-35.9888],[146.4158,-35.984],[146.4149,-35.9752],[146.4198,-35.9785],[146.4252,-35.973],[146.4217,-35.9658],[146.4372,-35.967],[146.4433,-35.9762],[146.4546,-35.9622],[146.47,-35.9762],[146.4674,-35.9842],[146.4997,-35.9909],[146.5021,-35.9832],[146.4925,-35.985],[146.5007,-35.9792],[146.4963,-35.9733],[146.5018,-35.9582],[146.512,-35.9642],[146.5197,-35.9606],[146.5196,-35.9696],[146.5324,-35.9758],[146.5323,-35.9843],[146.5378,-35.9822],[146.5496,-35.9925],[146.556,-35.9892],[146.5506,-35.9876],[146.5519,-35.9798],[146.559,-35.979],[146.5629,-35.9677],[146.5624,-35.9769],[146.584,-35.9839],[146.5841,-35.975],[146.6125,-35.9729],[146.6187,-35.9759],[146.6078,-35.9864],[146.613,-35.9952],[146.6337,-35.9998],[146.6311,-36.0035],[146.6404,-36.0095],[146.6421,-36.0041],[146.6509,-36.0077],[146.6502,-36.0138],[146.6586,-36.0145],[146.6503,-36.0184],[146.6581,-36.0216],[146.656,-36.0263],[146.6702,-36.0279],[146.6686,-36.0178],[146.6714,-36.0259],[146.6819,-36.0238],[146.6754,-36.0286],[146.6825,-36.0294],[146.6858,-36.0406],[146.695,-36.0343],[146.69,-36.0303],[146.7096,-36.0348],[146.6981,-36.0253],[146.7105,-35.9813],[146.7058,-35.9513],[146.6871,-35.9487],[146.6945,-35.9356],[146.6763,-35.9321],[146.676,-35.9405],[146.6654,-35.9361],[146.6671,-35.9317],[146.6538,-35.93],[146.6572,-35.9154],[146.6701,-35.9171],[146.6747,-35.8947],[146.6493,-35.8901],[146.6513,-35.88],[146.6436,-35.879],[146.6295,-35.8953],[146.589,-35.895],[146.5824,-35.9293],[146.5774,-35.9229],[146.5537,-35.9253],[146.5575,-35.9121],[146.5467,-35.9106],[146.544,-35.9201],[146.5299,-35.9183],[146.5511,-35.8204],[146.5048,-35.8181],[146.497,-35.8117],[146.5178,-35.6968],[146.5433,-35.702],[146.5463,-35.6852],[146.5575,-35.6866],[146.5728,-35.6066],[146.5819,-35.619],[146.5932,-35.5674],[146.5981,-35.5681],[146.6023,-35.5465],[146.591,-35.545],[146.5928,-35.535],[146.6043,-35.5365],[146.6051,-35.5058],[146.5401,-35.4872],[146.4312,-35.475],[146.3915,-35.4304],[146.3808,-35.4057],[146.3651,-35.3893],[146.3542,-35.3878],[146.364,-35.3377],[146.3699,-35.3372],[146.3729,-35.321],[146.3888,-35.3229],[146.3925,-35.303],[146.4038,-35.3045],[146.4137,-35.2505],[146.3864,-35.2474],[146.3893,-35.2317],[146.4468,-35.1941],[146.4483,-35.1872],[146.4513,-35.1912],[146.5649,-35.1185],[146.615,-35.1145],[146.6252,-35.1007],[146.6609,-35.0897],[146.6878,-35.0706],[146.6908,-35.0559],[146.6779,-35.0541],[146.672,-35.0599],[146.369,-34.9146],[146.3163,-34.9037],[146.3173,-34.8982],[146.263,-34.8807],[146.258,-34.8869],[146.2335,-34.8734],[146.1925,-34.9236],[146.1456,-34.898],[146.1377,-34.9078],[146.0748,-34.8982],[146.069,-34.9158],[146.0809,-34.9184],[146.0736,-34.9286],[146.0659,-34.9274],[146.061,-34.9416],[146.0653,-34.9479],[146.0528,-34.9946],[146.0593,-35.0015],[146.0491,-35.0179],[146.0581,-35.0329],[146.0427,-35.0567],[146.0303,-35.0546],[146.0182,-35.1235],[146.0064,-35.1332],[146.0141,-35.1363],[146.0081,-35.1394],[146.0146,-35.1419],[146.0097,-35.1667],[146.0399,-35.1986],[146.0287,-35.1982],[146.0291,-35.2066],[146.0198,-35.2034],[146.0293,-35.2137],[146.0243,-35.2183],[146.0179,-35.2188],[146.015,-35.209],[146.0108,-35.2138],[145.995,-35.2103],[145.9895,-35.2177],[145.9957,-35.2267],[145.9831,-35.2246],[145.9847,-35.2321],[145.9723,-35.2437],[145.9759,-35.2534],[145.9672,-35.2488],[145.9651,-35.2594],[145.9574,-35.2637],[145.9698,-35.2709],[145.96,-35.2721],[145.9599,-35.2826],[145.9765,-35.2799],[145.9872,-35.2849],[145.9859,-35.3042],[145.993,-35.3111],[146.0109,-35.3054],[146.0248,-35.318],[146.0392,-35.3142],[146.0461,-35.3231],[146.0596,-35.3177],[146.0648,-35.3226],[146.0271,-35.5268],[146.0185,-35.5258],[146.0183,-35.5567],[146.0089,-35.5554],[146.0077,-35.5633],[146.0164,-35.5645],[146.0168,-35.5755],[146.0084,-35.583],[146.0018,-35.62],[145.9941,-35.6222],[146.0073,-35.6242],[146.0045,-35.6382],[145.9869,-35.636],[145.9846,-35.6482],[145.998,-35.6498],[145.9958,-35.6616],[145.9859,-35.6606],[145.9845,-35.6674],[145.9945,-35.6688],[145.9936,-35.6736],[145.9916,-35.6833],[145.9781,-35.6816],[145.9738,-35.7046],[145.9853,-35.706],[145.984,-35.714],[145.9906,-35.7186],[145.9744,-35.8183]]]},"properties":{"lga_code_2023":"12870","lga_name_2023":"Federation","state_code_2021":"1"}},{"type":"Feature","geometry":{"type":"Polygon","coordinates":[[[147.4875,-33.4135],[147.4804,-33.4417],[147.4261,-33.4345],[147.4035,-33.5274],[147.4171,-33.5319],[147.4719,-33.6863],[147.4839,-33.6891],[147.4828,-33.7043],[147.5135,-33.7058],[147.5231,-33.6825],[147.555,-33.6695],[147.58,-33.6299],[147.6019,-33.6137],[147.6826,-33.6239],[147.6642,-33.6567],[147.6777,-33.6584],[147.6711,-33.6957],[147.6968,-33.7039],[147.7641,-33.7071],[147.7784,-33.687],[147.7924,-33.6866],[147.8028,-33.6938],[147.9438,-33.7087],[147.948,-33.7009],[148.0826,-33.7205],[148.0772,-33.704],[148.0897,-33.6854],[148.0872,-33.6773],[148.1009,-33.6484],[148.1692,-33.6517],[148.1742,-33.6323],[148.1868,-33.6412],[148.2374,-33.636],[148.258,-33.6442],[148.2589,-33.6398],[148.2716,-33.6415],[148.2703,-33.649],[148.3243,-33.6557],[148.3411,-33.64],[148.3437,-33.6158],[148.3503,-33.6088],[148.3896,-33.6063],[148.3868,-33.6007],[148.4138,-33.6043],[148.418,-33.5962],[148.3886,-33.5798],[148.3879,-33.5725],[148.3918,-33.5671],[148.4145,-33.5669],[148.4167,-33.574],[148.4235,-33.5644],[148.3912,-33.547],[148.3904,-33.54],[148.4002,-33.5351],[148.3928,-33.5187],[148.3593,-33.5124],[148.3513,-33.4941],[148.3232,-33.4912],[148.3249,-33.4974],[148.3098,-33.5002],[148.308,-33.4941],[148.3011,-33.4981],[148.2907,-33.4919],[148.2902,-33.4864],[148.3052,-33.4626],[148.3161,-33.4662],[148.3081,-33.4579],[148.3186,-33.4491],[148.3293,-33.4559],[148.3331,-33.4442],[148.35,-33.4536],[148.3499,-33.4437],[148.3616,-33.4492],[148.3652,-33.4353],[148.3443,-33.4295],[148.3459,-33.4209],[148.3677,-33.4209],[148.3679,-33.4108],[148.3874,-33.4137],[148.3982,-33.4011],[148.4064,-33.4055],[148.4031,-33.3924],[148.4107,-33.3958],[148.4182,-33.385],[148.4147,-33.3703],[148.4032,-33.3689],[148.3843,-33.3531],[148.4031,-33.3289],[148.4157,-33.3272],[148.4021,-33.2998],[148.3971,-33.27],[148.4017,-33.2596],[148.4282,-33.2392],[148.4309,-33.2189],[148.4161,-33.2181],[148.4017,-33.2257],[148.3617,-33.2156],[148.3372,-33.2241],[148.3099,-33.2075],[148.3051,-33.2108],[148.2947,-33.1996],[148.2876,-33.1982],[148.2864,-33.2047],[148.2391,-33.1989],[148.2353,-33.2089],[148.2541,-33.2457],[148.233,-33.2433],[148.2269,-33.2758],[148.1952,-33.2716],[148.1657,-33.2527],[148.1007,-33.2714],[148.097,-33.2774],[148.0847,-33.2758],[148.0895,-33.2672],[148.0799,-33.2644],[148.0083,-33.2539],[148.0069,-33.2615],[147.9954,-33.2599],[147.997,-33.2518],[147.9206,-33.2445],[147.9246,-33.2249],[147.9181,-33.224],[147.9164,-33.2054],[147.9083,-33.2135],[147.878,-33.214],[147.8795,-33.2046],[147.8453,-33.2002],[147.8452,-33.2116],[147.6357,-33.1861],[147.6405,-33.1577],[147.6534,-33.1593],[147.6548,-33.1512],[147.6429,-33.1499],[147.6436,-33.1388],[147.5652,-33.1295],[147.5715,-33.0902],[147.5486,-33.0876],[147.555,-33.0482],[147.4055,-33.0374],[147.3885,-33.1394],[147.381,-33.1366],[147.3853,-33.1301],[147.3692,-33.1318],[147.3543,-33.1205],[147.3407,-33.1233],[147.3424,-33.1143],[147.3305,-33.1101],[147.3174,-33.1174],[147.3102,-33.1028],[147.2968,-33.1716],[147.3062,-33.1803],[147.2978,-33.1912],[147.3144,-33.1991],[147.3088,-33.2071],[147.3192,-33.205],[147.3302,-33.2146],[147.3419,-33.2124],[147.3572,-33.2245],[147.3788,-33.2156],[147.4209,-33.2282],[147.4434,-33.2229],[147.444,-33.2315],[147.4648,-33.2274],[147.4631,-33.2342],[147.4719,-33.2445],[147.4855,-33.2466],[147.4823,-33.2582],[147.497,-33.2573],[147.4977,-33.265],[147.5058,-33.2601],[147.5147,-33.2633],[147.4875,-33.4135]]]},"properties":{"lga_code_2023":"12900","lga_name_2023":"Forbes","state_code_2021":"1"}},{"type":"Feature","geometry":{"type":"Polygon","coordinates":[[[151.0965,-33.991],[151.1039,-33.9895],[151.1025,-34.0009],[151.1137,-33.9962],[151.1152,-34.0014],[151.1183,-33.9905],[151.1307,-33.9839],[151.1215,-34.0005],[151.1282,-34.006],[151.1377,-33.9595],[151.1348,-33.9562],[151.1306,-33.9661],[151.1189,-33.9694],[151.102,-33.9497],[151.1008,-33.9393],[151.0601,-33.9501],[151.0446,-33.9478],[151.0465,-33.9705],[151.0335,-33.9846],[151.0364,-33.9908],[151.0529,-33.991],[151.0494,-33.9802],[151.0537,-33.9828],[151.0618,-33.9752],[151.0545,-33.9851],[151.0748,-33.984],[151.0717,-33.9943],[151.0854,-33.9927],[151.0821,-33.9894],[151.0881,-33.9826],[151.0944,-33.9847],[151.0871,-33.9913],[151.0965,-33.991]]]},"properties":{"lga_code_2023":"12930","lga_name_2023":"Georges River","state_code_2021":"1"}},{"type":"Feature","geometry":{"type":"Polygon","coordinates":[[[148.2815,-31.5118],[148.28,-31.5467],[148.268,-31.5864],[148.2844,-31.5847],[148.2855,-31.5789],[148.2915,-31.5796],[148.2878,-31.5868],[148.2919,-31.5873],[148.2947,-31.5713],[148.314,-31.5804],[148.3124,-31.5898],[148.323,-31.5911],[148.298,-31.733],[148.3575,-31.73],[148.3464,-31.7975],[148.3014,-31.7925],[148.299,-31.8069],[148.3111,-31.857],[148.3288,-31.878],[148.3433,-31.9368],[148.3727,-31.973],[148.4183,-32.0141],[148.4394,-32.0171],[148.4738,-32.0043],[148.5379,-31.9599],[148.6196,-31.9249],[148.6259,-31.9004],[148.6852,-31.8896],[148.732,-31.8936],[148.7403,-31.8862],[148.9778,-31.9154],[148.9702,-31.907],[148.9881,-31.9093],[148.9931,-31.8815],[149.0159,-31.8843],[149.0225,-31.8439],[149.0065,-31.8417],[149.0041,-31.8354],[149.021,-31.8257],[149.0328,-31.8006],[149.0452,-31.7946],[149.0705,-31.805],[149.0984,-31.785],[149.0901,-31.7809],[149.0925,-31.7691],[149.0856,-31.7727],[149.0799,-31.7653],[149.0872,-31.7566],[149.0831,-31.7448],[149.092,-31.7343],[149.0789,-31.7292],[149.0726,-31.7163],[149.0642,-31.7165],[149.0676,-31.7011],[149.0745,-31.7004],[149.0662,-31.6885],[149.0666,-31.6726],[149.0702,-31.6617],[149.0883,-31.6547],[149.0966,-31.623],[149.1052,-31.6289],[149.1111,-31.6221],[149.1082,-31.6134],[149.1134,-31.6112],[149.0973,-31.6016],[149.0969,-31.5957],[149.1023,-31.5907],[149.1082,-31.5952],[149.1167,-31.5699],[149.1259,-31.5727],[149.1312,-31.563],[149.1238,-31.5508],[149.1385,-31.537],[149.1393,-31.5281],[149.1287,-31.5113],[149.1298,-31.4907],[149.0318,-31.4782],[149.0471,-31.4445],[148.9825,-31.4442],[148.955,-31.4529],[148.9676,-31.4296],[148.9639,-31.4115],[148.9768,-31.3931],[148.9745,-31.3868],[148.9865,-31.3734],[148.9954,-31.3737],[148.9938,-31.3636],[149.0037,-31.3532],[149.0046,-31.3405],[149.0434,-31.3415],[149.0481,-31.3344],[149.0449,-31.308],[149.0501,-31.2958],[149.0627,-31.2895],[149.0405,-31.289],[149.0336,-31.2967],[149.0363,-31.3012],[149.0258,-31.3055],[148.99,-31.2813],[148.9693,-31.2791],[148.921,-31.2586],[148.7981,-31.2487],[148.7678,-31.2496],[148.7437,-31.2647],[148.6722,-31.2775],[148.6183,-31.2712],[148.6077,-31.3262],[148.6186,-31.3276],[148.6203,-31.3352],[148.6152,-31.3651],[148.599,-31.3632],[148.5948,-31.3893],[148.5233,-31.3807],[148.5154,-31.3717],[148.5037,-31.3799],[148.4603,-31.3548],[148.4601,-31.3444],[148.3956,-31.3749],[148.3929,-31.3905],[148.3588,-31.3864],[148.3546,-31.4102],[148.3286,-31.407],[148.3072,-31.4158],[148.3092,-31.4414],[148.2946,-31.4396],[148.2815,-31.5118]]]},"properties":{"lga_code_2023":"12950","lga_name_2023":"Gilgandra","state_code_2021":"1"}},{"type":"Feature","geometry":{"type":"Polygon","coordinates":[[[151.5327,-29.6752],[151.5307,-29.6866],[151.5185,-29.6851],[151.514,-29.6982],[151.5266,-29.7174],[151.5238,-29.7349],[151.5068,-29.7402],[151.5048,-29.7504],[151.5471,-29.76],[151.545,-29.7827],[151.555,-29.8016],[151.5495,-29.8244],[151.5652,-29.8552],[151.5615,-29.8786],[151.5874,-29.8744],[151.5936,-29.8785],[151.5959,-29.8874],[151.5852,-29.9056],[151.5987,-29.92],[151.5957,-29.929],[151.6038,-29.9309],[151.6027,-29.9487],[151.6197,-29.952],[151.6263,-29.9698],[151.6435,-29.9761],[151.6455,-29.9827],[151.6643,-29.9808],[151.6625,-30.0023],[151.6575,-30.0028],[151.6721,-30.0181],[151.6836,-30.0074],[151.8514,-30.0064],[151.8621,-30.0169],[151.8849,-30.012],[151.9048,-30.0221],[151.9265,-30.0028],[151.9443,-30.016],[151.9559,-30.0072],[151.9844,-30.0048],[151.9849,-30.0102],[152.0206,-30.006],[152.0477,-30.0136],[152.0571,-30.0028],[152.0667,-30.0131],[152.0731,-30.0085],[152.0807,-30.014],[152.0826,-30.0049],[152.1017,-30.0064],[152.1103,-29.9959],[152.1159,-30.0065],[152.1296,-30.0085],[152.1362,-30.0213],[152.1473,-30.0172],[152.1379,-29.9956],[152.1458,-29.9937],[152.1337,-29.9837],[152.1424,-29.9778],[152.1325,-29.9721],[152.1293,-29.9574],[152.1484,-29.9451],[152.1603,-29.954],[152.1701,-29.9512],[152.1717,-29.9437],[152.1878,-29.9449],[152.1811,-29.9513],[152.1906,-29.9511],[152.1882,-29.9605],[152.198,-29.9552],[152.19,-29.9636],[152.1981,-29.9779],[152.2084,-29.9802],[152.2129,-29.9754],[152.221,-29.9791],[152.2231,-29.9882],[152.225,-29.9811],[152.2473,-29.981],[152.2452,-29.9665],[152.2672,-29.9661],[152.2601,-29.9589],[152.266,-29.9422],[152.2722,-29.9417],[152.2697,-29.9324],[152.2834,-29.9252],[152.2794,-29.9211],[152.2669,-29.9263],[152.2784,-29.9181],[152.2697,-29.9115],[152.2856,-29.908],[152.2813,-29.8783],[152.2877,-29.8734],[152.2768,-29.8645],[152.2819,-29.8567],[152.2735,-29.8462],[152.2511,-29.865],[152.2341,-29.864],[152.2219,-29.8721],[152.208,-29.8661],[152.1924,-29.8766],[152.1729,-29.8712],[152.1682,-29.8694],[152.1684,-29.8535],[152.1776,-29.848],[152.1702,-29.8406],[152.1779,-29.8275],[152.1703,-29.8221],[152.18,-29.8066],[152.1931,-29.8067],[152.1865,-29.8025],[152.1942,-29.8002],[152.1909,-29.7885],[152.203,-29.7867],[152.2052,-29.7721],[152.2148,-29.7616],[152.2266,-29.761],[152.2297,-29.7548],[152.2606,-29.757],[152.2646,-29.7499],[152.2551,-29.7341],[152.2657,-29.7276],[152.2621,-29.7125],[152.2707,-29.7071],[152.2617,-29.6984],[152.2761,-29.6822],[152.281,-29.6656],[152.2895,-29.6763],[152.3053,-29.6618],[152.3118,-29.6645],[152.3125,-29.6514],[152.3257,-29.6555],[152.3361,-29.6408],[152.3545,-29.5455],[152.4053,-29.5168],[152.4125,-29.5069],[152.3888,-29.4453],[152.3946,-29.4461],[152.3972,-29.4318],[152.4043,-29.4328],[152.4087,-29.3985],[152.4322,-29.3926],[152.4345,-29.3785],[152.4523,-29.3594],[152.3315,-29.3418],[152.3224,-29.3507],[152.3159,-29.347],[152.3076,-29.3526],[152.3003,-29.3772],[152.0539,-29.341],[152.0589,-29.3525],[152.0327,-29.3672],[152.0237,-29.3618],[152.008,-29.3713],[152.0168,-29.3879],[152.0042,-29.3982],[152.006,-29.407],[151.9868,-29.4076],[151.9683,-29.4179],[151.9446,-29.4095],[151.9318,-29.4181],[151.8954,-29.4065],[151.8626,-29.4262],[151.8171,-29.4154],[151.8054,-29.4273],[151.7885,-29.4085],[151.8026,-29.3733],[151.7818,-29.3705],[151.7884,-29.3581],[151.7836,-29.3549],[151.7157,-29.3443],[151.7126,-29.3301],[151.6998,-29.3283],[151.6965,-29.3475],[151.678,-29.3454],[151.6762,-29.3563],[151.6244,-29.347],[151.625,-29.3424],[151.6148,-29.341],[151.6175,-29.3261],[151.6089,-29.325],[151.6159,-29.2835],[151.5926,-29.2803],[151.5806,-29.2681],[151.463,-29.2401],[151.4571,-29.2707],[151.4633,-29.2731],[151.448,-29.2839],[151.4268,-29.2875],[151.4346,-29.3236],[151.4422,-29.3336],[151.4507,-29.3331],[151.4607,-29.3611],[151.4564,-29.3806],[151.4605,-29.3873],[151.4551,-29.3947],[151.4574,-29.4332],[151.4752,-29.4404],[151.465,-29.4935],[151.4818,-29.5113],[151.4786,-29.5173],[151.4883,-29.5461],[151.4754,-29.5768],[151.4752,-29.6034],[151.496,-29.6269],[151.4956,-29.6388],[151.5199,-29.6494],[151.5199,-29.6609],[151.5327,-29.6752]]]},"properties":{"lga_code_2023":"13010","lga_name_2023":"Glen Innes Severn","state_code_2021":"1"}},{"type":"Feature","geometry":{"type":"Polygon","coordinates":[[[149.5335,-34.7111],[149.5202,-34.7118],[149.5161,-34.7331],[149.5079,-34.732],[149.5012,-34.7752],[149.5079,-34.7763],[149.4953,-34.8063],[149.5079,-34.8179],[149.5026,-34.8312],[149.4912,-34.8395],[149.4894,-34.8487],[149.4721,-34.8494],[149.4705,-34.8583],[149.4879,-34.8616],[149.4889,-34.8501],[149.498,-34.8514],[149.5048,-34.8655],[149.5223,-34.8681],[149.5212,-34.8736],[149.5426,-34.8713],[149.5199,-34.8914],[149.5247,-34.9178],[149.541,-34.9249],[149.5356,-34.9326],[149.5264,-34.9314],[149.5286,-34.9523],[149.519,-34.9662],[149.5512,-34.9756],[149.5382,-35.0686],[149.5566,-35.0712],[149.5499,-35.1043],[149.5446,-35.1035],[149.5431,-35.1108],[149.5598,-35.1155],[149.5424,-35.1524],[149.5635,-35.1599],[149.5725,-35.1535],[149.591,-35.1567],[149.5929,-35.1448],[149.5998,-35.1436],[149.6071,-35.1297],[149.6315,-35.1346],[149.6348,-35.1169],[149.6528,-35.1156],[149.6607,-35.1379],[149.6886,-35.159],[149.6997,-35.1602],[149.7094,-35.1696],[149.7078,-35.175],[149.731,-35.1828],[149.766,-35.171],[149.7729,-35.1786],[149.7678,-35.1962],[149.7959,-35.1948],[149.794,-35.203],[149.8071,-35.2108],[149.8355,-35.207],[149.8461,-35.2143],[149.8431,-35.2216],[149.8497,-35.2226],[149.8489,-35.2465],[149.8818,-35.2563],[149.8928,-35.2473],[149.8823,-35.2417],[149.8827,-35.2353],[149.9005,-35.2247],[149.9176,-35.2249],[149.9141,-35.2335],[149.8974,-35.2343],[149.8974,-35.2392],[149.9049,-35.2428],[149.9269,-35.2375],[149.9521,-35.2096],[149.9525,-35.1785],[149.934,-35.1656],[149.9316,-35.15],[149.9609,-35.1502],[149.9784,-35.1662],[149.9922,-35.162],[149.9961,-35.1428],[150.0108,-35.1398],[150.0141,-35.1314],[150.0351,-35.1285],[150.0313,-35.1197],[150.018,-35.1191],[150.0267,-35.0953],[149.9971,-35.1024],[149.9806,-35.095],[149.9844,-35.0844],[149.9774,-35.0661],[149.9863,-35.0659],[149.9968,-35.0758],[150.0291,-35.0537],[150.0242,-35.0458],[150.0297,-35.0319],[150.0223,-35.0214],[150.0243,-35.0032],[150.0431,-34.9995],[150.056,-35.0076],[150.0858,-34.989],[150.0788,-34.9759],[150.0554,-34.9664],[150.0678,-34.9365],[150.0882,-34.9249],[150.0862,-34.914],[150.0917,-34.9108],[150.0809,-34.9017],[150.0879,-34.8951],[150.0757,-34.8976],[150.0523,-34.8817],[150.0374,-34.8439],[150.0438,-34.8278],[150.0361,-34.8086],[150.0468,-34.8043],[150.0402,-34.795],[150.0673,-34.7812],[150.0558,-34.7709],[150.0742,-34.7681],[150.1214,-34.8037],[150.1271,-34.8174],[150.1627,-34.8231],[150.2094,-34.8146],[150.2367,-34.7936],[150.2564,-34.7911],[150.2679,-34.7744],[150.2878,-34.7647],[150.3149,-34.7741],[150.3335,-34.7524],[150.3035,-34.7339],[150.2685,-34.7317],[150.2567,-34.7414],[150.2158,-34.7454],[150.2033,-34.7572],[150.194,-34.7513],[150.1692,-34.7692],[150.1785,-34.7281],[150.1702,-34.7268],[150.1707,-34.7196],[150.1411,-34.7153],[150.1434,-34.7027],[150.1167,-34.6996],[150.1126,-34.6836],[150.0926,-34.6804],[150.0985,-34.6551],[150.078,-34.6435],[150.0996,-34.6273],[150.1008,-34.6165],[150.0901,-34.6143],[150.0976,-34.5799],[150.0885,-34.5866],[150.0829,-34.5823],[150.0895,-34.5954],[150.0814,-34.5982],[150.0847,-34.6049],[150.0663,-34.6029],[150.0634,-34.6161],[150.0516,-34.6099],[150.0496,-34.6187],[150.0093,-34.6187],[150.0041,-34.6263],[149.9943,-34.6224],[149.9832,-34.6314],[149.9725,-34.6304],[149.9661,-34.6211],[149.9629,-34.6299],[149.949,-34.6326],[149.9426,-34.6239],[149.8965,-34.6193],[149.8821,-34.6322],[149.8842,-34.6212],[149.8689,-34.6143],[149.8649,-34.6177],[149.86,-34.6062],[149.8299,-34.5985],[149.8241,-34.6186],[149.8501,-34.6158],[149.8487,-34.6116],[149.8601,-34.6157],[149.855,-34.6435],[149.82,-34.6385],[149.8172,-34.6532],[149.7931,-34.6501],[149.8025,-34.6357],[149.7997,-34.6164],[149.8106,-34.621],[149.8137,-34.6051],[149.7834,-34.6061],[149.7821,-34.6009],[149.7711,-34.6041],[149.7517,-34.5967],[149.7493,-34.5854],[149.7561,-34.5862],[149.7598,-34.5799],[149.7547,-34.5765],[149.7614,-34.5773],[149.7567,-34.5692],[149.7187,-34.5697],[149.7318,-34.5533],[149.6996,-34.5487],[149.6976,-34.5634],[149.6602,-34.5556],[149.6554,-34.5859],[149.637,-34.5915],[149.6194,-34.6266],[149.6181,-34.6447],[149.6053,-34.643],[149.6038,-34.6295],[149.5854,-34.6288],[149.5883,-34.6131],[149.5572,-34.6045],[149.549,-34.6255],[149.5378,-34.6251],[149.5202,-34.6454],[149.5236,-34.6651],[149.5151,-34.6665],[149.5,-34.6552],[149.4962,-34.6716],[149.5042,-34.6798],[149.5157,-34.6805],[149.5202,-34.6933],[149.5278,-34.693],[149.5281,-34.7079],[149.5335,-34.7111]]]},"properties":{"lga_code_2023":"13310","lga_name_2023":"Goulburn Mulwaree","state_code_2021":"1"}},{"type":"Feature","geometry":{"type":"Polygon","coordinates":[[[147.0239,-35.9251],[147.0373,-35.9455],[147.048,-35.9452],[147.0439,-35.95],[147.0587,-35.9663],[147.057,-35.9842],[147.0801,-36.0001],[147.0802,-36.0094],[147.0866,-36.0127],[147.0846,-36.024],[147.0959,-36.0405],[147.1037,-36.0329],[147.0922,-36.0275],[147.0991,-36.0262],[147.0977,-36.0158],[147.1064,-36.0165],[147.0981,-36.0102],[147.1092,-36.0125],[147.1068,-36.0048],[147.1161,-36.0078],[147.1119,-36.0009],[147.1241,-35.9944],[147.1274,-36.018],[147.1447,-36.0313],[147.1444,-36.0378],[147.1645,-36.0308],[147.2063,-36.0501],[147.2248,-36.0485],[147.2424,-36.0385],[147.2852,-36.0394],[147.3048,-36.0474],[147.3106,-36.061],[147.3155,-36.0588],[147.313,-36.0528],[147.3198,-36.061],[147.3528,-36.0317],[147.3457,-36.0188],[147.3553,-36.0098],[147.3582,-35.9913],[147.3837,-35.9724],[147.3923,-35.9735],[147.3903,-35.9493],[147.4046,-35.9435],[147.4507,-35.9608],[147.4641,-35.9441],[147.4788,-35.9427],[147.4816,-35.9492],[147.4941,-35.9435],[147.5118,-35.9623],[147.5255,-35.9632],[147.5152,-35.976],[147.5216,-35.9869],[147.5552,-36.0032],[147.584,-35.9846],[147.5814,-35.978],[147.5654,-35.9786],[147.5589,-35.9725],[147.5477,-35.9786],[147.5491,-35.9645],[147.5606,-35.9688],[147.5674,-35.9648],[147.5642,-35.9694],[147.5729,-35.9693],[147.5749,-35.9752],[147.5809,-35.968],[147.5942,-35.9698],[147.6014,-35.9791],[147.6378,-35.9621],[147.6468,-35.946],[147.68,-35.9444],[147.6893,-35.9377],[147.6936,-35.9312],[147.6874,-35.9182],[147.6964,-35.9122],[147.6884,-35.8887],[147.7076,-35.8793],[147.7014,-35.8588],[147.7096,-35.8411],[147.7349,-35.8331],[147.7606,-35.8398],[147.7742,-35.8188],[147.7716,-35.8074],[147.806,-35.799],[147.8032,-35.781],[147.8174,-35.7607],[147.8139,-35.7543],[147.8197,-35.7441],[147.8078,-35.7209],[147.8135,-35.7119],[147.8029,-35.7021],[147.8009,-35.6851],[147.8189,-35.6493],[147.8475,-35.638],[147.8681,-35.6429],[147.8759,-35.6338],[147.8976,-35.6336],[147.8964,-35.6287],[147.8553,-35.5599],[147.8434,-35.5646],[147.8454,-35.5546],[147.7544,-35.5447],[147.7557,-35.5335],[147.7369,-35.531],[147.7383,-35.5411],[147.6856,-35.5342],[147.6812,-35.5567],[147.6503,-35.5388],[147.6252,-35.5462],[147.522,-35.4821],[147.5148,-35.4886],[147.5181,-35.497],[147.5002,-35.5088],[147.5004,-35.5285],[147.4882,-35.5457],[147.4563,-35.531],[147.4446,-35.5301],[147.4272,-35.5395],[147.419,-35.5336],[147.3915,-35.5636],[147.3823,-35.5509],[147.3881,-35.532],[147.378,-35.5309],[147.379,-35.5258],[147.3638,-35.5139],[147.3335,-35.5095],[147.303,-35.4956],[147.2939,-35.5013],[147.2632,-35.4886],[147.2515,-35.4911],[147.2379,-35.4705],[147.211,-35.4727],[147.1955,-35.4661],[147.1941,-35.4547],[147.185,-35.4485],[147.1662,-35.4568],[147.1578,-35.4692],[147.1324,-35.4679],[147.1218,-35.4562],[147.1053,-35.4527],[147.0702,-35.453],[147.0712,-35.4606],[147.0518,-35.4703],[147.0402,-35.4842],[147.0166,-35.4939],[146.9939,-35.4893],[146.9912,-35.5168],[146.9555,-35.5231],[146.9222,-35.5471],[146.9116,-35.5475],[146.9009,-35.5605],[146.8909,-35.5605],[146.8884,-35.5732],[146.8723,-35.5711],[146.8714,-35.5759],[146.7977,-35.5663],[146.7961,-35.575],[146.673,-35.5553],[146.6742,-35.5492],[146.6623,-35.5478],[146.6698,-35.5203],[146.6051,-35.5058],[146.6043,-35.5365],[146.5928,-35.535],[146.591,-35.545],[146.6023,-35.5465],[146.5981,-35.5681],[146.5932,-35.5674],[146.5819,-35.619],[146.5728,-35.6066],[146.5575,-35.6866],[146.5463,-35.6852],[146.5433,-35.702],[146.5178,-35.6968],[146.5018,-35.7837],[146.497,-35.8117],[146.5048,-35.8181],[146.5511,-35.8204],[146.5299,-35.9183],[146.544,-35.9201],[146.5467,-35.9106],[146.5575,-35.9121],[146.5537,-35.9253],[146.5774,-35.9229],[146.5824,-35.9293],[146.589,-35.895],[146.6295,-35.8953],[146.6436,-35.879],[146.6513,-35.88],[146.6493,-35.8901],[146.6747,-35.8947],[146.6701,-35.9171],[146.6572,-35.9154],[146.6538,-35.93],[146.6671,-35.9317],[146.6654,-35.9361],[146.676,-35.9405],[146.6763,-35.9321],[146.6945,-35.9356],[146.6871,-35.9487],[146.7058,-35.9513],[146.704,-35.9619],[146.7109,-35.9628],[146.6981,-36.0253],[146.7017,-36.0297],[146.7316,-36.0237],[146.7308,-36.0452],[146.7446,-36.0478],[146.7529,-36.0421],[146.7485,-36.0607],[146.7623,-36.0517],[146.7628,-36.0595],[146.7672,-36.0557],[146.7805,-36.0645],[146.7878,-36.0593],[146.787,-36.0644],[146.7962,-36.0651],[146.7946,-36.0585],[146.8034,-36.0551],[146.8139,-36.0683],[146.8347,-36.0156],[146.8489,-36.0241],[146.8601,-36.0163],[146.8736,-36.018],[146.8964,-36.0023],[146.9141,-36.0066],[146.9286,-35.9915],[146.952,-35.989],[146.947,-35.9754],[146.9415,-35.9747],[146.9428,-35.9652],[146.9342,-35.9642],[146.9349,-35.9475],[146.9455,-35.9383],[146.9624,-35.9406],[146.9688,-35.9139],[147.0004,-35.9199],[147.0022,-35.9281],[147.0239,-35.9251]]]},"properties":{"lga_code_2023":"13340","lga_name_2023":"Greater Hume","state_code_2021":"1"}},{"type":"Feature","geometry":{"type":"Polygon","coordinates":[[[145.7579,-34.2288],[145.7348,-34.3634],[145.7608,-34.3666],[145.7658,-34.3374],[145.8329,-34.3453],[145.8202,-34.4164],[145.8307,-34.4177],[145.8264,-34.4408],[145.9054,-34.4395],[145.9667,-34.4532],[145.9493,-34.5531],[145.9663,-34.5629],[145.9695,-34.5562],[145.9787,-34.5631],[145.9977,-34.5443],[146.036,-34.5701],[146.0376,-34.5627],[146.0754,-34.567],[146.0902,-34.4838],[146.1446,-34.5011],[146.1473,-34.4822],[146.1346,-34.4806],[146.1533,-34.4051],[146.1344,-34.3911],[146.1492,-34.3895],[146.1774,-34.3736],[146.2022,-34.3766],[146.2065,-34.3542],[146.23,-34.3718],[146.2363,-34.3369],[146.2751,-34.3419],[146.2765,-34.3345],[146.2854,-34.3356],[146.2861,-34.3458],[146.301,-34.3452],[146.3114,-34.3117],[146.2996,-34.2895],[146.3048,-34.2607],[146.2338,-34.2525],[146.2468,-34.1812],[146.2295,-34.1865],[146.2139,-34.1819],[146.2121,-34.192],[146.1936,-34.1977],[146.1969,-34.1788],[146.1763,-34.1763],[146.1801,-34.1543],[146.1505,-34.1512],[146.1535,-34.1338],[146.0761,-34.1247],[146.0775,-34.1389],[146.0943,-34.1408],[146.0824,-34.1455],[146.0447,-34.141],[146.0474,-34.1254],[145.8598,-34.1072],[145.8585,-34.115],[145.8407,-34.1129],[145.842,-34.1048],[145.7949,-34.0989],[145.7916,-34.1178],[145.7762,-34.1159],[145.7579,-34.2288]]]},"properties":{"lga_code_2023":"13450","lga_name_2023":"Griffith","state_code_2021":"1"}},{"type":"Feature","geometry":{"type":"Polygon","coordinates":[[[149.8363,-30.9208],[149.8353,-30.9372],[149.8468,-30.9388],[149.8299,-31.0344],[149.8229,-31.0336],[149.8295,-31.0386],[149.8198,-31.0845],[149.9048,-31.0974],[149.8907,-31.1073],[149.888,-31.1174],[149.894,-31.1208],[149.8881,-31.1267],[149.894,-31.1371],[149.8893,-31.1453],[149.8945,-31.1516],[149.888,-31.1566],[149.8934,-31.1656],[149.8756,-31.1959],[149.8808,-31.2024],[149.8444,-31.1967],[149.8415,-31.2115],[149.8307,-31.2098],[149.8259,-31.2283],[149.7959,-31.2239],[149.7886,-31.3087],[149.7908,-31.3154],[149.8131,-31.3166],[149.8049,-31.3731],[149.8658,-31.3797],[149.8853,-31.3707],[149.8817,-31.3854],[149.8914,-31.3963],[149.8959,-31.4241],[149.9098,-31.4308],[149.913,-31.4534],[149.9703,-31.4582],[150.0023,-31.4456],[150.0044,-31.4296],[149.9881,-31.4274],[149.9992,-31.3616],[149.9987,-31.3446],[149.9867,-31.3293],[150.0056,-31.3262],[150.0066,-31.3208],[150.0788,-31.3381],[150.1034,-31.24],[150.1347,-31.2443],[150.1383,-31.2239],[150.1477,-31.2252],[150.1448,-31.2367],[150.1653,-31.233],[150.1633,-31.2433],[150.1563,-31.2423],[150.1486,-31.3038],[150.1515,-31.3128],[150.1594,-31.3138],[150.161,-31.355],[150.192,-31.3584],[150.1929,-31.353],[150.2017,-31.3541],[150.2003,-31.3629],[150.2265,-31.3697],[150.2859,-31.3738],[150.351,-31.3893],[150.3519,-31.3845],[150.3707,-31.3823],[150.3837,-31.3861],[150.3825,-31.3927],[150.4177,-31.3976],[150.4189,-31.391],[150.4346,-31.3933],[150.4296,-31.3844],[150.4344,-31.3654],[150.4195,-31.34],[150.4696,-31.347],[150.4683,-31.354],[150.4842,-31.3562],[150.4855,-31.3492],[150.4988,-31.351],[150.498,-31.3556],[150.5076,-31.3569],[150.5057,-31.3673],[150.5167,-31.3667],[150.5182,-31.3583],[150.5433,-31.3629],[150.547,-31.3575],[150.5497,-31.3437],[150.5346,-31.3431],[150.5377,-31.3281],[150.5461,-31.3292],[150.5498,-31.3192],[150.5504,-31.2781],[150.5737,-31.2814],[150.5838,-31.2285],[150.5623,-31.2359],[150.5605,-31.2253],[150.562,-31.2173],[150.5802,-31.2223],[150.5855,-31.2176],[150.5867,-31.2104],[150.5714,-31.2082],[150.5797,-31.1471],[150.5895,-31.1473],[150.5905,-31.1425],[150.5809,-31.1412],[150.5994,-31.0468],[150.5974,-31.038],[150.578,-31.0281],[150.5753,-31.0201],[150.5518,-31.0114],[150.5283,-30.9709],[150.5331,-30.9405],[150.5223,-30.9236],[150.5141,-30.9287],[150.51,-30.9211],[150.4918,-30.9214],[150.4994,-30.9088],[150.5155,-30.9074],[150.5168,-30.9009],[150.5201,-30.9058],[150.5302,-30.903],[150.5228,-30.8472],[150.5271,-30.8558],[150.5466,-30.8588],[150.5495,-30.844],[150.556,-30.845],[150.5632,-30.8299],[150.556,-30.8284],[150.5593,-30.8108],[150.5438,-30.8134],[150.5201,-30.8005],[150.4873,-30.799],[150.4904,-30.7833],[150.4563,-30.7728],[150.4578,-30.7633],[150.4663,-30.7646],[150.4674,-30.7595],[150.4526,-30.7572],[150.4672,-30.7452],[150.4686,-30.7337],[150.4645,-30.7171],[150.4535,-30.7154],[150.4578,-30.6902],[150.5096,-30.6601],[150.5032,-30.6404],[150.4754,-30.6262],[150.4685,-30.6283],[150.4558,-30.6186],[150.4544,-30.6075],[150.4412,-30.6049],[150.4379,-30.5974],[150.4318,-30.6039],[150.4196,-30.592],[150.3961,-30.5937],[150.3878,-30.6182],[150.3494,-30.6356],[150.3539,-30.6616],[150.3394,-30.6637],[150.3338,-30.676],[150.2955,-30.6744],[150.2904,-30.7017],[150.3024,-30.6945],[150.2956,-30.7304],[150.2844,-30.7288],[150.2828,-30.7366],[150.2686,-30.7398],[150.2643,-30.7629],[150.1616,-30.747],[150.1603,-30.7536],[150.1107,-30.7487],[150.1019,-30.8054],[150.0528,-30.8003],[150.0439,-30.7749],[150.0351,-30.7737],[150.0373,-30.7618],[150.0302,-30.7608],[150.0333,-30.7423],[150.0114,-30.7365],[150.0031,-30.7429],[150.0048,-30.75],[149.9847,-30.7622],[149.9901,-30.7729],[149.982,-30.7763],[149.9768,-30.7704],[149.8852,-30.7621],[149.8866,-30.7547],[149.864,-30.7516],[149.8613,-30.7644],[149.825,-30.7593],[149.8242,-30.781],[149.8079,-30.7811],[149.8027,-30.8099],[149.8195,-30.8122],[149.8161,-30.8307],[149.7935,-30.8288],[149.7883,-30.8591],[149.7611,-30.8554],[149.7583,-30.8718],[149.6703,-30.8616],[149.6588,-30.87],[149.6558,-30.8891],[149.6367,-30.8886],[149.6371,-30.9099],[149.6316,-30.9161],[149.6891,-30.923],[149.6968,-30.9145],[149.7104,-30.9167],[149.7108,-30.9344],[149.742,-30.9389],[149.7434,-30.9299],[149.8237,-30.9392],[149.8272,-30.9196],[149.8363,-30.9208]]]},"properties":{"lga_code_2023":"13550","lga_name_2023":"Gunnedah","state_code_2021":"1"}},{"type":"Feature","geometry":{"type":"Polygon","coordinates":[[[150.2116,-29.5298],[150.1946,-29.6202],[150.2188,-29.6597],[150.2391,-29.6611],[150.2418,-29.6694],[150.2629,-29.679],[150.2641,-29.6886],[150.2726,-29.692],[150.2737,-29.7071],[150.2839,-29.709],[150.2878,-29.7219],[150.3025,-29.7318],[150.2981,-29.7442],[150.288,-29.7498],[150.2944,-29.7559],[150.2873,-29.787],[150.2907,-29.8027],[150.2995,-29.8083],[150.2986,-29.8173],[150.3074,-29.8184],[150.2912,-29.8613],[150.3138,-29.8967],[150.3002,-29.922],[150.3028,-29.9535],[150.2907,-29.967],[150.2924,-29.991],[150.2846,-29.9967],[150.2726,-29.9894],[150.2489,-29.9935],[150.2488,-30.0103],[150.2364,-30.0122],[150.2334,-30.023],[150.1945,-30.0644],[150.172,-30.063],[150.1611,-30.0814],[150.1449,-30.0873],[150.1228,-30.0695],[150.0742,-30.105],[150.0744,-30.1371],[150.082,-30.1424],[150.0894,-30.1717],[150.1023,-30.1919],[150.1244,-30.1956],[150.1298,-30.2031],[150.1449,-30.2024],[150.15,-30.2105],[150.1602,-30.2072],[150.1648,-30.1977],[150.1796,-30.2056],[150.1783,-30.2172],[150.192,-30.2272],[150.2071,-30.2561],[150.2511,-30.2375],[150.2661,-30.2522],[150.3079,-30.2578],[150.304,-30.2803],[150.3347,-30.2856],[150.3328,-30.2963],[150.3428,-30.304],[150.3648,-30.3035],[150.3664,-30.3189],[150.3919,-30.3228],[150.4226,-30.2843],[150.4363,-30.2806],[150.4388,-30.2711],[150.4637,-30.252],[150.4698,-30.263],[150.506,-30.273],[150.516,-30.2838],[150.5139,-30.3066],[150.5317,-30.3086],[150.5395,-30.3226],[150.5441,-30.3111],[150.5706,-30.3034],[150.591,-30.2858],[150.599,-30.2943],[150.6177,-30.2958],[150.6228,-30.2808],[150.6349,-30.2854],[150.6568,-30.2749],[150.665,-30.2796],[150.6753,-30.2754],[150.681,-30.2889],[150.7011,-30.274],[150.7099,-30.2933],[150.7229,-30.2943],[150.7382,-30.2722],[150.7821,-30.2562],[150.7907,-30.2269],[150.8161,-30.228],[150.8161,-30.2114],[150.8339,-30.1966],[150.8849,-30.2031],[150.8998,-30.1846],[150.925,-30.1822],[150.9387,-30.1969],[150.9607,-30.1874],[150.9607,-30.1795],[150.9456,-30.1675],[150.9518,-30.1479],[150.9692,-30.1301],[150.9679,-30.1132],[150.9545,-30.1035],[150.9472,-30.0739],[150.9923,-30.0807],[151.0006,-30.073],[150.9933,-30.0575],[150.9997,-30.0517],[150.9942,-30.0295],[151.0018,-30.0125],[150.986,-30.0126],[150.9761,-29.9937],[150.9777,-29.9871],[150.9866,-29.987],[150.9884,-29.9756],[150.9787,-29.9721],[150.9819,-29.9559],[150.9765,-29.9366],[150.9824,-29.9354],[150.9929,-29.9475],[150.9972,-29.9309],[150.9905,-29.9161],[150.9813,-29.9119],[150.981,-29.9012],[150.9101,-29.9014],[150.9068,-29.8924],[150.8765,-29.8738],[150.8807,-29.8613],[150.8683,-29.8555],[150.857,-29.8353],[150.8272,-29.829],[150.8109,-29.8326],[150.7981,-29.8154],[150.7991,-29.8044],[150.7678,-29.7819],[150.7452,-29.7899],[150.731,-29.7718],[150.7214,-29.7779],[150.6915,-29.769],[150.6862,-29.7772],[150.6794,-29.7676],[150.6724,-29.7785],[150.6472,-29.7752],[150.6588,-29.7738],[150.6587,-29.7666],[150.67,-29.7651],[150.6769,-29.7556],[150.6796,-29.7289],[150.6861,-29.7244],[150.6823,-29.7131],[150.6944,-29.7039],[150.6913,-29.6859],[150.6843,-29.6804],[150.7118,-29.6572],[150.7119,-29.6437],[150.726,-29.6356],[150.7333,-29.5693],[150.7436,-29.5703],[150.7462,-29.5654],[150.7491,-29.5694],[150.8041,-29.5298],[150.8568,-29.5125],[150.8585,-29.4855],[150.8642,-29.4863],[150.8659,-29.4767],[150.8599,-29.4759],[150.8636,-29.4565],[150.8834,-29.4592],[150.8906,-29.4206],[150.8675,-29.41],[150.8279,-29.4119],[150.8302,-29.3965],[150.8202,-29.3905],[150.8239,-29.3848],[150.8174,-29.3779],[150.8228,-29.3716],[150.7989,-29.3363],[150.8055,-29.3353],[150.7965,-29.3275],[150.8019,-29.3215],[150.7959,-29.3139],[150.7857,-29.3153],[150.784,-29.3083],[150.7755,-29.3078],[150.7786,-29.301],[150.7705,-29.2985],[150.7739,-29.2897],[150.759,-29.2764],[150.7639,-29.2692],[150.7543,-29.27],[150.7576,-29.2632],[150.7498,-29.262],[150.7638,-29.2085],[150.7549,-29.2059],[150.7576,-29.1907],[150.749,-29.1905],[150.7525,-29.1744],[150.7451,-29.165],[150.7523,-29.151],[150.7438,-29.142],[150.7491,-29.1348],[150.7318,-29.1258],[150.7223,-29.0966],[150.7082,-29.0948],[150.7036,-29.0998],[150.7049,-29.0867],[150.6954,-29.0885],[150.6873,-29.0721],[150.6813,-29.0796],[150.6689,-29.0743],[150.6674,-29.058],[150.6547,-29.0569],[150.6494,-29.0457],[150.6344,-29.0373],[150.633,-29.0234],[150.6262,-29.0243],[150.6305,-29.0139],[150.6116,-29],[150.6238,-28.9511],[150.6311,-28.9422],[150.6155,-28.9249],[150.6194,-28.9183],[150.6097,-28.9049],[150.6119,-28.8874],[150.6393,-28.8453],[150.6343,-28.8322],[150.643,-28.8265],[150.6452,-28.814],[150.6569,-28.8107],[150.6721,-28.7937],[150.6653,-28.7822],[150.6727,-28.7414],[150.6629,-28.7402],[150.6645,-28.7346],[150.6518,-28.7402],[150.6323,-28.7292],[150.6051,-28.7284],[150.5989,-28.7168],[150.5763,-28.706],[150.5543,-28.7088],[150.5436,-28.7008],[150.5387,-28.7076],[150.5206,-28.6794],[150.4988,-28.6825],[150.4775,-28.6732],[150.4209,-28.752],[150.344,-28.8275],[150.169,-28.876],[150.1485,-28.8893],[150.2595,-29.0139],[150.2494,-29.0508],[150.2523,-29.0795],[150.2472,-29.0788],[150.2397,-29.1146],[150.2458,-29.1162],[150.1692,-29.496],[150.1941,-29.4939],[150.2084,-29.4845],[150.2196,-29.4984],[150.2062,-29.5022],[150.208,-29.5074],[150.1943,-29.5208],[150.2116,-29.5298]]]},"properties":{"lga_code_2023":"13660","lga_name_2023":"Gwydir","state_code_2021":"1"}},{"type":"Feature","geometry":{"type":"Polygon","coordinates":[[[150.616,-33.6142],[150.6061,-33.6627],[150.6576,-33.6617],[150.6536,-33.6848],[150.659,-33.6855],[150.6772,-33.6308],[150.6995,-33.6123],[150.7821,-33.6375],[150.8124,-33.6776],[150.8191,-33.6758],[150.8131,-33.6693],[150.8186,-33.6613],[150.8587,-33.6463],[150.8743,-33.6565],[150.9357,-33.5648],[150.9166,-33.5546],[150.8961,-33.5554],[150.8897,-33.5616],[150.8894,-33.5406],[150.9078,-33.5226],[150.8985,-33.5124],[150.9193,-33.5168],[150.9277,-33.5049],[150.9103,-33.5],[150.8935,-33.4847],[150.8705,-33.5002],[150.879,-33.4866],[150.8711,-33.4731],[150.9001,-33.4745],[150.9053,-33.4696],[150.8983,-33.4517],[150.8846,-33.4565],[150.8755,-33.4527],[150.8874,-33.4372],[150.8982,-33.4359],[150.8938,-33.4272],[150.9036,-33.4195],[150.9245,-33.4183],[150.925,-33.4325],[150.9398,-33.4139],[150.9437,-33.4249],[150.9516,-33.4275],[150.9517,-33.4138],[150.9767,-33.4002],[150.9838,-33.3785],[150.99,-33.3779],[150.9861,-33.3671],[151.0004,-33.3505],[151.0311,-33.3516],[151.0895,-33.3271],[151.0842,-33.3185],[151.0939,-33.312],[151.0961,-33.2998],[151.0869,-33.269],[151.1,-33.2616],[151.0994,-33.2453],[151.1068,-33.2313],[151.0983,-33.2182],[151.1012,-33.1977],[151.0967,-33.1934],[151.1042,-33.1813],[151.1007,-33.1652],[151.1058,-33.1515],[151.0997,-33.1443],[151.1077,-33.128],[151.1355,-33.1104],[151.1279,-33.0917],[151.1145,-33.0912],[151.104,-33.077],[151.0525,-33.0799],[151.0397,-33.0971],[151.0372,-33.1235],[151.0254,-33.1257],[150.9942,-33.1224],[150.9659,-33.1299],[150.9241,-33.1111],[150.9,-33.1212],[150.8847,-33.1191],[150.8734,-33.1142],[150.8725,-33.1043],[150.8587,-33.0941],[150.847,-33.0981],[150.8532,-33.0834],[150.8484,-33.0745],[150.859,-33.0611],[150.8471,-33.0523],[150.8575,-33.05],[150.8498,-33.0459],[150.858,-33.0431],[150.8545,-33.0319],[150.8302,-33.0331],[150.8185,-33.0237],[150.8198,-33.0146],[150.8048,-33.006],[150.7638,-33.0003],[150.7611,-33.0148],[150.7453,-33.0219],[150.7032,-33.0106],[150.694,-32.9961],[150.6858,-32.9968],[150.6724,-33.0268],[150.6822,-33.0319],[150.6821,-33.0447],[150.7054,-33.0446],[150.7072,-33.0586],[150.7279,-33.072],[150.6302,-33.0586],[150.6107,-33.0661],[150.6056,-33.0739],[150.6142,-33.0735],[150.6098,-33.0837],[150.6135,-33.0892],[150.6071,-33.0897],[150.6108,-33.0989],[150.6016,-33.1006],[150.6175,-33.1039],[150.6197,-33.11],[150.6099,-33.1084],[150.6122,-33.1189],[150.5985,-33.1254],[150.6105,-33.135],[150.6099,-33.1434],[150.5866,-33.1477],[150.5898,-33.1603],[150.5836,-33.1681],[150.5697,-33.168],[150.5698,-33.1559],[150.5549,-33.1617],[150.5524,-33.1837],[150.5238,-33.1946],[150.5443,-33.221],[150.5315,-33.2242],[150.5257,-33.239],[150.5331,-33.2402],[150.5439,-33.256],[150.5604,-33.2569],[150.5626,-33.2653],[150.5543,-33.2657],[150.5532,-33.2748],[150.5756,-33.2896],[150.5575,-33.2908],[150.5667,-33.3063],[150.5515,-33.3153],[150.5838,-33.3219],[150.582,-33.3307],[150.5911,-33.3416],[150.5263,-33.3874],[150.5183,-33.4091],[150.5012,-33.4209],[150.4926,-33.4407],[150.4836,-33.4457],[150.4867,-33.4851],[150.4771,-33.4969],[150.4474,-33.5117],[150.4428,-33.5365],[150.4302,-33.5379],[150.448,-33.5723],[150.4648,-33.5757],[150.4686,-33.5838],[150.5149,-33.582],[150.5224,-33.5705],[150.5347,-33.5656],[150.5339,-33.5574],[150.5444,-33.5573],[150.5504,-33.5659],[150.5476,-33.572],[150.5649,-33.5755],[150.5584,-33.5972],[150.5631,-33.6102],[150.5799,-33.6131],[150.5816,-33.6228],[150.616,-33.6142]]]},"properties":{"lga_code_2023":"13800","lga_name_2023":"Hawkesbury","state_code_2021":"1"}},{"type":"Feature","geometry":{"type":"Polygon","coordinates":[[[144.3867,-34.2281],[144.3738,-34.2294],[144.3782,-34.2351],[144.374,-34.239],[144.3683,-34.2345],[144.3601,-34.2416],[144.3499,-34.237],[144.3499,-34.2424],[144.3357,-34.244],[144.3273,-34.2374],[144.3173,-34.2464],[144.309,-34.2389],[144.296,-34.2442],[144.292,-34.2327],[144.2811,-34.2318],[144.2834,-34.2414],[144.2742,-34.2429],[144.2711,-34.2343],[144.2593,-34.2374],[144.2486,-34.2306],[144.2389,-34.2331],[144.2424,-34.2415],[144.2262,-34.2461],[144.2274,-34.2513],[144.2093,-34.252],[144.186,-34.2438],[144.1813,-34.234],[144.1685,-34.2304],[144.169,-34.2235],[144.1567,-34.2221],[144.1603,-34.2101],[144.1394,-34.2048],[144.1197,-34.1889],[144.108,-34.1997],[144.1038,-34.2149],[144.0926,-34.2108],[144.0741,-34.2206],[144.0778,-34.2319],[144.0731,-34.2366],[144.0778,-34.2382],[144.0683,-34.2482],[144.0709,-34.2622],[144.0639,-34.273],[144.0371,-34.2732],[143.9524,-34.349],[143.9429,-34.3765],[143.9247,-34.3747],[143.9239,-34.4022],[143.9392,-34.4042],[143.9256,-34.5057],[143.9411,-34.5074],[143.9394,-34.5188],[143.9237,-34.517],[143.9011,-34.6537],[144.2725,-34.7826],[144.2752,-34.7766],[144.2736,-34.7859],[144.2846,-34.7872],[144.2832,-34.7952],[144.3072,-34.7979],[144.3088,-34.7888],[144.3904,-34.8171],[144.6198,-34.8469],[145.1783,-34.8511],[145.2031,-34.7079],[145.2101,-34.7087],[145.2408,-34.5063],[145.2172,-34.4994],[145.2162,-34.492],[145.2064,-34.4888],[145.2595,-34.1805],[145.2492,-34.1763],[145.1627,-34.0811],[145.1238,-34.0767],[145.1281,-34.0508],[145.1344,-34.0497],[145.113,-34.0307],[145.0985,-34.0096],[145.1002,-34.0004],[145.0883,-33.9991],[145.0347,-33.9402],[145.2146,-33.826],[145.1695,-33.7784],[145.1704,-33.7725],[145.1625,-33.7714],[145.1746,-33.696],[145.1634,-33.6988],[145.1547,-33.7172],[145.1402,-33.7152],[145.1384,-33.7096],[145.1293,-33.7161],[145.1189,-33.7111],[145.1023,-33.7238],[145.0957,-33.7185],[145.0657,-33.7254],[145.0535,-33.7113],[145.044,-33.7096],[145.0386,-33.7351],[145.0046,-33.7377],[145.0022,-33.7433],[144.996,-33.7395],[144.9832,-33.7526],[144.97,-33.7489],[144.9716,-33.7568],[144.9651,-33.7589],[144.9275,-33.7537],[144.925,-33.7446],[144.9343,-33.7162],[144.8962,-33.7117],[144.8118,-33.684],[144.8097,-33.6575],[144.8342,-33.5055],[144.821,-33.5041],[144.8192,-33.5141],[144.802,-33.5123],[144.8081,-33.4751],[144.6915,-33.4623],[144.7061,-33.4847],[144.7028,-33.5082],[144.7196,-33.5107],[144.7276,-33.5251],[144.6144,-33.512],[144.6177,-33.4978],[144.5527,-33.4882],[144.5445,-33.5257],[144.4605,-33.5163],[144.4476,-33.6015],[144.5313,-33.6104],[144.5218,-33.6435],[144.5256,-33.6477],[144.5132,-33.7283],[144.5564,-33.7333],[144.5441,-33.8123],[144.5538,-33.8134],[144.5423,-33.8823],[144.5785,-33.8865],[144.5524,-33.9997],[144.5626,-34.0007],[144.5582,-34.0284],[144.6875,-34.0485],[144.6884,-34.0566],[144.6823,-34.0577],[144.6886,-34.0677],[144.6745,-34.0763],[144.6759,-34.085],[144.6511,-34.0796],[144.629,-34.0868],[144.6244,-34.0973],[144.6071,-34.1055],[144.6043,-34.118],[144.5847,-34.1185],[144.5865,-34.1287],[144.5735,-34.1305],[144.5749,-34.1353],[144.5631,-34.1288],[144.5563,-34.1334],[144.5579,-34.1427],[144.5508,-34.1437],[144.5549,-34.1502],[144.5462,-34.1584],[144.553,-34.1627],[144.5506,-34.173],[144.5402,-34.1746],[144.5304,-34.1862],[144.5202,-34.1837],[144.5134,-34.2005],[144.499,-34.2127],[144.4863,-34.2119],[144.47,-34.2229],[144.4583,-34.2176],[144.4567,-34.2244],[144.4341,-34.218],[144.4258,-34.2283],[144.412,-34.2193],[144.4025,-34.2245],[144.3914,-34.2182],[144.3867,-34.2281]]]},"properties":{"lga_code_2023":"13850","lga_name_2023":"Hay","state_code_2021":"1"}},{"type":"Feature","geometry":{"type":"Polygon","coordinates":[[[148.0065,-34.3475],[148.0274,-34.3498],[148.0158,-34.4131],[148.0598,-34.4121],[148.0576,-34.4256],[148.0675,-34.4269],[148.0662,-34.4348],[148.0873,-34.4409],[148.1076,-34.4668],[148.1192,-34.4616],[148.1567,-34.4673],[148.1678,-34.4706],[148.1642,-34.4848],[148.2001,-34.4906],[148.1948,-34.5133],[148.2216,-34.5317],[148.2194,-34.5423],[148.2239,-34.543],[148.2077,-34.5453],[148.2057,-34.5557],[148.2131,-34.561],[148.2285,-34.5593],[148.2244,-34.5807],[148.2371,-34.5823],[148.2361,-34.5874],[148.213,-34.5855],[148.212,-34.5901],[148.2031,-34.5832],[148.2026,-34.594],[148.1938,-34.5952],[148.2091,-34.6054],[148.1928,-34.6215],[148.2012,-34.6228],[148.1997,-34.6301],[148.2099,-34.6244],[148.214,-34.6303],[148.2118,-34.6419],[148.1973,-34.6437],[148.1935,-34.6638],[148.2073,-34.6676],[148.2021,-34.6976],[148.2201,-34.6936],[148.2193,-34.6977],[148.2358,-34.7018],[148.2225,-34.7271],[148.2306,-34.7408],[148.2401,-34.7421],[148.2329,-34.7337],[148.2432,-34.7321],[148.2679,-34.7418],[148.2615,-34.7508],[148.2654,-34.7605],[148.2561,-34.7709],[148.269,-34.7816],[148.2899,-34.8254],[148.2988,-34.8302],[148.2988,-34.8466],[148.3144,-34.8552],[148.3106,-34.8628],[148.3338,-34.8717],[148.3504,-34.866],[148.3566,-34.8519],[148.3932,-34.8602],[148.4003,-34.8667],[148.399,-34.8779],[148.3856,-34.8916],[148.393,-34.9069],[148.4171,-34.8968],[148.5135,-34.9028],[148.5223,-34.9015],[148.5282,-34.8901],[148.5279,-34.8722],[148.5392,-34.8737],[148.5452,-34.8557],[148.5586,-34.8594],[148.5634,-34.8055],[148.5815,-34.8068],[148.5745,-34.7987],[148.5782,-34.7788],[148.5715,-34.7724],[148.5779,-34.7355],[148.5774,-34.7253],[148.5714,-34.7241],[148.5744,-34.7084],[148.5633,-34.7069],[148.5644,-34.7011],[148.5721,-34.7021],[148.5867,-34.6274],[148.5996,-34.6292],[148.5933,-34.6274],[148.5951,-34.6187],[148.6264,-34.6229],[148.6291,-34.6107],[148.6596,-34.6143],[148.6704,-34.5893],[148.6594,-34.5878],[148.6614,-34.5775],[148.6534,-34.5766],[148.6466,-34.5657],[148.6536,-34.5424],[148.663,-34.5473],[148.6802,-34.5356],[148.6824,-34.5423],[148.6738,-34.5458],[148.6835,-34.5455],[148.6879,-34.5587],[148.7115,-34.5527],[148.7156,-34.566],[148.7393,-34.5693],[148.7394,-34.5611],[148.7465,-34.5621],[148.7477,-34.5563],[148.758,-34.5611],[148.7563,-34.5698],[148.7827,-34.572],[148.783,-34.5647],[148.8167,-34.5566],[148.8474,-34.569],[148.8504,-34.5815],[148.8818,-34.604],[148.884,-34.619],[148.8962,-34.6263],[148.8909,-34.6426],[148.9137,-34.6397],[148.9292,-34.6442],[148.9326,-34.6516],[148.9782,-34.6368],[148.9889,-34.5475],[148.9975,-34.5371],[148.9933,-34.527],[149.014,-34.5062],[149.0112,-34.4981],[149.0311,-34.4733],[149.0376,-34.448],[149.0572,-34.4407],[149.0679,-34.4091],[149.078,-34.4161],[149.0865,-34.4098],[149.0859,-34.4005],[149.1198,-34.3593],[149.1026,-34.341],[149.105,-34.3287],[149.0989,-34.3192],[149.0894,-34.317],[149.0988,-34.3006],[149.0909,-34.2924],[149.1098,-34.2791],[149.1236,-34.2821],[149.119,-34.2743],[149.131,-34.2781],[149.1187,-34.2657],[149.1112,-34.2698],[149.1124,-34.2591],[149.1256,-34.2597],[149.1088,-34.2402],[149.0891,-34.2371],[149.0762,-34.2276],[149.0778,-34.2193],[149.0654,-34.2187],[149.0712,-34.2083],[149.0843,-34.2034],[149.0683,-34.2051],[149.0716,-34.1959],[149.0576,-34.1949],[149.0526,-34.1874],[149.0618,-34.1839],[149.0544,-34.1822],[149.0532,-34.1745],[149.0417,-34.1743],[149.04,-34.1596],[149.0111,-34.1412],[149.0201,-34.1281],[149.0057,-34.1215],[149.0028,-34.1073],[149.0205,-34.0904],[149.0217,-34.0536],[149.0471,-34.0472],[149.0452,-34.0414],[149.0273,-34.0379],[149.0386,-34.0336],[149.0379,-34.0237],[149.0551,-34.0248],[149.0507,-34.0106],[149.0617,-33.9981],[149.0295,-33.9822],[149.0248,-33.9843],[149.0285,-33.9938],[149.017,-33.9902],[149.0054,-33.9498],[149.0114,-33.9328],[149.0027,-33.9256],[148.9821,-33.9242],[148.981,-33.95],[148.9702,-33.9561],[148.9675,-33.9691],[148.9422,-33.9694],[148.9331,-33.9823],[148.9154,-33.9703],[148.9046,-33.9748],[148.8898,-33.9634],[148.89,-33.9389],[148.8824,-33.9479],[148.8506,-33.9522],[148.8317,-33.9452],[148.8215,-33.9658],[148.8079,-33.9639],[148.804,-33.9839],[148.7674,-33.982],[148.7615,-33.9946],[148.7653,-34.0006],[148.7527,-33.9992],[148.7537,-34.009],[148.7462,-34.008],[148.7437,-34.0207],[148.7631,-34.0383],[148.7589,-34.0489],[148.7418,-34.0581],[148.7392,-34.0699],[148.7322,-34.0701],[148.731,-34.0787],[148.7182,-34.074],[148.7093,-34.082],[148.6869,-34.0821],[148.6705,-34.0972],[148.6521,-34.0662],[148.6188,-34.0713],[148.6084,-34.058],[148.5781,-34.0525],[148.5752,-34.0362],[148.5628,-34.0327],[148.5611,-34.0229],[148.5508,-34.0194],[148.5421,-34.0294],[148.5455,-34.0334],[148.4929,-34.0256],[148.4942,-34.0186],[148.4419,-34.0119],[148.4391,-34.0739],[148.4219,-34.0716],[148.4084,-34.0777],[148.4094,-34.0875],[148.3904,-34.1037],[148.3845,-34.1306],[148.3498,-34.1154],[148.3512,-34.101],[148.3384,-34.0993],[148.3337,-34.0866],[148.2825,-34.0826],[148.259,-34.067],[148.244,-34.0648],[148.2373,-34.0553],[148.2238,-34.0537],[148.2212,-34.0669],[148.2061,-34.0649],[148.205,-34.0701],[148.199,-34.0625],[148.1706,-34.0642],[148.1527,-34.0574],[148.1462,-34.0805],[148.1304,-34.0687],[148.1141,-34.068],[148.1144,-34.0575],[148.1014,-34.0492],[148.0808,-34.0505],[148.0824,-34.043],[148.0642,-34.0303],[148.0548,-34.0345],[148.0162,-34.0288],[148.0128,-34.0419],[148.0258,-34.1183],[148.0053,-34.0976],[147.9424,-34.0945],[147.9376,-34.1167],[147.8782,-34.1178],[147.8586,-34.1117],[147.8348,-34.1211],[147.8246,-34.117],[147.794,-34.1379],[147.7448,-34.1407],[147.7244,-34.1522],[147.7184,-34.163],[147.711,-34.1623],[147.7113,-34.1753],[147.7207,-34.1827],[147.7286,-34.1865],[147.7419,-34.1782],[147.7461,-34.1859],[147.755,-34.1854],[147.7591,-34.2042],[147.7791,-34.2076],[147.7852,-34.2188],[147.7753,-34.2226],[147.7891,-34.2416],[147.7848,-34.2515],[147.7994,-34.2688],[147.7942,-34.2862],[147.8199,-34.32],[147.8245,-34.3401],[147.8945,-34.348],[147.8958,-34.3409],[147.9103,-34.3428],[147.9114,-34.3365],[148.0065,-34.3475]]]},"properties":{"lga_code_2023":"13910","lga_name_2023":"Hilltops","state_code_2021":"1"}},{"type":"Feature","geometry":{"type":"MultiPolygon","coordinates":[[[[151.1367,-33.5259],[151.1264,-33.5311],[151.1313,-33.5193],[151.1217,-33.5215],[151.1114,-33.507],[151.1302,-33.5051],[151.1213,-33.5106],[151.1255,-33.5178],[151.1338,-33.5134],[151.1408,-33.5244],[151.1539,-33.5239],[151.1553,-33.499],[151.1313,-33.4913],[151.1438,-33.4905],[151.1546,-33.4653],[151.1388,-33.4754],[151.1224,-33.4666],[151.1033,-33.4841],[151.09,-33.4806],[151.0798,-33.4488],[151.0719,-33.463],[151.0632,-33.4425],[151.0323,-33.4273],[151.0319,-33.4054],[150.9948,-33.3994],[150.9876,-33.3803],[150.9856,-33.4019],[150.9721,-33.4217],[150.9903,-33.4286],[150.9928,-33.4458],[151.0104,-33.4722],[151.0102,-33.4835],[151.0212,-33.4922],[151.0291,-33.517],[151.0111,-33.532],[151.008,-33.5692],[151.0145,-33.5728],[151.0063,-33.5976],[151.0238,-33.6213],[151.0198,-33.6518],[151.0324,-33.6923],[151.0189,-33.694],[151.0112,-33.7101],[151.019,-33.717],[151.0168,-33.7307],[151.0469,-33.7434],[151.049,-33.7588],[151.1044,-33.7627],[151.0901,-33.7353],[151.1066,-33.7276],[151.1237,-33.689],[151.1378,-33.6844],[151.138,-33.6781],[151.1588,-33.6623],[151.1589,-33.6524],[151.1494,-33.6555],[151.163,-33.6465],[151.1585,-33.6411],[151.1704,-33.6291],[151.1639,-33.6259],[151.2132,-33.6078],[151.2093,-33.5941],[151.1863,-33.5921],[151.2328,-33.594],[151.2471,-33.579],[151.231,-33.5614],[151.2241,-33.575],[151.2129,-33.5727],[151.2112,-33.5672],[151.222,-33.5694],[151.2231,-33.5557],[151.2331,-33.5475],[151.2273,-33.5465],[151.231,-33.5385],[151.2022,-33.5441],[151.229,-33.5415],[151.2259,-33.547],[151.1985,-33.55],[151.1999,-33.5418],[151.1861,-33.5368],[151.1755,-33.514],[151.1642,-33.5291],[151.1701,-33.5386],[151.1489,-33.5368],[151.1696,-33.5585],[151.1518,-33.5514],[151.1598,-33.5621],[151.1554,-33.5702],[151.1622,-33.5758],[151.1502,-33.5686],[151.1337,-33.571],[151.1443,-33.5871],[151.1326,-33.5814],[151.1234,-33.5858],[151.1186,-33.5904],[151.1257,-33.6003],[151.1208,-33.5995],[151.1161,-33.5875],[151.1028,-33.5878],[151.1201,-33.586],[151.1315,-33.5784],[151.131,-33.5679],[151.1515,-33.5622],[151.1449,-33.5421],[151.1388,-33.5505],[151.1283,-33.5416],[151.1168,-33.5459],[151.1271,-33.5376],[151.1381,-33.5416],[151.1434,-33.5298],[151.1367,-33.5259]]],[[[151.2348,-33.5404],[151.238,-33.5424],[151.2441,-33.5373],[151.2348,-33.5404]]],[[[151.1786,-33.5155],[151.1831,-33.5192],[151.1773,-33.5073],[151.1786,-33.5155]]],[[[151.152,-33.5277],[151.1536,-33.5282],[151.1533,-33.5253],[151.152,-33.5277]]]]},"properties":{"lga_code_2023":"14000","lga_name_2023":"Hornsby","state_code_2021":"1"}},{"type":"Feature","geometry":{"type":"Polygon","coordinates":[[[151.1276,-33.8297],[151.1338,-33.8448],[151.1489,-33.8392],[151.1359,-33.8365],[151.1533,-33.8365],[151.1615,-33.8448],[151.1803,-33.8364],[151.1693,-33.8393],[151.1455,-33.8304],[151.1469,-33.82],[151.1363,-33.8148],[151.1276,-33.8297]]]},"properties":{"lga_code_2023":"14100","lga_name_2023":"Hunters Hill","state_code_2021":"1"}},{"type":"Feature","geometry":{"type":"MultiPolygon","coordinates":[[[[151.1775,-33.9188],[151.1812,-33.8957],[151.1735,-33.8711],[151.1966,-33.8594],[151.1845,-33.8536],[151.1905,-33.8524],[151.1823,-33.8491],[151.1869,-33.8469],[151.1714,-33.8528],[151.1509,-33.8723],[151.1194,-33.871],[151.1123,-33.8956],[151.1251,-33.8957],[151.1222,-33.9063],[151.1344,-33.9057],[151.1371,-33.9213],[151.1536,-33.9231],[151.1605,-33.934],[151.1775,-33.9188]]],[[[151.1741,-33.8459],[151.1689,-33.8485],[151.1745,-33.849],[151.1741,-33.8459]]]]},"properties":{"lga_code_2023":"14170","lga_name_2023":"Inner West","state_code_2021":"1"}},{"type":"Feature","geometry":{"type":"Polygon","coordinates":[[[150.762,-29.5576],[150.7491,-29.5694],[150.7462,-29.5654],[150.7436,-29.5703],[150.7333,-29.5693],[150.726,-29.6356],[150.7119,-29.6437],[150.7118,-29.6572],[150.6843,-29.6804],[150.6913,-29.6859],[150.6944,-29.7039],[150.6823,-29.7131],[150.6861,-29.7244],[150.6796,-29.7289],[150.6769,-29.7556],[150.67,-29.7651],[150.6587,-29.7666],[150.6588,-29.7738],[150.6474,-29.7756],[150.6724,-29.7785],[150.6794,-29.7676],[150.6862,-29.7772],[150.6915,-29.769],[150.7214,-29.7779],[150.731,-29.7718],[150.7452,-29.7899],[150.7678,-29.7819],[150.7991,-29.8044],[150.7981,-29.8154],[150.8109,-29.8326],[150.8272,-29.829],[150.857,-29.8353],[150.8683,-29.8555],[150.8807,-29.8613],[150.8765,-29.8738],[150.9068,-29.8924],[150.9101,-29.9014],[150.981,-29.9012],[150.9813,-29.9119],[150.9905,-29.9161],[150.9972,-29.9309],[150.9929,-29.9475],[150.9824,-29.9354],[150.9765,-29.9366],[150.9819,-29.9559],[150.9787,-29.9721],[150.9884,-29.9756],[150.9866,-29.987],[150.9777,-29.9871],[150.9761,-29.9937],[150.986,-30.0126],[150.9957,-30.009],[151.0024,-30.0173],[150.9945,-30.0276],[150.9997,-30.0517],[150.9933,-30.0575],[151.0006,-30.073],[150.9912,-30.0836],[151.0107,-30.083],[151.0168,-30.0913],[151.0087,-30.1078],[151.0236,-30.1156],[151.0235,-30.1089],[151.0295,-30.1077],[151.0315,-30.1216],[151.0398,-30.1256],[151.1131,-30.1367],[151.1139,-30.1321],[151.1237,-30.1335],[151.1162,-30.1883],[151.1295,-30.182],[151.1564,-30.1892],[151.2033,-30.1786],[151.2354,-30.1844],[151.2443,-30.191],[151.2412,-30.2139],[151.2561,-30.2407],[151.2783,-30.2397],[151.2848,-30.2195],[151.2794,-30.1806],[151.2885,-30.1777],[151.295,-30.156],[151.3031,-30.1571],[151.3052,-30.146],[151.2908,-30.1439],[151.2902,-30.113],[151.2808,-30.1119],[151.2722,-30.0992],[151.2642,-30.0978],[151.2627,-30.1068],[151.2571,-30.1059],[151.2532,-30.0949],[151.2643,-30.0691],[151.2585,-30.0683],[151.2629,-30.0498],[151.2545,-30.0486],[151.2583,-30.0285],[151.2717,-30.0331],[151.2769,-30.0043],[151.3047,-30.008],[151.3082,-29.989],[151.3246,-29.9911],[151.3297,-29.9627],[151.3683,-29.9672],[151.3716,-29.9501],[151.3656,-29.9492],[151.3704,-29.94],[151.3799,-29.9449],[151.379,-29.9502],[151.4196,-29.9655],[151.4262,-29.9709],[151.4266,-29.9881],[151.4498,-29.9971],[151.4869,-29.9844],[151.4952,-29.9874],[151.4963,-29.9823],[151.5238,-29.9748],[151.5355,-29.9614],[151.5869,-29.9408],[151.6043,-29.9413],[151.6038,-29.9309],[151.5957,-29.929],[151.5987,-29.92],[151.5852,-29.9056],[151.5959,-29.8874],[151.5936,-29.8785],[151.5874,-29.8744],[151.5615,-29.8786],[151.5652,-29.8552],[151.5495,-29.8244],[151.555,-29.8016],[151.545,-29.7827],[151.5471,-29.76],[151.5048,-29.7504],[151.5068,-29.7402],[151.5238,-29.7349],[151.5266,-29.7174],[151.514,-29.6982],[151.5185,-29.6851],[151.5307,-29.6866],[151.5327,-29.6751],[151.5199,-29.6609],[151.5199,-29.6494],[151.4956,-29.6388],[151.496,-29.6269],[151.4752,-29.6034],[151.4754,-29.5768],[151.4883,-29.5461],[151.4786,-29.5173],[151.4818,-29.5113],[151.465,-29.4935],[151.4752,-29.4404],[151.4574,-29.4332],[151.4551,-29.3947],[151.4616,-29.3664],[151.4522,-29.3354],[151.4422,-29.3336],[151.4345,-29.3235],[151.4274,-29.289],[151.4121,-29.2595],[151.4196,-29.2549],[151.4181,-29.2484],[151.3959,-29.2374],[151.3777,-29.2143],[151.3779,-29.1957],[151.3727,-29.1854],[151.3665,-29.1855],[151.3659,-29.1739],[151.3384,-29.1793],[151.3151,-29.1657],[151.3093,-29.1466],[151.318,-29.1381],[151.3011,-29.114],[151.2903,-29.1139],[151.2791,-29.0991],[151.2751,-29.0764],[151.2905,-29.0511],[151.2865,-29.0367],[151.2717,-29.0304],[151.2835,-29.0175],[151.2841,-29.0068],[151.2764,-28.9871],[151.2821,-28.981],[151.2719,-28.9727],[151.2815,-28.9585],[151.2742,-28.9379],[151.2423,-28.9234],[151.2346,-28.9048],[151.2294,-28.9088],[151.215,-28.9043],[151.1996,-28.8843],[151.173,-28.8803],[151.1611,-28.8654],[151.1319,-28.8601],[151.1251,-28.8506],[151.1045,-28.8441],[151.1033,-28.8366],[151.0827,-28.8345],[151.0715,-28.8449],[151.0523,-28.8495],[151.0389,-28.8383],[151.0413,-28.7979],[151.0241,-28.7935],[151.0258,-28.782],[151.0186,-28.7731],[151.0291,-28.7695],[151.0246,-28.7531],[151.0099,-28.7409],[150.9795,-28.7326],[150.9633,-28.7378],[150.9524,-28.7367],[150.9459,-28.7288],[150.9384,-28.7312],[150.9306,-28.7051],[150.9057,-28.6877],[150.8941,-28.6887],[150.8889,-28.6957],[150.8815,-28.689],[150.8741,-28.6944],[150.849,-28.6737],[150.8188,-28.6667],[150.8186,-28.6576],[150.7963,-28.6561],[150.7513,-28.6343],[150.7273,-28.6356],[150.7103,-28.6455],[150.7096,-28.6522],[150.6814,-28.6617],[150.6734,-28.6505],[150.6415,-28.6654],[150.6322,-28.6771],[150.6254,-28.669],[150.618,-28.674],[150.6005,-28.6713],[150.5999,-28.6651],[150.5816,-28.6559],[150.5609,-28.6623],[150.5534,-28.6533],[150.5483,-28.6582],[150.5544,-28.6643],[150.5515,-28.6715],[150.535,-28.6724],[150.5252,-28.666],[150.538,-28.662],[150.5374,-28.6571],[150.5246,-28.6545],[150.5138,-28.6623],[150.4863,-28.6574],[150.4795,-28.6746],[150.5122,-28.6841],[150.5206,-28.6794],[150.5387,-28.7076],[150.5436,-28.7008],[150.5543,-28.7088],[150.5763,-28.706],[150.5989,-28.7168],[150.6051,-28.7284],[150.6323,-28.7292],[150.6518,-28.7402],[150.6643,-28.7346],[150.6629,-28.7402],[150.6727,-28.7414],[150.6653,-28.7822],[150.672,-28.7939],[150.6569,-28.8107],[150.6452,-28.814],[150.643,-28.8265],[150.6343,-28.8322],[150.6393,-28.8453],[150.612,-28.8873],[150.6097,-28.9049],[150.6194,-28.9183],[150.6155,-28.9249],[150.6311,-28.9422],[150.6238,-28.9511],[150.6116,-29],[150.6305,-29.0139],[150.6262,-29.0243],[150.633,-29.0234],[150.6344,-29.0373],[150.6494,-29.0457],[150.6547,-29.0569],[150.6674,-29.058],[150.6689,-29.0743],[150.6813,-29.0796],[150.6873,-29.0721],[150.6954,-29.0885],[150.7049,-29.0867],[150.7036,-29.0998],[150.7082,-29.0948],[150.7223,-29.0966],[150.7318,-29.1258],[150.7491,-29.1348],[150.7438,-29.142],[150.7523,-29.151],[150.7451,-29.165],[150.7525,-29.1744],[150.749,-29.1905],[150.7576,-29.1907],[150.7549,-29.2059],[150.7638,-29.2085],[150.7498,-29.262],[150.7576,-29.2632],[150.7543,-29.27],[150.7639,-29.2692],[150.759,-29.2764],[150.7739,-29.2897],[150.7705,-29.2985],[150.7786,-29.301],[150.7755,-29.3078],[150.784,-29.3083],[150.7857,-29.3153],[150.7959,-29.3139],[150.8019,-29.3215],[150.7965,-29.3275],[150.8055,-29.3353],[150.7989,-29.3363],[150.8228,-29.3716],[150.8174,-29.3779],[150.8239,-29.3848],[150.8202,-29.3905],[150.8302,-29.3965],[150.8279,-29.4119],[150.8503,-29.4147],[150.8517,-29.4079],[150.8904,-29.4172],[150.8834,-29.4592],[150.8636,-29.4565],[150.8599,-29.4759],[150.8659,-29.4767],[150.8642,-29.4863],[150.8585,-29.4855],[150.8568,-29.5125],[150.8041,-29.5298],[150.762,-29.5576]]]},"properties":{"lga_code_2023":"14220","lga_name_2023":"Inverell","state_code_2021":"1"}},{"type":"Feature","geometry":{"type":"Polygon","coordinates":[[[147.3943,-34.8632],[147.3908,-34.8716],[147.371,-34.869],[147.3583,-34.8974],[147.3411,-34.8952],[147.3161,-34.9064],[147.3156,-34.9368],[147.3247,-34.9376],[147.3222,-34.9461],[147.3133,-34.9451],[147.317,-34.9495],[147.3456,-34.9529],[147.3457,-34.9445],[147.4141,-34.9563],[147.4146,-34.9686],[147.4312,-34.9754],[147.4457,-34.9645],[147.6004,-34.9868],[147.5991,-34.9977],[147.6336,-35.0038],[147.6351,-35.0345],[147.6439,-35.0357],[147.646,-35.0494],[147.6923,-35.056],[147.6888,-35.0781],[147.7055,-35.0745],[147.7083,-35.0671],[147.7328,-35.0649],[147.7534,-35.07],[147.7583,-35.089],[147.7888,-35.0973],[147.788,-35.085],[147.8159,-35.089],[147.8154,-35.0825],[147.8399,-35.0642],[147.8427,-35.0342],[147.8522,-35.018],[147.8361,-34.9814],[147.8424,-34.9716],[147.8377,-34.971],[147.84,-34.9583],[147.8446,-34.9482],[147.8504,-34.9489],[147.8549,-34.9221],[147.8649,-34.9053],[147.8814,-34.901],[147.884,-34.887],[147.8986,-34.8829],[147.9047,-34.8738],[147.9035,-34.8555],[147.927,-34.8523],[147.943,-34.8351],[147.9364,-34.8147],[147.9377,-34.8064],[147.9454,-34.8074],[147.9488,-34.789],[147.9316,-34.7866],[147.9337,-34.7767],[147.9442,-34.7701],[147.942,-34.7623],[147.9485,-34.7631],[147.9499,-34.7439],[147.9393,-34.7443],[147.9231,-34.7314],[147.8885,-34.7329],[147.8789,-34.7254],[147.8736,-34.7072],[147.8635,-34.7059],[147.8651,-34.6962],[147.872,-34.6965],[147.8661,-34.6832],[147.8724,-34.6762],[147.8673,-34.6676],[147.8703,-34.6354],[147.8382,-34.6209],[147.8406,-34.608],[147.8329,-34.6003],[147.8343,-34.5922],[147.8175,-34.5894],[147.8195,-34.5795],[147.8086,-34.5781],[147.8119,-34.5588],[147.8089,-34.563],[147.8038,-34.5586],[147.8049,-34.553],[147.7893,-34.5379],[147.7822,-34.543],[147.7696,-34.5331],[147.7607,-34.5404],[147.7607,-34.5535],[147.7302,-34.5535],[147.7277,-34.572],[147.7049,-34.5819],[147.6761,-34.578],[147.6604,-34.5649],[147.6465,-34.566],[147.6238,-34.6067],[147.6152,-34.6057],[147.6108,-34.6307],[147.5059,-34.6184],[147.4989,-34.6131],[147.4813,-34.626],[147.4644,-34.6253],[147.4641,-34.6442],[147.4774,-34.6618],[147.4818,-34.7021],[147.4565,-34.7656],[147.4418,-34.7811],[147.4311,-34.7823],[147.4244,-34.7946],[147.412,-34.7952],[147.4083,-34.8416],[147.385,-34.8466],[147.3842,-34.8512],[147.3962,-34.8528],[147.3943,-34.8632]]]},"properties":{"lga_code_2023":"14300","lga_name_2023":"Junee","state_code_2021":"1"}},{"type":"Feature","geometry":{"type":"MultiPolygon","coordinates":[[[[152.8576,-30.8989],[152.8128,-30.9237],[152.7991,-30.92],[152.7714,-30.9278],[152.7629,-30.9248],[152.7328,-30.8644],[152.7082,-30.8583],[152.7081,-30.8734],[152.6925,-30.8765],[152.6653,-30.8631],[152.6816,-30.835],[152.6833,-30.8132],[152.6652,-30.8123],[152.6581,-30.7996],[152.6431,-30.7963],[152.6414,-30.7828],[152.6298,-30.7751],[152.6284,-30.7655],[152.6087,-30.7429],[152.5917,-30.7325],[152.5894,-30.7188],[152.5564,-30.6992],[152.5504,-30.6857],[152.5548,-30.6741],[152.5443,-30.6403],[152.5364,-30.6338],[152.5392,-30.6176],[152.5043,-30.5877],[152.5004,-30.5665],[152.4737,-30.5524],[152.4324,-30.5145],[152.4109,-30.5108],[152.4003,-30.5009],[152.3886,-30.5024],[152.3828,-30.5147],[152.3864,-30.5296],[152.3641,-30.5451],[152.3616,-30.5558],[152.3358,-30.567],[152.3299,-30.5842],[152.3129,-30.5977],[152.3186,-30.613],[152.3335,-30.6207],[152.3369,-30.6405],[152.3452,-30.6399],[152.3693,-30.6589],[152.358,-30.6784],[152.3693,-30.6987],[152.3657,-30.7046],[152.3754,-30.7447],[152.352,-30.7692],[152.355,-30.7781],[152.347,-30.7811],[152.3439,-30.7919],[152.317,-30.7926],[152.3172,-30.8025],[152.2868,-30.8299],[152.2845,-30.8415],[152.2995,-30.8662],[152.2872,-30.9],[152.296,-30.9308],[152.2843,-30.9491],[152.2941,-30.9731],[152.2698,-30.9991],[152.2765,-31.0095],[152.2926,-31.0115],[152.3153,-31.0279],[152.3244,-31.0249],[152.3434,-31.0399],[152.3452,-31.0506],[152.3311,-31.0573],[152.3406,-31.0682],[152.3342,-31.0757],[152.3366,-31.1052],[152.3481,-31.1092],[152.3561,-31.1269],[152.3683,-31.1365],[152.369,-31.1558],[152.3826,-31.1651],[152.413,-31.1654],[152.4558,-31.1558],[152.4708,-31.1663],[152.5197,-31.1671],[152.5397,-31.1629],[152.5412,-31.152],[152.5562,-31.1482],[152.5617,-31.1296],[152.5742,-31.1316],[152.5961,-31.1238],[152.6145,-31.136],[152.6322,-31.1386],[152.6497,-31.1545],[152.6578,-31.1492],[152.6738,-31.1535],[152.6812,-31.1408],[152.6903,-31.1398],[152.6996,-31.1514],[152.7069,-31.1515],[152.706,-31.1807],[152.7177,-31.1825],[152.7192,-31.1749],[152.728,-31.1763],[152.7262,-31.1852],[152.7517,-31.1947],[152.7476,-31.2158],[152.7327,-31.2145],[152.7303,-31.224],[152.7616,-31.2283],[152.7631,-31.2194],[152.8181,-31.2278],[152.8154,-31.243],[152.8294,-31.2451],[152.824,-31.2715],[152.8142,-31.2701],[152.8148,-31.2827],[152.8642,-31.2877],[152.8645,-31.2959],[152.9666,-31.3105],[152.9712,-31.2526],[152.9619,-31.2494],[152.9607,-31.233],[152.9673,-31.211],[152.9842,-31.1867],[152.9764,-31.184],[152.9774,-31.1714],[153.0066,-31.1234],[153.0423,-31.0851],[153.0557,-31.0786],[153.0535,-31.0701],[153.0664,-31.0475],[153.0544,-31.0537],[153.042,-31.0434],[153.039,-31.0032],[153.0566,-30.9595],[153.0905,-30.9221],[153.0887,-30.9113],[153.0817,-30.9061],[153.0842,-30.8975],[153.076,-30.8782],[153.0664,-30.8751],[153.069,-30.8818],[153.0603,-30.8867],[153.0372,-30.8825],[153.0143,-30.8617],[153.0028,-30.8272],[152.9989,-30.7615],[152.9739,-30.7754],[152.9694,-30.795],[152.9486,-30.7971],[152.9396,-30.808],[152.9205,-30.8145],[152.9168,-30.8245],[152.9235,-30.8339],[152.9059,-30.8505],[152.9076,-30.8575],[152.8969,-30.8656],[152.8931,-30.88],[152.8707,-30.8829],[152.8576,-30.8989]]],[[[153.1023,-30.9388],[153.1023,-30.9387],[153.1019,-30.9385],[153.1023,-30.9388]]],[[[153.1005,-30.9384],[153.1016,-30.9394],[153.1008,-30.9379],[153.1005,-30.9384]]],[[[153.0661,-31.0484],[153.0663,-31.0481],[153.0661,-31.0482],[153.0661,-31.0484]]],[[[153.0895,-30.911],[153.0915,-30.9113],[153.0906,-30.9102],[153.0895,-30.911]]],[[[153.0876,-30.9155],[153.0889,-30.9156],[153.0875,-30.9147],[153.0876,-30.9155]]],[[[153.065,-31.0563],[153.0657,-31.0556],[153.0648,-31.0555],[153.065,-31.0563]]],[[[153.0657,-31.0555],[153.0658,-31.055],[153.0656,-31.0551],[153.0657,-31.0555]]],[[[153.0621,-31.0585],[153.0623,-31.0584],[153.0621,-31.0583],[153.0621,-31.0585]]],[[[153.0882,-30.9105],[153.0878,-30.9103],[153.0889,-30.9111],[153.0882,-30.9105]]],[[[153.0888,-30.9119],[153.0888,-30.9117],[153.0887,-30.9116],[153.0888,-30.9119]]],[[[153.0845,-30.8981],[153.0844,-30.8978],[153.0843,-30.8979],[153.0845,-30.8981]]],[[[153.0537,-31.0713],[153.0542,-31.0715],[153.0538,-31.0711],[153.0537,-31.0713]]],[[[153.0761,-30.9497],[153.0774,-30.9487],[153.0769,-30.9486],[153.0761,-30.9497]]],[[[153.0765,-30.8787],[153.077,-30.879],[153.0766,-30.8782],[153.0765,-30.8787]]],[[[153.0756,-30.9496],[153.0763,-30.9491],[153.0762,-30.9488],[153.0756,-30.9496]]],[[[153.0435,-30.8821],[153.0437,-30.8818],[153.0434,-30.8819],[153.0435,-30.8821]]]]},"properties":{"lga_code_2023":"14350","lga_name_2023":"Kempsey","state_code_2021":"1"}},{"type":"Feature","geometry":{"type":"Polygon","coordinates":[[[150.6486,-34.6775],[150.7347,-34.6891],[150.7345,-34.7492],[150.7507,-34.7517],[150.7542,-34.7655],[150.7813,-34.7922],[150.8101,-34.7733],[150.8251,-34.7826],[150.8229,-34.7732],[150.837,-34.7545],[150.8333,-34.7386],[150.846,-34.7254],[150.8544,-34.6902],[150.8609,-34.6881],[150.8551,-34.6764],[150.8647,-34.6716],[150.8568,-34.6712],[150.8547,-34.6627],[150.8655,-34.6489],[150.8557,-34.6421],[150.8621,-34.6287],[150.849,-34.6143],[150.8378,-34.6116],[150.8497,-34.6274],[150.848,-34.6351],[150.8431,-34.6369],[150.8451,-34.631],[150.8325,-34.639],[150.8152,-34.6368],[150.8002,-34.643],[150.7993,-34.6296],[150.793,-34.6287],[150.7959,-34.6146],[150.7881,-34.6135],[150.7902,-34.6023],[150.7683,-34.5989],[150.7581,-34.613],[150.6984,-34.6008],[150.6904,-34.6083],[150.668,-34.6096],[150.667,-34.6192],[150.6568,-34.6236],[150.6347,-34.6265],[150.624,-34.6438],[150.6041,-34.6512],[150.5999,-34.6708],[150.6486,-34.6775]]]},"properties":{"lga_code_2023":"14400","lga_name_2023":"Kiama","state_code_2021":"1"}},{"type":"Feature","geometry":{"type":"Polygon","coordinates":[[[151.1675,-33.6881],[151.1718,-33.6775],[151.1606,-33.6596],[151.138,-33.6781],[151.1378,-33.6844],[151.1234,-33.6893],[151.1066,-33.7276],[151.09,-33.7354],[151.0908,-33.7446],[151.1055,-33.7614],[151.1168,-33.7613],[151.1257,-33.7725],[151.1393,-33.7747],[151.1487,-33.7944],[151.2075,-33.7773],[151.1913,-33.7577],[151.1939,-33.7502],[151.1804,-33.7408],[151.1826,-33.7324],[151.1917,-33.7283],[151.1914,-33.7027],[151.1675,-33.6881]]]},"properties":{"lga_code_2023":"14500","lga_name_2023":"Ku-ring-gai","state_code_2021":"1"}},{"type":"Feature","geometry":{"type":"Polygon","coordinates":[[[152.399,-28.6617],[152.3891,-28.6658],[152.3894,-28.6826],[152.3743,-28.6855],[152.3762,-28.7027],[152.4062,-28.7042],[152.4091,-28.7242],[152.4208,-28.718],[152.4279,-28.7252],[152.4653,-28.7358],[152.4744,-28.7311],[152.4725,-28.747],[152.4964,-28.7369],[152.4952,-28.7484],[152.4798,-28.7508],[152.492,-28.7646],[152.4782,-28.7751],[152.4803,-28.7803],[152.497,-28.7855],[152.511,-28.7797],[152.5183,-28.7947],[152.531,-28.7814],[152.543,-28.7838],[152.5392,-28.8149],[152.5549,-28.8179],[152.5572,-28.8237],[152.5372,-28.8477],[152.5733,-28.8638],[152.5481,-28.9088],[152.5551,-28.9126],[152.568,-28.9041],[152.5806,-28.9131],[152.5796,-28.9314],[152.5659,-28.9261],[152.5456,-28.9363],[152.5585,-28.9901],[152.6646,-29.0045],[152.6619,-29.0199],[152.6876,-29.0233],[152.7245,-29.0111],[152.7448,-28.9936],[152.7427,-28.9708],[152.7493,-28.9547],[152.7419,-28.9447],[152.7445,-28.9334],[152.7529,-28.929],[152.7505,-28.9133],[152.7862,-28.9267],[152.7983,-28.9102],[152.8198,-28.9037],[152.8209,-28.8828],[152.8464,-28.8887],[152.8583,-28.852],[152.8632,-28.8527],[152.8675,-28.8397],[152.8755,-28.8436],[152.8846,-28.836],[152.8876,-28.8193],[152.9138,-28.8213],[152.929,-28.8044],[152.9525,-28.8015],[152.9446,-28.7952],[152.9481,-28.7914],[152.9353,-28.7851],[152.9386,-28.7801],[152.9238,-28.7706],[152.9248,-28.7555],[152.9178,-28.7505],[152.9157,-28.7369],[152.9054,-28.7302],[152.9063,-28.7132],[152.9957,-28.7215],[153.0044,-28.7313],[153.0057,-28.724],[153.0165,-28.7219],[153.0546,-28.7274],[153.0564,-28.7221],[153.0544,-28.7331],[153.0825,-28.7315],[153.0778,-28.7203],[153.0866,-28.7094],[153.0884,-28.6845],[153.0825,-28.668],[153.0919,-28.6364],[153.0986,-28.6373],[153.1011,-28.6217],[153.1228,-28.6236],[153.1182,-28.598],[153.1316,-28.5886],[153.1429,-28.589],[153.1379,-28.5723],[153.1542,-28.5693],[153.1583,-28.5736],[153.1728,-28.5536],[153.1722,-28.5377],[153.182,-28.5337],[153.1838,-28.5224],[153.1603,-28.5241],[153.1511,-28.5089],[153.1538,-28.4846],[153.1411,-28.4715],[153.1436,-28.4619],[153.134,-28.4589],[153.1445,-28.4474],[153.1439,-28.4389],[153.1207,-28.4333],[153.1278,-28.4197],[153.1208,-28.4153],[153.1281,-28.4064],[153.1123,-28.4006],[153.1181,-28.3965],[153.1071,-28.387],[153.1132,-28.3665],[153.1085,-28.3563],[153.0807,-28.3544],[153.0449,-28.339],[153.0381,-28.3434],[153.0222,-28.338],[152.9961,-28.34],[152.9732,-28.3318],[152.9343,-28.3377],[152.8999,-28.3254],[152.8804,-28.3098],[152.8494,-28.3112],[152.8402,-28.3216],[152.8314,-28.3197],[152.8043,-28.3536],[152.7774,-28.346],[152.7598,-28.3525],[152.761,-28.3602],[152.7509,-28.3639],[152.7231,-28.3441],[152.7076,-28.3443],[152.6864,-28.3291],[152.6795,-28.3306],[152.6675,-28.3117],[152.6397,-28.3122],[152.6241,-28.2983],[152.6142,-28.2695],[152.5996,-28.2837],[152.6018,-28.3073],[152.5968,-28.3136],[152.6276,-28.3268],[152.6314,-28.3386],[152.6282,-28.349],[152.6144,-28.3527],[152.6118,-28.3745],[152.601,-28.3783],[152.6054,-28.3915],[152.5974,-28.395],[152.5867,-28.4165],[152.5764,-28.4156],[152.5827,-28.4222],[152.5804,-28.4351],[152.5652,-28.4402],[152.5612,-28.47],[152.5515,-28.4666],[152.5532,-28.4776],[152.5391,-28.4806],[152.5273,-28.4959],[152.5373,-28.5007],[152.5332,-28.5138],[152.5033,-28.5115],[152.5005,-28.5285],[152.4847,-28.5312],[152.4722,-28.5192],[152.4661,-28.5266],[152.4598,-28.5225],[152.4607,-28.5292],[152.4405,-28.5303],[152.4464,-28.5392],[152.4414,-28.5559],[152.4481,-28.5559],[152.4579,-28.5685],[152.4402,-28.5763],[152.4475,-28.577],[152.4461,-28.5846],[152.4382,-28.583],[152.4428,-28.6034],[152.4213,-28.6074],[152.417,-28.615],[152.4248,-28.6208],[152.4058,-28.6217],[152.414,-28.632],[152.3986,-28.6468],[152.4037,-28.6563],[152.399,-28.6617]]]},"properties":{"lga_code_2023":"14550","lga_name_2023":"Kyogle","state_code_2021":"1"}},{"type":"Feature","geometry":{"type":"Polygon","coordinates":[[[146.6096,-32.3601],[146.5693,-32.3713],[146.528,-32.3684],[146.627,-32.7571],[146.6505,-32.8136],[146.705,-33.0323],[146.6907,-33.0233],[146.6795,-33.0295],[146.6715,-33.0238],[146.6601,-33.0324],[146.6448,-33.0313],[146.635,-33.0522],[146.6398,-33.05],[146.6395,-33.0549],[146.6258,-33.0674],[146.6182,-33.0639],[146.6068,-33.0701],[146.5936,-33.0861],[146.5803,-33.0832],[146.5806,-33.0772],[146.5716,-33.0886],[146.5685,-33.081],[146.5598,-33.0965],[146.5502,-33.0838],[146.547,-33.0926],[146.5381,-33.0898],[146.5362,-33.097],[146.5246,-33.0974],[146.5239,-33.1069],[146.508,-33.1044],[146.4907,-33.1105],[146.4841,-33.1056],[146.4741,-33.1105],[146.478,-33.1189],[146.464,-33.1224],[146.468,-33.1329],[146.4632,-33.1374],[146.4738,-33.1471],[146.4653,-33.1494],[146.4786,-33.158],[146.4725,-33.1633],[146.4664,-33.1579],[146.4673,-33.1694],[146.454,-33.1728],[146.4583,-33.1782],[146.453,-33.1843],[146.4612,-33.1893],[146.4518,-33.1918],[146.46,-33.1973],[146.4491,-33.2039],[146.4407,-33.1963],[146.441,-33.2051],[146.4285,-33.2106],[146.4273,-33.2208],[146.4199,-33.2172],[146.4077,-33.2272],[146.3941,-33.2238],[146.3854,-33.2287],[146.3877,-33.2358],[146.3804,-33.2267],[146.3723,-33.2322],[146.3683,-33.2212],[146.3828,-33.2172],[146.3763,-33.1956],[146.3646,-33.1942],[146.3557,-33.2038],[146.357,-33.194],[146.3198,-33.1883],[146.3112,-33.1929],[146.308,-33.1875],[146.2965,-33.2122],[146.2905,-33.2137],[146.2953,-33.2174],[146.2906,-33.2273],[146.2531,-33.2272],[146.2477,-33.2191],[146.2446,-33.224],[146.2541,-33.2358],[146.2416,-33.2329],[146.2353,-33.241],[146.2297,-33.2369],[146.2333,-33.2326],[146.2239,-33.2338],[146.2247,-33.2277],[146.2185,-33.2338],[146.2018,-33.2314],[146.2014,-33.2366],[146.1767,-33.233],[146.1772,-33.2275],[146.168,-33.2363],[146.1659,-33.2301],[146.1553,-33.2347],[146.1371,-33.2276],[146.1311,-33.2455],[146.1238,-33.2453],[146.1312,-33.2612],[146.1245,-33.2582],[146.1241,-33.2642],[146.1106,-33.2673],[146.1035,-33.2615],[146.108,-33.2664],[146.0927,-33.2766],[146.0914,-33.2915],[146.0837,-33.2903],[146.0892,-33.3033],[146.0813,-33.3037],[146.0855,-33.3079],[146.0816,-33.3091],[146.0908,-33.3195],[146.0858,-33.338],[146.0758,-33.3391],[146.0744,-33.3525],[146.0668,-33.3583],[146.0709,-33.3688],[146.054,-33.4758],[146.0951,-33.6031],[146.4408,-33.5209],[146.4456,-33.5639],[146.8089,-33.6072],[146.8215,-33.5376],[146.8143,-33.5301],[146.8204,-33.5282],[146.8298,-33.538],[146.8308,-33.5324],[146.9885,-33.552],[146.9864,-33.5638],[147.2428,-33.5918],[147.2459,-33.5719],[147.2761,-33.5752],[147.2781,-33.5628],[147.3204,-33.5678],[147.3224,-33.5548],[147.3389,-33.5567],[147.3427,-33.5352],[147.3584,-33.5253],[147.4035,-33.5274],[147.4261,-33.4345],[147.4804,-33.4417],[147.5147,-33.2633],[147.5058,-33.2601],[147.4977,-33.265],[147.497,-33.2573],[147.4823,-33.2582],[147.4855,-33.2466],[147.4719,-33.2445],[147.4631,-33.2342],[147.4648,-33.2274],[147.444,-33.2315],[147.4434,-33.2229],[147.4209,-33.2282],[147.3788,-33.2156],[147.3572,-33.2245],[147.3419,-33.2124],[147.3302,-33.2146],[147.3192,-33.205],[147.3088,-33.2071],[147.3144,-33.1991],[147.2979,-33.1918],[147.3062,-33.1803],[147.2968,-33.1716],[147.3081,-33.1044],[147.3124,-33.1031],[147.3174,-33.1174],[147.3305,-33.1101],[147.3424,-33.1143],[147.3407,-33.1233],[147.3543,-33.1205],[147.3692,-33.1318],[147.3853,-33.1301],[147.381,-33.1366],[147.3885,-33.1394],[147.4053,-33.0375],[147.4693,-33.0448],[147.4703,-33.0381],[147.555,-33.0482],[147.5592,-33.022],[147.543,-33.0202],[147.5466,-32.9984],[147.5569,-32.9482],[147.571,-32.9497],[147.6043,-32.7627],[147.5998,-32.7621],[147.5984,-32.7386],[147.5684,-32.7354],[147.5776,-32.6756],[147.5537,-32.673],[147.5569,-32.6293],[147.5647,-32.6156],[147.5815,-32.6046],[147.5507,-32.5978],[147.5562,-32.5592],[147.5618,-32.5538],[147.5453,-32.5519],[147.5558,-32.4826],[147.5609,-32.4559],[147.5895,-32.4384],[147.6115,-32.4412],[147.6123,-32.4233],[147.6965,-32.3692],[147.6961,-32.3526],[147.6844,-32.3418],[147.6932,-32.3308],[147.6872,-32.3118],[147.6353,-32.2977],[147.6161,-32.271],[147.5915,-32.2658],[147.5604,-32.2411],[147.5393,-32.2397],[147.5346,-32.2311],[147.4992,-32.2129],[147.496,-32.1828],[147.4878,-32.1758],[147.4825,-32.1546],[147.4712,-32.1475],[147.478,-32.1231],[147.4388,-32.0947],[147.4346,-32.0796],[147.4199,-32.0695],[147.4166,-32.0399],[147.3943,-32.0363],[147.3905,-32.027],[147.3765,-32.0229],[147.3486,-31.9963],[147.3258,-31.9928],[147.3059,-32.002],[147.2929,-31.9952],[147.2666,-32.0658],[147.1984,-32.1103],[147.1986,-32.0713],[147.1942,-32.0682],[147.0709,-32.1509],[147.1433,-32.2278],[147.0687,-32.2769],[147.0479,-32.2745],[147.0449,-32.293],[147.0012,-32.2876],[146.9965,-32.3169],[146.8978,-32.2048],[146.7666,-32.2902],[146.87,-32.4056],[146.807,-32.4475],[146.802,-32.4367],[146.7798,-32.4384],[146.7661,-32.4159],[146.7482,-32.4154],[146.7208,-32.3955],[146.7126,-32.3759],[146.6866,-32.3588],[146.6759,-32.333],[146.656,-32.3361],[146.6366,-32.355],[146.6096,-32.3601]]]},"properties":{"lga_code_2023":"14600","lga_name_2023":"Lachlan","state_code_2021":"1"}},{"type":"Feature","geometry":{"type":"MultiPolygon","coordinates":[[[[151.6569,-33.0841],[151.6611,-33.0838],[151.6594,-33.0666],[151.6712,-33.0494],[151.7287,-33.0107],[151.732,-32.9897],[151.7269,-32.9782],[151.7379,-32.9629],[151.7291,-32.9551],[151.6839,-32.9483],[151.6879,-32.9271],[151.6368,-32.9193],[151.6408,-32.8977],[151.6067,-32.8925],[151.6094,-32.8803],[151.5582,-32.8728],[151.5565,-32.8816],[151.5411,-32.8723],[151.5323,-32.8999],[151.5368,-32.9005],[151.5138,-32.9234],[151.5204,-32.9567],[151.5167,-32.9666],[151.5021,-32.9629],[151.4907,-32.9726],[151.464,-32.9679],[151.4476,-32.9928],[151.4319,-32.9926],[151.3947,-33.0088],[151.3862,-33.0063],[151.3855,-33.0211],[151.3738,-33.0384],[151.3657,-33.0447],[151.3411,-33.0434],[151.3315,-33.0616],[151.333,-33.0693],[151.3571,-33.0818],[151.3566,-33.09],[151.3789,-33.0997],[151.3831,-33.1398],[151.3975,-33.165],[151.39,-33.1699],[151.4041,-33.1736],[151.3986,-33.1857],[151.4111,-33.1875],[151.411,-33.1941],[151.4332,-33.1942],[151.4315,-33.1993],[151.4447,-33.1934],[151.4432,-33.201],[151.4551,-33.2028],[151.4644,-33.1939],[151.4905,-33.1868],[151.5122,-33.1943],[151.5155,-33.184],[151.5276,-33.1801],[151.5297,-33.1694],[151.5229,-33.1471],[151.5274,-33.1392],[151.5102,-33.1366],[151.5178,-33.1355],[151.5221,-33.1241],[151.5259,-33.1307],[151.5418,-33.1261],[151.5385,-33.1146],[151.5525,-33.1209],[151.5503,-33.1146],[151.5618,-33.1187],[151.5687,-33.1143],[151.5651,-33.1006],[151.5484,-33.0886],[151.5386,-33.104],[151.5248,-33.1075],[151.5184,-33.1001],[151.5095,-33.1025],[151.5125,-33.09],[151.534,-33.0855],[151.5415,-33.073],[151.5506,-33.0735],[151.5458,-33.0655],[151.5539,-33.0609],[151.5717,-33.0751],[151.5941,-33.0717],[151.6072,-33.0852],[151.6138,-33.0821],[151.6112,-33.0721],[151.5808,-33.0685],[151.5885,-33.06],[151.582,-33.0566],[151.5859,-33.0472],[151.6001,-33.0593],[151.5947,-33.0433],[151.6,-33.0411],[151.5921,-33.0329],[151.5773,-33.0329],[151.5936,-33.0267],[151.6048,-33.0325],[151.6138,-33.0505],[151.6195,-33.0482],[151.6075,-33.0212],[151.5958,-33.0106],[151.5977,-32.9972],[151.5899,-33.0045],[151.5926,-32.9982],[151.5841,-32.9961],[151.5891,-32.9893],[151.608,-32.9966],[151.6101,-33.0069],[151.6166,-33.0058],[151.621,-32.9762],[151.6173,-32.9789],[151.6169,-32.9727],[151.6072,-32.9685],[151.6142,-32.9626],[151.6441,-32.9753],[151.6432,-32.9842],[151.6296,-32.9939],[151.6406,-33.004],[151.6283,-33.0155],[151.6335,-33.0285],[151.6574,-33.0359],[151.6519,-33.0534],[151.6389,-33.0552],[151.6495,-33.0628],[151.6412,-33.0645],[151.6452,-33.0759],[151.6403,-33.085],[151.6569,-33.0841]]],[[[151.6403,-33.0582],[151.6411,-33.0621],[151.6431,-33.0616],[151.6403,-33.0582]]],[[[151.6672,-33.094],[151.668,-33.0941],[151.6679,-33.0935],[151.6672,-33.094]]],[[[151.6745,-33.0869],[151.6722,-33.0866],[151.6706,-33.0892],[151.6745,-33.0869]]],[[[151.599,-33.0995],[151.5911,-33.088],[151.585,-33.0916],[151.599,-33.0995]]],[[[151.6555,-33.1002],[151.6563,-33.1001],[151.656,-33.0999],[151.6555,-33.1002]]],[[[151.6547,-33.0939],[151.6394,-33.0951],[151.6353,-33.0693],[151.611,-33.1177],[151.615,-33.1245],[151.6033,-33.1319],[151.597,-33.172],[151.6384,-33.1765],[151.6316,-33.1703],[151.6367,-33.1645],[151.63,-33.1542],[151.643,-33.1405],[151.6475,-33.1211],[151.6535,-33.1207],[151.647,-33.1116],[151.6657,-33.0869],[151.6578,-33.0922],[151.642,-33.0872],[151.643,-33.0953],[151.6493,-33.0902],[151.6534,-33.0935],[151.6494,-33.0957],[151.6547,-33.0939]]]]},"properties":{"lga_code_2023":"14650","lga_name_2023":"Lake Macquarie","state_code_2021":"1"}},{"type":"Feature","geometry":{"type":"Polygon","coordinates":[[[151.1452,-33.8159],[151.1458,-33.829],[151.1522,-33.8285],[151.152,-33.8218],[151.1557,-33.8297],[151.166,-33.8274],[151.161,-33.8314],[151.169,-33.8361],[151.1731,-33.8282],[151.1816,-33.8295],[151.1844,-33.8361],[151.1794,-33.8404],[151.1869,-33.8434],[151.1892,-33.8312],[151.1983,-33.8251],[151.1786,-33.8163],[151.1793,-33.8055],[151.1442,-33.803],[151.1452,-33.8159]]]},"properties":{"lga_code_2023":"14700","lga_name_2023":"Lane Cove","state_code_2021":"1"}},{"type":"Feature","geometry":{"type":"Polygon","coordinates":[[[146.1446,-34.5011],[146.0902,-34.4838],[146.0754,-34.567],[146.0376,-34.5627],[146.036,-34.5701],[146.0241,-34.5672],[146.0216,-34.5841],[146.0274,-34.5878],[146.0227,-34.5943],[146.0302,-34.5989],[146.0321,-34.5886],[146.0364,-34.5909],[146.0489,-34.5778],[146.0433,-34.588],[146.0614,-34.5904],[146.0596,-34.5977],[146.0711,-34.6083],[146.0857,-34.608],[146.0984,-34.6325],[146.1043,-34.6272],[146.1064,-34.6314],[146.1294,-34.6279],[146.1314,-34.6199],[146.1527,-34.6285],[146.1553,-34.6194],[146.1654,-34.6209],[146.1709,-34.6092],[146.1844,-34.6108],[146.1895,-34.625],[146.2117,-34.6237],[146.2268,-34.6113],[146.2188,-34.6751],[146.3324,-34.689],[146.3449,-34.6993],[146.3762,-34.6947],[146.4104,-34.706],[146.4252,-34.7],[146.427,-34.7079],[146.4658,-34.725],[146.4842,-34.7154],[146.5167,-34.5536],[146.5103,-34.5528],[146.5142,-34.5311],[146.4706,-34.5256],[146.4787,-34.4802],[146.4731,-34.4753],[146.4818,-34.4763],[146.4827,-34.4631],[146.4389,-34.4552],[146.4412,-34.4426],[146.4003,-34.4416],[146.4001,-34.4225],[146.3876,-34.421],[146.3969,-34.3867],[146.3868,-34.3855],[146.3907,-34.3449],[146.3003,-34.3343],[146.301,-34.3452],[146.2861,-34.3458],[146.2854,-34.3356],[146.2765,-34.3345],[146.2751,-34.3419],[146.2363,-34.3369],[146.23,-34.3718],[146.2065,-34.3542],[146.2022,-34.3766],[146.1774,-34.3736],[146.1492,-34.3895],[146.1344,-34.3911],[146.1533,-34.4051],[146.1346,-34.4806],[146.1473,-34.4822],[146.1446,-34.5011]]]},"properties":{"lga_code_2023":"14750","lga_name_2023":"Leeton","state_code_2021":"1"}},{"type":"Feature","geometry":{"type":"Polygon","coordinates":[[[153.0813,-28.7232],[153.0826,-28.7314],[153.0735,-28.7366],[153.0794,-28.7491],[153.1087,-28.7635],[153.1112,-28.775],[153.1479,-28.7839],[153.1385,-28.8146],[153.1646,-28.8247],[153.1876,-28.8463],[153.1762,-28.9033],[153.1792,-28.9181],[153.1731,-28.9224],[153.1883,-28.9282],[153.1986,-28.9211],[153.2075,-28.9308],[153.2251,-28.9283],[153.2418,-28.9469],[153.247,-28.9312],[153.2588,-28.9445],[153.2694,-28.9442],[153.2637,-28.952],[153.2725,-28.9514],[153.2799,-28.9698],[153.2904,-28.973],[153.286,-28.9818],[153.3005,-28.9945],[153.2977,-29.0037],[153.284,-29.0089],[153.2803,-29.0014],[153.269,-29.0129],[153.2855,-29.024],[153.279,-29.0363],[153.306,-29.0605],[153.327,-29.0391],[153.3348,-29.0447],[153.3285,-29.0594],[153.3355,-29.0706],[153.3735,-29.0611],[153.3824,-29.052],[153.3766,-29.0245],[153.3999,-28.999],[153.4177,-29.0169],[153.433,-29.01],[153.4358,-29.0011],[153.4229,-29.0001],[153.4207,-28.9925],[153.3894,-28.9693],[153.3848,-28.9554],[153.3755,-28.9539],[153.3812,-28.9225],[153.3874,-28.9232],[153.3886,-28.9167],[153.3625,-28.8919],[153.3656,-28.8748],[153.3812,-28.862],[153.3797,-28.8511],[153.3923,-28.8496],[153.3898,-28.8444],[153.3963,-28.843],[153.387,-28.8274],[153.3898,-28.812],[153.3823,-28.8078],[153.3837,-28.7973],[153.4022,-28.7851],[153.4268,-28.7945],[153.4246,-28.7836],[153.4374,-28.7832],[153.4466,-28.7732],[153.4416,-28.763],[153.45,-28.7571],[153.4463,-28.7449],[153.4353,-28.7476],[153.4265,-28.7384],[153.4222,-28.7451],[153.4067,-28.7431],[153.4121,-28.7206],[153.4071,-28.7199],[153.4092,-28.7078],[153.4006,-28.6986],[153.4077,-28.6862],[153.4241,-28.6934],[153.4266,-28.681],[153.4162,-28.6771],[153.416,-28.6714],[153.4191,-28.6619],[153.427,-28.6667],[153.4301,-28.6595],[153.4247,-28.6608],[153.4265,-28.6555],[153.4154,-28.6485],[153.4184,-28.6426],[153.4116,-28.641],[153.417,-28.6262],[153.4126,-28.6186],[153.3731,-28.614],[153.379,-28.5823],[153.3599,-28.5669],[153.3507,-28.5667],[153.3286,-28.5409],[153.2914,-28.5416],[153.2825,-28.516],[153.2554,-28.5272],[153.2472,-28.5158],[153.2057,-28.5265],[153.1838,-28.5222],[153.182,-28.5337],[153.1722,-28.5377],[153.1728,-28.5536],[153.1583,-28.5736],[153.1542,-28.5693],[153.1379,-28.5723],[153.1429,-28.589],[153.1316,-28.5886],[153.1182,-28.598],[153.1228,-28.6236],[153.1011,-28.6217],[153.0986,-28.6373],[153.0919,-28.6364],[153.0825,-28.668],[153.0882,-28.7036],[153.0779,-28.72],[153.0813,-28.7232]]]},"properties":{"lga_code_2023":"14850","lga_name_2023":"Lismore","state_code_2021":"1"}},{"type":"Feature","geometry":{"type":"Polygon","coordinates":[[[149.922,-33.478],[149.9078,-33.4936],[149.9071,-33.5103],[149.8717,-33.5091],[149.8655,-33.527],[149.8749,-33.5284],[149.8806,-33.5466],[149.8883,-33.5369],[149.8977,-33.5399],[149.8895,-33.5656],[149.9115,-33.5601],[149.9145,-33.5688],[149.9378,-33.5644],[149.9395,-33.573],[149.9326,-33.5789],[149.9373,-33.5806],[149.9347,-33.5865],[149.9434,-33.5874],[149.9373,-33.5918],[149.9499,-33.5951],[149.9609,-33.6158],[149.9742,-33.6151],[149.9773,-33.6288],[149.9684,-33.6341],[149.9731,-33.6319],[149.9874,-33.6563],[149.9851,-33.6664],[149.9754,-33.6612],[149.9719,-33.6649],[149.9759,-33.6825],[149.9844,-33.6884],[149.9764,-33.6886],[149.9651,-33.7066],[149.9683,-33.7278],[149.9842,-33.7434],[150.0031,-33.7433],[150.0295,-33.7607],[150.0455,-33.7465],[150.0482,-33.7201],[150.0634,-33.7143],[150.0958,-33.7391],[150.1225,-33.733],[150.1402,-33.7357],[150.1517,-33.7494],[150.1587,-33.74],[150.1801,-33.7459],[150.2124,-33.7212],[150.2072,-33.7141],[150.2014,-33.7181],[150.1956,-33.7129],[150.1792,-33.7221],[150.1775,-33.7161],[150.1847,-33.7103],[150.1811,-33.7044],[150.2076,-33.7085],[150.2148,-33.6748],[150.2289,-33.676],[150.2314,-33.663],[150.2481,-33.6641],[150.2378,-33.6512],[150.2405,-33.6386],[150.2619,-33.6417],[150.2665,-33.6223],[150.2708,-33.6229],[150.2432,-33.6024],[150.2448,-33.5944],[150.2369,-33.5933],[150.2395,-33.5818],[150.2255,-33.5717],[150.2248,-33.5603],[150.2122,-33.5585],[150.2156,-33.548],[150.2269,-33.5495],[150.2261,-33.5605],[150.2507,-33.558],[150.2568,-33.4943],[150.3147,-33.5044],[150.3119,-33.5201],[150.331,-33.5225],[150.3356,-33.5119],[150.3482,-33.509],[150.3474,-33.499],[150.3558,-33.4959],[150.3485,-33.4924],[150.3549,-33.4858],[150.3694,-33.4911],[150.3828,-33.4876],[150.3865,-33.4794],[150.3991,-33.4895],[150.3973,-33.4796],[150.4085,-33.4733],[150.4086,-33.4818],[150.4147,-33.4805],[150.4169,-33.4866],[150.4467,-33.4818],[150.4513,-33.4588],[150.4684,-33.4541],[150.46,-33.4493],[150.4792,-33.4298],[150.4758,-33.399],[150.485,-33.3974],[150.4878,-33.3868],[150.4823,-33.3827],[150.4892,-33.3773],[150.5256,-33.3757],[150.5411,-33.3635],[150.5588,-33.3662],[150.5666,-33.3557],[150.5748,-33.3578],[150.5828,-33.343],[150.5906,-33.3426],[150.582,-33.3307],[150.5838,-33.3219],[150.5515,-33.3153],[150.5667,-33.3063],[150.5575,-33.2908],[150.5756,-33.2896],[150.5532,-33.2748],[150.5543,-33.2657],[150.5626,-33.2653],[150.5604,-33.2569],[150.5439,-33.256],[150.5331,-33.2402],[150.5257,-33.239],[150.5315,-33.2242],[150.5443,-33.221],[150.5238,-33.1946],[150.5524,-33.1837],[150.5549,-33.1617],[150.5698,-33.1559],[150.5697,-33.168],[150.5836,-33.1681],[150.5898,-33.1603],[150.5866,-33.1477],[150.6099,-33.1434],[150.6105,-33.135],[150.5985,-33.1254],[150.6122,-33.1189],[150.6099,-33.1084],[150.6197,-33.11],[150.6175,-33.1039],[150.6016,-33.1006],[150.6108,-33.0989],[150.6071,-33.0897],[150.6135,-33.0892],[150.6098,-33.0837],[150.6142,-33.0735],[150.6056,-33.0739],[150.6108,-33.0663],[150.6047,-33.07],[150.5722,-33.0589],[150.5529,-33.0596],[150.5466,-33.0429],[150.5201,-33.0349],[150.4974,-33.0351],[150.4884,-33.0481],[150.4664,-33.0466],[150.464,-33.041],[150.4312,-33.0357],[150.4091,-33.0238],[150.3938,-33.0392],[150.3702,-33.0139],[150.3763,-32.9902],[150.3666,-32.9716],[150.3763,-32.9592],[150.3674,-32.9535],[150.3685,-32.9399],[150.3598,-32.9258],[150.3528,-32.9234],[150.3438,-32.8879],[150.3197,-32.8939],[150.3273,-32.8999],[150.3194,-32.9053],[150.2928,-32.9139],[150.283,-32.91],[150.28,-32.9203],[150.2627,-32.9061],[150.2356,-32.9024],[150.2314,-32.9075],[150.1725,-32.8807],[150.1623,-32.8897],[150.1482,-32.8876],[150.1434,-32.8801],[150.1211,-32.8888],[150.1162,-32.886],[150.1203,-32.8798],[150.1138,-32.8854],[150.0751,-32.8807],[150.0574,-32.8899],[150.0468,-32.9086],[150.0249,-32.901],[150.0113,-32.9069],[150.0004,-32.9651],[150.0098,-32.9663],[150.0119,-32.9794],[150.0218,-32.9869],[150.0175,-33.0036],[149.9859,-33.0118],[149.9388,-33.0014],[149.9367,-32.9956],[149.9312,-32.9992],[149.9229,-33.0293],[149.93,-33.0433],[149.9467,-33.0453],[149.9322,-33.0983],[149.9233,-33.0971],[149.9272,-33.1059],[149.9221,-33.1291],[149.896,-33.1457],[149.894,-33.1352],[149.8896,-33.1395],[149.8809,-33.1347],[149.8907,-33.1293],[149.8838,-33.1288],[149.8803,-33.1207],[149.876,-33.13],[149.8548,-33.1165],[149.836,-33.1231],[149.8343,-33.1104],[149.8073,-33.095],[149.8038,-33.1064],[149.7954,-33.1006],[149.7651,-33.1231],[149.7614,-33.1637],[149.7519,-33.1773],[149.7742,-33.1801],[149.7698,-33.197],[149.7806,-33.2086],[149.8024,-33.2064],[149.8144,-33.2235],[149.8301,-33.2257],[149.8221,-33.2479],[149.8081,-33.2535],[149.8364,-33.2574],[149.8277,-33.2999],[149.8214,-33.2989],[149.8323,-33.3237],[149.8838,-33.3505],[149.8854,-33.3707],[149.8955,-33.3679],[149.8976,-33.3773],[149.9137,-33.3771],[149.9114,-33.3996],[149.9019,-33.4064],[149.9061,-33.4135],[149.9019,-33.4381],[149.9194,-33.4406],[149.9129,-33.4765],[149.922,-33.478]]]},"properties":{"lga_code_2023":"14870","lga_name_2023":"Lithgow","state_code_2021":"1"}},{"type":"Feature","geometry":{"type":"Polygon","coordinates":[[[150.9498,-33.9054],[150.9173,-33.9039],[150.9078,-33.9142],[150.8571,-33.8944],[150.8646,-33.8835],[150.8522,-33.8834],[150.8398,-33.8747],[150.7954,-33.8809],[150.6983,-33.864],[150.6905,-33.8723],[150.6925,-33.8832],[150.6395,-33.8763],[150.6345,-33.9022],[150.6489,-33.9171],[150.6392,-33.9297],[150.6183,-33.9267],[150.6271,-33.9354],[150.618,-33.9546],[150.6232,-33.9602],[150.6326,-33.9534],[150.65,-33.9595],[150.6639,-33.9472],[150.7002,-33.9467],[150.7076,-33.9389],[150.7518,-33.9413],[150.8226,-33.952],[150.8151,-33.9679],[150.8212,-33.9762],[150.8284,-33.9735],[150.8445,-33.9845],[150.8868,-33.9582],[150.9132,-33.9648],[150.9078,-33.9904],[150.9126,-34.0003],[150.9015,-34.0072],[150.9069,-34.0175],[150.8929,-34.0195],[150.8892,-34.0046],[150.8867,-34.0321],[150.9481,-34.0411],[150.9517,-34.0235],[150.9684,-34.0258],[150.9806,-34.0171],[150.994,-33.9717],[150.9812,-33.9649],[150.9828,-33.9557],[150.9662,-33.9436],[150.9687,-33.9309],[150.979,-33.9292],[150.9741,-33.9103],[150.9604,-33.9052],[150.9669,-33.9024],[150.964,-33.899],[150.9498,-33.9054]]]},"properties":{"lga_code_2023":"14900","lga_name_2023":"Liverpool","state_code_2021":"1"}},{"type":"Feature","geometry":{"type":"Polygon","coordinates":[[[150.0788,-31.3381],[150.0066,-31.3208],[150.0056,-31.3262],[149.9867,-31.3293],[149.9987,-31.3446],[149.9992,-31.3616],[149.9881,-31.4274],[150.0044,-31.4296],[150.0023,-31.4456],[149.9703,-31.4582],[149.8829,-31.452],[149.8669,-31.5373],[149.9044,-31.5369],[149.9147,-31.5713],[149.8929,-31.5926],[149.9011,-31.6244],[149.8409,-31.6161],[149.8656,-31.638],[149.8636,-31.6696],[149.8797,-31.6925],[149.9067,-31.7072],[149.9302,-31.6984],[149.9417,-31.711],[149.947,-31.7023],[149.9655,-31.701],[149.9841,-31.7279],[149.9937,-31.7218],[149.9905,-31.714],[150.0044,-31.7026],[150.0139,-31.7048],[150.0137,-31.6976],[150.0275,-31.6934],[150.0283,-31.6852],[150.0309,-31.6915],[150.0522,-31.698],[150.0458,-31.7142],[150.0751,-31.7399],[150.1051,-31.7395],[150.1351,-31.7685],[150.1517,-31.7659],[150.1724,-31.795],[150.1842,-31.8012],[150.1851,-31.8137],[150.1994,-31.8237],[150.2418,-31.8255],[150.2547,-31.8359],[150.2937,-31.8489],[150.3117,-31.8337],[150.3346,-31.8254],[150.3582,-31.8314],[150.3677,-31.8425],[150.4075,-31.8334],[150.4431,-31.8548],[150.4575,-31.8515],[150.4863,-31.8311],[150.5062,-31.8344],[150.5466,-31.8582],[150.5675,-31.8441],[150.5942,-31.8467],[150.6039,-31.8416],[150.6119,-31.8477],[150.6276,-31.8381],[150.6349,-31.8447],[150.7234,-31.8386],[150.7302,-31.8137],[150.7129,-31.8047],[150.7171,-31.7976],[150.7355,-31.79],[150.7386,-31.7793],[150.7599,-31.7823],[150.7622,-31.7702],[150.779,-31.7656],[150.7771,-31.7571],[150.8023,-31.7332],[150.849,-31.7305],[150.8521,-31.7166],[150.8626,-31.7154],[150.8658,-31.6993],[150.8865,-31.7022],[150.8799,-31.689],[150.8868,-31.6888],[150.8892,-31.6969],[150.8995,-31.6911],[150.8958,-31.6814],[150.904,-31.6816],[150.9107,-31.6677],[150.8937,-31.6647],[150.9141,-31.6479],[150.9301,-31.6501],[150.932,-31.64],[150.9723,-31.6469],[150.9991,-31.635],[150.9915,-31.6206],[150.9985,-31.6034],[150.99,-31.5938],[150.9951,-31.5756],[150.9686,-31.5595],[150.9704,-31.551],[150.9491,-31.5337],[150.9397,-31.5156],[150.9206,-31.5131],[150.9232,-31.5],[150.9167,-31.499],[150.9052,-31.4631],[150.8995,-31.4563],[150.8812,-31.4529],[150.8655,-31.4177],[150.836,-31.4116],[150.8423,-31.4051],[150.8164,-31.4014],[150.822,-31.3805],[150.8148,-31.3654],[150.8199,-31.3629],[150.7912,-31.3588],[150.7906,-31.3419],[150.7843,-31.341],[150.7813,-31.3316],[150.7734,-31.3341],[150.7748,-31.3276],[150.7897,-31.3275],[150.7881,-31.3119],[150.7947,-31.3056],[150.778,-31.3029],[150.7847,-31.2686],[150.7754,-31.2717],[150.7777,-31.2603],[150.7671,-31.2472],[150.7807,-31.2364],[150.7498,-31.2344],[150.7547,-31.2101],[150.7279,-31.2062],[150.7306,-31.1928],[150.7188,-31.1833],[150.7028,-31.185],[150.6917,-31.1784],[150.6712,-31.144],[150.649,-31.1242],[150.6405,-31.1248],[150.6398,-31.1154],[150.6151,-31.0855],[150.5924,-31.0822],[150.5809,-31.1412],[150.5905,-31.1425],[150.5895,-31.1473],[150.5797,-31.1471],[150.5714,-31.2082],[150.5867,-31.2104],[150.5855,-31.2176],[150.5802,-31.2223],[150.562,-31.2173],[150.5605,-31.2253],[150.5623,-31.2359],[150.5838,-31.2285],[150.5737,-31.2814],[150.5504,-31.2781],[150.5498,-31.3192],[150.5461,-31.3292],[150.5377,-31.3281],[150.5346,-31.3431],[150.5498,-31.344],[150.5433,-31.3629],[150.5182,-31.3583],[150.5167,-31.3667],[150.5057,-31.3673],[150.5076,-31.3569],[150.498,-31.3556],[150.4988,-31.351],[150.4855,-31.3492],[150.4842,-31.3562],[150.4683,-31.354],[150.4696,-31.347],[150.4195,-31.34],[150.4344,-31.3654],[150.4296,-31.3844],[150.4346,-31.3933],[150.4189,-31.391],[150.4177,-31.3976],[150.3825,-31.3927],[150.3837,-31.3861],[150.3707,-31.3823],[150.3519,-31.3845],[150.351,-31.3893],[150.2859,-31.3738],[150.2265,-31.3697],[150.2003,-31.3629],[150.2017,-31.3541],[150.1929,-31.353],[150.192,-31.3584],[150.161,-31.355],[150.1594,-31.3138],[150.1515,-31.3128],[150.1486,-31.3038],[150.1563,-31.2423],[150.1633,-31.2433],[150.1653,-31.233],[150.1448,-31.2367],[150.1477,-31.2252],[150.1383,-31.2239],[150.1347,-31.2443],[150.1034,-31.24],[150.0788,-31.3381]]]},"properties":{"lga_code_2023":"14920","lga_name_2023":"Liverpool Plains","state_code_2021":"1"}},{"type":"Feature","geometry":{"type":"Polygon","coordinates":[[[146.4358,-35.2014],[146.3893,-35.2317],[146.3864,-35.2474],[146.4137,-35.2505],[146.4038,-35.3045],[146.3925,-35.303],[146.3888,-35.3229],[146.3729,-35.321],[146.3699,-35.3372],[146.364,-35.3377],[146.3542,-35.3878],[146.3651,-35.3893],[146.3808,-35.4057],[146.3915,-35.4304],[146.4312,-35.475],[146.5401,-35.4872],[146.6698,-35.5203],[146.6623,-35.5478],[146.7023,-35.5617],[146.7961,-35.575],[146.7977,-35.5663],[146.8884,-35.5732],[146.8909,-35.5605],[146.9009,-35.5605],[146.9116,-35.5475],[146.9222,-35.5471],[146.9555,-35.5231],[146.9912,-35.5168],[146.9939,-35.4893],[147.0166,-35.4939],[147.0402,-35.4842],[147.0518,-35.4703],[147.0712,-35.4606],[147.0702,-35.453],[147.1053,-35.4527],[147.1218,-35.4562],[147.1324,-35.4679],[147.1578,-35.4692],[147.1639,-35.4387],[147.1786,-35.4418],[147.1856,-35.4315],[147.1765,-35.4303],[147.179,-35.4174],[147.1667,-35.4158],[147.1814,-35.3892],[147.1796,-35.3798],[147.1655,-35.378],[147.1682,-35.3636],[147.1776,-35.3648],[147.1839,-35.3448],[147.1949,-35.342],[147.1977,-35.3273],[147.2139,-35.3447],[147.2153,-35.3371],[147.2314,-35.3359],[147.2315,-35.3039],[147.1853,-35.2908],[147.1575,-35.2611],[147.1409,-35.2541],[147.1468,-35.2474],[147.1388,-35.2465],[147.1493,-35.1809],[147.0582,-35.1692],[147.0508,-35.1872],[147.0323,-35.1878],[146.9905,-35.1747],[146.9355,-35.1711],[146.9302,-35.1616],[146.8561,-35.1807],[146.8596,-35.1726],[146.8438,-35.1766],[146.843,-35.1499],[146.8324,-35.1484],[146.8283,-35.1327],[146.805,-35.1219],[146.7945,-35.1055],[146.7703,-35.0973],[146.772,-35.0877],[146.7615,-35.0764],[146.6885,-35.068],[146.6609,-35.0897],[146.6252,-35.1007],[146.615,-35.1145],[146.5646,-35.1186],[146.4513,-35.1912],[146.4483,-35.1872],[146.4358,-35.2014]]]},"properties":{"lga_code_2023":"14950","lga_name_2023":"Lockhart","state_code_2021":"1"}},{"type":"Feature","geometry":{"type":"Polygon","coordinates":[[[151.6428,-32.7195],[151.6463,-32.7056],[151.6285,-32.7053],[151.6111,-32.6916],[151.6038,-32.6792],[151.6078,-32.6727],[151.5962,-32.665],[151.5936,-32.6561],[151.6028,-32.6536],[151.6049,-32.6299],[151.5046,-32.6153],[151.5055,-32.6107],[151.4987,-32.6146],[151.4734,-32.6057],[151.4708,-32.6182],[151.4512,-32.6155],[151.4525,-32.6087],[151.4459,-32.6078],[151.4409,-32.6156],[151.4306,-32.6156],[151.4339,-32.6242],[151.4244,-32.6462],[151.4031,-32.6613],[151.4005,-32.7028],[151.4235,-32.7235],[151.4204,-32.7394],[151.4459,-32.7429],[151.4495,-32.7258],[151.4669,-32.7281],[151.4629,-32.7467],[151.4946,-32.7517],[151.4894,-32.7753],[151.5252,-32.7771],[151.5206,-32.7985],[151.5377,-32.8011],[151.5417,-32.7829],[151.6108,-32.7922],[151.6077,-32.808],[151.6246,-32.8105],[151.6286,-32.7898],[151.6387,-32.7967],[151.6453,-32.7968],[151.6468,-32.7896],[151.6572,-32.7985],[151.7058,-32.8051],[151.6955,-32.7892],[151.7165,-32.7838],[151.7436,-32.7569],[151.738,-32.753],[151.7284,-32.76],[151.7215,-32.7458],[151.7242,-32.7349],[151.6873,-32.727],[151.6691,-32.7415],[151.6428,-32.7195]]]},"properties":{"lga_code_2023":"15050","lga_name_2023":"Maitland","state_code_2021":"1"}},{"type":"Feature","geometry":{"type":"MultiPolygon","coordinates":[[[[152.5725,-31.6855],[152.5568,-31.68],[152.5578,-31.6748],[152.5358,-31.6711],[152.5369,-31.6653],[152.5017,-31.6609],[152.5029,-31.6371],[152.4648,-31.6405],[152.4605,-31.6472],[152.4503,-31.6452],[152.4393,-31.6528],[152.4201,-31.6459],[152.4072,-31.6682],[152.3917,-31.665],[152.3949,-31.6559],[152.3822,-31.65],[152.3505,-31.6499],[152.3561,-31.625],[152.347,-31.6237],[152.3484,-31.6163],[152.3352,-31.6144],[152.3332,-31.6231],[152.3094,-31.627],[152.3175,-31.6016],[152.3492,-31.5764],[152.3383,-31.5687],[152.3424,-31.5577],[152.3327,-31.5552],[152.3425,-31.5518],[152.3313,-31.5406],[152.3449,-31.531],[152.3428,-31.525],[152.332,-31.525],[152.3348,-31.5156],[152.3211,-31.5122],[152.3052,-31.513],[152.2957,-31.5246],[152.2896,-31.519],[152.2806,-31.5238],[152.2712,-31.499],[152.2548,-31.4872],[152.2377,-31.5088],[152.2175,-31.5073],[152.2097,-31.5294],[152.2132,-31.5333],[152.2056,-31.54],[152.1982,-31.5382],[152.1782,-31.5192],[152.188,-31.479],[152.1773,-31.4747],[152.177,-31.4565],[152.1606,-31.4444],[152.1473,-31.4431],[152.154,-31.4794],[152.1657,-31.5001],[152.1641,-31.5171],[151.9128,-31.4767],[151.9153,-31.4838],[151.9092,-31.4877],[151.9158,-31.5101],[151.8446,-31.4995],[151.8428,-31.509],[151.8024,-31.505],[151.7893,-31.5149],[151.7616,-31.5112],[151.7533,-31.5143],[151.7585,-31.5354],[151.7866,-31.5478],[151.7882,-31.5593],[151.8025,-31.5739],[151.783,-31.5856],[151.7816,-31.5926],[151.7753,-31.5904],[151.7567,-31.6018],[151.7569,-31.6382],[151.74,-31.6359],[151.713,-31.6206],[151.6906,-31.6226],[151.6919,-31.6145],[151.6821,-31.6088],[151.6571,-31.6133],[151.6526,-31.6027],[151.6336,-31.6152],[151.6247,-31.6068],[151.6101,-31.608],[151.6014,-31.5956],[151.5842,-31.6048],[151.5766,-31.6023],[151.5694,-31.61],[151.5356,-31.5961],[151.5209,-31.6649],[151.5233,-31.6835],[151.5348,-31.6941],[151.5177,-31.7693],[151.531,-31.7703],[151.5541,-31.7873],[151.594,-31.7896],[151.5849,-31.8375],[151.5769,-31.8547],[151.5637,-31.8615],[151.5509,-31.8598],[151.557,-31.8557],[151.5525,-31.8473],[151.5356,-31.8455],[151.5159,-31.8528],[151.5132,-31.8684],[151.4937,-31.8759],[151.4853,-31.8926],[151.4691,-31.8969],[151.4504,-31.9442],[151.4416,-31.9518],[151.4487,-31.9617],[151.4465,-31.9734],[151.4547,-31.996],[151.4386,-32.0172],[151.421,-32.022],[151.4029,-32.0414],[151.4379,-32.0542],[151.4655,-32.0565],[151.4892,-32.0507],[151.5214,-32.0689],[151.5457,-32.0737],[151.5943,-32.1059],[151.6218,-32.0962],[151.6483,-32.1006],[151.6501,-32.1128],[151.6695,-32.1186],[151.6892,-32.1475],[151.6982,-32.1764],[151.6958,-32.194],[151.7311,-32.2282],[151.7296,-32.2374],[151.7511,-32.2456],[151.761,-32.2645],[151.7732,-32.2636],[151.7794,-32.2486],[151.8085,-32.2465],[151.8227,-32.2976],[151.8211,-32.3131],[151.8291,-32.3226],[151.85,-32.3256],[151.8386,-32.3901],[151.8429,-32.4104],[151.8655,-32.4111],[151.8726,-32.4231],[151.8867,-32.4265],[151.9023,-32.4188],[151.9058,-32.4415],[151.9174,-32.442],[151.9187,-32.448],[151.9052,-32.4567],[151.9033,-32.4699],[151.8926,-32.474],[151.8735,-32.5903],[151.8629,-32.5887],[151.8577,-32.6136],[151.8988,-32.6136],[151.8998,-32.6092],[151.9569,-32.6153],[151.9691,-32.6541],[151.9843,-32.6649],[151.9917,-32.6596],[151.9934,-32.6687],[152.0239,-32.6691],[152.0298,-32.664],[152.0346,-32.6768],[152.043,-32.6797],[152.0438,-32.6604],[152.0615,-32.65],[152.0614,-32.6696],[152.0504,-32.6765],[152.0563,-32.6829],[152.0658,-32.6815],[152.059,-32.6866],[152.0715,-32.6893],[152.1144,-32.6811],[152.1219,-32.6578],[152.1377,-32.671],[152.1276,-32.6761],[152.1295,-32.6857],[152.1399,-32.6858],[152.1455,-32.6774],[152.1581,-32.6826],[152.1731,-32.6783],[152.1918,-32.7005],[152.205,-32.7012],[152.2087,-32.6956],[152.1919,-32.6943],[152.1867,-32.6854],[152.1957,-32.6479],[152.2313,-32.6158],[152.285,-32.5948],[152.3029,-32.5593],[152.3356,-32.5271],[152.4189,-32.4825],[152.4791,-32.4609],[152.5197,-32.455],[152.5212,-32.4471],[152.5399,-32.4435],[152.5375,-32.4336],[152.5196,-32.4283],[152.5163,-32.4085],[152.5227,-32.3881],[152.5337,-32.3798],[152.5299,-32.3707],[152.5345,-32.3556],[152.5517,-32.3346],[152.5462,-32.3274],[152.5364,-32.329],[152.5234,-32.3117],[152.5237,-32.2944],[152.5367,-32.2593],[152.5664,-32.2295],[152.5709,-32.2156],[152.5432,-32.2016],[152.5362,-32.1828],[152.5089,-32.1724],[152.5057,-32.1451],[152.5128,-32.117],[152.5479,-32.0736],[152.5416,-32.0464],[152.5479,-32.0281],[152.5695,-32.01],[152.5659,-32.004],[152.6088,-31.9471],[152.691,-31.8777],[152.7546,-31.8451],[152.7522,-31.839],[152.7434,-31.8424],[152.7359,-31.8351],[152.7368,-31.8092],[152.764,-31.7688],[152.8057,-31.7301],[152.7472,-31.721],[152.7355,-31.7245],[152.7447,-31.717],[152.7301,-31.7008],[152.7215,-31.7095],[152.6285,-31.6941],[152.5948,-31.6952],[152.5725,-31.6855]]],[[[152.228,-32.7057],[152.2262,-32.709],[152.2313,-32.7099],[152.228,-32.7057]]],[[[152.2419,-32.7011],[152.243,-32.7017],[152.2433,-32.7002],[152.2419,-32.7011]]],[[[152.3309,-32.619],[152.3362,-32.6248],[152.3361,-32.6198],[152.3309,-32.619]]],[[[152.2258,-32.6924],[152.2255,-32.6924],[152.2255,-32.693],[152.2258,-32.6924]]],[[[152.225,-32.693],[152.2253,-32.6925],[152.225,-32.6926],[152.225,-32.693]]],[[[152.2226,-32.6893],[152.2287,-32.6872],[152.2228,-32.684],[152.2226,-32.6893]]],[[[152.2247,-32.693],[152.2249,-32.6932],[152.2248,-32.6927],[152.2247,-32.693]]],[[[152.3194,-32.627],[152.3194,-32.6275],[152.3199,-32.6273],[152.3194,-32.627]]],[[[152.3187,-32.6283],[152.3189,-32.6283],[152.3188,-32.6282],[152.3187,-32.6283]]],[[[152.3236,-32.6156],[152.3053,-32.6072],[152.312,-32.6268],[152.3192,-32.6279],[152.3151,-32.6185],[152.3261,-32.6204],[152.3236,-32.6156]]],[[[152.3164,-32.6301],[152.3179,-32.6305],[152.3174,-32.6277],[152.3164,-32.6301]]],[[[152.3177,-32.624],[152.3188,-32.6246],[152.3181,-32.6239],[152.3177,-32.624]]],[[[152.5522,-32.4633],[152.5534,-32.4632],[152.5531,-32.4618],[152.5522,-32.4633]]],[[[152.5412,-32.4479],[152.5429,-32.4476],[152.5416,-32.4471],[152.5412,-32.4479]]],[[[152.5481,-32.0711],[152.549,-32.0718],[152.5487,-32.0709],[152.5481,-32.0711]]],[[[152.5449,-32.0805],[152.5461,-32.0808],[152.5456,-32.0802],[152.5449,-32.0805]]]]},"properties":{"lga_code_2023":"15240","lga_name_2023":"Mid-Coast","state_code_2021":"1"}},{"type":"Feature","geometry":{"type":"Polygon","coordinates":[[[149.6129,-32.1233],[149.6026,-32.1269],[149.5818,-32.1114],[149.5732,-32.0864],[149.5328,-32.0895],[149.5003,-32.0732],[149.495,-32.1021],[149.4797,-32.1088],[149.4801,-32.0942],[149.4725,-32.0933],[149.4707,-32.1035],[149.415,-32.0956],[149.4123,-32.1061],[149.4283,-32.124],[149.4291,-32.1354],[149.4118,-32.1382],[149.4175,-32.1555],[149.4133,-32.1755],[149.3968,-32.1768],[149.3847,-32.1932],[149.3731,-32.1899],[149.3737,-32.2158],[149.361,-32.2204],[149.3398,-32.2564],[149.3265,-32.2604],[149.3352,-32.2851],[149.321,-32.2868],[149.3051,-32.3047],[149.2933,-32.3027],[149.2854,-32.2886],[149.2422,-32.2991],[149.234,-32.2933],[149.2131,-32.297],[149.1996,-32.3072],[149.1894,-32.3259],[149.1929,-32.3332],[149.1828,-32.3365],[149.1845,-32.3429],[149.1765,-32.3498],[149.1856,-32.3622],[149.1779,-32.3671],[149.1732,-32.4019],[149.2127,-32.4053],[149.2146,-32.3951],[149.2571,-32.3993],[149.2546,-32.4107],[149.2717,-32.4149],[149.2691,-32.4248],[149.2849,-32.4341],[149.2812,-32.449],[149.2707,-32.4437],[149.2551,-32.4477],[149.2668,-32.4709],[149.2752,-32.4757],[149.2599,-32.4786],[149.2612,-32.4848],[149.2664,-32.493],[149.2787,-32.4874],[149.281,-32.498],[149.2974,-32.4956],[149.2905,-32.5048],[149.2753,-32.5088],[149.2829,-32.5224],[149.2703,-32.5473],[149.2597,-32.5459],[149.2687,-32.5712],[149.2505,-32.579],[149.2507,-32.5982],[149.2341,-32.5962],[149.2313,-32.6056],[149.2533,-32.6092],[149.2646,-32.6219],[149.2654,-32.6339],[149.2961,-32.6453],[149.3032,-32.6715],[149.2774,-32.6954],[149.2897,-32.6972],[149.2848,-32.7218],[149.2908,-32.7293],[149.2804,-32.7749],[149.2795,-32.7873],[149.287,-32.7883],[149.2816,-32.8185],[149.2381,-32.8126],[149.245,-32.819],[149.213,-32.8244],[149.2343,-32.8507],[149.2183,-32.8666],[149.2315,-32.8843],[149.2245,-32.9143],[149.2462,-32.9194],[149.2493,-32.9063],[149.2661,-32.8994],[149.2819,-32.9237],[149.2731,-32.9373],[149.2811,-32.9469],[149.2749,-32.9558],[149.2373,-32.9701],[149.2517,-32.984],[149.2521,-32.9918],[149.2318,-32.9953],[149.2493,-33.0129],[149.2762,-33.0154],[149.2805,-33.0082],[149.2797,-33.0362],[149.2741,-33.0442],[149.2967,-33.0609],[149.3131,-33.055],[149.3349,-33.0674],[149.3529,-33.0515],[149.3532,-33.0357],[149.3642,-33.0318],[149.3625,-33.0204],[149.3785,-33.0083],[149.3836,-32.9918],[149.4017,-32.9988],[149.403,-32.9761],[149.4198,-32.9783],[149.4275,-32.9856],[149.4569,-32.9596],[149.4566,-32.9486],[149.4606,-32.958],[149.4847,-32.9601],[149.4967,-32.9803],[149.5011,-32.9754],[149.5267,-32.9794],[149.5391,-32.9719],[149.5551,-32.9842],[149.5874,-32.9883],[149.5865,-32.9938],[149.6147,-32.9948],[149.6162,-32.9867],[149.641,-32.9902],[149.6509,-32.9955],[149.6416,-33.0042],[149.6386,-33.0202],[149.6464,-33.0209],[149.6542,-33.0318],[149.64,-33.0383],[149.6503,-33.0389],[149.647,-33.0445],[149.6618,-33.052],[149.6499,-33.0627],[149.6508,-33.069],[149.6632,-33.0713],[149.6622,-33.0777],[149.6771,-33.0759],[149.6832,-33.0812],[149.6865,-33.0748],[149.7192,-33.0977],[149.7334,-33.0955],[149.7386,-33.1057],[149.7639,-33.0991],[149.7739,-33.1166],[149.7954,-33.1006],[149.8038,-33.1064],[149.8085,-33.095],[149.8343,-33.1104],[149.836,-33.1231],[149.8548,-33.1165],[149.876,-33.13],[149.8803,-33.1207],[149.8838,-33.1288],[149.8907,-33.1293],[149.8809,-33.1347],[149.8896,-33.1395],[149.894,-33.1352],[149.8971,-33.1458],[149.9224,-33.1287],[149.9272,-33.1059],[149.9233,-33.0971],[149.9322,-33.0983],[149.9393,-33.0593],[149.9441,-33.0599],[149.9467,-33.0453],[149.93,-33.0433],[149.9229,-33.0293],[149.9312,-32.9992],[149.9367,-32.9956],[149.9388,-33.0014],[149.9859,-33.0118],[150.0175,-33.0036],[150.0218,-32.9869],[150.0119,-32.9794],[150.0098,-32.9663],[150.0004,-32.9651],[150.0113,-32.9069],[150.0249,-32.901],[150.0468,-32.9086],[150.0574,-32.8899],[150.0751,-32.8807],[150.1138,-32.8854],[150.1203,-32.8798],[150.1162,-32.886],[150.1211,-32.8888],[150.1434,-32.8801],[150.1482,-32.8876],[150.1623,-32.8897],[150.1725,-32.8807],[150.2314,-32.9075],[150.2356,-32.9024],[150.2627,-32.9061],[150.28,-32.9203],[150.283,-32.91],[150.2928,-32.9139],[150.32,-32.9051],[150.3273,-32.8999],[150.3197,-32.8939],[150.3407,-32.8885],[150.3354,-32.8821],[150.3409,-32.8707],[150.3616,-32.8678],[150.3626,-32.8458],[150.3494,-32.8183],[150.3385,-32.809],[150.3412,-32.7938],[150.2888,-32.7653],[150.2754,-32.7475],[150.2772,-32.7323],[150.2908,-32.7209],[150.2969,-32.6916],[150.3081,-32.6652],[150.3193,-32.6608],[150.3202,-32.6479],[150.2512,-32.6153],[150.2277,-32.6123],[150.2394,-32.6011],[150.2595,-32.5977],[150.266,-32.5777],[150.2368,-32.574],[150.2475,-32.55],[150.2418,-32.5384],[150.2487,-32.5236],[150.2401,-32.4982],[150.2476,-32.4832],[150.2373,-32.4798],[150.2272,-32.4562],[150.2485,-32.4604],[150.2674,-32.4494],[150.2799,-32.4219],[150.3185,-32.4092],[150.3145,-32.3937],[150.3194,-32.3884],[150.309,-32.3859],[150.3053,-32.3735],[150.2871,-32.3869],[150.2815,-32.3835],[150.2876,-32.3797],[150.2843,-32.3745],[150.2763,-32.3815],[150.2668,-32.3769],[150.2585,-32.3578],[150.2643,-32.3547],[150.2597,-32.3386],[150.2708,-32.3235],[150.2517,-32.325],[150.2622,-32.3165],[150.2528,-32.3098],[150.255,-32.3028],[150.2453,-32.313],[150.2369,-32.3081],[150.2216,-32.3148],[150.2162,-32.3233],[150.2082,-32.3188],[150.2064,-32.3255],[150.2176,-32.3377],[150.208,-32.3395],[150.1969,-32.3326],[150.1893,-32.35],[150.1873,-32.3334],[150.1798,-32.3337],[150.1652,-32.32],[150.1638,-32.3325],[150.1553,-32.327],[150.1425,-32.3415],[150.1329,-32.3369],[150.0667,-32.3438],[150.0679,-32.3561],[150.054,-32.351],[150.0396,-32.3282],[150.029,-32.3331],[150.0321,-32.3155],[150.0217,-32.3043],[150.028,-32.2915],[150.0356,-32.2952],[150.0329,-32.2882],[150.043,-32.2842],[150.0421,-32.2614],[150.0532,-32.2584],[150.0441,-32.2442],[150.0582,-32.251],[150.063,-32.2458],[150.0553,-32.2391],[150.0603,-32.2273],[150.0479,-32.2215],[150.0627,-32.2081],[150.0702,-32.1885],[150.063,-32.1841],[150.0601,-32.1931],[150.0533,-32.1882],[150.045,-32.1936],[150.0366,-32.189],[150.0365,-32.2016],[150.0278,-32.206],[150.0348,-32.1959],[150.0269,-32.1949],[150.0301,-32.189],[150.0231,-32.1836],[150.014,-32.1866],[150.0095,-32.1627],[150.0011,-32.1616],[149.9851,-32.1706],[149.9826,-32.1847],[149.9608,-32.1819],[149.9646,-32.1602],[149.9393,-32.157],[149.9481,-32.1349],[149.9207,-32.1375],[149.9219,-32.1301],[149.9303,-32.1311],[149.9323,-32.1192],[149.8934,-32.1197],[149.8935,-32.1052],[149.8923,-32.1127],[149.8498,-32.1092],[149.8452,-32.117],[149.846,-32.1061],[149.8194,-32.1036],[149.8208,-32.0964],[149.8125,-32.0907],[149.7952,-32.0927],[149.7957,-32.0581],[149.7785,-32.0776],[149.7776,-32.0916],[149.7629,-32.0893],[149.7518,-32.0996],[149.7508,-32.1198],[149.6819,-32.1111],[149.6717,-32.1219],[149.6382,-32.1127],[149.6129,-32.1233]]]},"properties":{"lga_code_2023":"15270","lga_name_2023":"Mid-Western","state_code_2021":"1"}},{"type":"Feature","geometry":{"type":"Polygon","coordinates":[[[150.4619,-28.668],[150.4404,-28.6637],[150.4239,-28.6504],[150.4144,-28.652],[150.4159,-28.6355],[150.4022,-28.6273],[150.3892,-28.6342],[150.3867,-28.626],[150.3701,-28.6211],[150.3703,-28.6105],[150.3633,-28.6074],[150.3682,-28.5983],[150.3628,-28.5891],[150.3515,-28.5867],[150.3506,-28.5751],[150.3279,-28.5711],[150.3202,-28.557],[150.2901,-28.5372],[150.2356,-28.5539],[150.2386,-28.56],[150.2299,-28.5557],[150.2337,-28.5608],[150.2285,-28.5678],[150.2137,-28.5672],[150.2126,-28.5743],[150.1918,-28.5667],[150.1864,-28.573],[150.1811,-28.5691],[150.1858,-28.5651],[150.1773,-28.5634],[150.1826,-28.5565],[150.1705,-28.5635],[150.1687,-28.5506],[150.1543,-28.5574],[150.1525,-28.5502],[150.1385,-28.5655],[150.1364,-28.56],[150.1316,-28.5656],[150.1216,-28.5596],[150.1111,-28.5703],[150.0922,-28.5641],[150.0928,-28.5784],[150.0809,-28.5775],[150.08,-28.5843],[150.0726,-28.5766],[150.0581,-28.579],[150.0488,-28.5894],[150.0457,-28.5823],[150.0362,-28.5862],[150.0269,-28.579],[150.0154,-28.5805],[149.9772,-28.6136],[149.9722,-28.6081],[149.9627,-28.6125],[149.9509,-28.6083],[149.9421,-28.6184],[149.9361,-28.6104],[149.9173,-28.6081],[149.8996,-28.6222],[149.8938,-28.616],[149.8895,-28.6189],[149.8905,-28.6127],[149.8775,-28.612],[149.8741,-28.6035],[149.868,-28.6075],[149.8621,-28.6024],[149.8449,-28.6106],[149.8314,-28.6038],[149.8194,-28.6168],[149.8117,-28.6061],[149.7838,-28.6144],[149.7725,-28.6093],[149.7726,-28.6145],[149.7599,-28.6155],[149.7547,-28.6099],[149.745,-28.6187],[149.7418,-28.6134],[149.7263,-28.6158],[149.7295,-28.6109],[149.7212,-28.6094],[149.7233,-28.6131],[149.704,-28.6167],[149.7102,-28.6204],[149.7033,-28.6254],[149.7043,-28.6338],[149.6911,-28.6343],[149.6895,-28.6284],[149.678,-28.635],[149.6663,-28.6319],[149.6732,-28.6239],[149.6607,-28.6097],[149.6563,-28.6159],[149.6476,-28.6123],[149.6421,-28.5992],[149.6254,-28.5936],[149.611,-28.6011],[149.6049,-28.5977],[149.606,-28.5877],[149.5977,-28.5889],[149.5976,-28.5789],[149.5689,-28.5715],[149.5529,-28.5809],[149.5294,-28.5744],[149.5138,-28.5819],[149.5037,-28.5743],[149.5029,-28.5807],[149.4812,-28.5827],[149.4754,-28.5938],[149.4558,-28.5927],[149.4518,-28.6042],[149.439,-28.6117],[149.4431,-28.6202],[149.4282,-28.6294],[149.4309,-28.6431],[149.4168,-28.6513],[149.4233,-28.6551],[149.4171,-28.6547],[149.4054,-28.6754],[149.3938,-28.6775],[149.3875,-28.6962],[149.3787,-28.6885],[149.3759,-28.6928],[149.3689,-28.6874],[149.3669,-28.6924],[149.3586,-28.6841],[149.3466,-28.6968],[149.3306,-28.6973],[149.3286,-28.7074],[149.32,-28.7059],[149.3184,-28.7139],[149.2967,-28.7097],[149.2824,-28.7281],[149.2857,-28.7319],[149.2719,-28.7332],[149.2693,-28.7433],[149.2621,-28.7341],[149.2536,-28.7422],[149.2453,-28.739],[149.2432,-28.7471],[149.2304,-28.7507],[149.2246,-28.7647],[149.2142,-28.7634],[149.1886,-28.7751],[149.1924,-28.7807],[149.1861,-28.782],[149.1868,-28.7941],[149.1792,-28.803],[149.16,-28.8109],[149.1396,-28.8067],[149.1435,-28.8223],[149.1279,-28.8355],[149.1119,-28.83],[149.1032,-28.8386],[149.0968,-28.8316],[149.0807,-28.8419],[149.08,-28.8582],[149.055,-28.8844],[149.064,-28.8891],[149.0577,-28.8936],[149.0584,-28.911],[149.045,-28.9206],[149.0456,-28.9346],[149.0316,-28.9569],[149.0116,-28.9555],[148.9971,-28.9728],[148.9715,-28.9785],[148.9556,-29.0029],[148.9584,-29.0069],[148.947,-29.0111],[148.9418,-29.0246],[148.9149,-29.0201],[148.905,-29.0262],[148.8982,-29.02],[148.8883,-29.0365],[148.8775,-29.0321],[148.8761,-29.0436],[148.8669,-29.0412],[148.8589,-29.051],[148.8507,-29.0514],[148.8495,-29.0639],[148.842,-29.0697],[148.8253,-29.067],[148.8127,-29.0844],[148.8177,-29.0934],[148.811,-29.092],[148.8052,-29.0994],[148.8079,-29.1216],[148.7993,-29.1299],[148.804,-29.1382],[148.797,-29.1404],[148.7984,-29.1659],[148.8079,-29.1705],[148.8087,-29.1776],[148.8026,-29.1779],[148.8058,-29.1828],[148.7991,-29.1895],[148.7963,-29.1819],[148.7659,-29.192],[148.7679,-29.2082],[148.7588,-29.2086],[148.7626,-29.213],[148.7542,-29.2171],[148.75,-29.2382],[148.733,-29.2526],[148.7413,-29.262],[148.738,-29.268],[148.7321,-29.2639],[148.7333,-29.2748],[148.7209,-29.2817],[148.7279,-29.2999],[148.7148,-29.2968],[148.7227,-29.3157],[148.7123,-29.3135],[148.7059,-29.3311],[148.6966,-29.3262],[148.6986,-29.3467],[148.6889,-29.3523],[148.7038,-29.362],[148.693,-29.365],[148.6975,-29.375],[148.6877,-29.3785],[148.6837,-29.3887],[148.7047,-29.39],[148.7145,-29.4123],[148.7082,-29.4148],[148.7158,-29.4208],[148.6944,-29.4319],[148.6987,-29.4397],[148.6919,-29.4453],[148.6971,-29.4491],[148.6895,-29.4513],[148.6791,-29.4768],[148.6866,-29.4953],[148.6762,-29.5098],[148.6914,-29.5051],[148.6895,-29.5107],[148.707,-29.5162],[148.7171,-29.5083],[148.7277,-29.5141],[148.7362,-29.5036],[148.7517,-29.5098],[148.7623,-29.5004],[148.8004,-29.5057],[148.816,-29.4898],[148.8387,-29.4982],[148.8508,-29.4913],[148.8519,-29.4969],[148.863,-29.4898],[148.8701,-29.4935],[148.869,-29.4855],[148.9012,-29.4752],[148.8769,-29.6213],[148.8799,-29.6292],[149.0888,-29.7125],[149.0828,-29.7493],[149.3918,-29.79],[149.4146,-29.7839],[149.4196,-29.7904],[149.4762,-29.7982],[149.4851,-29.7942],[149.516,-29.8144],[149.5322,-29.8112],[149.5515,-29.8174],[149.5823,-29.809],[149.5825,-29.8023],[149.5912,-29.7991],[149.6035,-29.801],[149.6144,-29.7869],[149.6223,-29.7886],[149.6472,-29.7749],[149.6463,-29.78],[149.663,-29.7823],[149.6588,-29.806],[149.6915,-29.8105],[149.6892,-29.8234],[149.7068,-29.8212],[149.7129,-29.8182],[149.7215,-29.7786],[149.759,-29.7835],[149.7527,-29.8236],[149.763,-29.8319],[149.789,-29.8376],[149.7897,-29.8764],[149.9105,-29.8847],[149.8994,-29.9211],[149.9031,-29.9321],[149.9179,-29.9341],[149.9154,-29.9478],[149.9272,-29.9494],[149.9237,-29.9626],[149.9855,-29.9834],[150.0305,-29.9881],[150.0359,-29.9957],[150.0287,-30.0028],[150.0392,-30.0004],[150.0558,-30.0237],[150.0502,-30.0557],[150.0588,-30.0569],[150.0658,-30.0755],[150.0623,-30.0882],[150.0742,-30.105],[150.1228,-30.0695],[150.1406,-30.0872],[150.1611,-30.0814],[150.172,-30.063],[150.1975,-30.0626],[150.2334,-30.023],[150.2362,-30.0125],[150.2488,-30.0103],[150.2501,-29.9926],[150.2726,-29.9894],[150.2846,-29.9967],[150.2929,-29.9905],[150.2907,-29.967],[150.3028,-29.9535],[150.3002,-29.922],[150.3138,-29.8967],[150.2912,-29.8613],[150.3074,-29.8184],[150.2986,-29.8173],[150.2995,-29.8083],[150.2907,-29.8027],[150.2873,-29.787],[150.2944,-29.7559],[150.288,-29.7498],[150.2981,-29.7442],[150.3025,-29.7318],[150.2878,-29.7219],[150.2839,-29.709],[150.2737,-29.7071],[150.2726,-29.692],[150.2641,-29.6886],[150.2629,-29.679],[150.2418,-29.6694],[150.2391,-29.6611],[150.2188,-29.6597],[150.1946,-29.6202],[150.2116,-29.5298],[150.1945,-29.5189],[150.208,-29.5074],[150.2062,-29.5022],[150.2195,-29.4979],[150.206,-29.4832],[150.1954,-29.4934],[150.1692,-29.496],[150.2458,-29.1162],[150.2397,-29.1146],[150.2472,-29.0788],[150.2523,-29.0795],[150.2494,-29.0508],[150.2595,-29.0139],[150.1485,-28.8893],[150.169,-28.876],[150.344,-28.8275],[150.4209,-28.752],[150.4862,-28.6638],[150.4733,-28.6607],[150.4619,-28.668]]]},"properties":{"lga_code_2023":"15300","lga_name_2023":"Moree Plains","state_code_2021":"1"}},{"type":"Feature","geometry":{"type":"Polygon","coordinates":[[[151.2313,-33.8259],[151.2284,-33.8376],[151.2328,-33.8364],[151.2334,-33.8443],[151.2374,-33.8396],[151.2462,-33.8536],[151.2462,-33.8427],[151.2543,-33.844],[151.2607,-33.83],[151.2689,-33.8273],[151.2524,-33.8271],[151.2459,-33.8033],[151.2442,-33.8098],[151.2351,-33.8116],[151.2391,-33.8169],[151.2311,-33.8167],[151.2313,-33.8259]]]},"properties":{"lga_code_2023":"15350","lga_name_2023":"Mosman","state_code_2021":"1"}},{"type":"Feature","geometry":{"type":"Polygon","coordinates":[[[143.6854,-35.3684],[143.6931,-35.3839],[143.7023,-35.3777],[143.7033,-35.3894],[143.7117,-35.3847],[143.7092,-35.3925],[143.7396,-35.3936],[143.7455,-35.3863],[143.7572,-35.3945],[143.7644,-35.3926],[143.7688,-35.4079],[143.7589,-35.415],[143.766,-35.4159],[143.7629,-35.4231],[143.7901,-35.4225],[143.8002,-35.4334],[143.818,-35.4375],[143.813,-35.4463],[143.8221,-35.4459],[143.827,-35.4551],[143.846,-35.4633],[143.8554,-35.4618],[143.8594,-35.4803],[143.8714,-35.4778],[143.8766,-35.4862],[143.9077,-35.4942],[143.9062,-35.5],[143.9122,-35.4949],[143.9183,-35.5008],[143.935,-35.4993],[143.9334,-35.5066],[143.9701,-35.5001],[143.9725,-35.5096],[143.9647,-35.5085],[143.9624,-35.514],[143.9759,-35.5335],[143.9966,-35.5357],[143.9992,-35.5454],[143.9894,-35.5532],[143.9926,-35.5563],[144.0116,-35.5631],[144.0127,-35.5541],[144.0341,-35.556],[144.0392,-35.5493],[144.0415,-35.5558],[144.0461,-35.5526],[144.0468,-35.5631],[144.064,-35.5705],[144.0623,-35.5768],[144.105,-35.5908],[144.1033,-35.5981],[144.1135,-35.6022],[144.1175,-35.6259],[144.1314,-35.6335],[144.1315,-35.6408],[144.1429,-35.6473],[144.1526,-35.6427],[144.1496,-35.646],[144.157,-35.6511],[144.1515,-35.6533],[144.1624,-35.6715],[144.1868,-35.6704],[144.1951,-35.6859],[144.2135,-35.6867],[144.2216,-35.694],[144.216,-35.7065],[144.2481,-35.721],[144.2475,-35.7292],[144.2533,-35.73],[144.2613,-35.7491],[144.2703,-35.7541],[144.2778,-35.7408],[144.2964,-35.7372],[144.3013,-35.743],[144.2949,-35.7541],[144.3068,-35.7572],[144.3117,-35.7494],[144.3147,-35.757],[144.3284,-35.7528],[144.3187,-35.7666],[144.331,-35.765],[144.3364,-35.7704],[144.3415,-35.7639],[144.3429,-35.7715],[144.3489,-35.767],[144.3515,-35.7851],[144.3603,-35.7848],[144.3553,-35.7885],[144.3623,-35.7958],[144.3761,-35.7919],[144.3758,-35.802],[144.3667,-35.8115],[144.3777,-35.8138],[144.3683,-35.8136],[144.3653,-35.8226],[144.3713,-35.824],[144.3726,-35.8166],[144.3838,-35.8192],[144.3722,-35.832],[144.3866,-35.8361],[144.3731,-35.8373],[144.3843,-35.8419],[144.3814,-35.8524],[144.3903,-35.8506],[144.3889,-35.8585],[144.3986,-35.8627],[144.4113,-35.8588],[144.4019,-35.868],[144.4109,-35.8712],[144.4036,-35.8807],[144.4115,-35.8811],[144.4069,-35.8838],[144.4182,-35.8932],[144.4077,-35.9036],[144.4245,-35.9003],[144.4158,-35.9091],[144.4234,-35.906],[144.4265,-35.9187],[144.4393,-35.9247],[144.4397,-35.9318],[144.4599,-35.9396],[144.4662,-35.9333],[144.4638,-35.9406],[144.4722,-35.9407],[144.4667,-35.9459],[144.4794,-35.9453],[144.4798,-35.9533],[144.4876,-35.9495],[144.4812,-35.9586],[144.4886,-35.9571],[144.4874,-35.964],[144.494,-35.9686],[144.5014,-35.9581],[144.5005,-35.9702],[144.5152,-35.9655],[144.5108,-35.9739],[144.5217,-35.972],[144.5124,-35.9887],[144.5158,-35.9944],[144.5537,-36.003],[144.5577,-36.0141],[144.5634,-36.0078],[144.5711,-36.0241],[144.5793,-36.021],[144.5864,-36.0272],[144.5813,-36.0299],[144.5833,-36.039],[144.6067,-36.0426],[144.6061,-36.0364],[144.6155,-36.0316],[144.6176,-36.0469],[144.6084,-36.0636],[144.6158,-36.0666],[144.6104,-36.0715],[144.6175,-36.0771],[144.6282,-36.0653],[144.6183,-36.0597],[144.6263,-36.0618],[144.625,-36.0521],[144.6327,-36.0481],[144.6439,-36.0567],[144.6469,-36.051],[144.6532,-36.0532],[144.655,-36.0753],[144.658,-36.0704],[144.6647,-36.0765],[144.6679,-36.0686],[144.6785,-36.0693],[144.6786,-36.0625],[144.689,-36.0614],[144.6924,-36.0698],[144.6824,-36.084],[144.6839,-36.0951],[144.719,-36.0859],[144.726,-36.0906],[144.7175,-36.1125],[144.7255,-36.1124],[144.7271,-36.1179],[144.7406,-36.1076],[144.7482,-36.1217],[144.7719,-36.1161],[144.7771,-36.1298],[144.7869,-36.1277],[144.7853,-36.1223],[144.7919,-36.1227],[144.7986,-36.1132],[144.7966,-36.1199],[144.8079,-36.1236],[144.8134,-36.1139],[144.8064,-36.1075],[144.8163,-36.1099],[144.8099,-36.1024],[144.8199,-36.1079],[144.8353,-36.0985],[144.8419,-36.1006],[144.8419,-36.0831],[144.8509,-36.0806],[144.8472,-36.0729],[144.8565,-36.0736],[144.8575,-36.0652],[144.8614,-36.0718],[144.8635,-36.0591],[144.9326,-36.067],[144.9483,-36.0829],[144.9819,-36.0723],[144.9859,-36.0565],[144.9821,-36.0483],[144.9678,-36.0421],[144.9618,-36.0182],[144.9455,-36.0122],[144.9458,-36.0043],[144.9236,-35.9889],[144.931,-35.9685],[144.9574,-35.9609],[144.9489,-35.9316],[144.975,-35.8838],[144.9697,-35.8785],[144.9709,-35.861],[144.9913,-35.859],[144.9897,-35.8547],[144.9999,-35.8548],[145.0006,-35.8493],[145.007,-35.8562],[145.0192,-35.8566],[145.0246,-35.8471],[145.0362,-35.847],[145.0388,-35.8384],[145.0496,-35.8337],[145.0509,-35.8387],[145.0611,-35.8373],[145.0741,-35.8267],[145.0765,-35.8318],[145.09,-35.8255],[145.0922,-35.8359],[145.0994,-35.8258],[145.104,-35.8286],[145.1142,-35.8205],[145.1153,-35.826],[145.1223,-35.8208],[145.1256,-35.8298],[145.128,-35.8208],[145.1366,-35.8343],[145.1396,-35.8285],[145.1478,-35.8335],[145.1588,-35.8308],[145.1536,-35.8431],[145.181,-35.842],[145.1826,-35.8353],[145.1898,-35.8343],[145.2152,-35.8362],[145.2228,-35.8425],[145.225,-35.8322],[145.2462,-35.8303],[145.2607,-35.8354],[145.2642,-35.8422],[145.2584,-35.8506],[145.2671,-35.8524],[145.2727,-35.8452],[145.2954,-35.8604],[145.309,-35.8605],[145.3243,-35.8507],[145.3545,-35.867],[145.3608,-35.8598],[145.3637,-35.8479],[145.3434,-35.8455],[145.3469,-35.7937],[145.341,-35.793],[145.3428,-35.7659],[145.332,-35.7646],[145.343,-35.7117],[145.3121,-35.7126],[145.312,-35.7202],[145.3015,-35.719],[145.2861,-35.7018],[145.2738,-35.6984],[145.263,-35.6812],[145.2479,-35.6913],[145.2184,-35.6834],[145.1956,-35.6915],[145.1939,-35.6865],[145.1738,-35.6844],[145.1643,-35.6745],[145.1343,-35.6735],[145.1366,-35.6666],[145.1222,-35.6541],[145.1124,-35.6544],[145.1117,-35.6443],[145.1058,-35.6456],[145.1013,-35.6347],[145.0749,-35.633],[145.053,-35.6274],[145.0344,-35.6135],[145.0284,-35.6167],[145.0203,-35.5997],[145.0116,-35.6001],[145.0078,-35.589],[144.9967,-35.589],[144.996,-35.5831],[144.8951,-35.5713],[144.9066,-35.5053],[144.8926,-35.4988],[144.8908,-35.4876],[144.8637,-35.4813],[144.8434,-35.4566],[144.8202,-35.4572],[144.8206,-35.4511],[144.8021,-35.4498],[144.7987,-35.4446],[144.7965,-35.4497],[144.7814,-35.4443],[144.7691,-35.4477],[144.7734,-35.4425],[144.7635,-35.444],[144.7601,-35.4248],[144.7455,-35.4278],[144.748,-35.4209],[144.7393,-35.4209],[144.7396,-35.4124],[144.692,-35.4149],[144.6927,-35.4081],[144.683,-35.4093],[144.6785,-35.4008],[144.6754,-35.405],[144.6523,-35.3945],[144.6569,-35.3722],[144.641,-35.3706],[144.643,-35.3613],[144.6287,-35.3531],[144.6089,-35.3594],[144.603,-35.3515],[144.595,-35.3553],[144.5927,-35.3467],[144.6027,-35.3476],[144.5965,-35.331],[144.5873,-35.3355],[144.5858,-35.3302],[144.5812,-35.3378],[144.5673,-35.33],[144.5557,-35.3344],[144.5504,-35.3203],[144.5321,-35.3192],[144.5357,-35.3142],[144.523,-35.3044],[144.5289,-35.3016],[144.526,-35.2946],[144.5142,-35.2931],[144.5069,-35.2996],[144.498,-35.2862],[144.4895,-35.2912],[144.4908,-35.2837],[144.4868,-35.2908],[144.4797,-35.2877],[144.4797,-35.2784],[144.4718,-35.2839],[144.4696,-35.2746],[144.4749,-35.2757],[144.463,-35.2709],[144.4692,-35.2675],[144.4562,-35.2664],[144.4568,-35.2609],[144.4454,-35.2632],[144.4449,-35.2547],[144.4339,-35.2596],[144.4353,-35.2535],[144.4292,-35.2531],[144.4371,-35.2482],[144.4208,-35.2448],[144.4375,-35.2341],[144.4274,-35.2231],[144.4326,-35.2169],[144.4141,-35.2098],[144.4101,-35.2141],[144.4115,-35.2077],[144.3995,-35.2113],[144.402,-35.1993],[144.3945,-35.2013],[144.3898,-35.1931],[144.3845,-35.1982],[144.391,-35.2022],[144.3807,-35.2037],[144.3809,-35.1893],[144.3723,-35.1943],[144.3669,-35.1862],[144.3614,-35.1927],[144.3599,-35.1845],[144.3526,-35.1912],[144.3205,-35.1848],[144.3217,-35.1799],[144.3153,-35.1864],[144.3065,-35.1794],[144.3025,-35.1899],[144.2932,-35.1787],[144.2854,-35.1816],[144.2825,-35.177],[144.2793,-35.1825],[144.2731,-35.1748],[144.2646,-35.1814],[144.2633,-35.1744],[144.2566,-35.1846],[144.248,-35.1741],[144.242,-35.1761],[144.2466,-35.1684],[144.237,-35.1739],[144.2351,-35.1644],[144.2276,-35.1712],[144.2128,-35.1642],[144.2231,-35.1567],[144.2104,-35.1613],[144.2104,-35.1523],[144.193,-35.1572],[144.1922,-35.152],[144.1832,-35.1592],[144.1795,-35.1514],[144.175,-35.1591],[144.1713,-35.1528],[144.1714,-35.1599],[144.1644,-35.1596],[144.1538,-35.1448],[144.1504,-35.1533],[144.14,-35.1497],[144.1425,-35.1392],[144.1376,-35.1347],[144.1154,-35.1327],[144.1144,-35.127],[144.1085,-35.1322],[144.113,-35.1227],[144.1003,-35.1235],[144.1021,-35.1182],[144.0924,-35.1187],[144.0825,-35.1071],[144.0688,-35.103],[144.0541,-35.1073],[144.0602,-35.0973],[144.0487,-35.0968],[144.0497,-35.0905],[144.0668,-35.0896],[144.0808,-35.0805],[144.0875,-35.0833],[144.0887,-35.0747],[144.1089,-35.0676],[144.0951,-35.0588],[144.109,-35.0507],[144.1109,-35.0554],[144.1282,-35.0534],[144.1235,-35.0513],[144.1269,-35.0449],[144.1369,-35.0445],[144.1633,-34.8942],[144.1247,-34.8868],[144.1494,-34.7398],[143.9011,-34.6537],[143.9237,-34.517],[143.9394,-34.5188],[143.9411,-34.5074],[143.9256,-34.5057],[143.9392,-34.4042],[143.9239,-34.4022],[143.9247,-34.3747],[143.9429,-34.3765],[143.9457,-34.3568],[143.9319,-34.3635],[143.9151,-34.353],[143.9178,-34.3407],[143.9106,-34.3314],[143.8883,-34.336],[143.8819,-34.3505],[143.8418,-34.3541],[143.8457,-34.3633],[143.8398,-34.3685],[143.8256,-34.3651],[143.8056,-34.3799],[143.8006,-34.3726],[143.7859,-34.3755],[143.7776,-34.3842],[143.7862,-34.3861],[143.7847,-34.392],[143.7717,-34.3896],[143.7662,-34.3967],[143.7551,-34.3963],[143.751,-34.4093],[143.7349,-34.4186],[143.7413,-34.4211],[143.732,-34.4224],[143.7394,-34.4271],[143.7368,-34.4318],[143.7265,-34.4311],[143.7334,-34.4385],[143.7236,-34.4472],[143.7305,-34.4621],[143.7129,-34.4641],[143.7166,-34.4825],[143.7026,-34.4919],[143.6917,-34.4827],[143.6835,-34.4856],[143.6875,-34.4918],[143.6811,-34.4946],[143.6866,-34.498],[143.6759,-34.5064],[143.6895,-34.5134],[143.6762,-34.5252],[143.6591,-34.522],[143.6571,-34.5387],[143.6459,-34.5385],[143.6532,-34.5468],[143.641,-34.5494],[143.6439,-34.5549],[143.6388,-34.5564],[143.6451,-34.5588],[143.6349,-34.5632],[143.6419,-34.5727],[143.6502,-34.5677],[143.6529,-34.5726],[143.6321,-34.5846],[143.6413,-34.5843],[143.6375,-34.594],[143.6505,-34.5925],[143.6469,-34.6006],[143.6539,-34.5981],[143.6526,-34.6037],[143.6578,-34.6034],[143.6462,-34.6053],[143.6508,-34.6122],[143.6434,-34.6109],[143.6438,-34.6167],[143.6409,-34.6107],[143.636,-34.613],[143.6354,-34.6228],[143.6266,-34.6261],[143.6223,-34.6212],[143.6212,-34.6293],[143.6265,-34.631],[143.6155,-34.6304],[143.6359,-34.635],[143.6277,-34.6894],[143.6003,-34.6863],[143.599,-34.6954],[143.5839,-34.6934],[143.5933,-34.7064],[143.581,-34.7139],[143.5748,-34.7356],[143.5416,-34.7317],[143.5402,-34.7622],[143.5148,-34.804],[143.4881,-34.9448],[143.4951,-34.9456],[143.491,-34.9724],[143.4741,-34.9679],[143.4807,-34.9484],[143.466,-34.926],[143.4815,-34.9226],[143.4821,-34.9156],[143.4696,-34.904],[143.4537,-34.9024],[143.4548,-34.9079],[143.4484,-34.9093],[143.4485,-34.8984],[143.4175,-34.8948],[143.4144,-34.8822],[143.3988,-34.8759],[143.3954,-34.8685],[143.3827,-34.8759],[143.371,-34.8729],[143.3724,-34.8588],[143.3588,-34.8771],[143.352,-34.8738],[143.3549,-34.8614],[143.3501,-34.8596],[143.3384,-34.8703],[143.3421,-34.8813],[143.3364,-34.8797],[143.3326,-34.8889],[143.3278,-34.8827],[143.3213,-34.8887],[143.3332,-34.9111],[143.3402,-34.9138],[143.3427,-34.9329],[143.3385,-34.9443],[143.3328,-34.9388],[143.3218,-34.9425],[143.3172,-34.9534],[143.3238,-34.9788],[143.3186,-34.993],[143.3297,-34.9956],[143.3381,-35.0109],[143.3319,-35.0238],[143.336,-35.0374],[143.3221,-35.0367],[143.3287,-35.0459],[143.3365,-35.0432],[143.3305,-35.0539],[143.3373,-35.0486],[143.3377,-35.0613],[143.3508,-35.0647],[143.3497,-35.0699],[143.3419,-35.0645],[143.3391,-35.0682],[143.3455,-35.0741],[143.3374,-35.0804],[143.345,-35.087],[143.3409,-35.0957],[143.3481,-35.1054],[143.3529,-35.0996],[143.3608,-35.103],[143.362,-35.1169],[143.3739,-35.1226],[143.3906,-35.1451],[143.3822,-35.1564],[143.3874,-35.1623],[143.3821,-35.1734],[143.3899,-35.1711],[143.394,-35.1773],[143.3878,-35.1854],[143.3955,-35.1929],[143.4165,-35.1949],[143.4495,-35.1891],[143.4592,-35.2034],[143.4647,-35.2026],[143.4715,-35.2193],[143.494,-35.22],[143.5183,-35.2116],[143.5292,-35.2199],[143.5483,-35.2138],[143.547,-35.2062],[143.5639,-35.2026],[143.581,-35.2192],[143.5781,-35.2319],[143.5639,-35.2369],[143.5741,-35.2565],[143.5711,-35.2669],[143.5835,-35.265],[143.5824,-35.2728],[143.5908,-35.2738],[143.5844,-35.279],[143.5909,-35.2817],[143.5822,-35.2877],[143.5779,-35.3032],[143.569,-35.3024],[143.5725,-35.306],[143.5614,-35.3246],[143.5651,-35.3422],[143.5735,-35.3372],[143.5971,-35.3511],[143.603,-35.3654],[143.616,-35.3689],[143.6133,-35.377],[143.6196,-35.3869],[143.6247,-35.3879],[143.6263,-35.381],[143.633,-35.3835],[143.6294,-35.3924],[143.6404,-35.4011],[143.6539,-35.3949],[143.6571,-35.385],[143.6681,-35.3857],[143.6675,-35.3714],[143.6826,-35.3741],[143.6854,-35.3684]]]},"properties":{"lga_code_2023":"15520","lga_name_2023":"Murray River","state_code_2021":"1"}},{"type":"Feature","geometry":{"type":"Polygon","coordinates":[[[145.4101,-34.854],[145.5984,-34.8574],[145.5414,-35.1524],[145.546,-35.1497],[145.5349,-35.2111],[145.5468,-35.2101],[145.5437,-35.2273],[145.5333,-35.2306],[145.5251,-35.2425],[145.5315,-35.249],[145.5269,-35.2687],[145.5313,-35.2769],[145.5132,-35.2897],[145.5128,-35.297],[145.5265,-35.2986],[145.4947,-35.4906],[145.4885,-35.4898],[145.4845,-35.512],[145.7158,-35.5398],[145.7215,-35.5494],[145.7378,-35.5428],[145.7379,-35.5377],[145.7937,-35.5444],[145.7919,-35.5557],[145.9714,-35.5766],[145.9894,-35.5886],[145.9912,-35.5798],[146.0076,-35.5869],[146.0168,-35.5755],[146.0164,-35.5645],[146.0077,-35.5633],[146.0089,-35.5554],[146.0183,-35.5567],[146.0185,-35.5258],[146.0271,-35.5268],[146.0648,-35.3226],[146.0596,-35.3177],[146.0461,-35.3231],[146.0392,-35.3142],[146.0248,-35.318],[146.0109,-35.3054],[145.993,-35.3111],[145.9859,-35.3042],[145.9872,-35.2849],[145.9765,-35.2799],[145.9599,-35.2826],[145.96,-35.2721],[145.9698,-35.2709],[145.9574,-35.2637],[145.9651,-35.2594],[145.9672,-35.2488],[145.9759,-35.2534],[145.9723,-35.2437],[145.9847,-35.2321],[145.9831,-35.2246],[145.9957,-35.2267],[145.9895,-35.2177],[145.995,-35.2103],[146.0108,-35.2138],[146.015,-35.209],[146.0179,-35.2188],[146.0243,-35.2183],[146.0293,-35.2137],[146.0198,-35.2034],[146.0291,-35.2066],[146.0287,-35.1982],[146.0399,-35.1986],[146.0097,-35.1667],[146.0146,-35.1419],[146.0081,-35.1394],[146.0141,-35.1363],[146.0064,-35.1332],[146.0182,-35.1235],[146.0303,-35.0546],[146.0427,-35.0567],[146.0581,-35.0329],[146.0491,-35.0179],[146.0593,-35.0015],[146.0528,-34.9946],[146.0653,-34.9479],[146.061,-34.9416],[146.0659,-34.9274],[146.0736,-34.9286],[146.0809,-34.9184],[146.069,-34.9158],[146.0748,-34.8982],[146.1377,-34.9078],[146.1456,-34.898],[146.1524,-34.9017],[146.1744,-34.7906],[146.1794,-34.7857],[146.198,-34.788],[146.2277,-34.6119],[146.2117,-34.6237],[146.1891,-34.625],[146.1846,-34.611],[146.1709,-34.6092],[146.1654,-34.6209],[146.1553,-34.6194],[146.1527,-34.6285],[146.1314,-34.6199],[146.1294,-34.6279],[146.1064,-34.6314],[146.1043,-34.6272],[146.0975,-34.6324],[146.0857,-34.608],[146.0711,-34.6083],[146.0596,-34.5977],[146.0614,-34.5904],[146.0433,-34.588],[146.0489,-34.5778],[146.0364,-34.5909],[146.0321,-34.5886],[146.0305,-34.5987],[146.023,-34.5946],[146.0282,-34.5657],[145.9977,-34.5443],[145.9783,-34.5633],[145.9701,-34.5563],[145.967,-34.5629],[145.9584,-34.5601],[145.9602,-34.5555],[145.9513,-34.5523],[145.9303,-34.5632],[145.9168,-34.553],[145.8895,-34.5563],[145.8545,-34.5798],[145.8486,-34.5764],[145.8506,-34.5626],[145.8396,-34.5642],[145.834,-34.5538],[145.8249,-34.5518],[145.8185,-34.5617],[145.8093,-34.552],[145.7971,-34.5634],[145.7871,-34.5502],[145.7764,-34.5492],[145.7761,-34.5434],[145.7725,-34.5473],[145.7617,-34.5355],[145.7565,-34.5413],[145.7479,-34.5356],[145.7488,-34.5273],[145.7319,-34.5343],[145.7313,-34.5281],[145.7148,-34.5184],[145.6997,-34.5198],[145.7034,-34.5103],[145.6876,-34.5066],[145.6839,-34.4961],[145.6842,-34.4811],[145.6963,-34.4792],[145.6969,-34.469],[145.6728,-34.4727],[145.6602,-34.4641],[145.6497,-34.4746],[145.6407,-34.4658],[145.6339,-34.4737],[145.6324,-34.4659],[145.6231,-34.4679],[145.6264,-34.459],[145.6196,-34.4536],[145.6044,-34.4621],[145.6102,-34.4667],[145.6049,-34.4716],[145.592,-34.466],[145.5873,-34.4507],[145.5753,-34.4608],[145.564,-34.4557],[145.567,-34.4491],[145.5593,-34.4425],[145.5393,-34.4429],[145.5247,-34.4508],[145.5259,-34.44],[145.5013,-34.437],[145.4973,-34.4452],[145.4899,-34.4395],[145.4823,-34.4451],[145.4936,-34.4509],[145.4856,-34.4559],[145.4656,-34.4544],[145.4594,-34.4439],[145.4439,-34.4684],[145.432,-34.4582],[145.4397,-34.4519],[145.4338,-34.4397],[145.4145,-34.4495],[145.4083,-34.4441],[145.4095,-34.435],[145.4002,-34.4432],[145.4046,-34.4524],[145.3903,-34.4667],[145.3601,-34.4427],[145.3609,-34.4511],[145.346,-34.4606],[145.3342,-34.4515],[145.3246,-34.4588],[145.319,-34.4542],[145.3188,-34.464],[145.33,-34.4744],[145.3162,-34.4753],[145.3164,-34.4693],[145.3034,-34.4674],[145.2791,-34.4771],[145.2684,-34.474],[145.2511,-34.4842],[145.2575,-34.4912],[145.2489,-34.4915],[145.2484,-34.4968],[145.2563,-34.4966],[145.2406,-34.5058],[145.2101,-34.7087],[145.2031,-34.7079],[145.178,-34.851],[145.4101,-34.854]]]},"properties":{"lga_code_2023":"15560","lga_name_2023":"Murrumbidgee","state_code_2021":"1"}},{"type":"Feature","geometry":{"type":"Polygon","coordinates":[[[150.4898,-32.2327],[150.4865,-32.24],[150.4924,-32.2517],[150.5,-32.2534],[150.4981,-32.2624],[150.5106,-32.2761],[150.5096,-32.293],[150.5276,-32.3136],[150.5298,-32.3316],[150.544,-32.3265],[150.5577,-32.3301],[150.5526,-32.3454],[150.5404,-32.3436],[150.5363,-32.3533],[150.5257,-32.3517],[150.5209,-32.3585],[150.5299,-32.3623],[150.5146,-32.3694],[150.5073,-32.3684],[150.5119,-32.3443],[150.4968,-32.3422],[150.4929,-32.3522],[150.4877,-32.3374],[150.4693,-32.3219],[150.4387,-32.3222],[150.4299,-32.3279],[150.4324,-32.3404],[150.4203,-32.3471],[150.4113,-32.3446],[150.4136,-32.3379],[150.4069,-32.3331],[150.3937,-32.3337],[150.3865,-32.3801],[150.3729,-32.386],[150.3422,-32.3852],[150.3408,-32.3943],[150.3229,-32.4088],[150.2799,-32.4219],[150.2689,-32.448],[150.2542,-32.4579],[150.2343,-32.4542],[150.2265,-32.4589],[150.2382,-32.4723],[150.2373,-32.4798],[150.2476,-32.4832],[150.2401,-32.4982],[150.2487,-32.5236],[150.2418,-32.5384],[150.2475,-32.55],[150.2368,-32.574],[150.266,-32.5777],[150.2595,-32.5977],[150.2394,-32.6011],[150.2277,-32.6123],[150.2512,-32.6153],[150.3202,-32.6479],[150.3193,-32.6608],[150.3081,-32.6652],[150.2969,-32.6916],[150.2908,-32.7209],[150.2772,-32.7323],[150.2754,-32.7475],[150.2888,-32.7653],[150.3412,-32.7938],[150.3385,-32.809],[150.3494,-32.8183],[150.3626,-32.8459],[150.386,-32.8395],[150.3893,-32.8261],[150.4213,-32.8206],[150.4416,-32.7933],[150.4618,-32.7944],[150.4645,-32.7803],[150.4921,-32.7659],[150.4941,-32.7519],[150.516,-32.7486],[150.5273,-32.7598],[150.5414,-32.7542],[150.5467,-32.7608],[150.5568,-32.7584],[150.581,-32.7477],[150.611,-32.7131],[150.6226,-32.7136],[150.6342,-32.7023],[150.6516,-32.7005],[150.6622,-32.7078],[150.6691,-32.7028],[150.682,-32.6325],[150.7446,-32.6413],[150.7736,-32.4983],[150.8001,-32.5016],[150.7765,-32.4824],[150.7781,-32.4738],[150.8019,-32.466],[150.8351,-32.4861],[150.843,-32.4801],[150.847,-32.4582],[150.8546,-32.4507],[150.8831,-32.4702],[150.898,-32.3971],[150.948,-32.405],[150.949,-32.3996],[150.9607,-32.4012],[150.9596,-32.4075],[150.9813,-32.4128],[150.9842,-32.3976],[151.0179,-32.4021],[151.0286,-32.3446],[151.0455,-32.3468],[151.0481,-32.3323],[151.0996,-32.3356],[151.1015,-32.3243],[151.0893,-32.3227],[151.1039,-32.3061],[151.1096,-32.2817],[151.1263,-32.284],[151.1291,-32.2697],[151.1559,-32.2667],[151.1703,-32.2386],[151.1589,-32.2283],[151.1604,-32.2046],[151.1548,-32.1993],[151.1142,-32.1951],[151.101,-32.1786],[151.0797,-32.1754],[151.067,-32.1659],[151.0575,-32.1719],[151.0461,-32.1702],[151.0447,-32.1774],[151.0318,-32.1665],[151.0159,-32.1776],[151.003,-32.1695],[150.9161,-32.1818],[150.8725,-32.1764],[150.8789,-32.1899],[150.8679,-32.1894],[150.8802,-32.1972],[150.8749,-32.2001],[150.8613,-32.1895],[150.7883,-32.1765],[150.7645,-32.1786],[150.7666,-32.171],[150.7628,-32.1759],[150.6564,-32.1606],[150.6568,-32.1502],[150.4989,-32.13],[150.5095,-32.155],[150.491,-32.1706],[150.4964,-32.1754],[150.4898,-32.2327]]]},"properties":{"lga_code_2023":"15650","lga_name_2023":"Muswellbrook","state_code_2021":"1"}},{"type":"Feature","geometry":{"type":"MultiPolygon","coordinates":[[[[152.5143,-30.5949],[152.5397,-30.6188],[152.5364,-30.6338],[152.5443,-30.6403],[152.5548,-30.6741],[152.5504,-30.6857],[152.5564,-30.6992],[152.5894,-30.7188],[152.5917,-30.7325],[152.6087,-30.7429],[152.6284,-30.7655],[152.6298,-30.7751],[152.6414,-30.7828],[152.6431,-30.7963],[152.6581,-30.7996],[152.6652,-30.8123],[152.6833,-30.8132],[152.6816,-30.835],[152.6649,-30.8626],[152.6925,-30.8765],[152.7081,-30.8734],[152.7082,-30.8583],[152.7328,-30.8644],[152.7629,-30.9248],[152.7714,-30.9278],[152.8259,-30.9188],[152.8522,-30.9058],[152.8705,-30.883],[152.893,-30.8801],[152.8969,-30.8656],[152.9076,-30.8575],[152.9059,-30.8505],[152.9235,-30.8339],[152.9168,-30.8245],[152.9204,-30.8146],[152.9396,-30.808],[152.9486,-30.7971],[152.9694,-30.795],[152.9739,-30.7754],[153.0008,-30.7584],[153.0016,-30.7485],[152.9896,-30.7375],[152.9887,-30.7176],[152.9977,-30.6784],[153.0121,-30.6515],[153.0204,-30.6476],[153.0101,-30.6155],[153.0169,-30.5652],[152.9006,-30.5528],[152.8998,-30.5582],[152.8877,-30.5566],[152.8886,-30.5514],[152.8634,-30.5446],[152.8651,-30.5354],[152.8578,-30.538],[152.8574,-30.5463],[152.8398,-30.5425],[152.8414,-30.5325],[152.8178,-30.5296],[152.8163,-30.5397],[152.732,-30.5226],[152.7312,-30.5269],[152.6719,-30.532],[152.6622,-30.5394],[152.6303,-30.5396],[152.4981,-30.5191],[152.4083,-30.4887],[152.4002,-30.5013],[152.4039,-30.5067],[152.4327,-30.5146],[152.474,-30.5526],[152.4877,-30.5556],[152.5005,-30.5666],[152.5042,-30.5876],[152.5143,-30.5949]]],[[[153.0198,-30.6492],[153.0194,-30.6491],[153.0196,-30.6494],[153.0198,-30.6492]]]]},"properties":{"lga_code_2023":"15700","lga_name_2023":"Nambucca Valley","state_code_2021":"1"}},{"type":"Feature","geometry":{"type":"Polygon","coordinates":[[[148.9319,-30.2996],[148.9296,-30.3133],[148.9222,-30.3123],[148.9165,-30.3418],[148.9094,-30.3332],[148.8921,-30.3376],[148.8952,-30.3288],[148.8851,-30.3257],[148.8793,-30.3611],[148.8843,-30.3617],[148.8548,-30.5179],[148.8517,-30.5314],[148.8347,-30.5294],[148.8107,-30.6736],[148.9228,-30.6243],[148.9483,-30.6547],[148.9751,-30.6345],[148.9697,-30.6194],[148.992,-30.6221],[149.0256,-30.6056],[149.0525,-30.6398],[149.0362,-30.6561],[149.0478,-30.7132],[149.1197,-30.7162],[149.1126,-30.7275],[149.1171,-30.7416],[149.1114,-30.7518],[149.1209,-30.7564],[149.128,-30.7743],[149.1215,-30.7807],[149.122,-30.7975],[149.1549,-30.7849],[149.2074,-30.9063],[149.3112,-30.8635],[149.4952,-30.8929],[149.5185,-30.8632],[149.6586,-30.884],[149.6588,-30.87],[149.6722,-30.8613],[149.7583,-30.8718],[149.7611,-30.8554],[149.7883,-30.8591],[149.7935,-30.8288],[149.8161,-30.8307],[149.8195,-30.8122],[149.8027,-30.8099],[149.8079,-30.7811],[149.8242,-30.781],[149.825,-30.7593],[149.8613,-30.7644],[149.864,-30.7516],[149.8866,-30.7547],[149.8852,-30.7621],[149.9768,-30.7704],[149.982,-30.7763],[149.9901,-30.7729],[149.9847,-30.7622],[150.0048,-30.75],[150.0031,-30.7429],[150.0114,-30.7365],[150.0333,-30.7423],[150.0302,-30.7608],[150.0373,-30.7618],[150.0351,-30.7737],[150.0439,-30.7749],[150.0528,-30.8003],[150.1019,-30.8054],[150.1107,-30.7487],[150.1603,-30.7536],[150.1616,-30.747],[150.2643,-30.7629],[150.2686,-30.7398],[150.2828,-30.7366],[150.2844,-30.7288],[150.2956,-30.7304],[150.3024,-30.6945],[150.2904,-30.7017],[150.2955,-30.6744],[150.3374,-30.6745],[150.3394,-30.6637],[150.3539,-30.6616],[150.3494,-30.6356],[150.3878,-30.6182],[150.3913,-30.6064],[150.3783,-30.6027],[150.3639,-30.5841],[150.3702,-30.5762],[150.3589,-30.5666],[150.3604,-30.5594],[150.3907,-30.5693],[150.3887,-30.551],[150.3938,-30.5471],[150.3661,-30.5434],[150.3685,-30.5301],[150.3547,-30.5282],[150.3626,-30.4986],[150.3489,-30.494],[150.3642,-30.4893],[150.3676,-30.4701],[150.3465,-30.4695],[150.3625,-30.4507],[150.3625,-30.4325],[150.3493,-30.415],[150.3388,-30.4151],[150.3286,-30.4025],[150.3207,-30.4088],[150.3226,-30.4197],[150.3164,-30.428],[150.2832,-30.4308],[150.2396,-30.4017],[150.2258,-30.3993],[150.2262,-30.3924],[150.2377,-30.3846],[150.2359,-30.3785],[150.224,-30.3709],[150.2034,-30.375],[150.1907,-30.3646],[150.195,-30.3211],[150.183,-30.2995],[150.1937,-30.2932],[150.1799,-30.2783],[150.1659,-30.2739],[150.1756,-30.265],[150.1671,-30.2285],[150.1464,-30.2156],[150.1449,-30.2024],[150.1298,-30.2031],[150.1244,-30.1956],[150.1023,-30.1919],[150.0894,-30.1717],[150.0899,-30.1606],[150.0744,-30.1371],[150.0746,-30.1011],[150.0623,-30.0882],[150.0644,-30.0709],[150.0588,-30.0569],[150.0502,-30.0557],[150.0558,-30.0237],[150.0392,-30.0004],[150.0287,-30.0028],[150.0359,-29.9957],[150.0305,-29.9881],[149.9855,-29.9834],[149.9237,-29.9626],[149.9272,-29.9494],[149.9154,-29.9478],[149.9179,-29.9341],[149.9031,-29.9321],[149.8994,-29.9211],[149.9105,-29.8847],[149.7897,-29.8764],[149.789,-29.8376],[149.763,-29.8319],[149.7527,-29.8236],[149.759,-29.7835],[149.7215,-29.7786],[149.7129,-29.8182],[149.7068,-29.8212],[149.6892,-29.8234],[149.6915,-29.8105],[149.6588,-29.806],[149.663,-29.7823],[149.6463,-29.78],[149.6472,-29.7749],[149.6223,-29.7886],[149.6144,-29.7869],[149.6035,-29.801],[149.5912,-29.7991],[149.5825,-29.8023],[149.5823,-29.809],[149.5515,-29.8174],[149.5322,-29.8112],[149.516,-29.8144],[149.4851,-29.7942],[149.4762,-29.7982],[149.4196,-29.7904],[149.4146,-29.7839],[149.3918,-29.79],[149.0828,-29.7493],[149.048,-29.9535],[149.0943,-29.9593],[149.0812,-30.0345],[149.0678,-30.0329],[149.0551,-30.0925],[149.0237,-30.1055],[149.0271,-30.1122],[149.0203,-30.1293],[148.997,-30.1268],[149.002,-30.1164],[148.9933,-30.1174],[148.9706,-30.1497],[148.9814,-30.1678],[148.9428,-30.1878],[148.9262,-30.2861],[148.9311,-30.2872],[148.9319,-30.2996]]]},"properties":{"lga_code_2023":"15750","lga_name_2023":"Narrabri","state_code_2021":"1"}},{"type":"Feature","geometry":{"type":"Polygon","coordinates":[[[146.4823,-34.4736],[146.4731,-34.4753],[146.4787,-34.4802],[146.4706,-34.5256],[146.5142,-34.5311],[146.5103,-34.5528],[146.5167,-34.5536],[146.4842,-34.7154],[146.4658,-34.725],[146.427,-34.7079],[146.4252,-34.7],[146.4104,-34.706],[146.3762,-34.6947],[146.3449,-34.6993],[146.3324,-34.689],[146.2188,-34.6751],[146.198,-34.788],[146.1794,-34.7857],[146.1744,-34.7906],[146.1524,-34.9017],[146.1925,-34.9236],[146.2335,-34.8734],[146.258,-34.8869],[146.263,-34.8807],[146.2795,-34.8853],[146.3173,-34.8982],[146.3163,-34.9037],[146.369,-34.9146],[146.672,-35.0599],[146.6779,-35.0541],[146.6908,-35.0559],[146.6885,-35.068],[146.7615,-35.0764],[146.772,-35.0877],[146.7703,-35.0973],[146.7788,-35.0984],[146.7842,-35.0701],[146.7942,-35.0582],[146.8089,-34.985],[146.8043,-34.9693],[146.7966,-34.9696],[146.7791,-34.9396],[146.7845,-34.9241],[146.8437,-34.8988],[146.8328,-34.8933],[146.8416,-34.8811],[146.8293,-34.8775],[146.8463,-34.8445],[146.8426,-34.8378],[146.9116,-34.4826],[146.7918,-34.4723],[146.7926,-34.4422],[146.8027,-34.4269],[146.823,-34.3109],[146.7187,-34.2981],[146.729,-34.2368],[146.6239,-34.2247],[146.6354,-34.1512],[146.5974,-34.1472],[146.5985,-34.1409],[146.5915,-34.1401],[146.5855,-34.1463],[146.4582,-34.1329],[146.4646,-34.0964],[146.3595,-34.0837],[146.3286,-34.2636],[146.3048,-34.2607],[146.2996,-34.2895],[146.3114,-34.3117],[146.3072,-34.3351],[146.3907,-34.3449],[146.3868,-34.3855],[146.3969,-34.3867],[146.3876,-34.421],[146.4001,-34.4225],[146.4003,-34.4416],[146.4412,-34.4426],[146.4389,-34.4552],[146.4827,-34.4631],[146.4823,-34.4736]]]},"properties":{"lga_code_2023":"15800","lga_name_2023":"Narrandera","state_code_2021":"1"}},{"type":"Feature","geometry":{"type":"Polygon","coordinates":[[[147.6222,-32.2794],[147.6353,-32.2977],[147.6872,-32.3118],[147.6932,-32.3308],[147.6844,-32.3418],[147.6961,-32.3526],[147.6949,-32.368],[147.7027,-32.3744],[147.7017,-32.3811],[147.7243,-32.3988],[147.7492,-32.4097],[147.7629,-32.4074],[147.7724,-32.4233],[147.8206,-32.4195],[147.8568,-32.4372],[147.8845,-32.4403],[147.9051,-32.432],[147.9056,-32.4462],[147.8996,-32.452],[147.9053,-32.4606],[147.9249,-32.4698],[147.9364,-32.491],[147.9654,-32.499],[147.964,-32.5188],[147.9925,-32.5388],[148.0051,-32.5546],[148.0037,-32.5642],[148.0187,-32.565],[148.0216,-32.5722],[148.0309,-32.5688],[148.0323,-32.5761],[148.0565,-32.5853],[148.0672,-32.5986],[148.0913,-32.6045],[148.0921,-32.6168],[148.1082,-32.6352],[148.1073,-32.6498],[148.1233,-32.6631],[148.1224,-32.6736],[148.1306,-32.6761],[148.128,-32.6828],[148.2487,-32.6816],[148.2469,-32.6899],[148.263,-32.6921],[148.2645,-32.6782],[148.3471,-32.6758],[148.3428,-32.6648],[148.3473,-32.6416],[148.3611,-32.6225],[148.3755,-32.6304],[148.3859,-32.6221],[148.4037,-32.625],[148.4122,-32.6193],[148.4208,-32.5907],[148.3971,-32.5625],[148.392,-32.5298],[148.398,-32.5128],[148.3929,-32.5036],[148.4094,-32.4822],[148.3992,-32.4793],[148.3941,-32.4375],[148.38,-32.4264],[148.4076,-32.3974],[148.3789,-32.3936],[148.4049,-32.3106],[148.4024,-32.2876],[148.3977,-32.2869],[148.4021,-32.2816],[148.3982,-32.2574],[148.3757,-32.2568],[148.3642,-32.2359],[148.3713,-32.229],[148.3598,-32.2026],[148.3646,-32.1972],[148.3744,-32.2014],[148.379,-32.2112],[148.4038,-32.1841],[148.4046,-32.1737],[148.4185,-32.1696],[148.4302,-32.1611],[148.4276,-32.1572],[148.4485,-32.1515],[148.4467,-32.1438],[148.4567,-32.1431],[148.4141,-32.1355],[148.4191,-32.1042],[148.4059,-32.1021],[148.4111,-32.0732],[148.4071,-32.0705],[148.421,-32.0551],[148.4369,-32.0608],[148.4408,-32.0392],[148.4305,-32.0379],[148.4323,-32.0272],[148.4163,-32.0253],[148.4394,-32.0171],[148.4183,-32.0141],[148.3998,-31.9994],[148.3433,-31.9368],[148.3288,-31.878],[148.3111,-31.857],[148.299,-31.8069],[148.3015,-31.7925],[148.2742,-31.7864],[148.2764,-31.7736],[148.2609,-31.7714],[148.2588,-31.7828],[148.1794,-31.8279],[148.1779,-31.8206],[148.1873,-31.8208],[148.163,-31.8158],[148.1569,-31.809],[148.1614,-31.8071],[148.1553,-31.8071],[148.1591,-31.8025],[148.1433,-31.8034],[148.1418,-31.7988],[148.0665,-31.8641],[148.0481,-31.9003],[148.0397,-31.8959],[148.0435,-31.8893],[148.0329,-31.8947],[148.0362,-31.8886],[148.026,-31.8712],[148.0175,-31.8767],[147.9997,-31.8676],[147.9921,-31.8729],[147.9474,-31.8668],[147.8527,-31.9334],[147.8367,-31.9273],[147.7941,-31.9689],[147.8041,-31.985],[147.7873,-31.9842],[147.7844,-32],[147.7642,-31.9996],[147.7463,-31.9894],[147.7245,-32.0262],[147.6303,-32.1001],[147.4947,-32.1888],[147.5016,-32.2148],[147.5346,-32.2311],[147.5393,-32.2397],[147.5604,-32.2411],[147.5779,-32.2577],[147.6161,-32.271],[147.6222,-32.2794]]]},"properties":{"lga_code_2023":"15850","lga_name_2023":"Narromine","state_code_2021":"1"}},{"type":"Feature","geometry":{"type":"MultiPolygon","coordinates":[[[[151.7698,-32.9009],[151.7621,-32.89],[151.7336,-32.8797],[151.7444,-32.8766],[151.7744,-32.8895],[151.7773,-32.9022],[151.7842,-32.8877],[151.7744,-32.8567],[151.7465,-32.8536],[151.7282,-32.8469],[151.7262,-32.8381],[151.6965,-32.8329],[151.6966,-32.8479],[151.7328,-32.8796],[151.7231,-32.8766],[151.7086,-32.8678],[151.6829,-32.8199],[151.7058,-32.8051],[151.6572,-32.7985],[151.6468,-32.7896],[151.6453,-32.7968],[151.6387,-32.7967],[151.6286,-32.7898],[151.6067,-32.8925],[151.6408,-32.8977],[151.6368,-32.9193],[151.6879,-32.9271],[151.6839,-32.9483],[151.7291,-32.9551],[151.7379,-32.9629],[151.791,-32.9301],[151.803,-32.9162],[151.7855,-32.9255],[151.765,-32.9252],[151.7606,-32.9079],[151.7642,-32.9221],[151.7703,-32.9163],[151.777,-32.9236],[151.7698,-32.9009]]],[[[151.7823,-32.9196],[151.7906,-32.9177],[151.7912,-32.8969],[151.8101,-32.8782],[151.794,-32.8757],[151.7889,-32.8832],[151.7932,-32.8863],[151.7776,-32.9114],[151.7823,-32.9196]]]]},"properties":{"lga_code_2023":"15900","lga_name_2023":"Newcastle","state_code_2021":"1"}},{"type":"Feature","geometry":{"type":"Polygon","coordinates":[[[151.2276,-33.8195],[151.2141,-33.8158],[151.1948,-33.8221],[151.1983,-33.8251],[151.1874,-33.8398],[151.1945,-33.8386],[151.1932,-33.8477],[151.199,-33.8412],[151.2037,-33.8506],[151.2082,-33.8442],[151.2188,-33.8527],[151.2152,-33.8411],[151.2247,-33.8466],[151.2249,-33.8393],[151.233,-33.8487],[151.2284,-33.8376],[151.2329,-33.8183],[151.2276,-33.8195]]]},"properties":{"lga_code_2023":"15950","lga_name_2023":"North Sydney","state_code_2021":"1"}},{"type":"Feature","geometry":{"type":"MultiPolygon","coordinates":[[[[151.3013,-33.5892],[151.3096,-33.5835],[151.3087,-33.576],[151.2848,-33.5722],[151.273,-33.589],[151.2495,-33.5886],[151.2626,-33.5977],[151.2519,-33.5981],[151.2567,-33.6054],[151.2467,-33.6025],[151.2435,-33.5944],[151.2368,-33.6026],[151.2198,-33.5994],[151.2289,-33.6182],[151.2185,-33.6091],[151.1822,-33.6281],[151.1733,-33.6263],[151.1722,-33.6403],[151.1654,-33.6387],[151.1668,-33.6509],[151.1608,-33.6511],[151.1718,-33.6775],[151.1657,-33.6859],[151.1746,-33.6968],[151.1914,-33.7027],[151.1917,-33.7283],[151.1803,-33.7406],[151.1939,-33.7502],[151.191,-33.757],[151.2023,-33.7734],[151.2248,-33.7838],[151.2308,-33.7727],[151.2389,-33.7984],[151.2351,-33.8034],[151.2505,-33.8003],[151.2612,-33.818],[151.2751,-33.81],[151.2661,-33.7982],[151.2856,-33.8003],[151.2826,-33.8092],[151.2911,-33.8087],[151.2855,-33.8188],[151.3002,-33.8239],[151.3074,-33.8071],[151.2902,-33.7991],[151.2879,-33.7919],[151.2901,-33.7822],[151.296,-33.7818],[151.2932,-33.7732],[151.3025,-33.7682],[151.2974,-33.7536],[151.3032,-33.7468],[151.2967,-33.751],[151.2914,-33.7467],[151.3177,-33.742],[151.3069,-33.7381],[151.3002,-33.727],[151.3079,-33.7035],[151.3,-33.705],[151.2932,-33.7214],[151.2826,-33.7135],[151.2747,-33.7237],[151.2697,-33.7147],[151.2812,-33.7087],[151.2934,-33.7146],[151.2977,-33.7036],[151.3102,-33.7038],[151.3153,-33.6964],[151.3088,-33.6919],[151.3106,-33.6844],[151.3204,-33.675],[151.3236,-33.6533],[151.343,-33.6245],[151.3318,-33.6128],[151.3361,-33.6046],[151.3253,-33.597],[151.3287,-33.5841],[151.3353,-33.5823],[151.3235,-33.579],[151.3159,-33.6022],[151.3321,-33.6234],[151.3161,-33.6142],[151.3149,-33.6311],[151.3047,-33.6353],[151.3094,-33.6392],[151.3014,-33.653],[151.3084,-33.6555],[151.3121,-33.6667],[151.3067,-33.6625],[151.301,-33.6673],[151.3046,-33.6605],[151.2892,-33.6534],[151.2848,-33.6442],[151.2722,-33.659],[151.2746,-33.6451],[151.2811,-33.6419],[151.2768,-33.6381],[151.2827,-33.6366],[151.2704,-33.6315],[151.2905,-33.6285],[151.2829,-33.6219],[151.3029,-33.6205],[151.3044,-33.6032],[151.2925,-33.6053],[151.3031,-33.5947],[151.3013,-33.5892]]],[[[151.3289,-33.6608],[151.3304,-33.6609],[151.3276,-33.6599],[151.3289,-33.6608]]],[[[151.2865,-33.6385],[151.2915,-33.6445],[151.2957,-33.6417],[151.2939,-33.6364],[151.2865,-33.6385]]]]},"properties":{"lga_code_2023":"15990","lga_name_2023":"Northern Beaches","state_code_2021":"1"}},{"type":"Feature","geometry":{"type":"Polygon","coordinates":[[[149.6155,-33.7026],[149.6108,-33.7086],[149.5828,-33.7081],[149.568,-33.7324],[149.5736,-33.7361],[149.5706,-33.7438],[149.5596,-33.7379],[149.553,-33.7489],[149.5277,-33.7439],[149.5142,-33.7451],[149.5088,-33.7519],[149.4996,-33.748],[149.4988,-33.7684],[149.4837,-33.7853],[149.4896,-33.7934],[149.479,-33.8204],[149.4836,-33.8463],[149.4615,-33.8401],[149.4604,-33.8462],[149.4442,-33.8439],[149.4462,-33.8367],[149.4372,-33.8341],[149.4258,-33.8476],[149.4288,-33.8556],[149.4442,-33.8614],[149.4135,-33.8574],[149.4037,-33.9246],[149.3976,-33.9331],[149.4067,-33.9301],[149.3947,-33.9976],[149.4009,-33.9974],[149.4027,-34.006],[149.4552,-34.0295],[149.4587,-34.0132],[149.4647,-34.0104],[149.4927,-34.0221],[149.4923,-34.0288],[149.5093,-34.0369],[149.5132,-34.032],[149.5184,-34.0415],[149.5124,-34.0482],[149.5302,-34.054],[149.5257,-34.0592],[149.5369,-34.0628],[149.5386,-34.0721],[149.5454,-34.0712],[149.5413,-34.0766],[149.5507,-34.085],[149.5509,-34.0937],[149.5546,-34.0883],[149.5636,-34.0962],[149.5633,-34.0875],[149.5719,-34.0965],[149.5789,-34.0927],[149.5817,-34.1074],[149.5887,-34.1055],[149.6037,-34.1231],[149.6204,-34.1056],[149.6234,-34.1143],[149.6174,-34.1183],[149.6225,-34.1286],[149.6286,-34.1135],[149.6383,-34.1265],[149.637,-34.1355],[149.6434,-34.1353],[149.64,-34.14],[149.6465,-34.1406],[149.6434,-34.1467],[149.6539,-34.1502],[149.6492,-34.1588],[149.6594,-34.1604],[149.6571,-34.1706],[149.6638,-34.1643],[149.6638,-34.1731],[149.6779,-34.1727],[149.674,-34.1809],[149.6818,-34.1918],[149.6787,-34.1962],[149.6881,-34.199],[149.6942,-34.1922],[149.6948,-34.2028],[149.7002,-34.1968],[149.7129,-34.1984],[149.7165,-34.1902],[149.7249,-34.199],[149.7268,-34.1896],[149.7329,-34.1976],[149.7441,-34.1942],[149.7417,-34.1882],[149.7567,-34.1867],[149.761,-34.1942],[149.7694,-34.1899],[149.7977,-34.2059],[149.8047,-34.1985],[149.8276,-34.1976],[149.8273,-34.1927],[149.8499,-34.1837],[149.8617,-34.1893],[149.865,-34.1847],[149.8834,-34.1869],[149.8882,-34.1804],[149.9017,-34.1876],[149.9038,-34.1821],[149.9185,-34.1832],[149.9375,-34.1685],[149.9369,-34.1538],[149.9497,-34.1251],[149.9368,-34.1144],[149.9316,-34.1163],[149.9354,-34.0972],[149.9289,-34.0791],[149.9449,-34.0917],[149.9624,-34.0774],[149.9628,-34.0817],[149.9719,-34.0777],[150.007,-34.0852],[150.0028,-34.0973],[150.0165,-34.1123],[150.0692,-34.1314],[150.0855,-34.1206],[150.0939,-34.1365],[150.1052,-34.1385],[150.1149,-34.151],[150.125,-34.1492],[150.1234,-34.1413],[150.1128,-34.1395],[150.1128,-34.1267],[150.1053,-34.1182],[150.1048,-34.1094],[150.113,-34.1029],[150.109,-34.0849],[150.1177,-34.092],[150.117,-34.0779],[150.1328,-34.0822],[150.1295,-34.0736],[150.1457,-34.0714],[150.1407,-34.051],[150.1449,-34.0436],[150.1534,-34.0429],[150.1568,-34.034],[150.168,-34.0355],[150.1591,-34.0316],[150.1694,-34.0273],[150.1669,-34.0215],[150.2016,-34.0049],[150.211,-33.9897],[150.2285,-33.9787],[150.2412,-33.952],[150.217,-33.9478],[150.2148,-33.9364],[150.1904,-33.9504],[150.1756,-33.9452],[150.1652,-33.9154],[150.1691,-33.899],[150.156,-33.8939],[150.1596,-33.887],[150.1686,-33.8891],[150.1852,-33.8804],[150.1661,-33.8651],[150.1757,-33.8613],[150.1854,-33.8377],[150.1827,-33.8299],[150.1753,-33.8343],[150.1693,-33.827],[150.1811,-33.8026],[150.1687,-33.7951],[150.179,-33.7846],[150.1776,-33.7783],[150.189,-33.7763],[150.1956,-33.767],[150.1917,-33.7502],[150.1587,-33.74],[150.1517,-33.7494],[150.1402,-33.7357],[150.1225,-33.733],[150.0958,-33.7391],[150.0634,-33.7143],[150.0482,-33.7201],[150.0455,-33.7464],[150.0312,-33.7604],[150.0031,-33.7433],[149.9842,-33.7434],[149.966,-33.7245],[149.9684,-33.7145],[149.9626,-33.7139],[149.9761,-33.6889],[149.9844,-33.6884],[149.9759,-33.6825],[149.9719,-33.6648],[149.9754,-33.6612],[149.9851,-33.6664],[149.9874,-33.656],[149.9731,-33.6319],[149.9684,-33.6341],[149.9773,-33.6288],[149.9741,-33.6149],[149.9609,-33.6158],[149.9499,-33.5951],[149.9371,-33.5916],[149.9434,-33.5874],[149.9347,-33.5865],[149.9373,-33.5806],[149.9326,-33.5789],[149.9395,-33.573],[149.9378,-33.5644],[149.9145,-33.5688],[149.9115,-33.5601],[149.8895,-33.5656],[149.8977,-33.5399],[149.8887,-33.5368],[149.887,-33.5446],[149.8789,-33.5456],[149.8749,-33.5284],[149.8655,-33.527],[149.8688,-33.5196],[149.838,-33.5315],[149.8289,-33.527],[149.8242,-33.5373],[149.7928,-33.5475],[149.772,-33.5218],[149.7684,-33.5309],[149.756,-33.5316],[149.755,-33.5407],[149.7442,-33.5418],[149.7304,-33.5369],[149.7228,-33.5253],[149.7083,-33.5303],[149.7057,-33.5146],[149.6733,-33.497],[149.6638,-33.4848],[149.6471,-33.4952],[149.6239,-33.493],[149.6296,-33.5006],[149.6229,-33.5042],[149.6249,-33.5206],[149.6106,-33.529],[149.6186,-33.553],[149.6133,-33.5601],[149.6191,-33.5575],[149.6251,-33.5636],[149.6448,-33.5539],[149.6404,-33.5601],[149.6493,-33.5681],[149.6556,-33.5646],[149.6516,-33.5699],[149.668,-33.59],[149.6588,-33.5916],[149.6588,-33.5992],[149.6697,-33.5951],[149.6679,-33.6016],[149.6767,-33.601],[149.6875,-33.611],[149.7074,-33.6108],[149.719,-33.6265],[149.7083,-33.6285],[149.7131,-33.6338],[149.7057,-33.6413],[149.7096,-33.645],[149.692,-33.6507],[149.6939,-33.6698],[149.6916,-33.676],[149.6803,-33.6774],[149.6816,-33.684],[149.657,-33.6806],[149.6588,-33.6747],[149.6372,-33.668],[149.6397,-33.6765],[149.6308,-33.6672],[149.6115,-33.6821],[149.6202,-33.6919],[149.6105,-33.7023],[149.6155,-33.7026]]]},"properties":{"lga_code_2023":"16100","lga_name_2023":"Oberon","state_code_2021":"1"}},{"type":"Feature","geometry":{"type":"Polygon","coordinates":[[[149.0404,-33.253],[149.0324,-33.2736],[149.0377,-33.2747],[149.0365,-33.2816],[149.0505,-33.2839],[149.0423,-33.3197],[149.0371,-33.3188],[149.0206,-33.3603],[149.0106,-33.3604],[149.0094,-33.3661],[149.0315,-33.3702],[149.0304,-33.3758],[149.058,-33.3888],[149.1516,-33.3938],[149.15,-33.4013],[149.1563,-33.4024],[149.1681,-33.4295],[149.1829,-33.4337],[149.1819,-33.4381],[149.1863,-33.4292],[149.2023,-33.4316],[149.2068,-33.4393],[149.2158,-33.4369],[149.2171,-33.4229],[149.2344,-33.4277],[149.2365,-33.4124],[149.2266,-33.411],[149.2319,-33.3819],[149.2075,-33.3745],[149.2098,-33.3642],[149.1934,-33.3618],[149.192,-33.3396],[149.181,-33.3378],[149.1884,-33.303],[149.1751,-33.3011],[149.1774,-33.2906],[149.161,-33.2843],[149.1707,-33.2414],[149.166,-33.2283],[149.0919,-33.2174],[149.0878,-33.2295],[149.0433,-33.2225],[149.0489,-33.2313],[149.0442,-33.232],[149.0404,-33.253]]]},"properties":{"lga_code_2023":"16150","lga_name_2023":"Orange","state_code_2021":"1"}},{"type":"Feature","geometry":{"type":"Polygon","coordinates":[[[147.5984,-32.7386],[147.5998,-32.7621],[147.6043,-32.7627],[147.571,-32.9497],[147.5569,-32.9482],[147.543,-33.0202],[147.5592,-33.022],[147.5486,-33.0876],[147.5715,-33.0902],[147.5652,-33.1295],[147.6436,-33.1388],[147.6429,-33.1499],[147.6548,-33.1512],[147.6534,-33.1593],[147.6405,-33.1577],[147.6357,-33.1861],[147.8452,-33.2116],[147.8453,-33.2002],[147.8795,-33.2046],[147.878,-33.214],[147.9083,-33.2135],[147.9164,-33.2054],[147.9181,-33.224],[147.9246,-33.2249],[147.9206,-33.2445],[147.997,-33.2518],[147.9954,-33.2599],[148.0069,-33.2615],[148.0083,-33.2539],[148.0799,-33.2644],[148.0895,-33.2672],[148.0847,-33.2758],[148.097,-33.2774],[148.1007,-33.2714],[148.1657,-33.2527],[148.1952,-33.2716],[148.2269,-33.2758],[148.233,-33.2433],[148.2541,-33.2457],[148.2353,-33.2089],[148.2378,-33.1991],[148.2864,-33.2047],[148.2887,-33.1983],[148.3369,-33.224],[148.3617,-33.2156],[148.4017,-33.2257],[148.4302,-33.2161],[148.4303,-33.2005],[148.4667,-33.2088],[148.4754,-33.1962],[148.4885,-33.1955],[148.4986,-33.187],[148.493,-33.1797],[148.5055,-33.1659],[148.5043,-33.1342],[148.4866,-33.1232],[148.4897,-33.1089],[148.4997,-33.0999],[148.5073,-33.0555],[148.5037,-33.0469],[148.4831,-33.0176],[148.4633,-33.0134],[148.4551,-32.9936],[148.4458,-32.9922],[148.4302,-32.9699],[148.4186,-32.9736],[148.3994,-32.9592],[148.3896,-32.9741],[148.3722,-32.9716],[148.3818,-32.9346],[148.3725,-32.9292],[148.3813,-32.914],[148.3831,-32.8506],[148.3758,-32.8454],[148.3783,-32.8326],[148.3683,-32.8315],[148.3679,-32.825],[148.3454,-32.8116],[148.3294,-32.8108],[148.3276,-32.8008],[148.3353,-32.7816],[148.3295,-32.701],[148.335,-32.679],[148.3471,-32.6758],[148.2645,-32.6782],[148.263,-32.6921],[148.2469,-32.6899],[148.2487,-32.6816],[148.128,-32.6828],[148.1306,-32.6761],[148.1224,-32.6736],[148.1233,-32.6631],[148.1073,-32.6498],[148.1082,-32.6352],[148.0921,-32.6168],[148.0913,-32.6045],[148.0672,-32.5986],[148.0565,-32.5853],[148.0323,-32.5761],[148.0309,-32.5688],[148.0216,-32.5722],[148.0187,-32.565],[148.0037,-32.5642],[148.0051,-32.5546],[147.9925,-32.5388],[147.964,-32.5188],[147.9654,-32.499],[147.9364,-32.491],[147.9249,-32.4698],[147.9053,-32.4606],[147.8996,-32.452],[147.9056,-32.4462],[147.9048,-32.4318],[147.8845,-32.4403],[147.8568,-32.4372],[147.8206,-32.4195],[147.7721,-32.4232],[147.7629,-32.4074],[147.7491,-32.4097],[147.7197,-32.3962],[147.6965,-32.3692],[147.6123,-32.4233],[147.6115,-32.4412],[147.5895,-32.4384],[147.5609,-32.4559],[147.5453,-32.5513],[147.5618,-32.5538],[147.5562,-32.5592],[147.5506,-32.5973],[147.5815,-32.6046],[147.5647,-32.6156],[147.5569,-32.6293],[147.5537,-32.673],[147.5776,-32.6756],[147.5684,-32.7354],[147.5984,-32.7386]]]},"properties":{"lga_code_2023":"16200","lga_name_2023":"Parkes","state_code_2021":"1"}},{"type":"Feature","geometry":{"type":"Polygon","coordinates":[[[151.0504,-33.7587],[150.9717,-33.7744],[150.9589,-33.7683],[150.9653,-33.7794],[150.9476,-33.7804],[150.9572,-33.8021],[150.9909,-33.8097],[150.9936,-33.8185],[150.9879,-33.8248],[151.0192,-33.8373],[151.0301,-33.8352],[151.0692,-33.8583],[151.0814,-33.85],[151.0804,-33.835],[151.0753,-33.8327],[151.0841,-33.8222],[151.0511,-33.8242],[151.0734,-33.8186],[151.0657,-33.7909],[151.0824,-33.7888],[151.0937,-33.7787],[151.0972,-33.7654],[151.0504,-33.7587]]]},"properties":{"lga_code_2023":"16260","lga_name_2023":"Parramatta","state_code_2021":"1"}},{"type":"Feature","geometry":{"type":"Polygon","coordinates":[[[150.7741,-33.635],[150.7014,-33.6124],[150.6794,-33.6274],[150.6664,-33.6536],[150.6671,-33.6664],[150.6579,-33.677],[150.658,-33.7137],[150.6441,-33.7212],[150.643,-33.7798],[150.6197,-33.8141],[150.5928,-33.8325],[150.588,-33.8462],[150.5937,-33.8563],[150.6174,-33.8623],[150.6354,-33.856],[150.6393,-33.8763],[150.6923,-33.8832],[150.6905,-33.8723],[150.6983,-33.864],[150.7934,-33.8807],[150.8151,-33.8794],[150.8235,-33.8359],[150.819,-33.8352],[150.8208,-33.8267],[150.8116,-33.8251],[150.8157,-33.8077],[150.8101,-33.784],[150.7841,-33.7411],[150.7596,-33.7301],[150.7661,-33.7055],[150.7788,-33.7022],[150.8005,-33.6746],[150.8124,-33.6776],[150.7878,-33.6434],[150.7741,-33.635]]]},"properties":{"lga_code_2023":"16350","lga_name_2023":"Penrith","state_code_2021":"1"}},{"type":"Feature","geometry":{"type":"MultiPolygon","coordinates":[[[[152.8623,-31.2874],[152.8148,-31.2827],[152.8142,-31.2701],[152.824,-31.2715],[152.8294,-31.2451],[152.8154,-31.243],[152.8181,-31.2278],[152.7631,-31.2194],[152.7616,-31.2283],[152.7303,-31.224],[152.7327,-31.2145],[152.7476,-31.2158],[152.7517,-31.1947],[152.7262,-31.1852],[152.728,-31.1763],[152.7192,-31.1749],[152.7177,-31.1825],[152.706,-31.1807],[152.7069,-31.1515],[152.6996,-31.1514],[152.6903,-31.1398],[152.6812,-31.1408],[152.6738,-31.1535],[152.6578,-31.1492],[152.6497,-31.1545],[152.6322,-31.1386],[152.6145,-31.136],[152.5961,-31.1238],[152.5742,-31.1316],[152.5617,-31.1296],[152.5562,-31.1482],[152.5412,-31.152],[152.5397,-31.1629],[152.5197,-31.1671],[152.4708,-31.1663],[152.4558,-31.1558],[152.3865,-31.1667],[152.369,-31.1558],[152.3682,-31.1364],[152.3496,-31.117],[152.3389,-31.114],[152.3426,-31.1283],[152.3309,-31.1275],[152.3166,-31.2029],[152.2547,-31.1945],[152.2576,-31.2009],[152.2517,-31.2063],[152.2341,-31.1975],[152.2321,-31.2055],[152.2234,-31.2079],[152.1997,-31.1936],[152.179,-31.1995],[152.1707,-31.1907],[152.1522,-31.1877],[152.147,-31.1981],[152.1541,-31.2093],[152.1496,-31.2238],[152.1606,-31.23],[152.161,-31.2402],[152.1529,-31.273],[152.1389,-31.2854],[152.1237,-31.2787],[152.0996,-31.3931],[152.0966,-31.3882],[152.0706,-31.4037],[152.0679,-31.3984],[152.0619,-31.4292],[152.0682,-31.4425],[152.0878,-31.4562],[152.0799,-31.4621],[152.0785,-31.4735],[152.0857,-31.5072],[152.1641,-31.5171],[152.1657,-31.5001],[152.154,-31.4794],[152.1475,-31.4424],[152.1628,-31.4452],[152.177,-31.4565],[152.176,-31.4724],[152.1886,-31.4821],[152.1782,-31.5193],[152.1982,-31.5382],[152.2056,-31.54],[152.2132,-31.5333],[152.2097,-31.5294],[152.2175,-31.5073],[152.2377,-31.5088],[152.2548,-31.4872],[152.2712,-31.499],[152.2813,-31.5241],[152.2893,-31.519],[152.2962,-31.5244],[152.3056,-31.5129],[152.3346,-31.5154],[152.3317,-31.5247],[152.3428,-31.525],[152.3452,-31.5305],[152.3315,-31.5398],[152.3426,-31.5513],[152.3327,-31.5552],[152.3424,-31.5577],[152.3383,-31.5687],[152.3493,-31.5763],[152.3282,-31.5886],[152.3084,-31.6247],[152.3332,-31.6231],[152.3352,-31.6144],[152.3484,-31.6163],[152.347,-31.6237],[152.3561,-31.625],[152.3529,-31.6517],[152.3822,-31.65],[152.3949,-31.6559],[152.3917,-31.665],[152.4072,-31.6682],[152.4201,-31.6459],[152.4393,-31.6528],[152.4503,-31.6452],[152.4605,-31.6472],[152.4648,-31.6405],[152.5029,-31.6371],[152.5017,-31.6609],[152.5369,-31.6653],[152.5358,-31.6711],[152.5578,-31.6748],[152.5568,-31.68],[152.5948,-31.6952],[152.6285,-31.6941],[152.7215,-31.7095],[152.7301,-31.7008],[152.7447,-31.717],[152.7355,-31.7245],[152.7472,-31.721],[152.8044,-31.7281],[152.7929,-31.7123],[152.7987,-31.6924],[152.8252,-31.6584],[152.8495,-31.6413],[152.838,-31.6392],[152.834,-31.629],[152.8483,-31.6016],[152.8401,-31.5894],[152.8453,-31.5729],[152.8769,-31.5296],[152.9378,-31.4761],[152.9334,-31.4476],[152.9147,-31.4237],[152.9152,-31.408],[152.9377,-31.3608],[152.9764,-31.3141],[152.8645,-31.2959],[152.8623,-31.2874]]],[[[152.9349,-31.4465],[152.9351,-31.4466],[152.9352,-31.4464],[152.9349,-31.4465]]],[[[152.9317,-31.433],[152.9315,-31.4327],[152.9314,-31.4328],[152.9317,-31.433]]],[[[152.9232,-31.4296],[152.9234,-31.4294],[152.9234,-31.4291],[152.9232,-31.4296]]],[[[152.9274,-31.4434],[152.9276,-31.4432],[152.9271,-31.4433],[152.9274,-31.4434]]],[[[152.9214,-31.4293],[152.9213,-31.4291],[152.9212,-31.4291],[152.9214,-31.4293]]],[[[152.9212,-31.429],[152.9213,-31.4288],[152.9211,-31.4289],[152.9212,-31.429]]]]},"properties":{"lga_code_2023":"16380","lga_name_2023":"Port Macquarie-Hastings","state_code_2021":"1"}},{"type":"Feature","geometry":{"type":"MultiPolygon","coordinates":[[[[152.1309,-32.7194],[152.1036,-32.7162],[152.1019,-32.727],[152.0904,-32.728],[152.0766,-32.7195],[152.0638,-32.6985],[152.0595,-32.7103],[152.0719,-32.7267],[152.0695,-32.736],[152.06,-32.7359],[152.0586,-32.7162],[152.055,-32.7273],[152.0485,-32.7287],[152.0215,-32.7204],[151.998,-32.7275],[151.9964,-32.7207],[151.9881,-32.7192],[151.9873,-32.7258],[151.9448,-32.7392],[151.9364,-32.7369],[151.9464,-32.7339],[151.9445,-32.7171],[151.9693,-32.7148],[151.9782,-32.7059],[151.9776,-32.6877],[151.9601,-32.6974],[151.9626,-32.6928],[151.9529,-32.6867],[151.9549,-32.6773],[151.9446,-32.6768],[151.9674,-32.6662],[151.9691,-32.6541],[151.9576,-32.6159],[151.8998,-32.6092],[151.8988,-32.6136],[151.8577,-32.6136],[151.85,-32.651],[151.8217,-32.6467],[151.8242,-32.6341],[151.8032,-32.6336],[151.8055,-32.623],[151.7886,-32.6204],[151.7907,-32.6105],[151.805,-32.6124],[151.8076,-32.599],[151.8135,-32.5998],[151.8065,-32.5849],[151.8036,-32.5982],[151.7773,-32.5938],[151.7784,-32.6104],[151.7641,-32.6138],[151.765,-32.6068],[151.6844,-32.5938],[151.6871,-32.5814],[151.6698,-32.5789],[151.6649,-32.5909],[151.6419,-32.5981],[151.6395,-32.6113],[151.6303,-32.6181],[151.6084,-32.6152],[151.5949,-32.6212],[151.606,-32.6368],[151.6027,-32.6537],[151.5957,-32.6515],[151.5936,-32.6568],[151.6079,-32.6731],[151.6038,-32.6792],[151.6109,-32.6915],[151.6287,-32.7054],[151.6451,-32.7044],[151.648,-32.7133],[151.6428,-32.7194],[151.6669,-32.7407],[151.6754,-32.7406],[151.6807,-32.7293],[151.6896,-32.727],[151.7252,-32.7355],[151.7215,-32.7458],[151.7284,-32.76],[151.7435,-32.7547],[151.7165,-32.7838],[151.6955,-32.7892],[151.707,-32.8031],[151.6837,-32.8157],[151.6836,-32.8213],[151.7006,-32.8313],[151.7299,-32.8366],[151.7567,-32.8526],[151.7683,-32.8523],[151.7751,-32.8238],[151.7966,-32.8191],[151.8171,-32.8239],[151.8142,-32.8395],[151.7904,-32.8604],[151.794,-32.8757],[151.8102,-32.8782],[151.8997,-32.8322],[152.0175,-32.793],[152.0709,-32.7835],[152.1156,-32.7929],[152.1117,-32.788],[152.1233,-32.7848],[152.1162,-32.7779],[152.1216,-32.7692],[152.1584,-32.7649],[152.1638,-32.7588],[152.1726,-32.7617],[152.1693,-32.7575],[152.176,-32.7548],[152.171,-32.7444],[152.1869,-32.7411],[152.183,-32.7303],[152.1875,-32.7116],[152.1779,-32.7197],[152.1618,-32.7096],[152.1485,-32.7181],[152.1309,-32.7194]]],[[[152.124,-32.7848],[152.124,-32.7843],[152.1235,-32.7849],[152.124,-32.7848]]],[[[152.0174,-32.6734],[152.017,-32.6728],[152.0157,-32.6744],[152.0174,-32.6734]]],[[[151.9839,-32.6698],[151.9856,-32.6713],[151.9871,-32.6712],[151.9839,-32.6698]]],[[[151.9824,-32.6724],[151.9838,-32.6725],[151.9835,-32.6719],[151.9824,-32.6724]]],[[[152.0939,-32.7918],[152.0949,-32.7925],[152.0945,-32.7914],[152.0939,-32.7918]]],[[[152.1202,-32.7898],[152.1208,-32.7893],[152.1198,-32.7889],[152.1202,-32.7898]]],[[[152.081,-32.7894],[152.0806,-32.7895],[152.0814,-32.7896],[152.081,-32.7894]]],[[[152.0799,-32.7899],[152.0802,-32.7896],[152.0797,-32.7896],[152.0799,-32.7899]]],[[[152.0774,-32.7889],[152.0775,-32.7891],[152.0776,-32.7888],[152.0774,-32.7889]]],[[[151.98,-32.6735],[151.974,-32.6654],[151.98,-32.6776],[151.98,-32.6735]]],[[[151.9654,-32.6735],[151.9749,-32.6802],[151.9704,-32.6676],[151.9654,-32.6735]]],[[[152.0655,-32.6948],[152.0688,-32.6936],[152.0665,-32.6932],[152.0655,-32.6948]]],[[[152.0537,-32.6947],[152.0553,-32.6946],[152.0541,-32.6941],[152.0537,-32.6947]]],[[[152.0573,-32.6982],[152.0578,-32.6984],[152.0576,-32.6979],[152.0573,-32.6982]]],[[[152.0514,-32.691],[152.0519,-32.6911],[152.051,-32.6907],[152.0514,-32.691]]],[[[151.9978,-32.7006],[152.0034,-32.7058],[152.0016,-32.7016],[151.9978,-32.7006]]],[[[152.0552,-32.7029],[152.0594,-32.7018],[152.0571,-32.6999],[152.0552,-32.7029]]],[[[151.9806,-32.7084],[151.981,-32.7088],[151.9807,-32.7078],[151.9806,-32.7084]]],[[[152.1517,-32.7684],[152.153,-32.7684],[152.1524,-32.768],[152.1517,-32.7684]]],[[[152.1772,-32.7558],[152.1793,-32.7562],[152.1772,-32.7553],[152.1772,-32.7558]]],[[[152.2054,-32.7423],[152.2041,-32.7426],[152.2049,-32.7432],[152.2054,-32.7423]]],[[[152.1423,-32.7679],[152.1451,-32.7679],[152.143,-32.7668],[152.1423,-32.7679]]],[[[152.1447,-32.7687],[152.1452,-32.7686],[152.1447,-32.7684],[152.1447,-32.7687]]],[[[152.1574,-32.7654],[152.1582,-32.7654],[152.1575,-32.7649],[152.1574,-32.7654]]],[[[152.1462,-32.7656],[152.1469,-32.7658],[152.1463,-32.7655],[152.1462,-32.7656]]],[[[152.1534,-32.7652],[152.1534,-32.7649],[152.1532,-32.7651],[152.1534,-32.7652]]],[[[152.1608,-32.764],[152.1615,-32.7652],[152.1615,-32.7636],[152.1608,-32.764]]],[[[152.1715,-32.7624],[152.1726,-32.7626],[152.1729,-32.7623],[152.1715,-32.7624]]],[[[152.1982,-32.7464],[152.2034,-32.7485],[152.2031,-32.7424],[152.1924,-32.7398],[152.1849,-32.7497],[152.1982,-32.7464]]]]},"properties":{"lga_code_2023":"16400","lga_name_2023":"Port Stephens","state_code_2021":"1"}},{"type":"Feature","geometry":{"type":"Polygon","coordinates":[[[149.2257,-35.3418],[149.2053,-35.3468],[149.1383,-35.4288],[149.1551,-35.4362],[149.1351,-35.454],[149.1516,-35.4932],[149.1507,-35.5098],[149.1315,-35.5536],[149.1381,-35.5793],[149.1483,-35.5808],[149.1535,-35.5921],[149.1614,-35.5891],[149.1647,-35.5998],[149.1747,-35.6012],[149.1839,-35.6006],[149.1861,-35.5901],[149.1946,-35.5913],[149.1962,-35.5856],[149.2274,-35.5904],[149.227,-35.5978],[149.2344,-35.592],[149.2552,-35.5923],[149.253,-35.6032],[149.264,-35.6047],[149.3015,-35.6649],[149.3189,-35.6674],[149.3682,-35.648],[149.3678,-35.6339],[149.3903,-35.6292],[149.4042,-35.6389],[149.4224,-35.6325],[149.4527,-35.639],[149.4543,-35.6311],[149.5091,-35.6387],[149.5135,-35.6725],[149.5038,-35.6798],[149.5229,-35.7168],[149.5156,-35.7744],[149.523,-35.7908],[149.5174,-35.7979],[149.5235,-35.8153],[149.4965,-35.8143],[149.4956,-35.8311],[149.4844,-35.84],[149.4903,-35.8525],[149.4852,-35.8621],[149.4966,-35.8875],[149.5151,-35.8965],[149.5107,-35.9039],[149.52,-35.9155],[149.5116,-35.9521],[149.518,-35.9599],[149.5194,-35.9821],[149.5423,-35.9931],[149.5622,-35.9842],[149.5711,-36.0091],[149.5855,-36.0051],[149.5848,-35.9914],[149.6011,-35.9916],[149.6084,-35.9674],[149.6205,-35.9621],[149.6607,-35.9867],[149.6729,-35.9893],[149.6799,-35.9815],[149.6939,-35.9083],[149.6787,-35.866],[149.6819,-35.8377],[149.6766,-35.8259],[149.6849,-35.8027],[149.7093,-35.7842],[149.7596,-35.7941],[149.7738,-35.7816],[149.7963,-35.7737],[149.8039,-35.7608],[149.8174,-35.7539],[149.8207,-35.7452],[149.8144,-35.7363],[149.8225,-35.7347],[149.8298,-35.7214],[149.8393,-35.7238],[149.8402,-35.715],[149.8542,-35.7201],[149.8626,-35.7138],[149.9084,-35.637],[149.9218,-35.6347],[149.9221,-35.6183],[149.9351,-35.6109],[149.9299,-35.5654],[149.9482,-35.5618],[149.9413,-35.5607],[149.9429,-35.5533],[149.9567,-35.544],[149.9492,-35.5406],[149.9488,-35.5322],[149.9574,-35.5307],[149.964,-35.5008],[149.979,-35.5025],[149.9774,-35.4902],[150.0021,-35.4753],[150.0054,-35.4446],[150.0141,-35.4381],[150.0073,-35.4291],[150.0209,-35.4123],[150.0385,-35.4057],[150.042,-35.3831],[150.037,-35.3674],[150.0467,-35.3474],[150.038,-35.3316],[150.0447,-35.3178],[150.0511,-35.3091],[150.0854,-35.3053],[150.086,-35.2911],[150.098,-35.2931],[150.1054,-35.2847],[150.1166,-35.2935],[150.138,-35.2733],[150.1519,-35.2668],[150.1644,-35.2698],[150.161,-35.2568],[150.1721,-35.2487],[150.1687,-35.2393],[150.1979,-35.2295],[150.195,-35.2192],[150.1874,-35.2201],[150.1861,-35.2001],[150.2151,-35.204],[150.2155,-35.1993],[150.2039,-35.1707],[150.1758,-35.1654],[150.1698,-35.1484],[150.16,-35.1513],[150.1516,-35.1434],[150.1418,-35.1446],[150.1394,-35.1175],[150.1293,-35.1135],[150.1338,-35.1059],[150.1272,-35.1035],[150.1294,-35.0971],[150.1059,-35.086],[150.1079,-35.0722],[150.0891,-35.0678],[150.0876,-35.0593],[150.0725,-35.0509],[150.0759,-35.0423],[150.0615,-35.0366],[150.0645,-35.0221],[150.0529,-35.0186],[150.0519,-35.0073],[150.0426,-34.9995],[150.0241,-35.0035],[150.0288,-35.054],[149.9968,-35.0758],[149.9863,-35.0659],[149.9774,-35.0661],[149.9844,-35.0844],[149.9806,-35.095],[149.9971,-35.1024],[150.0267,-35.0953],[150.018,-35.1191],[150.0313,-35.1197],[150.0351,-35.1285],[150.0141,-35.1314],[150.0108,-35.1398],[149.9961,-35.1428],[149.9922,-35.162],[149.9784,-35.1662],[149.9609,-35.1502],[149.9316,-35.15],[149.934,-35.1656],[149.9525,-35.1785],[149.9521,-35.2096],[149.9269,-35.2375],[149.9049,-35.2428],[149.8974,-35.2392],[149.8974,-35.2343],[149.9141,-35.2335],[149.9176,-35.2249],[149.9005,-35.2247],[149.8827,-35.2353],[149.8823,-35.2417],[149.8928,-35.2471],[149.8828,-35.2562],[149.8489,-35.2465],[149.8497,-35.2226],[149.8431,-35.2216],[149.8461,-35.2143],[149.8355,-35.207],[149.8071,-35.2108],[149.794,-35.203],[149.7959,-35.1948],[149.7678,-35.1962],[149.7729,-35.1786],[149.766,-35.171],[149.731,-35.1828],[149.7078,-35.175],[149.7094,-35.1696],[149.6997,-35.1602],[149.6886,-35.159],[149.6607,-35.1379],[149.6528,-35.1156],[149.6348,-35.1169],[149.6315,-35.1346],[149.6071,-35.1297],[149.5998,-35.1436],[149.5929,-35.1448],[149.591,-35.1567],[149.5725,-35.1535],[149.5635,-35.1599],[149.5424,-35.1524],[149.5598,-35.1155],[149.5431,-35.1108],[149.5446,-35.1035],[149.5499,-35.1043],[149.5566,-35.0712],[149.5382,-35.0686],[149.5512,-34.9756],[149.519,-34.9662],[149.5286,-34.9523],[149.5264,-34.9314],[149.5356,-34.9326],[149.541,-34.9208],[149.5247,-34.9178],[149.5264,-34.9079],[149.491,-34.9022],[149.4885,-34.9163],[149.4551,-34.9115],[149.4478,-34.9279],[149.4226,-34.9295],[149.406,-34.9629],[149.3882,-34.9788],[149.3734,-35.0629],[149.3756,-35.0982],[149.3683,-35.1096],[149.3454,-35.1218],[149.3275,-35.1549],[149.294,-35.1753],[149.2343,-35.1816],[149.2007,-35.2054],[149.2085,-35.2115],[149.205,-35.2291],[149.2138,-35.2196],[149.2455,-35.2267],[149.2344,-35.2428],[149.2494,-35.2472],[149.2573,-35.2572],[149.2732,-35.2592],[149.2718,-35.2735],[149.3153,-35.2762],[149.3225,-35.2867],[149.3276,-35.2824],[149.3415,-35.2867],[149.3506,-35.2994],[149.361,-35.3016],[149.3617,-35.309],[149.3948,-35.3032],[149.398,-35.3253],[149.3514,-35.3513],[149.337,-35.3399],[149.2937,-35.3321],[149.2826,-35.3381],[149.2492,-35.3301],[149.2257,-35.3418]]]},"properties":{"lga_code_2023":"16490","lga_name_2023":"Queanbeyan-Palerang","state_code_2021":"1"}},{"type":"Feature","geometry":{"type":"MultiPolygon","coordinates":[[[[151.2486,-33.9034],[151.2416,-33.9027],[151.242,-33.8902],[151.2335,-33.8896],[151.2233,-33.9046],[151.2143,-33.9038],[151.2114,-33.9215],[151.2282,-33.9251],[151.2317,-33.952],[151.2212,-33.9591],[151.2209,-33.969],[151.2115,-33.972],[151.2089,-33.9821],[151.226,-33.9767],[151.2308,-33.9926],[151.2355,-33.9894],[151.2376,-33.9984],[151.2492,-34.0018],[151.2512,-33.9789],[151.259,-33.9758],[151.2519,-33.9647],[151.266,-33.968],[151.2657,-33.9588],[151.257,-33.9519],[151.2657,-33.9414],[151.2595,-33.9373],[151.2577,-33.922],[151.2614,-33.9149],[151.2716,-33.9132],[151.2486,-33.9034]]],[[[151.2654,-33.9263],[151.2661,-33.9254],[151.2652,-33.9256],[151.2654,-33.9263]]]]},"properties":{"lga_code_2023":"16550","lga_name_2023":"Randwick","state_code_2021":"1"}},{"type":"Feature","geometry":{"type":"Polygon","coordinates":[[[152.745,-28.9929],[152.7245,-29.0111],[152.689,-29.0228],[152.69,-29.0352],[152.7068,-29.051],[152.7207,-29.0796],[152.7434,-29.0759],[152.7591,-29.0904],[152.7579,-29.1061],[152.7486,-29.1103],[152.7311,-29.1371],[152.7324,-29.1502],[152.718,-29.1823],[152.7217,-29.1887],[152.7546,-29.1901],[152.763,-29.2008],[152.7736,-29.2032],[152.774,-29.2195],[152.7965,-29.2248],[152.7997,-29.2334],[152.8086,-29.2359],[152.8245,-29.2744],[152.8089,-29.2994],[152.811,-29.3165],[152.8348,-29.3144],[152.8479,-29.3232],[152.8575,-29.3122],[152.8715,-29.3094],[152.8974,-29.3215],[152.9142,-29.3107],[152.9475,-29.3327],[152.9948,-29.3277],[153.0098,-29.3314],[153.0207,-29.343],[153.0531,-29.3246],[153.0688,-29.3233],[153.0809,-29.3125],[153.0874,-29.3184],[153.1005,-29.317],[153.1114,-29.2742],[153.1444,-29.2819],[153.1466,-29.2626],[153.1393,-29.2615],[153.143,-29.2425],[153.1819,-29.2528],[153.1805,-29.2599],[153.2067,-29.2634],[153.2071,-29.2418],[153.2884,-29.2514],[153.3177,-29.2396],[153.3598,-29.2637],[153.4125,-29.1853],[153.4567,-29.1402],[153.4486,-29.1334],[153.4513,-29.1187],[153.4346,-29.112],[153.4339,-29.0916],[153.4519,-29.0413],[153.4835,-28.9907],[153.4389,-28.9985],[153.4226,-29.0175],[153.3999,-28.999],[153.3766,-29.0245],[153.3824,-29.052],[153.3735,-29.0611],[153.3355,-29.0706],[153.3285,-29.0594],[153.3348,-29.0447],[153.327,-29.0391],[153.306,-29.0605],[153.279,-29.0363],[153.2855,-29.024],[153.269,-29.0129],[153.2803,-29.0014],[153.284,-29.0089],[153.2977,-29.0037],[153.3005,-28.9945],[153.2863,-28.9823],[153.2909,-28.9741],[153.2799,-28.9698],[153.2734,-28.9523],[153.2637,-28.952],[153.2694,-28.9442],[153.2588,-28.9445],[153.247,-28.9312],[153.2418,-28.9469],[153.2251,-28.9283],[153.2075,-28.9308],[153.1986,-28.9211],[153.1883,-28.9282],[153.1731,-28.9224],[153.1792,-28.9181],[153.1762,-28.9033],[153.1876,-28.8463],[153.1646,-28.8247],[153.1385,-28.8146],[153.1479,-28.7839],[153.1112,-28.775],[153.1087,-28.7635],[153.0794,-28.7491],[153.0766,-28.7332],[153.0544,-28.7331],[153.0564,-28.7221],[153.0546,-28.7274],[153.0165,-28.7219],[153.0057,-28.724],[153.0044,-28.7313],[152.9957,-28.7215],[152.9172,-28.7107],[152.9057,-28.7138],[152.9054,-28.7302],[152.9157,-28.7369],[152.9178,-28.7505],[152.9248,-28.7555],[152.9238,-28.7706],[152.9386,-28.7801],[152.9353,-28.7851],[152.9481,-28.7914],[152.9446,-28.7952],[152.9525,-28.8015],[152.929,-28.8044],[152.9138,-28.8213],[152.8876,-28.8193],[152.8846,-28.836],[152.8755,-28.8436],[152.8675,-28.8397],[152.8632,-28.8527],[152.8583,-28.852],[152.8464,-28.8887],[152.8209,-28.8828],[152.8198,-28.9037],[152.7983,-28.9102],[152.7862,-28.9267],[152.7505,-28.9133],[152.7529,-28.929],[152.7445,-28.9334],[152.7419,-28.9447],[152.7493,-28.9547],[152.7427,-28.9708],[152.745,-28.9929]]]},"properties":{"lga_code_2023":"16610","lga_name_2023":"Richmond Valley","state_code_2021":"1"}},{"type":"Feature","geometry":{"type":"Polygon","coordinates":[[[151.1159,-33.8372],[151.1197,-33.8327],[151.1283,-33.8417],[151.1267,-33.8302],[151.1359,-33.8151],[151.1438,-33.8166],[151.1391,-33.8094],[151.1426,-33.8016],[151.1591,-33.7987],[151.1564,-33.7913],[151.1483,-33.7942],[151.1392,-33.7747],[151.1257,-33.7725],[151.1168,-33.7613],[151.1054,-33.7612],[151.0852,-33.7865],[151.0657,-33.7909],[151.065,-33.7957],[151.0732,-33.8188],[151.0928,-33.8196],[151.1087,-33.8356],[151.1136,-33.8301],[151.1159,-33.8372]]]},"properties":{"lga_code_2023":"16700","lga_name_2023":"Ryde","state_code_2021":"1"}},{"type":"Feature","geometry":{"type":"MultiPolygon","coordinates":[[[[150.8697,-34.5603],[150.8737,-34.5444],[150.8614,-34.5373],[150.8372,-34.5427],[150.8323,-34.5569],[150.8164,-34.5535],[150.8047,-34.5614],[150.7952,-34.5537],[150.8065,-34.5546],[150.8104,-34.5489],[150.8049,-34.5458],[150.8018,-34.5529],[150.7905,-34.5449],[150.7708,-34.5535],[150.7467,-34.5537],[150.72,-34.546],[150.687,-34.5489],[150.6817,-34.543],[150.6806,-34.5533],[150.6553,-34.5466],[150.6412,-34.5583],[150.6379,-34.571],[150.6438,-34.5797],[150.6642,-34.5812],[150.6696,-34.5929],[150.6921,-34.6037],[150.7581,-34.613],[150.7683,-34.5989],[150.7902,-34.6023],[150.7881,-34.6135],[150.7959,-34.6146],[150.793,-34.6287],[150.7993,-34.6296],[150.797,-34.6413],[150.8035,-34.6432],[150.8152,-34.6368],[150.8325,-34.639],[150.8451,-34.631],[150.8431,-34.6369],[150.848,-34.6351],[150.8497,-34.6274],[150.8378,-34.6116],[150.849,-34.6143],[150.8601,-34.6285],[150.8555,-34.6156],[150.8652,-34.6052],[150.8769,-34.608],[150.8854,-34.6062],[150.8812,-34.6039],[150.8875,-34.5983],[150.903,-34.5989],[150.9029,-34.5934],[150.8751,-34.5894],[150.8773,-34.58],[150.8684,-34.5685],[150.875,-34.5616],[150.8697,-34.5603]]],[[[150.8768,-34.545],[150.8791,-34.5468],[150.8818,-34.5458],[150.8768,-34.545]]]]},"properties":{"lga_code_2023":"16900","lga_name_2023":"Shellharbour","state_code_2021":"1"}},{"type":"Feature","geometry":{"type":"MultiPolygon","coordinates":[[[[150.7214,-34.6873],[150.5999,-34.6708],[150.6041,-34.6521],[150.5907,-34.6471],[150.5908,-34.6585],[150.5764,-34.6696],[150.5796,-34.6935],[150.5674,-34.6969],[150.564,-34.6866],[150.5691,-34.6818],[150.5593,-34.6833],[150.5664,-34.6723],[150.559,-34.6386],[150.5513,-34.6457],[150.5534,-34.6512],[150.5464,-34.6441],[150.5387,-34.6651],[150.5263,-34.6571],[150.5026,-34.6677],[150.5055,-34.6732],[150.4983,-34.6819],[150.4692,-34.6782],[150.4518,-34.6918],[150.4327,-34.6896],[150.4222,-34.6989],[150.401,-34.7032],[150.3714,-34.7437],[150.3382,-34.7484],[150.3147,-34.7742],[150.29,-34.7645],[150.2765,-34.7692],[150.2558,-34.7915],[150.237,-34.7935],[150.234,-34.8007],[150.1937,-34.8197],[150.1627,-34.8231],[150.1274,-34.8176],[150.1214,-34.8037],[150.0742,-34.7681],[150.0558,-34.7709],[150.0669,-34.7828],[150.042,-34.7932],[150.0467,-34.8047],[150.0361,-34.8086],[150.0438,-34.8278],[150.0374,-34.8439],[150.0406,-34.8602],[150.0516,-34.8703],[150.0527,-34.8822],[150.0757,-34.8976],[150.0869,-34.8938],[150.0816,-34.905],[150.0918,-34.9113],[150.0862,-34.914],[150.0882,-34.9249],[150.0678,-34.9365],[150.0555,-34.9653],[150.0788,-34.9759],[150.0858,-34.989],[150.067,-35.0042],[150.0501,-35.008],[150.0526,-35.0182],[150.0645,-35.0221],[150.0616,-35.0368],[150.0759,-35.0423],[150.0719,-35.0501],[150.0876,-35.0593],[150.0888,-35.0676],[150.1079,-35.0722],[150.1059,-35.086],[150.1294,-35.0971],[150.1272,-35.1035],[150.1338,-35.1059],[150.1293,-35.1135],[150.1394,-35.1175],[150.1418,-35.1446],[150.1516,-35.1434],[150.16,-35.1513],[150.1698,-35.1484],[150.1758,-35.1654],[150.2039,-35.1707],[150.2157,-35.201],[150.1861,-35.2001],[150.1874,-35.2201],[150.195,-35.2192],[150.1979,-35.2295],[150.1687,-35.2393],[150.1721,-35.2487],[150.161,-35.2568],[150.1644,-35.2698],[150.1519,-35.2668],[150.138,-35.2733],[150.1166,-35.2935],[150.1054,-35.2847],[150.098,-35.2931],[150.086,-35.2911],[150.0854,-35.3053],[150.0511,-35.3091],[150.043,-35.3206],[150.038,-35.3342],[150.0467,-35.3474],[150.037,-35.3674],[150.042,-35.3831],[150.0385,-35.4057],[150.0211,-35.4121],[150.0105,-35.4244],[150.0072,-35.43],[150.0141,-35.4381],[150.0054,-35.4446],[150.003,-35.4737],[149.9773,-35.4906],[149.9801,-35.5096],[149.9946,-35.5213],[150.0108,-35.5518],[150.0371,-35.5615],[150.0555,-35.5765],[150.0672,-35.5741],[150.0716,-35.5791],[150.0764,-35.5738],[150.0941,-35.5807],[150.0945,-35.5751],[150.1085,-35.5705],[150.1195,-35.5758],[150.1327,-35.5627],[150.1425,-35.5728],[150.1572,-35.5697],[150.1731,-35.5754],[150.1821,-35.5703],[150.1806,-35.5614],[150.1919,-35.5498],[150.197,-35.5544],[150.203,-35.5434],[150.2213,-35.5505],[150.2234,-35.5451],[150.2347,-35.5543],[150.2377,-35.5494],[150.2578,-35.5701],[150.2576,-35.6123],[150.2498,-35.6314],[150.2699,-35.6169],[150.2777,-35.6407],[150.2886,-35.6327],[150.2973,-35.635],[150.2858,-35.6362],[150.2938,-35.6446],[150.3151,-35.6352],[150.3238,-35.6395],[150.3299,-35.6296],[150.3231,-35.6262],[150.3226,-35.6135],[150.3341,-35.6111],[150.3341,-35.6036],[150.3456,-35.6043],[150.34,-35.5973],[150.3464,-35.5879],[150.3649,-35.5706],[150.3768,-35.5718],[150.3758,-35.5636],[150.3869,-35.5627],[150.3816,-35.556],[150.385,-35.5461],[150.3925,-35.5445],[150.3962,-35.5331],[150.4063,-35.5339],[150.3986,-35.5159],[150.4016,-35.5062],[150.3937,-35.5057],[150.3909,-35.4984],[150.3957,-35.4929],[150.3894,-35.4886],[150.3957,-35.48],[150.3908,-35.4735],[150.394,-35.4628],[150.4037,-35.4581],[150.4065,-35.4455],[150.4157,-35.4454],[150.4107,-35.4365],[150.4231,-35.421],[150.4491,-35.4068],[150.4521,-35.39],[150.4785,-35.3678],[150.4924,-35.3667],[150.4749,-35.3566],[150.485,-35.3533],[150.4756,-35.3464],[150.4759,-35.3303],[150.4873,-35.325],[150.4719,-35.3165],[150.4782,-35.2916],[150.5072,-35.2685],[150.5131,-35.2699],[150.5182,-35.2604],[150.5452,-35.2484],[150.542,-35.243],[150.533,-35.2438],[150.5302,-35.2351],[150.5405,-35.2157],[150.5728,-35.193],[150.5972,-35.1903],[150.5924,-35.1755],[150.6017,-35.1703],[150.6062,-35.155],[150.596,-35.1516],[150.5939,-35.1439],[150.6337,-35.1489],[150.6573,-35.1295],[150.6613,-35.1178],[150.702,-35.123],[150.6916,-35.0832],[150.698,-35.0711],[150.6748,-35.065],[150.6795,-35.0493],[150.6711,-35.0372],[150.6767,-35.0267],[150.6992,-35.0105],[150.7284,-35.0075],[150.7246,-34.9992],[150.7288,-34.9954],[150.7603,-34.9922],[150.7717,-35.005],[150.7783,-35.0024],[150.7762,-35.0114],[150.7673,-35.0152],[150.7871,-35.0358],[150.7757,-35.0541],[150.7762,-35.083],[150.7863,-35.0725],[150.7989,-35.0803],[150.8058,-35.0944],[150.8338,-35.0744],[150.843,-35.0506],[150.8316,-35.0412],[150.8497,-35.0129],[150.843,-35.0044],[150.8298,-35.0029],[150.8214,-35.0147],[150.8102,-35.0125],[150.7812,-34.9787],[150.7763,-34.9478],[150.7858,-34.9304],[150.7686,-34.926],[150.7709,-34.8958],[150.7558,-34.8968],[150.7484,-34.8725],[150.7579,-34.8265],[150.7813,-34.7922],[150.7542,-34.7655],[150.7507,-34.7517],[150.7345,-34.7492],[150.7347,-34.6893],[150.7214,-34.6873]]],[[[150.3344,-35.6315],[150.3308,-35.6304],[150.3349,-35.6333],[150.3344,-35.6315]]],[[[150.4185,-35.5312],[150.4208,-35.526],[150.4113,-35.5303],[150.4185,-35.5312]]],[[[150.3623,-35.5764],[150.3651,-35.5783],[150.3644,-35.5767],[150.3623,-35.5764]]],[[[150.3532,-35.5865],[150.3552,-35.5869],[150.353,-35.5859],[150.3532,-35.5865]]],[[[150.3588,-35.5864],[150.3598,-35.5864],[150.3594,-35.5861],[150.3588,-35.5864]]],[[[150.3886,-35.5532],[150.392,-35.5546],[150.3906,-35.5529],[150.3886,-35.5532]]],[[[150.5146,-35.2728],[150.5176,-35.2725],[150.5144,-35.2707],[150.5146,-35.2728]]]]},"properties":{"lga_code_2023":"16950","lga_name_2023":"Shoalhaven","state_code_2021":"1"}},{"type":"Feature","geometry":{"type":"Polygon","coordinates":[[[150.7949,-32.501],[150.7736,-32.4983],[150.7446,-32.6413],[150.682,-32.6325],[150.6713,-32.6985],[150.6624,-32.7078],[150.6465,-32.7009],[150.6333,-32.7026],[150.6224,-32.7136],[150.611,-32.7131],[150.581,-32.7477],[150.5568,-32.7584],[150.5467,-32.7608],[150.5414,-32.7542],[150.5273,-32.7598],[150.516,-32.7486],[150.4941,-32.7519],[150.4921,-32.7659],[150.4645,-32.7803],[150.4618,-32.7944],[150.4418,-32.7933],[150.4212,-32.8207],[150.3892,-32.8261],[150.386,-32.8395],[150.3626,-32.8459],[150.3613,-32.8683],[150.3408,-32.8708],[150.3357,-32.8836],[150.3471,-32.8906],[150.3527,-32.9232],[150.3598,-32.9258],[150.3685,-32.9399],[150.3674,-32.9535],[150.3763,-32.9592],[150.3666,-32.9716],[150.3763,-32.9902],[150.3702,-33.0139],[150.3938,-33.0392],[150.405,-33.0245],[150.4133,-33.0237],[150.431,-33.0356],[150.464,-33.041],[150.4664,-33.0466],[150.4886,-33.0481],[150.498,-33.035],[150.5307,-33.0373],[150.5467,-33.043],[150.5527,-33.0595],[150.5722,-33.0589],[150.6045,-33.07],[150.6302,-33.0586],[150.7279,-33.072],[150.7072,-33.0586],[150.7054,-33.0446],[150.6821,-33.0447],[150.6822,-33.0319],[150.6714,-33.0241],[150.6856,-33.006],[150.6858,-32.9968],[150.6967,-32.9964],[150.7114,-33.0145],[150.7235,-33.0123],[150.7454,-33.022],[150.7611,-33.0148],[150.7638,-33.0003],[150.8048,-33.006],[150.8016,-33],[150.8156,-32.9991],[150.8194,-32.9925],[150.8149,-32.986],[150.8184,-32.9777],[150.8086,-32.9768],[150.8179,-32.9673],[150.8142,-32.9624],[150.823,-32.9601],[150.8144,-32.9551],[150.8155,-32.9464],[150.8248,-32.9442],[150.8113,-32.9248],[150.8135,-32.9199],[150.8367,-32.9188],[150.8502,-32.9315],[150.9005,-32.9294],[150.9211,-32.9382],[150.9689,-32.9406],[150.9901,-32.9554],[151.0061,-32.9536],[151.0201,-32.9322],[151.0429,-32.9226],[151.0672,-32.893],[151.0625,-32.8691],[151.0855,-32.8671],[151.0923,-32.8307],[151.0976,-32.8337],[151.1054,-32.8265],[151.1466,-32.8167],[151.1706,-32.8054],[151.1783,-32.7919],[151.1895,-32.7961],[151.2072,-32.7825],[151.2179,-32.7819],[151.225,-32.7662],[151.2088,-32.7539],[151.2168,-32.7417],[151.268,-32.7471],[151.2765,-32.7042],[151.3171,-32.7098],[151.3229,-32.681],[151.3342,-32.6827],[151.3404,-32.6488],[151.4031,-32.6629],[151.4244,-32.6462],[151.4339,-32.6242],[151.4308,-32.6154],[151.4409,-32.6156],[151.4459,-32.6078],[151.4525,-32.6087],[151.4512,-32.6155],[151.4708,-32.6182],[151.4797,-32.5552],[151.4961,-32.5573],[151.5021,-32.5293],[151.4951,-32.5241],[151.4981,-32.4986],[151.4557,-32.4707],[151.455,-32.4614],[151.4664,-32.4529],[151.4674,-32.4367],[151.4745,-32.4301],[151.4461,-32.4071],[151.4505,-32.4017],[151.4342,-32.3875],[151.4281,-32.37],[151.4108,-32.349],[151.398,-32.343],[151.3958,-32.3251],[151.383,-32.3241],[151.3903,-32.3156],[151.3806,-32.3142],[151.3715,-32.2916],[151.3555,-32.2842],[151.3392,-32.2621],[151.343,-32.2491],[151.338,-32.2336],[151.3507,-32.2134],[151.3455,-32.183],[151.3419,-32.1756],[151.3272,-32.1717],[151.3279,-32.1546],[151.3104,-32.1389],[151.2876,-32.1763],[151.2702,-32.1833],[151.2463,-32.2096],[151.2366,-32.2078],[151.2088,-32.2202],[151.1996,-32.233],[151.1898,-32.2319],[151.174,-32.2118],[151.1592,-32.2111],[151.1589,-32.2283],[151.1703,-32.2386],[151.1633,-32.2572],[151.1514,-32.2689],[151.1291,-32.2697],[151.1263,-32.284],[151.1096,-32.2817],[151.1039,-32.3061],[151.0893,-32.3227],[151.1015,-32.3243],[151.0996,-32.3356],[151.0481,-32.3323],[151.0455,-32.3468],[151.0286,-32.3446],[151.0179,-32.4021],[150.9842,-32.3976],[150.9813,-32.4128],[150.9596,-32.4075],[150.9607,-32.4012],[150.949,-32.3996],[150.948,-32.405],[150.898,-32.3971],[150.8831,-32.4702],[150.8546,-32.4507],[150.847,-32.4582],[150.843,-32.4801],[150.8351,-32.4861],[150.8019,-32.466],[150.7781,-32.4738],[150.7765,-32.4824],[150.8001,-32.5016],[150.7949,-32.501]]]},"properties":{"lga_code_2023":"17000","lga_name_2023":"Singleton","state_code_2021":"1"}},{"type":"Feature","geometry":{"type":"Polygon","coordinates":[[[149.0959,-35.8176],[149.0957,-35.8456],[149.0842,-35.8502],[149.0643,-35.8749],[149.0495,-35.92],[149.0278,-35.9127],[149.0124,-35.8996],[148.9994,-35.9027],[148.9977,-35.8964],[148.9757,-35.8922],[148.9616,-35.8967],[148.9094,-35.8531],[148.9031,-35.8353],[148.9071,-35.8296],[148.8867,-35.8101],[148.8978,-35.7947],[148.8949,-35.7719],[148.9033,-35.7579],[148.8941,-35.7513],[148.8881,-35.7371],[148.8923,-35.7284],[148.885,-35.7179],[148.8777,-35.715],[148.8725,-35.7214],[148.8641,-35.7339],[148.8624,-35.7575],[148.8557,-35.761],[148.8561,-35.7535],[148.8358,-35.7419],[148.8225,-35.721],[148.8053,-35.714],[148.7998,-35.7256],[148.7941,-35.724],[148.782,-35.7366],[148.7528,-35.6868],[148.72,-35.6674],[148.6447,-35.6527],[148.6242,-35.6389],[148.6127,-35.6239],[148.6146,-35.6185],[148.6066,-35.6153],[148.5808,-35.6206],[148.5862,-35.6328],[148.5772,-35.6528],[148.5808,-35.6605],[148.5666,-35.6656],[148.5711,-35.6788],[148.5574,-35.6814],[148.5671,-35.6881],[148.5517,-35.6925],[148.5531,-35.7063],[148.5282,-35.7237],[148.5035,-35.778],[148.4789,-35.7936],[148.4689,-35.8156],[148.471,-35.8236],[148.4531,-35.8404],[148.4469,-35.8592],[148.451,-35.8713],[148.4383,-35.8989],[148.4714,-35.915],[148.4689,-35.9419],[148.4831,-35.9462],[148.4976,-35.9681],[148.5275,-35.9847],[148.536,-35.9925],[148.535,-35.9999],[148.5592,-36.0015],[148.5538,-36.0412],[148.5704,-36.0657],[148.5533,-36.0828],[148.5663,-36.0949],[148.5615,-36.1051],[148.5525,-36.1057],[148.526,-36.088],[148.5129,-36.0877],[148.4821,-36.1006],[148.4789,-36.1136],[148.4707,-36.1189],[148.4598,-36.1184],[148.4534,-36.1267],[148.461,-36.1449],[148.4527,-36.1492],[148.4407,-36.1723],[148.4279,-36.1768],[148.4383,-36.1864],[148.4352,-36.202],[148.4264,-36.2035],[148.4246,-36.2098],[148.4275,-36.2339],[148.4347,-36.2399],[148.431,-36.2569],[148.4158,-36.2635],[148.3964,-36.2906],[148.3729,-36.288],[148.3687,-36.2998],[148.3747,-36.3064],[148.3734,-36.3247],[148.3656,-36.3302],[148.3673,-36.3396],[148.3574,-36.3405],[148.3519,-36.3571],[148.3426,-36.3685],[148.3324,-36.37],[148.3287,-36.3833],[148.2877,-36.4093],[148.2634,-36.4524],[148.2731,-36.459],[148.2706,-36.4821],[148.2638,-36.482],[148.2589,-36.5006],[148.2471,-36.5098],[148.2611,-36.5273],[148.2504,-36.5437],[148.2693,-36.5493],[148.2712,-36.5592],[148.3113,-36.5956],[148.3031,-36.6004],[148.3049,-36.6106],[148.2903,-36.6091],[148.2738,-36.619],[148.2572,-36.6168],[148.25,-36.6255],[148.2391,-36.6641],[148.2468,-36.6676],[148.2525,-36.6826],[148.2514,-36.706],[148.2386,-36.7064],[148.2354,-36.7229],[148.2406,-36.73],[148.2326,-36.7465],[148.2075,-36.7551],[148.2007,-36.7986],[149.3565,-37.2628],[149.4018,-37.1154],[149.3979,-37.0206],[149.4181,-37.0063],[149.4171,-37.0003],[149.3948,-37.0018],[149.394,-36.984],[149.3992,-36.9818],[149.3822,-36.9756],[149.375,-36.9588],[149.3879,-36.914],[149.3796,-36.9051],[149.3825,-36.8794],[149.377,-36.8748],[149.4,-36.8746],[149.4074,-36.8621],[149.4259,-36.8582],[149.4481,-36.861],[149.448,-36.8533],[149.4618,-36.8477],[149.4707,-36.8542],[149.4771,-36.8481],[149.5027,-36.8456],[149.5102,-36.8308],[149.5027,-36.8213],[149.4846,-36.8193],[149.4805,-36.8094],[149.4855,-36.7895],[149.4726,-36.7938],[149.4666,-36.7798],[149.438,-36.7762],[149.4466,-36.768],[149.4387,-36.7568],[149.4577,-36.7376],[149.452,-36.7215],[149.4597,-36.7167],[149.4595,-36.7111],[149.4388,-36.7011],[149.458,-36.687],[149.4542,-36.6692],[149.4646,-36.6554],[149.4609,-36.6466],[149.4537,-36.6459],[149.415,-36.6509],[149.4099,-36.6424],[149.4128,-36.6335],[149.3981,-36.6234],[149.4014,-36.6176],[149.3947,-36.6039],[149.3786,-36.5947],[149.387,-36.587],[149.384,-36.5646],[149.3963,-36.548],[149.4325,-36.5453],[149.4418,-36.5295],[149.4554,-36.5296],[149.4599,-36.5121],[149.4715,-36.5041],[149.4678,-36.4858],[149.4572,-36.4852],[149.474,-36.4675],[149.4705,-36.4558],[149.4845,-36.4298],[149.5259,-36.4153],[149.5296,-36.4047],[149.5421,-36.3992],[149.5436,-36.3924],[149.5367,-36.3872],[149.5392,-36.3656],[149.5701,-36.3598],[149.6026,-36.3369],[149.5366,-36.2245],[149.5478,-36.2243],[149.5521,-36.2181],[149.5479,-36.206],[149.5698,-36.2021],[149.5744,-36.1817],[149.5701,-36.1636],[149.5834,-36.1427],[149.543,-36.1072],[149.5837,-36.081],[149.5765,-36.0729],[149.582,-36.0685],[149.571,-36.0606],[149.5752,-36.0535],[149.5676,-35.9955],[149.562,-35.984],[149.5423,-35.9931],[149.5194,-35.9821],[149.518,-35.9599],[149.5116,-35.9521],[149.52,-35.9155],[149.5107,-35.9039],[149.5151,-35.8965],[149.4966,-35.8875],[149.4852,-35.862],[149.4903,-35.8525],[149.4844,-35.84],[149.4956,-35.8311],[149.4965,-35.8143],[149.5235,-35.8153],[149.5174,-35.7979],[149.523,-35.7908],[149.5156,-35.7744],[149.5229,-35.7168],[149.5038,-35.6798],[149.5135,-35.6725],[149.5092,-35.6389],[149.4543,-35.6311],[149.4527,-35.639],[149.4224,-35.6325],[149.4042,-35.6389],[149.391,-35.6292],[149.3858,-35.6341],[149.3708,-35.6319],[149.3684,-35.6479],[149.3189,-35.6674],[149.2945,-35.6592],[149.264,-35.6047],[149.253,-35.6032],[149.2552,-35.5923],[149.2344,-35.592],[149.227,-35.5978],[149.2274,-35.5904],[149.1962,-35.5856],[149.1946,-35.5913],[149.1861,-35.5901],[149.1839,-35.6006],[149.1747,-35.6012],[149.1647,-35.5998],[149.1614,-35.5891],[149.1535,-35.5921],[149.1483,-35.5808],[149.1381,-35.5793],[149.1427,-35.5928],[149.0846,-35.5808],[149.0781,-35.5864],[149.0792,-35.6077],[149.0876,-35.6397],[149.0956,-35.6403],[149.0975,-35.6473],[149.0953,-35.6793],[149.1094,-35.6966],[149.0993,-35.7147],[149.1041,-35.725],[149.0907,-35.7656],[149.0974,-35.7774],[149.0935,-35.7872],[149.1005,-35.7914],[149.1006,-35.8147],[149.0959,-35.8176]]]},"properties":{"lga_code_2023":"17040","lga_name_2023":"Snowy Monaro","state_code_2021":"1"}},{"type":"Feature","geometry":{"type":"Polygon","coordinates":[[[148.8003,-35.3598],[148.7935,-35.3391],[148.8037,-35.3168],[148.7639,-35.3169],[148.7672,-35.2736],[148.752,-35.2635],[148.7531,-35.2579],[148.5442,-35.2393],[148.5475,-35.2269],[148.5653,-35.2204],[148.5705,-35.203],[148.581,-35.195],[148.5769,-35.1792],[148.5821,-35.1517],[148.5248,-35.1239],[148.5291,-35.1011],[148.5242,-35.1001],[148.5247,-35.0877],[148.4692,-35.0801],[148.4719,-35.0888],[148.4568,-35.1545],[148.4184,-35.1637],[148.4137,-35.153],[148.3947,-35.1505],[148.3968,-35.1399],[148.3476,-35.1371],[148.3419,-35.1419],[148.3303,-35.1324],[148.3142,-35.1323],[148.2838,-35.1182],[148.1999,-35.1109],[148.2168,-35.1482],[148.2143,-35.1547],[148.2236,-35.1628],[148.1916,-35.1734],[148.1838,-35.1894],[148.1644,-35.1936],[148.1578,-35.1863],[148.1555,-35.1973],[148.1495,-35.1978],[148.1222,-35.19],[148.1198,-35.2026],[148.112,-35.2038],[148.0826,-35.1947],[148.0774,-35.2004],[148.0593,-35.2009],[147.9617,-35.1874],[147.9778,-35.209],[147.961,-35.2173],[147.9586,-35.2291],[147.8973,-35.231],[147.8941,-35.2395],[147.8991,-35.2448],[147.8796,-35.2682],[147.8843,-35.2777],[147.856,-35.2793],[147.8455,-35.2921],[147.843,-35.3164],[147.8503,-35.3224],[147.8455,-35.33],[147.8592,-35.3399],[147.8679,-35.3594],[147.8843,-35.3574],[147.8891,-35.3758],[147.8997,-35.3805],[147.8941,-35.4023],[147.9076,-35.4262],[147.8932,-35.4244],[147.8894,-35.4443],[147.8728,-35.4421],[147.873,-35.457],[147.886,-35.4641],[147.8838,-35.4885],[147.9076,-35.4901],[147.9048,-35.5133],[147.928,-35.5163],[147.9256,-35.5285],[147.908,-35.5262],[147.9071,-35.5309],[147.9078,-35.5383],[147.9314,-35.5501],[147.9298,-35.5585],[147.891,-35.5533],[147.8927,-35.5443],[147.8633,-35.5407],[147.8622,-35.5469],[147.8473,-35.5449],[147.8434,-35.5646],[147.8553,-35.5599],[147.8976,-35.6336],[147.8759,-35.6338],[147.8681,-35.6429],[147.8475,-35.638],[147.8189,-35.6493],[147.8009,-35.6851],[147.8029,-35.7021],[147.8135,-35.7119],[147.8078,-35.7209],[147.8197,-35.7441],[147.8139,-35.7543],[147.8174,-35.7607],[147.8032,-35.781],[147.806,-35.799],[147.7716,-35.8074],[147.7742,-35.8188],[147.7606,-35.8398],[147.7349,-35.8331],[147.7096,-35.8411],[147.7014,-35.8588],[147.7076,-35.8793],[147.6884,-35.8887],[147.6964,-35.9122],[147.6874,-35.9182],[147.6936,-35.9312],[147.6893,-35.9377],[147.7098,-35.9289],[147.7182,-35.9452],[147.7413,-35.9565],[147.7733,-35.9589],[147.7668,-35.9642],[147.7768,-35.9686],[147.8062,-35.9651],[147.8175,-35.9797],[147.8509,-35.9816],[147.8496,-35.9897],[147.8731,-35.991],[147.8829,-36.0018],[147.8975,-35.9999],[147.8957,-35.993],[147.9126,-35.9953],[147.9085,-36.0015],[147.9141,-36.0016],[147.9171,-36.0112],[147.9115,-36.0266],[147.9271,-36.031],[147.9316,-36.0361],[147.924,-36.0355],[147.9281,-36.0378],[147.9234,-36.0419],[147.9337,-36.0476],[147.9588,-36.041],[147.965,-36.0469],[147.9743,-36.0385],[147.9743,-36.0469],[147.9813,-36.0403],[147.9879,-36.0431],[147.9874,-36.0523],[147.9997,-36.0462],[147.9992,-36.0585],[147.9895,-36.0685],[147.9923,-36.0746],[147.9824,-36.0779],[147.9802,-36.0866],[147.9938,-36.0927],[147.994,-36.1004],[147.9992,-36.0987],[147.9911,-36.1113],[147.9982,-36.1159],[147.9906,-36.1211],[148.0005,-36.1244],[148.0044,-36.1401],[148.01,-36.1359],[148.0289,-36.1442],[148.0377,-36.1408],[148.0352,-36.1525],[148.0229,-36.1535],[148.0348,-36.163],[148.0218,-36.1765],[148.0406,-36.207],[148.0373,-36.2172],[148.0261,-36.223],[148.0349,-36.2341],[148.0288,-36.247],[148.0387,-36.2592],[148.0328,-36.2659],[148.0377,-36.2804],[148.0338,-36.2822],[148.0401,-36.2842],[148.04,-36.2927],[148.0352,-36.2923],[148.0439,-36.2995],[148.035,-36.3106],[148.0589,-36.32],[148.0512,-36.3246],[148.0556,-36.3344],[148.0453,-36.3517],[148.049,-36.3556],[148.0447,-36.3538],[148.0378,-36.3662],[148.046,-36.367],[148.0382,-36.3785],[148.0454,-36.3824],[148.0375,-36.3901],[148.0582,-36.4008],[148.0546,-36.4087],[148.0599,-36.4155],[148.0803,-36.4221],[148.0878,-36.435],[148.0876,-36.4519],[148.1247,-36.4647],[148.1249,-36.4792],[148.1191,-36.4819],[148.1262,-36.4857],[148.1176,-36.4955],[148.1284,-36.5026],[148.1398,-36.5254],[148.1243,-36.5506],[148.1334,-36.5669],[148.1505,-36.5583],[148.1626,-36.5728],[148.1607,-36.5798],[148.1694,-36.5737],[148.1792,-36.58],[148.1901,-36.5766],[148.1903,-36.5849],[148.206,-36.5869],[148.2048,-36.5926],[148.2176,-36.5984],[148.2028,-36.6119],[148.2144,-36.6106],[148.2207,-36.6256],[148.2119,-36.6329],[148.2162,-36.6397],[148.2031,-36.6538],[148.1993,-36.6722],[148.184,-36.6832],[148.1891,-36.6881],[148.1697,-36.7134],[148.1626,-36.7115],[148.1307,-36.7347],[148.1367,-36.7384],[148.1327,-36.7508],[148.1205,-36.7563],[148.1261,-36.7594],[148.1129,-36.7681],[148.1037,-36.788],[148.098,-36.7872],[148.1192,-36.8058],[148.1268,-36.7965],[148.1563,-36.79],[148.1796,-36.7963],[148.1825,-36.8049],[148.2021,-36.7974],[148.2075,-36.7551],[148.2326,-36.7465],[148.2406,-36.73],[148.2354,-36.7229],[148.2386,-36.7064],[148.2514,-36.706],[148.2525,-36.6826],[148.2468,-36.6676],[148.2391,-36.6641],[148.25,-36.6255],[148.2572,-36.6168],[148.2738,-36.619],[148.2903,-36.6091],[148.3049,-36.6106],[148.3031,-36.6004],[148.3111,-36.5952],[148.2712,-36.5592],[148.2693,-36.5493],[148.2504,-36.5437],[148.2611,-36.5273],[148.2471,-36.5098],[148.2589,-36.5006],[148.2638,-36.482],[148.2706,-36.4821],[148.2731,-36.459],[148.2625,-36.4553],[148.2877,-36.4093],[148.3287,-36.3833],[148.3324,-36.37],[148.3426,-36.3685],[148.3519,-36.3571],[148.3574,-36.3405],[148.3673,-36.3396],[148.3656,-36.3302],[148.3734,-36.3247],[148.3747,-36.3064],[148.3687,-36.2998],[148.3729,-36.288],[148.3964,-36.2906],[148.4158,-36.2635],[148.431,-36.2569],[148.4347,-36.2399],[148.4275,-36.2339],[148.4246,-36.2098],[148.4264,-36.2035],[148.4352,-36.202],[148.4383,-36.1864],[148.4279,-36.1768],[148.4407,-36.1723],[148.4527,-36.1492],[148.461,-36.1449],[148.4536,-36.1263],[148.4603,-36.1182],[148.4789,-36.1136],[148.4821,-36.1006],[148.5129,-36.0877],[148.526,-36.088],[148.5525,-36.1057],[148.5615,-36.1051],[148.5663,-36.0949],[148.5533,-36.0828],[148.5704,-36.0657],[148.5538,-36.0412],[148.5592,-36.0015],[148.535,-35.9999],[148.536,-35.9925],[148.5275,-35.9847],[148.4976,-35.9681],[148.4831,-35.9462],[148.4689,-35.9419],[148.4714,-35.915],[148.4383,-35.8989],[148.451,-35.8713],[148.4469,-35.8592],[148.4531,-35.8404],[148.471,-35.8236],[148.4689,-35.8156],[148.4789,-35.7936],[148.5035,-35.778],[148.5282,-35.7237],[148.5531,-35.7063],[148.5517,-35.6925],[148.5671,-35.6881],[148.5574,-35.6814],[148.5711,-35.6788],[148.5666,-35.6656],[148.5808,-35.6605],[148.5772,-35.6528],[148.5862,-35.6328],[148.5807,-35.6207],[148.6066,-35.6153],[148.6146,-35.6185],[148.6127,-35.6239],[148.6242,-35.6389],[148.6447,-35.6527],[148.72,-35.6674],[148.7528,-35.6868],[148.782,-35.7366],[148.8019,-35.7228],[148.8041,-35.714],[148.7884,-35.6978],[148.7984,-35.6666],[148.7675,-35.6474],[148.7834,-35.6285],[148.7684,-35.6033],[148.7888,-35.5883],[148.7729,-35.5678],[148.7779,-35.5585],[148.7694,-35.5437],[148.7722,-35.5299],[148.7628,-35.4955],[148.7744,-35.4861],[148.7667,-35.4672],[148.776,-35.4549],[148.7748,-35.4418],[148.7889,-35.4265],[148.7858,-35.4089],[148.796,-35.4066],[148.7957,-35.393],[148.8087,-35.3825],[148.8003,-35.3598]]]},"properties":{"lga_code_2023":"17080","lga_name_2023":"Snowy Valleys","state_code_2021":"1"}},{"type":"Feature","geometry":{"type":"Polygon","coordinates":[[[151.0643,-33.8706],[151.0641,-33.8802],[151.0551,-33.8886],[151.0682,-33.8858],[151.0643,-33.9078],[151.0755,-33.9096],[151.0896,-33.8998],[151.0945,-33.8719],[151.0814,-33.85],[151.0567,-33.8646],[151.0643,-33.8706]]]},"properties":{"lga_code_2023":"17100","lga_name_2023":"Strathfield","state_code_2021":"1"}},{"type":"Feature","geometry":{"type":"Polygon","coordinates":[[[151.1144,-34.0618],[151.1117,-34.0725],[151.1297,-34.0693],[151.1276,-34.0617],[151.1381,-34.0561],[151.1344,-34.0717],[151.1403,-34.0738],[151.1423,-34.0574],[151.149,-34.0546],[151.1474,-34.0734],[151.1548,-34.0726],[151.1559,-34.0519],[151.1674,-34.0397],[151.1859,-34.0346],[151.1988,-34.0417],[151.2212,-34.0389],[151.2303,-34.0264],[151.2302,-34.0078],[151.2219,-34.0012],[151.2113,-34.0079],[151.1869,-34.0074],[151.2063,-34.0146],[151.1792,-34.0261],[151.1721,-34.0195],[151.1596,-34.0233],[151.1583,-34.0145],[151.1786,-34.0128],[151.1621,-34],[151.1556,-34.0057],[151.1655,-34.003],[151.1574,-34.0132],[151.1418,-34.0144],[151.1612,-34.0285],[151.145,-34.0386],[151.1337,-34.0331],[151.127,-34.0099],[151.1104,-34.0237],[151.1128,-34.0166],[151.1079,-34.0144],[151.1172,-34.014],[151.1158,-34.0071],[151.0977,-34.0059],[151.0948,-33.9978],[151.0905,-34.0119],[151.0777,-34.0126],[151.0918,-34.0014],[151.0828,-33.996],[151.07,-34.0023],[151.0689,-33.996],[151.056,-34.0004],[151.0587,-34.0082],[151.0468,-34.007],[151.0514,-34.0168],[151.0429,-34.0292],[151.0489,-34.0207],[151.043,-34.0077],[151.0656,-33.9912],[151.0352,-33.9934],[151.0292,-33.987],[151.0377,-33.9818],[151.0346,-33.9775],[150.9992,-33.9829],[150.9933,-33.9719],[150.9806,-34.0171],[150.9684,-34.0258],[150.9517,-34.0235],[150.9481,-34.0411],[150.9408,-34.04],[150.9357,-34.05],[150.9373,-34.0751],[150.9233,-34.0898],[150.9366,-34.0951],[150.9336,-34.1094],[150.9251,-34.1165],[150.9293,-34.1242],[150.9225,-34.1298],[150.9799,-34.1384],[151.0221,-34.1557],[151.0159,-34.1664],[151.0662,-34.1723],[151.1114,-34.148],[151.1221,-34.1396],[151.1187,-34.137],[151.1279,-34.1379],[151.1358,-34.1203],[151.1518,-34.1151],[151.1718,-34.0865],[151.169,-34.0749],[151.15,-34.0837],[151.137,-34.0817],[151.1332,-34.0735],[151.1352,-34.0823],[151.1242,-34.0922],[151.1322,-34.076],[151.1259,-34.081],[151.1245,-34.0759],[151.1102,-34.0783],[151.0992,-34.0896],[151.0786,-34.0893],[151.1056,-34.0794],[151.096,-34.058],[151.0884,-34.0696],[151.078,-34.0633],[151.063,-34.0646],[151.0568,-34.073],[151.0615,-34.064],[151.0823,-34.0605],[151.0893,-34.0653],[151.0891,-34.0582],[151.077,-34.0539],[151.0922,-34.0577],[151.0968,-34.0471],[151.102,-34.0589],[151.1086,-34.0468],[151.1052,-34.0421],[151.1121,-34.0432],[151.1067,-34.0616],[151.1144,-34.0618]]]},"properties":{"lga_code_2023":"17150","lga_name_2023":"Sutherland","state_code_2021":"1"}},{"type":"Feature","geometry":{"type":"Polygon","coordinates":[[[151.2233,-33.8666],[151.2197,-33.8685],[151.2227,-33.8592],[151.2179,-33.8632],[151.2146,-33.8561],[151.2097,-33.861],[151.208,-33.8535],[151.2002,-33.8554],[151.2015,-33.8732],[151.1941,-33.8624],[151.186,-33.8684],[151.1893,-33.8758],[151.1748,-33.8727],[151.1812,-33.8957],[151.1783,-33.9195],[151.2143,-33.9243],[151.2143,-33.9038],[151.2233,-33.9046],[151.2337,-33.8896],[151.2192,-33.8816],[151.2297,-33.8766],[151.2299,-33.8583],[151.2233,-33.8666]]]},"properties":{"lga_code_2023":"17200","lga_name_2023":"Sydney","state_code_2021":"1"}},{"type":"Feature","geometry":{"type":"Polygon","coordinates":[[[150.5094,-30.8007],[150.5217,-30.801],[150.5438,-30.8134],[150.5593,-30.8108],[150.556,-30.8284],[150.5632,-30.8299],[150.556,-30.845],[150.5495,-30.844],[150.5466,-30.8588],[150.5271,-30.8558],[150.5228,-30.8472],[150.5302,-30.903],[150.5201,-30.9058],[150.5168,-30.9009],[150.5155,-30.9074],[150.4994,-30.9088],[150.4918,-30.9214],[150.51,-30.9211],[150.5141,-30.9287],[150.5223,-30.9236],[150.5331,-30.9405],[150.5283,-30.9709],[150.5518,-31.0114],[150.5753,-31.0201],[150.578,-31.0281],[150.5977,-31.0383],[150.5924,-31.0822],[150.6189,-31.0873],[150.6307,-31.1103],[150.6398,-31.1154],[150.6405,-31.1248],[150.649,-31.1242],[150.6712,-31.144],[150.6917,-31.1784],[150.7028,-31.185],[150.7188,-31.1833],[150.7306,-31.1928],[150.7279,-31.2062],[150.7547,-31.2101],[150.7498,-31.2344],[150.7807,-31.2364],[150.7671,-31.2472],[150.7777,-31.2603],[150.7754,-31.2717],[150.7847,-31.2686],[150.778,-31.3029],[150.7947,-31.3056],[150.7881,-31.3119],[150.7897,-31.3275],[150.7748,-31.3276],[150.7734,-31.3341],[150.7813,-31.3316],[150.7843,-31.341],[150.7906,-31.3419],[150.7912,-31.3588],[150.8199,-31.3629],[150.8148,-31.3654],[150.822,-31.3805],[150.8164,-31.4014],[150.8423,-31.4051],[150.836,-31.4116],[150.8655,-31.4177],[150.8812,-31.4529],[150.9002,-31.4567],[150.9131,-31.491],[150.9183,-31.4918],[150.9167,-31.499],[150.9232,-31.5],[150.9206,-31.5131],[150.9397,-31.5156],[150.9491,-31.5337],[150.9704,-31.551],[150.9686,-31.5595],[150.9951,-31.5756],[150.99,-31.5938],[150.9985,-31.6034],[151.0306,-31.5947],[151.0425,-31.599],[151.0676,-31.5948],[151.0762,-31.6079],[151.1104,-31.6191],[151.1173,-31.632],[151.1392,-31.6264],[151.1655,-31.6326],[151.1755,-31.6289],[151.233,-31.6523],[151.2352,-31.6619],[151.2383,-31.646],[151.2472,-31.6472],[151.2562,-31.6175],[151.285,-31.6009],[151.2939,-31.5861],[151.305,-31.5885],[151.3069,-31.5797],[151.3256,-31.5759],[151.3266,-31.5612],[151.3357,-31.5645],[151.3433,-31.5561],[151.3506,-31.5641],[151.3722,-31.5574],[151.3767,-31.5621],[151.3924,-31.5537],[151.3896,-31.5603],[151.4014,-31.5628],[151.4008,-31.5581],[151.4062,-31.5659],[151.4118,-31.5613],[151.4242,-31.5695],[151.428,-31.5622],[151.4331,-31.5797],[151.4384,-31.581],[151.434,-31.5952],[151.4401,-31.5942],[151.4576,-31.6098],[151.4665,-31.564],[151.4776,-31.5655],[151.4851,-31.5502],[151.4376,-31.5286],[151.4177,-31.5052],[151.4277,-31.4987],[151.4212,-31.493],[151.4239,-31.4848],[151.4133,-31.4849],[151.4091,-31.476],[151.419,-31.4559],[151.4194,-31.4407],[151.4103,-31.4332],[151.4267,-31.4153],[151.4145,-31.4102],[151.4073,-31.3973],[151.4226,-31.3799],[151.4336,-31.3891],[151.4628,-31.3832],[151.4659,-31.3775],[151.4481,-31.3389],[151.4208,-31.3177],[151.4207,-31.2714],[151.4151,-31.2662],[151.3975,-31.2638],[151.3905,-31.3008],[151.3686,-31.298],[151.3582,-31.2888],[151.3703,-31.2226],[151.3799,-31.2239],[151.3828,-31.2072],[151.3602,-31.2101],[151.362,-31.1994],[151.3445,-31.1969],[151.3394,-31.1812],[151.3191,-31.1758],[151.325,-31.1469],[151.3345,-31.1468],[151.3394,-31.1206],[151.3333,-31.1229],[151.3362,-31.1073],[151.3035,-31.1027],[151.3058,-31.0806],[151.3414,-31.0641],[151.357,-31.0675],[151.3607,-31.0482],[151.342,-31.0429],[151.3517,-31.023],[151.3425,-31.019],[151.3437,-31.0116],[151.3204,-31.0028],[151.3224,-30.9917],[151.3091,-30.9898],[151.3313,-30.9682],[151.3476,-30.968],[151.3432,-30.9466],[151.3249,-30.9397],[151.3178,-30.9278],[151.3093,-30.9278],[151.302,-30.9147],[151.2875,-30.9105],[151.2958,-30.9007],[151.3029,-30.8995],[151.3083,-30.9083],[151.3243,-30.8946],[151.3333,-30.8976],[151.3525,-30.8724],[151.3562,-30.8783],[151.364,-30.8768],[151.3768,-30.8339],[151.3722,-30.8187],[151.3912,-30.7946],[151.3849,-30.7937],[151.3904,-30.7657],[151.3831,-30.7646],[151.3855,-30.7524],[151.3718,-30.7505],[151.3755,-30.7306],[151.3679,-30.7295],[151.3702,-30.7169],[151.3527,-30.7297],[151.2862,-30.7217],[151.2484,-30.7268],[151.25,-30.704],[151.2259,-30.6855],[151.2179,-30.6902],[151.1793,-30.6429],[151.1616,-30.6372],[151.1611,-30.6132],[151.1526,-30.612],[151.1486,-30.6003],[151.1105,-30.5849],[151.0893,-30.5678],[151.067,-30.5627],[151.0697,-30.5545],[151.0563,-30.5207],[151.0514,-30.5134],[151.0404,-30.5127],[151.0285,-30.4896],[151.0307,-30.47],[151.0122,-30.4587],[151.0262,-30.4114],[151.0216,-30.4077],[151.0097,-30.4161],[151.0008,-30.4098],[150.9992,-30.4245],[150.9879,-30.4281],[150.976,-30.4225],[150.96,-30.4293],[150.9452,-30.4189],[150.947,-30.4045],[150.9343,-30.3989],[150.9479,-30.3765],[150.9448,-30.3614],[150.9519,-30.3557],[150.9543,-30.3395],[150.9479,-30.3288],[150.9558,-30.3155],[150.9488,-30.3038],[150.9651,-30.2965],[150.9699,-30.2895],[150.9672,-30.2729],[150.9758,-30.2666],[150.9596,-30.2382],[150.9397,-30.2205],[150.9387,-30.1969],[150.925,-30.1822],[150.8988,-30.1849],[150.8849,-30.2031],[150.8332,-30.1969],[150.8161,-30.2114],[150.8161,-30.228],[150.7907,-30.2269],[150.7821,-30.2562],[150.7382,-30.2722],[150.7229,-30.2943],[150.7099,-30.2933],[150.7011,-30.274],[150.681,-30.2889],[150.6753,-30.2754],[150.665,-30.2796],[150.6568,-30.2749],[150.6349,-30.2854],[150.6228,-30.2808],[150.6177,-30.2958],[150.599,-30.2943],[150.591,-30.2858],[150.5706,-30.3034],[150.5441,-30.3111],[150.5395,-30.3226],[150.5317,-30.3086],[150.5139,-30.3066],[150.516,-30.2838],[150.506,-30.273],[150.4698,-30.263],[150.4637,-30.252],[150.4388,-30.2711],[150.4363,-30.2806],[150.4226,-30.2843],[150.3919,-30.3228],[150.3838,-30.3231],[150.3633,-30.3171],[150.3648,-30.3035],[150.3428,-30.304],[150.3328,-30.2963],[150.3347,-30.2856],[150.304,-30.2803],[150.3079,-30.2578],[150.2661,-30.2522],[150.2511,-30.2375],[150.2071,-30.2561],[150.192,-30.2272],[150.1783,-30.2172],[150.1796,-30.2056],[150.1648,-30.1977],[150.1587,-30.2082],[150.1455,-30.2089],[150.1503,-30.2199],[150.1639,-30.2226],[150.173,-30.2436],[150.1755,-30.2654],[150.1659,-30.2739],[150.1799,-30.2783],[150.1937,-30.2932],[150.183,-30.2995],[150.195,-30.3211],[150.1955,-30.3456],[150.1883,-30.3591],[150.1922,-30.3662],[150.2034,-30.375],[150.224,-30.3709],[150.2359,-30.3785],[150.2377,-30.3846],[150.2262,-30.3924],[150.2258,-30.3993],[150.2396,-30.4017],[150.2832,-30.4308],[150.3164,-30.428],[150.3226,-30.4197],[150.3207,-30.4088],[150.3286,-30.4025],[150.3388,-30.4151],[150.3493,-30.415],[150.3625,-30.4325],[150.3625,-30.4507],[150.3465,-30.4695],[150.3676,-30.4701],[150.3642,-30.4893],[150.3489,-30.494],[150.3626,-30.4986],[150.3547,-30.5282],[150.3685,-30.5301],[150.3661,-30.5434],[150.3938,-30.5471],[150.3887,-30.551],[150.3907,-30.5693],[150.3597,-30.5609],[150.3623,-30.574],[150.3702,-30.5762],[150.3639,-30.5841],[150.3783,-30.6027],[150.3908,-30.6052],[150.3961,-30.5937],[150.4106,-30.5899],[150.4318,-30.6039],[150.4379,-30.5974],[150.4412,-30.6049],[150.4544,-30.6075],[150.4558,-30.6186],[150.4685,-30.6283],[150.4754,-30.6262],[150.5032,-30.6404],[150.5096,-30.6601],[150.4578,-30.6902],[150.4535,-30.7154],[150.4645,-30.7171],[150.4686,-30.7337],[150.4672,-30.7452],[150.4526,-30.7572],[150.4674,-30.7595],[150.4565,-30.768],[150.4634,-30.779],[150.4904,-30.7833],[150.4873,-30.799],[150.5094,-30.8007]]]},"properties":{"lga_code_2023":"17310","lga_name_2023":"Tamworth","state_code_2021":"1"}},{"type":"Feature","geometry":{"type":"Polygon","coordinates":[[[147.1261,-34.4403],[147.108,-34.5365],[147.3352,-34.5655],[147.3333,-34.5756],[147.3744,-34.6584],[147.3851,-34.6595],[147.4165,-34.6598],[147.4414,-34.6369],[147.4644,-34.6253],[147.4885,-34.6231],[147.4989,-34.6131],[147.5059,-34.6184],[147.6108,-34.6307],[147.6152,-34.6057],[147.6238,-34.6067],[147.6465,-34.566],[147.6604,-34.5649],[147.6761,-34.578],[147.7049,-34.5819],[147.7277,-34.572],[147.7302,-34.5535],[147.7607,-34.5535],[147.7607,-34.5404],[147.7696,-34.5332],[147.7728,-34.5168],[147.7655,-34.5159],[147.786,-34.4941],[147.7787,-34.4888],[147.7904,-34.4468],[147.8379,-34.4539],[147.836,-34.4456],[147.8755,-34.4571],[147.8606,-34.4283],[147.8537,-34.427],[147.8552,-34.4045],[147.8376,-34.3952],[147.8348,-34.3826],[147.8443,-34.3719],[147.8258,-34.3562],[147.8226,-34.3254],[147.7942,-34.2862],[147.7994,-34.2688],[147.7848,-34.2515],[147.7891,-34.2416],[147.7753,-34.2226],[147.7852,-34.2188],[147.7776,-34.2062],[147.7591,-34.2042],[147.755,-34.1854],[147.7461,-34.1859],[147.7419,-34.1782],[147.7286,-34.1865],[147.7207,-34.1827],[147.7113,-34.1753],[147.7136,-34.1613],[147.7006,-34.1589],[147.6927,-34.1468],[147.6762,-34.1453],[147.666,-34.1301],[147.6329,-34.1296],[147.63,-34.1442],[147.5804,-34.138],[147.584,-34.1179],[147.4967,-34.1065],[147.4896,-34.1118],[147.4807,-34.154],[147.4723,-34.153],[147.4693,-34.164],[147.4672,-34.1752],[147.4763,-34.1764],[147.4704,-34.2087],[147.4218,-34.2024],[147.4193,-34.2084],[147.3888,-34.1978],[147.3908,-34.1873],[147.3009,-34.1762],[147.2962,-34.2027],[147.3062,-34.2043],[147.2846,-34.2206],[147.3016,-34.2287],[147.297,-34.2544],[147.2831,-34.2449],[147.2713,-34.2449],[147.2648,-34.2354],[147.255,-34.2913],[147.1294,-34.2765],[147.12,-34.3118],[147.1084,-34.3085],[147.105,-34.3326],[147.1006,-34.3321],[147.098,-34.3469],[147.1071,-34.348],[147.0991,-34.3909],[147.0862,-34.3892],[147.0831,-34.4067],[147.0898,-34.4077],[147.0829,-34.4209],[147.1289,-34.4265],[147.1261,-34.4403]]]},"properties":{"lga_code_2023":"17350","lga_name_2023":"Temora","state_code_2021":"1"}},{"type":"Feature","geometry":{"type":"Polygon","coordinates":[[[151.5849,-28.9363],[151.5769,-28.9451],[151.5667,-28.9418],[151.5448,-28.9533],[151.5373,-28.9798],[151.5061,-29.0068],[151.4901,-29.0566],[151.5028,-29.0699],[151.4934,-29.0718],[151.4853,-29.0893],[151.4629,-29.0983],[151.4527,-29.1263],[151.4286,-29.1471],[151.4099,-29.1539],[151.3954,-29.1773],[151.3655,-29.1747],[151.3665,-29.1855],[151.3727,-29.1854],[151.3779,-29.1957],[151.3777,-29.2143],[151.3959,-29.2374],[151.4181,-29.2484],[151.4196,-29.2549],[151.4121,-29.2595],[151.4268,-29.2875],[151.448,-29.2839],[151.4633,-29.2731],[151.4571,-29.2707],[151.463,-29.2401],[151.5806,-29.2681],[151.5926,-29.2803],[151.6159,-29.2835],[151.6089,-29.325],[151.6175,-29.3261],[151.6148,-29.341],[151.625,-29.3424],[151.6244,-29.347],[151.6762,-29.3563],[151.678,-29.3454],[151.6965,-29.3475],[151.6998,-29.3283],[151.7126,-29.3301],[151.7157,-29.3443],[151.7884,-29.3581],[151.7818,-29.3705],[151.8026,-29.3733],[151.7885,-29.4085],[151.8069,-29.4275],[151.8171,-29.4154],[151.8626,-29.4262],[151.8954,-29.4065],[151.9318,-29.4181],[151.9446,-29.4095],[151.9683,-29.4179],[151.9868,-29.4076],[152.006,-29.407],[152.0042,-29.3982],[152.0168,-29.3879],[152.008,-29.3713],[152.0237,-29.3618],[152.0327,-29.3672],[152.0589,-29.3525],[152.0539,-29.341],[152.3003,-29.3772],[152.3076,-29.3526],[152.3159,-29.347],[152.3226,-29.3506],[152.337,-29.3372],[152.3001,-29.3136],[152.3,-29.3045],[152.3147,-29.2985],[152.3065,-29.2831],[152.3211,-29.2775],[152.3229,-29.2701],[152.3518,-29.2487],[152.3937,-29.2414],[152.4141,-29.2289],[152.4052,-29.2112],[152.4251,-29.1784],[152.4138,-29.1613],[152.4178,-29.1523],[152.4442,-29.1442],[152.455,-29.089],[152.419,-29.081],[152.4311,-29.072],[152.4439,-29.0398],[152.4238,-29.0366],[152.4461,-29.0283],[152.4598,-29.0316],[152.4552,-29.0205],[152.4717,-29.0049],[152.4639,-28.992],[152.4762,-28.9906],[152.4726,-28.9799],[152.4624,-28.9783],[152.4669,-28.9737],[152.5096,-28.9733],[152.5083,-28.9804],[152.5301,-28.9884],[152.5331,-28.9839],[152.5585,-28.9901],[152.5456,-28.9363],[152.5659,-28.9261],[152.5773,-28.9325],[152.581,-28.9286],[152.5801,-28.9115],[152.5706,-28.905],[152.5551,-28.9126],[152.5481,-28.9088],[152.5733,-28.8637],[152.5372,-28.8477],[152.5572,-28.8233],[152.5392,-28.8149],[152.5416,-28.7818],[152.531,-28.7814],[152.5194,-28.7948],[152.511,-28.7797],[152.497,-28.7855],[152.4801,-28.7801],[152.4782,-28.7751],[152.492,-28.7646],[152.4798,-28.7508],[152.4949,-28.7486],[152.4976,-28.7379],[152.4904,-28.7358],[152.4731,-28.7471],[152.4736,-28.7308],[152.4653,-28.7358],[152.4279,-28.7252],[152.4208,-28.718],[152.4086,-28.724],[152.4065,-28.7045],[152.3765,-28.7028],[152.3738,-28.6865],[152.3894,-28.6826],[152.3893,-28.6654],[152.4031,-28.6587],[152.3986,-28.6468],[152.414,-28.632],[152.4058,-28.6217],[152.4248,-28.6208],[152.417,-28.615],[152.4213,-28.6074],[152.4428,-28.6034],[152.4382,-28.583],[152.4461,-28.5846],[152.4475,-28.577],[152.4402,-28.5763],[152.4578,-28.569],[152.4481,-28.5559],[152.4414,-28.5559],[152.4464,-28.5392],[152.4405,-28.5303],[152.4607,-28.5292],[152.4598,-28.5225],[152.4661,-28.5266],[152.4722,-28.5192],[152.4847,-28.5312],[152.5005,-28.5285],[152.5032,-28.5116],[152.5333,-28.5137],[152.5373,-28.5007],[152.5273,-28.4959],[152.5391,-28.4806],[152.5532,-28.4776],[152.5515,-28.4666],[152.5613,-28.4699],[152.5652,-28.4402],[152.5804,-28.4351],[152.5827,-28.4222],[152.5764,-28.4156],[152.5934,-28.4103],[152.5933,-28.4009],[152.6055,-28.3914],[152.601,-28.3783],[152.6118,-28.3744],[152.6144,-28.3527],[152.6286,-28.3486],[152.6277,-28.3269],[152.5976,-28.3146],[152.5795,-28.3392],[152.5723,-28.3268],[152.5547,-28.3255],[152.5549,-28.319],[152.547,-28.3205],[152.5259,-28.306],[152.534,-28.2627],[152.5075,-28.249],[152.4682,-28.2578],[152.4432,-28.2889],[152.4429,-28.2984],[152.4152,-28.2981],[152.4106,-28.3204],[152.4164,-28.335],[152.388,-28.3675],[152.3566,-28.3612],[152.3419,-28.368],[152.3094,-28.3628],[152.2886,-28.3915],[152.2667,-28.3907],[152.2172,-28.4491],[152.1902,-28.434],[152.1843,-28.439],[152.1601,-28.4333],[152.1212,-28.4626],[152.0697,-28.4685],[152.0671,-28.4852],[152.0456,-28.4952],[152.0167,-28.5252],[151.9888,-28.5256],[151.9826,-28.5033],[151.9582,-28.5159],[151.9532,-28.5399],[151.9568,-28.5633],[151.9859,-28.5821],[151.9921,-28.5949],[151.991,-28.6246],[152.0105,-28.665],[152.0391,-28.6646],[152.0525,-28.6822],[152.0664,-28.6812],[152.0661,-28.6976],[152.076,-28.7083],[152.0423,-28.7318],[152.0477,-28.7404],[152.0361,-28.7573],[152.0405,-28.7822],[152.0321,-28.7909],[152.0378,-28.7974],[152.0366,-28.8178],[152.0334,-28.8281],[152.0169,-28.8379],[152.0149,-28.8502],[152.026,-28.8582],[152.0376,-28.8516],[152.0375,-28.8644],[152.0107,-28.9067],[152.0016,-28.9085],[151.9963,-28.8948],[151.9685,-28.9167],[151.9163,-28.9293],[151.9137,-28.9201],[151.9003,-28.9147],[151.8498,-28.9076],[151.8382,-28.9164],[151.8352,-28.9321],[151.8399,-28.9428],[151.8307,-28.9617],[151.8133,-28.9598],[151.8146,-28.9506],[151.8069,-28.9453],[151.7769,-28.959],[151.7706,-28.9558],[151.7733,-28.9381],[151.7424,-28.9185],[151.7409,-28.8975],[151.7318,-28.8824],[151.7339,-28.8715],[151.7264,-28.867],[151.7165,-28.875],[151.7064,-28.8717],[151.6748,-28.9077],[151.666,-28.9056],[151.6442,-28.9174],[151.6352,-28.9296],[151.6098,-28.9235],[151.5849,-28.9363]]]},"properties":{"lga_code_2023":"17400","lga_name_2023":"Tenterfield","state_code_2021":"1"}},{"type":"Feature","geometry":{"type":"Polygon","coordinates":[[[150.9754,-33.773],[151.0489,-33.7586],[151.0498,-33.748],[151.0168,-33.7307],[151.019,-33.717],[151.0112,-33.7101],[151.0189,-33.694],[151.0324,-33.6923],[151.0198,-33.6518],[151.0238,-33.6213],[151.0063,-33.5976],[151.0145,-33.5728],[151.008,-33.5692],[151.0111,-33.532],[151.0291,-33.517],[151.0212,-33.4922],[151.0102,-33.4835],[151.0104,-33.4722],[150.9928,-33.4458],[150.9903,-33.4286],[150.9721,-33.4217],[150.9856,-33.4019],[150.987,-33.3781],[150.9767,-33.4002],[150.9517,-33.4138],[150.9516,-33.4275],[150.9437,-33.4249],[150.9398,-33.4139],[150.9277,-33.432],[150.9215,-33.4291],[150.9222,-33.4177],[150.9036,-33.4195],[150.8938,-33.4272],[150.8992,-33.4344],[150.8874,-33.4372],[150.8755,-33.4527],[150.8846,-33.4565],[150.8983,-33.4517],[150.9048,-33.472],[150.8711,-33.4731],[150.879,-33.4866],[150.8697,-33.4977],[150.8746,-33.5014],[150.8935,-33.4847],[150.9103,-33.5],[150.9269,-33.5031],[150.9193,-33.5168],[150.8985,-33.5124],[150.9078,-33.5226],[150.8901,-33.5392],[150.8888,-33.559],[150.9167,-33.5546],[150.9357,-33.5648],[150.874,-33.6567],[150.9115,-33.6754],[150.9276,-33.697],[150.9589,-33.7683],[150.9754,-33.773]]]},"properties":{"lga_code_2023":"17420","lga_name_2023":"The Hills","state_code_2021":"1"}},{"type":"Feature","geometry":{"type":"MultiPolygon","coordinates":[[[[153.5449,-28.195],[153.5378,-28.1838],[153.5352,-28.1917],[153.5171,-28.1935],[153.5098,-28.2176],[153.5204,-28.2208],[153.4947,-28.2202],[153.5007,-28.2139],[153.5001,-28.206],[153.4938,-28.2072],[153.4964,-28.2027],[153.5083,-28.1998],[153.5079,-28.1942],[153.507,-28.2029],[153.5123,-28.2003],[153.5088,-28.19],[153.5281,-28.1908],[153.5423,-28.1781],[153.5455,-28.1834],[153.539,-28.1831],[153.5457,-28.1851],[153.5444,-28.1696],[153.5561,-28.1685],[153.5519,-28.1645],[153.5346,-28.1776],[153.4769,-28.1569],[153.457,-28.1805],[153.4358,-28.1872],[153.4057,-28.211],[153.3897,-28.2348],[153.3647,-28.2474],[153.3391,-28.2505],[153.3298,-28.2369],[153.3048,-28.2397],[153.2796,-28.2335],[153.2439,-28.2473],[153.2316,-28.2651],[153.2182,-28.2632],[153.2074,-28.253],[153.1995,-28.2565],[153.1882,-28.2475],[153.1767,-28.2496],[153.1715,-28.2592],[153.1752,-28.2742],[153.1612,-28.2794],[153.1692,-28.2931],[153.1551,-28.2961],[153.1425,-28.3053],[153.1433,-28.3122],[153.125,-28.3178],[153.1302,-28.3303],[153.1085,-28.3563],[153.1128,-28.3719],[153.1067,-28.3762],[153.1075,-28.3878],[153.1181,-28.3965],[153.1126,-28.4012],[153.1281,-28.4064],[153.1208,-28.4153],[153.1278,-28.4197],[153.1207,-28.4333],[153.1439,-28.4388],[153.1445,-28.4474],[153.134,-28.4589],[153.1436,-28.4619],[153.1411,-28.4715],[153.1538,-28.4846],[153.1501,-28.5056],[153.1603,-28.5241],[153.186,-28.5213],[153.2057,-28.5265],[153.2472,-28.5158],[153.2554,-28.5272],[153.2825,-28.516],[153.2914,-28.5416],[153.3278,-28.5427],[153.3422,-28.5312],[153.3419,-28.5174],[153.3521,-28.5175],[153.369,-28.5034],[153.3735,-28.4719],[153.4067,-28.4775],[153.4084,-28.4687],[153.4198,-28.4672],[153.466,-28.48],[153.4846,-28.4765],[153.4867,-28.4652],[153.506,-28.468],[153.5087,-28.461],[153.5529,-28.4772],[153.5673,-28.3976],[153.5807,-28.363],[153.575,-28.3524],[153.5782,-28.3358],[153.5714,-28.3271],[153.5863,-28.2582],[153.57,-28.2431],[153.5714,-28.1994],[153.5564,-28.17],[153.5486,-28.1755],[153.5645,-28.1997],[153.5633,-28.2129],[153.5538,-28.237],[153.5373,-28.2404],[153.5459,-28.2325],[153.5447,-28.238],[153.5527,-28.2348],[153.5417,-28.2345],[153.5594,-28.2169],[153.5548,-28.2093],[153.5618,-28.2084],[153.5544,-28.1929],[153.5449,-28.195]]],[[[153.5792,-28.1958],[153.5784,-28.1945],[153.5763,-28.1956],[153.5792,-28.1958]]]]},"properties":{"lga_code_2023":"17550","lga_name_2023":"Tweed","state_code_2021":"1"}},{"type":"Feature","geometry":{"type":"Polygon","coordinates":[[[151.3056,-32.1508],[151.3119,-32.1271],[151.3039,-32.1167],[151.3244,-32.0945],[151.3342,-32.0922],[151.3354,-32.0824],[151.3896,-32.0832],[151.4069,-32.0583],[151.405,-32.0367],[151.4248,-32.0198],[151.4386,-32.0172],[151.4547,-31.996],[151.4465,-31.9734],[151.4487,-31.9617],[151.4416,-31.9518],[151.4504,-31.9442],[151.4691,-31.8969],[151.4853,-31.8926],[151.4937,-31.8759],[151.5132,-31.8684],[151.5159,-31.8528],[151.5356,-31.8455],[151.5525,-31.8473],[151.557,-31.8557],[151.5509,-31.8598],[151.5637,-31.8615],[151.5769,-31.8547],[151.5849,-31.8375],[151.594,-31.7896],[151.5541,-31.7873],[151.531,-31.7703],[151.5177,-31.7693],[151.5348,-31.6941],[151.5233,-31.6835],[151.5209,-31.6649],[151.5356,-31.5961],[151.5213,-31.5867],[151.5124,-31.5879],[151.5112,-31.5783],[151.4783,-31.5641],[151.4665,-31.564],[151.4552,-31.6104],[151.4401,-31.5942],[151.4339,-31.5951],[151.4384,-31.581],[151.4331,-31.5797],[151.4277,-31.5621],[151.4243,-31.5694],[151.4118,-31.5613],[151.4062,-31.5659],[151.4008,-31.5581],[151.4014,-31.5628],[151.3896,-31.5603],[151.3924,-31.5537],[151.3767,-31.5621],[151.3722,-31.5574],[151.3506,-31.5641],[151.3433,-31.5561],[151.3357,-31.5645],[151.3267,-31.5611],[151.3256,-31.5759],[151.3069,-31.5797],[151.305,-31.5885],[151.2939,-31.5861],[151.285,-31.6009],[151.2562,-31.6175],[151.2472,-31.6472],[151.2383,-31.646],[151.2352,-31.6619],[151.233,-31.6523],[151.1755,-31.6289],[151.1655,-31.6326],[151.1392,-31.6264],[151.1173,-31.632],[151.1104,-31.6191],[151.0762,-31.6079],[151.0676,-31.5948],[151.0425,-31.599],[151.0306,-31.5947],[150.9987,-31.6033],[150.9915,-31.6206],[150.9963,-31.6384],[150.9723,-31.6469],[150.932,-31.64],[150.9301,-31.6501],[150.9141,-31.6479],[150.8937,-31.6647],[150.9107,-31.6677],[150.904,-31.6816],[150.8958,-31.6814],[150.8995,-31.6911],[150.8892,-31.6969],[150.8868,-31.6888],[150.8799,-31.689],[150.886,-31.7025],[150.8658,-31.6993],[150.8626,-31.7154],[150.8521,-31.7166],[150.849,-31.7305],[150.8023,-31.7332],[150.7771,-31.7571],[150.779,-31.7656],[150.7622,-31.7702],[150.7599,-31.7823],[150.7386,-31.7793],[150.7355,-31.79],[150.7129,-31.8047],[150.7302,-31.8137],[150.7234,-31.8386],[150.7022,-31.8422],[150.6349,-31.8447],[150.6276,-31.8381],[150.6119,-31.8477],[150.6039,-31.8416],[150.5942,-31.8467],[150.5675,-31.8441],[150.5466,-31.8582],[150.5062,-31.8344],[150.4863,-31.8311],[150.4575,-31.8515],[150.4431,-31.8548],[150.4107,-31.834],[150.3677,-31.8425],[150.3582,-31.8314],[150.3346,-31.8254],[150.3117,-31.8337],[150.2937,-31.8489],[150.2547,-31.8359],[150.2418,-31.8255],[150.1994,-31.8237],[150.1851,-31.8137],[150.1842,-31.8012],[150.1724,-31.795],[150.1517,-31.7659],[150.1351,-31.7685],[150.1106,-31.7461],[150.0998,-31.749],[150.0708,-31.7646],[150.0687,-31.7729],[150.0498,-31.7864],[150.0242,-31.8286],[149.9487,-31.8689],[149.9413,-31.8788],[149.9215,-31.8851],[149.9196,-31.8939],[149.9024,-31.9046],[149.8983,-31.9193],[149.8723,-31.9448],[149.8661,-31.9616],[149.8484,-31.9727],[149.8391,-31.9874],[149.8756,-31.9845],[149.8738,-31.9959],[149.8825,-31.9969],[149.8731,-32.0135],[149.8749,-32.0311],[149.8598,-32.0225],[149.8584,-32.0304],[149.8499,-32.0256],[149.8082,-32.0393],[149.8053,-32.0552],[149.7957,-32.0581],[149.7916,-32.0794],[149.7975,-32.0802],[149.7952,-32.0927],[149.8125,-32.0907],[149.8208,-32.0964],[149.8194,-32.1036],[149.846,-32.1061],[149.8452,-32.117],[149.8498,-32.1092],[149.8923,-32.1127],[149.8935,-32.1052],[149.8934,-32.1197],[149.9323,-32.1192],[149.9303,-32.1311],[149.9219,-32.1301],[149.9207,-32.1375],[149.9481,-32.1349],[149.9393,-32.157],[149.9646,-32.1602],[149.9608,-32.1819],[149.9826,-32.1847],[149.9851,-32.1706],[150.0011,-32.1616],[150.0095,-32.1627],[150.014,-32.1866],[150.0231,-32.1836],[150.0301,-32.189],[150.0269,-32.1949],[150.0348,-32.1959],[150.0278,-32.206],[150.0365,-32.2016],[150.0366,-32.189],[150.045,-32.1936],[150.0533,-32.1882],[150.0601,-32.1931],[150.063,-32.1841],[150.0701,-32.1883],[150.0627,-32.2081],[150.0479,-32.2215],[150.0603,-32.2273],[150.0553,-32.2391],[150.063,-32.2458],[150.0582,-32.251],[150.0441,-32.2442],[150.0532,-32.2584],[150.0421,-32.2614],[150.043,-32.2842],[150.0329,-32.2882],[150.0356,-32.2952],[150.028,-32.2915],[150.0217,-32.3043],[150.0321,-32.3155],[150.029,-32.3331],[150.0396,-32.3282],[150.054,-32.351],[150.0679,-32.3561],[150.0667,-32.3438],[150.1329,-32.3369],[150.1425,-32.3415],[150.1553,-32.327],[150.1638,-32.3325],[150.1652,-32.32],[150.1798,-32.3337],[150.1873,-32.3334],[150.1893,-32.35],[150.1969,-32.3326],[150.208,-32.3395],[150.2176,-32.3377],[150.2064,-32.3255],[150.2082,-32.3188],[150.2162,-32.3233],[150.2216,-32.3148],[150.2369,-32.3081],[150.2453,-32.313],[150.255,-32.3028],[150.2528,-32.3098],[150.2622,-32.3165],[150.2517,-32.325],[150.2708,-32.3235],[150.2597,-32.3386],[150.2643,-32.3547],[150.2585,-32.3578],[150.2668,-32.3769],[150.2763,-32.3815],[150.2843,-32.3745],[150.2876,-32.3797],[150.2815,-32.3835],[150.287,-32.3869],[150.3062,-32.3739],[150.309,-32.3859],[150.3191,-32.3876],[150.3151,-32.4026],[150.3229,-32.4088],[150.3408,-32.3943],[150.3423,-32.3851],[150.3729,-32.386],[150.3866,-32.38],[150.3963,-32.333],[150.4069,-32.3331],[150.4136,-32.3379],[150.4113,-32.3446],[150.4203,-32.3471],[150.4324,-32.3404],[150.4299,-32.3279],[150.4387,-32.3222],[150.4694,-32.322],[150.4877,-32.3374],[150.4929,-32.3522],[150.4968,-32.3422],[150.5119,-32.3443],[150.5073,-32.3684],[150.5146,-32.3694],[150.5299,-32.3623],[150.5209,-32.3585],[150.5257,-32.3517],[150.5363,-32.3533],[150.5404,-32.3436],[150.5526,-32.3454],[150.5578,-32.3302],[150.544,-32.3265],[150.5299,-32.3318],[150.5276,-32.3136],[150.5096,-32.293],[150.5106,-32.2761],[150.4981,-32.2624],[150.5,-32.2534],[150.4924,-32.2517],[150.4865,-32.24],[150.4957,-32.206],[150.4912,-32.1856],[150.4964,-32.1754],[150.491,-32.1706],[150.5095,-32.155],[150.4989,-32.13],[150.6568,-32.1502],[150.6564,-32.1606],[150.7628,-32.1759],[150.7666,-32.171],[150.7645,-32.1786],[150.7883,-32.1765],[150.8613,-32.1895],[150.8749,-32.2001],[150.8802,-32.1972],[150.8679,-32.1894],[150.8789,-32.1899],[150.8725,-32.1764],[150.9161,-32.1818],[151.003,-32.1695],[151.0159,-32.1776],[151.0318,-32.1665],[151.0447,-32.1774],[151.0461,-32.1702],[151.0575,-32.1719],[151.066,-32.1658],[151.0797,-32.1754],[151.101,-32.1786],[151.1142,-32.1951],[151.1548,-32.1993],[151.159,-32.2111],[151.174,-32.2118],[151.1968,-32.2337],[151.2088,-32.2202],[151.2366,-32.2078],[151.2463,-32.2096],[151.2702,-32.1833],[151.2895,-32.1745],[151.3056,-32.1508]]]},"properties":{"lga_code_2023":"17620","lga_name_2023":"Upper Hunter","state_code_2021":"1"}},{"type":"Feature","geometry":{"type":"Polygon","coordinates":[[[149.5426,-34.8713],[149.5212,-34.8736],[149.5223,-34.8681],[149.5048,-34.8655],[149.498,-34.8514],[149.4889,-34.8501],[149.4879,-34.8616],[149.4705,-34.8583],[149.4721,-34.8494],[149.4894,-34.8487],[149.4912,-34.8395],[149.5026,-34.8312],[149.5079,-34.8179],[149.4953,-34.8063],[149.5079,-34.7763],[149.5012,-34.7752],[149.5079,-34.732],[149.5161,-34.7331],[149.5202,-34.7118],[149.5335,-34.7111],[149.5281,-34.7079],[149.5278,-34.693],[149.5202,-34.6933],[149.5157,-34.6805],[149.5038,-34.6796],[149.4954,-34.6676],[149.5027,-34.6543],[149.515,-34.6665],[149.5237,-34.665],[149.5202,-34.6454],[149.5378,-34.6251],[149.549,-34.6255],[149.5572,-34.6045],[149.5883,-34.6131],[149.5854,-34.6288],[149.6038,-34.6295],[149.6053,-34.643],[149.6181,-34.6447],[149.6194,-34.6266],[149.637,-34.5915],[149.6554,-34.5859],[149.6602,-34.5556],[149.6976,-34.5634],[149.6996,-34.5487],[149.7318,-34.5533],[149.7187,-34.5697],[149.7567,-34.5692],[149.7614,-34.5773],[149.7547,-34.5765],[149.7598,-34.5799],[149.7561,-34.5862],[149.7493,-34.5854],[149.7517,-34.5967],[149.7711,-34.6041],[149.7821,-34.6009],[149.7834,-34.6061],[149.8137,-34.6051],[149.8106,-34.621],[149.7997,-34.6164],[149.8025,-34.6357],[149.7931,-34.6501],[149.8172,-34.6532],[149.82,-34.6385],[149.855,-34.6435],[149.8601,-34.6157],[149.8487,-34.6116],[149.8501,-34.6158],[149.8241,-34.6186],[149.8305,-34.5984],[149.86,-34.6062],[149.8649,-34.6177],[149.8689,-34.6143],[149.8842,-34.6212],[149.8843,-34.6325],[149.886,-34.6238],[149.8954,-34.6251],[149.8965,-34.6193],[149.9426,-34.6239],[149.949,-34.6326],[149.9629,-34.6299],[149.9661,-34.6211],[149.9725,-34.6304],[149.9832,-34.6314],[149.9943,-34.6224],[150.0041,-34.6263],[150.0093,-34.6187],[150.0496,-34.6187],[150.0516,-34.6099],[150.0634,-34.6161],[150.0663,-34.6029],[150.0847,-34.6049],[150.0814,-34.5982],[150.0895,-34.5954],[150.0823,-34.577],[150.0939,-34.5739],[150.0944,-34.5553],[150.0829,-34.5544],[150.0736,-34.5435],[150.0616,-34.5448],[150.0455,-34.5269],[150.067,-34.5115],[150.0774,-34.5174],[150.093,-34.5122],[150.0832,-34.4956],[150.0709,-34.4936],[150.0672,-34.4848],[150.0722,-34.4726],[150.0602,-34.4733],[150.0589,-34.4655],[150.0853,-34.4448],[150.0885,-34.4316],[150.0982,-34.4328],[150.1148,-34.4124],[150.1067,-34.3897],[150.123,-34.3746],[150.1078,-34.3669],[150.097,-34.3709],[150.1031,-34.3563],[150.0888,-34.3467],[150.0626,-34.3589],[150.0423,-34.3609],[150.0366,-34.3542],[150.028,-34.3598],[150.0293,-34.3667],[150.0163,-34.367],[150.0059,-34.3593],[150.0099,-34.3524],[149.9981,-34.352],[150.0014,-34.346],[149.9841,-34.3444],[149.964,-34.3152],[149.9744,-34.2959],[149.9881,-34.2977],[149.9915,-34.2586],[150.0236,-34.2624],[150.0221,-34.2701],[150.0364,-34.2721],[150.0497,-34.2733],[150.0593,-34.267],[150.0594,-34.2543],[150.0529,-34.2501],[150.0618,-34.2377],[150.0498,-34.2342],[150.066,-34.1953],[150.0609,-34.1723],[150.055,-34.1734],[150.046,-34.1602],[150.0442,-34.1462],[150.0147,-34.1442],[150.0187,-34.1319],[150.0376,-34.1208],[150.0053,-34.1032],[150.007,-34.0852],[149.9719,-34.0777],[149.9628,-34.0817],[149.9624,-34.0774],[149.9449,-34.0917],[149.9289,-34.0791],[149.9354,-34.0972],[149.9316,-34.1163],[149.9368,-34.1144],[149.9497,-34.1251],[149.9369,-34.1538],[149.9375,-34.1685],[149.9185,-34.1832],[149.9038,-34.1821],[149.9017,-34.1876],[149.8882,-34.1804],[149.8834,-34.1869],[149.865,-34.1847],[149.8617,-34.1893],[149.8499,-34.1837],[149.8273,-34.1927],[149.8276,-34.1976],[149.8047,-34.1985],[149.7977,-34.2059],[149.7694,-34.1899],[149.761,-34.1942],[149.7567,-34.1867],[149.7417,-34.1882],[149.7441,-34.1942],[149.7329,-34.1976],[149.7268,-34.1896],[149.7249,-34.199],[149.7165,-34.1902],[149.7129,-34.1984],[149.7002,-34.1968],[149.6948,-34.2028],[149.6942,-34.1922],[149.6881,-34.199],[149.6787,-34.1962],[149.6818,-34.1918],[149.674,-34.1809],[149.6779,-34.1727],[149.6638,-34.1731],[149.6638,-34.1643],[149.6571,-34.1706],[149.6594,-34.1604],[149.6492,-34.1588],[149.6539,-34.1502],[149.6434,-34.1467],[149.6465,-34.1406],[149.64,-34.14],[149.6434,-34.1353],[149.637,-34.1355],[149.6383,-34.1265],[149.6286,-34.1135],[149.6225,-34.1286],[149.6174,-34.1183],[149.6234,-34.1143],[149.6204,-34.1056],[149.6037,-34.1231],[149.5887,-34.1055],[149.5817,-34.1074],[149.5789,-34.0927],[149.5719,-34.0965],[149.5633,-34.0875],[149.5636,-34.0962],[149.5546,-34.0883],[149.5512,-34.0939],[149.5413,-34.0766],[149.5454,-34.0712],[149.5386,-34.0721],[149.5369,-34.0628],[149.5257,-34.0592],[149.5302,-34.054],[149.5124,-34.0482],[149.5184,-34.0415],[149.5135,-34.0323],[149.5095,-34.0369],[149.4937,-34.0297],[149.4932,-34.0225],[149.4802,-34.0154],[149.4587,-34.0132],[149.4559,-34.0296],[149.4347,-34.0229],[149.4027,-34.006],[149.4005,-33.997],[149.3853,-33.991],[149.3836,-33.9796],[149.3758,-33.9844],[149.3634,-33.9769],[149.3644,-33.9692],[149.3521,-33.9712],[149.3539,-33.9586],[149.3478,-33.9533],[149.3141,-33.9568],[149.3016,-33.9536],[149.2997,-33.9462],[149.2909,-33.9529],[149.279,-33.9486],[149.2754,-33.959],[149.2632,-33.964],[149.2339,-33.9677],[149.2355,-33.9797],[149.2179,-33.9636],[149.2124,-33.9712],[149.2021,-33.9695],[149.1981,-33.9847],[149.1793,-33.9847],[149.1445,-33.9579],[149.1403,-33.9447],[149.1533,-33.9363],[149.155,-33.9272],[149.1375,-33.9097],[149.1392,-33.9031],[149.1301,-33.9002],[149.1306,-33.8942],[149.1198,-33.8878],[149.1181,-33.8936],[149.0983,-33.8998],[149.0954,-33.9098],[149.0813,-33.9129],[149.0697,-33.8997],[149.0735,-33.8927],[149.0651,-33.8929],[149.0519,-33.9126],[149.0361,-33.9101],[149.0257,-33.9173],[149.0251,-33.9321],[149.0114,-33.9328],[149.0057,-33.944],[149.0169,-33.9901],[149.0283,-33.9939],[149.0248,-33.9842],[149.0299,-33.9822],[149.0617,-33.9984],[149.0507,-34.0106],[149.0543,-34.0258],[149.0379,-34.0237],[149.0386,-34.0336],[149.0281,-34.0361],[149.0287,-34.0416],[149.0446,-34.0412],[149.0478,-34.0463],[149.0225,-34.052],[149.0205,-34.0904],[149.0028,-34.1073],[149.0057,-34.1215],[149.0201,-34.1281],[149.0109,-34.1391],[149.0153,-34.1467],[149.04,-34.1596],[149.0417,-34.1743],[149.0532,-34.1745],[149.0544,-34.1822],[149.0618,-34.1839],[149.0526,-34.1871],[149.0569,-34.1944],[149.0718,-34.1962],[149.0683,-34.2051],[149.0851,-34.2046],[149.0712,-34.2083],[149.0657,-34.2191],[149.0778,-34.2193],[149.0762,-34.2276],[149.099,-34.2413],[149.1079,-34.2396],[149.1165,-34.2553],[149.1254,-34.2591],[149.1124,-34.2591],[149.1112,-34.2698],[149.1187,-34.2657],[149.1308,-34.2793],[149.119,-34.2743],[149.1236,-34.2821],[149.1098,-34.2791],[149.0911,-34.2922],[149.0988,-34.3006],[149.0893,-34.3166],[149.0989,-34.3192],[149.105,-34.3287],[149.1026,-34.341],[149.1199,-34.359],[149.0859,-34.4005],[149.0865,-34.4098],[149.078,-34.4161],[149.0679,-34.4091],[149.0572,-34.4407],[149.0376,-34.448],[149.0311,-34.4733],[149.0112,-34.4981],[149.014,-34.5062],[148.9933,-34.527],[148.9975,-34.5371],[148.9889,-34.5475],[148.9782,-34.6368],[148.9478,-34.6438],[148.9414,-34.6903],[148.9471,-34.7003],[148.938,-34.7033],[148.958,-34.7075],[148.9653,-34.7183],[148.9904,-34.7062],[149.0033,-34.7243],[149.026,-34.7276],[149.022,-34.7479],[149.0376,-34.7583],[149.038,-34.7674],[149.0319,-34.7779],[149.022,-34.781],[149.0361,-34.7888],[149.0346,-34.798],[149.0427,-34.8029],[149.04,-34.8101],[149.0479,-34.8152],[149.0435,-34.829],[149.0605,-34.8312],[149.0676,-34.8396],[149.0679,-34.8552],[149.076,-34.8526],[149.1121,-34.8656],[149.11,-34.8795],[149.1205,-34.888],[149.1454,-34.8896],[149.146,-34.8819],[149.1562,-34.8754],[149.1871,-34.8945],[149.2176,-34.8902],[149.2122,-34.9035],[149.2297,-34.9054],[149.237,-34.894],[149.2489,-34.8975],[149.2509,-34.8903],[149.271,-34.8867],[149.2812,-34.8938],[149.2737,-34.9035],[149.2814,-34.9065],[149.2804,-34.9117],[149.3014,-34.9113],[149.3004,-34.9163],[149.3144,-34.9183],[149.3163,-34.9082],[149.3306,-34.91],[149.3332,-34.9212],[149.3464,-34.923],[149.3367,-34.9488],[149.3474,-34.9433],[149.3746,-34.9488],[149.3871,-34.9215],[149.4003,-34.9237],[149.4066,-34.9187],[149.4131,-34.9282],[149.428,-34.9306],[149.4288,-34.9261],[149.4478,-34.9279],[149.4551,-34.9115],[149.4885,-34.9163],[149.491,-34.9022],[149.5213,-34.9071],[149.5199,-34.8914],[149.5426,-34.8713]]]},"properties":{"lga_code_2023":"17640","lga_name_2023":"Upper Lachlan","state_code_2021":"1"}},{"type":"Feature","geometry":{"type":"Polygon","coordinates":[[[151.1467,-30.5997],[151.1526,-30.612],[151.1611,-30.6132],[151.1616,-30.6372],[151.1793,-30.6429],[151.2179,-30.6902],[151.2259,-30.6855],[151.25,-30.704],[151.2484,-30.7268],[151.2862,-30.7217],[151.3527,-30.7297],[151.3702,-30.7169],[151.3679,-30.7295],[151.3755,-30.7306],[151.3718,-30.7505],[151.3855,-30.7524],[151.3831,-30.7646],[151.3904,-30.7657],[151.3849,-30.7937],[151.3912,-30.7946],[151.3898,-30.8016],[151.3752,-30.8115],[151.3712,-30.8236],[151.3755,-30.8337],[151.3965,-30.8368],[151.3988,-30.8472],[151.4084,-30.8485],[151.4058,-30.8548],[151.4319,-30.8587],[151.4304,-30.8659],[151.443,-30.8678],[151.438,-30.8936],[151.461,-30.897],[151.478,-30.8955],[151.4718,-30.8858],[151.4799,-30.887],[151.4815,-30.8779],[151.4951,-30.8798],[151.4975,-30.867],[151.5124,-30.8691],[151.5145,-30.8578],[151.5491,-30.8627],[151.5471,-30.8566],[151.5653,-30.8592],[151.5669,-30.8507],[151.5886,-30.8537],[151.5904,-30.8443],[151.617,-30.848],[151.6431,-30.875],[151.6622,-30.8333],[151.6886,-30.8329],[151.7022,-30.8085],[151.7199,-30.7958],[151.7306,-30.7414],[151.7199,-30.7152],[151.7345,-30.7172],[151.738,-30.6919],[151.7563,-30.6932],[151.7747,-30.6861],[151.7502,-30.6723],[151.7188,-30.6786],[151.7157,-30.6724],[151.714,-30.6826],[151.7109,-30.6731],[151.6899,-30.6759],[151.6894,-30.6696],[151.6712,-30.6666],[151.6659,-30.6514],[151.6594,-30.6473],[151.6536,-30.6517],[151.6541,-30.6456],[151.6423,-30.6362],[151.6429,-30.602],[151.6354,-30.5987],[151.6397,-30.5938],[151.6205,-30.5855],[151.6156,-30.5732],[151.5828,-30.5514],[151.5767,-30.5385],[151.5862,-30.5088],[151.5834,-30.4972],[151.547,-30.4627],[151.5357,-30.4622],[151.5286,-30.4413],[151.5002,-30.4347],[151.499,-30.441],[151.4726,-30.4372],[151.4656,-30.4514],[151.456,-30.4411],[151.4631,-30.4407],[151.4579,-30.4326],[151.4478,-30.4282],[151.4611,-30.4185],[151.4615,-30.4095],[151.4505,-30.4065],[151.4515,-30.3943],[151.403,-30.3866],[151.3962,-30.3782],[151.3977,-30.3691],[151.3606,-30.3636],[151.3618,-30.3563],[151.3489,-30.3545],[151.3467,-30.3398],[151.3242,-30.3367],[151.3247,-30.3243],[151.3468,-30.305],[151.3366,-30.2993],[151.323,-30.2674],[151.304,-30.2652],[151.3138,-30.2334],[151.3252,-30.235],[151.3268,-30.2261],[151.3105,-30.2237],[151.3196,-30.1978],[151.311,-30.1967],[151.3164,-30.1654],[151.2795,-30.1805],[151.2829,-30.2314],[151.2773,-30.2401],[151.2566,-30.241],[151.2412,-30.2139],[151.2443,-30.191],[151.2358,-30.1846],[151.2033,-30.1786],[151.1564,-30.1892],[151.1295,-30.182],[151.1162,-30.1883],[151.1237,-30.1335],[151.1139,-30.1321],[151.1131,-30.1367],[151.0398,-30.1256],[151.0315,-30.1216],[151.0295,-30.1077],[151.0235,-30.1089],[151.0236,-30.1156],[151.0087,-30.1078],[151.0168,-30.0913],[151.0097,-30.0824],[150.9954,-30.0861],[150.9923,-30.0807],[150.9472,-30.0739],[150.9491,-30.0931],[150.9613,-30.1124],[150.9679,-30.1132],[150.9692,-30.1301],[150.9518,-30.1479],[150.9456,-30.1675],[150.9607,-30.1795],[150.9613,-30.1866],[150.9378,-30.1975],[150.9378,-30.2149],[150.9758,-30.2666],[150.9672,-30.2729],[150.9699,-30.2895],[150.9651,-30.2965],[150.9488,-30.3038],[150.9558,-30.3155],[150.9479,-30.3288],[150.9543,-30.3395],[150.9519,-30.3557],[150.9448,-30.3614],[150.9479,-30.3765],[150.9343,-30.3989],[150.9463,-30.4034],[150.9452,-30.4189],[150.96,-30.4293],[150.976,-30.4225],[150.9974,-30.4263],[151.0008,-30.4098],[151.0097,-30.4161],[151.0216,-30.4077],[151.0262,-30.4114],[151.0122,-30.4587],[151.0307,-30.47],[151.0285,-30.4896],[151.0404,-30.5127],[151.0514,-30.5134],[151.0563,-30.5207],[151.0697,-30.5545],[151.067,-30.5627],[151.0893,-30.5678],[151.1105,-30.5849],[151.1467,-30.5997]]]},"properties":{"lga_code_2023":"17650","lga_name_2023":"Uralla","state_code_2021":"1"}},{"type":"Feature","geometry":{"type":"Polygon","coordinates":[[[147.4414,-34.9694],[147.4312,-34.9754],[147.4146,-34.9686],[147.4141,-34.9563],[147.3597,-34.9507],[147.3605,-34.9464],[147.3457,-34.9445],[147.3456,-34.9529],[147.317,-34.9495],[147.3133,-34.9451],[147.3222,-34.9461],[147.3247,-34.9376],[147.3156,-34.9368],[147.3161,-34.9064],[147.0905,-34.8805],[147.0974,-34.8436],[147.0901,-34.8427],[147.0931,-34.8246],[147.0848,-34.8236],[147.0808,-34.8455],[146.9593,-34.8294],[146.9567,-34.8438],[146.9513,-34.8432],[146.9541,-34.8288],[146.8699,-34.8253],[146.8713,-34.8178],[146.8535,-34.8156],[146.8548,-34.8089],[146.8485,-34.8081],[146.8426,-34.8378],[146.8463,-34.8445],[146.8292,-34.8782],[146.8416,-34.8811],[146.8328,-34.8933],[146.8396,-34.8929],[146.8424,-34.9027],[146.7845,-34.9241],[146.7791,-34.9396],[146.7966,-34.9696],[146.8043,-34.9693],[146.8089,-34.985],[146.7942,-35.0582],[146.7842,-35.0701],[146.7788,-35.0984],[146.7945,-35.1055],[146.8187,-35.1314],[146.8283,-35.1327],[146.8324,-35.1484],[146.843,-35.1499],[146.8438,-35.1766],[146.8596,-35.1726],[146.8561,-35.1807],[146.9302,-35.1616],[146.9355,-35.1711],[146.9905,-35.1747],[147.0323,-35.1878],[147.0508,-35.1872],[147.0582,-35.1692],[147.1493,-35.1809],[147.1388,-35.2465],[147.1468,-35.2474],[147.1409,-35.2541],[147.1575,-35.2611],[147.1853,-35.2908],[147.2315,-35.3039],[147.2329,-35.3184],[147.2307,-35.3389],[147.2153,-35.3371],[147.2139,-35.3447],[147.1977,-35.3273],[147.1949,-35.342],[147.1839,-35.3448],[147.1776,-35.3648],[147.1682,-35.3636],[147.1655,-35.378],[147.1796,-35.3798],[147.1814,-35.3892],[147.1667,-35.4158],[147.179,-35.4174],[147.1765,-35.4303],[147.1856,-35.4315],[147.1786,-35.4418],[147.1639,-35.4387],[147.1598,-35.4644],[147.185,-35.4485],[147.1941,-35.4547],[147.1955,-35.4661],[147.211,-35.4727],[147.2379,-35.4705],[147.2515,-35.4911],[147.2632,-35.4886],[147.2939,-35.5013],[147.303,-35.4956],[147.3335,-35.5095],[147.3638,-35.5139],[147.379,-35.5258],[147.378,-35.5309],[147.3881,-35.532],[147.3823,-35.5509],[147.3915,-35.5636],[147.419,-35.5336],[147.4272,-35.5395],[147.4446,-35.5301],[147.4563,-35.531],[147.4882,-35.5457],[147.5004,-35.5285],[147.5002,-35.5088],[147.5181,-35.497],[147.5148,-35.4886],[147.522,-35.4821],[147.6252,-35.5462],[147.6503,-35.5388],[147.6812,-35.5567],[147.6856,-35.5342],[147.7383,-35.5411],[147.7369,-35.531],[147.7557,-35.5335],[147.7544,-35.5447],[147.7893,-35.5516],[147.7925,-35.5472],[147.8454,-35.5546],[147.8473,-35.5449],[147.8622,-35.5469],[147.8633,-35.5407],[147.8927,-35.5443],[147.891,-35.5533],[147.9298,-35.5585],[147.9314,-35.5501],[147.9078,-35.5383],[147.9071,-35.5309],[147.908,-35.5262],[147.9256,-35.5285],[147.928,-35.5163],[147.9048,-35.5133],[147.9076,-35.4901],[147.8838,-35.4885],[147.886,-35.4641],[147.873,-35.457],[147.8728,-35.4421],[147.8894,-35.4443],[147.8932,-35.4244],[147.9076,-35.4262],[147.9085,-35.4214],[147.8976,-35.4125],[147.8939,-35.3993],[147.8997,-35.3805],[147.8891,-35.3758],[147.8843,-35.3574],[147.8679,-35.3594],[147.8592,-35.3399],[147.8455,-35.33],[147.8503,-35.3224],[147.8427,-35.3087],[147.8455,-35.2921],[147.856,-35.2802],[147.8558,-35.2663],[147.8414,-35.257],[147.834,-35.2217],[147.7978,-35.2109],[147.7951,-35.1992],[147.7716,-35.1845],[147.762,-35.1476],[147.7669,-35.1353],[147.7539,-35.1295],[147.7527,-35.117],[147.7357,-35.1101],[147.7366,-35.0958],[147.6863,-35.0859],[147.6923,-35.056],[147.646,-35.0494],[147.6439,-35.0357],[147.6351,-35.0345],[147.6336,-35.0038],[147.5991,-34.9977],[147.6004,-34.9868],[147.5256,-34.9727],[147.4457,-34.9645],[147.4414,-34.9694]]]},"properties":{"lga_code_2023":"17750","lga_name_2023":"Wagga Wagga","state_code_2021":"1"}},{"type":"Feature","geometry":{"type":"Polygon","coordinates":[[[151.357,-31.0675],[151.3414,-31.0641],[151.3058,-31.0806],[151.3035,-31.1027],[151.3362,-31.1073],[151.3333,-31.1229],[151.3394,-31.1206],[151.3345,-31.1468],[151.325,-31.1469],[151.3191,-31.1758],[151.3394,-31.1812],[151.3445,-31.1969],[151.362,-31.1994],[151.3602,-31.2101],[151.3828,-31.2072],[151.3799,-31.2239],[151.3703,-31.2226],[151.358,-31.2885],[151.3686,-31.298],[151.3905,-31.3008],[151.3975,-31.2638],[151.4151,-31.2662],[151.4207,-31.2714],[151.4208,-31.3177],[151.4481,-31.3389],[151.466,-31.3776],[151.4472,-31.3884],[151.4336,-31.3891],[151.4226,-31.3799],[151.41,-31.3884],[151.4073,-31.3973],[151.4145,-31.4102],[151.4267,-31.4153],[151.4103,-31.4332],[151.4194,-31.4407],[151.419,-31.4559],[151.4091,-31.476],[151.4133,-31.4849],[151.4239,-31.4848],[151.4212,-31.493],[151.4277,-31.4987],[151.418,-31.5057],[151.4522,-31.5383],[151.4837,-31.548],[151.4783,-31.5641],[151.4892,-31.5729],[151.5112,-31.5783],[151.5124,-31.5879],[151.5214,-31.5867],[151.5363,-31.5992],[151.5574,-31.6009],[151.5694,-31.61],[151.5766,-31.6023],[151.5842,-31.6048],[151.6014,-31.5956],[151.6101,-31.608],[151.6247,-31.6068],[151.6336,-31.6152],[151.6526,-31.6027],[151.6571,-31.6133],[151.6821,-31.6088],[151.6919,-31.6145],[151.6906,-31.6226],[151.713,-31.6206],[151.74,-31.6359],[151.7569,-31.6382],[151.7567,-31.6018],[151.7753,-31.5904],[151.7816,-31.5926],[151.783,-31.5856],[151.8025,-31.5739],[151.7882,-31.5593],[151.7866,-31.5478],[151.7585,-31.5354],[151.7533,-31.5143],[151.7893,-31.5149],[151.8024,-31.505],[151.8428,-31.509],[151.8446,-31.4995],[151.9158,-31.5101],[151.9092,-31.4877],[151.9153,-31.4838],[151.9128,-31.4767],[152.0838,-31.5005],[152.0871,-31.4962],[152.0785,-31.4735],[152.0799,-31.4621],[152.0878,-31.4562],[152.0647,-31.4386],[152.0679,-31.3984],[152.0706,-31.4037],[152.0966,-31.3882],[152.0996,-31.3931],[152.1237,-31.2787],[152.1389,-31.2854],[152.1529,-31.273],[152.161,-31.2402],[152.1606,-31.23],[152.1496,-31.2238],[152.1541,-31.2093],[152.147,-31.1981],[152.1518,-31.1881],[152.1707,-31.1907],[152.179,-31.1995],[152.1997,-31.1936],[152.2234,-31.2079],[152.2321,-31.2055],[152.2341,-31.1975],[152.2517,-31.2063],[152.2576,-31.2009],[152.2547,-31.1945],[152.3166,-31.2029],[152.3309,-31.1275],[152.3426,-31.1283],[152.3379,-31.1144],[152.3496,-31.117],[152.3481,-31.1092],[152.3366,-31.1052],[152.3342,-31.0757],[152.3406,-31.0682],[152.3311,-31.0573],[152.3452,-31.0506],[152.3434,-31.0399],[152.3244,-31.0249],[152.3153,-31.0279],[152.2926,-31.0115],[152.2765,-31.0095],[152.2698,-30.9991],[152.2941,-30.9731],[152.2843,-30.9491],[152.2957,-30.931],[152.1775,-30.9152],[152.179,-30.911],[152.1676,-30.9093],[152.1699,-30.9013],[152.1502,-30.8673],[152.1416,-30.8712],[152.1259,-30.8593],[152.1176,-30.8695],[152.1035,-30.8565],[152.0875,-30.8524],[152.084,-30.8433],[152.0617,-30.8484],[152.0551,-30.8596],[152.039,-30.8611],[152.0359,-30.8554],[152.049,-30.8395],[152.0426,-30.8457],[152.0335,-30.8437],[152.0236,-30.827],[152.0158,-30.825],[152.0206,-30.8164],[152.0158,-30.801],[152.0085,-30.8012],[152.0044,-30.8119],[151.9927,-30.8017],[151.9888,-30.8098],[151.9784,-30.81],[151.9794,-30.8037],[151.9703,-30.801],[151.9596,-30.8036],[151.9638,-30.7936],[151.9524,-30.7948],[151.9549,-30.7873],[151.9389,-30.7682],[151.9449,-30.762],[151.9347,-30.7614],[151.9367,-30.757],[151.9317,-30.7685],[151.9028,-30.7645],[151.88,-30.771],[151.8771,-30.7779],[151.8581,-30.7801],[151.8487,-30.775],[151.844,-30.7831],[151.8133,-30.7895],[151.8074,-30.7814],[151.7801,-30.7822],[151.7755,-30.7771],[151.7744,-30.7847],[151.7311,-30.7886],[151.7025,-30.8083],[151.6886,-30.8329],[151.6622,-30.8333],[151.6416,-30.8755],[151.617,-30.848],[151.5904,-30.8443],[151.5886,-30.8537],[151.5669,-30.8507],[151.5653,-30.8592],[151.5471,-30.8566],[151.5491,-30.8627],[151.5145,-30.8578],[151.5124,-30.8691],[151.4975,-30.867],[151.4951,-30.8798],[151.4815,-30.8779],[151.4799,-30.887],[151.4718,-30.8858],[151.478,-30.8955],[151.438,-30.8936],[151.443,-30.8678],[151.4304,-30.8659],[151.4319,-30.8587],[151.4058,-30.8548],[151.4084,-30.8485],[151.3988,-30.8472],[151.3965,-30.8368],[151.3768,-30.8339],[151.3619,-30.8791],[151.3525,-30.8724],[151.3333,-30.8976],[151.3243,-30.8946],[151.3083,-30.9083],[151.3029,-30.8995],[151.2958,-30.9007],[151.2875,-30.9105],[151.302,-30.9147],[151.3093,-30.9278],[151.3178,-30.9278],[151.3249,-30.9397],[151.3432,-30.9466],[151.3476,-30.968],[151.3313,-30.9682],[151.3091,-30.9898],[151.3224,-30.9917],[151.3204,-31.0028],[151.3437,-31.0116],[151.3425,-31.019],[151.3517,-31.023],[151.342,-31.0429],[151.3607,-31.0482],[151.357,-31.0675]]]},"properties":{"lga_code_2023":"17850","lga_name_2023":"Walcha","state_code_2021":"1"}},{"type":"Feature","geometry":{"type":"Polygon","coordinates":[[[147.6318,-29.3539],[147.6098,-29.3623],[147.596,-29.3609],[147.5938,-29.372],[147.5773,-29.3755],[147.5682,-29.3941],[147.5696,-29.4073],[147.5515,-29.4194],[147.5564,-29.4265],[147.5504,-29.4289],[147.5509,-29.4392],[147.5221,-29.4506],[147.5161,-29.4649],[147.4915,-29.4758],[147.4856,-29.4879],[147.4906,-29.4938],[147.4641,-29.5194],[147.4358,-29.5289],[147.4257,-29.5428],[147.4268,-29.5558],[147.4081,-29.5738],[147.4141,-29.5968],[147.409,-29.6116],[147.3698,-29.6705],[147.354,-29.6734],[147.3462,-29.6841],[147.3499,-29.6934],[147.3677,-29.697],[147.3795,-29.7167],[147.4107,-29.7257],[147.4042,-29.7382],[147.4178,-29.7467],[147.4273,-29.7631],[147.4174,-29.7712],[147.3926,-29.7668],[147.3808,-29.7826],[147.4004,-29.7854],[147.423,-29.8231],[147.4138,-29.8342],[147.4418,-29.8373],[147.4404,-29.8475],[147.4939,-29.8532],[147.4912,-29.9039],[147.4757,-29.9816],[147.4111,-29.9747],[147.3891,-30.1065],[147.4187,-30.1159],[147.4175,-30.1259],[147.4092,-30.1215],[147.4011,-30.1277],[147.3962,-30.1219],[147.3953,-30.1298],[147.3864,-30.1281],[147.3886,-30.1392],[147.3804,-30.1322],[147.3763,-30.1428],[147.3416,-30.1283],[147.3408,-30.1361],[147.3325,-30.1379],[147.3335,-30.123],[147.3103,-30.1223],[147.3147,-30.117],[147.3069,-30.1155],[147.2986,-30.1319],[147.2788,-30.1337],[147.279,-30.1263],[147.2695,-30.1216],[147.2652,-30.1311],[147.2581,-30.123],[147.2526,-30.1264],[147.2588,-30.131],[147.2508,-30.1279],[147.2484,-30.1357],[147.2433,-30.1351],[147.2481,-30.1374],[147.2458,-30.1453],[147.2419,-30.142],[147.2368,-30.1504],[147.2442,-30.1486],[147.2535,-30.1634],[147.2465,-30.162],[147.2489,-30.1728],[147.237,-30.1848],[147.2408,-30.195],[147.2335,-30.1975],[147.2386,-30.2176],[147.2312,-30.2256],[147.2419,-30.2326],[147.228,-30.2411],[147.226,-30.2494],[147.2167,-30.2483],[147.2185,-30.2579],[147.2124,-30.2568],[147.2232,-30.2642],[147.2166,-30.274],[147.2097,-30.274],[147.2145,-30.2766],[147.2046,-30.2867],[147.2147,-30.2976],[147.1985,-30.311],[147.2046,-30.3136],[147.1969,-30.315],[147.2036,-30.3258],[147.1949,-30.3333],[147.2003,-30.3349],[147.1916,-30.3424],[147.1958,-30.347],[147.177,-30.361],[147.1862,-30.3675],[147.1757,-30.3765],[147.1862,-30.3838],[147.1781,-30.3888],[147.1841,-30.3891],[147.18,-30.401],[147.1739,-30.4007],[147.1945,-30.4085],[147.2594,-30.4158],[147.3452,-30.4218],[147.3475,-30.4076],[147.5607,-30.4292],[147.5726,-30.436],[147.5789,-30.4629],[147.5927,-30.4664],[147.6046,-30.4897],[147.6198,-30.5015],[147.6213,-30.5128],[147.8478,-30.5403],[147.8453,-30.4792],[147.955,-30.4327],[147.9702,-30.4222],[147.9743,-30.4081],[147.991,-30.4008],[147.9987,-30.4007],[147.9963,-30.413],[148.0533,-30.4202],[148.0551,-30.4124],[148.1085,-30.4189],[148.1011,-30.4266],[148.098,-30.4358],[148.1041,-30.4442],[148.0964,-30.4497],[148.0924,-30.4655],[148.1012,-30.4888],[148.0975,-30.4958],[148.1175,-30.5127],[148.2325,-30.4409],[148.2209,-30.3927],[148.2284,-30.3502],[148.2803,-30.3502],[148.2827,-30.3359],[148.2614,-30.3331],[148.2626,-30.3265],[148.2675,-30.3271],[148.269,-30.3182],[148.3031,-30.3182],[148.3956,-30.3907],[148.3912,-30.4189],[148.4785,-30.497],[148.4745,-30.5076],[148.5862,-30.5652],[148.6437,-30.5816],[148.6469,-30.5627],[148.6714,-30.5659],[148.6737,-30.552],[148.662,-30.5506],[148.666,-30.5267],[148.7374,-30.5355],[148.7405,-30.5181],[148.8517,-30.5314],[148.8843,-30.3617],[148.8793,-30.3611],[148.8851,-30.3257],[148.8952,-30.3288],[148.8921,-30.3376],[148.9093,-30.3332],[148.9137,-30.3417],[148.921,-30.3379],[148.9222,-30.3123],[148.9296,-30.3133],[148.9319,-30.2996],[148.9311,-30.2872],[148.9262,-30.2861],[148.9428,-30.1878],[148.9814,-30.1678],[148.9706,-30.1497],[148.9933,-30.1174],[149.002,-30.1164],[148.997,-30.1268],[149.0203,-30.1293],[149.0271,-30.1122],[149.0237,-30.1055],[149.0551,-30.0925],[149.0678,-30.0329],[149.0812,-30.0345],[149.0943,-29.9593],[149.048,-29.9535],[149.0888,-29.7125],[148.8799,-29.6292],[148.8769,-29.6213],[148.9012,-29.4752],[148.869,-29.4855],[148.8701,-29.4935],[148.863,-29.4898],[148.8519,-29.4969],[148.8508,-29.4913],[148.8387,-29.4982],[148.816,-29.4898],[148.8004,-29.5057],[148.7623,-29.5004],[148.7517,-29.5098],[148.7362,-29.5036],[148.7277,-29.5141],[148.7171,-29.5083],[148.707,-29.5162],[148.6895,-29.5107],[148.6914,-29.5051],[148.6762,-29.5098],[148.6866,-29.4953],[148.6791,-29.4768],[148.6895,-29.4513],[148.6971,-29.4491],[148.6919,-29.4453],[148.6987,-29.4397],[148.6944,-29.4319],[148.7158,-29.4208],[148.7082,-29.4148],[148.7145,-29.4123],[148.7047,-29.39],[148.6837,-29.3884],[148.6877,-29.3785],[148.6975,-29.375],[148.693,-29.365],[148.7038,-29.362],[148.6889,-29.3523],[148.6986,-29.3467],[148.6966,-29.326],[148.7059,-29.3311],[148.7123,-29.3135],[148.7227,-29.3157],[148.7148,-29.2968],[148.7279,-29.2999],[148.7209,-29.2817],[148.7333,-29.2748],[148.7321,-29.2639],[148.738,-29.268],[148.7413,-29.262],[148.733,-29.2526],[148.75,-29.2382],[148.7542,-29.2171],[148.7626,-29.213],[148.7588,-29.2086],[148.7679,-29.2082],[148.7659,-29.1921],[148.7963,-29.1819],[148.7991,-29.1895],[148.8058,-29.1828],[148.8026,-29.1779],[148.8087,-29.1776],[148.8079,-29.1705],[148.7984,-29.1659],[148.797,-29.1407],[148.804,-29.1382],[148.7993,-29.1299],[148.8079,-29.1216],[148.8052,-29.0994],[148.811,-29.092],[148.8178,-29.0931],[148.8142,-29.0817],[148.8254,-29.0669],[148.8415,-29.0699],[148.8493,-29.0642],[148.8479,-29.0554],[148.859,-29.0509],[148.8593,-29.0453],[148.8762,-29.0436],[148.8773,-29.0322],[148.8883,-29.0365],[148.8981,-29.02],[148.905,-29.0262],[148.9149,-29.0201],[148.9419,-29.0246],[148.947,-29.0111],[148.9584,-29.0069],[148.9581,-28.9991],[147.9455,-28.9991],[147.9197,-29.1151],[147.8864,-29.1124],[147.8686,-29.1353],[147.8701,-29.1446],[147.8514,-29.1488],[147.8512,-29.1628],[147.8377,-29.1683],[147.8289,-29.1823],[147.8304,-29.1899],[147.8416,-29.1934],[147.8403,-29.2033],[147.8301,-29.2087],[147.8308,-29.223],[147.8239,-29.2248],[147.815,-29.2448],[147.8017,-29.2488],[147.7871,-29.2671],[147.772,-29.2709],[147.774,-29.2882],[147.7562,-29.2912],[147.7494,-29.2805],[147.7345,-29.2765],[147.6888,-29.3174],[147.6768,-29.3445],[147.6592,-29.3526],[147.6334,-29.3485],[147.6318,-29.3539]]]},"properties":{"lga_code_2023":"17900","lga_name_2023":"Walgett","state_code_2021":"1"}},{"type":"Feature","geometry":{"type":"Polygon","coordinates":[[[147.3603,-31.1557],[147.3791,-31.1696],[147.3888,-31.2055],[147.4199,-31.2295],[147.419,-31.244],[147.4776,-31.2944],[147.4797,-31.3053],[147.4898,-31.3097],[147.507,-31.3332],[147.5171,-31.335],[147.4937,-31.3506],[147.4817,-31.3431],[147.4602,-31.357],[147.5072,-31.4192],[147.5149,-31.4222],[147.5272,-31.4514],[147.5211,-31.4439],[147.4984,-31.4541],[147.4867,-31.4623],[147.5012,-31.4608],[147.5057,-31.4661],[147.4595,-31.4955],[147.4722,-31.498],[147.4721,-31.512],[147.482,-31.5223],[147.465,-31.5329],[147.4697,-31.5383],[147.4336,-31.586],[147.4101,-31.676],[147.3873,-31.7301],[147.3732,-31.7393],[147.3468,-31.7851],[147.3411,-31.8104],[147.4203,-31.8476],[147.4401,-31.8211],[147.4847,-31.8601],[147.4833,-31.8652],[147.4721,-31.8655],[147.3694,-31.9311],[147.3882,-31.9505],[147.3485,-31.9798],[147.3377,-31.9777],[147.3404,-31.9857],[147.3287,-31.9948],[147.3484,-31.9962],[147.3765,-32.0229],[147.3905,-32.027],[147.3943,-32.0363],[147.4166,-32.0399],[147.4199,-32.0695],[147.4346,-32.0796],[147.4388,-32.0947],[147.478,-32.1231],[147.4712,-32.1475],[147.4863,-32.1611],[147.4947,-32.1887],[147.6303,-32.1001],[147.7245,-32.0262],[147.7463,-31.9894],[147.7642,-31.9996],[147.7844,-32],[147.7873,-31.9842],[147.8041,-31.985],[147.7941,-31.9689],[147.8367,-31.9273],[147.8527,-31.9334],[147.9474,-31.8668],[147.9921,-31.8729],[147.9997,-31.8676],[148.0175,-31.8767],[148.026,-31.8712],[148.0362,-31.8886],[148.0329,-31.8947],[148.0435,-31.8893],[148.0397,-31.8958],[148.0479,-31.9003],[148.0665,-31.8641],[148.1422,-31.7987],[148.1433,-31.8034],[148.1591,-31.8025],[148.1553,-31.8071],[148.1614,-31.8071],[148.1569,-31.809],[148.163,-31.8158],[148.1873,-31.8208],[148.1779,-31.8206],[148.1792,-31.8279],[148.2588,-31.7828],[148.2609,-31.7714],[148.2764,-31.7736],[148.2742,-31.7864],[148.2789,-31.7882],[148.3464,-31.7975],[148.3575,-31.73],[148.298,-31.733],[148.323,-31.5911],[148.3124,-31.5898],[148.314,-31.5804],[148.2947,-31.5713],[148.2919,-31.5873],[148.2878,-31.5868],[148.2915,-31.5796],[148.2855,-31.5789],[148.2844,-31.5847],[148.268,-31.5864],[148.28,-31.5467],[148.2821,-31.5348],[148.2776,-31.5342],[148.2946,-31.4396],[148.3092,-31.4414],[148.3071,-31.408],[148.2985,-31.3855],[148.266,-31.4004],[148.2292,-31.3885],[148.2053,-31.3493],[148.1165,-31.2841],[148.1207,-31.2749],[148.1021,-31.2613],[148.096,-31.2662],[148.0756,-31.2514],[148.0645,-31.2506],[147.9984,-31.1866],[147.9993,-31.1811],[147.9875,-31.1796],[147.993,-31.1455],[147.9698,-31.1394],[147.9715,-31.13],[147.9883,-31.132],[147.9927,-31.1059],[147.9787,-31.0874],[147.9537,-31.0785],[147.9484,-31.0632],[147.9415,-31.0633],[147.9207,-31.0329],[147.9018,-31.0261],[147.8987,-31.0163],[147.8903,-31.0192],[147.873,-31.0079],[147.8666,-30.9845],[147.8148,-30.9921],[147.811,-30.9797],[147.7444,-30.9966],[147.7308,-30.9369],[147.726,-30.937],[147.7147,-30.8967],[147.6932,-30.8555],[147.6985,-30.8374],[147.5231,-30.8163],[147.5156,-30.8099],[147.5138,-30.7895],[147.5249,-30.7713],[147.5234,-30.7627],[147.547,-30.7524],[147.566,-30.7325],[147.5623,-30.713],[147.5734,-30.697],[147.5691,-30.6898],[147.5919,-30.6562],[147.5733,-30.5729],[147.5964,-30.5638],[147.6003,-30.5265],[147.6219,-30.5114],[147.5927,-30.4664],[147.5789,-30.4629],[147.5726,-30.436],[147.5607,-30.4292],[147.3475,-30.4076],[147.3452,-30.4218],[147.1732,-30.4023],[147.1745,-30.4161],[147.1651,-30.4218],[147.1712,-30.4258],[147.1657,-30.4298],[147.1723,-30.4287],[147.1675,-30.4382],[147.1756,-30.4437],[147.1668,-30.4493],[147.1724,-30.4589],[147.181,-30.4582],[147.1761,-30.4648],[147.1622,-30.4665],[147.1795,-30.4772],[147.1772,-30.4838],[147.1878,-30.4819],[147.1778,-30.5062],[147.1866,-30.514],[147.1813,-30.5164],[147.1894,-30.5279],[147.1813,-30.5309],[147.1894,-30.5326],[147.1884,-30.5396],[147.0996,-30.5336],[147.1191,-30.6014],[147.2072,-30.6152],[147.2012,-30.6377],[147.2087,-30.6377],[147.2041,-30.6428],[147.2126,-30.6404],[147.2044,-30.6467],[147.209,-30.6507],[147.2052,-30.6551],[147.2147,-30.668],[147.2209,-30.6665],[147.2069,-30.6791],[147.2139,-30.68],[147.2096,-30.6863],[147.223,-30.694],[147.2035,-30.7183],[147.2178,-30.7238],[147.2133,-30.7298],[147.225,-30.7372],[147.2235,-30.7423],[147.2461,-30.7493],[147.239,-30.7555],[147.2473,-30.7668],[147.2413,-30.7701],[147.2524,-30.7787],[147.2463,-30.7937],[147.2557,-30.804],[147.2493,-30.8062],[147.2539,-30.8145],[147.2441,-30.8197],[147.2503,-30.8236],[147.245,-30.8274],[147.158,-30.82],[147.1504,-30.8304],[147.1576,-30.9025],[147.2137,-30.9756],[147.2675,-31.0331],[147.1974,-31.0781],[147.264,-31.1436],[147.2713,-31.1387],[147.2812,-31.155],[147.285,-31.1526],[147.3025,-31.1708],[147.2899,-31.179],[147.2994,-31.1924],[147.3603,-31.1557]]]},"properties":{"lga_code_2023":"17950","lga_name_2023":"Warren","state_code_2021":"1"}},{"type":"Feature","geometry":{"type":"Polygon","coordinates":[[[149.3246,-30.8653],[149.3112,-30.8635],[149.2074,-30.9063],[149.1549,-30.7849],[149.122,-30.7975],[149.1215,-30.7807],[149.128,-30.7743],[149.1209,-30.7564],[149.1114,-30.7518],[149.1171,-30.7416],[149.1126,-30.7275],[149.1197,-30.7162],[149.0478,-30.7132],[149.0362,-30.6561],[149.0525,-30.6398],[149.0256,-30.6056],[148.992,-30.6221],[148.9697,-30.6194],[148.9751,-30.6345],[148.9483,-30.6547],[148.9228,-30.6243],[148.8107,-30.6736],[148.7969,-30.7582],[148.8329,-30.7994],[148.8794,-30.8269],[148.8201,-30.8716],[148.8568,-30.884],[148.8731,-30.9137],[148.8411,-30.9849],[148.8396,-30.9947],[148.8492,-30.9959],[148.848,-31.004],[148.8383,-31.0029],[148.834,-31.0286],[148.8437,-31.0358],[148.9011,-31.0473],[148.9075,-31.061],[148.9037,-31.0756],[148.9212,-31.0976],[148.9169,-31.1098],[148.9201,-31.1349],[148.941,-31.1764],[148.9345,-31.1957],[148.9552,-31.2136],[148.9545,-31.2285],[148.9706,-31.2365],[148.9802,-31.2305],[148.9948,-31.2411],[149.0195,-31.2405],[149.0283,-31.2606],[149.0672,-31.2786],[149.0449,-31.308],[149.0459,-31.3388],[149.0158,-31.3441],[149.0088,-31.3373],[148.9938,-31.3636],[148.9954,-31.3737],[148.9865,-31.3734],[148.9745,-31.3868],[148.9768,-31.3931],[148.9639,-31.4115],[148.9676,-31.4296],[148.955,-31.4529],[148.9825,-31.4442],[149.0471,-31.4445],[149.0318,-31.4782],[149.1298,-31.4907],[149.1287,-31.5113],[149.1393,-31.5281],[149.1385,-31.537],[149.1238,-31.5508],[149.1293,-31.5688],[149.1254,-31.5727],[149.1188,-31.5676],[149.1082,-31.5952],[149.1023,-31.5907],[149.0969,-31.5957],[149.0973,-31.6016],[149.1134,-31.6112],[149.1082,-31.6134],[149.111,-31.6224],[149.1052,-31.6289],[149.0966,-31.623],[149.0883,-31.6547],[149.0702,-31.6617],[149.0666,-31.6726],[149.0662,-31.6885],[149.0745,-31.7004],[149.0676,-31.7011],[149.0642,-31.7165],[149.0726,-31.7163],[149.0789,-31.7292],[149.092,-31.7343],[149.0831,-31.7448],[149.0872,-31.7566],[149.0799,-31.7653],[149.0856,-31.7727],[149.0925,-31.7691],[149.0901,-31.7809],[149.0984,-31.785],[149.0705,-31.805],[149.0456,-31.7946],[149.033,-31.8004],[149.021,-31.8257],[149.0041,-31.8354],[149.0065,-31.8417],[149.0225,-31.8439],[149.0159,-31.8843],[148.9931,-31.8815],[148.9881,-31.9093],[148.9702,-31.907],[148.9812,-31.9271],[149.0031,-31.936],[149.0208,-31.9219],[149.0316,-31.9234],[149.0113,-32.0386],[148.9971,-32.0367],[149.0236,-32.0874],[149.0197,-32.1089],[149.0329,-32.0998],[149.0557,-32.0999],[149.0596,-32.0872],[149.0713,-32.0955],[149.0712,-32.1033],[149.0931,-32.1087],[149.0962,-32.115],[149.1042,-32.1131],[149.1062,-32.1049],[149.1102,-32.1114],[149.1195,-32.108],[149.1222,-32.101],[149.1387,-32.1172],[149.154,-32.1159],[149.1629,-32.1244],[149.1742,-32.1222],[149.166,-32.1152],[149.1697,-32.1025],[149.1717,-32.1069],[149.1803,-32.1],[149.1938,-32.1044],[149.2015,-32.1198],[149.1958,-32.1243],[149.2012,-32.133],[149.1973,-32.1446],[149.2115,-32.1504],[149.211,-32.1708],[149.2206,-32.1825],[149.1988,-32.1868],[149.1924,-32.2018],[149.1907,-32.212],[149.203,-32.2136],[149.1892,-32.2906],[149.235,-32.2934],[149.2397,-32.2992],[149.2854,-32.2886],[149.2933,-32.3027],[149.3051,-32.3047],[149.321,-32.2868],[149.3352,-32.2851],[149.3265,-32.2604],[149.3398,-32.2564],[149.361,-32.2204],[149.3737,-32.2158],[149.3731,-32.1899],[149.3847,-32.1932],[149.3968,-32.1768],[149.4133,-32.1755],[149.4175,-32.1555],[149.4118,-32.1382],[149.4291,-32.1354],[149.4283,-32.124],[149.4123,-32.1061],[149.415,-32.0956],[149.4707,-32.1035],[149.4725,-32.0933],[149.4801,-32.0942],[149.4797,-32.1088],[149.495,-32.1021],[149.5003,-32.0732],[149.5328,-32.0895],[149.5732,-32.0864],[149.5781,-32.1066],[149.6028,-32.127],[149.6382,-32.1127],[149.6695,-32.1219],[149.6819,-32.1111],[149.7508,-32.1198],[149.7518,-32.0996],[149.7629,-32.0893],[149.7776,-32.0916],[149.7785,-32.0776],[149.7935,-32.0594],[149.8053,-32.0552],[149.8082,-32.0393],[149.8499,-32.0256],[149.8584,-32.0304],[149.8598,-32.0225],[149.8749,-32.0311],[149.8731,-32.0135],[149.8825,-31.9969],[149.8738,-31.9959],[149.8756,-31.9845],[149.8391,-31.9874],[149.8484,-31.9727],[149.8661,-31.9616],[149.8723,-31.9448],[149.8981,-31.9195],[149.9024,-31.9046],[149.9203,-31.8933],[149.9196,-31.8866],[150.024,-31.8288],[150.0699,-31.7654],[150.1106,-31.7461],[150.1051,-31.7395],[150.0751,-31.7399],[150.0458,-31.7142],[150.0522,-31.698],[150.0309,-31.6915],[150.0283,-31.6852],[150.0275,-31.6934],[150.0137,-31.6976],[150.0139,-31.7048],[150.0044,-31.7026],[149.9905,-31.714],[149.9937,-31.7218],[149.9841,-31.7279],[149.9655,-31.701],[149.947,-31.7023],[149.9417,-31.711],[149.9293,-31.6982],[149.9194,-31.7063],[149.9048,-31.7068],[149.8663,-31.679],[149.8656,-31.638],[149.8409,-31.6161],[149.9011,-31.6244],[149.8929,-31.5926],[149.9117,-31.5775],[149.9149,-31.5601],[149.9032,-31.5456],[149.9044,-31.5369],[149.8669,-31.5373],[149.8829,-31.452],[149.913,-31.4534],[149.9138,-31.4483],[149.9096,-31.4305],[149.8959,-31.4241],[149.8914,-31.3963],[149.8818,-31.3856],[149.8853,-31.3707],[149.8658,-31.3797],[149.8049,-31.3731],[149.8131,-31.3166],[149.7908,-31.3154],[149.7886,-31.3087],[149.7959,-31.2239],[149.8259,-31.2283],[149.8307,-31.2098],[149.8415,-31.2115],[149.8444,-31.1967],[149.8808,-31.2024],[149.8756,-31.1959],[149.8934,-31.1656],[149.888,-31.1566],[149.8945,-31.1516],[149.8893,-31.1453],[149.894,-31.1371],[149.8881,-31.1267],[149.894,-31.1208],[149.888,-31.1174],[149.8907,-31.1073],[149.9048,-31.0974],[149.8198,-31.0845],[149.8295,-31.0386],[149.8229,-31.0336],[149.8299,-31.0344],[149.8468,-30.9388],[149.8353,-30.9372],[149.8382,-30.921],[149.8272,-30.9196],[149.8237,-30.9392],[149.7434,-30.9299],[149.742,-30.9389],[149.7108,-30.9344],[149.7104,-30.9167],[149.6968,-30.9145],[149.6891,-30.923],[149.6316,-30.9161],[149.6371,-30.9099],[149.6367,-30.8886],[149.6517,-30.8902],[149.6586,-30.884],[149.5185,-30.8632],[149.4952,-30.8929],[149.3246,-30.8653]]]},"properties":{"lga_code_2023":"18020","lga_name_2023":"Warrumbungle","state_code_2021":"1"}},{"type":"Feature","geometry":{"type":"Polygon","coordinates":[[[151.242,-33.8902],[151.2416,-33.9027],[151.2707,-33.9111],[151.2748,-33.8933],[151.2859,-33.8919],[151.2863,-33.8576],[151.2783,-33.861],[151.2657,-33.8872],[151.242,-33.8902]]]},"properties":{"lga_code_2023":"18050","lga_name_2023":"Waverley","state_code_2021":"1"}},{"type":"Feature","geometry":{"type":"Polygon","coordinates":[[[147.6967,-33.9266],[147.6956,-33.9328],[147.7128,-33.9365],[147.7098,-33.9524],[147.7272,-33.9545],[147.7221,-33.9821],[147.7324,-33.9835],[147.7302,-33.9956],[147.7229,-33.9974],[147.7367,-33.9985],[147.7572,-34.059],[147.7692,-34.0609],[147.7724,-34.0714],[147.784,-34.0697],[147.7809,-34.0851],[147.7718,-34.0839],[147.7623,-34.1432],[147.8,-34.1355],[147.8236,-34.1173],[147.8348,-34.1211],[147.8582,-34.1117],[147.8782,-34.1178],[147.9376,-34.1167],[147.9424,-34.0945],[148.0053,-34.0976],[148.0258,-34.1183],[148.0128,-34.0419],[148.015,-34.0292],[148.0223,-34.0331],[148.0296,-34.0282],[148.0533,-34.0344],[148.065,-34.0306],[148.0824,-34.043],[148.0808,-34.0505],[148.1014,-34.0492],[148.1144,-34.0575],[148.1141,-34.068],[148.1304,-34.0687],[148.1462,-34.0805],[148.1527,-34.0574],[148.1706,-34.0642],[148.199,-34.0625],[148.205,-34.0701],[148.2061,-34.0649],[148.2212,-34.0669],[148.2238,-34.0537],[148.2373,-34.0553],[148.244,-34.0648],[148.259,-34.067],[148.2825,-34.0826],[148.3337,-34.0866],[148.3384,-34.0993],[148.3512,-34.101],[148.3498,-34.1154],[148.3845,-34.1306],[148.3904,-34.1037],[148.4094,-34.0875],[148.4084,-34.0777],[148.4219,-34.0716],[148.4391,-34.0739],[148.4372,-34.0415],[148.445,-33.9973],[148.4621,-33.9977],[148.4641,-33.9867],[148.4597,-33.9861],[148.4664,-33.9821],[148.4687,-33.9607],[148.4776,-33.9627],[148.4938,-33.9365],[148.5159,-33.9172],[148.5059,-33.9115],[148.5088,-33.9003],[148.4954,-33.885],[148.4945,-33.868],[148.4721,-33.8269],[148.4461,-33.8401],[148.4106,-33.8833],[148.4049,-33.8836],[148.4031,-33.8738],[148.3897,-33.8645],[148.3785,-33.8325],[148.3482,-33.8431],[148.3467,-33.8353],[148.3233,-33.8258],[148.3091,-33.8363],[148.3122,-33.8195],[148.325,-33.8212],[148.3474,-33.7822],[148.3562,-33.7819],[148.3621,-33.7534],[148.3709,-33.7438],[148.3629,-33.7381],[148.3402,-33.7529],[148.334,-33.7472],[148.3485,-33.735],[148.3425,-33.7235],[148.3754,-33.6891],[148.3616,-33.6896],[148.3701,-33.6731],[148.3531,-33.671],[148.356,-33.6461],[148.3288,-33.6484],[148.3243,-33.6557],[148.2703,-33.649],[148.2716,-33.6415],[148.2589,-33.6398],[148.258,-33.6442],[148.2374,-33.636],[148.1868,-33.6412],[148.1742,-33.6323],[148.1692,-33.6517],[148.1009,-33.6484],[148.0872,-33.6773],[148.0897,-33.6854],[148.0772,-33.704],[148.0826,-33.7205],[147.948,-33.7009],[147.9438,-33.7087],[147.8028,-33.6938],[147.7924,-33.6866],[147.7784,-33.687],[147.7641,-33.7071],[147.6968,-33.7039],[147.6711,-33.6957],[147.6777,-33.6584],[147.6642,-33.6567],[147.6826,-33.6239],[147.6019,-33.6137],[147.58,-33.6299],[147.555,-33.6695],[147.5231,-33.6825],[147.52,-33.6982],[147.5092,-33.7076],[147.5153,-33.7177],[147.5074,-33.7193],[147.5128,-33.7253],[147.5097,-33.7302],[147.5155,-33.7286],[147.5201,-33.7361],[147.5148,-33.7348],[147.5113,-33.7462],[147.5189,-33.7485],[147.5151,-33.7525],[147.5262,-33.7705],[147.5212,-33.7771],[147.5284,-33.7846],[147.5231,-33.802],[147.5361,-33.7996],[147.5358,-33.8059],[147.5463,-33.8102],[147.5501,-33.8216],[147.5453,-33.8258],[147.5543,-33.8319],[147.5439,-33.8401],[147.5416,-33.8513],[147.5462,-33.8694],[147.5568,-33.8707],[147.5458,-33.8822],[147.5437,-33.8905],[147.5505,-33.8944],[147.5403,-33.9015],[147.5408,-33.9105],[147.5539,-33.906],[147.6967,-33.9266]]]},"properties":{"lga_code_2023":"18100","lga_name_2023":"Weddin","state_code_2021":"1"}},{"type":"Feature","geometry":{"type":"Polygon","coordinates":[[[141.2444,-34.0658],[141.2425,-34.0873],[141.2596,-34.0781],[141.2837,-34.1039],[141.2985,-34.107],[141.3008,-34.1137],[141.3175,-34.1124],[141.3135,-34.1249],[141.3259,-34.1269],[141.3249,-34.1388],[141.3464,-34.1243],[141.3485,-34.1123],[141.359,-34.1107],[141.3688,-34.1271],[141.3697,-34.1202],[141.3816,-34.1221],[141.3881,-34.1347],[141.4082,-34.1279],[141.4074,-34.1464],[141.4172,-34.1508],[141.4339,-34.1459],[141.4328,-34.1599],[141.4445,-34.168],[141.4502,-34.1611],[141.4659,-34.1658],[141.4711,-34.1592],[141.4828,-34.1634],[141.4874,-34.1549],[141.4963,-34.1553],[141.5187,-34.1809],[141.5066,-34.1909],[141.5186,-34.2032],[141.5061,-34.2105],[141.511,-34.2165],[141.5346,-34.2099],[141.5335,-34.1914],[141.5477,-34.2008],[141.5605,-34.1909],[141.5839,-34.1988],[141.5897,-34.1869],[141.6033,-34.1912],[141.6049,-34.1839],[141.5894,-34.1774],[141.6026,-34.1688],[141.603,-34.1623],[141.5839,-34.152],[141.5953,-34.1548],[141.6046,-34.1491],[141.6185,-34.1563],[141.621,-34.1493],[141.6118,-34.139],[141.628,-34.1454],[141.6327,-34.1215],[141.6547,-34.1167],[141.6774,-34.1012],[141.7083,-34.0964],[141.7128,-34.1123],[141.719,-34.1149],[141.7299,-34.1056],[141.7255,-34.094],[141.7315,-34.091],[141.7463,-34.1034],[141.7618,-34.0975],[141.7526,-34.1062],[141.7569,-34.1121],[141.7779,-34.1018],[141.7769,-34.1169],[141.7864,-34.1117],[141.8414,-34.1325],[141.8507,-34.1243],[141.8533,-34.1312],[141.8678,-34.1287],[141.8766,-34.1374],[141.8888,-34.1244],[141.8847,-34.115],[141.9035,-34.1112],[141.9226,-34.1146],[141.9298,-34.1258],[141.9256,-34.1346],[141.9341,-34.1383],[141.945,-34.1195],[141.9624,-34.136],[141.9704,-34.1361],[141.9697,-34.1199],[141.9777,-34.1127],[141.993,-34.1213],[142.0222,-34.1252],[142.0133,-34.1054],[142.0266,-34.1067],[142.0378,-34.0998],[142.0421,-34.106],[142.0289,-34.119],[142.0296,-34.1261],[142.0626,-34.1259],[142.0756,-34.1314],[142.0772,-34.1387],[142.0653,-34.1506],[142.0775,-34.1573],[142.0828,-34.1735],[142.1196,-34.1749],[142.1201,-34.1569],[142.138,-34.1601],[142.1487,-34.1488],[142.1666,-34.1531],[142.1593,-34.1712],[142.1665,-34.1714],[142.1661,-34.1829],[142.1783,-34.1837],[142.1839,-34.1757],[142.1986,-34.1835],[142.2191,-34.1811],[142.228,-34.1895],[142.2295,-34.2081],[142.2366,-34.2038],[142.2442,-34.2115],[142.2353,-34.2237],[142.244,-34.2325],[142.2436,-34.2458],[142.2324,-34.2561],[142.2496,-34.2669],[142.2447,-34.2769],[142.2482,-34.2873],[142.2321,-34.2977],[142.2359,-34.307],[142.2531,-34.3061],[142.2673,-34.2953],[142.2737,-34.304],[142.2861,-34.2965],[142.2989,-34.3057],[142.284,-34.3108],[142.2839,-34.3266],[142.2944,-34.3235],[142.3309,-34.3394],[142.3677,-34.3269],[142.3962,-34.3372],[142.397,-34.3438],[142.3845,-34.3469],[142.3904,-34.3623],[142.3713,-34.3578],[142.3635,-34.3622],[142.3783,-34.3648],[142.3681,-34.3707],[142.3739,-34.3882],[142.3639,-34.3857],[142.351,-34.3964],[142.3565,-34.4004],[142.3526,-34.4079],[142.3607,-34.4118],[142.3518,-34.4223],[142.3645,-34.4227],[142.3599,-34.4319],[142.3679,-34.4354],[142.3608,-34.4405],[142.3651,-34.4474],[142.3529,-34.468],[142.3723,-34.4717],[142.3793,-34.4667],[142.3842,-34.4781],[142.3747,-34.477],[142.3643,-34.4847],[142.3602,-34.4998],[142.3698,-34.5038],[142.3777,-34.4914],[142.3948,-34.4936],[142.3749,-34.5153],[142.3936,-34.5162],[142.3998,-34.5232],[142.3676,-34.53],[142.3712,-34.5348],[142.3782,-34.5321],[142.3767,-34.541],[142.3902,-34.5491],[142.4056,-34.5416],[142.4082,-34.5684],[142.4261,-34.5623],[142.4302,-34.5748],[142.4449,-34.5755],[142.4553,-34.5845],[142.4586,-34.5807],[142.4486,-34.5608],[142.4548,-34.5576],[142.4675,-34.5638],[142.4728,-34.5753],[142.4591,-34.5889],[142.4871,-34.5936],[142.5834,-34.558],[142.6125,-34.3713],[142.7888,-34.3893],[142.8327,-34.0913],[142.7444,-34.0818],[142.7601,-33.9792],[142.7966,-33.9829],[142.8059,-33.9219],[142.931,-33.9348],[142.9448,-33.8484],[142.9924,-33.8536],[143.0395,-33.5503],[143.2108,-33.5686],[143.2433,-33.3507],[143.2949,-33.3563],[143.3082,-33.2708],[143.3557,-33.2759],[143.3783,-33.1413],[143.5494,-33.1597],[143.5728,-33.0124],[143.6028,-33.0071],[143.6534,-33.0124],[143.6615,-32.9553],[143.6718,-32.9408],[143.5852,-32.931],[143.592,-32.8851],[143.5059,-32.876],[143.4996,-32.9183],[143.417,-32.9075],[143.4324,-32.8084],[143.2696,-32.7914],[143.2712,-32.7802],[142.9646,-32.7485],[142.9443,-32.8905],[142.5155,-32.8475],[142.5519,-32.9916],[142.548,-33.0171],[142.4245,-33.0052],[142.428,-32.979],[142.3765,-32.9737],[142.3713,-32.9761],[142.3721,-32.996],[142.3847,-32.9999],[142.3829,-33.0049],[142.3661,-33.0175],[142.3655,-33.0285],[142.3575,-33.0274],[142.3573,-33.0346],[142.3263,-33.05],[142.3133,-33.0501],[142.3116,-33.0669],[142.2875,-33.0849],[142.3019,-33.0922],[142.287,-33.1074],[142.2948,-33.1091],[142.2934,-33.1166],[142.2741,-33.1126],[142.2801,-33.1211],[142.2753,-33.1238],[142.2446,-33.1195],[142.2428,-33.1309],[142.2215,-33.1289],[142.2266,-33.1262],[142.2245,-33.12],[142.1057,-33.1124],[142.1078,-33.0901],[142.0229,-33.0848],[142.0384,-33.1439],[141.5608,-33.0963],[141.5732,-33.0056],[141.4026,-32.9877],[141.348,-33.3667],[141.3058,-33.3625],[141.3087,-33.3414],[141.2666,-33.3372],[141.264,-33.3558],[141.0024,-33.329],[141.003,-34.0225],[141.0124,-34.0247],[141.0038,-34.0276],[141.0019,-34.0391],[141.017,-34.0473],[141.0243,-34.0599],[141.0237,-34.0512],[141.0361,-34.036],[141.0436,-34.0432],[141.0425,-34.0611],[141.0656,-34.0501],[141.072,-34.0629],[141.0849,-34.0623],[141.0828,-34.0709],[141.0892,-34.0767],[141.0976,-34.07],[141.0956,-34.0607],[141.0873,-34.0572],[141.0942,-34.0507],[141.1203,-34.0649],[141.1373,-34.0576],[141.143,-34.0635],[141.1531,-34.0545],[141.1534,-34.0642],[141.1438,-34.0678],[141.1532,-34.0689],[141.1537,-34.0821],[141.1659,-34.0832],[141.1747,-34.0733],[141.1843,-34.0919],[141.1931,-34.0902],[141.1874,-34.0793],[141.2066,-34.0614],[141.2221,-34.0617],[141.228,-34.0736],[141.2401,-34.0613],[141.2444,-34.0658]]]},"properties":{"lga_code_2023":"18200","lga_name_2023":"Wentworth","state_code_2021":"1"}},{"type":"Feature","geometry":{"type":"Polygon","coordinates":[[[151.1439,-33.8008],[151.1793,-33.8055],[151.1756,-33.8127],[151.1903,-33.8248],[151.2321,-33.8137],[151.2306,-33.8055],[151.2173,-33.8054],[151.2305,-33.8024],[151.2308,-33.7955],[151.2177,-33.7973],[151.2228,-33.7942],[151.2147,-33.7901],[151.233,-33.7897],[151.2081,-33.7785],[151.1568,-33.7921],[151.1577,-33.8007],[151.1439,-33.8008]]]},"properties":{"lga_code_2023":"18250","lga_name_2023":"Willoughby","state_code_2021":"1"}},{"type":"Feature","geometry":{"type":"Polygon","coordinates":[[[150.0727,-34.4746],[150.0672,-34.4848],[150.0709,-34.4936],[150.0832,-34.4956],[150.093,-34.5122],[150.0774,-34.5174],[150.067,-34.5115],[150.0455,-34.5269],[150.0616,-34.5448],[150.0736,-34.5435],[150.0829,-34.5544],[150.0944,-34.5553],[150.0939,-34.5739],[150.0823,-34.5781],[150.0879,-34.5867],[150.0983,-34.5807],[150.0901,-34.6143],[150.1008,-34.6165],[150.0996,-34.6273],[150.078,-34.6435],[150.0985,-34.6551],[150.0926,-34.6804],[150.1126,-34.6836],[150.1167,-34.6996],[150.1434,-34.7027],[150.1411,-34.7153],[150.1707,-34.7196],[150.1702,-34.7268],[150.1785,-34.7281],[150.1692,-34.7692],[150.194,-34.7513],[150.2033,-34.7572],[150.2158,-34.7454],[150.2567,-34.7414],[150.2685,-34.7317],[150.3035,-34.7339],[150.3335,-34.7524],[150.3578,-34.7485],[150.3774,-34.7377],[150.3939,-34.7069],[150.4222,-34.6989],[150.4327,-34.6896],[150.4518,-34.6918],[150.4692,-34.6782],[150.4983,-34.6819],[150.5055,-34.6732],[150.5026,-34.6677],[150.5262,-34.6571],[150.5388,-34.665],[150.5464,-34.6441],[150.5534,-34.6512],[150.5513,-34.6457],[150.559,-34.6386],[150.5664,-34.6723],[150.5593,-34.6833],[150.5691,-34.6818],[150.564,-34.6866],[150.5671,-34.6966],[150.5771,-34.6955],[150.5764,-34.6696],[150.5908,-34.6585],[150.5907,-34.6471],[150.604,-34.6519],[150.624,-34.6438],[150.6347,-34.6265],[150.667,-34.6192],[150.668,-34.6096],[150.6931,-34.6073],[150.6684,-34.5919],[150.6642,-34.5812],[150.6408,-34.5774],[150.6398,-34.5605],[150.6553,-34.5466],[150.6351,-34.5432],[150.7457,-34.3374],[150.6015,-34.3144],[150.581,-34.3175],[150.5621,-34.3312],[150.5631,-34.2975],[150.5393,-34.2899],[150.549,-34.277],[150.5482,-34.2645],[150.2771,-34.2272],[150.2662,-34.2126],[150.2542,-34.2252],[150.2311,-34.2305],[150.2238,-34.2734],[150.213,-34.2793],[150.1985,-34.3033],[150.1781,-34.3078],[150.1602,-34.3073],[150.1499,-34.2955],[150.1385,-34.2997],[150.1171,-34.2828],[150.0968,-34.2783],[150.0962,-34.2664],[150.0835,-34.2723],[150.0537,-34.2664],[150.0497,-34.2733],[150.0221,-34.2701],[150.0236,-34.2624],[149.9915,-34.2586],[149.9881,-34.2977],[149.9744,-34.2959],[149.964,-34.3149],[149.9841,-34.3444],[150.0014,-34.346],[149.9985,-34.3525],[150.0099,-34.3524],[150.0059,-34.3593],[150.0188,-34.3674],[150.0293,-34.3667],[150.028,-34.3598],[150.0366,-34.3542],[150.0423,-34.3609],[150.0626,-34.3589],[150.0739,-34.3561],[150.0761,-34.3487],[150.0918,-34.3472],[150.1033,-34.3569],[150.097,-34.3709],[150.1078,-34.3669],[150.1232,-34.3751],[150.1067,-34.3897],[150.1148,-34.4124],[150.0982,-34.4328],[150.0885,-34.4316],[150.0853,-34.4448],[150.0589,-34.4655],[150.0596,-34.473],[150.0696,-34.47],[150.0727,-34.4746]]]},"properties":{"lga_code_2023":"18350","lga_name_2023":"Wingecarribee","state_code_2021":"1"}},{"type":"Feature","geometry":{"type":"Polygon","coordinates":[[[150.3406,-33.8565],[150.3016,-33.8455],[150.2796,-33.8508],[150.2541,-33.8718],[150.2474,-33.869],[150.2456,-33.8779],[150.2352,-33.8844],[150.2066,-33.8851],[150.1963,-33.8778],[150.1898,-33.886],[150.1792,-33.88],[150.1714,-33.8883],[150.1589,-33.8879],[150.1561,-33.8944],[150.17,-33.9021],[150.1652,-33.9154],[150.1756,-33.9452],[150.1904,-33.9504],[150.2148,-33.9364],[150.217,-33.9478],[150.2412,-33.952],[150.2285,-33.9787],[150.211,-33.9897],[150.2016,-34.0049],[150.1669,-34.0215],[150.1694,-34.0273],[150.1591,-34.0316],[150.168,-34.0355],[150.1568,-34.034],[150.1534,-34.0429],[150.1449,-34.0436],[150.1407,-34.051],[150.1457,-34.0714],[150.1295,-34.0736],[150.1328,-34.0822],[150.117,-34.0779],[150.1177,-34.092],[150.109,-34.0849],[150.113,-34.1029],[150.1048,-34.1094],[150.1053,-34.1182],[150.1128,-34.1267],[150.1128,-34.1395],[150.1234,-34.1413],[150.125,-34.1492],[150.1149,-34.151],[150.1052,-34.1385],[150.0939,-34.1365],[150.0855,-34.1206],[150.0712,-34.1316],[150.0414,-34.1204],[150.0187,-34.1319],[150.0148,-34.1444],[150.0442,-34.1462],[150.046,-34.1602],[150.055,-34.1734],[150.0609,-34.1723],[150.066,-34.1953],[150.0498,-34.2342],[150.0618,-34.2377],[150.0529,-34.2501],[150.0594,-34.2543],[150.0605,-34.2686],[150.0835,-34.2723],[150.0962,-34.2664],[150.0968,-34.2783],[150.1171,-34.2828],[150.1385,-34.2997],[150.1499,-34.2955],[150.1602,-34.3073],[150.197,-34.3041],[150.2082,-34.2941],[150.213,-34.2793],[150.2248,-34.2718],[150.2299,-34.2318],[150.2542,-34.2252],[150.2662,-34.2126],[150.2771,-34.2272],[150.5482,-34.2645],[150.549,-34.277],[150.5393,-34.2899],[150.5631,-34.2975],[150.5621,-34.3312],[150.581,-34.3175],[150.6015,-34.3144],[150.7457,-34.3374],[150.7509,-34.3019],[150.8168,-34.3064],[150.8052,-34.2713],[150.8528,-34.28],[150.8808,-34.2585],[150.8863,-34.2428],[150.898,-34.2324],[150.8913,-34.2291],[150.89,-34.2126],[150.9082,-34.2152],[150.907,-34.1929],[150.8742,-34.1875],[150.8556,-34.1776],[150.8542,-34.1846],[150.8451,-34.1758],[150.7521,-34.1639],[150.7496,-34.1512],[150.7562,-34.1413],[150.7499,-34.1316],[150.7567,-34.1219],[150.7377,-34.1146],[150.7392,-34.0776],[150.7066,-34.0776],[150.7158,-34.0849],[150.7094,-34.0934],[150.6489,-34.082],[150.662,-34.0671],[150.6568,-34.0649],[150.658,-34.0559],[150.6721,-34.0292],[150.6606,-34.0271],[150.6499,-34.0084],[150.6709,-33.9885],[150.6509,-33.9853],[150.6286,-33.9725],[150.6298,-33.9574],[150.6182,-33.9556],[150.6271,-33.9354],[150.6183,-33.9267],[150.6392,-33.9297],[150.6491,-33.9158],[150.6345,-33.9022],[150.6399,-33.8784],[150.6362,-33.8563],[150.6262,-33.8622],[150.6108,-33.8587],[150.5857,-33.8761],[150.5745,-33.8718],[150.5604,-33.8915],[150.5443,-33.8954],[150.5296,-33.8766],[150.5016,-33.8649],[150.4889,-33.8727],[150.4919,-33.8844],[150.4766,-33.8867],[150.4642,-33.9006],[150.449,-33.8865],[150.4258,-33.883],[150.4054,-33.8628],[150.4179,-33.8094],[150.3648,-33.8017],[150.3531,-33.8337],[150.3591,-33.8377],[150.334,-33.8477],[150.3406,-33.8565]]]},"properties":{"lga_code_2023":"18400","lga_name_2023":"Wollondilly","state_code_2021":"1"}},{"type":"Feature","geometry":{"type":"MultiPolygon","coordinates":[[[[150.8841,-34.458],[150.8949,-34.451],[150.8988,-34.462],[150.9098,-34.4648],[150.9011,-34.4593],[150.9024,-34.4332],[150.9108,-34.4213],[150.9028,-34.4182],[150.9021,-34.4077],[150.9313,-34.3688],[150.9194,-34.3585],[150.9303,-34.3311],[150.9244,-34.3275],[150.928,-34.3166],[150.9878,-34.2327],[151.045,-34.1864],[151.0548,-34.1852],[151.0662,-34.1723],[151.0608,-34.1685],[151.0159,-34.1664],[151.0221,-34.1557],[150.9799,-34.1384],[150.9226,-34.13],[150.8989,-34.1874],[150.9108,-34.1978],[150.9043,-34.2093],[150.9082,-34.215],[150.89,-34.2126],[150.8913,-34.2291],[150.898,-34.2324],[150.8863,-34.2428],[150.8805,-34.2589],[150.8528,-34.28],[150.8052,-34.2713],[150.8168,-34.3064],[150.7509,-34.3019],[150.7457,-34.3374],[150.6352,-34.5435],[150.6789,-34.5535],[150.6817,-34.543],[150.687,-34.5489],[150.72,-34.546],[150.7467,-34.5537],[150.7708,-34.5535],[150.7912,-34.545],[150.8036,-34.5526],[150.8068,-34.5479],[150.8008,-34.5514],[150.7968,-34.5462],[150.8135,-34.5342],[150.8076,-34.5251],[150.8126,-34.5303],[150.8089,-34.5249],[150.8193,-34.5187],[150.8117,-34.5092],[150.8154,-34.502],[150.8297,-34.5046],[150.838,-34.4999],[150.8324,-34.4863],[150.8539,-34.4836],[150.8705,-34.4922],[150.8866,-34.4916],[150.8868,-34.4978],[150.8735,-34.4988],[150.8694,-34.5247],[150.8627,-34.5291],[150.8748,-34.5423],[150.878,-34.5259],[150.8914,-34.5064],[150.9088,-34.4932],[150.922,-34.4938],[150.9137,-34.481],[150.9136,-34.4648],[150.9079,-34.4755],[150.9046,-34.4675],[150.8841,-34.458]]],[[[150.9366,-34.4946],[150.9383,-34.4951],[150.9389,-34.4944],[150.9366,-34.4946]]],[[[150.9471,-34.4645],[150.9443,-34.4643],[150.9455,-34.4655],[150.9471,-34.4645]]],[[[150.9291,-34.4919],[150.9357,-34.4929],[150.9278,-34.4884],[150.9291,-34.4919]]],[[[150.929,-34.4561],[150.9309,-34.4569],[150.9299,-34.4543],[150.929,-34.4561]]],[[[150.9235,-34.4903],[150.9244,-34.4903],[150.9236,-34.4898],[150.9235,-34.4903]]]]},"properties":{"lga_code_2023":"18450","lga_name_2023":"Wollongong","state_code_2021":"1"}},{"type":"Feature","geometry":{"type":"MultiPolygon","coordinates":[[[[151.2719,-33.8761],[151.2878,-33.8502],[151.2807,-33.8327],[151.2776,-33.8511],[151.2644,-33.8509],[151.2676,-33.8702],[151.2563,-33.8715],[151.2567,-33.8643],[151.2515,-33.8638],[151.243,-33.8738],[151.237,-33.8671],[151.2192,-33.8816],[151.2367,-33.8906],[151.2537,-33.8909],[151.2662,-33.8867],[151.2719,-33.8761]]],[[[151.2816,-33.8332],[151.2816,-33.8325],[151.2812,-33.8328],[151.2816,-33.8332]]],[[[151.2705,-33.8479],[151.271,-33.8472],[151.2705,-33.8475],[151.2705,-33.8479]]]]},"properties":{"lga_code_2023":"18500","lga_name_2023":"Woollahra","state_code_2021":"1"}},{"type":"Feature","geometry":{"type":"Polygon","coordinates":[[[148.5815,-34.8068],[148.5634,-34.8055],[148.5586,-34.8594],[148.5452,-34.8557],[148.5392,-34.8737],[148.5279,-34.8722],[148.5223,-34.9015],[148.5349,-34.9157],[148.5439,-34.908],[148.55,-34.9101],[148.536,-34.9285],[148.5431,-34.9523],[148.5325,-34.974],[148.5321,-34.9913],[148.5423,-34.9946],[148.5587,-34.9876],[148.5634,-34.9926],[148.5609,-35.005],[148.5831,-35.0026],[148.5722,-35.0186],[148.5755,-35.0416],[148.565,-35.0544],[148.5642,-35.0662],[148.5709,-35.0673],[148.5674,-35.0723],[148.5733,-35.0772],[148.5647,-35.0836],[148.5686,-35.0916],[148.5442,-35.1204],[148.5608,-35.1447],[148.5821,-35.1517],[148.5769,-35.1792],[148.5816,-35.1923],[148.5705,-35.203],[148.5653,-35.2204],[148.5475,-35.2269],[148.5442,-35.2393],[148.7531,-35.2579],[148.752,-35.2635],[148.7672,-35.2736],[148.7639,-35.3169],[148.8037,-35.3168],[148.8101,-35.3074],[149.1209,-35.1244],[149.139,-35.128],[149.1388,-35.1348],[149.1496,-35.1384],[149.1467,-35.1446],[149.1643,-35.1419],[149.1676,-35.1598],[149.1856,-35.1611],[149.1891,-35.1655],[149.1836,-35.1757],[149.197,-35.1854],[149.1895,-35.2033],[149.2127,-35.2008],[149.2365,-35.181],[149.2989,-35.1733],[149.3275,-35.1548],[149.3472,-35.12],[149.3722,-35.1051],[149.3802,-35.0059],[149.3882,-34.9788],[149.406,-34.9629],[149.4226,-34.9295],[149.4131,-34.9282],[149.4066,-34.9187],[149.4003,-34.9237],[149.3871,-34.9215],[149.3746,-34.9488],[149.3474,-34.9433],[149.3367,-34.9488],[149.3464,-34.923],[149.3332,-34.9212],[149.3306,-34.91],[149.3163,-34.9082],[149.3144,-34.9183],[149.3004,-34.9163],[149.3014,-34.9113],[149.2804,-34.9117],[149.2814,-34.9065],[149.2737,-34.9035],[149.2812,-34.8938],[149.271,-34.8867],[149.2509,-34.8903],[149.2489,-34.8975],[149.237,-34.894],[149.2297,-34.9054],[149.2122,-34.9035],[149.2176,-34.8902],[149.1871,-34.8945],[149.1562,-34.8754],[149.146,-34.8819],[149.1454,-34.8896],[149.1286,-34.8847],[149.1219,-34.8888],[149.11,-34.8795],[149.1121,-34.8656],[149.076,-34.8526],[149.0679,-34.8552],[149.0676,-34.8396],[149.0605,-34.8312],[149.0435,-34.829],[149.0479,-34.8152],[149.04,-34.8101],[149.0427,-34.8029],[149.0346,-34.798],[149.0361,-34.7888],[149.022,-34.781],[149.0319,-34.7779],[149.038,-34.7674],[149.0376,-34.7583],[149.022,-34.7479],[149.026,-34.7276],[149.0033,-34.7243],[148.9904,-34.7062],[148.9653,-34.7183],[148.958,-34.7075],[148.938,-34.7033],[148.9471,-34.7003],[148.9414,-34.6903],[148.9476,-34.6441],[148.9326,-34.6516],[148.9292,-34.6442],[148.9137,-34.6397],[148.8909,-34.6426],[148.895,-34.6236],[148.884,-34.619],[148.8818,-34.604],[148.8504,-34.5815],[148.8532,-34.5782],[148.8418,-34.5659],[148.8167,-34.5566],[148.783,-34.5647],[148.7827,-34.572],[148.7655,-34.5711],[148.7563,-34.5698],[148.758,-34.5611],[148.7477,-34.5563],[148.7465,-34.5621],[148.7394,-34.5611],[148.7393,-34.5693],[148.7156,-34.566],[148.7115,-34.5527],[148.6879,-34.5587],[148.6835,-34.5455],[148.6755,-34.5487],[148.6824,-34.5423],[148.6802,-34.5356],[148.663,-34.5473],[148.6536,-34.5424],[148.6473,-34.5627],[148.6534,-34.5766],[148.6614,-34.5775],[148.6594,-34.5878],[148.6704,-34.5893],[148.6596,-34.6143],[148.6291,-34.6107],[148.6264,-34.6229],[148.5951,-34.6187],[148.5933,-34.6274],[148.5996,-34.6292],[148.5867,-34.6274],[148.5721,-34.7021],[148.5644,-34.7011],[148.5633,-34.7069],[148.5744,-34.7084],[148.5714,-34.7241],[148.5774,-34.7253],[148.5779,-34.7355],[148.5715,-34.7724],[148.5782,-34.7788],[148.5745,-34.7987],[148.5815,-34.8068]]]},"properties":{"lga_code_2023":"18710","lga_name_2023":"Yass Valley","state_code_2021":"1"}},{"type":"Feature","geometry":{"type":"MultiPolygon","coordinates":[[[[141.001,-31.5917],[141.0024,-33.329],[141.264,-33.3558],[141.2666,-33.3372],[141.3087,-33.3414],[141.3058,-33.3625],[141.348,-33.3667],[141.4026,-32.9877],[141.5732,-33.0056],[141.5608,-33.0963],[142.0384,-33.1439],[142.0229,-33.0848],[142.1078,-33.0901],[142.1057,-33.1124],[142.2245,-33.12],[142.2266,-33.1262],[142.2215,-33.1289],[142.2428,-33.1309],[142.2446,-33.1195],[142.277,-33.1235],[142.2744,-33.1125],[142.2931,-33.1169],[142.2948,-33.1091],[142.287,-33.1074],[142.3019,-33.0922],[142.2875,-33.0849],[142.3116,-33.0669],[142.3133,-33.0501],[142.3263,-33.05],[142.3573,-33.0346],[142.3575,-33.0274],[142.3655,-33.0285],[142.3661,-33.0175],[142.3847,-33.0013],[142.3721,-32.996],[142.3713,-32.9761],[142.3765,-32.9733],[142.367,-32.9647],[142.3727,-32.961],[142.3582,-32.9582],[142.3657,-32.9549],[142.3607,-32.9415],[142.365,-32.9341],[142.3774,-32.9281],[142.3709,-32.9244],[142.3628,-32.9296],[142.3613,-32.9215],[142.3683,-32.922],[142.3664,-32.9124],[142.3743,-32.9134],[142.3763,-32.9071],[142.362,-32.8949],[142.3466,-32.8926],[142.3563,-32.8776],[142.3704,-32.8778],[142.3587,-32.8626],[142.3649,-32.8455],[142.3432,-32.8285],[142.366,-32.814],[142.3758,-32.7988],[142.3703,-32.7924],[142.375,-32.7857],[142.3862,-32.7924],[142.3881,-32.7696],[142.2365,-32.7548],[142.2485,-32.6649],[142.2484,-32.6105],[142.1312,-32.5962],[142.1194,-32.556],[142.0982,-32.5251],[142.1161,-32.5153],[142.1098,-32.4985],[142.1144,-32.4794],[142.0918,-32.4679],[142.1074,-32.4185],[142.1115,-32.3674],[142.2375,-32.3794],[142.2602,-32.3683],[142.2535,-32.3535],[142.2435,-32.3489],[142.254,-32.3517],[142.2735,-32.2845],[142.2959,-32.2753],[142.2954,-32.2142],[142.3455,-32.2245],[142.3702,-32.2077],[142.3719,-32.1224],[142.5254,-32.0067],[142.5208,-32.0023],[142.6942,-31.8681],[142.6802,-31.8568],[142.7277,-31.8241],[142.7465,-31.8212],[142.7698,-31.8386],[142.7851,-31.8386],[142.7871,-31.8518],[142.8099,-31.8694],[142.8576,-31.8234],[142.8211,-31.7945],[142.8917,-31.7324],[142.8256,-31.6708],[142.8299,-31.638],[142.8135,-31.6362],[142.7863,-31.6151],[142.8235,-31.5896],[142.7265,-31.5145],[142.7261,-31.3358],[142.7559,-31.3356],[142.7554,-31.0701],[142.5848,-31.0704],[142.5853,-31.0041],[142.741,-31.0048],[142.7393,-30.7134],[142.764,-30.7134],[142.7637,-30.6052],[142.8533,-30.6049],[142.8535,-30.4636],[143.0211,-30.4628],[143.0204,-30.3159],[143.2902,-30.314],[143.2921,-30.3018],[143.4975,-30.3232],[143.509,-30.2426],[143.9422,-30.2897],[143.9412,-30.2731],[144.0396,-30.2814],[144.0268,-30.3244],[144.1135,-30.3319],[144.0924,-30.3866],[144.1261,-30.424],[144.1977,-30.372],[144.1876,-30.3607],[144.3452,-30.2539],[144.2098,-30.2398],[144.2344,-30.0799],[144.0657,-30.0626],[144.0654,-30.0557],[144.07,-30.0466],[144.0955,-30.0423],[144.101,-30.0231],[144.1201,-30.0125],[144.1328,-29.9859],[144.1287,-29.9398],[144.1402,-29.9375],[144.1353,-29.9228],[144.1445,-29.8848],[144.1369,-29.8416],[144.1252,-29.8362],[144.1257,-29.8295],[144.1108,-29.8166],[144.1207,-29.8106],[144.1131,-29.8018],[144.1181,-29.7918],[144.1396,-29.7747],[144.1413,-29.7555],[144.1314,-29.734],[144.146,-29.716],[144.1353,-29.7071],[144.147,-29.6967],[144.1375,-29.6876],[144.1657,-29.6913],[144.1949,-29.6604],[144.193,-29.6519],[144.2044,-29.636],[144.2293,-29.6229],[144.2429,-29.5909],[144.2824,-29.5715],[144.3252,-29.5189],[144.374,-29.485],[144.4126,-29.4304],[144.4243,-29.3697],[144.4133,-29.3499],[144.4056,-29.3096],[144.4171,-29.2873],[144.4496,-29.2656],[144.4505,-29.2455],[144.4688,-29.2318],[144.4613,-29.218],[144.4742,-29.2],[144.4715,-29.1885],[144.4808,-29.1686],[144.4788,-29.1517],[144.4481,-29.122],[144.4415,-29.1043],[144.3846,-29.1107],[144.37,-29.1037],[144.3573,-29.0861],[144.3568,-29.0667],[144.3694,-29.0287],[144.3929,-28.9991],[140.9993,-28.9991],[141.001,-31.5917]],[[141.4397,-32.0026],[141.4121,-32.0026],[141.3928,-31.9798],[141.413,-31.972],[141.4127,-31.8864],[141.5635,-31.885],[141.5563,-31.9028],[141.566,-31.9076],[141.5459,-31.9137],[141.5426,-32.0024],[141.483,-32.0025],[141.4735,-32.0091],[141.4784,-32.0191],[141.4683,-32.0091],[141.4598,-32.0116],[141.463,-32.0025],[141.4397,-32.0026]]],[[[151.2586,-33.8597],[151.2578,-33.8576],[151.2571,-33.8576],[151.2586,-33.8597]]],[[[151.2254,-33.8553],[151.2261,-33.8547],[151.2252,-33.8549],[151.2254,-33.8553]]],[[[159.1069,-31.54],[159.1073,-31.5419],[159.1092,-31.5391],[159.1069,-31.54]]],[[[159.1054,-31.5405],[159.1057,-31.5407],[159.1058,-31.5398],[159.1054,-31.5405]]],[[[151.1947,-33.8533],[151.1967,-33.8537],[151.1989,-33.8509],[151.1947,-33.8533]]],[[[159.0714,-31.5993],[159.0734,-31.5993],[159.072,-31.5987],[159.0714,-31.5993]]],[[[159.0727,-31.5017],[159.0723,-31.5027],[159.0739,-31.5018],[159.0727,-31.5017]]],[[[159.0685,-31.5011],[159.0696,-31.4971],[159.0655,-31.4975],[159.0685,-31.5011]]],[[[159.0642,-31.5016],[159.0651,-31.5016],[159.0644,-31.501],[159.0642,-31.5016]]],[[[159.0675,-31.5046],[159.0688,-31.5042],[159.0679,-31.5036],[159.0675,-31.5046]]],[[[159.0623,-31.5089],[159.0631,-31.5092],[159.0637,-31.5087],[159.0623,-31.5089]]],[[[159.0708,-31.5361],[159.0772,-31.5435],[159.0757,-31.5689],[159.0666,-31.5889],[159.0736,-31.5978],[159.0942,-31.571],[159.0996,-31.5734],[159.0956,-31.5668],[159.1052,-31.5643],[159.1042,-31.5581],[159.0979,-31.5592],[159.0947,-31.545],[159.0839,-31.5425],[159.0812,-31.5266],[159.064,-31.5176],[159.0647,-31.5097],[159.038,-31.5122],[159.0385,-31.5224],[159.0452,-31.5172],[159.0514,-31.5233],[159.0568,-31.5197],[159.0708,-31.5361]]],[[[159.061,-31.5346],[159.0582,-31.5349],[159.0603,-31.5354],[159.061,-31.5346]]],[[[159.07,-31.4963],[159.071,-31.4962],[159.0707,-31.494],[159.07,-31.4963]]],[[[159.0718,-31.4873],[159.0709,-31.487],[159.0706,-31.4883],[159.0718,-31.4873]]]]},"properties":{"lga_code_2023":"19399","lga_name_2023":"Unincorporated NSW","state_code_2021":"1"}},{"type":"Feature","geometry":{"type":"MultiPolygon","coordinates":[[[[141.7529,-13.3132],[141.7533,-13.2871],[141.6918,-13.2403],[141.6961,-13.2645],[141.6858,-13.2961],[141.6301,-13.3677],[141.5933,-13.4591],[141.5506,-13.5069],[141.5233,-13.5721],[141.5068,-13.638],[141.4897,-13.7713],[141.4672,-13.8642],[141.4682,-13.9231],[141.4952,-13.9741],[141.5824,-14.0728],[141.5995,-14.1202],[141.593,-14.1593],[141.6031,-14.1662],[141.6055,-14.1786],[141.6143,-14.1838],[141.6128,-14.1955],[141.6266,-14.2081],[141.6194,-14.2144],[141.6249,-14.2203],[141.6201,-14.2275],[141.6281,-14.2248],[141.63,-14.238],[141.6406,-14.2427],[141.6421,-14.2332],[141.6501,-14.2408],[141.6548,-14.2349],[141.6652,-14.2391],[141.6688,-14.2508],[141.7178,-14.2796],[141.7284,-14.2791],[141.7307,-14.2725],[141.7504,-14.2743],[141.7826,-14.3043],[141.7982,-14.3089],[141.8103,-14.3217],[141.8135,-14.3414],[141.8396,-14.3491],[141.857,-14.3744],[141.8492,-14.4014],[141.865,-14.4073],[141.8783,-14.4268],[141.9049,-14.4343],[141.9538,-14.4368],[141.9703,-14.4615],[141.9994,-14.4639],[142.0082,-14.3515],[141.9808,-14.3502],[141.9775,-14.1927],[141.9921,-13.9988],[141.9252,-13.8205],[141.9376,-13.7333],[141.9607,-13.7105],[142.0445,-13.5693],[142.1142,-13.2882],[142.0814,-13.1387],[142.168,-12.7653],[142.1088,-12.7407],[142.0086,-12.8592],[141.9122,-12.7494],[141.8469,-12.9428],[141.7439,-12.9992],[141.8412,-13.3072],[141.8133,-13.3569],[141.7522,-13.3569],[141.7529,-13.3132]]],[[[142.1851,-12.6116],[142.1719,-12.5629],[142.1592,-12.5684],[142.1566,-12.5622],[142.1398,-12.5602],[142.1287,-12.567],[142.1851,-12.6116]]],[[[141.765,-12.8093],[141.839,-12.6877],[141.8211,-12.6718],[141.8038,-12.6795],[141.7977,-12.7217],[141.765,-12.8093]]]]},"properties":{"lga_code_2023":"30250","lga_name_2023":"Aurukun","state_code_2021":"3"}},{"type":"Feature","geometry":{"type":"Polygon","coordinates":[[[147.3807,-27.8795],[147.2919,-27.868],[147.2862,-27.9026],[147.2086,-27.8925],[147.2061,-27.9071],[147.1248,-27.8964],[147.105,-27.9948],[146.9903,-27.99],[146.9491,-28.263],[146.9321,-28.2607],[146.9157,-28.3541],[146.9679,-28.3602],[146.96,-28.4129],[146.9651,-28.4142],[146.9602,-28.4394],[146.9634,-28.5062],[146.9577,-28.5364],[146.9379,-28.5595],[146.9279,-28.6298],[146.9384,-28.631],[146.9252,-28.7241],[146.8924,-28.7215],[146.8633,-28.8543],[146.9527,-28.8615],[146.9357,-28.9913],[146.9417,-28.9971],[148.9581,-28.9991],[148.9715,-28.9785],[148.9971,-28.9728],[149.0112,-28.9556],[149.0316,-28.9569],[149.0456,-28.9346],[149.045,-28.9206],[149.0587,-28.9078],[149.0481,-28.8864],[149.0438,-28.8926],[148.9817,-28.8203],[148.9912,-28.7604],[148.9748,-28.7591],[148.9872,-28.6635],[148.9196,-28.6569],[148.9353,-28.5603],[148.9241,-28.5591],[148.9587,-28.2884],[149.0416,-28.1859],[149.4055,-28.2286],[149.4308,-28.07],[149.4454,-28.0715],[149.4956,-27.7539],[149.4273,-27.7454],[149.4242,-27.7507],[149.4208,-27.7461],[149.4297,-27.7356],[149.4212,-27.7241],[149.4281,-27.7168],[149.4214,-27.7131],[149.4311,-27.7048],[149.4271,-27.7025],[149.185,-27.6761],[149.19,-27.643],[149.0509,-27.6264],[149.0564,-27.589],[149.0416,-27.5824],[149.0317,-27.5814],[149.0028,-27.6332],[148.8352,-27.6147],[148.8397,-27.577],[148.7825,-27.5706],[148.7746,-27.5844],[148.7248,-27.5792],[148.7217,-27.6018],[148.7284,-27.602],[148.7299,-27.6143],[148.744,-27.6338],[148.7357,-27.6521],[148.7394,-27.6932],[148.5844,-27.6755],[148.5911,-27.6251],[148.5101,-27.6165],[148.5101,-27.6085],[148.4845,-27.6054],[148.4591,-27.6224],[148.4147,-27.5972],[148.2844,-27.6833],[148.246,-27.6402],[148.223,-27.6562],[148.182,-27.6117],[148.0963,-27.6695],[148.0562,-27.6238],[148.0112,-27.6549],[148.0177,-27.5998],[147.9179,-27.5878],[147.9159,-27.6289],[147.7737,-27.6112],[147.7406,-27.6369],[147.6487,-27.6256],[147.6367,-27.71],[147.5827,-27.7062],[147.5609,-27.8447],[147.4481,-27.831],[147.4444,-27.8874],[147.3807,-27.8795]]]},"properties":{"lga_code_2023":"30300","lga_name_2023":"Balonne","state_code_2021":"3"}},{"type":"Feature","geometry":{"type":"Polygon","coordinates":[[[149.7827,-24.5384],[149.7874,-24.5451],[149.7401,-24.5398],[149.7257,-24.598],[149.7298,-24.6088],[149.7498,-24.6197],[149.7374,-24.6348],[149.7344,-24.6569],[149.6502,-24.7514],[149.6222,-24.7658],[149.62,-24.7775],[149.6066,-24.7907],[149.6162,-24.8744],[149.6119,-24.8892],[149.5996,-24.8914],[149.5903,-24.882],[149.5855,-24.8878],[149.5784,-24.781],[149.5629,-24.7812],[149.5604,-24.7734],[149.5337,-24.7766],[149.5259,-24.7996],[149.5159,-24.7976],[149.505,-24.8071],[149.4991,-24.844],[149.4661,-24.8644],[149.4618,-24.8956],[149.4468,-24.9109],[149.4584,-24.9358],[149.4515,-24.9509],[149.4578,-24.9555],[149.4611,-24.9772],[149.4501,-25.0013],[149.4292,-25.0003],[149.4117,-25.0086],[149.4011,-24.9964],[149.3648,-24.9777],[149.357,-24.9845],[149.3373,-24.9858],[149.3216,-25.0164],[149.2932,-25.0019],[149.2818,-25.0086],[149.2849,-25.0549],[149.2736,-25.0641],[149.2316,-25.049],[149.2177,-25.0174],[149.1822,-25.0055],[149.1958,-25.0337],[149.1843,-25.0454],[149.1876,-25.0603],[149.1778,-25.0727],[149.1707,-25.0718],[149.172,-25.0903],[149.1584,-25.1096],[149.1491,-25.1096],[149.1227,-25.1298],[149.1199,-25.1401],[149.1146,-25.1355],[149.1086,-25.1405],[149.0951,-25.1328],[149.0953,-25.1276],[149.1057,-25.1267],[149.0725,-25.1108],[149.0968,-25.0832],[149.101,-25.0585],[149.0873,-25.0294],[149.0919,-25.0031],[149.0711,-25.0019],[149.0692,-24.9893],[149.0565,-24.9782],[149.0427,-24.9299],[149.049,-24.9125],[149.0326,-24.8928],[149.0375,-24.8779],[149.0129,-24.8799],[148.9926,-24.8732],[148.9715,-24.8481],[148.938,-24.8371],[148.8605,-24.8947],[148.8683,-24.8969],[148.8686,-24.9034],[148.8723,-24.9008],[148.8762,-24.911],[148.8615,-24.9107],[148.8637,-24.9282],[148.857,-24.9316],[148.8494,-24.9249],[148.8478,-24.9347],[148.838,-24.9357],[148.8274,-24.9603],[148.8316,-24.9752],[148.8251,-24.9888],[148.8303,-24.9926],[148.8277,-25.0023],[148.8189,-25.013],[148.817,-24.9945],[148.8137,-25.0111],[148.8173,-25.0714],[148.8429,-25.1209],[148.8587,-25.1421],[148.874,-25.1477],[148.862,-25.1529],[148.8583,-25.163],[148.8624,-25.1827],[148.8802,-25.1998],[148.884,-25.2155],[148.8793,-25.2276],[148.9336,-25.2329],[148.9252,-25.2641],[148.9554,-25.28],[148.9638,-25.3007],[148.9787,-25.3109],[148.9765,-25.3176],[148.95,-25.3286],[148.9521,-25.338],[148.9734,-25.3463],[148.98,-25.3753],[148.9564,-25.4016],[148.9543,-25.4148],[148.9639,-25.4131],[148.9531,-25.4568],[148.938,-25.4586],[149.0243,-25.5598],[148.9837,-25.5887],[148.9856,-25.6135],[148.9954,-25.6176],[148.9923,-25.6013],[149.0197,-25.604],[149.0258,-25.6111],[149.0127,-25.6124],[149.0381,-25.6293],[149.0325,-25.6406],[149.0409,-25.6366],[149.0457,-25.6239],[149.057,-25.6251],[149.0615,-25.6298],[149.0491,-25.6474],[149.0655,-25.6472],[149.0542,-25.6617],[149.0569,-25.6694],[149.0405,-25.6758],[149.0319,-25.6728],[149.0162,-25.6822],[149.0086,-25.6951],[148.9735,-25.7133],[148.9576,-25.6931],[148.9389,-25.6857],[148.9393,-25.6949],[148.9257,-25.7038],[148.9287,-25.7229],[148.9198,-25.7286],[148.9238,-25.7405],[148.9007,-25.7601],[148.9096,-25.7612],[148.9112,-25.7676],[148.9447,-25.771],[148.9612,-25.7898],[149.0314,-25.7697],[149.0283,-25.8045],[149.0442,-25.823],[149.0542,-25.8259],[149.0498,-25.8283],[149.0756,-25.8429],[149.1083,-25.8732],[149.0973,-25.9479],[149.1246,-25.9511],[149.138,-25.9458],[149.3028,-25.9661],[149.3278,-25.9252],[149.3463,-25.919],[149.365,-25.8981],[149.3986,-25.876],[149.4014,-25.8825],[149.4835,-25.8919],[149.4768,-25.9335],[149.5755,-25.9442],[149.5849,-25.8864],[149.6492,-25.8945],[149.6819,-25.8723],[149.7359,-25.8495],[149.7714,-25.906],[149.783,-25.8907],[149.7663,-25.8595],[149.7709,-25.8524],[149.7874,-25.858],[149.7973,-25.8489],[149.8178,-25.8516],[149.8277,-25.8432],[149.8215,-25.84],[149.8236,-25.8283],[149.8508,-25.8375],[149.8825,-25.8294],[149.8867,-25.8209],[149.8945,-25.8237],[149.8973,-25.8148],[149.9144,-25.8217],[149.932,-25.8394],[149.9504,-25.8397],[149.9649,-25.8511],[149.9901,-25.8471],[150.0217,-25.8652],[150.027,-25.8297],[150.0301,-25.8362],[150.0429,-25.8324],[150.0499,-25.8399],[150.0559,-25.8131],[150.0854,-25.812],[150.0963,-25.7943],[150.1287,-25.8185],[150.1415,-25.823],[150.1592,-25.8191],[150.1806,-25.8052],[150.1745,-25.7801],[150.2367,-25.7888],[150.2483,-25.7954],[150.2496,-25.7882],[150.2579,-25.7884],[150.2791,-25.7963],[150.2819,-25.7788],[150.2951,-25.7802],[150.3367,-25.7904],[150.3454,-25.8177],[150.3888,-25.8145],[150.3867,-25.8058],[150.3951,-25.796],[150.4179,-25.7891],[150.426,-25.774],[150.4341,-25.7336],[150.4185,-25.6752],[150.4365,-25.6614],[150.4426,-25.6218],[150.4367,-25.6064],[150.4105,-25.5959],[150.4023,-25.5984],[150.4124,-25.5674],[150.4026,-25.5511],[150.404,-25.5368],[150.3923,-25.5316],[150.4019,-25.5034],[150.3852,-25.5025],[150.3857,-25.4881],[150.375,-25.4894],[150.3696,-25.4761],[150.3756,-25.4614],[150.3978,-25.4474],[150.4048,-25.4314],[150.3912,-25.4192],[150.4024,-25.4144],[150.3997,-25.4031],[150.4049,-25.398],[150.3961,-25.3907],[150.4179,-25.3725],[150.4065,-25.3621],[150.4195,-25.3496],[150.4167,-25.3311],[150.4426,-25.3206],[150.4484,-25.303],[150.4435,-25.282],[150.4588,-25.278],[150.4524,-25.2635],[150.4755,-25.2304],[150.4717,-25.1905],[150.5023,-25.1927],[150.4981,-25.1866],[150.5082,-25.1736],[150.5575,-25.1616],[150.562,-25.1456],[150.5566,-25.1338],[150.5788,-25.1124],[150.5565,-25.0941],[150.5483,-25.0516],[150.5533,-24.9863],[150.5396,-24.9607],[150.5582,-24.9235],[150.5586,-24.8996],[150.5809,-24.8474],[150.5918,-24.8453],[150.5982,-24.8357],[150.606,-24.7985],[150.5865,-24.7315],[150.6113,-24.7116],[150.6368,-24.7093],[150.6418,-24.6959],[150.6559,-24.6931],[150.6668,-24.7037],[150.7325,-24.6979],[150.7597,-24.7038],[150.7783,-24.7162],[150.7906,-24.7119],[150.8546,-24.7238],[150.873,-24.7218],[150.879,-24.7007],[150.8749,-24.6963],[150.8833,-24.6783],[150.8895,-24.6782],[150.9111,-24.6504],[150.9008,-24.6424],[150.8976,-24.6305],[150.8828,-24.6252],[150.8676,-24.631],[150.8191,-24.604],[150.8262,-24.5547],[150.8447,-24.562],[150.8509,-24.5492],[150.8618,-24.5597],[150.8807,-24.552],[150.9689,-24.5784],[150.9733,-24.5747],[150.9697,-24.5523],[150.9812,-24.5491],[150.9679,-24.5334],[150.9638,-24.5085],[150.9795,-24.4914],[150.9837,-24.4766],[150.9657,-24.4676],[150.9384,-24.4025],[150.9244,-24.4064],[150.9134,-24.4229],[150.8862,-24.4153],[150.8784,-24.4201],[150.8616,-24.4098],[150.8684,-24.4023],[150.8489,-24.3815],[150.8621,-24.3538],[150.8444,-24.357],[150.8323,-24.371],[150.7979,-24.3668],[150.786,-24.3719],[150.7702,-24.3538],[150.7829,-24.3228],[150.7791,-24.3061],[150.7907,-24.2909],[150.7779,-24.2702],[150.7994,-24.2546],[150.8081,-24.2182],[150.8028,-24.2037],[150.8142,-24.1799],[150.786,-24.1528],[150.7807,-24.1539],[150.7821,-24.1451],[150.7699,-24.1488],[150.7228,-24.1375],[150.7235,-24.1181],[150.7164,-24.1079],[150.7206,-24.0752],[150.7049,-24.0635],[150.6976,-24.0425],[150.6951,-24.0062],[150.7022,-23.9875],[150.6947,-23.9825],[150.6771,-23.9393],[150.6549,-23.9275],[150.642,-23.9292],[150.6202,-23.9052],[150.6231,-23.8965],[150.5983,-23.8486],[150.6028,-23.833],[150.5983,-23.8277],[150.5472,-23.8243],[150.5336,-23.8495],[150.5024,-23.8498],[150.4953,-23.8449],[150.485,-23.8502],[150.4791,-23.8422],[150.4643,-23.8536],[150.4479,-23.8233],[150.4164,-23.8206],[150.4118,-23.8152],[150.3978,-23.8211],[150.3864,-23.8374],[150.3708,-23.8335],[150.3682,-23.8229],[150.3523,-23.8205],[150.3409,-23.8073],[150.3329,-23.8105],[150.3284,-23.824],[150.3207,-23.8236],[150.3136,-23.8129],[150.3157,-23.7951],[150.3056,-23.7941],[150.3147,-23.7843],[150.3174,-23.7656],[150.2896,-23.7584],[150.2981,-23.7534],[150.2768,-23.7315],[150.2798,-23.7238],[150.2538,-23.7046],[150.268,-23.6914],[150.2528,-23.6768],[150.2622,-23.6682],[150.2492,-23.6651],[150.2493,-23.6568],[150.2383,-23.6515],[150.1891,-23.6471],[150.1884,-23.6518],[150.173,-23.6539],[150.1451,-23.6504],[150.1388,-23.6588],[150.1243,-23.6517],[150.0811,-23.666],[150.067,-23.7123],[149.9973,-23.7139],[150.005,-23.7403],[149.986,-23.7542],[149.9891,-23.7646],[149.999,-23.7667],[150.0136,-23.8142],[150.0403,-23.8374],[150.053,-23.8402],[150.0667,-23.882],[150.0539,-23.8862],[150.0512,-23.9019],[149.9276,-23.8888],[149.926,-23.9076],[149.9153,-23.9251],[149.9195,-23.9333],[149.8938,-23.9589],[149.8835,-23.9596],[149.8811,-23.9681],[149.8533,-23.9537],[149.8432,-23.9545],[149.8424,-23.9801],[149.8499,-24.0018],[149.8454,-24.0052],[149.8234,-23.9978],[149.7961,-24.0452],[149.7906,-24.0659],[149.805,-24.0799],[149.8338,-24.0924],[149.8408,-24.1549],[149.827,-24.1658],[149.7664,-24.1559],[149.6704,-24.1545],[149.6519,-24.1655],[149.6734,-24.1975],[149.6744,-24.2144],[149.6848,-24.223],[149.6796,-24.2408],[149.6915,-24.2507],[149.694,-24.2628],[149.7026,-24.2629],[149.7401,-24.3243],[149.7435,-24.353],[149.7573,-24.3896],[149.7505,-24.3988],[149.7618,-24.423],[149.7594,-24.4484],[149.7673,-24.483],[149.7812,-24.5059],[149.7766,-24.5124],[149.7857,-24.526],[149.7857,-24.5336],[149.7787,-24.5328],[149.7827,-24.5384]]]},"properties":{"lga_code_2023":"30370","lga_name_2023":"Banana","state_code_2021":"3"}},{"type":"Feature","geometry":{"type":"Polygon","coordinates":[[[144.9254,-23.2191],[144.9094,-23.3488],[144.8842,-23.3463],[144.8771,-23.3637],[144.8708,-23.3635],[144.8616,-23.4465],[144.8809,-23.4486],[144.8694,-23.5242],[144.7952,-23.5192],[144.7755,-23.6913],[144.8256,-23.697],[144.7877,-23.9366],[144.8041,-23.9378],[144.7952,-23.9986],[144.8834,-24.0069],[144.8411,-24.0318],[144.8524,-24.0318],[144.8888,-24.0571],[144.9251,-24.0477],[144.9303,-24.0676],[144.9452,-24.074],[144.9681,-24.0724],[144.9814,-24.0912],[145.0005,-24.1026],[145.0122,-24.138],[145.1656,-24.1521],[145.1676,-24.1367],[145.1801,-24.1376],[145.1816,-24.1277],[145.4288,-24.1522],[145.4309,-24.1332],[145.6276,-24.1534],[145.6371,-24.0787],[145.6017,-24.0756],[145.6114,-24.0151],[145.628,-23.9995],[145.699,-24.0074],[145.7074,-23.9349],[145.7571,-23.9403],[145.7718,-23.8119],[145.9551,-23.8273],[145.9451,-23.9158],[145.9561,-23.9189],[145.9448,-24.0072],[146.0067,-24.014],[146.0357,-23.9758],[146.0565,-23.9652],[146.1418,-23.9735],[146.1227,-24.1409],[146.1164,-24.1403],[146.1292,-24.1623],[146.1316,-24.1418],[146.2595,-24.1544],[146.2546,-24.1978],[146.2624,-24.1987],[146.2569,-24.2419],[146.3927,-24.2548],[146.388,-24.3133],[146.415,-24.3256],[146.4264,-24.3515],[146.4593,-24.3738],[146.4761,-24.3773],[146.4898,-24.3701],[146.4934,-24.3787],[146.5127,-24.3844],[146.5161,-24.3991],[146.5433,-24.4335],[146.5784,-24.4458],[146.5904,-24.4361],[146.5734,-24.4122],[146.5959,-24.4172],[146.6123,-24.4148],[146.6271,-24.4032],[146.6385,-24.4051],[146.6358,-24.4012],[146.6417,-24.3992],[146.6598,-24.4033],[146.689,-24.3742],[146.6972,-24.381],[146.7127,-24.3775],[146.7219,-24.3847],[146.7297,-24.4186],[146.7595,-24.4037],[146.7909,-24.41],[146.805,-24.4052],[146.8144,-24.3767],[146.8642,-24.3688],[146.8737,-24.3377],[146.8997,-24.3286],[146.9125,-24.3175],[146.9231,-24.2947],[146.9351,-24.2906],[146.9269,-24.279],[146.9274,-24.2568],[146.9437,-24.2292],[146.9403,-24.2193],[146.9534,-24.2069],[146.9497,-24.1884],[146.9564,-24.1636],[146.9648,-24.1675],[146.9737,-24.1601],[146.9899,-24.1613],[147.0285,-24.1405],[147.0374,-24.1257],[147.0505,-24.1185],[147.0737,-24.1177],[147.1103,-24.0933],[147.1415,-24.0856],[147.1613,-24.093],[147.1833,-24.0857],[147.1742,-24.06],[147.1866,-24.0361],[147.1784,-24.0165],[147.1839,-24.0048],[147.1734,-23.9781],[147.163,-23.9729],[147.1787,-23.943],[147.2033,-23.9398],[147.2274,-23.9148],[147.239,-23.9128],[147.2411,-23.9032],[147.2335,-23.8813],[147.2365,-23.848],[147.2277,-23.8321],[147.238,-23.8108],[147.2296,-23.7875],[147.1998,-23.7733],[147.1951,-23.7456],[147.2009,-23.7339],[147.1937,-23.7182],[147.1957,-23.6845],[147.2095,-23.6759],[147.2006,-23.6546],[147.2117,-23.6395],[147.201,-23.6266],[147.1981,-23.6091],[147.2201,-23.5936],[147.2122,-23.5761],[147.2197,-23.5681],[147.2194,-23.551],[147.2321,-23.5526],[147.2582,-23.5431],[147.2838,-23.5248],[147.2783,-23.5135],[147.2792,-23.4817],[147.2661,-23.4633],[147.2604,-23.4695],[147.2494,-23.4514],[147.2598,-23.4381],[147.265,-23.3842],[147.2866,-23.3512],[147.1619,-23.3397],[147.1587,-23.3263],[147.0749,-23.3069],[147.0791,-23.2798],[146.9763,-23.2633],[146.9397,-23.2604],[146.9327,-23.3155],[146.8546,-23.3047],[146.8549,-23.2938],[146.8777,-23.2692],[146.8845,-23.2203],[146.8722,-23.2107],[146.8747,-23.1957],[146.8642,-23.1749],[146.8145,-23.1536],[146.7891,-23.1273],[146.7789,-23.0907],[146.7865,-23.0792],[146.7822,-23.0537],[146.7876,-23.0371],[146.7529,-22.9843],[146.7328,-22.9702],[146.7023,-22.9622],[146.6842,-22.9458],[146.6651,-22.9252],[146.6643,-22.9065],[146.6461,-22.8832],[146.6235,-22.8866],[146.6109,-22.8812],[146.5784,-22.8896],[146.5601,-22.8784],[146.5458,-22.8377],[146.5248,-22.804],[146.5287,-22.7928],[146.5484,-22.7782],[146.5484,-22.7689],[146.4014,-22.7555],[146.4242,-22.5474],[146.4393,-22.5489],[146.4518,-22.4993],[146.4367,-22.4871],[146.4286,-22.4879],[146.383,-22.5209],[146.3296,-22.4948],[146.2969,-22.4957],[146.2693,-22.5086],[146.2755,-22.4627],[146.1089,-22.4457],[146.1221,-22.3474],[146.0521,-22.3385],[146.0707,-22.2266],[146.0646,-22.1858],[146.0741,-22.1234],[146.0661,-22.1162],[146.0378,-22.1058],[145.7696,-22.0666],[145.7701,-22.0485],[145.6612,-22.0412],[145.6683,-21.932],[145.6272,-21.9267],[145.6302,-21.8929],[145.6406,-21.894],[145.6506,-21.7071],[145.6747,-21.7081],[145.6785,-21.6682],[145.5328,-21.6583],[145.5294,-21.7019],[145.4347,-21.6921],[145.4182,-21.8462],[145.262,-21.8287],[145.2548,-21.7938],[145.1661,-21.7849],[145.153,-21.8989],[145.0752,-21.8914],[145.0742,-21.8998],[145.0843,-21.9103],[145.0822,-21.9426],[144.9563,-21.9303],[144.943,-22.0591],[144.8009,-22.0454],[144.7964,-22.0984],[144.7523,-22.0948],[144.7398,-22.2117],[144.7235,-22.2021],[144.4913,-22.185],[144.4179,-22.2866],[144.3574,-22.3485],[144.3194,-22.3458],[144.3036,-22.3066],[144.1596,-22.2971],[144.1663,-22.2236],[144.02,-22.2136],[144.0195,-22.2183],[143.844,-22.203],[143.8332,-22.3148],[143.6982,-22.4169],[143.6933,-22.4113],[143.5959,-22.4844],[143.5854,-22.483],[143.5832,-22.505],[143.6141,-22.5387],[143.6303,-22.5379],[143.631,-22.5316],[143.7761,-22.564],[143.8876,-22.4966],[143.905,-22.5473],[143.9407,-22.5925],[143.9586,-22.5789],[144.0743,-22.592],[144.0831,-22.5868],[144.1762,-22.5947],[144.1721,-22.6248],[144.2403,-22.6318],[144.2432,-22.6003],[144.4738,-22.6245],[144.4756,-22.6057],[144.5034,-22.6073],[144.5002,-22.6592],[144.556,-22.6641],[144.5484,-22.6861],[144.5894,-22.6894],[144.5926,-22.6948],[144.5828,-22.7202],[144.5868,-22.7417],[144.5717,-22.7642],[144.5712,-22.7824],[144.5526,-22.791],[144.5207,-22.8248],[144.5104,-22.8462],[144.5117,-22.8682],[144.4777,-22.9108],[144.4703,-22.9372],[144.475,-22.9624],[144.4809,-22.9685],[144.5292,-22.9743],[144.8644,-23.0069],[144.8524,-23.1089],[144.9046,-23.1147],[144.8928,-23.2148],[144.9254,-23.2191]]]},"properties":{"lga_code_2023":"30410","lga_name_2023":"Barcaldine","state_code_2021":"3"}},{"type":"Feature","geometry":{"type":"Polygon","coordinates":[[[141.7811,-24.624],[141.7631,-24.6332],[141.7461,-24.631],[141.7311,-24.6367],[141.5231,-24.5836],[141.4301,-24.4835],[141.3755,-24.4829],[141.3611,-24.6291],[141.2389,-24.7251],[141.2425,-24.686],[141.0845,-24.6742],[140.8387,-24.6689],[140.8371,-24.6919],[140.8834,-24.695],[140.8743,-24.842],[140.813,-24.8384],[140.8024,-24.9862],[140.879,-24.9926],[140.8592,-25.2216],[140.7258,-25.2121],[140.699,-25.2051],[140.6763,-25.4645],[140.7738,-25.4731],[140.8245,-25.5253],[140.8414,-25.4875],[140.8637,-25.4806],[140.8803,-25.466],[140.9142,-25.5273],[140.8967,-25.681],[140.9226,-25.6826],[140.9209,-25.7146],[140.9377,-25.716],[140.9096,-25.9964],[140.9994,-25.9964],[140.9994,-26.7618],[141.1229,-26.7751],[141.1337,-26.6964],[141.2145,-26.7038],[141.2189,-26.6632],[141.3961,-26.6625],[141.5434,-26.6766],[141.5839,-26.7219],[141.8264,-26.7471],[141.8249,-26.7407],[141.8317,-26.7421],[141.8318,-26.7327],[141.8385,-26.7325],[141.8319,-26.7239],[141.8386,-26.7164],[141.8316,-26.7124],[141.8388,-26.7],[141.8369,-26.6946],[141.823,-26.6969],[141.8127,-26.6776],[141.8167,-26.6719],[141.805,-26.6602],[141.8122,-26.6286],[141.7856,-26.5997],[141.7615,-26.5499],[141.7437,-26.5362],[141.7411,-26.5084],[141.7319,-26.4884],[141.724,-26.4889],[141.7108,-26.4517],[141.7164,-26.4439],[141.7065,-26.4291],[141.7118,-26.409],[141.7042,-26.3867],[141.7188,-26.3506],[141.8913,-26.3582],[141.891,-26.3665],[142.0583,-26.3813],[142.0591,-26.3748],[142.0745,-26.3853],[142.0811,-26.3423],[142.0991,-26.3071],[142.1107,-26.2978],[142.1344,-26.2272],[142.1614,-26.196],[142.1435,-26.0919],[142.1732,-25.8555],[142.194,-25.8576],[142.2011,-25.8123],[142.2392,-25.7893],[142.2887,-25.7852],[142.3371,-25.7609],[142.3512,-25.7627],[142.3861,-25.7382],[142.4087,-25.7378],[142.4416,-25.725],[142.5155,-25.6438],[142.5345,-25.6377],[142.571,-25.6074],[142.7396,-25.6205],[142.733,-25.6414],[142.7193,-25.6439],[142.7287,-25.6525],[142.9026,-25.6692],[142.8852,-25.8138],[142.9718,-25.8225],[142.9838,-25.7177],[143.1986,-25.7374],[143.2105,-25.6248],[143.364,-25.6387],[143.3931,-25.6506],[143.3943,-25.6466],[143.4482,-25.6519],[143.4542,-25.5976],[143.4176,-25.5945],[143.4373,-25.3739],[143.4416,-25.3684],[143.4743,-25.371],[143.593,-25.2821],[143.6208,-25.3126],[143.6449,-25.3067],[143.6769,-25.3243],[143.7057,-25.3522],[143.7343,-25.3617],[143.7522,-25.3788],[143.8035,-25.4858],[143.9221,-25.494],[144.0008,-25.583],[144.0388,-25.5794],[144.0708,-25.5579],[144.0722,-25.5417],[144.0907,-25.5335],[144.1139,-25.5019],[144.1116,-25.4787],[144.125,-25.4645],[144.1216,-25.443],[144.1505,-25.4333],[144.1688,-25.3943],[144.1557,-25.3709],[144.1577,-25.3581],[144.225,-25.2555],[144.2318,-25.2308],[144.196,-25.1654],[144.2003,-25.1555],[144.2533,-25.1169],[144.1821,-25.0367],[144.15,-25.0605],[144.0089,-24.9018],[144.0157,-24.8964],[143.9659,-24.8454],[143.9446,-24.8294],[143.9284,-24.8414],[143.8946,-24.8029],[143.8795,-24.8388],[143.8209,-24.8649],[143.7456,-24.9263],[143.7235,-24.9587],[143.7176,-24.9853],[143.6951,-25.0093],[143.6642,-25.0165],[143.6103,-24.9532],[143.5751,-24.9747],[143.579,-24.9907],[143.5592,-25.0118],[143.4284,-24.8721],[143.4337,-24.8496],[143.5135,-24.7902],[143.5146,-24.7777],[143.5703,-24.738],[143.5949,-24.7401],[143.6061,-24.7324],[143.5354,-24.6423],[143.7203,-24.5082],[143.757,-24.5469],[143.7696,-24.446],[143.7586,-24.4449],[143.758,-24.4364],[143.6936,-24.4405],[143.7026,-24.3513],[143.7106,-24.3518],[143.7165,-24.3072],[143.7255,-24.3081],[143.7269,-24.296],[143.7311,-24.2964],[143.7442,-24.1865],[143.6302,-24.1756],[143.6367,-24.1182],[143.463,-24.1013],[143.4595,-24.1305],[143.3746,-24.1204],[143.3623,-24.1433],[143.3616,-24.1726],[143.3429,-24.1967],[143.347,-24.2258],[143.3347,-24.2327],[143.3391,-24.2391],[143.3286,-24.2446],[143.3305,-24.2508],[143.311,-24.2574],[143.298,-24.278],[143.2804,-24.2818],[143.1002,-24.2682],[143.0948,-24.2179],[143.1038,-24.1382],[143.0401,-24.1344],[143.069,-23.8785],[142.9341,-23.8672],[142.95,-23.7079],[142.6308,-23.677],[142.4548,-23.6662],[142.457,-23.6172],[142.3954,-23.6138],[142.3973,-23.586],[142.1596,-23.5707],[142.1005,-24.0952],[142.0527,-24.1334],[142.0238,-24.1677],[141.9193,-24.0574],[141.8058,-24.1548],[141.9647,-24.3109],[141.9221,-24.3433],[141.93,-24.3526],[141.8635,-24.4031],[141.9705,-24.52],[141.956,-24.5342],[141.9279,-24.5382],[141.9014,-24.5561],[141.8746,-24.5625],[141.8564,-24.587],[141.8156,-24.6173],[141.7811,-24.624]]]},"properties":{"lga_code_2023":"30450","lga_name_2023":"Barcoo","state_code_2021":"3"}},{"type":"Feature","geometry":{"type":"Polygon","coordinates":[[[144.6569,-24.6216],[144.6556,-24.6328],[144.6873,-24.6359],[144.6817,-24.679],[144.7166,-24.6825],[144.6984,-24.8308],[144.804,-24.8405],[144.796,-24.9131],[144.8606,-24.9191],[144.853,-24.9268],[144.8575,-24.9469],[144.8468,-24.9902],[144.8622,-24.9998],[144.8746,-25.0195],[144.8847,-25.0199],[144.8986,-25.0383],[144.9125,-25.0322],[144.9598,-25.0318],[144.9957,-25.0077],[144.9694,-25.1858],[144.9399,-25.1965],[144.9401,-25.2098],[144.8695,-25.258],[144.9447,-25.26],[144.9737,-25.2701],[145.0159,-25.2688],[145.0614,-25.2758],[145.0587,-25.288],[145.0474,-25.2938],[145.06,-25.304],[145.0525,-25.3332],[145.2841,-25.3581],[145.2717,-25.4524],[145.2533,-25.4505],[145.2498,-25.4786],[145.2878,-25.4828],[145.2962,-25.4652],[145.3167,-25.4596],[145.3262,-25.4463],[145.354,-25.4506],[145.3959,-25.4717],[145.4068,-25.4952],[145.4247,-25.4903],[145.4595,-25.5038],[145.5498,-25.5096],[145.5383,-25.6035],[145.5279,-25.6239],[145.5028,-25.6174],[145.4926,-25.7463],[145.5841,-25.7547],[145.591,-25.7434],[145.6008,-25.7409],[145.605,-25.7166],[145.6338,-25.6874],[145.6382,-25.6596],[145.6588,-25.6459],[145.664,-25.6194],[145.6739,-25.6086],[145.7492,-25.6158],[145.7423,-25.6563],[145.746,-25.6918],[145.9453,-25.7207],[145.9638,-25.7108],[145.969,-25.7011],[145.968,-25.6355],[145.9348,-25.565],[145.9422,-25.4994],[145.9386,-25.4876],[145.9765,-25.4876],[145.9711,-25.569],[146.1723,-25.5883],[146.1828,-25.5054],[146.1923,-25.5065],[146.2077,-25.4148],[146.2106,-25.3913],[146.2006,-25.3902],[146.2159,-25.2744],[146.3696,-25.2912],[146.3657,-25.319],[146.5098,-25.3351],[146.4957,-25.3039],[146.5656,-25.3085],[146.5754,-25.1743],[146.5862,-25.1694],[146.7582,-25.1882],[146.7372,-25.3578],[146.8438,-25.2791],[146.8795,-25.2209],[146.8986,-25.2078],[146.9385,-25.2097],[146.9458,-25.148],[147.0012,-25.1532],[147.0074,-25.0752],[147.0312,-25.0775],[147.0479,-25.0653],[147.0934,-25.0691],[147.0589,-24.9966],[147.0639,-24.9906],[147.097,-25.0021],[147.1111,-24.9931],[147.1194,-24.9675],[147.1354,-24.9585],[147.159,-24.9653],[147.1555,-24.9816],[147.1674,-24.9892],[147.2062,-24.9913],[147.2209,-24.9804],[147.2379,-24.9863],[147.2829,-24.9499],[147.2763,-24.9253],[147.2964,-24.8958],[147.1366,-24.8829],[147.1388,-24.849],[147.0894,-24.8465],[147.0915,-24.8141],[146.9034,-24.8052],[146.8803,-24.7734],[146.8823,-24.7625],[146.9095,-24.7438],[146.9209,-24.7166],[146.942,-24.7044],[146.9332,-24.6749],[146.9125,-24.6585],[146.9083,-24.6472],[146.9006,-24.6485],[146.8941,-24.6403],[146.891,-24.6175],[146.884,-24.6116],[146.887,-24.5967],[146.8785,-24.6013],[146.8661,-24.5859],[146.8607,-24.5873],[146.8339,-24.6243],[146.8191,-24.626],[146.8085,-24.639],[146.8001,-24.6206],[146.7874,-24.6263],[146.7742,-24.6628],[146.7579,-24.6634],[146.7505,-24.6524],[146.7405,-24.6503],[146.7394,-24.6292],[146.6895,-24.6116],[146.6668,-24.5908],[146.68,-24.5809],[146.6796,-24.5728],[146.6641,-24.5624],[146.6614,-24.5406],[146.6459,-24.5233],[146.6399,-24.5002],[146.6261,-24.4938],[146.6213,-24.458],[146.6081,-24.4613],[146.5858,-24.4407],[146.5784,-24.4458],[146.5649,-24.4385],[146.5507,-24.4395],[146.5308,-24.4115],[146.5222,-24.4088],[146.5127,-24.3844],[146.4934,-24.3787],[146.4898,-24.3701],[146.4761,-24.3773],[146.4593,-24.3738],[146.4264,-24.3515],[146.415,-24.3256],[146.388,-24.3133],[146.3927,-24.2548],[146.2569,-24.2419],[146.2624,-24.1987],[146.2546,-24.1978],[146.2595,-24.1544],[146.1316,-24.1418],[146.1292,-24.1623],[146.1164,-24.1403],[146.1227,-24.1409],[146.1418,-23.9735],[146.0565,-23.9652],[146.0357,-23.9758],[146.0067,-24.014],[145.9448,-24.0072],[145.9561,-23.9189],[145.9451,-23.9158],[145.9551,-23.8273],[145.7718,-23.8119],[145.7571,-23.9403],[145.7074,-23.9349],[145.699,-24.0074],[145.628,-23.9995],[145.6114,-24.0151],[145.6017,-24.0756],[145.6371,-24.0787],[145.6276,-24.1534],[145.4309,-24.1332],[145.4288,-24.1522],[145.1816,-24.1277],[145.1801,-24.1376],[145.1676,-24.1367],[145.1656,-24.1521],[145.0122,-24.138],[145.0005,-24.1026],[144.9814,-24.0912],[144.9681,-24.0724],[144.9452,-24.074],[144.9303,-24.0676],[144.9251,-24.0477],[144.8888,-24.0571],[144.8524,-24.0318],[144.8411,-24.0318],[144.8035,-24.0672],[144.7937,-24.1621],[144.7984,-24.1704],[144.7892,-24.2201],[144.7006,-24.2099],[144.6569,-24.6216]]]},"properties":{"lga_code_2023":"30760","lga_name_2023":"Blackall Tambo","state_code_2021":"3"}},{"type":"Feature","geometry":{"type":"Polygon","coordinates":[[[137.998,-22.7675],[137.9986,-23.5209],[138.4644,-23.5551],[138.5921,-23.4625],[138.6688,-23.5401],[138.8256,-23.5456],[138.9211,-23.4765],[138.8995,-23.4483],[139.0764,-23.3068],[139.1227,-23.3521],[139.1749,-23.31],[139.339,-23.4739],[139.2954,-23.51],[139.4758,-23.5208],[139.4637,-23.6713],[139.8926,-23.6936],[139.8887,-23.6767],[139.8775,-23.6718],[139.8625,-23.6297],[139.9362,-23.5771],[139.9392,-23.55],[139.9307,-23.5478],[139.9379,-23.4872],[140.3556,-23.5258],[140.3419,-23.4183],[140.4132,-23.3462],[140.5726,-23.2314],[140.6626,-23.1567],[140.7194,-23.1886],[140.7596,-23.2232],[140.8294,-23.1702],[140.8222,-23.1615],[140.947,-23.0678],[140.9246,-23.0444],[141.0464,-22.9477],[141.0227,-22.9233],[140.988,-22.9122],[140.9861,-22.8943],[140.9991,-22.8984],[141.1223,-22.8045],[141.1145,-22.7745],[141.1229,-22.7492],[141.1173,-22.7027],[141.1028,-22.6901],[141.0908,-22.6182],[141.1339,-22.6213],[141.1456,-22.6334],[141.1989,-22.5976],[141.0797,-22.4656],[141.2458,-22.3354],[141.2535,-22.3214],[141.1829,-22.2496],[140.9252,-22.2349],[140.9288,-22.1817],[140.8872,-22.1644],[140.8476,-22.1611],[140.8328,-22.174],[140.8047,-22.2262],[140.7756,-22.2542],[140.7746,-22.2648],[140.7434,-22.3139],[140.7072,-22.335],[140.6383,-22.2551],[140.6523,-22.244],[140.5315,-22.1355],[140.4143,-22.2338],[140.3702,-22.2903],[140.367,-22.3741],[140.2585,-22.3669],[140.2579,-22.3391],[140.0412,-22.3269],[140.0603,-22.2861],[140.0624,-22.2546],[139.8851,-22.2429],[139.8416,-22.1712],[139.7579,-22.1628],[139.7503,-22.2287],[139.6279,-22.2206],[139.623,-22.2907],[139.4903,-22.2817],[139.4927,-22.2421],[139.3893,-22.2339],[139.4945,-22.1447],[139.3176,-21.9864],[139.3526,-21.9583],[139.2679,-21.8721],[139.323,-21.7261],[139.2326,-21.6327],[139.2422,-21.5406],[139.2369,-21.5228],[139.248,-21.5093],[139.2367,-21.5024],[139.3741,-21.3943],[139.3771,-21.2724],[139.5356,-21.2759],[139.553,-21.0304],[139.5533,-20.901],[139.3955,-20.8929],[139.4005,-20.9373],[139.3966,-20.9677],[139.1289,-20.9602],[139.041,-20.8645],[138.7438,-21.1235],[138.6849,-21.147],[138.53,-21.315],[138.4901,-21.3131],[138.3642,-21.1767],[138.4196,-21.1293],[138.3156,-21.0211],[138.3424,-20.9984],[138.1781,-20.9983],[138.1598,-21.2036],[137.9971,-21.1943],[137.998,-22.7675]]]},"properties":{"lga_code_2023":"30900","lga_name_2023":"Boulia","state_code_2021":"3"}},{"type":"Feature","geometry":{"type":"MultiPolygon","coordinates":[[[[153.0363,-27.2955],[153.0296,-27.2981],[153.0158,-27.2875],[153.0086,-27.2979],[153.014,-27.3022],[152.9971,-27.3023],[153.0025,-27.3196],[152.9789,-27.3467],[152.9885,-27.3576],[152.9817,-27.3586],[152.9839,-27.3847],[152.9753,-27.392],[152.9763,-27.4014],[152.9655,-27.3969],[152.9488,-27.4087],[152.9269,-27.3935],[152.9169,-27.3942],[152.915,-27.4057],[152.8993,-27.4036],[152.8972,-27.4173],[152.8721,-27.4131],[152.8626,-27.422],[152.8493,-27.4219],[152.8312,-27.417],[152.8125,-27.4014],[152.7755,-27.4017],[152.7729,-27.3791],[152.76,-27.3639],[152.7721,-27.3437],[152.7557,-27.3282],[152.7488,-27.3323],[152.7485,-27.3188],[152.7196,-27.3235],[152.7173,-27.3306],[152.6842,-27.3488],[152.6797,-27.3723],[152.6864,-27.3732],[152.6923,-27.36],[152.6995,-27.361],[152.7078,-27.3518],[152.7239,-27.354],[152.722,-27.3651],[152.7332,-27.3666],[152.7368,-27.3733],[152.7329,-27.396],[152.7415,-27.3911],[152.7414,-27.4062],[152.7472,-27.4071],[152.748,-27.4218],[152.7409,-27.4274],[152.7472,-27.443],[152.7441,-27.4601],[152.7379,-27.461],[152.7423,-27.4881],[152.7302,-27.4956],[152.7448,-27.5146],[152.763,-27.522],[152.7481,-27.5269],[152.7417,-27.5656],[152.7539,-27.5682],[152.7672,-27.556],[152.7816,-27.5593],[152.7851,-27.5503],[152.7936,-27.556],[152.8201,-27.5559],[152.841,-27.5451],[152.8303,-27.5354],[152.8417,-27.5309],[152.8525,-27.5419],[152.849,-27.5647],[152.8569,-27.5969],[152.8622,-27.5973],[152.8742,-27.5791],[152.896,-27.6013],[152.906,-27.6013],[152.8938,-27.5778],[152.9019,-27.5668],[152.8945,-27.5605],[152.9066,-27.5554],[152.9041,-27.5445],[152.9252,-27.5414],[152.9274,-27.5295],[152.9386,-27.5254],[152.9733,-27.5427],[152.9685,-27.5067],[152.977,-27.506],[152.9978,-27.522],[153.0089,-27.5206],[152.9981,-27.5111],[153.02,-27.5013],[153.0192,-27.4969],[152.9969,-27.4918],[152.9951,-27.4856],[153.0138,-27.4678],[153.0304,-27.4795],[153.0345,-27.4626],[153.0432,-27.4752],[153.0528,-27.4717],[153.0475,-27.4415],[153.0901,-27.4457],[153.108,-27.4416],[153.1406,-27.4176],[153.1504,-27.3946],[153.1464,-27.3882],[153.1604,-27.3779],[153.1561,-27.3633],[153.1386,-27.3612],[153.0829,-27.3337],[153.0868,-27.3253],[153.0752,-27.3205],[153.0666,-27.3072],[153.0662,-27.2813],[153.0408,-27.2795],[153.0363,-27.2955]]],[[[153.2321,-27.4209],[153.2264,-27.4203],[153.2346,-27.4305],[153.2321,-27.4209]]],[[[153.2355,-27.3376],[153.2405,-27.3471],[153.2529,-27.3506],[153.271,-27.3381],[153.2476,-27.3207],[153.2358,-27.3279],[153.2355,-27.3376]]],[[[153.3972,-27.3437],[153.4076,-27.3462],[153.4047,-27.3268],[153.3965,-27.3351],[153.3972,-27.3437]]],[[[153.2224,-27.3901],[153.2385,-27.4024],[153.2441,-27.3915],[153.239,-27.3735],[153.2319,-27.3736],[153.2224,-27.3901]]],[[[153.1885,-27.401],[153.1837,-27.3934],[153.178,-27.3967],[153.1885,-27.401]]],[[[153.3683,-27.1546],[153.3733,-27.1763],[153.3655,-27.2012],[153.4212,-27.3311],[153.4186,-27.355],[153.4283,-27.3636],[153.4373,-27.334],[153.4176,-27.2744],[153.4197,-27.2036],[153.434,-27.1312],[153.4682,-27.0278],[153.4547,-27.022],[153.4378,-27.032],[153.4122,-27.0331],[153.4315,-27.0337],[153.3887,-27.0503],[153.4071,-27.0401],[153.3878,-27.0476],[153.4024,-27.0353],[153.3618,-27.0603],[153.3697,-27.0905],[153.3616,-27.135],[153.3683,-27.1546]]],[[[153.041,-27.476],[153.035,-27.4648],[153.0318,-27.4817],[153.0159,-27.4695],[152.9975,-27.4855],[153.0226,-27.4979],[153.0201,-27.5044],[153.0009,-27.5104],[153.011,-27.5171],[153.009,-27.5233],[152.9952,-27.5247],[152.9702,-27.5075],[152.9738,-27.5448],[152.9406,-27.5281],[152.9288,-27.529],[152.9245,-27.5425],[152.9041,-27.5451],[152.9071,-27.5561],[152.8952,-27.561],[152.9024,-27.5664],[152.8946,-27.5774],[152.9067,-27.5987],[152.9017,-27.6042],[152.9215,-27.6061],[152.9482,-27.6325],[152.9702,-27.6368],[152.9893,-27.6515],[153.0377,-27.6604],[153.0405,-27.6541],[153.0588,-27.6568],[153.0955,-27.6452],[153.0915,-27.6263],[153.0967,-27.6273],[153.0947,-27.6174],[153.1011,-27.6181],[153.1058,-27.5932],[153.122,-27.5954],[153.1233,-27.5873],[153.1557,-27.5917],[153.1782,-27.6059],[153.1718,-27.5911],[153.1825,-27.5738],[153.1819,-27.5623],[153.1917,-27.5588],[153.1822,-27.5497],[153.1829,-27.5416],[153.1748,-27.5425],[153.1719,-27.5364],[153.1856,-27.5285],[153.1856,-27.5204],[153.2015,-27.5128],[153.1843,-27.5023],[153.1927,-27.4948],[153.1874,-27.4847],[153.1976,-27.4801],[153.1901,-27.462],[153.1949,-27.4563],[153.1754,-27.4404],[153.1692,-27.4246],[153.1742,-27.4074],[153.1654,-27.3983],[153.1835,-27.3934],[153.1793,-27.3857],[153.2022,-27.3529],[153.1888,-27.3455],[153.1565,-27.3924],[153.164,-27.4017],[153.1547,-27.4018],[153.1425,-27.4215],[153.114,-27.4408],[153.0874,-27.4502],[153.0513,-27.4433],[153.0573,-27.4705],[153.041,-27.476]]]]},"properties":{"lga_code_2023":"31000","lga_name_2023":"Brisbane","state_code_2021":"3"}},{"type":"Feature","geometry":{"type":"Polygon","coordinates":[[[140.9995,-28.0695],[140.9993,-28.9991],[144.4804,-28.9991],[144.4631,-28.9479],[144.4944,-28.9306],[144.5812,-28.9098],[144.5868,-28.8624],[144.6228,-28.8207],[144.64,-28.8087],[144.6912,-28.7908],[144.6118,-28.7398],[144.6329,-28.7219],[144.6411,-28.7231],[144.6686,-28.5807],[144.5958,-28.5675],[144.6279,-28.425],[144.636,-28.4209],[144.6442,-28.3554],[144.5631,-28.3466],[144.5735,-28.2695],[144.5864,-28.2708],[144.5874,-28.2637],[144.8188,-28.2903],[144.8299,-28.2169],[144.775,-28.2112],[144.7798,-28.1737],[144.6351,-28.1598],[144.6493,-28.0559],[144.5917,-28.0499],[144.6012,-27.9741],[144.4205,-27.9557],[144.4225,-27.9397],[144.2923,-27.9261],[144.3066,-27.8989],[144.306,-27.8813],[144.3173,-27.8672],[144.3121,-27.8645],[144.3166,-27.8461],[144.2958,-27.8439],[144.3218,-27.6518],[143.9683,-27.6269],[143.8357,-27.4559],[143.7193,-27.3687],[143.7203,-27.3984],[143.5804,-27.3798],[143.5866,-27.3233],[143.5149,-27.3164],[143.5174,-27.2953],[143.3941,-27.283],[143.3874,-27.2956],[143.3205,-27.2893],[143.3219,-27.2757],[142.866,-27.2338],[142.888,-27.1169],[142.8554,-27.1137],[142.422,-26.7902],[142.3618,-26.7837],[142.2597,-26.7915],[142.2524,-26.7855],[142.054,-26.765],[141.9973,-26.7662],[141.7258,-26.734],[141.703,-26.7363],[141.6627,-26.7261],[141.5839,-26.7219],[141.5434,-26.6766],[141.3961,-26.6625],[141.2189,-26.6632],[141.2145,-26.7038],[141.1337,-26.6964],[141.1229,-26.7751],[140.9994,-26.7618],[140.9995,-28.0695]]]},"properties":{"lga_code_2023":"31750","lga_name_2023":"Bulloo","state_code_2021":"3"}},{"type":"Feature","geometry":{"type":"MultiPolygon","coordinates":[[[[152.3635,-24.7322],[152.3606,-24.7389],[152.3337,-24.7436],[152.3478,-24.7381],[152.3037,-24.7267],[152.2743,-24.7119],[152.2063,-24.6572],[152.178,-24.6475],[152.1483,-24.6266],[152.0962,-24.5709],[152.06,-24.5182],[152.03,-24.53],[152.0107,-24.5138],[151.9928,-24.5221],[151.9964,-24.535],[151.9863,-24.5366],[151.9933,-24.5407],[151.9853,-24.5419],[151.9871,-24.5493],[151.9818,-24.5495],[151.984,-24.5536],[151.969,-24.569],[151.9687,-24.5804],[151.9592,-24.5874],[151.9887,-24.5914],[151.9857,-24.6113],[151.96,-24.6085],[151.9584,-24.6163],[151.9658,-24.6247],[151.9593,-24.6409],[151.9961,-24.6443],[151.9864,-24.6555],[151.9943,-24.6565],[151.9908,-24.6809],[151.9606,-24.6765],[151.9622,-24.7029],[151.9286,-24.7088],[151.9194,-24.7284],[151.9232,-24.7387],[151.8926,-24.7426],[151.8939,-24.7538],[151.8842,-24.7687],[151.8626,-24.7862],[151.8428,-24.7921],[151.8416,-24.7792],[151.8143,-24.7661],[151.8009,-24.7462],[151.7889,-24.7407],[151.7508,-24.7358],[151.7453,-24.7718],[151.7283,-24.7554],[151.7199,-24.7351],[151.6986,-24.7136],[151.6853,-24.7091],[151.6771,-24.6954],[151.6509,-24.7088],[151.6449,-24.7157],[151.6516,-24.7162],[151.6519,-24.7246],[151.639,-24.7304],[151.5953,-24.6998],[151.5762,-24.702],[151.5653,-24.7105],[151.5527,-24.6983],[151.5312,-24.6963],[151.5146,-24.6698],[151.5184,-24.6644],[151.5267,-24.6679],[151.5416,-24.6456],[151.5423,-24.6174],[151.5259,-24.6007],[151.5048,-24.5936],[151.5082,-24.5817],[151.4903,-24.5659],[151.4884,-24.5446],[151.4775,-24.536],[151.4663,-24.5395],[151.4663,-24.5538],[151.457,-24.5706],[151.4334,-24.5635],[151.4419,-24.5777],[151.4305,-24.5937],[151.4107,-24.5966],[151.4068,-24.6154],[151.3712,-24.6092],[151.3418,-24.6493],[151.3601,-24.6787],[151.3448,-24.7002],[151.3487,-24.714],[151.343,-24.721],[151.3482,-24.7285],[151.357,-24.7307],[151.3678,-24.7191],[151.3664,-24.7107],[151.4119,-24.695],[151.429,-24.7026],[151.4532,-24.7755],[151.4187,-24.7783],[151.427,-24.7911],[151.4242,-24.7996],[151.4306,-24.803],[151.426,-24.8146],[151.4337,-24.8355],[151.4683,-24.8514],[151.4798,-24.8411],[151.4952,-24.8501],[151.5251,-24.8382],[151.5283,-24.8315],[151.5457,-24.8326],[151.5578,-24.8513],[151.5565,-24.8595],[151.5653,-24.8626],[151.5656,-24.8759],[151.5761,-24.8835],[151.5723,-24.9316],[151.5397,-24.9502],[151.5305,-24.9454],[151.5239,-24.9608],[151.5341,-24.9733],[151.5322,-24.9885],[151.556,-25.0097],[151.5563,-25.0475],[151.5646,-25.0497],[151.5409,-25.09],[151.5439,-25.0957],[151.5592,-25.103],[151.5883,-25.0986],[151.6092,-25.1031],[151.6098,-25.1158],[151.6495,-25.116],[151.6532,-25.0917],[151.6627,-25.0945],[151.6744,-25.084],[151.6828,-25.0902],[151.6918,-25.0833],[151.6946,-25.0921],[151.7102,-25.0915],[151.7429,-25.0739],[151.7835,-25.1153],[151.7867,-25.1581],[151.8008,-25.1646],[151.8042,-25.1755],[151.8125,-25.1729],[151.8235,-25.1868],[151.8306,-25.1818],[151.8485,-25.1836],[151.8527,-25.1767],[151.8487,-25.16],[151.8562,-25.1444],[151.8781,-25.1525],[151.9019,-25.1415],[151.9167,-25.1491],[151.9314,-25.1752],[151.9233,-25.1802],[151.918,-25.1754],[151.9103,-25.1844],[151.9076,-25.1918],[151.9157,-25.1987],[151.9036,-25.1982],[151.8971,-25.2101],[151.9048,-25.2139],[151.9036,-25.2288],[151.8813,-25.2437],[151.8835,-25.2518],[151.8725,-25.2732],[151.8914,-25.2881],[151.8848,-25.2951],[151.8711,-25.2937],[151.8726,-25.3022],[151.8612,-25.302],[151.8683,-25.3212],[151.8609,-25.3372],[151.8686,-25.3432],[151.8805,-25.3415],[151.8806,-25.3603],[151.899,-25.3528],[151.9159,-25.3543],[151.9473,-25.2959],[151.9653,-25.2808],[151.9804,-25.2811],[152.0036,-25.2929],[152.0132,-25.2846],[152.0126,-25.2741],[152.0256,-25.2732],[152.0491,-25.2877],[152.0598,-25.3075],[152.0769,-25.3212],[152.0897,-25.3125],[152.106,-25.3279],[152.1243,-25.3271],[152.1414,-25.3382],[152.1674,-25.3359],[152.171,-25.368],[152.1817,-25.3796],[152.1994,-25.3946],[152.2186,-25.3874],[152.2342,-25.4001],[152.2541,-25.4022],[152.2722,-25.4187],[152.2736,-25.4313],[152.2991,-25.4081],[152.32,-25.4075],[152.3357,-25.3922],[152.3346,-25.3825],[152.3545,-25.3661],[152.373,-25.363],[152.3722,-25.3531],[152.3846,-25.3562],[152.4061,-25.3345],[152.4156,-25.2903],[152.4506,-25.2283],[152.4663,-25.216],[152.5088,-25.2089],[152.5182,-25.2212],[152.5259,-25.2105],[152.5471,-25.2068],[152.5403,-25.19],[152.5554,-25.1717],[152.578,-25.1669],[152.6177,-25.1733],[152.633,-25.1546],[152.5751,-25.1172],[152.5462,-25.0738],[152.5337,-25.0896],[152.5361,-25.0811],[152.5233,-25.0695],[152.5075,-25.0775],[152.5234,-25.0688],[152.5315,-25.08],[152.5421,-25.0693],[152.5507,-25.0737],[152.51,-25.0163],[152.4861,-24.9706],[152.4868,-24.9304],[152.4945,-24.9163],[152.4834,-24.8572],[152.475,-24.848],[152.4789,-24.8405],[152.4678,-24.8289],[152.468,-24.8159],[152.4212,-24.7753],[152.4128,-24.7577],[152.384,-24.7633],[152.3869,-24.7802],[152.3814,-24.7966],[152.3776,-24.7683],[152.3836,-24.7561],[152.3948,-24.7508],[152.3912,-24.7478],[152.3966,-24.75],[152.3775,-24.7312],[152.3437,-24.7351],[152.3635,-24.7322]]],[[[152.4944,-24.9279],[152.491,-24.9263],[152.4956,-24.9316],[152.4944,-24.9279]]]]},"properties":{"lga_code_2023":"31820","lga_name_2023":"Bundaberg","state_code_2021":"3"}},{"type":"Feature","geometry":{"type":"MultiPolygon","coordinates":[[[[147.0095,-19.5905],[147.0032,-19.5966],[147.0194,-19.6109],[147.0183,-19.6245],[147.0303,-19.625],[147.0202,-19.7157],[146.9999,-19.7397],[146.9926,-19.7592],[146.9683,-19.7623],[146.956,-19.7761],[146.9302,-19.7831],[146.9228,-19.8589],[146.9286,-19.8667],[146.9163,-19.8975],[146.8835,-19.8942],[146.8815,-19.8983],[146.8911,-19.9051],[146.8887,-19.911],[146.9046,-19.9285],[146.9045,-19.9361],[146.9147,-19.9416],[146.9138,-19.9532],[146.9242,-19.9704],[146.932,-19.9724],[146.9298,-19.9793],[146.9207,-19.9804],[146.9135,-20.0091],[146.8893,-20.0145],[146.885,-20.0357],[146.9047,-20.0508],[146.9027,-20.0671],[146.9339,-20.0712],[146.9345,-20.0829],[146.9639,-20.093],[146.974,-20.1228],[147.0149,-20.1422],[147.0147,-20.1562],[147.0016,-20.1647],[147.0034,-20.1832],[146.9954,-20.1875],[147.0025,-20.195],[147.0114,-20.1925],[147.0201,-20.1782],[147.0239,-20.186],[147.0325,-20.1862],[147.0471,-20.1705],[147.079,-20.19],[147.0873,-20.2016],[147.104,-20.2033],[147.1069,-20.2327],[147.116,-20.2389],[147.1089,-20.2536],[147.1108,-20.2646],[147.12,-20.2634],[147.1437,-20.2775],[147.1751,-20.3094],[147.1821,-20.3337],[147.2017,-20.3585],[147.1951,-20.3609],[147.1951,-20.3718],[147.217,-20.3836],[147.3477,-20.3968],[147.3172,-20.3656],[147.2996,-20.3183],[147.311,-20.2706],[147.3092,-20.2217],[147.2945,-20.1611],[147.2744,-20.1243],[147.2947,-20.069],[147.2734,-20.0284],[147.3022,-20.0146],[147.2995,-20.0283],[147.3202,-20.0522],[147.3889,-20.0693],[147.386,-20.0872],[147.4671,-20.0959],[147.4914,-19.8714],[147.5098,-19.8734],[147.5083,-19.8508],[147.5371,-19.8335],[147.5343,-19.8229],[147.5404,-19.8132],[147.602,-19.7993],[147.6634,-19.8109],[147.6087,-19.7679],[147.5868,-19.7251],[147.5997,-19.687],[147.617,-19.686],[147.6154,-19.6731],[147.601,-19.6464],[147.5854,-19.6485],[147.5741,-19.6293],[147.581,-19.6249],[147.5711,-19.6058],[147.5711,-19.5814],[147.5593,-19.5505],[147.5463,-19.5271],[147.5378,-19.5268],[147.5301,-19.5167],[147.5077,-19.4763],[147.5002,-19.4696],[147.5102,-19.4848],[147.5011,-19.4851],[147.487,-19.4655],[147.4806,-19.4501],[147.4898,-19.46],[147.4745,-19.4339],[147.4638,-19.3887],[147.44,-19.3437],[147.4174,-19.3148],[147.3867,-19.302],[147.4213,-19.3217],[147.4171,-19.3332],[147.446,-19.3652],[147.4552,-19.3952],[147.441,-19.4212],[147.4104,-19.426],[147.3904,-19.4179],[147.359,-19.4196],[147.3042,-19.4076],[147.2469,-19.4325],[147.2346,-19.4186],[147.2128,-19.4239],[147.1839,-19.4116],[147.1693,-19.4135],[147.1615,-19.4054],[147.1357,-19.4067],[147.1303,-19.4219],[147.1194,-19.4112],[147.1061,-19.4469],[147.0965,-19.4385],[147.0872,-19.4455],[147.0865,-19.4369],[147.0796,-19.4353],[147.0697,-19.4372],[147.0759,-19.4418],[147.0699,-19.4445],[147.0598,-19.4289],[147.0541,-19.4326],[147.0499,-19.4121],[147.0342,-19.4066],[147.0325,-19.4222],[147.0432,-19.4295],[147.0365,-19.472],[147.0126,-19.475],[147.0107,-19.4919],[147.012,-19.4995],[147.0182,-19.4975],[147.0246,-19.5045],[147.034,-19.5341],[147.0221,-19.5794],[147.0095,-19.5905]]],[[[147.3688,-19.3509],[147.3711,-19.3491],[147.3735,-19.3395],[147.3688,-19.3509]]]]},"properties":{"lga_code_2023":"31900","lga_name_2023":"Burdekin","state_code_2021":"3"}},{"type":"Feature","geometry":{"type":"Polygon","coordinates":[[[137.9955,-17.9982],[137.9956,-18.1783],[138.2376,-18.1947],[138.1925,-18.7774],[138.3159,-18.7847],[138.3127,-18.818],[138.4747,-18.8251],[138.5288,-18.882],[138.6043,-18.8165],[138.6287,-18.8403],[138.6856,-18.841],[138.7342,-18.7513],[138.7029,-18.734],[138.7288,-18.72],[138.7684,-18.6729],[138.9162,-18.8303],[138.9869,-18.7696],[139.0769,-18.8671],[139.0202,-18.8843],[138.9846,-18.9045],[139.0487,-18.9645],[139.1571,-18.8752],[139.2238,-18.915],[139.1838,-18.9758],[139.1959,-18.983],[139.1579,-19.0408],[139.178,-19.0629],[139.1771,-19.0747],[139.1878,-19.0824],[139.2086,-19.0845],[139.2048,-19.1394],[139.5508,-19.1667],[139.5414,-19.2937],[139.516,-19.2919],[139.5143,-19.4381],[139.7851,-19.4601],[139.7774,-19.5784],[139.8854,-19.5847],[139.8872,-19.5541],[140.0663,-19.5672],[140.0669,-19.5389],[140.0738,-19.5251],[140.0601,-19.4956],[140.0462,-19.4843],[140.0514,-19.4727],[140.0417,-19.4572],[140.0448,-19.4396],[140.0302,-19.4097],[140.0399,-19.3949],[140.03,-19.3828],[140.0418,-19.3679],[140.0266,-19.3629],[140.0287,-19.3441],[140.0044,-19.3277],[140.0035,-19.2879],[140.016,-19.2724],[139.9656,-19.2136],[139.957,-19.1934],[139.9588,-19.1635],[139.9397,-19.1545],[139.9298,-19.1385],[139.9308,-19.1138],[139.9242,-19.1042],[139.9273,-19.0958],[139.9414,-19.0894],[139.9373,-19.0418],[139.9301,-19.0314],[139.9128,-19.0362],[139.9099,-19.0226],[139.8814,-18.9985],[139.8893,-18.9682],[139.8764,-18.9761],[139.866,-18.9732],[139.8489,-18.9435],[139.8252,-18.9335],[139.8242,-18.9159],[139.8035,-18.8884],[139.8063,-18.8833],[139.8199,-18.8837],[139.8223,-18.8684],[139.8124,-18.8534],[139.797,-18.8454],[139.8037,-18.83],[139.7844,-18.8288],[139.793,-18.8113],[139.7795,-18.8027],[139.7798,-18.7742],[139.7635,-18.7604],[139.7793,-18.7462],[139.7842,-18.7164],[139.7622,-18.6921],[139.7721,-18.6838],[139.7757,-18.668],[139.8047,-18.6405],[139.8056,-18.6239],[139.8384,-18.5881],[139.8458,-18.5698],[139.8475,-18.5225],[139.8674,-18.495],[139.8665,-18.4763],[139.8589,-18.4647],[139.8746,-18.4567],[139.8777,-18.4214],[139.8732,-18.3791],[139.8802,-18.3557],[139.8678,-18.3249],[139.8785,-18.3057],[139.8754,-18.2694],[139.885,-18.2472],[139.8766,-18.2213],[139.8873,-18.2152],[139.8941,-18.1958],[139.8805,-18.1746],[139.8863,-18.1559],[139.8464,-18.1167],[139.8461,-18.0896],[139.8261,-18.076],[139.8149,-18.0575],[139.8193,-18.0245],[139.8154,-17.9794],[139.7743,-17.952],[139.7828,-17.9388],[139.7959,-17.9484],[139.8118,-17.9465],[139.8173,-17.9337],[139.7858,-17.9096],[139.7618,-17.9221],[139.751,-17.9121],[139.7733,-17.8684],[139.7692,-17.8599],[139.7449,-17.8456],[139.7632,-17.8242],[139.7518,-17.8038],[139.7737,-17.7877],[139.7836,-17.7695],[139.7847,-17.7623],[139.773,-17.752],[139.777,-17.7366],[139.7995,-17.7221],[139.7936,-17.7125],[139.7773,-17.7129],[139.7793,-17.6944],[139.7921,-17.6898],[139.8096,-17.7032],[139.817,-17.6977],[139.8148,-17.6831],[139.7895,-17.6745],[139.786,-17.6691],[139.7921,-17.659],[139.7804,-17.6554],[139.7753,-17.6464],[139.7976,-17.6399],[139.8117,-17.6459],[139.8186,-17.6371],[139.8186,-17.6235],[139.7901,-17.5994],[139.7938,-17.5794],[139.7799,-17.5736],[139.7527,-17.5759],[139.754,-17.5656],[139.7373,-17.5617],[139.7216,-17.5484],[139.7123,-17.5535],[139.7075,-17.5476],[139.6467,-17.5381],[139.6033,-17.5054],[139.591,-17.4824],[139.5503,-17.4689],[139.5524,-17.4605],[139.5353,-17.4414],[139.5123,-17.4305],[139.4769,-17.4009],[139.4525,-17.3955],[139.4364,-17.4225],[139.4505,-17.3938],[139.4174,-17.3746],[139.3415,-17.3746],[139.3058,-17.3648],[139.2377,-17.3198],[139.2012,-17.2705],[139.1598,-17.1805],[139.1407,-17.0834],[139.1451,-17.0539],[139.1578,-17.0302],[139.1516,-17.0241],[139.1096,-17.0093],[139.086,-17.0115],[139.08,-17.0906],[138.8705,-16.9389],[138.8751,-16.8754],[138.8446,-16.868],[138.8228,-16.8528],[138.7574,-16.8334],[138.7464,-16.8236],[138.6812,-16.8002],[138.6509,-16.7789],[138.6586,-16.7842],[138.6574,-16.7782],[138.629,-16.7679],[138.54,-16.782],[138.4864,-16.7831],[138.4716,-16.7754],[138.4795,-16.7836],[138.4506,-16.7732],[138.4279,-16.7773],[138.3621,-16.7403],[138.3409,-16.7422],[138.3392,-16.7362],[138.3291,-16.7364],[138.3236,-16.7505],[138.2729,-16.7194],[138.1951,-16.6963],[138.1184,-16.6492],[138.0602,-16.5978],[138.0472,-16.5783],[137.9946,-16.5383],[137.9955,-17.9982]],[[138.8778,-18.0187],[138.851,-18.0032],[138.8575,-17.9732],[138.8516,-17.9589],[138.8297,-17.9454],[138.7968,-17.9328],[138.7156,-17.9286],[138.6754,-17.9029],[138.6326,-17.8965],[138.6001,-17.8992],[138.5851,-17.8938],[138.5769,-17.8826],[138.5859,-17.8752],[138.6005,-17.4693],[138.7379,-17.4709],[138.7511,-17.4848],[138.8355,-17.521],[138.9025,-17.5259],[138.8778,-18.0187]]]},"properties":{"lga_code_2023":"31950","lga_name_2023":"Burke","state_code_2021":"3"}},{"type":"Feature","geometry":{"type":"MultiPolygon","coordinates":[[[[145.7739,-17.2425],[145.7853,-17.2796],[145.8005,-17.2965],[145.7945,-17.3044],[145.7978,-17.3117],[145.7849,-17.3193],[145.7813,-17.3544],[145.8214,-17.3944],[145.8237,-17.4215],[145.8399,-17.4542],[145.8351,-17.4974],[145.8662,-17.5048],[145.8822,-17.4906],[145.8936,-17.4896],[145.8949,-17.4811],[145.9037,-17.4764],[145.9163,-17.4891],[145.9187,-17.5013],[145.9293,-17.5036],[145.9366,-17.494],[145.9505,-17.4914],[145.9497,-17.4566],[145.9555,-17.4455],[146.0316,-17.452],[146.0422,-17.4414],[146.0339,-17.4307],[146.0459,-17.433],[146.0445,-17.419],[146.061,-17.4101],[146.0592,-17.403],[146.0725,-17.4034],[146.0679,-17.388],[146.0468,-17.3802],[146.0111,-17.3285],[145.9957,-17.2733],[145.9827,-17.2488],[145.9721,-17.242],[145.9701,-17.2107],[145.9613,-17.1901],[145.9646,-17.1705],[145.9246,-17.1654],[145.9117,-17.1328],[145.8972,-17.1156],[145.8955,-17.1014],[145.8812,-17.0918],[145.863,-17.0567],[145.865,-17.0461],[145.8525,-17.0277],[145.8579,-17.0228],[145.8531,-17.0035],[145.858,-16.9862],[145.853,-16.9782],[145.8655,-16.951],[145.8483,-16.9295],[145.8545,-16.9192],[145.8372,-16.8992],[145.8519,-16.8942],[145.8478,-16.8853],[145.8527,-16.8744],[145.8489,-16.8712],[145.8391,-16.8786],[145.809,-16.909],[145.7931,-16.9106],[145.785,-16.9411],[145.7792,-16.9405],[145.7834,-16.917],[145.7765,-16.9182],[145.7624,-16.8979],[145.7686,-16.8823],[145.777,-16.8804],[145.7655,-16.8693],[145.7741,-16.8741],[145.7749,-16.87],[145.7448,-16.8454],[145.7219,-16.8006],[145.715,-16.8027],[145.6953,-16.7756],[145.6903,-16.7804],[145.6819,-16.7745],[145.6725,-16.7564],[145.6717,-16.7381],[145.6512,-16.7295],[145.6291,-16.7053],[145.6171,-16.7159],[145.6313,-16.7247],[145.6335,-16.7361],[145.6476,-16.7423],[145.6419,-16.751],[145.6517,-16.773],[145.6539,-16.8032],[145.6659,-16.8198],[145.6599,-16.8382],[145.6694,-16.8453],[145.6439,-16.853],[145.6662,-16.8666],[145.6511,-16.8806],[145.6633,-16.8811],[145.6736,-16.8941],[145.65,-16.9444],[145.6548,-16.9747],[145.6397,-16.9857],[145.6303,-17.0046],[145.6397,-17.0219],[145.615,-17.049],[145.6197,-17.0587],[145.6156,-17.0676],[145.6323,-17.0725],[145.6239,-17.0968],[145.6393,-17.1059],[145.6422,-17.1225],[145.6554,-17.1265],[145.6588,-17.1515],[145.6751,-17.1616],[145.6703,-17.1714],[145.7047,-17.1746],[145.7041,-17.2122],[145.7131,-17.2131],[145.7206,-17.2318],[145.7563,-17.2485],[145.7613,-17.2386],[145.7709,-17.2362],[145.7739,-17.2425]]],[[[145.6945,-16.7315],[145.6955,-16.7314],[145.6949,-16.731],[145.6945,-16.7315]]],[[[145.6795,-16.7285],[145.6884,-16.7255],[145.686,-16.7224],[145.6795,-16.7285]]],[[[146.0166,-17.156],[146.0049,-17.1544],[146.0118,-17.165],[146.0166,-17.156]]],[[[146.0062,-16.9219],[146.0065,-16.9235],[146.0076,-16.9216],[146.0062,-16.9219]]],[[[145.9731,-16.7604],[145.9774,-16.7598],[145.9715,-16.759],[145.9731,-16.7604]]],[[[146.0046,-16.9253],[145.9908,-16.9253],[145.983,-16.9349],[145.9855,-16.9422],[146.0003,-16.9367],[146.0046,-16.9253]]],[[[146.093,-17.2287],[146.0962,-17.2269],[146.0917,-17.2235],[146.093,-17.2287]]],[[[146.0939,-17.2233],[146.095,-17.2225],[146.0939,-17.2213],[146.0939,-17.2233]]],[[[146.0769,-17.2072],[146.0777,-17.204],[146.0749,-17.205],[146.0769,-17.2072]]],[[[146.0796,-17.2105],[146.0794,-17.209],[146.0777,-17.2084],[146.0796,-17.2105]]]]},"properties":{"lga_code_2023":"32080","lga_name_2023":"Cairns","state_code_2021":"3"}},{"type":"Feature","geometry":{"type":"Polygon","coordinates":[[[140.8284,-17.4653],[140.7694,-17.4777],[140.7355,-17.5122],[140.7098,-17.5099],[140.5964,-17.5964],[140.5659,-17.6015],[140.4996,-17.6378],[140.4622,-17.6489],[140.4479,-17.6417],[140.3782,-17.6797],[140.2473,-17.6985],[140.2167,-17.7092],[140.1999,-17.703],[140.0918,-17.7227],[140.0069,-17.7154],[139.9829,-17.7048],[139.9524,-17.6782],[139.9408,-17.6599],[139.9364,-17.6444],[139.9413,-17.6375],[139.936,-17.6297],[139.8472,-17.596],[139.8418,-17.6002],[139.8451,-17.6047],[139.8339,-17.6054],[139.8392,-17.5898],[139.8218,-17.5706],[139.7938,-17.5794],[139.7901,-17.5994],[139.8151,-17.6166],[139.8186,-17.6371],[139.8117,-17.6459],[139.7976,-17.6399],[139.775,-17.6488],[139.7911,-17.6572],[139.7895,-17.6745],[139.8148,-17.6831],[139.817,-17.6977],[139.8096,-17.7032],[139.7921,-17.6898],[139.7793,-17.6944],[139.7773,-17.7129],[139.7936,-17.7125],[139.7995,-17.7221],[139.777,-17.7366],[139.773,-17.752],[139.7847,-17.7623],[139.7836,-17.7695],[139.7737,-17.7877],[139.7518,-17.8038],[139.7632,-17.8242],[139.7449,-17.8456],[139.7692,-17.8599],[139.7733,-17.8684],[139.751,-17.9121],[139.7618,-17.9221],[139.7858,-17.9096],[139.8173,-17.9337],[139.8118,-17.9465],[139.7959,-17.9484],[139.7828,-17.9388],[139.7743,-17.952],[139.8154,-17.9794],[139.8193,-18.0245],[139.8149,-18.0575],[139.8261,-18.076],[139.8461,-18.0896],[139.8464,-18.1167],[139.8863,-18.1559],[139.8805,-18.1746],[139.8941,-18.1958],[139.8873,-18.2152],[139.8766,-18.2213],[139.885,-18.2472],[139.8754,-18.2694],[139.8785,-18.3057],[139.8678,-18.3217],[139.8802,-18.3557],[139.8732,-18.3791],[139.878,-18.4147],[139.8746,-18.4567],[139.859,-18.4634],[139.8665,-18.4763],[139.8668,-18.4975],[139.8475,-18.5225],[139.8458,-18.5698],[139.8384,-18.5881],[139.8056,-18.6239],[139.8047,-18.6405],[139.7757,-18.668],[139.7721,-18.6838],[139.762,-18.6938],[139.7842,-18.7164],[139.7793,-18.7462],[139.7635,-18.7604],[139.7798,-18.7742],[139.7795,-18.8027],[139.793,-18.8113],[139.7844,-18.8288],[139.8037,-18.83],[139.797,-18.8454],[139.8124,-18.8534],[139.8223,-18.8684],[139.8199,-18.8837],[139.8054,-18.8836],[139.8036,-18.8899],[139.8242,-18.9159],[139.8257,-18.9342],[139.8489,-18.9435],[139.866,-18.9732],[139.8764,-18.9761],[139.8893,-18.9682],[139.8814,-18.9985],[139.9115,-19.0265],[139.9981,-19.0326],[139.9988,-19.0236],[140.3058,-19.0452],[140.3025,-19.0876],[140.5108,-19.1021],[140.5151,-19.0484],[140.6335,-19.0566],[140.6698,-19.0984],[140.7112,-19.0666],[140.8174,-19.1873],[140.9066,-19.1167],[140.913,-19.1224],[140.9196,-19.118],[140.9214,-19.1354],[141.1063,-19.1479],[141.0957,-19.1991],[141.3094,-19.2256],[141.3588,-19.2392],[141.4185,-19.2429],[141.4116,-19.3136],[141.6103,-19.331],[141.6416,-19.3069],[141.6506,-19.3173],[141.6613,-19.3166],[141.6816,-19.3283],[141.693,-19.346],[141.6921,-19.3573],[141.753,-19.3048],[141.8104,-19.3688],[141.908,-19.3718],[141.9047,-19.4105],[142.0365,-19.422],[142.0343,-19.4427],[142.1596,-19.4551],[142.1679,-19.3832],[142.3743,-19.4002],[142.4008,-19.1226],[142.3478,-19.1188],[142.346,-19.1469],[142.2364,-19.1361],[142.2351,-19.1495],[142.1594,-19.142],[142.1766,-18.9722],[142.1291,-18.9695],[142.1267,-18.9934],[141.9415,-18.9785],[141.9311,-19.0897],[141.7717,-19.0782],[141.7617,-19.1919],[141.7462,-19.1927],[141.729,-19.1791],[141.7155,-19.1791],[141.6916,-19.1564],[141.6461,-19.1577],[141.617,-19.1448],[141.6089,-19.1134],[141.6201,-19.1146],[141.6362,-18.9671],[141.6681,-18.9697],[141.692,-18.7136],[141.364,-18.6814],[141.3699,-18.6255],[141.315,-18.6204],[141.2987,-18.6114],[141.3022,-18.5952],[141.2908,-18.5686],[141.3003,-18.5633],[141.2881,-18.5464],[141.2836,-18.5187],[141.2848,-18.5054],[141.299,-18.4965],[141.2928,-18.48],[141.2986,-18.4755],[141.295,-18.4598],[141.3048,-18.4478],[141.302,-18.4276],[141.281,-18.4175],[141.2815,-18.3912],[141.2726,-18.3868],[141.2661,-18.3688],[141.2523,-18.3618],[141.2384,-18.3367],[141.2232,-18.3301],[141.21,-18.2645],[141.2018,-18.2532],[141.1868,-18.2501],[141.1908,-18.2326],[141.1811,-18.2134],[141.1379,-18.1889],[141.1431,-18.1568],[141.1318,-18.1232],[141.1444,-18.1134],[141.1916,-18.1194],[141.1999,-18.0154],[141.2838,-18.0232],[141.2817,-18.0467],[141.3952,-18.0571],[141.4002,-18.004],[141.3883,-18.0066],[141.3931,-17.9348],[141.4661,-17.939],[141.4682,-17.9104],[141.3044,-17.899],[141.3169,-17.7367],[141.33,-17.7336],[141.3388,-17.7445],[141.3592,-17.7449],[141.3593,-17.7544],[141.388,-17.7518],[141.4041,-17.7633],[141.433,-17.7493],[141.4382,-17.6798],[141.3782,-17.6766],[141.3822,-17.608],[141.4066,-17.6099],[141.4217,-17.4438],[141.5727,-17.4584],[141.5764,-17.4204],[141.7287,-17.4329],[141.7256,-17.4695],[141.8367,-17.4825],[141.7853,-17.4224],[141.8977,-17.3308],[142.0123,-17.4712],[142.0578,-17.4343],[142.1784,-17.5662],[142.2672,-17.4922],[142.2491,-17.4651],[142.2259,-17.4458],[142.1918,-17.4413],[142.175,-17.4324],[142.3406,-17.2862],[142.4016,-17.3553],[142.5407,-17.1755],[142.513,-17.1705],[142.4685,-17.1307],[142.4559,-17.1083],[142.4214,-17.0874],[142.508,-16.9722],[142.5467,-16.5578],[142.5961,-16.1907],[142.6372,-16.1324],[142.699,-16.1732],[142.7422,-16.112],[142.7061,-16.074],[142.6561,-16.0577],[142.6309,-16.0206],[142.622,-16.0169],[142.6305,-15.9545],[142.6958,-15.8966],[142.7047,-15.7504],[142.7699,-15.7547],[142.7798,-15.6131],[142.8812,-15.6211],[142.8931,-15.4779],[142.9497,-15.4823],[142.9614,-15.341],[142.6641,-15.3144],[142.6501,-15.4605],[142.2401,-15.4231],[142.0931,-15.1903],[142.0245,-15.3788],[141.967,-15.3558],[141.9564,-15.3802],[141.9403,-15.3907],[141.9441,-15.4041],[141.969,-15.422],[141.9953,-15.4535],[141.9726,-15.5691],[141.647,-15.5408],[141.6274,-15.544],[141.6042,-15.5354],[141.5976,-15.5245],[141.5837,-15.5187],[141.5794,-15.5261],[141.5718,-15.5204],[141.5631,-15.5348],[141.5566,-15.53],[141.5563,-15.5381],[141.5528,-15.533],[141.5608,-15.5187],[141.5529,-15.5186],[141.5494,-15.5108],[141.5361,-15.5133],[141.5337,-15.5065],[141.5319,-15.5136],[141.5223,-15.5107],[141.5282,-15.5268],[141.5045,-15.5207],[141.5028,-15.5058],[141.4934,-15.5163],[141.4934,-15.5062],[141.5093,-15.4937],[141.4991,-15.4851],[141.4932,-15.4879],[141.4691,-15.5324],[141.4347,-15.6576],[141.4093,-15.8713],[141.3976,-15.9096],[141.3734,-15.9169],[141.3927,-15.9512],[141.4097,-16.0239],[141.4328,-16.0748],[141.4124,-16.1228],[141.3511,-16.2189],[141.3435,-16.2703],[141.3208,-16.3425],[141.2965,-16.3972],[141.2897,-16.398],[141.2861,-16.4082],[141.2872,-16.4257],[141.3049,-16.4571],[141.2965,-16.4962],[141.2707,-16.5578],[141.2595,-16.553],[141.2514,-16.5577],[141.233,-16.588],[141.2212,-16.6561],[141.2044,-16.692],[141.1288,-16.7798],[141.0939,-16.8038],[141.0823,-16.8032],[141.0787,-16.8363],[141.0648,-16.8702],[141.0112,-16.9407],[140.9736,-16.9698],[140.958,-16.9981],[140.9469,-17.0406],[140.9553,-17.0862],[140.9622,-17.0928],[140.9569,-17.0911],[140.9539,-17.0985],[140.9504,-17.1508],[140.9404,-17.1846],[140.9255,-17.1986],[140.9253,-17.2133],[140.9126,-17.2331],[140.906,-17.2683],[140.9097,-17.2774],[140.8994,-17.3028],[140.8992,-17.315],[140.905,-17.3162],[140.8996,-17.318],[140.8937,-17.3423],[140.9008,-17.3487],[140.8934,-17.3494],[140.884,-17.3741],[140.8874,-17.3823],[140.8797,-17.3853],[140.8288,-17.4552],[140.8284,-17.4653]]]},"properties":{"lga_code_2023":"32250","lga_name_2023":"Carpentaria","state_code_2021":"3"}},{"type":"Feature","geometry":{"type":"MultiPolygon","coordinates":[[[[145.8582,-17.5054],[145.8373,-17.4972],[145.8339,-17.5086],[145.7161,-17.497],[145.7238,-17.5061],[145.7247,-17.5303],[145.7405,-17.5465],[145.7306,-17.5582],[145.7074,-17.5568],[145.6955,-17.661],[145.6788,-17.6666],[145.6824,-17.6788],[145.6744,-17.6761],[145.6732,-17.6666],[145.6605,-17.6689],[145.6547,-17.6581],[145.6407,-17.6568],[145.6614,-17.6796],[145.6585,-17.6935],[145.641,-17.7071],[145.6515,-17.7269],[145.577,-17.7408],[145.5726,-17.7829],[145.591,-17.7955],[145.6088,-17.7945],[145.6138,-17.8014],[145.622,-17.7975],[145.6383,-17.808],[145.6423,-17.8026],[145.6554,-17.8158],[145.6549,-17.8624],[145.6718,-17.8702],[145.6844,-17.898],[145.6803,-17.9192],[145.6859,-17.9254],[145.679,-17.9456],[145.6636,-17.9463],[145.6519,-17.9574],[145.6532,-17.9714],[145.641,-17.9756],[145.6382,-17.9952],[145.6254,-18.0005],[145.6234,-18.008],[145.6222,-18.0212],[145.6535,-18.0294],[145.6482,-18.0362],[145.6528,-18.0557],[145.6467,-18.0582],[145.6419,-18.0815],[145.6677,-18.103],[145.6795,-18.1029],[145.6891,-18.092],[145.7051,-18.1013],[145.7035,-18.1411],[145.6843,-18.1577],[145.6852,-18.1684],[145.7052,-18.179],[145.7348,-18.1568],[145.7515,-18.1566],[145.7844,-18.1809],[145.7876,-18.1904],[145.7802,-18.2033],[145.7956,-18.2226],[145.7931,-18.2325],[145.8006,-18.2337],[145.8073,-18.2456],[145.7995,-18.2681],[145.8152,-18.2857],[145.8096,-18.3046],[145.7955,-18.3086],[145.7866,-18.3042],[145.7181,-18.357],[145.7453,-18.3746],[145.7471,-18.3957],[145.7613,-18.3936],[145.7698,-18.3997],[145.7814,-18.394],[145.7899,-18.4033],[145.7954,-18.4012],[145.7939,-18.39],[145.8069,-18.386],[145.8086,-18.3777],[145.8193,-18.3869],[145.816,-18.398],[145.8256,-18.407],[145.8735,-18.4],[145.8796,-18.4075],[145.927,-18.371],[145.9473,-18.3643],[145.9618,-18.3944],[145.9836,-18.3971],[146.0355,-18.3877],[146.0464,-18.3967],[146.0492,-18.3926],[146.0726,-18.4031],[146.085,-18.4008],[146.1007,-18.4166],[146.1016,-18.4327],[146.0916,-18.4485],[146.1043,-18.4535],[146.1109,-18.4695],[146.1203,-18.4744],[146.1141,-18.4771],[146.122,-18.4845],[146.1153,-18.4948],[146.1204,-18.5067],[146.1559,-18.5188],[146.1674,-18.5157],[146.1875,-18.5333],[146.1906,-18.5233],[146.2069,-18.5165],[146.2299,-18.4896],[146.2151,-18.4724],[146.1894,-18.4738],[146.1885,-18.46],[146.2005,-18.4523],[146.1907,-18.444],[146.1675,-18.4453],[146.1736,-18.4349],[146.1612,-18.4245],[146.1656,-18.4216],[146.1592,-18.3969],[146.1497,-18.389],[146.1411,-18.3641],[146.1332,-18.3687],[146.1077,-18.3533],[146.0851,-18.3313],[146.082,-18.3153],[146.0615,-18.2994],[146.05,-18.2772],[146.031,-18.2674],[146.0194,-18.2531],[146.0076,-18.1794],[146.008,-18.1205],[146.0273,-18.091],[146.041,-18.0437],[146.0551,-18.0298],[146.0739,-17.9899],[146.0943,-17.9738],[146.1014,-17.9769],[146.0915,-17.9551],[146.0979,-17.8969],[146.1102,-17.8641],[146.1196,-17.8558],[146.1065,-17.852],[146.0997,-17.8332],[146.1058,-17.8156],[146.0913,-17.7993],[146.1126,-17.7708],[146.1045,-17.728],[146.1134,-17.693],[146.1314,-17.664],[146.149,-17.6486],[146.1406,-17.6397],[146.1434,-17.6297],[146.1327,-17.601],[146.1261,-17.6015],[146.1236,-17.6142],[146.1153,-17.6101],[146.1288,-17.5995],[146.1279,-17.5925],[146.0921,-17.5616],[146.0682,-17.5104],[146.0603,-17.5113],[146.0586,-17.5248],[146.0332,-17.5253],[146.0278,-17.5503],[146.0327,-17.5123],[146.0361,-17.5231],[146.0563,-17.5209],[146.0575,-17.5071],[146.0506,-17.5096],[146.0516,-17.5055],[146.077,-17.5046],[146.0779,-17.4782],[146.0649,-17.4589],[146.0725,-17.4034],[146.0592,-17.403],[146.061,-17.4101],[146.0445,-17.419],[146.0459,-17.433],[146.0339,-17.4307],[146.0422,-17.4414],[146.0316,-17.452],[145.9555,-17.4455],[145.9497,-17.4566],[145.9505,-17.4914],[145.9366,-17.494],[145.9297,-17.5034],[145.9187,-17.5013],[145.9163,-17.4891],[145.9037,-17.4764],[145.8949,-17.4811],[145.8936,-17.4896],[145.8582,-17.5054]]],[[[146.3044,-18.1586],[146.3066,-18.157],[146.3025,-18.156],[146.3044,-18.1586]]],[[[146.1362,-17.9252],[146.1357,-17.9242],[146.1355,-17.9248],[146.1362,-17.9252]]],[[[146.1526,-17.7802],[146.154,-17.7795],[146.1544,-17.7774],[146.1526,-17.7802]]],[[[146.1567,-17.739],[146.1639,-17.7381],[146.1577,-17.7368],[146.1567,-17.739]]],[[[146.1777,-17.677],[146.1816,-17.6755],[146.1765,-17.675],[146.1777,-17.677]]],[[[146.2887,-18.1483],[146.2892,-18.1501],[146.2937,-18.1507],[146.2887,-18.1483]]],[[[146.2088,-18.4607],[146.1928,-18.4597],[146.19,-18.4708],[146.2061,-18.4718],[146.2088,-18.4607]]],[[[146.2176,-18.4727],[146.2187,-18.472],[146.218,-18.4711],[146.2176,-18.4727]]],[[[146.2782,-18.1402],[146.2874,-18.1433],[146.2821,-18.1351],[146.2782,-18.1402]]],[[[146.2876,-18.1475],[146.2872,-18.1463],[146.287,-18.1471],[146.2876,-18.1475]]],[[[146.1728,-18.0388],[146.1824,-18.0413],[146.1773,-18.0363],[146.1728,-18.0388]]],[[[146.2023,-18.052],[146.2055,-18.0513],[146.1991,-18.0456],[146.2023,-18.052]]],[[[146.1984,-18.0373],[146.2018,-18.0387],[146.2032,-18.0373],[146.1984,-18.0373]]],[[[146.1967,-18.0419],[146.1992,-18.0436],[146.1987,-18.0405],[146.1967,-18.0419]]],[[[146.1595,-17.7463],[146.1605,-17.7454],[146.1596,-17.7445],[146.1595,-17.7463]]],[[[146.1743,-17.6742],[146.1746,-17.6733],[146.1731,-17.6718],[146.1743,-17.6742]]],[[[146.1893,-18.4381],[146.1769,-18.4371],[146.1709,-18.4455],[146.1893,-18.4381]]],[[[146.1764,-18.4324],[146.1789,-18.4187],[146.1706,-18.4235],[146.1764,-18.4324]]],[[[146.1786,-18.4357],[146.1871,-18.4331],[146.1844,-18.4273],[146.1786,-18.4357]]],[[[146.1452,-18.1817],[146.1421,-18.1848],[146.1441,-18.1867],[146.1452,-18.1817]]],[[[146.1572,-18.1768],[146.176,-18.181],[146.1922,-18.1666],[146.172,-18.1512],[146.1605,-18.1522],[146.1581,-18.1715],[146.1524,-18.1754],[146.1572,-18.1768]]],[[[146.1668,-18.029],[146.17,-18.0283],[146.1664,-18.023],[146.1668,-18.029]]],[[[146.1724,-18.3683],[146.145,-18.3581],[146.1658,-18.4029],[146.1787,-18.4097],[146.1791,-18.379],[146.1724,-18.3683]]],[[[146.1835,-18.4141],[146.1831,-18.4236],[146.1926,-18.4294],[146.1938,-18.3959],[146.1789,-18.3731],[146.1835,-18.4141]]],[[[146.1786,-18.4109],[146.1684,-18.4074],[146.1676,-18.4144],[146.1741,-18.4201],[146.1825,-18.4136],[146.1786,-18.4109]]],[[[146.3282,-18.3566],[146.3313,-18.356],[146.3284,-18.3532],[146.3282,-18.3566]]],[[[146.1497,-18.0093],[146.1549,-18.0094],[146.1517,-17.9973],[146.1415,-18.0039],[146.1497,-18.0093]]],[[[146.1332,-17.9822],[146.1385,-17.9812],[146.1333,-17.9796],[146.1332,-17.9822]]],[[[146.1393,-17.956],[146.1419,-17.9559],[146.1422,-17.9532],[146.1393,-17.956]]],[[[146.1581,-17.6549],[146.1604,-17.6571],[146.1555,-17.6507],[146.1581,-17.6549]]],[[[146.1707,-17.6752],[146.1675,-17.6722],[146.1677,-17.6745],[146.1707,-17.6752]]],[[[146.1684,-17.6678],[146.1685,-17.6665],[146.1678,-17.6673],[146.1684,-17.6678]]],[[[146.2471,-18.2954],[146.1963,-18.2779],[146.1271,-18.2346],[146.1038,-18.2344],[146.0706,-18.2475],[146.101,-18.2859],[146.1517,-18.313],[146.1773,-18.3554],[146.1913,-18.3667],[146.207,-18.3978],[146.2009,-18.4374],[146.2146,-18.4536],[146.2218,-18.4768],[146.2479,-18.4889],[146.2897,-18.4874],[146.3052,-18.4937],[146.3284,-18.4835],[146.3288,-18.4472],[146.3376,-18.4309],[146.3457,-18.4317],[146.3584,-18.4183],[146.3391,-18.4108],[146.3355,-18.4012],[146.3242,-18.4002],[146.3273,-18.3815],[146.3344,-18.3863],[146.3396,-18.3807],[146.3306,-18.3727],[146.3314,-18.3623],[146.3181,-18.352],[146.3061,-18.3557],[146.3012,-18.3399],[146.29,-18.3344],[146.29,-18.3256],[146.2756,-18.3175],[146.2816,-18.2828],[146.3056,-18.2403],[146.2988,-18.2315],[146.2745,-18.2399],[146.2505,-18.2371],[146.2317,-18.2195],[146.2312,-18.1972],[146.2235,-18.1942],[146.2245,-18.2137],[146.2165,-18.2274],[146.2278,-18.2344],[146.2325,-18.2575],[146.2442,-18.2662],[146.2326,-18.2655],[146.2305,-18.2723],[146.2471,-18.2954]]],[[[146.2268,-18.2776],[146.2298,-18.2877],[146.2411,-18.2928],[146.2379,-18.2823],[146.2268,-18.2776]]],[[[146.326,-18.2357],[146.3263,-18.2347],[146.325,-18.235],[146.326,-18.2357]]],[[[146.1722,-17.9649],[146.1783,-17.9675],[146.1738,-17.947],[146.1515,-17.9277],[146.1341,-17.9354],[146.1722,-17.9649]]],[[[146.0437,-17.527],[146.0461,-17.5276],[146.0475,-17.5256],[146.0437,-17.527]]]]},"properties":{"lga_code_2023":"32260","lga_name_2023":"Cassowary Coast","state_code_2021":"3"}},{"type":"Feature","geometry":{"type":"Polygon","coordinates":[[[147.6943,-22.9147],[147.6808,-22.9097],[147.6639,-22.9127],[147.661,-22.9211],[147.6405,-22.9263],[147.6206,-22.9121],[147.618,-22.8939],[147.6016,-22.8948],[147.6064,-22.9071],[147.599,-22.909],[147.5968,-22.9234],[147.5879,-22.9223],[147.5823,-22.963],[147.5682,-22.9617],[147.5554,-22.9764],[147.561,-22.9875],[147.5535,-22.9927],[147.553,-23.0092],[147.5042,-22.9858],[147.4971,-23.0009],[147.52,-23.0284],[147.5084,-23.0291],[147.4837,-23.0467],[147.4875,-23.0787],[147.4785,-23.0915],[147.4641,-23.0922],[147.4415,-23.1198],[147.3946,-23.1473],[147.3834,-23.1654],[147.354,-23.1904],[147.3399,-23.1826],[147.315,-23.1931],[147.2865,-23.1934],[147.2608,-23.2101],[147.2608,-23.2447],[147.2737,-23.2708],[147.2875,-23.2791],[147.28,-23.2989],[147.2951,-23.3224],[147.2831,-23.3307],[147.2856,-23.3573],[147.265,-23.3842],[147.2598,-23.4381],[147.2497,-23.4553],[147.2604,-23.4695],[147.2643,-23.4629],[147.2733,-23.4693],[147.2838,-23.5248],[147.2582,-23.5431],[147.2321,-23.5526],[147.2194,-23.551],[147.2197,-23.5681],[147.2122,-23.5761],[147.2201,-23.5936],[147.1981,-23.6091],[147.201,-23.6266],[147.2117,-23.6395],[147.2006,-23.6546],[147.2095,-23.6759],[147.1957,-23.6845],[147.1937,-23.7182],[147.2009,-23.7339],[147.1951,-23.7456],[147.1998,-23.7733],[147.2296,-23.7875],[147.238,-23.8108],[147.2277,-23.8321],[147.2365,-23.848],[147.2335,-23.8813],[147.2411,-23.9032],[147.239,-23.9128],[147.2274,-23.9148],[147.2033,-23.9398],[147.1787,-23.943],[147.163,-23.9729],[147.1734,-23.9781],[147.1839,-24.0048],[147.1784,-24.0165],[147.1866,-24.0361],[147.1742,-24.06],[147.1833,-24.0857],[147.1613,-24.093],[147.1415,-24.0856],[147.1103,-24.0933],[147.0737,-24.1177],[147.0505,-24.1185],[147.0374,-24.1257],[147.0285,-24.1405],[146.9899,-24.1613],[146.9737,-24.1601],[146.9648,-24.1675],[146.9564,-24.1636],[146.9497,-24.1884],[146.9534,-24.2069],[146.9403,-24.2193],[146.9437,-24.2292],[146.9274,-24.2568],[146.9269,-24.279],[146.9351,-24.2906],[146.9231,-24.2947],[146.9125,-24.3175],[146.8997,-24.3286],[146.8737,-24.3377],[146.8642,-24.3688],[146.8144,-24.3767],[146.8122,-24.3943],[146.8021,-24.4068],[146.7595,-24.4037],[146.7297,-24.4186],[146.7219,-24.3847],[146.7127,-24.3775],[146.6972,-24.381],[146.689,-24.3742],[146.6598,-24.4033],[146.6417,-24.3992],[146.6123,-24.4148],[146.573,-24.4151],[146.5869,-24.4278],[146.5961,-24.453],[146.6081,-24.4613],[146.6213,-24.458],[146.6261,-24.4938],[146.6399,-24.5002],[146.6459,-24.5233],[146.6614,-24.5406],[146.6641,-24.5624],[146.6796,-24.5728],[146.68,-24.5809],[146.6668,-24.5908],[146.6895,-24.6116],[146.7394,-24.6292],[146.7405,-24.6503],[146.7505,-24.6524],[146.7579,-24.6634],[146.7742,-24.6628],[146.7874,-24.6263],[146.8001,-24.6206],[146.8085,-24.639],[146.8191,-24.626],[146.8339,-24.6243],[146.8607,-24.5873],[146.8661,-24.5859],[146.8785,-24.6013],[146.887,-24.5967],[146.884,-24.6116],[146.891,-24.6175],[146.8941,-24.6403],[146.9006,-24.6485],[146.9083,-24.6472],[146.9125,-24.6585],[146.9332,-24.6749],[146.942,-24.7044],[146.9209,-24.7166],[146.9095,-24.7438],[146.8823,-24.7625],[146.8803,-24.7734],[146.9034,-24.8052],[147.0915,-24.8141],[147.0894,-24.8465],[147.1388,-24.849],[147.1366,-24.8829],[147.2964,-24.8958],[147.3054,-24.885],[147.3173,-24.8849],[147.3221,-24.8705],[147.366,-24.8774],[147.381,-24.8708],[147.3932,-24.8786],[147.4197,-24.8814],[147.4836,-24.877],[147.4965,-24.847],[147.509,-24.8349],[147.5083,-24.8207],[147.5187,-24.8302],[147.5424,-24.8176],[147.5583,-24.8192],[147.5605,-24.8343],[147.5785,-24.836],[147.5896,-24.8184],[147.6173,-24.8049],[147.647,-24.8],[147.6466,-24.7732],[147.6704,-24.7696],[147.6804,-24.7738],[147.7352,-24.7303],[147.7597,-24.728],[147.7741,-24.739],[147.7913,-24.7308],[147.8244,-24.7351],[147.8281,-24.7518],[147.848,-24.765],[147.8542,-24.7796],[147.8861,-24.7938],[147.9008,-24.8144],[147.9165,-24.8212],[147.9158,-24.8461],[147.9379,-24.8616],[147.9519,-24.8832],[147.9732,-24.8815],[147.9951,-24.8995],[148.0118,-24.8979],[148.0297,-24.9114],[148.0561,-24.9137],[148.0762,-24.9454],[148.0763,-24.9786],[148.0958,-25.0165],[148.1164,-25.0228],[148.1216,-25.042],[148.1338,-25.0425],[148.1606,-25.0842],[148.206,-25.0792],[148.2347,-25.1007],[148.242,-25.1205],[148.282,-25.1588],[148.2959,-25.1649],[148.2929,-25.1819],[148.3056,-25.2123],[148.3262,-25.2103],[148.3477,-25.2201],[148.352,-25.2291],[148.3723,-25.2327],[148.3831,-25.2437],[148.3965,-25.2435],[148.4122,-25.2601],[148.4234,-25.2493],[148.4514,-25.2547],[148.473,-25.2454],[148.5324,-25.2441],[148.5543,-25.2541],[148.5685,-25.2499],[148.6001,-25.2729],[148.6431,-25.2841],[148.6663,-25.3109],[148.6782,-25.2992],[148.6837,-25.2819],[148.6999,-25.2846],[148.7084,-25.2775],[148.7275,-25.2879],[148.7363,-25.2784],[148.7453,-25.2797],[148.7592,-25.3107],[148.7478,-25.3148],[148.7474,-25.3242],[148.7267,-25.3426],[148.719,-25.387],[148.7273,-25.3932],[148.7259,-25.4009],[148.7618,-25.4174],[148.7759,-25.4349],[148.8007,-25.4459],[148.8109,-25.441],[148.8149,-25.452],[148.8334,-25.46],[148.8729,-25.4612],[148.8769,-25.4698],[148.9004,-25.4725],[148.9389,-25.4638],[148.938,-25.4586],[148.9531,-25.4568],[148.9583,-25.4432],[148.9639,-25.4131],[148.9543,-25.4148],[148.9564,-25.4016],[148.98,-25.3753],[148.9734,-25.3463],[148.9521,-25.338],[148.95,-25.3286],[148.9765,-25.3176],[148.9787,-25.3109],[148.9638,-25.3007],[148.9554,-25.28],[148.9252,-25.2641],[148.9336,-25.2329],[148.8793,-25.2276],[148.884,-25.2155],[148.8802,-25.1998],[148.8624,-25.1827],[148.8583,-25.163],[148.862,-25.1529],[148.874,-25.1477],[148.8587,-25.1421],[148.8429,-25.1209],[148.8173,-25.0714],[148.814,-25.0531],[148.818,-25.0355],[148.8137,-25.0111],[148.817,-24.9945],[148.8189,-25.013],[148.8293,-24.9971],[148.8251,-24.9888],[148.8316,-24.9752],[148.8273,-24.9616],[148.8312,-24.9511],[148.838,-24.9357],[148.8478,-24.9347],[148.8482,-24.9257],[148.8576,-24.9316],[148.8664,-24.9251],[148.8615,-24.9107],[148.8689,-24.9146],[148.8765,-24.9102],[148.8605,-24.8947],[148.938,-24.8371],[148.9715,-24.8481],[148.9926,-24.8732],[149.0129,-24.8799],[149.0375,-24.8779],[149.0326,-24.8928],[149.049,-24.9125],[149.0427,-24.9299],[149.0565,-24.9782],[149.0692,-24.9893],[149.0711,-25.0019],[149.0919,-25.0031],[149.0873,-25.0294],[149.101,-25.0585],[149.0968,-25.0832],[149.0725,-25.1108],[149.1057,-25.1267],[149.0953,-25.1276],[149.0951,-25.1328],[149.1086,-25.1405],[149.1146,-25.1355],[149.1199,-25.1401],[149.1227,-25.1298],[149.1491,-25.1096],[149.1584,-25.1096],[149.172,-25.0903],[149.1707,-25.0718],[149.1778,-25.0727],[149.1876,-25.0603],[149.1843,-25.0454],[149.1958,-25.0337],[149.1822,-25.0055],[149.2177,-25.0174],[149.2316,-25.049],[149.2736,-25.0641],[149.2849,-25.0549],[149.2818,-25.0086],[149.2932,-25.0019],[149.3216,-25.0164],[149.3373,-24.9858],[149.357,-24.9845],[149.3648,-24.9777],[149.4011,-24.9964],[149.4117,-25.0086],[149.4292,-25.0003],[149.4501,-25.0013],[149.4611,-24.9772],[149.4578,-24.9555],[149.4515,-24.9509],[149.4584,-24.9358],[149.4468,-24.9109],[149.4618,-24.8956],[149.4661,-24.8644],[149.4991,-24.844],[149.505,-24.8071],[149.5159,-24.7976],[149.5259,-24.7996],[149.5337,-24.7766],[149.5604,-24.7734],[149.5629,-24.7812],[149.5784,-24.781],[149.5855,-24.8878],[149.5903,-24.882],[149.5996,-24.8914],[149.6109,-24.8901],[149.6162,-24.8744],[149.6066,-24.7907],[149.62,-24.7775],[149.6222,-24.7658],[149.6502,-24.7514],[149.7344,-24.6569],[149.7374,-24.6348],[149.7498,-24.6197],[149.7298,-24.6088],[149.7257,-24.598],[149.7401,-24.5398],[149.7874,-24.5451],[149.7787,-24.5328],[149.7857,-24.5336],[149.7766,-24.5124],[149.7812,-24.5059],[149.7673,-24.483],[149.7594,-24.4484],[149.7618,-24.423],[149.7505,-24.3988],[149.7573,-24.3896],[149.7435,-24.353],[149.7401,-24.3243],[149.7026,-24.2629],[149.694,-24.2628],[149.6915,-24.2507],[149.6796,-24.2408],[149.6848,-24.223],[149.6744,-24.2144],[149.6734,-24.1975],[149.6519,-24.1655],[149.6704,-24.1545],[149.7664,-24.1559],[149.8288,-24.165],[149.8418,-24.1523],[149.8346,-24.1349],[149.8393,-24.1279],[149.8318,-24.1085],[149.8338,-24.0924],[149.805,-24.0799],[149.7906,-24.0659],[149.7961,-24.0452],[149.8234,-23.9978],[149.8454,-24.0052],[149.8499,-24.0018],[149.8424,-23.9801],[149.8432,-23.9545],[149.8533,-23.9537],[149.8811,-23.9681],[149.8835,-23.9596],[149.8938,-23.9589],[149.9195,-23.9333],[149.9153,-23.9251],[149.926,-23.9076],[149.9276,-23.8888],[150.0512,-23.9019],[150.0539,-23.8862],[150.0667,-23.882],[150.053,-23.8402],[150.0403,-23.8374],[150.0136,-23.8142],[149.999,-23.7667],[149.9891,-23.7646],[149.9793,-23.744],[149.9435,-23.7275],[149.9376,-23.7097],[149.9247,-23.7085],[149.921,-23.6926],[149.9085,-23.6867],[149.912,-23.6827],[149.9048,-23.6773],[149.9051,-23.6689],[149.8913,-23.6657],[149.9013,-23.6008],[149.8936,-23.5836],[149.8694,-23.5768],[149.8198,-23.5905],[149.7708,-23.6258],[149.7577,-23.6277],[149.7504,-23.6188],[149.7398,-23.5712],[149.8008,-23.541],[149.7627,-23.4766],[149.7225,-23.4968],[149.7309,-23.5092],[149.7253,-23.5288],[149.7122,-23.528],[149.7028,-23.5363],[149.6903,-23.5293],[149.6578,-23.5328],[149.664,-23.5192],[149.6539,-23.5049],[149.6229,-23.5118],[149.617,-23.5083],[149.615,-23.4557],[149.6267,-23.4528],[149.6329,-23.4633],[149.727,-23.427],[149.735,-23.435],[149.7449,-23.4189],[149.7681,-23.4029],[149.7549,-23.3344],[149.741,-23.3213],[149.7248,-23.329],[149.7101,-23.3252],[149.7177,-23.3024],[149.715,-23.2763],[149.7212,-23.2692],[149.7211,-23.2511],[149.7029,-23.2378],[149.6877,-23.2452],[149.6892,-23.2246],[149.678,-23.2146],[149.693,-23.1907],[149.6892,-23.1783],[149.6956,-23.1714],[149.6903,-23.1609],[149.6978,-23.1561],[149.7139,-23.1121],[149.7098,-23.096],[149.688,-23.0942],[149.6719,-23.0812],[149.6452,-23.0726],[149.6284,-23.0796],[149.617,-23.0934],[149.5029,-23.1241],[149.4816,-23.1132],[149.4801,-23.0996],[149.4886,-23.0986],[149.4915,-23.0909],[149.4858,-23.0578],[149.4394,-23.0308],[149.4282,-23.0186],[149.4275,-23.0044],[149.4123,-22.9937],[149.4221,-22.9573],[149.4145,-22.9166],[149.4034,-22.8978],[149.3811,-22.8949],[149.3655,-22.8768],[149.3306,-22.8752],[149.3302,-22.8986],[149.3125,-22.9064],[149.3039,-22.9258],[149.2854,-22.9418],[149.2872,-22.956],[149.2372,-22.976],[149.2291,-23.003],[149.1992,-23.0499],[149.1799,-23.0482],[149.1251,-23.0627],[149.1114,-23.056],[149.0844,-23.0614],[149.0443,-23.0588],[149.0254,-23.0814],[148.9762,-23.0945],[148.9712,-23.1025],[148.9772,-23.1131],[148.9735,-23.1251],[148.9905,-23.1297],[148.9873,-23.1438],[149.0057,-23.1502],[149.0063,-23.1667],[148.9854,-23.1945],[148.9746,-23.1928],[148.9667,-23.1971],[148.9704,-23.2045],[148.9534,-23.2078],[148.9473,-23.2179],[148.9526,-23.2247],[148.9481,-23.2406],[148.9257,-23.2456],[148.9212,-23.2513],[148.9251,-23.262],[148.898,-23.2614],[148.8792,-23.2478],[148.8734,-23.2605],[148.8558,-23.2659],[148.8538,-23.2801],[148.8453,-23.2893],[148.8564,-23.31],[148.869,-23.3191],[148.8656,-23.3561],[148.8257,-23.3795],[148.7996,-23.3624],[148.7968,-23.3524],[148.7807,-23.3512],[148.7754,-23.374],[148.7586,-23.3812],[148.7475,-23.3791],[148.736,-23.3479],[148.7134,-23.3526],[148.7046,-23.3658],[148.7125,-23.3864],[148.6948,-23.4021],[148.6815,-23.4047],[148.6783,-23.4188],[148.6724,-23.4211],[148.7055,-23.4353],[148.6785,-23.4494],[148.6542,-23.4761],[148.635,-23.4766],[148.6341,-23.5097],[148.6187,-23.5358],[148.5926,-23.5433],[148.5812,-23.5311],[148.572,-23.5519],[148.5369,-23.5559],[148.5249,-23.5483],[148.5227,-23.5054],[148.573,-23.469],[148.5504,-23.4069],[148.5705,-23.3793],[148.5503,-23.3468],[148.5027,-23.3303],[148.5122,-23.289],[148.5825,-23.2339],[148.5652,-23.222],[148.6244,-23.149],[148.5792,-23.1175],[148.5623,-23.1159],[148.5878,-23.0715],[148.5997,-23.0029],[148.585,-23.0005],[148.5809,-22.9717],[148.5544,-22.9747],[148.5503,-22.9572],[148.5426,-22.9594],[148.5425,-22.951],[148.5527,-22.9418],[148.5402,-22.9234],[148.5419,-22.8773],[148.4581,-22.8675],[148.3251,-22.9498],[148.2977,-22.9095],[148.2887,-22.908],[148.2904,-22.8996],[148.2751,-22.8756],[148.2826,-22.8748],[148.2971,-22.8546],[148.3264,-22.8327],[148.3385,-22.8115],[148.3571,-22.8083],[148.3714,-22.7906],[148.3738,-22.7673],[148.3431,-22.7254],[148.2391,-22.7398],[148.2308,-22.7774],[148.1964,-22.7811],[148.1761,-22.7903],[148.1693,-22.783],[148.1493,-22.7793],[148.1435,-22.7649],[148.1097,-22.767],[148.0639,-22.7395],[148.0608,-22.7099],[148.0478,-22.6975],[148.023,-22.6931],[148.0131,-22.6543],[147.9952,-22.674],[147.9955,-22.6896],[147.9853,-22.7045],[147.9709,-22.7024],[147.9315,-22.7182],[147.9128,-22.7188],[147.9148,-22.7327],[147.8951,-22.7617],[147.8738,-22.7657],[147.8451,-22.7851],[147.821,-22.7829],[147.7941,-22.8005],[147.755,-22.8561],[147.737,-22.8615],[147.7028,-22.8858],[147.6943,-22.9147]],[[149.497,-23.56],[149.5026,-23.5232],[149.532,-23.5273],[149.527,-23.5635],[149.497,-23.56]],[[149.7599,-23.6758],[149.7182,-23.6694],[149.7229,-23.6412],[149.7144,-23.6403],[149.7155,-23.6313],[149.7636,-23.6368],[149.7754,-23.652],[149.7599,-23.6758]],[[149.32,-24.619],[149.3218,-24.6043],[149.3764,-24.6124],[149.3794,-24.6062],[149.369,-24.6073],[149.3714,-24.5915],[149.4093,-24.6073],[149.4028,-24.6224],[149.398,-24.6204],[149.3818,-24.6403],[149.3246,-24.6339],[149.32,-24.619]],[[149.4951,-23.9879],[149.5022,-23.9986],[149.5106,-23.9998],[149.504,-24.0196],[149.5024,-24.1614],[149.4899,-24.1832],[149.4766,-24.1913],[149.4686,-24.2134],[149.3726,-24.2404],[149.3513,-24.1998],[149.3765,-24.1655],[149.4041,-24.1443],[149.4064,-24.1334],[149.3994,-24.1242],[149.4951,-23.9879]]]},"properties":{"lga_code_2023":"32270","lga_name_2023":"Central Highlands (Qld)","state_code_2021":"3"}},{"type":"Feature","geometry":{"type":"Polygon","coordinates":[[[146.2602,-19.0453],[146.2366,-19.0448],[146.2439,-19.0362],[146.2413,-19.0292],[146.2483,-19.0259],[146.2387,-19.0195],[146.2422,-19.0102],[146.1752,-19.0128],[146.1446,-18.9504],[146.1469,-18.9408],[146.1673,-18.9354],[146.1542,-18.9229],[146.1481,-18.9279],[146.1263,-18.9236],[146.1103,-18.933],[146.0931,-18.9216],[146.0803,-18.9227],[146.0785,-18.9146],[146.064,-18.9051],[146.0527,-18.9166],[146.0425,-18.9191],[146.0286,-18.9108],[146.0231,-18.9192],[146.0024,-18.9034],[146.0076,-18.886],[145.9982,-18.8741],[145.9913,-18.8818],[145.9658,-18.8795],[145.9518,-18.8612],[145.9378,-18.8598],[145.9354,-18.8828],[145.8647,-18.8758],[145.8658,-18.8626],[145.8521,-18.8687],[145.8379,-18.8613],[145.8333,-18.848],[145.7966,-18.843],[145.7975,-18.8314],[145.7752,-18.8172],[145.7771,-18.8064],[145.791,-18.8038],[145.7928,-18.7789],[145.802,-18.7782],[145.8017,-18.7684],[145.7922,-18.7607],[145.802,-18.7491],[145.8164,-18.6173],[145.7922,-18.6065],[145.7956,-18.5773],[145.8106,-18.5787],[145.8098,-18.5859],[145.8324,-18.5987],[145.8441,-18.5925],[145.8335,-18.5676],[145.8148,-18.5515],[145.8138,-18.5311],[145.7908,-18.5008],[145.7721,-18.5237],[145.7601,-18.5147],[145.779,-18.492],[145.7444,-18.4667],[145.7378,-18.4528],[145.7361,-18.4573],[145.7292,-18.4535],[145.7324,-18.4618],[145.7251,-18.4683],[145.708,-18.4709],[145.7147,-18.4887],[145.4997,-18.4624],[145.4942,-18.577],[145.3904,-18.565],[145.384,-18.5704],[145.297,-18.4642],[145.3024,-18.4556],[145.2791,-18.4396],[145.2865,-18.43],[145.26,-18.4273],[145.2679,-18.355],[145.1666,-18.3468],[145.1557,-18.3649],[145.1399,-18.3577],[145.1345,-18.3619],[145.1328,-18.3797],[145.1397,-18.3908],[145.1613,-18.3907],[145.1643,-18.4151],[145.1835,-18.4317],[145.18,-18.4461],[145.1857,-18.4798],[145.1781,-18.4791],[145.1727,-18.4892],[145.1842,-18.4948],[145.1825,-18.5114],[145.1597,-18.5345],[145.1328,-18.5781],[145.1279,-18.5576],[145.1194,-18.5559],[145.1013,-18.5685],[145.0536,-18.5491],[145.0563,-18.5403],[145.0504,-18.5354],[145.0477,-18.5135],[144.9811,-18.5071],[144.982,-18.4947],[144.974,-18.4894],[144.9689,-18.4691],[144.9619,-18.4859],[144.9513,-18.4772],[144.9471,-18.498],[144.9516,-18.5043],[144.9218,-18.5015],[144.9241,-18.5229],[144.8782,-18.518],[144.8805,-18.4975],[144.8367,-18.4932],[144.8382,-18.4372],[144.8552,-18.3696],[144.8272,-18.3719],[144.7926,-18.3586],[144.7601,-18.3563],[144.7408,-18.3186],[144.687,-18.3137],[144.6516,-18.6266],[144.7641,-18.6385],[144.7871,-18.6613],[144.7417,-18.7027],[144.7469,-18.7075],[144.7452,-18.7219],[144.7654,-18.7286],[144.7775,-18.7407],[144.792,-18.7332],[144.8025,-18.7444],[144.8084,-18.7696],[144.7454,-18.818],[144.7903,-18.871],[144.7074,-18.9359],[144.6993,-19.0039],[144.7153,-19.0168],[144.7743,-19.148],[144.7944,-19.1622],[144.812,-19.1563],[144.8324,-19.1609],[144.772,-19.2056],[144.7508,-19.1807],[144.6335,-19.2853],[144.6236,-19.2964],[144.6178,-19.3196],[144.5986,-19.3178],[144.5915,-19.3797],[144.4746,-19.3707],[144.4681,-19.4474],[144.3517,-19.4239],[144.3449,-19.5015],[144.3025,-19.4974],[144.2957,-19.5665],[144.2852,-19.5733],[144.2938,-19.5787],[144.3201,-19.5762],[144.3551,-19.5823],[144.4256,-19.6109],[144.3957,-19.9346],[144.4184,-19.9509],[144.4299,-19.9756],[144.4783,-19.9749],[144.4795,-19.9626],[144.4856,-19.9632],[144.4915,-19.9535],[144.5588,-19.953],[144.5799,-19.9876],[144.6204,-19.9919],[144.6221,-19.9693],[144.6669,-20.0284],[144.6636,-20.0583],[144.7756,-20.0666],[144.7719,-20.129],[144.8133,-20.169],[144.84,-20.2052],[144.8415,-20.2146],[144.8208,-20.2456],[144.8206,-20.2635],[144.8304,-20.2767],[144.8323,-20.2932],[144.8204,-20.3325],[144.9088,-20.3726],[144.9055,-20.4073],[144.9326,-20.4124],[144.9157,-20.4231],[144.9093,-20.4381],[144.9224,-20.4623],[144.9342,-20.4585],[144.9581,-20.4713],[144.9712,-20.4682],[144.9737,-20.4775],[144.9983,-20.4916],[145.0086,-20.5138],[145.0101,-20.5368],[145.0483,-20.5809],[145.0975,-20.6195],[145.0973,-20.6278],[145.1894,-20.6338],[145.1637,-20.9703],[145.2274,-20.9748],[145.2196,-21.0653],[145.173,-21.0618],[145.1811,-21.0913],[145.2177,-21.1217],[145.2211,-21.1718],[145.2563,-21.1745],[145.2433,-21.2773],[145.2559,-21.2806],[145.2496,-21.315],[145.2904,-21.4144],[145.2905,-21.4259],[145.262,-21.4582],[145.3295,-21.4682],[145.3563,-21.4675],[145.3582,-21.4538],[145.4648,-21.4614],[145.4529,-21.5662],[145.5396,-21.5748],[145.5328,-21.6583],[145.6785,-21.6682],[145.6747,-21.7081],[145.6506,-21.7071],[145.6406,-21.894],[145.6302,-21.8929],[145.6272,-21.9267],[145.6683,-21.932],[145.6612,-22.0412],[145.7701,-22.0485],[145.7696,-22.0666],[146.0315,-22.1048],[146.0395,-22.0234],[146.067,-22.0265],[146.0721,-21.9972],[146.2014,-22.0076],[146.2114,-21.9085],[146.1185,-21.9009],[146.1267,-21.8136],[146.0692,-21.8088],[146.0934,-21.5099],[146.1323,-21.514],[146.1505,-21.5001],[146.3467,-21.5181],[146.3407,-21.5701],[146.396,-21.6632],[146.4467,-21.6681],[146.4839,-21.6803],[146.4923,-21.5665],[146.6567,-21.5825],[146.651,-21.6093],[146.7561,-21.6367],[146.8339,-21.6432],[146.8328,-21.6019],[146.8387,-21.5873],[146.8347,-21.5744],[146.8701,-21.5267],[146.8667,-21.5099],[146.9057,-21.4684],[146.9118,-21.4538],[146.9097,-21.4411],[146.8984,-21.4348],[146.8749,-21.397],[146.8822,-21.3733],[146.8785,-21.3696],[146.9046,-21.3503],[146.9178,-21.3255],[146.9593,-21.3004],[146.9661,-21.2787],[146.9605,-21.2521],[146.9497,-21.2396],[146.932,-21.2384],[146.915,-21.2268],[146.8909,-21.2218],[146.866,-21.1912],[146.8826,-21.1703],[146.8488,-21.1009],[146.8537,-21.0713],[146.8617,-21.0622],[146.8604,-21.0312],[146.8837,-20.9976],[146.8535,-20.9192],[146.866,-20.886],[146.856,-20.8702],[146.8628,-20.8473],[146.8522,-20.8113],[146.8616,-20.7965],[146.8746,-20.8018],[146.889,-20.7908],[146.9099,-20.7867],[146.9204,-20.7574],[146.9417,-20.7533],[146.9612,-20.7402],[146.9656,-20.7144],[146.9613,-20.6844],[146.986,-20.6625],[146.9726,-20.6329],[146.976,-20.6197],[147.0148,-20.6062],[147.0363,-20.6293],[147.0622,-20.6271],[147.0789,-20.6528],[147.1118,-20.6359],[147.1561,-20.6517],[147.178,-20.6186],[147.1797,-20.6047],[147.2095,-20.5871],[147.2146,-20.5767],[147.2414,-20.5845],[147.2641,-20.5598],[147.2769,-20.5562],[147.2848,-20.5246],[147.301,-20.5038],[147.2906,-20.4764],[147.2978,-20.4474],[147.3388,-20.4269],[147.3476,-20.4006],[147.217,-20.3836],[147.1951,-20.3718],[147.1951,-20.3609],[147.2017,-20.3585],[147.1821,-20.3337],[147.1751,-20.3094],[147.1437,-20.2775],[147.12,-20.2634],[147.1108,-20.2646],[147.1089,-20.2536],[147.116,-20.2389],[147.1069,-20.2327],[147.104,-20.2033],[147.0873,-20.2016],[147.079,-20.19],[147.0471,-20.1705],[147.0325,-20.1862],[147.0239,-20.186],[147.0201,-20.1782],[147.0114,-20.1925],[147.0025,-20.195],[146.9954,-20.1875],[147.0034,-20.1832],[147.0016,-20.1647],[147.0147,-20.1562],[147.0149,-20.1422],[146.974,-20.1228],[146.9639,-20.093],[146.9345,-20.0829],[146.9339,-20.0712],[146.9027,-20.0671],[146.9047,-20.0508],[146.885,-20.0357],[146.8859,-20.0218],[146.8941,-20.0115],[146.9135,-20.0091],[146.9207,-19.9804],[146.9298,-19.9793],[146.932,-19.9724],[146.9242,-19.9704],[146.9138,-19.9532],[146.9147,-19.9416],[146.9045,-19.9361],[146.9046,-19.9285],[146.8887,-19.911],[146.8911,-19.9051],[146.8815,-19.8983],[146.8835,-19.8942],[146.9163,-19.8975],[146.9286,-19.8667],[146.9228,-19.8589],[146.9302,-19.7831],[146.8612,-19.7582],[146.8331,-19.7585],[146.8426,-19.721],[146.54,-19.6864],[146.5558,-19.6817],[146.5513,-19.6669],[146.5587,-19.6554],[146.5534,-19.6496],[146.5556,-19.6123],[146.5418,-19.5979],[146.5378,-19.5824],[146.5483,-19.5716],[146.5414,-19.568],[146.5424,-19.5555],[146.5631,-19.534],[146.5614,-19.5237],[146.5852,-19.5112],[146.5769,-19.4612],[146.561,-19.4514],[146.5609,-19.4418],[146.5678,-19.4366],[146.5613,-19.4177],[146.5678,-19.4157],[146.5645,-19.4018],[146.5566,-19.4031],[146.5603,-19.4148],[146.5538,-19.4167],[146.5352,-19.3935],[146.527,-19.3945],[146.5302,-19.4024],[146.5183,-19.4023],[146.5158,-19.3907],[146.5061,-19.3878],[146.4991,-19.3766],[146.47,-19.3736],[146.4646,-19.3566],[146.4552,-19.3555],[146.461,-19.3525],[146.4611,-19.3414],[146.4439,-19.3343],[146.4651,-19.3198],[146.4459,-19.3128],[146.4447,-19.3005],[146.4255,-19.2999],[146.4235,-19.2882],[146.4048,-19.2909],[146.4224,-19.2769],[146.4131,-19.2584],[146.4004,-19.2515],[146.4091,-19.2412],[146.4036,-19.2353],[146.4226,-19.2158],[146.4139,-19.1955],[146.3945,-19.1864],[146.3939,-19.1734],[146.3839,-19.163],[146.3969,-19.1521],[146.3718,-19.1196],[146.3578,-19.1168],[146.3413,-19.1225],[146.3377,-19.1167],[146.3245,-19.1241],[146.3099,-19.1075],[146.3125,-19.0956],[146.3,-19.069],[146.281,-19.0619],[146.2707,-19.0464],[146.2602,-19.0453]]]},"properties":{"lga_code_2023":"32310","lga_name_2023":"Charters Towers","state_code_2021":"3"}},{"type":"Feature","geometry":{"type":"Polygon","coordinates":[[[151.9768,-26.2971],[151.9736,-26.2894],[151.9666,-26.295],[151.9587,-26.288],[151.9696,-26.2681],[151.9539,-26.2621],[151.9541,-26.2717],[151.9451,-26.2751],[151.938,-26.2714],[151.9462,-26.2607],[151.9398,-26.2563],[151.9313,-26.2648],[151.9223,-26.257],[151.9142,-26.2652],[151.9166,-26.2801],[151.9037,-26.2762],[151.8981,-26.2933],[151.8864,-26.3014],[151.9674,-26.3117],[151.9692,-26.3187],[151.9791,-26.3148],[151.9706,-26.3068],[151.9768,-26.2971]]]},"properties":{"lga_code_2023":"32330","lga_name_2023":"Cherbourg","state_code_2021":"3"}},{"type":"Feature","geometry":{"type":"Polygon","coordinates":[[[139.7234,-20.9058],[139.5533,-20.901],[139.553,-21.0304],[139.5356,-21.2759],[139.3771,-21.2724],[139.3741,-21.3943],[139.2367,-21.5024],[139.248,-21.5093],[139.2369,-21.5228],[139.2422,-21.5406],[139.2326,-21.6327],[139.323,-21.7261],[139.2679,-21.8721],[139.3526,-21.9583],[139.3176,-21.9864],[139.4945,-22.1447],[139.3893,-22.2339],[139.4927,-22.2421],[139.4903,-22.2817],[139.623,-22.2907],[139.6279,-22.2206],[139.7503,-22.2287],[139.7579,-22.1628],[139.8416,-22.1712],[139.8851,-22.2429],[140.0624,-22.2546],[140.0603,-22.2861],[140.0412,-22.3269],[140.2579,-22.3391],[140.2585,-22.3669],[140.363,-22.3742],[140.3702,-22.2903],[140.4143,-22.2338],[140.5315,-22.1355],[140.6523,-22.244],[140.6383,-22.2551],[140.7072,-22.335],[140.7434,-22.3139],[140.7746,-22.2648],[140.7756,-22.2542],[140.8047,-22.2262],[140.8436,-22.1618],[140.8872,-22.1644],[140.9288,-22.1817],[140.9252,-22.2349],[141.1829,-22.2496],[141.1986,-22.0552],[141.2943,-22.0619],[141.2845,-21.9888],[141.3097,-21.9397],[141.0629,-21.9287],[141.0636,-21.9025],[140.9938,-21.8939],[140.9809,-22.0529],[140.8824,-22.048],[140.9094,-21.9684],[140.9125,-21.9383],[140.8548,-21.9345],[140.8564,-21.9137],[140.8811,-21.8723],[140.8605,-21.8691],[140.865,-21.8097],[140.8898,-21.8117],[140.9233,-21.7732],[140.9215,-21.6985],[140.9498,-21.6248],[140.9593,-21.6255],[140.9263,-21.5562],[140.8934,-21.5265],[140.8647,-21.48],[140.8437,-21.427],[140.8001,-21.4196],[140.8075,-21.3545],[140.8563,-21.3591],[140.8592,-21.3219],[140.876,-21.323],[140.8824,-21.225],[140.8088,-21.2201],[140.805,-21.1945],[140.8338,-21.0972],[140.8647,-21.0991],[140.873,-20.9914],[140.8282,-20.9891],[140.8367,-20.9633],[140.8494,-20.9564],[140.8295,-20.9155],[140.8393,-20.9021],[140.8314,-20.8737],[140.8657,-20.8306],[140.8998,-20.8162],[140.9254,-20.7584],[140.9496,-20.7429],[140.9532,-20.6766],[140.9627,-20.66],[140.9557,-20.6472],[140.9601,-20.6348],[140.9666,-20.6312],[141.0778,-20.6452],[141.0828,-20.5903],[141.0401,-20.5434],[141.038,-20.5126],[141.0242,-20.4839],[141.0136,-20.4296],[141.0177,-20.3868],[141.0589,-20.3681],[141.059,-20.3457],[141.0812,-20.3139],[140.9085,-20.2992],[140.9093,-20.2923],[140.997,-20.2236],[140.8999,-20.1111],[140.8655,-20.123],[140.7835,-20.0235],[140.8993,-19.932],[140.8749,-19.9284],[140.8863,-19.7639],[140.8184,-19.7593],[140.8215,-19.7088],[140.7394,-19.6669],[140.7469,-19.6635],[140.7445,-19.6578],[140.7502,-19.6588],[140.7498,-19.6459],[140.7432,-19.6399],[140.7477,-19.6337],[140.7527,-19.637],[140.7494,-19.629],[140.8591,-19.6404],[140.8644,-19.6352],[140.9424,-19.6402],[140.9467,-19.5821],[141.0147,-19.5572],[141.0076,-19.5266],[141.0398,-19.4946],[141.03,-19.4853],[141.0205,-19.4637],[141.0239,-19.4572],[141.0176,-19.4529],[141.0229,-19.4521],[141.0202,-19.4457],[141.0303,-19.433],[141.0193,-19.4347],[141.0011,-19.4089],[141.0063,-19.3934],[140.9921,-19.3796],[140.9813,-19.35],[140.985,-19.3388],[140.9788,-19.3385],[140.975,-19.3294],[140.984,-19.308],[140.9712,-19.2815],[140.9777,-19.2668],[140.9973,-19.2583],[140.9761,-19.2254],[140.9767,-19.2167],[140.9532,-19.1927],[140.9537,-19.1823],[140.9392,-19.1728],[140.9432,-19.1512],[140.9214,-19.1354],[140.9178,-19.1163],[140.913,-19.1224],[140.9066,-19.1167],[140.8174,-19.1873],[140.7112,-19.0666],[140.6698,-19.0984],[140.6335,-19.0566],[140.5151,-19.0484],[140.5108,-19.1021],[140.3025,-19.0876],[140.3058,-19.0452],[139.9988,-19.0236],[139.9981,-19.0326],[139.9115,-19.0265],[139.9148,-19.0371],[139.933,-19.0333],[139.9415,-19.0553],[139.9414,-19.0894],[139.9245,-19.1006],[139.9308,-19.1138],[139.9306,-19.1413],[139.9397,-19.1545],[139.9588,-19.1635],[139.957,-19.1934],[139.9656,-19.2136],[140.016,-19.2724],[140.0035,-19.2879],[140.0044,-19.3277],[140.0287,-19.3441],[140.0266,-19.3629],[140.0418,-19.3679],[140.03,-19.3828],[140.0399,-19.3949],[140.0302,-19.4097],[140.0448,-19.4396],[140.0417,-19.4572],[140.0514,-19.4727],[140.0462,-19.4843],[140.0601,-19.4956],[140.0738,-19.5251],[140.0669,-19.5389],[140.0663,-19.5672],[139.8872,-19.5541],[139.8854,-19.5847],[139.7774,-19.5784],[139.7851,-19.4601],[139.4862,-19.4356],[139.47,-19.7193],[139.5327,-19.7246],[139.5142,-19.8233],[139.726,-19.8479],[139.7287,-19.7935],[139.7965,-19.7965],[139.7956,-19.807],[139.8061,-19.808],[139.8041,-19.9738],[139.7936,-19.9735],[139.7803,-20.1885],[139.7317,-20.1849],[139.7416,-20.1989],[139.7328,-20.2147],[139.7349,-20.2375],[139.7997,-20.2251],[139.858,-20.2323],[139.9264,-20.2115],[139.9707,-20.213],[139.9836,-20.2331],[139.9764,-20.241],[139.9817,-20.2651],[139.9685,-20.2773],[139.9692,-20.2847],[139.958,-20.2833],[139.9447,-20.299],[139.9428,-20.3618],[139.9542,-20.378],[139.9435,-20.3956],[140.013,-20.4211],[140.0231,-20.4364],[140.0166,-20.5074],[140.0329,-20.5352],[140.0275,-20.5392],[140.0024,-20.53],[139.9729,-20.5028],[139.9497,-20.4664],[139.9216,-20.4618],[139.909,-20.4556],[139.9021,-20.4395],[139.8782,-20.436],[139.8817,-20.4696],[139.8633,-20.4985],[139.8697,-20.5248],[139.8876,-20.5451],[139.8834,-20.563],[139.9089,-20.5906],[139.9091,-20.6231],[139.8945,-20.6348],[139.8004,-20.6317],[139.7986,-20.6705],[139.7434,-20.6666],[139.7234,-20.9058]]]},"properties":{"lga_code_2023":"32450","lga_name_2023":"Cloncurry","state_code_2021":"3"}},{"type":"Feature","geometry":{"type":"MultiPolygon","coordinates":[[[[143.1864,-12.5514],[143.1842,-12.58],[143.1739,-12.5939],[143.1835,-12.6104],[143.1896,-12.6087],[143.1969,-12.6174],[143.2018,-12.6447],[143.2176,-12.6413],[143.2227,-12.6467],[143.2168,-12.6612],[143.2214,-12.6827],[143.2067,-12.6949],[143.2137,-12.7096],[143.1988,-12.7102],[143.1886,-12.7351],[143.2025,-12.7616],[143.2116,-12.7636],[143.2188,-12.7761],[143.2202,-12.8041],[143.2291,-12.8135],[143.2282,-12.8278],[143.2334,-12.8288],[143.2308,-12.8676],[143.2372,-12.873],[143.2495,-12.8699],[143.2573,-12.8535],[143.2825,-12.8337],[143.3145,-12.8368],[143.3065,-12.8201],[143.3138,-12.8202],[143.2958,-12.7968],[143.2942,-12.7753],[143.3031,-12.773],[143.3162,-12.7895],[143.3316,-12.7926],[143.3293,-12.7704],[143.3545,-12.7799],[143.3525,-12.7871],[143.3619,-12.7912],[143.3708,-12.7638],[143.3821,-12.75],[143.39,-12.7148],[143.4189,-12.6817],[143.4187,-12.676],[143.4023,-12.6791],[143.4025,-12.6623],[143.4382,-12.6233],[143.4389,-12.6134],[143.4188,-12.616],[143.4217,-12.6062],[143.415,-12.5939],[143.3934,-12.5956],[143.3553,-12.5641],[143.3366,-12.5661],[143.3281,-12.5571],[143.3054,-12.5507],[143.2985,-12.5307],[143.2912,-12.5301],[143.2895,-12.5202],[143.2774,-12.5135],[143.2759,-12.4964],[143.271,-12.4964],[143.2773,-12.483],[143.2724,-12.4671],[143.2776,-12.4404],[143.2701,-12.4331],[143.2739,-12.4071],[143.2661,-12.3944],[143.2498,-12.3901],[143.2474,-12.3791],[143.2301,-12.382],[143.215,-12.3627],[143.1949,-12.3491],[143.1826,-12.3504],[143.1803,-12.3431],[143.128,-12.3474],[143.1154,-12.3381],[143.0846,-12.3482],[143.0786,-12.3375],[143.0813,-12.2889],[143.0949,-12.2591],[143.086,-12.2421],[143.097,-12.2183],[143.0951,-12.204],[143.0876,-12.201],[143.0949,-12.1735],[143.0849,-12.1728],[143.0787,-12.1592],[143.0929,-12.1576],[143.1012,-12.1456],[143.1619,-12.0436],[143.1856,-11.9908],[143.2157,-11.9746],[143.2281,-11.9891],[143.2371,-11.9848],[143.2441,-11.9687],[143.2323,-11.965],[143.2246,-11.9541],[143.2155,-11.9597],[143.2119,-11.9544],[143.2098,-11.9622],[143.1675,-11.9733],[143.162,-11.9544],[143.1508,-11.9482],[143.1475,-11.9194],[143.1221,-11.9051],[143.1095,-11.9061],[143.0978,-11.8928],[143.0932,-11.9041],[143.0665,-11.9201],[143.0661,-11.9283],[143.0609,-11.9237],[143.0154,-11.9376],[142.9746,-11.9329],[142.9459,-11.9004],[142.9225,-11.8927],[142.929,-11.9044],[142.9093,-11.8901],[142.9011,-11.8721],[142.8818,-11.8719],[142.8715,-11.8547],[142.8564,-11.8455],[142.8531,-11.8251],[142.8475,-11.8239],[142.8542,-11.8227],[142.8504,-11.8061],[142.8605,-11.767],[142.8574,-11.7541],[142.8624,-11.751],[142.8595,-11.6359],[142.8523,-11.6204],[142.8522,-11.5864],[142.8343,-11.5597],[142.8397,-11.4926],[142.8268,-11.4765],[142.833,-11.4335],[142.8687,-11.3816],[142.8618,-11.3708],[142.8635,-11.3587],[142.8404,-11.3195],[142.8289,-11.3144],[142.8198,-11.2918],[142.8024,-11.2915],[142.7935,-11.2785],[142.7932,-11.2498],[142.7832,-11.2227],[142.7947,-11.1932],[142.7994,-11.1572],[142.7877,-11.1268],[142.7883,-11.0822],[142.7797,-11.0626],[142.7757,-11.0657],[142.7652,-11.0559],[142.7675,-11.0473],[142.7557,-11.0427],[142.7458,-10.9986],[142.4016,-10.9985],[142.4005,-11.0069],[142.3889,-11.0156],[142.3925,-11.02],[142.3654,-11.0433],[142.3733,-11.0873],[142.3718,-11.12],[142.3548,-11.1523],[142.3726,-11.1967],[142.1162,-11.2247],[142.1256,-11.2475],[142.1268,-11.3058],[142.12,-11.3685],[142.0973,-11.445],[142.1005,-11.4632],[142.0886,-11.4647],[142.0513,-11.5548],[142.0257,-11.6632],[142.016,-11.6731],[142.0019,-11.7533],[141.9792,-11.7743],[141.9679,-11.8021],[141.9422,-11.9455],[141.9434,-11.9777],[141.9717,-11.9801],[142.0014,-12.0139],[142.0122,-12.0391],[141.994,-12.0648],[142.0086,-12.076],[142.0235,-12.0752],[142.0202,-12.0702],[142.0376,-12.0328],[142.0451,-11.9862],[142.1036,-11.9834],[142.0649,-12.0073],[142.0709,-12.0401],[142.0426,-12.0634],[142.0464,-12.1125],[142.0219,-12.0806],[142.0059,-12.0931],[142.0113,-12.1218],[142.0041,-12.1281],[141.9862,-12.0592],[141.9683,-12.0658],[141.9493,-12.0857],[141.9676,-12.1526],[141.9611,-12.1804],[141.9134,-12.1644],[141.8487,-12.1939],[141.8461,-12.3187],[141.7385,-12.2909],[141.7296,-12.3074],[141.7379,-12.3049],[141.8449,-12.3331],[141.841,-12.3837],[141.7763,-12.4664],[141.7298,-12.4411],[141.7062,-12.4533],[141.6828,-12.4552],[141.6573,-12.4417],[141.5914,-12.5641],[141.6257,-12.5833],[141.6432,-12.5776],[141.6541,-12.4615],[141.6614,-12.4882],[141.6575,-12.5003],[141.651,-12.5024],[141.6572,-12.5057],[141.6527,-12.5184],[141.6616,-12.528],[141.6958,-12.5338],[141.702,-12.5196],[141.6916,-12.5107],[141.6991,-12.4972],[141.7152,-12.4968],[141.7232,-12.4831],[141.7358,-12.4795],[141.7185,-12.4993],[141.7705,-12.5341],[141.7958,-12.5759],[141.8375,-12.5926],[141.8733,-12.5884],[141.8723,-12.5598],[141.8946,-12.5841],[141.89,-12.6401],[141.8656,-12.6424],[141.8546,-12.6571],[141.8624,-12.6685],[141.8777,-12.6713],[141.8631,-12.6934],[141.8545,-12.6862],[141.839,-12.6877],[141.8032,-12.7474],[141.8007,-12.8359],[141.7531,-12.8314],[141.7399,-12.8535],[141.7207,-12.8641],[141.71,-12.879],[141.6858,-12.8835],[141.6496,-12.9183],[141.6398,-12.9176],[141.636,-12.9088],[141.6098,-12.9465],[141.5997,-12.9521],[141.5832,-12.9967],[141.5887,-13.0172],[141.6045,-13.0204],[141.6178,-13.04],[141.6139,-13.092],[141.6295,-13.1594],[141.6431,-13.1661],[141.6572,-13.2035],[141.6782,-13.2152],[141.6918,-13.2403],[141.7533,-13.2871],[141.7522,-13.3569],[141.8133,-13.3569],[141.8412,-13.3072],[141.7439,-12.9992],[141.8469,-12.9428],[141.801,-12.9138],[141.8271,-12.874],[141.8701,-12.8736],[141.9128,-12.7438],[141.9122,-12.7494],[142.0086,-12.8592],[142.0694,-12.7874],[142.0547,-12.7676],[142.0501,-12.7425],[142.0139,-12.7384],[142.0005,-12.7755],[141.964,-12.7111],[142.0954,-12.6853],[142.1934,-12.618],[142.1287,-12.567],[142.122,-12.575],[142.1186,-12.5678],[142.102,-12.5623],[142.1004,-12.5665],[142.0852,-12.5634],[142.0726,-12.5754],[142.0638,-12.5693],[142.0495,-12.5731],[142.0407,-12.5819],[142.0235,-12.5758],[142.004,-12.6006],[141.9932,-12.5869],[141.9566,-12.5856],[141.941,-12.5607],[141.9225,-12.5628],[141.91,-12.5753],[141.9221,-12.5572],[141.9515,-12.5535],[141.9632,-12.5332],[141.969,-12.542],[141.9671,-12.5704],[141.9965,-12.5726],[142.0413,-12.4984],[142.0406,-12.2793],[142.22,-12.2784],[142.1262,-12.3981],[142.1461,-12.4028],[142.147,-12.3928],[142.1626,-12.396],[142.1782,-12.3857],[142.1898,-12.3864],[142.1976,-12.3746],[142.2249,-12.3809],[142.2633,-12.368],[142.2658,-12.3765],[142.2777,-12.3786],[142.2775,-12.3886],[142.2863,-12.3876],[142.3041,-12.405],[142.3047,-12.4315],[142.3116,-12.4452],[142.3183,-12.446],[142.3221,-12.4382],[142.3314,-12.4556],[142.3426,-12.4492],[142.3439,-12.4704],[142.3729,-12.484],[142.3739,-12.495],[142.3854,-12.5081],[142.4059,-12.5196],[142.4155,-12.5136],[142.4145,-12.5024],[142.4269,-12.5068],[142.4281,-12.4954],[142.4386,-12.497],[142.4426,-12.488],[142.468,-12.4986],[142.4735,-12.492],[142.4836,-12.4928],[142.4865,-12.4858],[142.5695,-12.6166],[142.5657,-12.6618],[142.1958,-12.6385],[142.1982,-12.6476],[142.1792,-12.7312],[142.0814,-13.1387],[142.1142,-13.2882],[142.0445,-13.5693],[141.9607,-13.7105],[141.9376,-13.7333],[141.9252,-13.8205],[141.9921,-13.9988],[141.9775,-14.1927],[141.9808,-14.3502],[142.0082,-14.3515],[141.9938,-14.4993],[142.0355,-14.7087],[142.1153,-14.8214],[142.1415,-14.9045],[142.1258,-15.1003],[142.0931,-15.1903],[142.2401,-15.4231],[142.6501,-15.4605],[142.6641,-15.3144],[142.9614,-15.341],[142.9497,-15.4823],[142.8931,-15.4779],[142.8812,-15.6211],[142.7798,-15.6131],[142.7699,-15.7547],[142.7047,-15.7504],[142.6958,-15.8966],[142.6305,-15.9545],[142.622,-16.0169],[142.6309,-16.0206],[142.6561,-16.0577],[142.6718,-16.0665],[142.6996,-16.0706],[142.7306,-16.0895],[142.7455,-16.0784],[142.7722,-16.0746],[142.8744,-16.0865],[142.9557,-16.0766],[142.9859,-16.0833],[143.004,-16.095],[143.0207,-16.0919],[143.0427,-16.113],[143.0543,-16.1134],[143.1043,-16.1021],[143.1483,-16.1043],[143.1843,-16.0964],[143.2126,-16.1059],[143.2355,-16.1056],[143.2553,-16.094],[143.2987,-16.0832],[143.3658,-16.0445],[143.3902,-16.0425],[143.4121,-16.0558],[143.4309,-16.0447],[143.4463,-16.0548],[143.4694,-16.0555],[143.4654,-16.0686],[143.528,-16.0943],[143.5596,-16.0792],[143.6124,-16.0781],[143.6157,-16.0723],[143.6384,-16.0765],[143.6436,-16.0855],[143.6389,-16.0944],[143.6574,-16.118],[143.7124,-16.1334],[143.7223,-16.152],[143.7581,-16.1653],[143.7646,-16.1608],[143.7736,-16.1644],[143.7789,-16.1568],[143.8028,-16.1576],[143.8317,-16.1324],[143.8513,-16.1372],[143.874,-16.1061],[143.8913,-16.1197],[143.8982,-16.1165],[143.9149,-16.1364],[143.9338,-16.1266],[143.9501,-16.1085],[144.0435,-16.1475],[144.0586,-16.143],[144.0701,-16.1306],[144.0864,-16.1289],[144.0929,-16.1347],[144.0983,-16.1306],[144.106,-16.1449],[144.1178,-16.1419],[144.1209,-16.1828],[144.1359,-16.1853],[144.1372,-16.1989],[144.1586,-16.232],[144.1604,-16.2478],[144.1762,-16.2553],[144.1779,-16.2667],[144.1833,-16.2639],[144.185,-16.2706],[144.1951,-16.2619],[144.2183,-16.2743],[144.2227,-16.282],[144.2178,-16.2869],[144.2271,-16.2914],[144.2262,-16.3188],[144.2422,-16.3302],[144.2472,-16.3438],[144.2664,-16.3354],[144.2764,-16.3234],[144.2928,-16.3377],[144.3126,-16.3273],[144.3175,-16.3308],[144.3281,-16.2987],[144.3445,-16.2858],[144.3868,-16.3132],[144.4059,-16.3463],[144.4152,-16.3499],[144.4507,-16.3315],[144.4709,-16.3367],[144.476,-16.3448],[144.5,-16.3554],[144.5093,-16.3537],[144.5251,-16.3404],[144.5189,-16.3235],[144.5097,-16.3168],[144.5146,-16.3091],[144.5294,-16.2983],[144.5458,-16.3033],[144.5576,-16.2999],[144.5616,-16.2917],[144.5757,-16.2897],[144.5848,-16.3007],[144.6202,-16.319],[144.6427,-16.3172],[144.6788,-16.3326],[144.691,-16.3212],[144.695,-16.27],[144.7104,-16.2663],[144.7172,-16.2513],[144.7316,-16.2605],[144.7617,-16.2625],[144.7724,-16.279],[144.7714,-16.2939],[144.7888,-16.3062],[144.827,-16.3622],[144.8393,-16.3645],[144.8775,-16.3266],[144.8911,-16.35],[144.9168,-16.335],[144.9385,-16.3453],[144.947,-16.3375],[144.9607,-16.3389],[144.9937,-16.3151],[144.9925,-16.3036],[144.9758,-16.2796],[144.9949,-16.2637],[144.9982,-16.2588],[144.9925,-16.2531],[145.0116,-16.2249],[145.021,-16.2209],[145.0095,-16.2098],[145.0159,-16.2032],[145.0041,-16.2004],[145.0024,-16.193],[144.9872,-16.1912],[144.9852,-16.1749],[144.9951,-16.1678],[144.988,-16.1603],[145.0089,-16.1462],[145.0448,-16.1628],[145.0594,-16.1507],[145.0571,-16.1411],[145.0711,-16.1383],[145.0848,-16.1182],[145.0823,-16.1047],[145.0907,-16.0939],[145.093,-16.076],[145.0874,-16.057],[145.0914,-16.047],[145.0806,-16.0281],[145.0704,-16.0239],[145.0684,-16.0022],[145.0778,-15.9815],[145.0741,-15.966],[145.1049,-15.9462],[145.1358,-15.9534],[145.1346,-15.9376],[145.1403,-15.9304],[145.1611,-15.9234],[145.1773,-15.9327],[145.1848,-15.9293],[145.2019,-15.9348],[145.2115,-15.9319],[145.2156,-15.9217],[145.2463,-15.9175],[145.2551,-15.933],[145.2827,-15.903],[145.289,-15.9259],[145.3013,-15.9277],[145.3079,-15.9373],[145.3182,-15.9286],[145.3188,-15.9362],[145.3262,-15.937],[145.3255,-15.9431],[145.3362,-15.9506],[145.3468,-15.9314],[145.3629,-15.9218],[145.3563,-15.8923],[145.3773,-15.843],[145.3729,-15.8332],[145.3583,-15.831],[145.3519,-15.8075],[145.3681,-15.7668],[145.3613,-15.7196],[145.3355,-15.6815],[145.333,-15.6626],[145.3128,-15.6468],[145.3191,-15.6323],[145.3164,-15.6056],[145.3276,-15.6054],[145.3296,-15.5953],[145.3193,-15.5862],[145.3174,-15.5737],[145.3228,-15.5706],[145.307,-15.5525],[145.2873,-15.5591],[145.272,-15.5413],[145.2725,-15.5179],[145.2837,-15.4972],[145.2758,-15.4937],[145.2628,-15.4611],[145.2563,-15.4566],[145.2442,-15.4659],[145.2291,-15.4626],[145.2411,-15.4616],[145.2387,-15.4434],[145.2148,-15.4149],[145.198,-15.4251],[145.1925,-15.4207],[145.1969,-15.4165],[145.1774,-15.4169],[145.1769,-15.4228],[145.1848,-15.4235],[145.1726,-15.4248],[145.1721,-15.4313],[145.1659,-15.4308],[145.167,-15.4184],[145.1552,-15.4149],[145.1004,-15.4183],[145.1018,-15.4031],[145.151,-15.4053],[145.1454,-15.3988],[145.1488,-15.3621],[145.1237,-15.36],[145.1206,-15.3946],[145.0811,-15.3914],[145.0805,-15.3984],[145.0637,-15.397],[145.0651,-15.3816],[145.0501,-15.3804],[145.0487,-15.3957],[145.0433,-15.3945],[145.0313,-15.3715],[145.0409,-15.3422],[145.0579,-15.3438],[145.061,-15.3118],[145.0403,-15.3099],[145.0388,-15.3143],[145.0377,-15.2955],[145.0282,-15.2942],[145.031,-15.2688],[145.0572,-15.2714],[145.0583,-15.2609],[145.0802,-15.2598],[145.0863,-15.1394],[145.0889,-15.1526],[145.0996,-15.1482],[145.129,-15.1516],[145.1324,-15.1443],[145.1436,-15.1485],[145.1611,-15.1417],[145.1721,-15.1446],[145.1766,-15.1306],[145.1875,-15.1252],[145.1836,-15.1195],[145.1623,-15.1175],[145.1613,-15.0815],[145.1515,-15.0854],[145.145,-15.0974],[145.1385,-15.0934],[145.1365,-15.0568],[145.1612,-15.059],[145.1692,-14.9852],[145.129,-14.9809],[145.1443,-14.8393],[145.1408,-14.8321],[145.1149,-14.8261],[145.0905,-14.8031],[145.0755,-14.8057],[145.07,-14.798],[145.0247,-14.7962],[145.021,-14.7827],[145.0041,-14.773],[145.0019,-14.7608],[145.0078,-14.7558],[144.9698,-14.7483],[144.9538,-14.7372],[144.9504,-14.6775],[144.9425,-14.6641],[144.9239,-14.6635],[144.9237,-14.6411],[144.9097,-14.6137],[144.8883,-14.6094],[144.8721,-14.6127],[144.8729,-14.617],[144.87,-14.6114],[144.8388,-14.6143],[144.8281,-14.6059],[144.8163,-14.6081],[144.8095,-14.5987],[144.7827,-14.5936],[144.7751,-14.5461],[144.7268,-14.559],[144.7161,-14.5559],[144.7151,-14.561],[144.6926,-14.5586],[144.6933,-14.5533],[144.6827,-14.5513],[144.6651,-14.511],[144.6252,-14.4864],[144.6194,-14.4764],[144.6242,-14.4194],[144.6404,-14.3804],[144.6493,-14.3733],[144.6511,-14.3587],[144.6439,-14.3484],[144.6224,-14.362],[144.6126,-14.3575],[144.6001,-14.3651],[144.5875,-14.3614],[144.588,-14.3288],[144.5802,-14.3081],[144.5958,-14.2603],[144.5761,-14.2485],[144.5774,-14.2349],[144.5578,-14.2288],[144.5237,-14.1699],[144.5162,-14.1666],[144.4914,-14.166],[144.4649,-14.2275],[144.4355,-14.2597],[144.407,-14.2737],[144.399,-14.2713],[144.3756,-14.2902],[144.3601,-14.2905],[144.3383,-14.307],[144.314,-14.3083],[144.2924,-14.2979],[144.2803,-14.3015],[144.2682,-14.2949],[144.2445,-14.2641],[144.2327,-14.2689],[144.2163,-14.2541],[144.2091,-14.2617],[144.1954,-14.2614],[144.2005,-14.2759],[144.1985,-14.3228],[144.1683,-14.3814],[144.1511,-14.3897],[144.1419,-14.4047],[144.1277,-14.4051],[144.0952,-14.4451],[144.0359,-14.4755],[144.0324,-14.4829],[143.9587,-14.4864],[143.9492,-14.4957],[143.9297,-14.4839],[143.8814,-14.4824],[143.852,-14.4691],[143.7988,-14.4249],[143.7501,-14.3459],[143.7289,-14.2644],[143.7032,-14.2087],[143.6983,-14.1848],[143.702,-14.1268],[143.6796,-14.0145],[143.6342,-13.9803],[143.6233,-13.9648],[143.6006,-13.9086],[143.5999,-13.8811],[143.5914,-13.8591],[143.5474,-13.8034],[143.5313,-13.755],[143.5432,-13.7157],[143.5513,-13.6174],[143.561,-13.5849],[143.5861,-13.5441],[143.5789,-13.5001],[143.5968,-13.4421],[143.5959,-13.4139],[143.5913,-13.4228],[143.5665,-13.4151],[143.5539,-13.4188],[143.5503,-13.4262],[143.5353,-13.4213],[143.5191,-13.4413],[143.4954,-13.4255],[143.4975,-13.4515],[143.3167,-13.4855],[143.3105,-13.4788],[143.3243,-13.4542],[143.3203,-13.4377],[143.3324,-13.4374],[143.3475,-13.4142],[143.3645,-13.4027],[143.3639,-13.3797],[143.3774,-13.3665],[143.391,-13.3351],[143.3801,-13.3275],[143.3783,-13.3064],[143.3533,-13.284],[143.3369,-13.2823],[143.32,-13.2896],[143.3179,-13.2768],[143.3438,-13.2652],[143.3439,-13.2481],[143.2573,-13.2408],[143.2411,-13.2511],[143.2516,-13.1382],[143.2283,-13.132],[143.1522,-13.146],[143.128,-13.1398],[143.1096,-13.1504],[143.0885,-13.1466],[143.0752,-13.132],[143.0571,-13.1252],[143.0201,-13.1323],[142.9919,-13.1195],[142.9805,-13.1205],[142.8936,-12.9929],[142.9581,-12.9469],[142.9515,-12.9459],[142.9492,-12.9264],[142.9613,-12.8986],[142.9487,-12.8901],[142.9508,-12.8782],[142.9346,-12.8779],[142.9344,-12.8716],[142.9181,-12.862],[142.9166,-12.8381],[142.8835,-12.8068],[142.8969,-12.7857],[142.9216,-12.7838],[142.9252,-12.7891],[142.9326,-12.7739],[142.921,-12.7626],[142.9317,-12.7278],[142.9201,-12.7052],[142.9236,-12.6962],[142.9436,-12.6911],[143.0281,-12.6978],[143.0423,-12.6636],[143.0572,-12.6581],[143.0661,-12.6415],[143.0762,-12.6401],[143.0697,-12.612],[143.0869,-12.5654],[143.115,-12.5753],[143.1315,-12.5651],[143.1424,-12.5691],[143.1627,-12.5564],[143.1764,-12.5706],[143.1786,-12.5565],[143.1864,-12.5514]],[[141.909,-12.6953],[141.9076,-12.6937],[141.9101,-12.6923],[141.909,-12.6953]],[[141.8995,-12.5909],[141.9036,-12.5849],[141.9028,-12.5895],[141.8995,-12.5909]],[[141.7396,-12.4721],[141.749,-12.4777],[141.7445,-12.4774],[141.7396,-12.4721]],[[141.906,-12.7521],[141.9068,-12.7458],[141.9092,-12.7497],[141.906,-12.7521]],[[141.8982,-12.6067],[141.9056,-12.6111],[141.8972,-12.6175],[141.8982,-12.6067]],[[141.9258,-12.6874],[141.9158,-12.6719],[141.9229,-12.6766],[141.9294,-12.6707],[141.9245,-12.6777],[141.9349,-12.6846],[141.9258,-12.6874]],[[141.8997,-12.6908],[141.8846,-12.686],[141.8822,-12.6721],[141.8939,-12.6725],[141.8917,-12.68],[141.8997,-12.6908]],[[141.6869,-12.4759],[141.6995,-12.4746],[141.6955,-12.4622],[141.7169,-12.4585],[141.733,-12.4681],[141.7132,-12.4639],[141.7028,-12.4665],[141.7009,-12.4764],[141.6869,-12.4759]],[[141.8938,-12.7662],[141.8823,-12.7436],[141.878,-12.7141],[141.8815,-12.7253],[141.8919,-12.7303],[141.8938,-12.7662]],[[143.2857,-12.8237],[143.2776,-12.8133],[143.2902,-12.8042],[143.2746,-12.7911],[143.2771,-12.7807],[143.3089,-12.8185],[143.2857,-12.8237]]],[[[145.5203,-14.8282],[145.5302,-14.8305],[145.5213,-14.825],[145.5203,-14.8282]]],[[[145.5075,-14.7447],[145.5149,-14.7493],[145.5147,-14.7436],[145.5075,-14.7447]]],[[[143.5717,-13.2167],[143.5726,-13.2168],[143.5715,-13.2159],[143.5717,-13.2167]]],[[[143.5787,-13.1832],[143.5775,-13.1728],[143.5742,-13.192],[143.5787,-13.1832]]],[[[143.4853,-11.9202],[143.483,-11.9136],[143.477,-11.9151],[143.4781,-11.9217],[143.4853,-11.9202]]],[[[143.4642,-11.9044],[143.4712,-11.9066],[143.4707,-11.8981],[143.4642,-11.9044]]],[[[143.3043,-11.8504],[143.3056,-11.8498],[143.3051,-11.8487],[143.3043,-11.8504]]],[[[143.3023,-11.8468],[143.3009,-11.8468],[143.3008,-11.8485],[143.3023,-11.8468]]],[[[145.4578,-15.731],[145.4592,-15.7297],[145.4582,-15.7295],[145.4578,-15.731]]],[[[145.4244,-15.1121],[145.4265,-15.1187],[145.4278,-15.1143],[145.4244,-15.1121]]],[[[145.4174,-15.1107],[145.4206,-15.1138],[145.4234,-15.1126],[145.4174,-15.1107]]],[[[145.3737,-15.0906],[145.3796,-15.0967],[145.3853,-15.0941],[145.3737,-15.0906]]],[[[145.4477,-15.0257],[145.4484,-15.023],[145.4468,-15.0218],[145.4477,-15.0257]]],[[[145.4357,-15.0196],[145.4423,-15.0202],[145.4378,-15.0184],[145.4357,-15.0196]]],[[[145.4457,-14.6679],[145.4484,-14.6813],[145.4621,-14.6794],[145.4715,-14.6868],[145.4679,-14.6813],[145.4777,-14.6707],[145.4549,-14.6463],[145.4501,-14.649],[145.4546,-14.6616],[145.4457,-14.6679]]],[[[143.4628,-12.6222],[143.4634,-12.6221],[143.4633,-12.6207],[143.4628,-12.6222]]],[[[143.4887,-12.4045],[143.4895,-12.4056],[143.4896,-12.4033],[143.4887,-12.4045]]],[[[143.4039,-12.2949],[143.4015,-12.2996],[143.4051,-12.2978],[143.4039,-12.2949]]],[[[143.4161,-12.2942],[143.4196,-12.2967],[143.4182,-12.2927],[143.4161,-12.2942]]],[[[143.3033,-12.0393],[143.2989,-12.0361],[143.2955,-12.0418],[143.3033,-12.0393]]],[[[143.2871,-11.9745],[143.2904,-11.9716],[143.2865,-11.9685],[143.2871,-11.9745]]],[[[143.2808,-11.8598],[143.2832,-11.8563],[143.281,-11.8565],[143.2808,-11.8598]]],[[[143.3144,-11.838],[143.3169,-11.8363],[143.3151,-11.8355],[143.3144,-11.838]]],[[[144.0318,-11.5908],[144.0386,-11.5926],[144.0348,-11.5883],[144.0318,-11.5908]]],[[[143.0575,-11.3731],[143.0607,-11.3767],[143.0587,-11.3724],[143.0575,-11.3731]]],[[[145.443,-15.7493],[145.4458,-15.7536],[145.4432,-15.7446],[145.443,-15.7493]]],[[[145.3344,-15.6074],[145.3369,-15.6063],[145.3352,-15.6057],[145.3344,-15.6074]]],[[[145.4703,-14.8657],[145.4708,-14.8649],[145.4701,-14.865],[145.4703,-14.8657]]],[[[145.4751,-14.8582],[145.4806,-14.8602],[145.4773,-14.8563],[145.4751,-14.8582]]],[[[143.4979,-12.5277],[143.5019,-12.5269],[143.4752,-12.5205],[143.4544,-12.5044],[143.4734,-12.5205],[143.4979,-12.5277]]],[[[143.0339,-11.4501],[143.0348,-11.4463],[143.0332,-11.4486],[143.0339,-11.4501]]],[[[143.0283,-11.3793],[143.0302,-11.3793],[143.0275,-11.3768],[143.0283,-11.3793]]],[[[143.0384,-11.1938],[143.0393,-11.1963],[143.0427,-11.1959],[143.0384,-11.1938]]],[[[145.4189,-15.117],[145.4181,-15.1152],[145.4181,-15.116],[145.4189,-15.117]]],[[[145.4665,-14.6919],[145.4656,-14.6915],[145.4652,-14.6923],[145.4665,-14.6919]]],[[[143.5979,-13.2745],[143.5962,-13.2747],[143.5977,-13.2771],[143.5979,-13.2745]]],[[[143.6941,-13.3691],[143.6954,-13.3687],[143.6947,-13.3672],[143.6941,-13.3691]]],[[[143.0155,-11.1714],[143.0198,-11.1709],[143.0118,-11.1663],[143.0155,-11.1714]]],[[[143.0187,-11.1114],[143.0225,-11.1093],[143.0172,-11.1091],[143.0187,-11.1114]]],[[[145.3716,-15.0907],[145.3716,-15.089],[145.3711,-15.0903],[145.3716,-15.0907]]],[[[145.2499,-14.6592],[145.2577,-14.656],[145.255,-14.6499],[145.2492,-14.6518],[145.2495,-14.6568],[145.2565,-14.6548],[145.2499,-14.6592]]],[[[145.442,-14.6929],[145.4455,-14.6961],[145.4509,-14.6923],[145.442,-14.6929]]],[[[145.4574,-14.7025],[145.4515,-14.7007],[145.453,-14.7044],[145.4574,-14.7025]]],[[[145.3766,-14.6987],[145.3809,-14.6951],[145.3755,-14.6969],[145.3766,-14.6987]]],[[[143.4449,-12.6241],[143.4502,-12.6208],[143.4485,-12.6144],[143.4449,-12.6241]]],[[[143.4497,-12.4981],[143.4345,-12.4825],[143.4338,-12.4842],[143.4497,-12.4981]]],[[[143.2664,-11.9879],[143.2758,-11.9867],[143.263,-11.9749],[143.2664,-11.9879]]],[[[143.2441,-11.9894],[143.252,-11.9963],[143.2473,-11.9851],[143.2441,-11.9894]]],[[[143.2093,-11.9283],[143.208,-11.9307],[143.2118,-11.9312],[143.2093,-11.9283]]],[[[143.2402,-11.996],[143.2443,-11.997],[143.2412,-11.9941],[143.2402,-11.996]]],[[[143.2521,-11.9701],[143.2553,-11.9702],[143.2525,-11.9685],[143.2521,-11.9701]]],[[[143.267,-11.9516],[143.2687,-11.9503],[143.2666,-11.9498],[143.267,-11.9516]]],[[[143.2629,-11.9705],[143.2639,-11.9694],[143.2632,-11.9669],[143.2629,-11.9705]]],[[[143.2179,-11.9852],[143.2192,-11.9844],[143.2166,-11.9835],[143.2179,-11.9852]]],[[[145.3048,-15.1329],[145.3058,-15.1328],[145.3036,-15.132],[145.3048,-15.1329]]],[[[145.3252,-15.1396],[145.3255,-15.1383],[145.3249,-15.1377],[145.3252,-15.1396]]],[[[144.9567,-14.5071],[144.9795,-14.5129],[144.9899,-14.5098],[144.9901,-14.5034],[144.9771,-14.493],[144.9502,-14.4989],[144.9567,-14.5071]]],[[[144.9254,-14.6066],[144.9353,-14.6121],[144.9256,-14.6017],[144.9254,-14.6066]]],[[[144.9158,-14.5095],[144.9194,-14.5054],[144.9101,-14.5031],[144.9158,-14.5095]]],[[[144.9655,-14.5242],[144.9717,-14.5271],[144.981,-14.5234],[144.9655,-14.5242]],[[144.9965,-14.5402],[144.9862,-14.5412],[144.9961,-14.5364],[144.9965,-14.5402]]],[[[144.9059,-14.5531],[144.9079,-14.5555],[144.9078,-14.5537],[144.9059,-14.5531]]],[[[143.0836,-11.766],[143.0952,-11.7747],[143.0935,-11.7672],[143.0836,-11.766]]],[[[143.1792,-11.7013],[143.181,-11.7049],[143.1806,-11.699],[143.1792,-11.7013]]],[[[143.107,-11.8915],[143.1086,-11.8896],[143.1076,-11.888],[143.107,-11.8915]]],[[[142.9916,-11.0079],[142.992,-11.0094],[142.9947,-11.0083],[142.9916,-11.0079]]],[[[142.7556,-11.0253],[142.7565,-11.0246],[142.7543,-11.0244],[142.7556,-11.0253]]],[[[142.9887,-11.0057],[142.9896,-11.0052],[142.9894,-11.0039],[142.9887,-11.0057]]],[[[145.3488,-15.5304],[145.3505,-15.5298],[145.3503,-15.5294],[145.3488,-15.5304]]],[[[145.1721,-15.3948],[145.1579,-15.3935],[145.1575,-15.3826],[145.1511,-15.3821],[145.1551,-15.4057],[145.2007,-15.4075],[145.2017,-15.3993],[145.1876,-15.3997],[145.1889,-15.385],[145.177,-15.384],[145.1721,-15.3948]]],[[[144.804,-14.434],[144.8138,-14.4381],[144.8163,-14.4259],[144.804,-14.434]]],[[[144.7681,-14.508],[144.7648,-14.501],[144.7623,-14.5044],[144.7681,-14.508]]],[[[144.8843,-14.5606],[144.8909,-14.5623],[144.8859,-14.558],[144.8843,-14.5606]]],[[[144.7079,-14.5575],[144.714,-14.5577],[144.706,-14.5549],[144.7079,-14.5575]]],[[[144.8786,-14.4183],[144.882,-14.4157],[144.8785,-14.4163],[144.8786,-14.4183]]],[[[144.8908,-14.4637],[144.895,-14.4662],[144.8925,-14.4624],[144.8908,-14.4637]]],[[[144.8675,-14.5464],[144.8676,-14.5484],[144.8705,-14.5477],[144.8675,-14.5464]]],[[[144.6969,-14.4748],[144.6987,-14.4732],[144.6958,-14.473],[144.6969,-14.4748]]],[[[144.8883,-14.4337],[144.8835,-14.4304],[144.8829,-14.4306],[144.8883,-14.4337]]],[[[144.901,-14.401],[144.9036,-14.4003],[144.9013,-14.4003],[144.901,-14.401]]],[[[144.764,-14.5003],[144.7641,-14.4996],[144.7617,-14.5],[144.764,-14.5003]]],[[[144.8914,-14.4353],[144.8919,-14.4349],[144.89,-14.434],[144.8914,-14.4353]]],[[[144.698,-14.4765],[144.6994,-14.4755],[144.6981,-14.4755],[144.698,-14.4765]]],[[[144.9037,-14.5533],[144.9046,-14.5533],[144.9042,-14.5524],[144.9037,-14.5533]]],[[[144.8814,-14.4296],[144.8817,-14.4292],[144.8805,-14.4288],[144.8814,-14.4296]]],[[[144.8922,-14.4349],[144.8924,-14.4348],[144.8922,-14.4348],[144.8922,-14.4349]]],[[[144.8924,-14.4354],[144.8925,-14.4353],[144.8923,-14.4353],[144.8924,-14.4354]]],[[[143.6945,-13.6679],[143.6881,-13.669],[143.6894,-13.6752],[143.6945,-13.6679]]],[[[143.7177,-13.6547],[143.7194,-13.6555],[143.7217,-13.6534],[143.7177,-13.6547]]],[[[143.7214,-13.4954],[143.7245,-13.4916],[143.7217,-13.4933],[143.7214,-13.4954]]],[[[143.0195,-11.4879],[143.0295,-11.4882],[143.0222,-11.4843],[143.0195,-11.4879]]],[[[142.9193,-11.2402],[142.9329,-11.248],[142.9273,-11.242],[142.9193,-11.2402]]],[[[142.9376,-11.5925],[142.9462,-11.5928],[142.9428,-11.5908],[142.9376,-11.5925]]],[[[142.9309,-11.5923],[142.9348,-11.5903],[142.9313,-11.5909],[142.9309,-11.5923]]],[[[142.9921,-11.2383],[142.9928,-11.2361],[142.9906,-11.2368],[142.9921,-11.2383]]],[[[142.9652,-11.3809],[142.9679,-11.3841],[142.9677,-11.3806],[142.9652,-11.3809]]],[[[142.9883,-11.7261],[142.9911,-11.7301],[142.9876,-11.7249],[142.9883,-11.7261]]],[[[142.8978,-11.588],[142.9014,-11.5901],[142.9005,-11.5878],[142.8978,-11.588]]],[[[143.0306,-11.4811],[143.0311,-11.4793],[143.0297,-11.4793],[143.0306,-11.4811]]],[[[142.9754,-11.7281],[142.978,-11.7279],[142.9767,-11.7272],[142.9754,-11.7281]]],[[[142.9925,-11.7375],[142.9932,-11.7386],[142.9927,-11.7362],[142.9925,-11.7375]]],[[[142.8729,-11.2478],[142.8741,-11.248],[142.8732,-11.247],[142.8729,-11.2478]]],[[[142.9911,-11.7317],[142.9923,-11.7332],[142.9919,-11.7314],[142.9911,-11.7317]]],[[[142.9932,-11.742],[142.9936,-11.7412],[142.9929,-11.7413],[142.9932,-11.742]]],[[[142.9933,-11.741],[142.9934,-11.74],[142.9928,-11.7405],[142.9933,-11.741]]],[[[144.2515,-14.1688],[144.2502,-14.1773],[144.2322,-14.1756],[144.2316,-14.1852],[144.2613,-14.1967],[144.283,-14.1964],[144.2733,-14.1589],[144.25,-14.1607],[144.2515,-14.1688]]],[[[144.236,-14.1361],[144.2381,-14.1304],[144.2304,-14.1332],[144.2292,-14.1538],[144.2109,-14.1731],[144.2094,-14.1851],[144.2203,-14.1672],[144.2389,-14.1637],[144.245,-14.1516],[144.2676,-14.1499],[144.236,-14.1361]]],[[[144.2642,-14.2348],[144.2755,-14.2358],[144.2776,-14.2175],[144.2664,-14.2255],[144.2452,-14.2205],[144.2642,-14.2348]]],[[[144.3283,-14.0973],[144.328,-14.1037],[144.3357,-14.1024],[144.3397,-14.0875],[144.331,-14.0863],[144.3356,-14.086],[144.3283,-14.0973]]],[[[144.2024,-14.2313],[144.2306,-14.2145],[144.2288,-14.2061],[144.2223,-14.2061],[144.2024,-14.2313]]],[[[143.7194,-13.8714],[143.7225,-13.8628],[143.716,-13.8592],[143.7137,-13.8669],[143.7194,-13.8714]]],[[[144.5282,-14.121],[144.5316,-14.125],[144.5255,-14.112],[144.5282,-14.121]]],[[[143.7504,-13.9387],[143.7582,-13.9393],[143.7594,-13.9344],[143.7504,-13.9387]]],[[[144.2672,-14.0575],[144.2678,-14.0512],[144.2618,-14.0505],[144.2672,-14.0575]]],[[[143.7719,-14.2206],[143.7792,-14.2241],[143.7748,-14.2137],[143.7719,-14.2206]]],[[[143.6421,-13.7722],[143.6416,-13.7681],[143.636,-13.7743],[143.6421,-13.7722]]],[[[144.2538,-14.0719],[144.2581,-14.0735],[144.2563,-14.0709],[144.2538,-14.0719]]],[[[144.2495,-14.2111],[144.2529,-14.2108],[144.2511,-14.2088],[144.2495,-14.2111]]],[[[144.3556,-14.2523],[144.3519,-14.2536],[144.3518,-14.2559],[144.3556,-14.2523]]],[[[143.7918,-14.2264],[143.7957,-14.2261],[143.7955,-14.2239],[143.7918,-14.2264]]],[[[144.648,-14.3447],[144.6502,-14.3452],[144.6464,-14.3422],[144.648,-14.3447]]],[[[143.8334,-13.9089],[143.8361,-13.9118],[143.8352,-13.9085],[143.8334,-13.9089]]],[[[144.2563,-14.0752],[144.2538,-14.0766],[144.2565,-14.0782],[144.2563,-14.0752]]],[[[144.0058,-14.1261],[144.0069,-14.1234],[144.005,-14.1244],[144.0058,-14.1261]]],[[[144.3572,-14.2738],[144.3586,-14.2721],[144.357,-14.2705],[144.3572,-14.2738]]],[[[144.6531,-14.3471],[144.6523,-14.3446],[144.6511,-14.3448],[144.6531,-14.3471]]],[[[144.8813,-14.1987],[144.8848,-14.198],[144.8818,-14.1977],[144.8813,-14.1987]]],[[[144.5764,-14.2333],[144.578,-14.2314],[144.5763,-14.2319],[144.5764,-14.2333]]],[[[144.85,-14.3195],[144.8521,-14.3188],[144.8489,-14.3188],[144.85,-14.3195]]],[[[143.8358,-13.957],[143.8369,-13.956],[143.8353,-13.956],[143.8358,-13.957]]],[[[144.4831,-14.151],[144.4835,-14.1517],[144.4839,-14.1502],[144.4831,-14.151]]],[[[144.5371,-14.1844],[144.5378,-14.1843],[144.5374,-14.183],[144.5371,-14.1844]]],[[[144.4874,-14.1648],[144.4879,-14.1639],[144.4867,-14.164],[144.4874,-14.1648]]],[[[144.5279,-14.1284],[144.5281,-14.128],[144.5267,-14.1269],[144.5279,-14.1284]]],[[[144.5132,-14.1228],[144.5143,-14.122],[144.5134,-14.1223],[144.5132,-14.1228]]],[[[144.4839,-14.1404],[144.4844,-14.14],[144.4839,-14.1396],[144.4839,-14.1404]]],[[[144.5408,-14.1833],[144.5414,-14.1824],[144.5407,-14.1824],[144.5408,-14.1833]]],[[[144.526,-14.1293],[144.5259,-14.1287],[144.5253,-14.1289],[144.526,-14.1293]]],[[[144.2436,-14.2089],[144.2435,-14.2083],[144.2431,-14.2084],[144.2436,-14.2089]]],[[[144.4856,-14.15],[144.4858,-14.1496],[144.4855,-14.1493],[144.4856,-14.15]]],[[[144.4866,-14.1655],[144.487,-14.1653],[144.4866,-14.1651],[144.4866,-14.1655]]],[[[145.1966,-14.7342],[145.2056,-14.7368],[145.2015,-14.7334],[145.1966,-14.7342]]],[[[145.1888,-14.7357],[145.1871,-14.7328],[145.1838,-14.7328],[145.1888,-14.7357]]],[[[145.2034,-14.7055],[145.206,-14.7044],[145.2018,-14.7031],[145.2034,-14.7055]]],[[[145.1924,-14.7146],[145.1946,-14.7132],[145.1931,-14.7129],[145.1924,-14.7146]]],[[[145.0853,-14.7368],[145.0838,-14.7361],[145.0833,-14.7367],[145.0853,-14.7368]]],[[[145.1998,-14.7206],[145.2012,-14.7215],[145.2026,-14.7211],[145.1998,-14.7206]]],[[[145.1789,-14.7304],[145.1794,-14.729],[145.1786,-14.7292],[145.1789,-14.7304]]],[[[145.1013,-14.7315],[145.1007,-14.7312],[145.1001,-14.7321],[145.1013,-14.7315]]],[[[141.7162,-12.2336],[141.7352,-12.2327],[141.7509,-12.245],[141.7745,-12.2377],[141.803,-12.2522],[141.8147,-12.2392],[141.7854,-12.2327],[141.7782,-12.2212],[141.7699,-12.2298],[141.7426,-12.2233],[141.7162,-12.2336]]],[[[141.8461,-12.665],[141.8622,-12.6475],[141.8521,-12.6405],[141.8601,-12.6385],[141.8295,-12.6437],[141.8273,-12.6544],[141.8395,-12.6683],[141.8461,-12.665]]],[[[143.4094,-12.2865],[143.4036,-12.2867],[143.4073,-12.2925],[143.4159,-12.2908],[143.4137,-12.2833],[143.4094,-12.2865]]],[[[143.4166,-12.591],[143.4179,-12.5889],[143.4165,-12.5886],[143.4166,-12.591]]],[[[143.2255,-12.244],[143.2279,-12.245],[143.2278,-12.2435],[143.2255,-12.244]]]]},"properties":{"lga_code_2023":"32500","lga_name_2023":"Cook","state_code_2021":"3"}},{"type":"Feature","geometry":{"type":"Polygon","coordinates":[[[141.3955,-18.0538],[141.2817,-18.0467],[141.2838,-18.0232],[141.1999,-18.0154],[141.1916,-18.1194],[141.1444,-18.1134],[141.1318,-18.1232],[141.1431,-18.1568],[141.1374,-18.1869],[141.1811,-18.2134],[141.1908,-18.2326],[141.1868,-18.2501],[141.2018,-18.2532],[141.21,-18.2645],[141.2232,-18.3301],[141.2384,-18.3367],[141.2523,-18.3618],[141.2661,-18.3688],[141.2726,-18.3868],[141.2815,-18.3912],[141.281,-18.4175],[141.302,-18.4276],[141.3048,-18.4478],[141.295,-18.4598],[141.2986,-18.4755],[141.2928,-18.48],[141.299,-18.4965],[141.2848,-18.5054],[141.2836,-18.5187],[141.2881,-18.5464],[141.3003,-18.5633],[141.2908,-18.5686],[141.3022,-18.5952],[141.2987,-18.6114],[141.315,-18.6204],[141.3699,-18.6255],[141.364,-18.6814],[141.692,-18.7136],[141.6681,-18.9697],[141.6362,-18.9671],[141.6201,-19.1146],[141.6089,-19.1134],[141.6113,-19.1352],[141.6212,-19.1489],[141.6618,-19.1597],[141.6916,-19.1564],[141.7155,-19.1791],[141.729,-19.1791],[141.7462,-19.1927],[141.7617,-19.1919],[141.7717,-19.0782],[141.9311,-19.0897],[141.9415,-18.9785],[142.1267,-18.9934],[142.1291,-18.9695],[142.1766,-18.9722],[142.1594,-19.142],[142.2351,-19.1495],[142.2364,-19.1361],[142.346,-19.1469],[142.3478,-19.1188],[142.4008,-19.1226],[142.3743,-19.4002],[142.3963,-19.402],[142.3976,-19.3885],[142.6045,-19.403],[142.5921,-19.5466],[142.6096,-19.5478],[142.6007,-19.6355],[143.2497,-19.6899],[143.2593,-19.6814],[143.275,-19.6965],[143.2872,-19.6873],[143.2896,-19.6697],[143.3058,-19.6395],[143.333,-19.6211],[143.3419,-19.6056],[143.3831,-19.6126],[143.3943,-19.5968],[143.3951,-19.5751],[143.4132,-19.5644],[143.4438,-19.566],[143.4663,-19.54],[143.5094,-19.516],[143.5132,-19.5053],[143.5077,-19.4839],[143.4831,-19.4837],[143.4512,-19.4474],[143.4522,-19.4185],[143.4433,-19.4055],[143.439,-19.3746],[143.4229,-19.3568],[143.4178,-19.3282],[143.4071,-19.3145],[143.3897,-19.309],[143.3781,-19.2882],[143.3803,-19.2783],[143.3956,-19.2694],[143.395,-19.257],[143.4056,-19.2494],[143.3861,-19.2005],[143.3676,-19.1834],[143.3258,-19.193],[143.3269,-19.1835],[143.3086,-19.171],[143.3114,-19.1604],[143.2869,-19.1572],[143.2911,-19.1306],[143.2626,-19.0805],[143.2682,-19.0673],[143.2629,-19.0574],[143.2516,-19.0527],[143.2296,-19.0562],[143.2214,-19.0505],[143.2131,-19.0162],[143.2059,-19.0078],[143.1949,-19.0089],[143.1931,-18.9964],[143.1662,-18.99],[143.1685,-18.9786],[143.1414,-18.9359],[143.1018,-18.9205],[143.0488,-18.9202],[143.0305,-18.9276],[143.0175,-18.9219],[142.9958,-18.9339],[142.9723,-18.9314],[142.9159,-18.8845],[142.9098,-18.8535],[142.878,-18.8092],[142.8909,-18.7581],[142.9006,-18.7501],[142.8901,-18.7315],[142.892,-18.7201],[142.8762,-18.6974],[142.837,-18.6691],[142.8441,-18.6558],[142.833,-18.6387],[142.858,-18.6184],[142.8523,-18.5859],[142.8355,-18.5771],[142.8292,-18.5828],[142.8062,-18.5647],[142.7962,-18.5703],[142.7923,-18.5822],[142.7781,-18.5838],[142.7855,-18.5506],[142.7471,-18.5139],[142.7147,-18.5211],[142.7103,-18.5174],[142.6874,-18.5284],[142.6613,-18.5223],[142.6374,-18.525],[142.6484,-18.5137],[142.6479,-18.4992],[142.6342,-18.4585],[142.6145,-18.4564],[142.5847,-18.4319],[142.5592,-18.4324],[142.5542,-18.4265],[142.5537,-18.4312],[142.5142,-18.4042],[142.5235,-18.3539],[142.4858,-18.3186],[142.492,-18.2601],[142.4681,-18.2436],[142.4638,-18.2226],[142.6255,-18.0811],[142.474,-17.9137],[142.4983,-17.8935],[142.4824,-17.8756],[142.3823,-17.8714],[142.2442,-17.7129],[142.2652,-17.4939],[142.1784,-17.5662],[142.0578,-17.4343],[142.0123,-17.4712],[141.8977,-17.3308],[141.7853,-17.4224],[141.8367,-17.4825],[141.7256,-17.4695],[141.7287,-17.4329],[141.5764,-17.4204],[141.5727,-17.4584],[141.4217,-17.4438],[141.4066,-17.6099],[141.3822,-17.608],[141.3782,-17.6766],[141.4382,-17.6798],[141.433,-17.7493],[141.4041,-17.7633],[141.388,-17.7518],[141.3593,-17.7544],[141.3592,-17.7449],[141.3388,-17.7445],[141.33,-17.7336],[141.3169,-17.7367],[141.3044,-17.899],[141.4682,-17.9104],[141.4661,-17.939],[141.3931,-17.9348],[141.3883,-18.0066],[141.4002,-18.004],[141.3955,-18.0538]]]},"properties":{"lga_code_2023":"32600","lga_name_2023":"Croydon","state_code_2021":"3"}},{"type":"Feature","geometry":{"type":"Polygon","coordinates":[[[140.3556,-23.5258],[139.9379,-23.4872],[139.9307,-23.5478],[139.9392,-23.55],[139.9362,-23.5771],[139.8625,-23.6297],[139.8775,-23.6718],[139.8887,-23.6767],[139.8926,-23.6936],[139.4637,-23.6713],[139.4758,-23.5208],[139.2954,-23.51],[139.339,-23.4739],[139.1749,-23.31],[139.1227,-23.3521],[139.0764,-23.3068],[138.8995,-23.4483],[138.9211,-23.4765],[138.8256,-23.5456],[138.6688,-23.5401],[138.5921,-23.4625],[138.4644,-23.5551],[137.9986,-23.5209],[137.9991,-25.9969],[140.9096,-25.9964],[140.9377,-25.716],[140.9209,-25.7146],[140.9226,-25.6826],[140.8967,-25.681],[140.9142,-25.5273],[140.8803,-25.466],[140.8637,-25.4806],[140.8414,-25.4875],[140.8245,-25.5253],[140.7738,-25.4731],[140.6763,-25.4645],[140.699,-25.2051],[140.7258,-25.2121],[140.8592,-25.2216],[140.879,-24.9926],[140.8024,-24.9862],[140.813,-24.8384],[140.8743,-24.842],[140.8834,-24.695],[140.8371,-24.6919],[140.8387,-24.6689],[141.0845,-24.6742],[141.2425,-24.686],[141.2389,-24.7251],[141.3611,-24.6291],[141.3755,-24.4829],[141.4301,-24.4835],[141.5231,-24.5836],[141.7311,-24.6367],[141.8134,-24.6185],[141.8564,-24.587],[141.8787,-24.56],[141.9014,-24.5561],[141.9279,-24.5382],[141.9626,-24.5302],[141.9705,-24.52],[141.8635,-24.4031],[141.93,-24.3526],[141.9221,-24.3433],[141.9647,-24.3109],[141.8058,-24.1548],[141.9193,-24.0574],[142.0238,-24.1677],[142.0527,-24.1334],[142.1005,-24.0952],[142.145,-23.7008],[141.9892,-23.6924],[141.9879,-23.7063],[141.8288,-23.6918],[141.6804,-23.6909],[141.6794,-23.7055],[141.531,-23.6894],[141.3882,-23.5334],[141.3926,-23.53],[141.377,-23.5276],[141.1551,-23.2908],[141.0314,-23.3838],[140.8294,-23.1702],[140.7596,-23.2232],[140.7194,-23.1886],[140.6626,-23.1567],[140.5726,-23.2314],[140.4132,-23.3462],[140.3419,-23.4183],[140.3556,-23.5258]]]},"properties":{"lga_code_2023":"32750","lga_name_2023":"Diamantina","state_code_2021":"3"}},{"type":"Feature","geometry":{"type":"MultiPolygon","coordinates":[[[[138.7999,-17.9335],[138.8516,-17.9589],[138.8582,-17.9792],[138.851,-18.0032],[138.8778,-18.0187],[138.9025,-17.5259],[138.8355,-17.521],[138.7511,-17.4848],[138.7379,-17.4709],[138.6005,-17.4693],[138.5859,-17.8752],[138.5769,-17.8826],[138.5851,-17.8938],[138.6001,-17.8992],[138.6326,-17.8965],[138.6754,-17.9029],[138.7156,-17.9286],[138.7999,-17.9335]]],[[[138.8751,-16.8754],[138.8705,-16.9389],[139.08,-17.0906],[139.086,-17.0115],[139.1096,-17.0093],[139.0869,-16.9987],[139.078,-16.9872],[139.0792,-16.9778],[139.0432,-16.9502],[139.0348,-16.928],[139.0387,-16.9124],[138.9974,-16.8913],[138.9452,-16.8889],[138.916,-16.876],[138.8838,-16.8848],[138.8751,-16.8754]]]]},"properties":{"lga_code_2023":"32770","lga_name_2023":"Doomadgee","state_code_2021":"3"}},{"type":"Feature","geometry":{"type":"MultiPolygon","coordinates":[[[[145.0746,-16.1292],[145.0711,-16.1383],[145.0571,-16.1411],[145.0594,-16.1507],[145.0448,-16.1628],[145.0089,-16.1462],[144.9894,-16.1589],[144.9951,-16.1678],[144.9852,-16.1749],[144.9872,-16.1912],[145.0024,-16.193],[145.0041,-16.2004],[145.0159,-16.2032],[145.0095,-16.2098],[145.0262,-16.2244],[145.0203,-16.229],[145.0544,-16.2408],[145.0617,-16.249],[145.0552,-16.2593],[145.061,-16.264],[145.0963,-16.2645],[145.1336,-16.2863],[145.1297,-16.3041],[145.1385,-16.3081],[145.1403,-16.3466],[145.159,-16.3491],[145.1904,-16.394],[145.214,-16.3999],[145.2156,-16.4104],[145.2088,-16.42],[145.2223,-16.4269],[145.2286,-16.4421],[145.2404,-16.4456],[145.2429,-16.4643],[145.2697,-16.4665],[145.2584,-16.4846],[145.2687,-16.4887],[145.2642,-16.4995],[145.2764,-16.5006],[145.2726,-16.5104],[145.2972,-16.5311],[145.2957,-16.5368],[145.3093,-16.5311],[145.3263,-16.5418],[145.3258,-16.5518],[145.3456,-16.5475],[145.3546,-16.5564],[145.3721,-16.5329],[145.3736,-16.5191],[145.3843,-16.5202],[145.3854,-16.5104],[145.4041,-16.5123],[145.4103,-16.5276],[145.4332,-16.552],[145.4319,-16.5695],[145.4456,-16.5754],[145.4415,-16.5961],[145.4486,-16.6045],[145.4359,-16.6036],[145.4492,-16.6107],[145.4472,-16.6435],[145.4641,-16.6493],[145.4858,-16.6416],[145.4907,-16.645],[145.5299,-16.6234],[145.5211,-16.6341],[145.5216,-16.6603],[145.5137,-16.6647],[145.5179,-16.675],[145.5265,-16.6714],[145.5514,-16.6925],[145.5654,-16.6938],[145.6057,-16.7146],[145.6171,-16.7159],[145.6273,-16.7071],[145.6207,-16.6991],[145.5813,-16.6863],[145.565,-16.6432],[145.523,-16.6009],[145.5221,-16.5863],[145.5137,-16.5844],[145.5,-16.5529],[145.47,-16.5144],[145.4686,-16.4799],[145.4422,-16.4724],[145.4269,-16.4745],[145.4101,-16.4593],[145.4052,-16.4334],[145.4199,-16.3879],[145.4121,-16.3762],[145.4182,-16.3383],[145.4493,-16.2909],[145.4599,-16.2903],[145.4771,-16.2752],[145.4889,-16.2767],[145.4789,-16.268],[145.4819,-16.2414],[145.4703,-16.2358],[145.4693,-16.2109],[145.4449,-16.2009],[145.4423,-16.1863],[145.4457,-16.1535],[145.4597,-16.1263],[145.4675,-16.0875],[145.4769,-16.0761],[145.4648,-16.0664],[145.4636,-16.036],[145.4557,-16.0306],[145.4507,-16.0093],[145.4343,-15.9981],[145.4278,-15.9729],[145.4088,-15.9444],[145.3935,-15.9398],[145.3812,-15.9237],[145.3612,-15.9221],[145.3362,-15.9429],[145.3362,-15.9506],[145.3217,-15.9436],[145.3203,-15.9569],[145.3345,-15.956],[145.3378,-15.9477],[145.3424,-15.9602],[145.2938,-15.9952],[145.2871,-15.9929],[145.2875,-15.9809],[145.2994,-15.9779],[145.2953,-15.9703],[145.3041,-15.9607],[145.3171,-15.961],[145.3123,-15.9482],[145.3204,-15.9315],[145.3167,-15.9284],[145.3079,-15.9373],[145.3013,-15.9277],[145.289,-15.9259],[145.2821,-15.9133],[145.2855,-15.9029],[145.2551,-15.933],[145.2463,-15.9175],[145.2156,-15.9217],[145.2115,-15.9319],[145.2019,-15.9348],[145.1848,-15.9293],[145.1773,-15.9327],[145.1611,-15.9234],[145.1403,-15.9304],[145.1346,-15.9376],[145.1358,-15.9534],[145.1031,-15.9468],[145.1023,-15.9526],[145.0732,-15.9673],[145.0778,-15.9815],[145.0684,-16.0022],[145.0704,-16.0239],[145.0806,-16.0281],[145.0911,-16.0443],[145.0874,-16.057],[145.093,-16.076],[145.0907,-16.0939],[145.0823,-16.1047],[145.0848,-16.1182],[145.0746,-16.1292]]],[[[145.4947,-16.2943],[145.5071,-16.304],[145.4995,-16.2929],[145.4947,-16.2943]]],[[[145.5701,-16.39],[145.5717,-16.3872],[145.5687,-16.3844],[145.5701,-16.39]]],[[[145.5584,-16.3835],[145.5621,-16.3841],[145.5628,-16.3817],[145.5584,-16.3835]]],[[[145.5676,-16.3833],[145.5666,-16.382],[145.5662,-16.3824],[145.5676,-16.3833]]],[[[145.4475,-16.1708],[145.4484,-16.1706],[145.4479,-16.1698],[145.4475,-16.1708]]]]},"properties":{"lga_code_2023":"32810","lga_name_2023":"Douglas","state_code_2021":"3"}},{"type":"Feature","geometry":{"type":"Polygon","coordinates":[[[142.8481,-18.5844],[142.8535,-18.5885],[142.858,-18.6184],[142.833,-18.6387],[142.8441,-18.6558],[142.837,-18.6691],[142.8762,-18.6974],[142.892,-18.7201],[142.8901,-18.7315],[142.9006,-18.7501],[142.8909,-18.7581],[142.878,-18.8092],[142.9098,-18.8535],[142.9159,-18.8845],[142.9723,-18.9314],[142.9958,-18.9339],[143.0175,-18.9219],[143.0305,-18.9276],[143.0488,-18.9202],[143.1018,-18.9205],[143.1414,-18.9359],[143.1685,-18.9786],[143.1662,-18.99],[143.1931,-18.9964],[143.1949,-19.0089],[143.2059,-19.0078],[143.2131,-19.0162],[143.2214,-19.0505],[143.2296,-19.0562],[143.2516,-19.0527],[143.2653,-19.0608],[143.268,-19.0714],[143.2626,-19.0805],[143.2911,-19.1306],[143.2869,-19.1572],[143.3114,-19.1604],[143.3086,-19.171],[143.3269,-19.1835],[143.3258,-19.193],[143.3676,-19.1834],[143.3861,-19.2005],[143.4056,-19.2494],[143.395,-19.257],[143.3956,-19.2694],[143.3803,-19.2783],[143.3781,-19.2882],[143.3897,-19.309],[143.4071,-19.3145],[143.4178,-19.3282],[143.4229,-19.3568],[143.439,-19.3746],[143.4433,-19.4055],[143.4522,-19.4185],[143.4512,-19.4474],[143.4701,-19.4719],[143.4896,-19.486],[143.5355,-19.4718],[143.56,-19.4824],[143.5905,-19.5073],[143.619,-19.5599],[143.6467,-19.5838],[143.6775,-19.5972],[143.7152,-19.5854],[143.8518,-19.637],[143.9251,-19.6308],[143.9557,-19.6196],[144.0039,-19.6213],[144.0542,-19.5706],[144.1036,-19.5797],[144.147,-19.5657],[144.1722,-19.5765],[144.18,-19.5944],[144.2065,-19.6038],[144.2264,-19.6187],[144.2551,-19.5855],[144.2957,-19.5665],[144.3025,-19.4974],[144.3449,-19.5015],[144.3517,-19.4239],[144.4681,-19.4474],[144.4746,-19.3707],[144.5915,-19.3797],[144.5986,-19.3178],[144.6178,-19.3196],[144.6236,-19.2964],[144.6335,-19.2853],[144.7508,-19.1807],[144.772,-19.2056],[144.8324,-19.1609],[144.812,-19.1563],[144.7944,-19.1622],[144.7743,-19.148],[144.7153,-19.0168],[144.6997,-19.0052],[144.6979,-18.9959],[144.7074,-18.9359],[144.7903,-18.871],[144.7454,-18.818],[144.8084,-18.7696],[144.8059,-18.7523],[144.792,-18.7332],[144.7775,-18.7407],[144.7654,-18.7286],[144.7452,-18.7219],[144.7469,-18.7075],[144.7417,-18.7027],[144.7871,-18.6613],[144.7641,-18.6385],[144.6516,-18.6266],[144.687,-18.3137],[144.7408,-18.3186],[144.752,-18.2161],[144.7221,-18.1595],[144.6562,-18.1017],[144.611,-18.0512],[144.5036,-18.0377],[144.4718,-18.0121],[144.4559,-18.0553],[144.4155,-18.0198],[144.3954,-17.9851],[144.3613,-17.9737],[144.3416,-17.9453],[144.3219,-17.9472],[144.3236,-17.9576],[144.31,-17.9686],[144.1425,-17.9544],[143.9706,-17.756],[143.9764,-17.6808],[143.8333,-17.6702],[143.8199,-17.659],[143.7856,-17.6531],[143.7602,-17.6386],[143.7481,-17.6391],[143.7389,-17.6532],[143.7313,-17.6545],[143.6899,-17.6329],[143.6785,-17.6101],[143.6707,-17.6203],[143.6533,-17.6251],[143.6422,-17.6422],[143.6283,-17.64],[143.5893,-17.6155],[143.5813,-17.6219],[143.5799,-17.6395],[143.5731,-17.647],[143.551,-17.6513],[143.5469,-17.6576],[143.5235,-17.6555],[143.5125,-17.6354],[143.4977,-17.6243],[143.4805,-17.622],[143.4769,-17.6098],[143.4575,-17.6116],[143.4397,-17.5874],[143.4211,-17.5852],[143.3815,-17.5506],[143.3568,-17.5569],[143.3421,-17.5538],[143.3298,-17.5417],[143.3286,-17.5238],[143.3228,-17.5214],[143.311,-17.5206],[143.2982,-17.5296],[143.255,-17.5128],[143.2135,-17.5166],[143.2127,-17.5369],[143.1992,-17.5567],[143.1271,-17.5592],[143.1248,-17.5647],[143.1092,-17.5648],[143.0733,-17.5439],[143.0664,-17.5539],[143.0551,-17.5559],[143.0191,-17.5372],[143.0069,-17.5501],[142.9767,-17.5463],[142.9716,-17.5838],[142.9339,-17.5908],[142.8911,-17.6171],[142.8521,-17.6229],[142.8371,-17.6322],[142.8217,-17.6308],[142.7926,-17.6475],[142.724,-17.6483],[142.677,-17.6359],[142.6474,-17.6511],[142.5934,-17.6427],[142.5853,-17.6483],[142.5287,-17.653],[142.5099,-17.6622],[142.4536,-17.6343],[142.4199,-17.6025],[142.3872,-17.5301],[142.3678,-17.5076],[142.3292,-17.5036],[142.3061,-17.4885],[142.2844,-17.4999],[142.268,-17.4915],[142.2442,-17.7129],[142.3823,-17.8714],[142.4824,-17.8756],[142.4983,-17.8935],[142.474,-17.9137],[142.6255,-18.0811],[142.4638,-18.2226],[142.4681,-18.2436],[142.492,-18.2601],[142.4858,-18.3186],[142.5235,-18.3539],[142.5142,-18.4042],[142.5537,-18.4312],[142.5542,-18.4265],[142.5592,-18.4324],[142.5847,-18.4319],[142.6145,-18.4564],[142.6342,-18.4585],[142.6479,-18.4992],[142.6484,-18.5137],[142.6374,-18.525],[142.6613,-18.5223],[142.6874,-18.5284],[142.7103,-18.5174],[142.7147,-18.5211],[142.7471,-18.5139],[142.7855,-18.5506],[142.7781,-18.5838],[142.7923,-18.5822],[142.7962,-18.5703],[142.8062,-18.5647],[142.8292,-18.5828],[142.8355,-18.5771],[142.8481,-18.5844]]]},"properties":{"lga_code_2023":"33100","lga_name_2023":"Etheridge","state_code_2021":"3"}},{"type":"Feature","geometry":{"type":"Polygon","coordinates":[[[144.2279,-19.6179],[144.18,-19.5944],[144.1722,-19.5765],[144.147,-19.5657],[144.1036,-19.5797],[144.0542,-19.5706],[144.0039,-19.6213],[143.9557,-19.6196],[143.9251,-19.6308],[143.8518,-19.637],[143.7152,-19.5854],[143.6822,-19.597],[143.6413,-20.0286],[143.6096,-20.0256],[143.597,-20.1455],[143.6257,-20.1479],[143.7109,-20.2292],[143.74,-20.2061],[143.7901,-20.2632],[143.7098,-20.3249],[143.7833,-20.4071],[143.786,-20.4167],[143.773,-20.4172],[143.7723,-20.4301],[143.7571,-20.4319],[143.7542,-20.4462],[143.7041,-20.4818],[143.6293,-20.4824],[143.6074,-20.4993],[143.5819,-20.499],[143.5562,-20.5222],[143.5147,-20.5432],[143.4762,-20.6062],[143.5336,-20.611],[143.5408,-20.6176],[143.5286,-20.7357],[143.4989,-20.7825],[143.4476,-20.7776],[143.4347,-20.8285],[143.3382,-20.8205],[143.2982,-21.1473],[143.2609,-21.1439],[143.2564,-21.1865],[143.2501,-21.1859],[143.2366,-21.3112],[143.3595,-21.322],[143.3288,-21.6119],[143.6493,-21.6412],[143.6308,-21.7974],[143.7818,-21.8141],[144.0446,-21.8303],[144.0388,-21.8947],[144.1843,-21.9133],[144.1885,-21.9084],[144.1803,-21.9896],[144.2634,-21.9974],[144.2685,-22.0479],[144.4172,-22.0617],[144.4139,-22.0984],[144.4028,-22.1133],[144.3978,-22.1571],[144.5018,-22.1651],[144.5005,-22.1857],[144.7235,-22.2021],[144.7398,-22.2117],[144.7523,-22.0948],[144.7964,-22.0984],[144.8009,-22.0454],[144.943,-22.0591],[144.9563,-21.9303],[145.0822,-21.9426],[145.0843,-21.9103],[145.0742,-21.8998],[145.0752,-21.8914],[145.153,-21.8989],[145.1661,-21.7849],[145.2548,-21.7938],[145.262,-21.8287],[145.4182,-21.8462],[145.4347,-21.6921],[145.5294,-21.7019],[145.5396,-21.5748],[145.4529,-21.5662],[145.4648,-21.4614],[145.3582,-21.4538],[145.3563,-21.4675],[145.3295,-21.4682],[145.262,-21.4582],[145.2905,-21.4259],[145.2904,-21.4144],[145.2496,-21.315],[145.2559,-21.2806],[145.2433,-21.2773],[145.2563,-21.1745],[145.2211,-21.1718],[145.2177,-21.1217],[145.1811,-21.0913],[145.173,-21.0618],[145.2196,-21.0653],[145.2274,-20.9748],[145.1637,-20.9703],[145.1894,-20.6338],[145.0973,-20.6278],[145.0975,-20.6195],[145.0483,-20.5809],[145.0101,-20.5368],[145.0086,-20.5138],[144.9983,-20.4916],[144.9737,-20.4775],[144.9712,-20.4682],[144.9581,-20.4713],[144.9342,-20.4585],[144.9224,-20.4623],[144.9093,-20.4381],[144.9157,-20.4231],[144.9326,-20.4124],[144.9055,-20.4073],[144.9088,-20.3726],[144.8204,-20.3325],[144.8323,-20.2932],[144.8304,-20.2767],[144.8206,-20.2635],[144.8208,-20.2456],[144.8415,-20.2146],[144.84,-20.2052],[144.8133,-20.169],[144.7719,-20.129],[144.7756,-20.0666],[144.6636,-20.0583],[144.6669,-20.0284],[144.6221,-19.9693],[144.6204,-19.9919],[144.5799,-19.9876],[144.5588,-19.953],[144.4915,-19.9535],[144.4856,-19.9632],[144.4795,-19.9626],[144.4783,-19.9749],[144.4309,-19.9763],[144.4184,-19.9509],[144.3957,-19.9346],[144.4256,-19.6109],[144.3551,-19.5823],[144.3201,-19.5762],[144.2938,-19.5787],[144.2852,-19.5733],[144.2551,-19.5855],[144.2279,-19.6179]]]},"properties":{"lga_code_2023":"33200","lga_name_2023":"Flinders (Qld)","state_code_2021":"3"}},{"type":"Feature","geometry":{"type":"MultiPolygon","coordinates":[[[[152.81,-25.2462],[152.8045,-25.2479],[152.8062,-25.2644],[152.7224,-25.2696],[152.726,-25.2663],[152.6635,-25.244],[152.651,-25.23],[152.6442,-25.2339],[152.6497,-25.2272],[152.6146,-25.1832],[152.5952,-25.1874],[152.5579,-25.1818],[152.5483,-25.1883],[152.5471,-25.2068],[152.5259,-25.2105],[152.5182,-25.2212],[152.5101,-25.2093],[152.4949,-25.2095],[152.4828,-25.2171],[152.467,-25.2156],[152.4506,-25.2283],[152.4154,-25.2908],[152.4061,-25.3345],[152.3846,-25.3562],[152.3722,-25.3531],[152.373,-25.363],[152.3545,-25.3661],[152.3346,-25.3825],[152.3357,-25.3922],[152.32,-25.4075],[152.2991,-25.4081],[152.2725,-25.4322],[152.2604,-25.4619],[152.2621,-25.4766],[152.2764,-25.4906],[152.2708,-25.4898],[152.2698,-25.5219],[152.2149,-25.5129],[152.2158,-25.5202],[152.1794,-25.5231],[152.1654,-25.5475],[152.1622,-25.5771],[152.1113,-25.5984],[152.1158,-25.6155],[152.1121,-25.627],[152.0907,-25.6363],[152.0661,-25.6213],[152.0526,-25.6242],[152.0441,-25.6151],[152.0381,-25.6428],[152.0296,-25.6422],[152.0112,-25.665],[152.0175,-25.681],[152.0139,-25.7089],[152.0052,-25.7175],[151.997,-25.7112],[151.9812,-25.7128],[151.9803,-25.733],[151.9953,-25.7368],[151.9973,-25.7705],[152.0081,-25.7826],[152.0391,-25.7906],[152.0284,-25.8119],[152.0327,-25.842],[152.0287,-25.8502],[152.0492,-25.8519],[152.05,-25.8677],[152.0438,-25.8761],[152.0589,-25.8863],[152.0688,-25.8847],[152.0733,-25.8772],[152.0962,-25.8715],[152.1135,-25.8571],[152.1231,-25.8858],[152.1302,-25.8856],[152.1335,-25.8732],[152.1467,-25.8836],[152.1693,-25.8816],[152.1698,-25.8876],[152.331,-25.907],[152.3335,-25.892],[152.3408,-25.8935],[152.3457,-25.8631],[152.3753,-25.8669],[152.381,-25.8747],[152.3868,-25.8724],[152.3869,-25.8632],[152.4117,-25.866],[152.411,-25.8704],[152.4227,-25.872],[152.4209,-25.883],[152.4636,-25.8937],[152.4748,-25.9054],[152.5455,-25.9128],[152.5521,-25.9331],[152.5578,-25.9324],[152.5596,-25.921],[152.5682,-25.922],[152.5636,-25.9284],[152.5668,-25.943],[152.6006,-25.9476],[152.601,-25.9551],[152.6143,-25.9569],[152.6112,-25.9732],[152.6219,-25.9747],[152.6211,-25.9814],[152.6551,-25.9862],[152.6563,-25.9781],[152.665,-25.9793],[152.6681,-25.9616],[152.6739,-25.9624],[152.6724,-25.938],[152.6884,-25.9403],[152.7041,-25.9276],[152.7079,-25.9166],[152.7362,-25.9113],[152.744,-25.8883],[152.7519,-25.8868],[152.7478,-25.8742],[152.7403,-25.8799],[152.7364,-25.8653],[152.7287,-25.8674],[152.7187,-25.8527],[152.7247,-25.8468],[152.7122,-25.8458],[152.7145,-25.8399],[152.7363,-25.8477],[152.7355,-25.8427],[152.9911,-25.8819],[153.0147,-25.8674],[153.015,-25.8538],[153.0261,-25.8514],[153.0205,-25.8296],[152.9886,-25.8043],[152.9818,-25.8099],[152.9874,-25.8154],[152.9832,-25.8246],[152.9783,-25.8095],[152.9443,-25.8105],[152.9492,-25.8184],[152.9411,-25.8198],[152.9367,-25.815],[152.9401,-25.7954],[152.9507,-25.8017],[152.9648,-25.801],[152.972,-25.7941],[152.9761,-25.7724],[152.9691,-25.7631],[152.9733,-25.7623],[152.9362,-25.7598],[152.9419,-25.7654],[152.9369,-25.7681],[152.9375,-25.7444],[152.9122,-25.7385],[152.9168,-25.7336],[152.9072,-25.728],[152.9223,-25.7119],[152.9202,-25.7063],[152.9109,-25.7059],[152.8782,-25.6837],[152.8837,-25.6737],[152.9083,-25.6789],[152.9115,-25.6748],[152.8964,-25.6581],[152.9012,-25.6469],[152.8921,-25.618],[152.8749,-25.6094],[152.8779,-25.5613],[152.8619,-25.5534],[152.8753,-25.5564],[152.9026,-25.5416],[152.8973,-25.5339],[152.91,-25.5294],[152.9032,-25.501],[152.8958,-25.5048],[152.8966,-25.4989],[152.9264,-25.4697],[152.9466,-25.4612],[152.9417,-25.4519],[152.9484,-25.4518],[152.9452,-25.4466],[152.9526,-25.4459],[152.9563,-25.4336],[152.9342,-25.4319],[152.928,-25.4479],[152.8852,-25.4619],[152.8641,-25.4887],[152.8485,-25.4983],[152.8237,-25.494],[152.8507,-25.4849],[152.8716,-25.4435],[152.9082,-25.4293],[152.8899,-25.427],[152.8965,-25.4189],[152.9094,-25.4188],[152.9244,-25.4308],[152.9096,-25.3782],[152.918,-25.3633],[152.9014,-25.314],[152.9145,-25.2933],[152.8988,-25.2807],[152.86,-25.2837],[152.8358,-25.277],[152.8264,-25.2616],[152.8278,-25.2478],[152.81,-25.2462]]],[[[153.0486,-25.3264],[153.0477,-25.3596],[152.9863,-25.4495],[152.9838,-25.4686],[152.9934,-25.4845],[152.9887,-25.5121],[152.9724,-25.5226],[152.961,-25.5461],[152.951,-25.5519],[152.9595,-25.5608],[152.9499,-25.5613],[152.9502,-25.5756],[152.9523,-25.5706],[152.9587,-25.5737],[152.9532,-25.576],[152.9519,-25.5712],[152.9425,-25.5859],[152.9527,-25.5944],[152.9524,-25.5845],[152.9561,-25.5891],[152.9642,-25.5767],[152.9553,-25.5955],[152.9642,-25.6001],[152.9623,-25.6139],[152.9747,-25.6247],[152.9699,-25.6402],[152.983,-25.6602],[152.9803,-25.6707],[152.9872,-25.672],[152.9825,-25.6766],[152.992,-25.6972],[152.9904,-25.7174],[153.0102,-25.7477],[153.011,-25.7622],[153.0318,-25.7882],[153.0603,-25.7974],[153.0775,-25.7926],[153.0893,-25.7581],[153.0785,-25.7104],[153.0777,-25.6732],[153.1095,-25.5554],[153.1911,-25.364],[153.3603,-25.0066],[153.3523,-24.9996],[153.3507,-24.9634],[153.3248,-24.9638],[153.2998,-24.9459],[153.2679,-24.8864],[153.2596,-24.8237],[153.2646,-24.6971],[153.2253,-24.7093],[153.188,-24.734],[153.1208,-24.8086],[153.1195,-24.8175],[153.1441,-24.8168],[153.1759,-24.8384],[153.2245,-24.9091],[153.2341,-24.9369],[153.2292,-24.9809],[153.1998,-25.0327],[153.1626,-25.0813],[153.0768,-25.1529],[153.0295,-25.1763],[152.9937,-25.2177],[152.9954,-25.2303],[153.0387,-25.2232],[153.049,-25.2396],[153.0475,-25.2573],[153.0525,-25.2592],[153.04,-25.2767],[153.0486,-25.3264]]],[[[152.914,-25.5259],[152.9214,-25.5295],[152.9451,-25.5141],[152.9558,-25.4952],[152.9521,-25.4824],[152.9331,-25.4819],[152.9093,-25.4999],[152.914,-25.5259]]],[[[152.9843,-25.3102],[152.943,-25.2729],[152.9441,-25.2843],[152.9596,-25.3033],[152.9778,-25.3105],[152.9935,-25.3359],[152.9843,-25.3102]]],[[[152.9462,-25.5816],[152.9485,-25.5569],[152.938,-25.5628],[152.9396,-25.5807],[152.9454,-25.5768],[152.9462,-25.5816]]],[[[152.8881,-25.5819],[152.8914,-25.5945],[152.8999,-25.5974],[152.899,-25.5784],[152.8881,-25.5819]]],[[[152.9551,-25.6329],[152.9588,-25.6371],[152.9613,-25.6163],[152.9528,-25.6162],[152.9551,-25.6329]]],[[[152.5636,-25.1785],[152.5873,-25.1805],[152.5743,-25.1728],[152.5636,-25.1785]]],[[[152.9612,-25.4914],[152.97,-25.4815],[152.9657,-25.4736],[152.9585,-25.4839],[152.9612,-25.4914]]],[[[152.9368,-25.6014],[152.9308,-25.5864],[152.9289,-25.599],[152.938,-25.6113],[152.9368,-25.6014]]],[[[152.8892,-25.5699],[152.9038,-25.5717],[152.8985,-25.5601],[152.8892,-25.5699]]],[[[152.9254,-25.5899],[152.9277,-25.5821],[152.921,-25.5742],[152.9242,-25.5981],[152.9254,-25.5899]]],[[[152.9532,-25.6053],[152.9563,-25.6132],[152.9627,-25.6042],[152.9563,-25.5987],[152.9532,-25.6053]]],[[[152.8795,-25.563],[152.874,-25.5701],[152.8835,-25.5754],[152.8839,-25.5622],[152.8795,-25.563]]],[[[152.9085,-25.5485],[152.9021,-25.5567],[152.9067,-25.5638],[152.9085,-25.5485]]],[[[152.8848,-25.5553],[152.8944,-25.558],[152.8979,-25.5503],[152.8848,-25.5553]]],[[[152.9559,-25.5068],[152.9529,-25.5133],[152.9663,-25.5008],[152.9559,-25.5068]]],[[[152.9235,-25.6118],[152.9218,-25.6169],[152.9289,-25.6242],[152.9235,-25.6118]]],[[[152.9412,-25.5555],[152.94,-25.5608],[152.946,-25.56],[152.9496,-25.5484],[152.9412,-25.5555]]],[[[152.8713,-25.4459],[152.8727,-25.451],[152.881,-25.4472],[152.8713,-25.4459]]],[[[152.8567,-25.4872],[152.8631,-25.4706],[152.8579,-25.4768],[152.8567,-25.4872]]],[[[152.9207,-25.5668],[152.9184,-25.5571],[152.915,-25.5629],[152.9207,-25.5668]]],[[[152.9807,-25.8005],[152.9768,-25.8034],[152.9874,-25.8018],[152.9807,-25.8005]]],[[[152.8353,-25.4901],[152.845,-25.4909],[152.8475,-25.4874],[152.8353,-25.4901]]],[[[152.8863,-25.5663],[152.8931,-25.5602],[152.8866,-25.561],[152.8863,-25.5663]]],[[[152.8469,-25.4913],[152.8547,-25.4883],[152.856,-25.4827],[152.8469,-25.4913]]],[[[152.9565,-25.5385],[152.9418,-25.5468],[152.9559,-25.541],[152.9565,-25.5385]]],[[[152.8744,-25.5592],[152.8788,-25.5601],[152.8819,-25.5558],[152.8744,-25.5592]]],[[[152.9171,-25.4889],[152.9227,-25.4857],[152.9244,-25.4819],[152.9171,-25.4889]]],[[[152.9113,-25.6019],[152.9131,-25.6028],[152.9138,-25.596],[152.9113,-25.6019]]],[[[153.0167,-25.3147],[153.0239,-25.3237],[153.0163,-25.3132],[153.0167,-25.3147]]],[[[152.8776,-25.5817],[152.8795,-25.5836],[152.8795,-25.5764],[152.8776,-25.5817]]],[[[152.9378,-25.5612],[152.9409,-25.5574],[152.9403,-25.5551],[152.9378,-25.5612]]],[[[152.8805,-25.5818],[152.8824,-25.576],[152.8801,-25.5763],[152.8805,-25.5818]]],[[[152.8827,-25.5592],[152.8791,-25.5618],[152.8837,-25.5613],[152.8827,-25.5592]]],[[[152.8861,-25.5866],[152.8853,-25.5931],[152.887,-25.5918],[152.8861,-25.5866]]],[[[152.9126,-25.6033],[152.91,-25.602],[152.9113,-25.6064],[152.9126,-25.6033]]],[[[152.9522,-25.601],[152.9546,-25.5979],[152.9517,-25.5982],[152.9522,-25.601]]],[[[152.9499,-25.5605],[152.9541,-25.559],[152.95,-25.5556],[152.9499,-25.5605]]],[[[152.8813,-25.5891],[152.8831,-25.5915],[152.8821,-25.5846],[152.8813,-25.5891]]],[[[152.9158,-25.5704],[152.9167,-25.5683],[152.9135,-25.5684],[152.9158,-25.5704]]],[[[152.9014,-25.5492],[152.8978,-25.5497],[152.8988,-25.5517],[152.9014,-25.5492]]],[[[152.8841,-25.5732],[152.8858,-25.5725],[152.8851,-25.5696],[152.8841,-25.5732]]],[[[152.9022,-25.5739],[152.8994,-25.5747],[152.9041,-25.5737],[152.9022,-25.5739]]],[[[152.8923,-25.5977],[152.894,-25.597],[152.8914,-25.5951],[152.8923,-25.5977]]],[[[152.9375,-25.5551],[152.9376,-25.5568],[152.9397,-25.5531],[152.9375,-25.5551]]],[[[152.9081,-25.5777],[152.907,-25.5762],[152.9058,-25.5793],[152.9081,-25.5777]]],[[[152.9105,-25.4219],[152.9073,-25.4211],[152.9098,-25.4231],[152.9105,-25.4219]]],[[[152.9164,-25.5557],[152.9163,-25.5572],[152.9196,-25.556],[152.9164,-25.5557]]],[[[152.8677,-25.4578],[152.8695,-25.455],[152.8691,-25.4538],[152.8677,-25.4578]]],[[[152.9039,-25.5614],[152.9046,-25.5639],[152.9058,-25.5637],[152.9039,-25.5614]]],[[[152.9065,-25.5802],[152.9052,-25.5826],[152.9069,-25.5818],[152.9065,-25.5802]]],[[[152.9087,-25.6061],[152.908,-25.6079],[152.9094,-25.609],[152.9087,-25.6061]]],[[[152.889,-25.5788],[152.8917,-25.5768],[152.8901,-25.5767],[152.889,-25.5788]]],[[[152.8827,-25.5548],[152.885,-25.5524],[152.8832,-25.5534],[152.8827,-25.5548]]],[[[152.9393,-25.3769],[152.9417,-25.3769],[152.9403,-25.3756],[152.9393,-25.3769]]],[[[152.9143,-25.4929],[152.9138,-25.4935],[152.9174,-25.4912],[152.9143,-25.4929]]],[[[152.8888,-25.5765],[152.8902,-25.5745],[152.8891,-25.5747],[152.8888,-25.5765]]],[[[153.0069,-25.3569],[153.0049,-25.3535],[153.0042,-25.3531],[153.0069,-25.3569]]],[[[152.954,-25.5097],[152.9553,-25.5086],[152.9549,-25.5068],[152.954,-25.5097]]],[[[152.9421,-25.3727],[152.9405,-25.3747],[152.9409,-25.3753],[152.9421,-25.3727]]],[[[152.9026,-25.4237],[152.9048,-25.4234],[152.9036,-25.4224],[152.9026,-25.4237]]],[[[152.9103,-25.606],[152.9094,-25.605],[152.9113,-25.6075],[152.9103,-25.606]]],[[[152.9515,-25.5501],[152.9549,-25.5472],[152.9521,-25.549],[152.9515,-25.5501]]],[[[152.8395,-25.4866],[152.8425,-25.4867],[152.8391,-25.4864],[152.8395,-25.4866]]],[[[152.9257,-25.2885],[152.9272,-25.2874],[152.9256,-25.2878],[152.9257,-25.2885]]],[[[152.8634,-25.4777],[152.864,-25.4756],[152.8632,-25.4765],[152.8634,-25.4777]]],[[[152.9485,-25.4801],[152.9499,-25.4795],[152.9498,-25.4786],[152.9485,-25.4801]]],[[[152.8772,-25.593],[152.8786,-25.5934],[152.8792,-25.5922],[152.8772,-25.593]]],[[[152.9481,-25.4558],[152.9487,-25.4564],[152.9494,-25.4549],[152.9481,-25.4558]]],[[[152.9152,-25.5848],[152.916,-25.5851],[152.916,-25.5837],[152.9152,-25.5848]]],[[[152.9044,-25.5419],[152.9035,-25.5418],[152.9035,-25.5427],[152.9044,-25.5419]]],[[[152.8983,-25.424],[152.8969,-25.4242],[152.8986,-25.4245],[152.8983,-25.424]]],[[[152.9413,-25.3683],[152.942,-25.3684],[152.9424,-25.3672],[152.9413,-25.3683]]],[[[152.9152,-25.4867],[152.9157,-25.4865],[152.9164,-25.4851],[152.9152,-25.4867]]],[[[152.9072,-25.5367],[152.9075,-25.5372],[152.9083,-25.5362],[152.9072,-25.5367]]],[[[152.8846,-25.5603],[152.8849,-25.5597],[152.8842,-25.5593],[152.8846,-25.5603]]],[[[152.881,-25.5941],[152.8807,-25.5928],[152.8805,-25.5935],[152.881,-25.5941]]],[[[152.9037,-25.5016],[152.9041,-25.5018],[152.9043,-25.501],[152.9037,-25.5016]]],[[[152.9077,-25.5694],[152.9082,-25.569],[152.9077,-25.5686],[152.9077,-25.5694]]],[[[152.9987,-25.3467],[152.9996,-25.3476],[152.9988,-25.3461],[152.9987,-25.3467]]],[[[152.908,-25.5806],[152.9081,-25.58],[152.9074,-25.5798],[152.908,-25.5806]]],[[[152.9039,-25.5404],[152.9043,-25.5394],[152.9039,-25.5397],[152.9039,-25.5404]]],[[[152.9488,-25.452],[152.9493,-25.4514],[152.9489,-25.4514],[152.9488,-25.452]]],[[[152.8857,-25.5524],[152.8869,-25.5516],[152.8858,-25.5521],[152.8857,-25.5524]]],[[[152.9069,-25.4205],[152.9074,-25.4207],[152.908,-25.4205],[152.9069,-25.4205]]],[[[152.8656,-25.5524],[152.8665,-25.5523],[152.8654,-25.5523],[152.8656,-25.5524]]],[[[152.8784,-25.5627],[152.8782,-25.5625],[152.878,-25.5632],[152.8784,-25.5627]]],[[[152.9012,-25.5763],[152.9018,-25.5762],[152.9011,-25.5761],[152.9012,-25.5763]]],[[[152.9003,-25.5758],[152.9011,-25.5756],[152.9003,-25.5756],[152.9003,-25.5758]]],[[[152.909,-25.4231],[152.9094,-25.423],[152.909,-25.4229],[152.909,-25.4231]]],[[[152.9228,-25.5742],[152.9225,-25.5738],[152.9225,-25.5741],[152.9228,-25.5742]]],[[[152.9444,-25.4548],[152.9444,-25.4544],[152.9442,-25.4543],[152.9444,-25.4548]]],[[[152.9221,-25.6185],[152.9223,-25.6183],[152.9221,-25.618],[152.9221,-25.6185]]],[[[152.8991,-25.4246],[152.899,-25.4242],[152.8987,-25.424],[152.8991,-25.4246]]],[[[152.9052,-25.5392],[152.9048,-25.5389],[152.9047,-25.539],[152.9052,-25.5392]]],[[[152.9027,-25.4229],[152.9029,-25.4227],[152.9025,-25.4228],[152.9027,-25.4229]]],[[[152.9363,-25.7436],[152.9365,-25.7436],[152.9364,-25.7435],[152.9363,-25.7436]]]]},"properties":{"lga_code_2023":"33220","lga_name_2023":"Fraser Coast","state_code_2021":"3"}},{"type":"Feature","geometry":{"type":"MultiPolygon","coordinates":[[[[151.4706,-24.5366],[151.4867,-24.5411],[151.4882,-24.5623],[151.5082,-24.5817],[151.5048,-24.5936],[151.5259,-24.6007],[151.5423,-24.6174],[151.5416,-24.6456],[151.5267,-24.6679],[151.5184,-24.6644],[151.5146,-24.6698],[151.5312,-24.6963],[151.5527,-24.6983],[151.5653,-24.7105],[151.5762,-24.702],[151.5953,-24.6998],[151.639,-24.7304],[151.6519,-24.7246],[151.6516,-24.7162],[151.6449,-24.7157],[151.6509,-24.7088],[151.6771,-24.6954],[151.6853,-24.7091],[151.6986,-24.7136],[151.7199,-24.7351],[151.7283,-24.7554],[151.7453,-24.7718],[151.7508,-24.7358],[151.7889,-24.7407],[151.8009,-24.7462],[151.8143,-24.7661],[151.8416,-24.7792],[151.8428,-24.7921],[151.8626,-24.7862],[151.8842,-24.7687],[151.8939,-24.7538],[151.8926,-24.7426],[151.9232,-24.7387],[151.9194,-24.7284],[151.9286,-24.7088],[151.9622,-24.7029],[151.9606,-24.6765],[151.9908,-24.6809],[151.9943,-24.6565],[151.9864,-24.6555],[151.9961,-24.6443],[151.9593,-24.6409],[151.9658,-24.6247],[151.9584,-24.6163],[151.96,-24.6085],[151.9857,-24.6113],[151.9887,-24.5914],[151.9593,-24.587],[151.9687,-24.5804],[151.969,-24.569],[151.984,-24.5536],[151.9818,-24.5495],[151.9871,-24.5493],[151.9853,-24.5419],[151.9931,-24.5411],[151.9863,-24.5366],[151.9964,-24.535],[151.9905,-24.5273],[151.9987,-24.5156],[152.0143,-24.5144],[152.0316,-24.53],[152.046,-24.5268],[152.0576,-24.5124],[152.0422,-24.4986],[152.0059,-24.4337],[151.9537,-24.2876],[151.9434,-24.2401],[151.9284,-24.2279],[151.9204,-24.2109],[151.9062,-24.2078],[151.8863,-24.1494],[151.8828,-24.1755],[151.869,-24.1896],[151.879,-24.1937],[151.8702,-24.1948],[151.8491,-24.2185],[151.8658,-24.1793],[151.8758,-24.1715],[151.8359,-24.1769],[151.8213,-24.1654],[151.8337,-24.1729],[151.8406,-24.1707],[151.8047,-24.1458],[151.7931,-24.1263],[151.7847,-24.1219],[151.7851,-24.1294],[151.7842,-24.1243],[151.7715,-24.1295],[151.7867,-24.1177],[151.7679,-24.0602],[151.7646,-24.0152],[151.7534,-24.0184],[151.7427,-24.0015],[151.7384,-24.0033],[151.7449,-24.032],[151.7349,-24.0419],[151.7414,-24.0423],[151.7383,-24.0468],[151.7253,-24.0498],[151.7322,-24.0619],[151.7158,-24.0873],[151.7208,-24.069],[151.7158,-24.0581],[151.7028,-24.0564],[151.7115,-24.0524],[151.7046,-24.0398],[151.7199,-24.0355],[151.7303,-24.0225],[151.6976,-24.0116],[151.6731,-23.9894],[151.6443,-23.9774],[151.6369,-23.9816],[151.6257,-23.9742],[151.6106,-23.9793],[151.6044,-24.0088],[151.6302,-24.0131],[151.6382,-23.9969],[151.6416,-24.0026],[151.6354,-23.9998],[151.6329,-24.0113],[151.6399,-24.0119],[151.6357,-24.0164],[151.6468,-24.0276],[151.6376,-24.0329],[151.652,-24.0322],[151.6691,-24.0519],[151.6775,-24.0496],[151.6857,-24.0673],[151.6755,-24.0662],[151.6704,-24.0575],[151.6647,-24.0605],[151.6841,-24.0889],[151.6825,-24.1041],[151.6783,-24.1103],[151.6755,-24.0885],[151.6712,-24.0986],[151.6653,-24.0847],[151.6573,-24.0905],[151.652,-24.0737],[151.6491,-24.0821],[151.645,-24.0804],[151.6347,-24.0558],[151.621,-24.055],[151.6104,-24.0425],[151.6051,-24.0481],[151.5955,-24.0446],[151.5827,-24.0499],[151.5737,-24.0357],[151.5649,-24.0369],[151.5553,-24.07],[151.5759,-24.0776],[151.5801,-24.0871],[151.5605,-24.0736],[151.5636,-24.1114],[151.5599,-24.0998],[151.5551,-24.1091],[151.5528,-24.0817],[151.5474,-24.1011],[151.5521,-24.1103],[151.5454,-24.1133],[151.5502,-24.1086],[151.5452,-24.1037],[151.5477,-24.0894],[151.5247,-24.0889],[151.5173,-24.0703],[151.5268,-24.0603],[151.5206,-24.0519],[151.5011,-24.045],[151.5011,-24.0398],[151.5268,-24.0351],[151.5444,-24.0375],[151.5439,-24.0293],[151.4676,-23.9947],[151.4549,-23.9984],[151.4405,-23.992],[151.4416,-24.0158],[151.4659,-24.0349],[151.4693,-24.0316],[151.4704,-24.0382],[151.4748,-24.0336],[151.4714,-24.0389],[151.4753,-24.0369],[151.4812,-24.0497],[151.4795,-24.0607],[151.4938,-24.067],[151.4843,-24.0747],[151.4805,-24.0645],[151.4719,-24.0639],[151.4718,-24.0728],[151.4658,-24.072],[151.4668,-24.0593],[151.4619,-24.0551],[151.4604,-24.065],[151.4553,-24.0568],[151.4573,-24.0374],[151.4435,-24.026],[151.4404,-24.0352],[151.4482,-24.0473],[151.4437,-24.0461],[151.4423,-24.0585],[151.448,-24.0624],[151.4404,-24.0773],[151.4349,-24.0573],[151.4246,-24.046],[151.4354,-24.0264],[151.428,-24.0122],[151.4327,-24.0059],[151.427,-23.9877],[151.3685,-23.9388],[151.3548,-23.9358],[151.3347,-23.9066],[151.3244,-23.8748],[151.3186,-23.8739],[151.3167,-23.8569],[151.3232,-23.8548],[151.3095,-23.8524],[151.2973,-23.8596],[151.2962,-23.8538],[151.2807,-23.8556],[151.2727,-23.8464],[151.2745,-23.8363],[151.252,-23.8322],[151.233,-23.8155],[151.1928,-23.827],[151.1914,-23.8214],[151.173,-23.8159],[151.1645,-23.7956],[151.1842,-23.7931],[151.1699,-23.7856],[151.1653,-23.7634],[151.1558,-23.7682],[151.1547,-23.7792],[151.1442,-23.77],[151.1594,-23.7476],[151.1511,-23.7284],[151.1324,-23.7139],[151.1327,-23.7073],[151.1238,-23.713],[151.128,-23.71],[151.1218,-23.7125],[151.1241,-23.7043],[151.1096,-23.7041],[151.1177,-23.7003],[151.1111,-23.6964],[151.1228,-23.7015],[151.1346,-23.6984],[151.1218,-23.6714],[151.1095,-23.6614],[151.0886,-23.6602],[151.0972,-23.6589],[151.0864,-23.6571],[151.0923,-23.6543],[151.0858,-23.6484],[151.0797,-23.6536],[151.0847,-23.6474],[151.0586,-23.6391],[151.0458,-23.6279],[151.0266,-23.572],[150.9754,-23.5554],[150.968,-23.6051],[150.9301,-23.6232],[150.9246,-23.6183],[150.9325,-23.6097],[150.9586,-23.6004],[150.957,-23.5503],[150.9346,-23.544],[150.8903,-23.5722],[150.8685,-23.5768],[150.8592,-23.6162],[150.8501,-23.6163],[150.8357,-23.6048],[150.8245,-23.6142],[150.8253,-23.6219],[150.84,-23.632],[150.8235,-23.6306],[150.8199,-23.6365],[150.8368,-23.6392],[150.8403,-23.6521],[150.833,-23.6548],[150.8303,-23.6451],[150.8191,-23.6516],[150.8186,-23.6596],[150.8263,-23.6682],[150.8336,-23.659],[150.8344,-23.6724],[150.8172,-23.6723],[150.8288,-23.6817],[150.8201,-23.6851],[150.8157,-23.6757],[150.8075,-23.6805],[150.7987,-23.6771],[150.8084,-23.6824],[150.8026,-23.6895],[150.8184,-23.7034],[150.7988,-23.7088],[150.7911,-23.728],[150.7722,-23.7412],[150.7693,-23.7585],[150.7553,-23.769],[150.7476,-23.7615],[150.7182,-23.7582],[150.7206,-23.7662],[150.7101,-23.7758],[150.6816,-23.7817],[150.6787,-23.7974],[150.6558,-23.8026],[150.6504,-23.815],[150.6598,-23.8194],[150.659,-23.8245],[150.6461,-23.8386],[150.6332,-23.8368],[150.6268,-23.8424],[150.6026,-23.8336],[150.598,-23.844],[150.6231,-23.8965],[150.6202,-23.9052],[150.642,-23.9292],[150.6549,-23.9275],[150.6771,-23.9393],[150.6947,-23.9825],[150.7022,-23.9875],[150.6951,-24.0062],[150.6976,-24.0425],[150.7049,-24.0635],[150.7206,-24.0752],[150.7164,-24.1079],[150.7235,-24.1181],[150.7228,-24.1375],[150.7699,-24.1488],[150.7821,-24.1451],[150.7807,-24.1539],[150.786,-24.1528],[150.8142,-24.1799],[150.8028,-24.2037],[150.8081,-24.2182],[150.7994,-24.2546],[150.7779,-24.2702],[150.7907,-24.2909],[150.7791,-24.3061],[150.7829,-24.3228],[150.7702,-24.3538],[150.786,-24.3719],[150.7979,-24.3668],[150.8323,-24.371],[150.8444,-24.357],[150.8621,-24.3538],[150.8489,-24.3815],[150.8684,-24.4023],[150.8616,-24.4098],[150.8784,-24.4201],[150.8862,-24.4153],[150.9134,-24.4229],[150.9244,-24.4064],[150.9384,-24.4025],[150.9657,-24.4676],[150.9787,-24.4714],[150.9856,-24.4698],[150.9932,-24.4427],[150.9931,-24.4097],[151.005,-24.3946],[151.0296,-24.3922],[151.0451,-24.3949],[151.0453,-24.4129],[151.0574,-24.4276],[151.0932,-24.4435],[151.1137,-24.4745],[151.1181,-24.4671],[151.1329,-24.4648],[151.1379,-24.4556],[151.1534,-24.4606],[151.1692,-24.479],[151.154,-24.5128],[151.1575,-24.547],[151.169,-24.5497],[151.1995,-24.5398],[151.2021,-24.5312],[151.2293,-24.5277],[151.2257,-24.5685],[151.2185,-24.5755],[151.2302,-24.6279],[151.2077,-24.6246],[151.1932,-24.6351],[151.1947,-24.6425],[151.2201,-24.6339],[151.2302,-24.639],[151.2374,-24.6533],[151.2458,-24.6523],[151.2536,-24.666],[151.2746,-24.6539],[151.2919,-24.6576],[151.3023,-24.6682],[151.3153,-24.6473],[151.3453,-24.6463],[151.3712,-24.6092],[151.4068,-24.6154],[151.4107,-24.5966],[151.4305,-24.5937],[151.4419,-24.5777],[151.4334,-24.5635],[151.457,-24.5706],[151.4706,-24.5366]]],[[[151.0499,-23.4315],[151.0504,-23.4256],[151.0488,-23.4271],[151.0499,-23.4315]]],[[[151.1551,-23.4054],[151.163,-23.3967],[151.1451,-23.3985],[151.1551,-23.4054]]],[[[151.277,-23.5338],[151.2779,-23.5317],[151.2755,-23.5329],[151.277,-23.5338]]],[[[151.2717,-23.5371],[151.272,-23.5348],[151.2704,-23.535],[151.2717,-23.5371]]],[[[151.1857,-23.4965],[151.1739,-23.4985],[151.207,-23.5046],[151.1857,-23.4965]]],[[[151.0985,-23.4833],[151.1031,-23.4817],[151.1,-23.4812],[151.0985,-23.4833]]],[[[151.1044,-23.4805],[151.0995,-23.4766],[151.101,-23.4791],[151.1044,-23.4805]]],[[[151.3166,-23.7648],[151.3193,-23.7652],[151.3177,-23.764],[151.3166,-23.7648]]],[[[151.2731,-23.7634],[151.275,-23.7704],[151.271,-23.7659],[151.2648,-23.7781],[151.2853,-23.7974],[151.2903,-23.7617],[151.3003,-23.7542],[151.3153,-23.7592],[151.3,-23.7422],[151.2866,-23.6841],[151.2789,-23.6801],[151.2722,-23.6629],[151.2614,-23.6664],[151.2484,-23.6569],[151.2394,-23.6432],[151.2367,-23.622],[151.2256,-23.6095],[151.2254,-23.5662],[151.2392,-23.49],[151.2352,-23.4837],[151.2321,-23.4946],[151.2185,-23.5035],[151.2221,-23.5094],[151.2174,-23.5184],[151.1834,-23.5413],[151.1931,-23.531],[151.1837,-23.5313],[151.1935,-23.5275],[151.1826,-23.5209],[151.1955,-23.5234],[151.1914,-23.5187],[151.1993,-23.5201],[151.2024,-23.5121],[151.1551,-23.5113],[151.1231,-23.4907],[151.1257,-23.4989],[151.0868,-23.4799],[151.085,-23.4879],[151.0727,-23.4884],[151.0779,-23.4828],[151.0719,-23.4737],[151.0809,-23.4666],[151.057,-23.4477],[151.0479,-23.4525],[151.0516,-23.4562],[151.0171,-23.4523],[151.0121,-23.4753],[150.9777,-23.4883],[150.9896,-23.4976],[151.0126,-23.5537],[151.0325,-23.5704],[151.0477,-23.6229],[151.0921,-23.6448],[151.0967,-23.6573],[151.1025,-23.6582],[151.0984,-23.6515],[151.1034,-23.6496],[151.1042,-23.6581],[151.1297,-23.6692],[151.179,-23.7571],[151.1883,-23.7641],[151.1866,-23.7702],[151.1999,-23.7832],[151.222,-23.7994],[151.2273,-23.7903],[151.2451,-23.7942],[151.2447,-23.7683],[151.2454,-23.7798],[151.2564,-23.7796],[151.2612,-23.7729],[151.2546,-23.768],[151.2611,-23.7686],[151.2602,-23.7571],[151.2539,-23.7548],[151.2634,-23.7489],[151.2621,-23.7574],[151.2745,-23.7523],[151.2625,-23.7588],[151.264,-23.7766],[151.2731,-23.7634]]],[[[151.2561,-23.7872],[151.2623,-23.7923],[151.2587,-23.7804],[151.2561,-23.7872]]],[[[151.2549,-23.8094],[151.2572,-23.8067],[151.2555,-23.8027],[151.2549,-23.8094]]],[[[151.2631,-23.7982],[151.265,-23.8017],[151.264,-23.796],[151.2631,-23.7982]]],[[[151.2274,-23.802],[151.2304,-23.8018],[151.2293,-23.799],[151.2274,-23.802]]],[[[151.2454,-23.8128],[151.2472,-23.8116],[151.2451,-23.8079],[151.2454,-23.8128]]],[[[151.2417,-23.8039],[151.243,-23.8039],[151.2412,-23.8021],[151.2417,-23.8039]]],[[[151.2268,-23.8144],[151.2262,-23.8131],[151.2251,-23.8133],[151.2268,-23.8144]]],[[[151.2845,-23.8054],[151.286,-23.8188],[151.2885,-23.8042],[151.2821,-23.8013],[151.2845,-23.8054]]],[[[151.3364,-23.8304],[151.3377,-23.836],[151.3419,-23.826],[151.3364,-23.8304]]],[[[151.2163,-23.8186],[151.2186,-23.8205],[151.2228,-23.8176],[151.2163,-23.8186]]],[[[151.3642,-23.8587],[151.3663,-23.8748],[151.374,-23.8811],[151.3893,-23.8756],[151.3941,-23.8653],[151.3737,-23.8126],[151.3408,-23.7851],[151.3325,-23.754],[151.3327,-23.7684],[151.3233,-23.7773],[151.328,-23.798],[151.3398,-23.8061],[151.3366,-23.8249],[151.354,-23.819],[151.3607,-23.8241],[151.3642,-23.8475],[151.3707,-23.8427],[151.3642,-23.8587]]],[[[151.3359,-23.8387],[151.3385,-23.84],[151.3372,-23.8381],[151.3359,-23.8387]]],[[[151.3823,-23.8776],[151.3824,-23.8777],[151.3826,-23.8774],[151.3823,-23.8776]]],[[[152.3002,-23.8015],[152.3018,-23.8008],[152.2998,-23.7997],[152.3002,-23.8015]]],[[[151.7258,-23.5373],[151.7203,-23.5385],[151.7318,-23.5394],[151.7258,-23.5373]]],[[[152.0906,-23.5082],[152.0918,-23.5055],[152.0897,-23.5063],[152.0906,-23.5082]]],[[[151.7711,-23.5029],[151.7727,-23.5021],[151.7704,-23.5018],[151.7711,-23.5029]]],[[[151.9156,-23.4414],[151.9103,-23.4421],[151.9193,-23.4429],[151.9156,-23.4414]]],[[[151.9557,-23.3335],[151.9584,-23.3333],[151.9599,-23.3313],[151.9557,-23.3335]]],[[[151.9147,-23.3057],[151.9171,-23.3042],[151.9148,-23.3041],[151.9147,-23.3057]]],[[[151.7067,-23.3011],[151.7171,-23.2948],[151.7007,-23.2952],[151.7067,-23.3011]]],[[[151.7751,-23.249],[151.7826,-23.2458],[151.7803,-23.2449],[151.7751,-23.249]]],[[[152.713,-24.1179],[152.7182,-24.1165],[152.7173,-24.1089],[152.7119,-24.1109],[152.713,-24.1179]]],[[[152.3897,-23.9091],[152.3938,-23.9092],[152.3954,-23.9052],[152.3897,-23.9091]]],[[[152.3664,-23.8641],[152.367,-23.8631],[152.3657,-23.8624],[152.3664,-23.8641]]],[[[152.373,-23.8572],[152.3807,-23.8526],[152.379,-23.8518],[152.373,-23.8572]]],[[[152.2874,-23.8071],[152.2887,-23.8087],[152.2926,-23.8053],[152.2874,-23.8071]]],[[[152.3684,-23.858],[152.3693,-23.8575],[152.3681,-23.8564],[152.3684,-23.858]]],[[[151.5371,-24.0832],[151.5477,-24.0784],[151.5417,-24.0747],[151.5371,-24.0832]]],[[[151.6522,-24.0469],[151.6606,-24.0527],[151.6641,-24.0482],[151.6605,-24.0429],[151.6489,-24.0445],[151.6522,-24.0469]]],[[[151.6559,-24.0432],[151.6528,-24.0363],[151.6442,-24.0367],[151.6559,-24.0432]]],[[[151.6343,-24.0251],[151.6348,-24.0228],[151.6241,-24.0221],[151.6343,-24.0251]]],[[[151.6628,-24.0522],[151.6661,-24.0507],[151.665,-24.0497],[151.6628,-24.0522]]],[[[151.7277,-24.0453],[151.7254,-24.0455],[151.7233,-24.0488],[151.7277,-24.0453]]],[[[151.6737,-24.0544],[151.6734,-24.0549],[151.677,-24.0561],[151.6737,-24.0544]]],[[[151.7277,-24.0618],[151.7291,-24.0612],[151.7274,-24.0603],[151.7277,-24.0618]]],[[[151.6259,-24.0166],[151.6261,-24.0143],[151.6251,-24.016],[151.6259,-24.0166]]],[[[151.7369,-24.0337],[151.7367,-24.0321],[151.7356,-24.0331],[151.7369,-24.0337]]],[[[151.6703,-24.0547],[151.67,-24.0535],[151.6686,-24.0538],[151.6703,-24.0547]]],[[[151.7326,-24.0183],[151.7333,-24.017],[151.7323,-24.0167],[151.7326,-24.0183]]],[[[151.871,-24.1684],[151.8763,-24.1679],[151.8799,-24.1627],[151.871,-24.1684]]],[[[151.4685,-24.0628],[151.4714,-24.0627],[151.4696,-24.0606],[151.4685,-24.0628]]],[[[151.4696,-24.0663],[151.4679,-24.0652],[151.4684,-24.0672],[151.4696,-24.0663]]],[[[151.4611,-24.0582],[151.4587,-24.0567],[151.458,-24.0585],[151.4611,-24.0582]]],[[[151.4612,-24.0618],[151.4613,-24.0604],[151.4598,-24.0601],[151.4612,-24.0618]]],[[[151.434,-24.0519],[151.44,-24.0475],[151.4347,-24.0362],[151.4268,-24.0439],[151.434,-24.0519]],[[151.4697,-24.0451],[151.4752,-24.0537],[151.4644,-24.0373],[151.4697,-24.0451]]],[[[151.4573,-24.0501],[151.4607,-24.0565],[151.4598,-24.0394],[151.4573,-24.0501]]],[[[151.43,-24.0509],[151.4325,-24.0528],[151.4314,-24.0508],[151.43,-24.0509]]]]},"properties":{"lga_code_2023":"33360","lga_name_2023":"Gladstone","state_code_2021":"3"}},{"type":"Feature","geometry":{"type":"MultiPolygon","coordinates":[[[[153.4891,-28.1318],[153.487,-28.1246],[153.4794,-28.1264],[153.4717,-28.1174],[153.4438,-28.0651],[153.4304,-27.991],[153.4293,-27.9381],[153.4336,-27.9351],[153.4213,-27.9409],[153.4272,-27.9722],[153.4216,-27.9785],[153.4246,-27.9832],[153.4184,-27.983],[153.4218,-27.9918],[153.4281,-27.9888],[153.426,-27.9986],[153.4186,-27.991],[153.415,-27.999],[153.4214,-27.9741],[153.4103,-27.955],[153.4079,-27.9088],[153.3963,-27.8844],[153.4006,-27.8723],[153.3906,-27.8775],[153.3792,-27.8739],[153.3825,-27.8907],[153.3687,-27.8969],[153.3585,-27.8933],[153.3578,-27.9118],[153.3488,-27.9193],[153.3432,-27.9101],[153.3484,-27.9018],[153.3424,-27.8949],[153.3523,-27.9021],[153.3577,-27.891],[153.3511,-27.89],[153.3717,-27.8937],[153.3808,-27.8891],[153.3816,-27.8599],[153.3664,-27.8513],[153.3796,-27.8551],[153.3846,-27.874],[153.3943,-27.8739],[153.3971,-27.8684],[153.3911,-27.8705],[153.4019,-27.8638],[153.3984,-27.8575],[153.3956,-27.8642],[153.3948,-27.8404],[153.3791,-27.8428],[153.3859,-27.8272],[153.3711,-27.8161],[153.3687,-27.8017],[153.3499,-27.8002],[153.3666,-27.7963],[153.3815,-27.8013],[153.3916,-27.794],[153.3843,-27.7844],[153.4266,-27.7785],[153.4356,-27.7629],[153.4393,-27.7358],[153.4123,-27.7409],[153.3925,-27.7078],[153.3565,-27.7117],[153.3483,-27.6952],[153.3292,-27.6964],[153.3209,-27.7105],[153.3039,-27.7145],[153.2925,-27.692],[153.2735,-27.698],[153.2662,-27.6927],[153.2433,-27.6983],[153.2343,-27.694],[153.2335,-27.711],[153.2127,-27.7153],[153.2326,-27.7238],[153.2164,-27.7271],[153.2183,-27.7369],[153.2012,-27.74],[153.198,-27.7641],[153.1864,-27.7754],[153.193,-27.78],[153.1689,-27.8012],[153.1833,-27.8193],[153.1729,-27.8344],[153.1806,-27.8412],[153.1811,-27.8539],[153.1889,-27.8551],[153.1807,-27.8951],[153.2155,-27.9028],[153.2066,-27.9492],[153.2199,-27.9474],[153.2252,-27.9561],[153.2202,-27.9763],[153.2251,-27.9817],[153.2008,-27.9816],[153.2107,-27.993],[153.2205,-27.9944],[153.2178,-28.0082],[153.2389,-28.0112],[153.2287,-28.0551],[153.2251,-28.0612],[153.216,-28.06],[153.2202,-28.0649],[153.2134,-28.0803],[153.2324,-28.0853],[153.2299,-28.1],[153.2213,-28.1114],[153.2157,-28.1085],[153.2141,-28.1174],[153.2008,-28.1192],[153.1948,-28.1575],[153.1987,-28.1633],[153.1839,-28.1925],[153.1935,-28.1916],[153.189,-28.204],[153.2074,-28.253],[153.2182,-28.2632],[153.2328,-28.2651],[153.2439,-28.2473],[153.2796,-28.2335],[153.3048,-28.2397],[153.3257,-28.2359],[153.3391,-28.2505],[153.3573,-28.2493],[153.3897,-28.2348],[153.4057,-28.211],[153.4358,-28.1872],[153.457,-28.1805],[153.4769,-28.1569],[153.5346,-28.1776],[153.5522,-28.1644],[153.523,-28.166],[153.4891,-28.1318]]],[[[153.4404,-27.7405],[153.4488,-27.7379],[153.4454,-27.7344],[153.4404,-27.7405]]],[[[153.3055,-27.7141],[153.3095,-27.7129],[153.302,-27.7122],[153.3055,-27.7141]]],[[[153.319,-27.7077],[153.311,-27.7104],[153.3166,-27.7092],[153.319,-27.7077]]],[[[153.4153,-27.8657],[153.4156,-27.8677],[153.4161,-27.8666],[153.4153,-27.8657]]],[[[153.4153,-27.8992],[153.4147,-27.8989],[153.4145,-27.8997],[153.4153,-27.8992]]],[[[153.4133,-27.813],[153.419,-27.8106],[153.4175,-27.8073],[153.4133,-27.813]]],[[[153.4209,-27.8083],[153.4221,-27.8042],[153.4205,-27.8058],[153.4209,-27.8083]]],[[[153.414,-27.8027],[153.4144,-27.8017],[153.4136,-27.8021],[153.414,-27.8027]]],[[[153.4169,-27.8798],[153.4217,-27.8791],[153.4158,-27.869],[153.4169,-27.8798]]],[[[153.4163,-27.7918],[153.416,-27.7952],[153.4248,-27.7838],[153.4163,-27.7918]]],[[[153.4142,-27.8099],[153.4219,-27.7941],[153.4137,-27.8038],[153.4142,-27.8099]]],[[[153.438,-27.7694],[153.4361,-27.7688],[153.4339,-27.7712],[153.438,-27.7694]]],[[[153.4288,-27.7805],[153.4297,-27.7822],[153.4312,-27.7807],[153.4288,-27.7805]]],[[[153.4152,-27.7971],[153.4161,-27.798],[153.4171,-27.7966],[153.4152,-27.7971]]],[[[153.4148,-27.8005],[153.4164,-27.7984],[153.415,-27.7985],[153.4148,-27.8005]]],[[[153.4359,-27.7722],[153.4367,-27.7712],[153.4358,-27.7715],[153.4359,-27.7722]]],[[[153.4156,-27.7863],[153.4163,-27.7857],[153.4156,-27.7856],[153.4156,-27.7863]]],[[[153.4049,-27.8673],[153.4001,-27.8686],[153.4009,-27.8819],[153.4105,-27.8721],[153.4049,-27.8673]]],[[[153.3955,-27.833],[153.3819,-27.8363],[153.3956,-27.84],[153.3955,-27.833]]],[[[153.4179,-27.9353],[153.4115,-27.9315],[153.4162,-27.9401],[153.4179,-27.9353]]],[[[153.4132,-27.9048],[153.4095,-27.8989],[153.4127,-27.9077],[153.4132,-27.9048]]],[[[153.401,-27.8879],[153.4037,-27.8868],[153.4007,-27.8835],[153.401,-27.8879]]],[[[153.4001,-27.8581],[153.4032,-27.863],[153.4022,-27.8591],[153.4001,-27.8581]]],[[[153.4098,-27.8497],[153.4084,-27.8482],[153.4092,-27.8514],[153.4098,-27.8497]]],[[[153.4074,-27.8508],[153.408,-27.8503],[153.4073,-27.8479],[153.4074,-27.8508]]],[[[153.4114,-27.8995],[153.4119,-27.8998],[153.4115,-27.8991],[153.4114,-27.8995]]],[[[153.4026,-27.8646],[153.4029,-27.8641],[153.4026,-27.8642],[153.4026,-27.8646]]],[[[153.3965,-27.8311],[153.3966,-27.8309],[153.3963,-27.8307],[153.3965,-27.8311]]],[[[153.4193,-27.8827],[153.4178,-27.9203],[153.4225,-27.932],[153.4302,-27.9336],[153.4251,-27.8966],[153.4453,-27.7584],[153.4397,-27.7511],[153.4308,-27.7963],[153.4065,-27.834],[153.4094,-27.8573],[153.4235,-27.8736],[153.4193,-27.8827]]],[[[153.3861,-27.786],[153.3919,-27.7946],[153.3732,-27.8116],[153.384,-27.8204],[153.4029,-27.8117],[153.4116,-27.7909],[153.4064,-27.783],[153.3861,-27.786]]],[[[153.3883,-27.8212],[153.3822,-27.8232],[153.3967,-27.829],[153.3973,-27.8225],[153.3883,-27.8212]]],[[[153.3993,-27.8193],[153.402,-27.8213],[153.4079,-27.8096],[153.3993,-27.8193]]],[[[153.3734,-27.8021],[153.3732,-27.8073],[153.3813,-27.8017],[153.3734,-27.8021]]],[[[153.3835,-27.8307],[153.3921,-27.832],[153.3868,-27.8288],[153.3835,-27.8307]]],[[[153.3562,-27.7988],[153.3613,-27.8001],[153.3632,-27.7983],[153.3562,-27.7988]]],[[[153.3842,-27.7996],[153.387,-27.7987],[153.3842,-27.796],[153.3842,-27.7996]]],[[[153.4017,-27.8276],[153.404,-27.8267],[153.402,-27.8249],[153.4017,-27.8276]]],[[[153.3933,-27.8285],[153.3916,-27.83],[153.3928,-27.8311],[153.3933,-27.8285]]],[[[153.4007,-27.8293],[153.3989,-27.827],[153.3986,-27.8283],[153.4007,-27.8293]]],[[[153.4036,-27.8214],[153.4045,-27.8205],[153.4045,-27.8188],[153.4036,-27.8214]]],[[[153.3996,-27.8243],[153.4012,-27.8249],[153.3995,-27.8236],[153.3996,-27.8243]]],[[[153.4004,-27.8231],[153.4016,-27.823],[153.4001,-27.8223],[153.4004,-27.8231]]],[[[153.3851,-27.8249],[153.3844,-27.825],[153.3849,-27.826],[153.3851,-27.8249]]],[[[153.4094,-27.8122],[153.4102,-27.8107],[153.41,-27.8101],[153.4094,-27.8122]]],[[[153.4025,-27.8291],[153.403,-27.8287],[153.4023,-27.8287],[153.4025,-27.8291]]]]},"properties":{"lga_code_2023":"33430","lga_name_2023":"Gold Coast","state_code_2021":"3"}},{"type":"Feature","geometry":{"type":"Polygon","coordinates":[[[149.5882,-28.5738],[149.5983,-28.5798],[149.5977,-28.5889],[149.606,-28.5877],[149.6049,-28.5977],[149.611,-28.6011],[149.6254,-28.5936],[149.6421,-28.5992],[149.6476,-28.6123],[149.6563,-28.6159],[149.6618,-28.6104],[149.6732,-28.6239],[149.6667,-28.6321],[149.6785,-28.635],[149.6895,-28.6284],[149.6911,-28.6343],[149.704,-28.6339],[149.7033,-28.6254],[149.7102,-28.6204],[149.704,-28.6167],[149.7233,-28.6131],[149.7212,-28.6094],[149.7295,-28.6109],[149.7263,-28.6158],[149.7418,-28.6134],[149.745,-28.6187],[149.7547,-28.6099],[149.7599,-28.6155],[149.7726,-28.6145],[149.7725,-28.6093],[149.7838,-28.6144],[149.8117,-28.6061],[149.8194,-28.6168],[149.8314,-28.6038],[149.8449,-28.6106],[149.8621,-28.6024],[149.868,-28.6075],[149.8741,-28.6035],[149.8775,-28.612],[149.8905,-28.6127],[149.8895,-28.6189],[149.8938,-28.616],[149.8996,-28.6222],[149.9173,-28.6081],[149.9361,-28.6104],[149.9421,-28.6184],[149.9509,-28.6083],[149.9627,-28.6125],[149.9722,-28.6081],[149.9772,-28.6136],[150.0154,-28.5805],[150.0269,-28.579],[150.0362,-28.5862],[150.0457,-28.5823],[150.0488,-28.5894],[150.0581,-28.579],[150.0726,-28.5766],[150.08,-28.5843],[150.0809,-28.5775],[150.0928,-28.5784],[150.0922,-28.5641],[150.1111,-28.5703],[150.1216,-28.5596],[150.1316,-28.5656],[150.1364,-28.56],[150.1385,-28.5655],[150.1525,-28.5502],[150.1543,-28.5574],[150.1687,-28.5506],[150.1705,-28.5635],[150.1826,-28.5565],[150.1773,-28.5634],[150.1858,-28.5651],[150.1811,-28.5691],[150.1864,-28.573],[150.1918,-28.5667],[150.2126,-28.5743],[150.2137,-28.5672],[150.2285,-28.5678],[150.2337,-28.5608],[150.2299,-28.5557],[150.2386,-28.56],[150.2356,-28.5539],[150.2901,-28.5372],[150.3202,-28.557],[150.3279,-28.5711],[150.3506,-28.5751],[150.3515,-28.5867],[150.3628,-28.5891],[150.3682,-28.5983],[150.3633,-28.6074],[150.3703,-28.6105],[150.3701,-28.6211],[150.3867,-28.626],[150.3892,-28.6342],[150.4022,-28.6273],[150.4159,-28.6355],[150.4144,-28.652],[150.4246,-28.6506],[150.4404,-28.6637],[150.4567,-28.6636],[150.4589,-28.669],[150.4863,-28.6574],[150.5162,-28.6619],[150.5246,-28.6545],[150.5393,-28.66],[150.5256,-28.6656],[150.5275,-28.6693],[150.551,-28.6716],[150.5544,-28.6643],[150.5483,-28.6582],[150.5539,-28.6533],[150.5609,-28.6623],[150.5816,-28.6559],[150.5999,-28.6651],[150.6005,-28.6713],[150.618,-28.674],[150.6254,-28.669],[150.6322,-28.6771],[150.6415,-28.6654],[150.6734,-28.6505],[150.6814,-28.6617],[150.7096,-28.6522],[150.7103,-28.6455],[150.7289,-28.6349],[150.7672,-28.6385],[150.7963,-28.6561],[150.8186,-28.6576],[150.8188,-28.6667],[150.849,-28.6737],[150.8741,-28.6944],[150.8803,-28.6891],[150.8859,-28.6958],[150.8947,-28.6885],[150.9074,-28.6885],[150.9306,-28.7051],[150.9384,-28.7312],[150.9459,-28.7288],[150.9524,-28.7367],[150.9633,-28.7378],[150.9795,-28.7326],[151.0105,-28.7413],[151.0266,-28.7561],[151.0291,-28.7695],[151.0186,-28.7731],[151.0258,-28.782],[151.0241,-28.7935],[151.0413,-28.7979],[151.0389,-28.8383],[151.0523,-28.8495],[151.0715,-28.8449],[151.0827,-28.8345],[151.1033,-28.8366],[151.1045,-28.8441],[151.1251,-28.8506],[151.1319,-28.8601],[151.1611,-28.8654],[151.173,-28.8803],[151.1996,-28.8843],[151.215,-28.9043],[151.2294,-28.9088],[151.2346,-28.9048],[151.2423,-28.9234],[151.2742,-28.9379],[151.2815,-28.9585],[151.2719,-28.9727],[151.2821,-28.981],[151.2764,-28.9871],[151.2841,-29.0068],[151.2835,-29.0175],[151.2717,-29.0304],[151.2865,-29.0367],[151.2905,-29.0511],[151.2751,-29.0764],[151.2805,-29.1022],[151.2903,-29.1139],[151.3011,-29.114],[151.318,-29.1381],[151.3093,-29.1466],[151.3156,-29.1661],[151.3384,-29.1793],[151.3585,-29.1723],[151.3941,-29.178],[151.4099,-29.1539],[151.4286,-29.1471],[151.4527,-29.1263],[151.4629,-29.0983],[151.4853,-29.0893],[151.4934,-29.0718],[151.5028,-29.0699],[151.4901,-29.0566],[151.5051,-29.0097],[151.4581,-28.9988],[151.4435,-29.0252],[151.4502,-29.0427],[151.4473,-29.0595],[151.4339,-29.068],[151.3991,-29.0536],[151.3855,-29.055],[151.3843,-29.0621],[151.3755,-29.0589],[151.3759,-29.0493],[151.3609,-29.0469],[151.3509,-29.0286],[151.3659,-29.0202],[151.3632,-29.0027],[151.3711,-29.0025],[151.3782,-28.9923],[151.3828,-28.9692],[151.3786,-28.9281],[151.3878,-28.9013],[151.3815,-28.8914],[151.3826,-28.8747],[151.3928,-28.8511],[151.3902,-28.8406],[151.4181,-28.8161],[151.4191,-28.7941],[151.4271,-28.7859],[151.4353,-28.7872],[151.4506,-28.7718],[151.4536,-28.7594],[151.4784,-28.7448],[151.4738,-28.7314],[151.4962,-28.7148],[151.5256,-28.6787],[151.5321,-28.648],[151.5463,-28.6371],[151.5459,-28.6244],[151.5619,-28.6206],[151.5818,-28.5862],[151.5996,-28.5852],[151.6052,-28.5753],[151.5951,-28.5516],[151.6161,-28.5454],[151.6402,-28.5242],[151.6467,-28.4932],[151.6393,-28.4529],[151.6506,-28.4425],[151.6622,-28.4436],[151.6787,-28.4284],[151.6816,-28.4086],[151.696,-28.4051],[151.7022,-28.3908],[151.6934,-28.3516],[151.7101,-28.3378],[151.691,-28.3101],[151.6784,-28.3012],[151.6524,-28.3021],[151.6406,-28.2865],[151.6425,-28.2808],[151.6297,-28.2742],[151.588,-28.2742],[151.5456,-28.2877],[151.5343,-28.2754],[151.5309,-28.2783],[151.509,-28.2585],[151.5032,-28.2335],[151.4822,-28.2215],[151.4772,-28.2073],[151.4807,-28.1894],[151.4641,-28.1795],[151.4412,-28.1518],[151.3969,-28.1674],[151.3764,-28.1541],[151.3668,-28.1562],[151.3401,-28.1782],[151.3093,-28.1723],[151.2733,-28.1923],[151.2059,-28.1835],[151.207,-28.1774],[151.1946,-28.1755],[151.185,-28.1837],[151.1706,-28.1819],[151.1732,-28.167],[151.1255,-28.1764],[151.0907,-28.1743],[151.0919,-28.1675],[151.0597,-28.1618],[151.0467,-28.1671],[151.0376,-28.1412],[151.0553,-28.1082],[151.0557,-28.094],[150.8562,-28.0696],[150.8519,-28.0598],[150.8364,-28.0651],[150.8256,-28.0542],[150.8321,-28.0305],[150.8052,-28.0148],[150.7951,-27.9925],[150.7606,-27.9832],[150.7509,-27.9698],[150.742,-27.9756],[150.7356,-27.971],[150.735,-27.9485],[150.7085,-27.934],[150.694,-27.9331],[150.6775,-27.9188],[150.6742,-27.9037],[150.6464,-27.8951],[150.6448,-27.8507],[150.6212,-27.811],[150.6036,-27.8062],[150.575,-27.7793],[150.5208,-27.7724],[150.5137,-27.766],[150.489,-27.7879],[150.4582,-27.7603],[150.4506,-27.767],[150.4412,-27.761],[150.4392,-27.7683],[150.41,-27.7465],[150.3831,-27.7643],[150.3933,-27.7763],[150.3869,-27.7833],[150.3788,-27.7826],[150.3611,-27.7649],[150.3351,-27.7614],[150.3264,-27.8087],[150.2742,-27.8028],[150.2767,-27.8516],[150.2461,-27.8518],[150.2483,-27.9077],[150.2321,-27.9058],[150.2233,-27.8943],[150.1567,-27.9226],[150.1363,-27.9105],[150.1239,-27.9443],[150.117,-27.9439],[150.1216,-27.9505],[150.1169,-27.9633],[150.0695,-27.9582],[150.0659,-27.9855],[149.9318,-27.9672],[149.7865,-28.0063],[149.632,-27.9871],[149.6274,-28.0145],[149.4576,-27.9929],[149.4454,-28.0715],[149.4308,-28.07],[149.4055,-28.2286],[149.0416,-28.1859],[148.9587,-28.2884],[148.9241,-28.5591],[148.9353,-28.5603],[148.9196,-28.6569],[148.9872,-28.6635],[148.9748,-28.7591],[148.9912,-28.7604],[148.9817,-28.8203],[149.0438,-28.8926],[149.0481,-28.8864],[149.0563,-28.8997],[149.064,-28.8891],[149.055,-28.8844],[149.08,-28.8582],[149.0805,-28.842],[149.0968,-28.8316],[149.1032,-28.8386],[149.1119,-28.83],[149.1279,-28.8355],[149.1435,-28.8223],[149.1396,-28.8067],[149.16,-28.8109],[149.1792,-28.803],[149.1868,-28.7941],[149.1861,-28.782],[149.1924,-28.7807],[149.1884,-28.7753],[149.2142,-28.7634],[149.2246,-28.7647],[149.2304,-28.7507],[149.2432,-28.7471],[149.2453,-28.739],[149.2536,-28.7422],[149.2621,-28.7341],[149.2693,-28.7433],[149.2719,-28.7332],[149.2857,-28.7319],[149.2824,-28.7281],[149.2938,-28.7112],[149.3184,-28.7139],[149.32,-28.7059],[149.3286,-28.7074],[149.3306,-28.6973],[149.3466,-28.6968],[149.3582,-28.6841],[149.3669,-28.6924],[149.3689,-28.6874],[149.3759,-28.6928],[149.3787,-28.6885],[149.3875,-28.6962],[149.3938,-28.6775],[149.4054,-28.6754],[149.4171,-28.6547],[149.4233,-28.6551],[149.4168,-28.6513],[149.4309,-28.6431],[149.4282,-28.6294],[149.4431,-28.6202],[149.439,-28.6117],[149.4518,-28.6042],[149.4558,-28.5927],[149.4754,-28.5938],[149.4812,-28.5827],[149.5029,-28.5807],[149.5037,-28.5743],[149.5138,-28.5819],[149.5294,-28.5744],[149.5529,-28.5809],[149.5684,-28.5716],[149.5882,-28.5738]]]},"properties":{"lga_code_2023":"33610","lga_name_2023":"Goondiwindi","state_code_2021":"3"}},{"type":"Feature","geometry":{"type":"MultiPolygon","coordinates":[[[[152.0015,-26.1904],[152.0106,-26.1989],[152.0025,-26.2187],[152.0089,-26.2286],[152.0202,-26.2254],[152.0401,-26.2454],[152.0519,-26.2369],[152.0614,-26.243],[152.0662,-26.2754],[152.0784,-26.2851],[152.0805,-26.2949],[152.0638,-26.3426],[152.0507,-26.3541],[152.0092,-26.3493],[152.0126,-26.3556],[152.001,-26.3626],[152.0041,-26.3755],[152.0688,-26.3831],[152.0727,-26.3592],[152.0964,-26.3735],[152.1211,-26.3773],[152.1219,-26.3935],[152.1343,-26.397],[152.1413,-26.4067],[152.1487,-26.4014],[152.1594,-26.4155],[152.1672,-26.4167],[152.1738,-26.4381],[152.1677,-26.4754],[152.2074,-26.5118],[152.2147,-26.5127],[152.2213,-26.5039],[152.2312,-26.5074],[152.234,-26.4955],[152.2292,-26.4927],[152.2531,-26.4846],[152.2588,-26.4702],[152.2671,-26.4692],[152.2781,-26.4528],[152.3046,-26.4661],[152.316,-26.4809],[152.3644,-26.4631],[152.3901,-26.4761],[152.4027,-26.474],[152.4121,-26.4645],[152.4207,-26.4675],[152.4428,-26.4602],[152.4386,-26.4862],[152.4476,-26.4842],[152.4361,-26.5376],[152.4434,-26.528],[152.4496,-26.5309],[152.4402,-26.5569],[152.4509,-26.5584],[152.4491,-26.5698],[152.4585,-26.571],[152.457,-26.5809],[152.5198,-26.5883],[152.5115,-26.5674],[152.554,-26.5726],[152.565,-26.5837],[152.5879,-26.5797],[152.5944,-26.5847],[152.6027,-26.5779],[152.6063,-26.5843],[152.6256,-26.582],[152.6603,-26.5971],[152.6805,-26.5977],[152.6813,-26.5825],[152.7084,-26.5599],[152.7122,-26.5462],[152.7284,-26.537],[152.7451,-26.5496],[152.7545,-26.5497],[152.7583,-26.5366],[152.7641,-26.5402],[152.7692,-26.5343],[152.7597,-26.525],[152.7621,-26.5106],[152.7434,-26.5081],[152.7439,-26.5027],[152.7656,-26.4825],[152.7576,-26.4684],[152.7644,-26.4694],[152.7655,-26.4636],[152.768,-26.4703],[152.7886,-26.473],[152.7969,-26.4158],[152.7893,-26.4035],[152.7787,-26.4036],[152.7791,-26.3953],[152.769,-26.3939],[152.7707,-26.3726],[152.763,-26.375],[152.7652,-26.3623],[152.7709,-26.3439],[152.7926,-26.3514],[152.8309,-26.2161],[152.85,-26.2184],[152.853,-26.1985],[152.8764,-26.2013],[152.8913,-26.2185],[152.9037,-26.2072],[152.9228,-26.2093],[152.9226,-26.1987],[152.9441,-26.1968],[152.9651,-26.1803],[152.9738,-26.1371],[153.0963,-26.1548],[153.1417,-26.0296],[153.1922,-25.9324],[153.1823,-25.9283],[153.1765,-25.9458],[153.162,-25.9498],[153.1381,-25.9449],[153.1199,-25.9336],[153.0859,-25.8887],[153.0722,-25.8118],[153.0455,-25.8083],[153.0708,-25.8196],[153.0714,-25.8261],[153.0543,-25.827],[153.0465,-25.8494],[153.0473,-25.8619],[153.0611,-25.8711],[153.0661,-25.8856],[153.0573,-25.8875],[153.0583,-25.9021],[153.053,-25.9062],[153.0583,-25.9144],[153.0503,-25.9089],[153.0514,-25.8982],[153.0373,-25.9123],[153.0297,-25.9113],[153.0347,-25.905],[153.0246,-25.9078],[153.0277,-25.9223],[153.0568,-25.9296],[153.0462,-25.9317],[153.0491,-25.9441],[153.0406,-25.9424],[153.0407,-25.936],[153.0322,-25.9461],[153.0423,-25.9511],[153.0371,-25.9547],[153.0421,-25.9619],[153.0368,-25.9625],[153.0391,-25.9696],[153.03,-25.9558],[153.024,-25.959],[153.0312,-25.978],[153.0148,-25.9769],[153.0267,-25.988],[153.0187,-25.9868],[153.0165,-25.9973],[153.0177,-25.9905],[153.0112,-25.99],[153.0163,-25.9827],[153.0056,-25.9813],[153.0073,-25.9681],[152.9991,-25.969],[153.0088,-25.956],[153.0034,-25.9611],[153.0033,-25.9524],[152.998,-25.9541],[153.0313,-25.934],[153.0179,-25.931],[153.0118,-25.9395],[153.0034,-25.935],[153.0157,-25.9309],[153.0067,-25.9177],[153.0164,-25.9039],[153.0014,-25.9073],[153.0093,-25.9039],[153.0038,-25.8992],[153.008,-25.9017],[153.0198,-25.8913],[153.0194,-25.897],[153.0258,-25.8967],[153.0299,-25.889],[153.0318,-25.8776],[153.0223,-25.8664],[153.0053,-25.8867],[153.0104,-25.8774],[152.9911,-25.8819],[152.7355,-25.8427],[152.7363,-25.8477],[152.7145,-25.8399],[152.7122,-25.8458],[152.7247,-25.8468],[152.7187,-25.8527],[152.7287,-25.8674],[152.7364,-25.8653],[152.7403,-25.8799],[152.7478,-25.8742],[152.7519,-25.8868],[152.744,-25.8883],[152.7362,-25.9113],[152.7079,-25.9166],[152.7041,-25.9276],[152.6884,-25.9403],[152.6724,-25.938],[152.6739,-25.9624],[152.6681,-25.9616],[152.665,-25.9793],[152.6563,-25.9781],[152.6551,-25.9862],[152.6211,-25.9814],[152.6219,-25.9747],[152.6112,-25.9732],[152.6143,-25.9569],[152.601,-25.9551],[152.6006,-25.9476],[152.5668,-25.943],[152.5636,-25.9284],[152.5682,-25.922],[152.5596,-25.921],[152.5578,-25.9324],[152.5521,-25.9331],[152.5455,-25.9128],[152.4748,-25.9054],[152.4636,-25.8937],[152.4209,-25.883],[152.4227,-25.872],[152.411,-25.8704],[152.4117,-25.866],[152.3869,-25.8632],[152.3868,-25.8724],[152.381,-25.8747],[152.3753,-25.8669],[152.3457,-25.8631],[152.3408,-25.8935],[152.3335,-25.892],[152.331,-25.907],[152.1698,-25.8876],[152.1693,-25.8816],[152.1467,-25.8836],[152.1335,-25.8732],[152.1302,-25.8856],[152.1231,-25.8858],[152.1135,-25.8571],[152.0962,-25.8715],[152.0853,-25.8712],[152.0589,-25.8863],[152.0432,-25.875],[152.05,-25.8677],[152.0492,-25.8519],[152.0287,-25.8502],[152.0327,-25.842],[152.0284,-25.8119],[152.0391,-25.7906],[152.0212,-25.7895],[151.9977,-25.7709],[151.9863,-25.7789],[151.9862,-25.8013],[151.9789,-25.8137],[151.9721,-25.8126],[151.9704,-25.8306],[151.9595,-25.8332],[151.9286,-25.8676],[151.9034,-25.8703],[151.8924,-25.8586],[151.8917,-25.8443],[151.8773,-25.8329],[151.8738,-25.8134],[151.8611,-25.8099],[151.861,-25.802],[151.8532,-25.8066],[151.8316,-25.7965],[151.8265,-25.7828],[151.8132,-25.785],[151.8104,-25.7625],[151.792,-25.7576],[151.7898,-25.7717],[151.7755,-25.7776],[151.7799,-25.7894],[151.7674,-25.7882],[151.7568,-25.803],[151.7746,-25.8145],[151.7648,-25.8267],[151.7728,-25.8522],[151.7674,-25.857],[151.7808,-25.8967],[151.7766,-25.9119],[151.7855,-25.9154],[151.7618,-25.9373],[151.7528,-25.9373],[151.7543,-25.9468],[151.8145,-25.9561],[151.8066,-26.0058],[151.8183,-26.0078],[151.8115,-26.0207],[151.832,-26.0231],[151.8343,-26.0075],[151.939,-26.0205],[151.9366,-26.0295],[151.9477,-26.0431],[151.9456,-26.052],[151.9354,-26.0547],[151.9404,-26.062],[151.9353,-26.0922],[151.9846,-26.0989],[151.9669,-26.1154],[151.9522,-26.1168],[151.9564,-26.129],[151.9751,-26.1334],[151.976,-26.1736],[151.9906,-26.1754],[152.0015,-26.1904]]],[[[153.0486,-25.8354],[153.0501,-25.8249],[153.0448,-25.8427],[153.0486,-25.8354]]],[[[153.0368,-25.8355],[153.0395,-25.835],[153.0373,-25.8334],[153.0368,-25.8355]]],[[[153.042,-25.844],[153.0436,-25.8439],[153.0422,-25.8414],[153.042,-25.844]]],[[[153.0513,-25.8367],[153.0514,-25.8362],[153.0512,-25.8361],[153.0513,-25.8367]]],[[[153.0421,-25.845],[153.0421,-25.8452],[153.0423,-25.8454],[153.0421,-25.845]]],[[[153.0521,-25.8854],[153.0463,-25.8803],[153.0473,-25.8842],[153.0521,-25.8854]]],[[[153.0469,-25.872],[153.0499,-25.8732],[153.0487,-25.8704],[153.0469,-25.872]]],[[[153.0613,-25.8839],[153.0634,-25.8859],[153.0635,-25.8839],[153.0613,-25.8839]]],[[[153.035,-25.9049],[153.0369,-25.9035],[153.035,-25.9034],[153.035,-25.9049]]],[[[153.0505,-25.8657],[153.051,-25.8654],[153.0499,-25.8647],[153.0505,-25.8657]]],[[[153.0541,-25.8698],[153.0557,-25.871],[153.055,-25.8701],[153.0541,-25.8698]]],[[[152.9996,-25.9692],[153.0037,-25.9679],[152.9998,-25.9677],[152.9996,-25.9692]]],[[[153.0305,-25.9385],[153.0314,-25.9389],[153.0317,-25.9381],[153.0305,-25.9385]]],[[[153.0031,-25.9559],[153.0037,-25.9559],[153.0034,-25.9555],[153.0031,-25.9559]]],[[[153.024,-25.9418],[153.0239,-25.9423],[153.0251,-25.9416],[153.024,-25.9418]]],[[[153.0254,-25.942],[153.025,-25.9426],[153.0255,-25.9426],[153.0254,-25.942]],[[153.0255,-25.9414],[153.0255,-25.9418],[153.0254,-25.9412],[153.0255,-25.9414]]]]},"properties":{"lga_code_2023":"33620","lga_name_2023":"Gympie","state_code_2021":"3"}},{"type":"Feature","geometry":{"type":"MultiPolygon","coordinates":[[[[145.8324,-18.5987],[145.8098,-18.5859],[145.8106,-18.5787],[145.7956,-18.5773],[145.7922,-18.6065],[145.8164,-18.6173],[145.802,-18.7491],[145.7922,-18.7607],[145.8017,-18.7684],[145.802,-18.7782],[145.7928,-18.7789],[145.791,-18.8038],[145.7771,-18.8064],[145.7752,-18.8172],[145.7975,-18.8314],[145.7966,-18.843],[145.8333,-18.848],[145.8379,-18.8613],[145.8521,-18.8687],[145.8658,-18.8626],[145.8647,-18.8758],[145.9354,-18.8828],[145.9378,-18.8598],[145.9518,-18.8612],[145.9658,-18.8795],[145.9913,-18.8818],[145.9982,-18.8741],[146.0076,-18.886],[146.0024,-18.9034],[146.0231,-18.9192],[146.0286,-18.9108],[146.0425,-18.9191],[146.0527,-18.9166],[146.064,-18.9051],[146.0785,-18.9146],[146.0803,-18.9227],[146.0931,-18.9216],[146.1103,-18.933],[146.1263,-18.9236],[146.1481,-18.9279],[146.1542,-18.9229],[146.1725,-18.9387],[146.1974,-18.9442],[146.1977,-18.9273],[146.2086,-18.9191],[146.2622,-18.9518],[146.2766,-18.9524],[146.2877,-18.9523],[146.2905,-18.9348],[146.2993,-18.9378],[146.3086,-18.927],[146.3237,-18.9285],[146.2838,-18.8805],[146.2752,-18.8578],[146.2754,-18.8242],[146.3018,-18.7051],[146.3397,-18.6242],[146.3293,-18.6435],[146.3193,-18.6457],[146.3376,-18.6122],[146.3399,-18.563],[146.3454,-18.5593],[146.333,-18.5215],[146.3135,-18.5219],[146.2618,-18.4944],[146.2299,-18.4896],[146.2069,-18.5165],[146.1906,-18.5233],[146.1875,-18.5333],[146.1674,-18.5157],[146.1559,-18.5188],[146.1217,-18.5079],[146.1153,-18.4948],[146.122,-18.4845],[146.1142,-18.478],[146.1203,-18.4744],[146.1109,-18.4695],[146.1043,-18.4535],[146.0914,-18.4478],[146.1016,-18.4327],[146.1007,-18.4166],[146.085,-18.4008],[146.0726,-18.4031],[146.0492,-18.3926],[146.0464,-18.3967],[146.0355,-18.3877],[145.9836,-18.3971],[145.9618,-18.3944],[145.9473,-18.3643],[145.927,-18.371],[145.8796,-18.4075],[145.8735,-18.4],[145.8256,-18.407],[145.816,-18.398],[145.8193,-18.3869],[145.8076,-18.3778],[145.8069,-18.386],[145.7939,-18.39],[145.7924,-18.4034],[145.7825,-18.3942],[145.7698,-18.3997],[145.7575,-18.3958],[145.7692,-18.4094],[145.7558,-18.4081],[145.76,-18.4239],[145.755,-18.4385],[145.7378,-18.4528],[145.7444,-18.4667],[145.779,-18.492],[145.7601,-18.5147],[145.7721,-18.5237],[145.7908,-18.5008],[145.8138,-18.5311],[145.8148,-18.5515],[145.8335,-18.5676],[145.8441,-18.5925],[145.8324,-18.5987]]],[[[146.4854,-18.6167],[146.5001,-18.6336],[146.487,-18.6501],[146.4913,-18.6674],[146.5033,-18.6561],[146.5081,-18.6228],[146.5002,-18.6123],[146.5045,-18.6006],[146.4972,-18.5817],[146.4843,-18.5674],[146.4813,-18.5854],[146.4947,-18.5989],[146.4854,-18.6167]]],[[[146.5039,-18.5464],[146.4913,-18.5381],[146.4881,-18.5581],[146.5004,-18.5633],[146.5039,-18.5464]]]]},"properties":{"lga_code_2023":"33800","lga_name_2023":"Hinchinbrook","state_code_2021":"3"}},{"type":"Feature","geometry":{"type":"Polygon","coordinates":[[[145.2387,-15.4434],[145.2521,-15.4107],[145.2882,-15.376],[145.2854,-15.3639],[145.2981,-15.3423],[145.2837,-15.3293],[145.2864,-15.3165],[145.3316,-15.2783],[145.3571,-15.2772],[145.3395,-15.2266],[145.3317,-15.2311],[145.3289,-15.2487],[145.3159,-15.2594],[145.267,-15.2558],[145.2393,-15.1985],[145.2354,-15.1692],[145.2403,-15.1525],[145.2338,-15.1407],[145.289,-15.0435],[145.3473,-14.9847],[145.3553,-14.9874],[145.349,-14.9688],[145.352,-14.953],[145.3405,-14.9455],[145.3324,-14.9558],[145.3146,-14.9532],[145.3071,-14.963],[145.2976,-14.9636],[145.2809,-14.9549],[145.2646,-14.9272],[145.2193,-14.8809],[145.2301,-14.832],[145.1804,-14.8436],[145.1408,-14.8321],[145.1443,-14.8393],[145.129,-14.9809],[145.1692,-14.9852],[145.1612,-15.059],[145.1365,-15.0568],[145.1385,-15.0934],[145.145,-15.0974],[145.1515,-15.0854],[145.1613,-15.0815],[145.1623,-15.1175],[145.1836,-15.1195],[145.1875,-15.1252],[145.1766,-15.1306],[145.1721,-15.1446],[145.1611,-15.1417],[145.1436,-15.1485],[145.1324,-15.1443],[145.129,-15.1516],[145.0996,-15.1482],[145.0889,-15.1526],[145.0863,-15.1394],[145.0802,-15.2598],[145.0583,-15.2609],[145.0572,-15.2714],[145.031,-15.2688],[145.0282,-15.2942],[145.0377,-15.2955],[145.0388,-15.3143],[145.0403,-15.3099],[145.061,-15.3118],[145.0579,-15.3438],[145.0409,-15.3422],[145.0312,-15.3709],[145.0433,-15.3945],[145.0487,-15.3957],[145.0501,-15.3804],[145.0651,-15.3816],[145.0637,-15.397],[145.0805,-15.3984],[145.0811,-15.3914],[145.1206,-15.3946],[145.1237,-15.36],[145.1488,-15.3621],[145.1454,-15.3988],[145.151,-15.4053],[145.1018,-15.4031],[145.1004,-15.4183],[145.1552,-15.4149],[145.167,-15.4184],[145.1659,-15.4308],[145.1721,-15.4313],[145.1726,-15.4248],[145.1848,-15.4235],[145.1769,-15.4228],[145.1774,-15.4169],[145.1969,-15.4165],[145.1925,-15.4207],[145.198,-15.4251],[145.2148,-15.4149],[145.2387,-15.4434]],[[145.1721,-15.3948],[145.177,-15.384],[145.1889,-15.385],[145.1876,-15.3997],[145.2017,-15.3993],[145.2007,-15.4075],[145.1551,-15.4057],[145.1511,-15.3821],[145.1575,-15.3826],[145.1579,-15.3935],[145.1721,-15.3948]]]},"properties":{"lga_code_2023":"33830","lga_name_2023":"Hope Vale","state_code_2021":"3"}},{"type":"Feature","geometry":{"type":"Polygon","coordinates":[[[152.8788,-27.5818],[152.8711,-27.5799],[152.8631,-27.5963],[152.8569,-27.5969],[152.849,-27.5647],[152.8525,-27.5419],[152.841,-27.5307],[152.8303,-27.5358],[152.8412,-27.5448],[152.8201,-27.5559],[152.7936,-27.556],[152.7851,-27.5503],[152.7816,-27.5593],[152.7672,-27.556],[152.7539,-27.5682],[152.7426,-27.5662],[152.748,-27.5272],[152.763,-27.5212],[152.7444,-27.5143],[152.7265,-27.4903],[152.7198,-27.4956],[152.727,-27.5063],[152.7063,-27.5067],[152.7061,-27.5157],[152.6911,-27.5177],[152.6895,-27.5259],[152.6702,-27.5393],[152.6513,-27.533],[152.6481,-27.5509],[152.6179,-27.546],[152.5974,-27.5548],[152.5703,-27.5451],[152.5648,-27.5693],[152.5138,-27.5663],[152.5078,-27.5811],[152.497,-27.583],[152.5044,-27.5959],[152.4863,-27.6057],[152.4579,-27.6628],[152.4398,-27.6499],[152.4306,-27.6518],[152.4309,-27.6568],[152.4208,-27.6522],[152.4126,-27.6614],[152.4226,-27.6637],[152.4174,-27.6737],[152.3916,-27.6908],[152.3906,-27.6978],[152.4135,-27.7009],[152.4051,-27.7491],[152.3973,-27.7511],[152.3954,-27.761],[152.3919,-27.7569],[152.3892,-27.7698],[152.4026,-27.7953],[152.4088,-27.7961],[152.4071,-27.8055],[152.3828,-27.8072],[152.3933,-27.8097],[152.392,-27.8177],[152.3995,-27.8201],[152.3948,-27.8342],[152.4024,-27.8637],[152.4193,-27.8655],[152.4285,-27.8405],[152.4434,-27.8448],[152.4512,-27.802],[152.4623,-27.8026],[152.4674,-27.7831],[152.4945,-27.7834],[152.499,-27.7583],[152.5193,-27.7612],[152.523,-27.7269],[152.5296,-27.7169],[152.5807,-27.7191],[152.5798,-27.7236],[152.6058,-27.725],[152.6076,-27.7371],[152.656,-27.7383],[152.6686,-27.7433],[152.6675,-27.75],[152.7044,-27.7496],[152.7075,-27.7583],[152.7578,-27.7673],[152.7607,-27.7853],[152.8025,-27.7984],[152.7958,-27.8154],[152.8141,-27.8262],[152.8164,-27.8136],[152.8264,-27.8151],[152.8274,-27.8097],[152.8219,-27.785],[152.8033,-27.7856],[152.8114,-27.7549],[152.8223,-27.7564],[152.8293,-27.7468],[152.836,-27.7557],[152.8733,-27.7534],[152.8746,-27.7463],[152.8828,-27.7474],[152.8907,-27.7036],[152.9237,-27.7073],[152.9316,-27.6661],[152.9247,-27.6577],[152.9378,-27.6424],[152.9407,-27.6234],[152.9215,-27.6061],[152.8961,-27.602],[152.8788,-27.5818]]]},"properties":{"lga_code_2023":"33960","lga_name_2023":"Ipswich","state_code_2021":"3"}},{"type":"Feature","geometry":{"type":"MultiPolygon","coordinates":[[[[147.7454,-21.4206],[147.7324,-21.4297],[147.7226,-21.4286],[147.7243,-21.4377],[147.6998,-21.4739],[147.6573,-21.4901],[147.6457,-21.5098],[147.65,-21.5383],[147.6453,-21.5664],[147.6329,-21.5803],[147.6343,-21.5946],[147.6113,-21.5991],[147.6062,-21.6213],[147.5867,-21.6403],[147.5436,-21.6425],[147.5369,-21.6544],[147.5096,-21.6538],[147.4853,-21.6762],[147.4398,-21.6901],[147.3908,-21.6864],[147.3876,-21.6792],[147.3636,-21.6767],[147.3468,-21.6579],[147.3247,-21.6586],[147.3105,-21.6469],[147.3007,-21.6547],[147.2476,-21.6564],[147.2329,-21.6684],[147.2157,-21.6714],[147.1798,-21.6315],[147.1802,-21.6182],[147.1599,-21.5715],[147.1392,-21.5558],[147.0325,-21.5226],[147.0177,-21.5258],[146.9603,-21.5129],[146.9312,-21.5134],[146.9039,-21.4692],[146.8667,-21.5099],[146.8701,-21.5267],[146.8347,-21.5744],[146.8387,-21.5873],[146.8328,-21.6019],[146.8339,-21.6432],[146.7561,-21.6367],[146.651,-21.6093],[146.6567,-21.5825],[146.4923,-21.5665],[146.4839,-21.6803],[146.4467,-21.6681],[146.396,-21.6632],[146.3407,-21.5701],[146.3467,-21.5181],[146.1505,-21.5001],[146.1323,-21.514],[146.0934,-21.5099],[146.0692,-21.8088],[146.1267,-21.8136],[146.1185,-21.9009],[146.2114,-21.9085],[146.2014,-22.0076],[146.0721,-21.9972],[146.067,-22.0265],[146.0395,-22.0234],[146.0315,-22.1048],[146.0741,-22.1234],[146.0646,-22.1858],[146.0707,-22.2266],[146.0521,-22.3385],[146.1221,-22.3474],[146.1089,-22.4457],[146.2755,-22.4627],[146.2693,-22.5086],[146.2969,-22.4957],[146.3296,-22.4948],[146.383,-22.5209],[146.4286,-22.4879],[146.4367,-22.4871],[146.4518,-22.4993],[146.4393,-22.5489],[146.4242,-22.5474],[146.4014,-22.7555],[146.5484,-22.7689],[146.5484,-22.7782],[146.5287,-22.7928],[146.5248,-22.804],[146.5458,-22.8377],[146.5601,-22.8784],[146.5784,-22.8896],[146.6109,-22.8812],[146.6235,-22.8866],[146.6461,-22.8832],[146.6643,-22.9065],[146.6651,-22.9252],[146.6842,-22.9458],[146.7023,-22.9622],[146.7328,-22.9702],[146.7529,-22.9843],[146.7876,-23.0371],[146.7822,-23.0537],[146.7865,-23.0792],[146.7789,-23.0907],[146.7891,-23.1273],[146.8145,-23.1536],[146.8642,-23.1749],[146.8747,-23.1957],[146.8722,-23.2107],[146.8845,-23.2203],[146.8777,-23.2692],[146.8549,-23.2938],[146.8546,-23.3047],[146.9327,-23.3155],[146.9397,-23.2604],[146.9763,-23.2633],[147.0791,-23.2798],[147.0749,-23.3069],[147.1587,-23.3263],[147.1619,-23.3397],[147.2866,-23.3512],[147.2831,-23.3307],[147.2951,-23.3224],[147.28,-23.2989],[147.2875,-23.2791],[147.2737,-23.2708],[147.2608,-23.2447],[147.2608,-23.2101],[147.2865,-23.1934],[147.315,-23.1931],[147.3399,-23.1826],[147.354,-23.1904],[147.3834,-23.1654],[147.3946,-23.1473],[147.4415,-23.1198],[147.4641,-23.0922],[147.4785,-23.0915],[147.4875,-23.0787],[147.4837,-23.0467],[147.5084,-23.0291],[147.52,-23.0284],[147.4971,-23.0009],[147.5042,-22.9858],[147.553,-23.0092],[147.5535,-22.9927],[147.561,-22.9875],[147.5554,-22.9764],[147.5682,-22.9617],[147.5823,-22.963],[147.5879,-22.9223],[147.5968,-22.9234],[147.599,-22.909],[147.6064,-22.9071],[147.6052,-22.8924],[147.618,-22.8939],[147.6206,-22.9121],[147.6405,-22.9263],[147.661,-22.9211],[147.6639,-22.9127],[147.6808,-22.9097],[147.6943,-22.9147],[147.7028,-22.8858],[147.737,-22.8615],[147.755,-22.8561],[147.7941,-22.8005],[147.821,-22.7829],[147.8451,-22.7851],[147.8738,-22.7657],[147.8951,-22.7617],[147.9148,-22.7327],[147.9128,-22.7188],[147.9315,-22.7182],[147.9709,-22.7024],[147.9853,-22.7045],[147.9955,-22.6896],[147.9952,-22.674],[148.0131,-22.6543],[148.023,-22.6931],[148.0478,-22.6975],[148.0608,-22.7099],[148.0639,-22.7395],[148.1097,-22.767],[148.1435,-22.7649],[148.1493,-22.7793],[148.1693,-22.783],[148.1761,-22.7903],[148.1964,-22.7811],[148.2308,-22.7774],[148.2391,-22.7398],[148.3431,-22.7254],[148.3738,-22.7673],[148.3714,-22.7906],[148.3571,-22.8083],[148.3385,-22.8115],[148.3264,-22.8327],[148.2971,-22.8546],[148.2826,-22.8748],[148.2751,-22.8756],[148.2904,-22.8996],[148.2887,-22.908],[148.2977,-22.9095],[148.3251,-22.9498],[148.4581,-22.8675],[148.5419,-22.8773],[148.5402,-22.9234],[148.5527,-22.9418],[148.5425,-22.951],[148.5426,-22.9594],[148.5503,-22.9572],[148.5544,-22.9747],[148.5809,-22.9717],[148.585,-23.0005],[148.5997,-23.0029],[148.5878,-23.0715],[148.5623,-23.1159],[148.5792,-23.1175],[148.6244,-23.149],[148.5652,-23.222],[148.5825,-23.2339],[148.5122,-23.289],[148.5027,-23.3303],[148.5503,-23.3468],[148.5705,-23.3793],[148.5504,-23.4069],[148.573,-23.469],[148.5227,-23.5054],[148.5255,-23.5503],[148.5375,-23.556],[148.5706,-23.5525],[148.5812,-23.5311],[148.5926,-23.5433],[148.6122,-23.5396],[148.6341,-23.5097],[148.635,-23.4766],[148.6542,-23.4761],[148.6785,-23.4494],[148.7055,-23.4353],[148.6724,-23.4211],[148.6783,-23.4188],[148.6815,-23.4047],[148.6948,-23.4021],[148.7125,-23.3864],[148.7046,-23.3658],[148.7118,-23.3538],[148.736,-23.3479],[148.7475,-23.3791],[148.7586,-23.3812],[148.7754,-23.374],[148.7807,-23.3512],[148.7968,-23.3524],[148.7996,-23.3624],[148.8257,-23.3795],[148.8656,-23.3561],[148.869,-23.3191],[148.8564,-23.31],[148.8453,-23.2893],[148.8538,-23.2801],[148.8558,-23.2659],[148.8734,-23.2605],[148.8792,-23.2478],[148.898,-23.2614],[148.9251,-23.262],[148.9212,-23.2513],[148.9257,-23.2456],[148.9481,-23.2406],[148.9526,-23.2247],[148.9473,-23.2179],[148.9534,-23.2078],[148.9704,-23.2045],[148.9667,-23.1971],[148.9746,-23.1928],[148.9854,-23.1945],[149.0063,-23.1667],[149.0057,-23.1502],[148.9873,-23.1438],[148.9905,-23.1297],[148.9735,-23.1251],[148.9772,-23.1131],[148.9712,-23.1025],[148.9762,-23.0945],[149.0254,-23.0814],[149.0443,-23.0588],[149.0844,-23.0614],[149.1114,-23.056],[149.1251,-23.0627],[149.1799,-23.0482],[149.1992,-23.0499],[149.2291,-23.003],[149.2372,-22.976],[149.2872,-22.956],[149.2854,-22.9418],[149.3039,-22.9258],[149.3125,-22.9064],[149.3302,-22.8986],[149.3296,-22.8757],[149.3686,-22.8779],[149.3983,-22.8573],[149.4132,-22.8575],[149.4347,-22.8279],[149.4362,-22.8094],[149.4302,-22.8063],[149.427,-22.7716],[149.4404,-22.7654],[149.4485,-22.7408],[149.4351,-22.7298],[149.432,-22.7016],[149.4087,-22.6947],[149.4038,-22.6809],[149.3907,-22.6853],[149.377,-22.6589],[149.3882,-22.6354],[149.3885,-22.616],[149.397,-22.6153],[149.4076,-22.6368],[149.4244,-22.6473],[149.4524,-22.628],[149.4587,-22.6315],[149.4634,-22.5967],[149.4925,-22.621],[149.5111,-22.617],[149.5181,-22.6232],[149.5657,-22.5935],[149.6254,-22.5977],[149.6268,-22.5821],[149.6395,-22.5848],[149.6316,-22.5432],[149.6523,-22.5231],[149.6601,-22.5012],[149.6951,-22.4821],[149.7521,-22.4364],[149.7436,-22.4214],[149.7469,-22.387],[149.7667,-22.3713],[149.7311,-22.3478],[149.7133,-22.3566],[149.7105,-22.3697],[149.7043,-22.3694],[149.6933,-22.3482],[149.6842,-22.3451],[149.6698,-22.3557],[149.6583,-22.3549],[149.6525,-22.3296],[149.6285,-22.2964],[149.5973,-22.2815],[149.6032,-22.2716],[149.5977,-22.2675],[149.5988,-22.2539],[149.573,-22.2311],[149.5623,-22.1915],[149.5544,-22.1873],[149.5669,-22.1719],[149.5589,-22.1682],[149.5537,-22.1405],[149.5432,-22.1342],[149.5438,-22.1234],[149.5171,-22.0753],[149.5234,-22.0271],[149.4901,-21.9895],[149.4853,-21.9585],[149.4654,-21.9257],[149.4655,-21.9085],[149.4598,-21.904],[149.4657,-21.9025],[149.4623,-21.8759],[149.4717,-21.8385],[149.4627,-21.839],[149.4559,-21.8301],[149.4631,-21.8222],[149.4584,-21.8175],[149.439,-21.8104],[149.4343,-21.8181],[149.4308,-21.7459],[149.4292,-21.7641],[149.4217,-21.7724],[149.4273,-21.7639],[149.4252,-21.7434],[149.4397,-21.7435],[149.4565,-21.7299],[149.4425,-21.7236],[149.4327,-21.727],[149.4358,-21.7219],[149.4555,-21.7263],[149.4797,-21.7429],[149.4807,-21.7292],[149.4727,-21.7261],[149.4706,-21.7084],[149.4493,-21.7132],[149.4582,-21.708],[149.4527,-21.6883],[149.4448,-21.6879],[149.4559,-21.6796],[149.4454,-21.6677],[149.4434,-21.6595],[149.4491,-21.6587],[149.44,-21.6512],[149.4404,-21.6313],[149.3848,-21.6248],[149.39,-21.6368],[149.3833,-21.6496],[149.3663,-21.655],[149.3616,-21.6494],[149.3499,-21.673],[149.3549,-21.6782],[149.342,-21.6886],[149.3356,-21.6826],[149.3229,-21.6971],[149.2859,-21.7016],[149.2827,-21.7196],[149.2632,-21.7403],[149.2363,-21.741],[149.2234,-21.7483],[149.2202,-21.7384],[149.2002,-21.7595],[149.1835,-21.7559],[149.1825,-21.7681],[149.1771,-21.7655],[149.1742,-21.7708],[149.1401,-21.7546],[149.1337,-21.744],[149.1023,-21.7444],[149.0658,-21.7329],[149.0595,-21.7636],[149.0361,-21.7713],[149.0268,-21.742],[148.9941,-21.7192],[149,-21.7046],[148.9984,-21.6799],[149.0189,-21.6606],[149.0109,-21.6364],[149.0262,-21.6269],[149.0392,-21.6386],[149.0493,-21.6236],[149.0548,-21.5847],[149.05,-21.5716],[149.0581,-21.5539],[149.048,-21.546],[149.0569,-21.5406],[149.0612,-21.515],[149.0864,-21.4904],[149.0927,-21.4449],[149.0814,-21.4286],[149.0849,-21.418],[149.0769,-21.4137],[149.0703,-21.397],[149.0755,-21.3901],[149.0539,-21.3794],[149.032,-21.3538],[149.0054,-21.3644],[148.9719,-21.3681],[148.9636,-21.3801],[148.9507,-21.3854],[148.914,-21.3791],[148.9022,-21.4053],[148.7929,-21.3929],[148.7848,-21.3863],[148.7629,-21.3948],[148.744,-21.3835],[148.7183,-21.3505],[148.7002,-21.3439],[148.6896,-21.3591],[148.6933,-21.3725],[148.6863,-21.3768],[148.6727,-21.3662],[148.6516,-21.3653],[148.6413,-21.3713],[148.6355,-21.3655],[148.6163,-21.3787],[148.6086,-21.3642],[148.5851,-21.3724],[148.5479,-21.3678],[148.5436,-21.3501],[148.5346,-21.3333],[148.5222,-21.327],[148.5174,-21.3099],[148.51,-21.3103],[148.4703,-21.2739],[148.4442,-21.2848],[148.4289,-21.2991],[148.4081,-21.2792],[148.3962,-21.2749],[148.3873,-21.28],[148.3858,-21.2704],[148.3705,-21.2574],[148.3472,-21.2573],[148.308,-21.222],[148.3042,-21.2129],[148.3121,-21.1671],[148.2921,-21.1517],[148.3287,-21.1144],[148.3066,-21.0917],[148.2968,-21.056],[148.2842,-21.0448],[148.2739,-21.0474],[148.2643,-21.0279],[148.2387,-21.0058],[148.2348,-20.9978],[148.24,-20.989],[148.2258,-20.9827],[148.2374,-20.9539],[148.2271,-20.9308],[148.1353,-20.9978],[148.134,-20.9901],[148.1033,-20.9999],[148.0919,-21.0193],[148.0677,-21.0264],[148.0479,-21.0157],[148.0286,-20.9853],[148.0095,-20.9887],[148.0131,-21.0103],[148.0219,-21.0166],[148.029,-21.0368],[148.0232,-21.0485],[148.0273,-21.0518],[148.016,-21.0656],[148.0261,-21.101],[148.0648,-21.1711],[148.086,-21.1912],[148.0946,-21.2107],[148.0726,-21.2426],[148.0567,-21.2442],[148.0272,-21.2699],[147.9857,-21.2894],[147.9451,-21.2906],[147.8962,-21.2768],[147.8806,-21.2636],[147.8699,-21.2705],[147.8633,-21.2549],[147.8426,-21.2631],[147.8434,-21.2315],[147.829,-21.2265],[147.8201,-21.2339],[147.815,-21.2285],[147.8172,-21.2225],[147.8073,-21.2165],[147.815,-21.2003],[147.8096,-21.1947],[147.7639,-21.1896],[147.7637,-21.2066],[147.7809,-21.2007],[147.7865,-21.2184],[147.777,-21.2241],[147.7784,-21.2292],[147.8011,-21.2312],[147.8002,-21.2448],[147.8102,-21.2546],[147.8073,-21.2852],[147.8248,-21.2948],[147.8191,-21.3047],[147.8253,-21.3109],[147.8041,-21.3224],[147.7976,-21.345],[147.7771,-21.3474],[147.7691,-21.364],[147.7478,-21.3799],[147.7477,-21.3886],[147.7358,-21.3993],[147.7454,-21.4206]]],[[[150.4347,-21.772],[150.4387,-21.7723],[150.4317,-21.7714],[150.4347,-21.772]]],[[[150.442,-21.7662],[150.442,-21.7655],[150.4409,-21.7656],[150.442,-21.7662]]],[[[150.4371,-21.7642],[150.4414,-21.7634],[150.4388,-21.762],[150.4371,-21.7642]]],[[[150.4301,-21.7611],[150.4285,-21.7605],[150.4298,-21.7625],[150.4301,-21.7611]]],[[[150.426,-21.7577],[150.4269,-21.756],[150.425,-21.7557],[150.426,-21.7577]]],[[[150.4285,-21.7567],[150.4291,-21.7548],[150.4279,-21.755],[150.4285,-21.7567]]],[[[149.775,-22.3601],[149.7779,-22.3584],[149.7753,-22.3581],[149.775,-22.3601]]],[[[150.4133,-21.7533],[150.4131,-21.7524],[150.4122,-21.7524],[150.4133,-21.7533]]],[[[150.3561,-21.6731],[150.3566,-21.6729],[150.3555,-21.6727],[150.3561,-21.6731]]],[[[150.2538,-21.5231],[150.2575,-21.5285],[150.2765,-21.5166],[150.2694,-21.513],[150.2591,-21.5219],[150.2454,-21.5167],[150.2538,-21.5231]]],[[[150.3081,-21.4714],[150.3076,-21.4704],[150.3072,-21.4709],[150.3081,-21.4714]]],[[[150.309,-21.47],[150.3104,-21.4689],[150.3097,-21.4672],[150.309,-21.47]]],[[[150.1496,-21.5202],[150.1529,-21.5293],[150.1556,-21.5262],[150.1496,-21.5202]]],[[[150.1526,-21.5329],[150.1533,-21.5314],[150.1522,-21.5318],[150.1526,-21.5329]]],[[[150.2714,-21.4895],[150.2805,-21.4834],[150.2665,-21.4768],[150.2631,-21.4843],[150.2714,-21.4895]]],[[[150.2568,-21.488],[150.2583,-21.4852],[150.2543,-21.4872],[150.2568,-21.488]]],[[[149.7564,-22.413],[149.7634,-22.4057],[149.7567,-22.4003],[149.7564,-22.413]]],[[[149.7579,-22.3986],[149.7673,-22.3911],[149.7576,-22.3918],[149.7579,-22.3986]]],[[[149.9165,-21.4968],[149.9092,-21.4926],[149.9064,-21.4965],[149.9171,-21.5066],[149.9165,-21.4968]]],[[[149.824,-21.3744],[149.839,-21.3821],[149.8279,-21.3709],[149.824,-21.3744]]],[[[149.8407,-21.445],[149.8553,-21.4477],[149.8477,-21.4411],[149.8407,-21.445]]],[[[149.8887,-21.5003],[149.8965,-21.4988],[149.8911,-21.4853],[149.8887,-21.5003]]],[[[149.8792,-21.4677],[149.8885,-21.4686],[149.8781,-21.4637],[149.8792,-21.4677]]],[[[149.9079,-21.4812],[149.9132,-21.4864],[149.9075,-21.4781],[149.9079,-21.4812]]],[[[149.8712,-21.4579],[149.8754,-21.4608],[149.8704,-21.4541],[149.8712,-21.4579]]],[[[149.9207,-21.4939],[149.9212,-21.4889],[149.9173,-21.4884],[149.9207,-21.4939]]],[[[149.7182,-21.5104],[149.7198,-21.5129],[149.7189,-21.5075],[149.7182,-21.5104]]],[[[149.826,-21.3693],[149.8263,-21.3664],[149.825,-21.3678],[149.826,-21.3693]]],[[[149.8204,-21.436],[149.8207,-21.434],[149.8198,-21.4337],[149.8204,-21.436]]],[[[150.2478,-21.6764],[150.2462,-21.6713],[150.2534,-21.6678],[150.2741,-21.6809],[150.2834,-21.6792],[150.2866,-21.67],[150.3,-21.6698],[150.302,-21.6649],[150.2917,-21.6539],[150.2909,-21.6438],[150.2639,-21.6412],[150.2475,-21.6189],[150.2461,-21.6483],[150.2504,-21.651],[150.2426,-21.6543],[150.242,-21.6637],[150.2478,-21.6764]]],[[[150.3585,-21.7335],[150.362,-21.7177],[150.3564,-21.7298],[150.3398,-21.7413],[150.3138,-21.7394],[150.2995,-21.7455],[150.332,-21.7717],[150.3482,-21.764],[150.3457,-21.743],[150.3585,-21.7335]]],[[[149.8012,-21.5938],[149.7969,-21.6003],[149.7846,-21.6009],[149.7811,-21.6131],[149.7887,-21.6092],[149.7915,-21.6164],[149.8031,-21.6081],[149.8188,-21.6068],[149.8087,-21.5997],[149.8118,-21.5928],[149.8012,-21.5938]]],[[[150.3389,-21.6696],[150.3505,-21.667],[150.3384,-21.656],[150.3258,-21.6586],[150.34,-21.6744],[150.3389,-21.6696]]],[[[149.8348,-21.6622],[149.8425,-21.6598],[149.8343,-21.6466],[149.8302,-21.6496],[149.8348,-21.6622]]],[[[149.7926,-21.8378],[149.7978,-21.8395],[149.8039,-21.8309],[149.7935,-21.8303],[149.7926,-21.8378]]],[[[149.8193,-21.8241],[149.8228,-21.837],[149.825,-21.8347],[149.8193,-21.8241]]],[[[149.862,-21.6029],[149.8701,-21.6063],[149.8628,-21.5997],[149.862,-21.6029]]],[[[149.7767,-21.6709],[149.7762,-21.675],[149.7816,-21.679],[149.7767,-21.6709]]],[[[149.7971,-21.85],[149.7996,-21.8517],[149.7987,-21.8422],[149.7971,-21.85]]],[[[150.2199,-21.6538],[150.2169,-21.6571],[150.2253,-21.6534],[150.2199,-21.6538]]],[[[150.3372,-21.6526],[150.3409,-21.6533],[150.3418,-21.6489],[150.3372,-21.6526]]],[[[149.7862,-21.8164],[149.7898,-21.8176],[149.7851,-21.8141],[149.7862,-21.8164]]],[[[149.8264,-21.6061],[149.8273,-21.6034],[149.8253,-21.6028],[149.8264,-21.6061]]],[[[149.7698,-21.6009],[149.7728,-21.6002],[149.7699,-21.5994],[149.7698,-21.6009]]],[[[149.8114,-21.5762],[149.8123,-21.5737],[149.8115,-21.5721],[149.8114,-21.5762]]],[[[150.2267,-21.6522],[150.2274,-21.649],[150.2265,-21.6494],[150.2267,-21.6522]]],[[[150.2892,-21.7489],[150.2902,-21.7479],[150.2881,-21.7471],[150.2892,-21.7489]]],[[[150.2958,-21.6733],[150.2969,-21.6714],[150.295,-21.672],[150.2958,-21.6733]]],[[[149.8084,-21.6285],[149.8102,-21.628],[149.8098,-21.6271],[149.8084,-21.6285]]],[[[149.8053,-21.8401],[149.8069,-21.8389],[149.8051,-21.8383],[149.8053,-21.8401]]],[[[149.7995,-21.8265],[149.7989,-21.8237],[149.7987,-21.8255],[149.7995,-21.8265]]],[[[150.2749,-21.6841],[150.2759,-21.683],[150.2745,-21.6832],[150.2749,-21.6841]]],[[[150.3433,-21.6757],[150.3441,-21.6749],[150.3428,-21.6747],[150.3433,-21.6757]]],[[[150.2857,-21.681],[150.2854,-21.6799],[150.2845,-21.6801],[150.2857,-21.681]]],[[[150.2301,-21.6524],[150.2306,-21.6514],[150.2294,-21.6517],[150.2301,-21.6524]]],[[[150.3155,-21.7352],[150.3157,-21.7345],[150.3146,-21.7343],[150.3155,-21.7352]]],[[[150.2246,-21.6583],[150.2246,-21.6574],[150.2237,-21.6574],[150.2246,-21.6583]]],[[[150.2868,-21.6786],[150.2874,-21.6778],[150.2865,-21.6781],[150.2868,-21.6786]]],[[[150.2945,-21.674],[150.2947,-21.6729],[150.294,-21.6732],[150.2945,-21.674]]],[[[150.2871,-21.6845],[150.2872,-21.6837],[150.2867,-21.6839],[150.2871,-21.6845]]],[[[150.2879,-21.6831],[150.2882,-21.6824],[150.2876,-21.6826],[150.2879,-21.6831]]],[[[149.6673,-21.7268],[149.6744,-21.7284],[149.6629,-21.7184],[149.6673,-21.7268]]],[[[149.6616,-21.4734],[149.665,-21.4711],[149.6622,-21.4704],[149.6616,-21.4734]]],[[[149.6368,-21.6766],[149.6388,-21.6728],[149.637,-21.6731],[149.6368,-21.6766]]],[[[149.6695,-21.7184],[149.6721,-21.7165],[149.6699,-21.7162],[149.6695,-21.7184]]],[[[149.4796,-21.8334],[149.4984,-21.8332],[149.4975,-21.8214],[149.4696,-21.8211],[149.4796,-21.8334]]],[[[149.561,-21.9882],[149.5662,-21.9921],[149.5825,-21.9744],[149.578,-21.9686],[149.561,-21.9882]]],[[[149.6578,-21.9784],[149.664,-21.9819],[149.6647,-21.975],[149.6558,-21.9658],[149.6578,-21.9784]]],[[[149.5735,-22.1256],[149.5885,-22.1392],[149.5782,-22.1197],[149.5735,-22.1256]]],[[[149.6539,-21.9298],[149.6513,-21.9254],[149.6425,-21.9319],[149.6513,-21.9365],[149.6539,-21.9298]]],[[[149.614,-22.0548],[149.6158,-22.0539],[149.6125,-22.0513],[149.614,-22.0548]]],[[[149.5953,-22.1434],[149.5966,-22.1423],[149.5944,-22.1417],[149.5953,-22.1434]]],[[[149.659,-21.9848],[149.6574,-21.9846],[149.6596,-21.9879],[149.659,-21.9848]]],[[[149.5987,-21.9586],[149.5995,-21.9575],[149.5979,-21.9568],[149.5987,-21.9586]]],[[[149.5774,-21.9578],[149.5787,-21.9572],[149.5778,-21.9561],[149.5774,-21.9578]]],[[[149.6604,-21.9512],[149.6617,-21.9496],[149.6599,-21.9503],[149.6604,-21.9512]]],[[[149.6688,-21.9858],[149.6696,-21.9861],[149.6678,-21.9844],[149.6688,-21.9858]]],[[[149.6525,-21.9591],[149.6534,-21.9586],[149.6529,-21.9575],[149.6525,-21.9591]]],[[[149.6596,-21.9592],[149.6602,-21.9577],[149.6591,-21.9573],[149.6596,-21.9592]]],[[[149.6603,-21.9469],[149.6596,-21.9453],[149.6594,-21.9463],[149.6603,-21.9469]]],[[[149.6587,-21.9548],[149.6586,-21.9534],[149.658,-21.9541],[149.6587,-21.9548]]]]},"properties":{"lga_code_2023":"33980","lga_name_2023":"Isaac","state_code_2021":"3"}},{"type":"Feature","geometry":{"type":"Polygon","coordinates":[[[141.591,-15.1965],[141.5803,-15.1988],[141.586,-15.2017],[141.581,-15.2081],[141.5756,-15.2054],[141.5797,-15.2365],[141.5696,-15.2922],[141.5451,-15.3325],[141.5282,-15.3976],[141.4976,-15.4764],[141.4836,-15.4974],[141.4907,-15.4979],[141.4974,-15.4849],[141.5093,-15.4937],[141.4934,-15.5062],[141.4934,-15.5163],[141.5028,-15.5058],[141.5045,-15.5207],[141.5282,-15.5268],[141.5223,-15.5107],[141.5319,-15.5136],[141.5337,-15.5065],[141.5361,-15.5133],[141.5494,-15.5108],[141.5529,-15.5186],[141.5608,-15.5187],[141.5528,-15.533],[141.5563,-15.5381],[141.5566,-15.53],[141.5631,-15.5348],[141.5718,-15.5204],[141.5794,-15.5261],[141.5837,-15.5187],[141.5976,-15.5245],[141.6042,-15.5354],[141.6274,-15.544],[141.647,-15.5408],[141.9726,-15.5691],[141.9953,-15.4535],[141.969,-15.422],[141.9441,-15.4041],[141.9399,-15.3919],[141.9564,-15.3802],[141.967,-15.3558],[142.0245,-15.3788],[142.1258,-15.1003],[142.1342,-14.9856],[142.1015,-15.0198],[142.0862,-15.0459],[142.0617,-15.06],[142.0594,-15.0678],[142.0364,-15.0707],[142.0036,-15.0878],[141.9928,-15.0843],[141.9529,-15.0942],[141.9339,-15.1136],[141.9192,-15.1099],[141.8713,-15.1256],[141.8438,-15.1249],[141.7897,-15.1462],[141.7561,-15.136],[141.751,-15.1441],[141.7478,-15.1389],[141.7242,-15.1391],[141.7245,-15.1177],[141.7101,-15.1182],[141.7204,-15.115],[141.7185,-15.1077],[141.7023,-15.1084],[141.6948,-15.0986],[141.6859,-15.1092],[141.6739,-15.11],[141.6513,-15.0815],[141.6507,-15.0689],[141.6449,-15.0706],[141.6297,-15.1053],[141.6393,-15.1309],[141.6355,-15.1497],[141.591,-15.1965]]]},"properties":{"lga_code_2023":"34420","lga_name_2023":"Kowanyama","state_code_2021":"3"}},{"type":"Feature","geometry":{"type":"MultiPolygon","coordinates":[[[[150.3695,-23.1459],[150.385,-23.1432],[150.3931,-23.1581],[150.3831,-23.1672],[150.3838,-23.1785],[150.4016,-23.1918],[150.3442,-23.2379],[150.3421,-23.2461],[150.3663,-23.2666],[150.3971,-23.241],[150.422,-23.2455],[150.4353,-23.2892],[150.4523,-23.3154],[150.4499,-23.3398],[150.4593,-23.3386],[150.4797,-23.3175],[150.47,-23.3009],[150.4855,-23.3013],[150.4934,-23.2917],[150.5046,-23.2919],[150.5114,-23.2807],[150.5247,-23.2791],[150.5299,-23.2884],[150.5383,-23.2783],[150.5585,-23.2768],[150.5687,-23.2559],[150.5775,-23.257],[150.5761,-23.2662],[150.5872,-23.2675],[150.5853,-23.2804],[150.5969,-23.2913],[150.5909,-23.2999],[150.6097,-23.3195],[150.6056,-23.3255],[150.6131,-23.3423],[150.6043,-23.3514],[150.5843,-23.3418],[150.5817,-23.3567],[150.5876,-23.3718],[150.5795,-23.3789],[150.5806,-23.3925],[150.5711,-23.3991],[150.6047,-23.4459],[150.625,-23.4565],[150.6351,-23.4846],[150.6617,-23.4912],[150.6605,-23.4976],[150.6379,-23.5074],[150.638,-23.5169],[150.6495,-23.5178],[150.6811,-23.4981],[150.7057,-23.5058],[150.727,-23.4914],[150.7728,-23.5066],[150.8014,-23.501],[150.8486,-23.5071],[150.8616,-23.5011],[150.8714,-23.4806],[150.8422,-23.4527],[150.8101,-23.4068],[150.791,-23.3576],[150.7934,-23.3363],[150.7995,-23.3397],[150.7938,-23.3247],[150.7756,-23.3232],[150.7677,-23.3028],[150.7593,-23.3004],[150.7665,-23.2983],[150.7896,-23.3098],[150.8083,-23.2881],[150.825,-23.2802],[150.8284,-23.2362],[150.8214,-23.2359],[150.8193,-23.2215],[150.8082,-23.2297],[150.7987,-23.2278],[150.7879,-23.2017],[150.7916,-23.2086],[150.7931,-23.1871],[150.7999,-23.1829],[150.7923,-23.175],[150.7945,-23.163],[150.7887,-23.1587],[150.7831,-23.1667],[150.7748,-23.1652],[150.7496,-23.1288],[150.7521,-23.1049],[150.7715,-23.0559],[150.7774,-22.9619],[150.8,-22.9331],[150.787,-22.9222],[150.7897,-22.8657],[150.7969,-22.8253],[150.8038,-22.8159],[150.8108,-22.8178],[150.8068,-22.8045],[150.8154,-22.7984],[150.8082,-22.7982],[150.806,-22.7912],[150.8123,-22.7492],[150.8251,-22.731],[150.8218,-22.7153],[150.8308,-22.7037],[150.8276,-22.6902],[150.8352,-22.6842],[150.8056,-22.6732],[150.8037,-22.6468],[150.7865,-22.65],[150.7784,-22.641],[150.779,-22.5783],[150.7843,-22.5557],[150.7906,-22.555],[150.7799,-22.5398],[150.7893,-22.5368],[150.7696,-22.5218],[150.7649,-22.5267],[150.7545,-22.5236],[150.7528,-22.5307],[150.7591,-22.5435],[150.7743,-22.5469],[150.7741,-22.5524],[150.7628,-22.552],[150.756,-22.577],[150.7484,-22.5803],[150.7536,-22.5895],[150.7451,-22.5831],[150.7458,-22.5992],[150.7406,-22.5973],[150.753,-22.6046],[150.7485,-22.6101],[150.7413,-22.6038],[150.7436,-22.6173],[150.7516,-22.6216],[150.7453,-22.6193],[150.7423,-22.625],[150.7416,-22.6185],[150.7393,-22.6273],[150.7495,-22.6336],[150.7527,-22.6255],[150.7589,-22.6267],[150.7484,-22.6359],[150.7361,-22.6236],[150.7283,-22.6331],[150.7333,-22.6414],[150.7271,-22.6338],[150.7073,-22.6362],[150.6941,-22.6064],[150.7027,-22.6082],[150.6993,-22.6109],[150.7095,-22.6241],[150.7153,-22.6234],[150.7106,-22.628],[150.7146,-22.6334],[150.7322,-22.6234],[150.719,-22.6002],[150.7265,-22.5801],[150.7248,-22.5632],[150.7172,-22.5536],[150.6917,-22.5536],[150.6814,-22.5678],[150.6857,-22.5777],[150.6865,-22.5731],[150.6796,-22.5735],[150.6771,-22.5653],[150.6889,-22.5447],[150.667,-22.5225],[150.665,-22.5089],[150.6743,-22.5063],[150.6738,-22.501],[150.6443,-22.4743],[150.6584,-22.4786],[150.6743,-22.4947],[150.6784,-22.487],[150.6737,-22.4823],[150.6814,-22.4848],[150.6791,-22.4747],[150.6719,-22.4729],[150.6783,-22.4732],[150.686,-22.4924],[150.6962,-22.4896],[150.6975,-22.5061],[150.7239,-22.5186],[150.731,-22.4851],[150.7409,-22.4734],[150.7483,-22.4775],[150.7585,-22.4684],[150.7474,-22.453],[150.7533,-22.4463],[150.7166,-22.4438],[150.6932,-22.4306],[150.6845,-22.3957],[150.687,-22.3771],[150.6785,-22.3747],[150.6809,-22.3663],[150.676,-22.3565],[150.6696,-22.3568],[150.6692,-22.3472],[150.6607,-22.3505],[150.6617,-22.3621],[150.6505,-22.369],[150.6723,-22.4025],[150.664,-22.4071],[150.6614,-22.4195],[150.66,-22.4399],[150.6663,-22.4541],[150.6503,-22.439],[150.6553,-22.4221],[150.6273,-22.4417],[150.6463,-22.424],[150.628,-22.421],[150.6502,-22.4215],[150.6578,-22.4142],[150.6439,-22.3913],[150.6343,-22.3915],[150.6307,-22.3994],[150.628,-22.393],[150.6216,-22.3982],[150.6109,-22.3889],[150.6186,-22.3896],[150.612,-22.3855],[150.6152,-22.3818],[150.6234,-22.3884],[150.6425,-22.3796],[150.6172,-22.3498],[150.6407,-22.3634],[150.6458,-22.3455],[150.6259,-22.3277],[150.6041,-22.3351],[150.5624,-22.3164],[150.55,-22.3437],[150.5398,-22.3507],[150.5361,-22.3927],[150.53,-22.4024],[150.5448,-22.4089],[150.5388,-22.4134],[150.5406,-22.4211],[150.5456,-22.42],[150.5414,-22.4227],[150.5564,-22.4306],[150.5399,-22.427],[150.543,-22.4397],[150.5386,-22.4424],[150.5755,-22.451],[150.59,-22.4641],[150.5346,-22.4452],[150.5331,-22.45],[150.5563,-22.477],[150.5871,-22.4858],[150.593,-22.4758],[150.5907,-22.4845],[150.6019,-22.4861],[150.5874,-22.4875],[150.6078,-22.5008],[150.5742,-22.4821],[150.5525,-22.484],[150.5689,-22.5047],[150.5696,-22.5272],[150.5875,-22.5442],[150.5817,-22.5454],[150.5853,-22.5552],[150.5976,-22.5594],[150.5884,-22.5591],[150.5918,-22.5748],[150.573,-22.5773],[150.5624,-22.5643],[150.5515,-22.5665],[150.5488,-22.5735],[150.5589,-22.5836],[150.5547,-22.5825],[150.554,-22.5911],[150.5599,-22.6034],[150.5474,-22.576],[150.5374,-22.5902],[150.5486,-22.6171],[150.538,-22.5984],[150.5298,-22.6023],[150.5441,-22.5736],[150.5304,-22.5813],[150.5325,-22.5731],[150.5158,-22.5724],[150.5225,-22.5675],[150.5148,-22.5574],[150.5379,-22.5724],[150.5448,-22.5614],[150.5021,-22.538],[150.4918,-22.5214],[150.4862,-22.5214],[150.4887,-22.5292],[150.5017,-22.5435],[150.4976,-22.5602],[150.4902,-22.5402],[150.4831,-22.543],[150.4882,-22.5403],[150.4839,-22.5343],[150.4507,-22.5227],[150.4487,-22.5347],[150.4393,-22.5124],[150.4307,-22.5173],[150.4354,-22.5089],[150.4243,-22.4989],[150.4149,-22.4943],[150.405,-22.4983],[150.4029,-22.4813],[150.3839,-22.4654],[150.3686,-22.4628],[150.356,-22.45],[150.3319,-22.4403],[150.3222,-22.4268],[150.301,-22.4213],[150.3005,-22.3977],[150.2937,-22.4031],[150.2219,-22.3902],[150.2171,-22.3939],[150.2058,-22.3691],[150.1774,-22.3605],[150.1788,-22.3409],[150.1922,-22.3252],[150.1779,-22.3118],[150.1574,-22.305],[150.1516,-22.2598],[150.1102,-22.233],[150.0888,-22.187],[150.0816,-22.1519],[150.0742,-22.1564],[150.0656,-22.1529],[150.06,-22.1319],[150.0533,-22.135],[150.0442,-22.1255],[150.0346,-22.1301],[150.0285,-22.1457],[149.9975,-22.1456],[149.9868,-22.1636],[149.964,-22.1742],[149.9559,-22.1853],[149.9429,-22.2118],[149.9439,-22.2293],[149.9311,-22.2643],[149.9175,-22.2761],[149.9158,-22.2952],[149.9224,-22.3051],[149.9149,-22.3212],[149.9291,-22.3235],[149.9269,-22.3448],[149.9129,-22.3427],[149.9631,-22.456],[149.9768,-22.4734],[149.9847,-22.507],[150.0028,-22.5301],[150.0105,-22.582],[150.0467,-22.6611],[150.0272,-22.6412],[150.0182,-22.6396],[150.0039,-22.6087],[149.9914,-22.6018],[149.9913,-22.5867],[149.9628,-22.5395],[149.9273,-22.5216],[149.9222,-22.5089],[149.8883,-22.4928],[149.8683,-22.4636],[149.8499,-22.4162],[149.8285,-22.4038],[149.809,-22.3816],[149.7843,-22.3803],[149.7716,-22.4204],[149.6951,-22.4821],[149.6601,-22.5012],[149.6523,-22.5231],[149.631,-22.5442],[149.6395,-22.5848],[149.6268,-22.5821],[149.6254,-22.5977],[149.5657,-22.5935],[149.5181,-22.6232],[149.5111,-22.617],[149.4925,-22.621],[149.4634,-22.5967],[149.4587,-22.6315],[149.4524,-22.628],[149.4244,-22.6473],[149.4076,-22.6368],[149.397,-22.6153],[149.3885,-22.616],[149.3882,-22.6354],[149.377,-22.6589],[149.3907,-22.6853],[149.4038,-22.6809],[149.4087,-22.6947],[149.432,-22.7016],[149.4351,-22.7298],[149.4485,-22.7408],[149.4404,-22.7654],[149.427,-22.7716],[149.4302,-22.8063],[149.4362,-22.8094],[149.4347,-22.8279],[149.4132,-22.8575],[149.3983,-22.8573],[149.3682,-22.8769],[149.3811,-22.8949],[149.4034,-22.8978],[149.4145,-22.9166],[149.4221,-22.9573],[149.4113,-22.99],[149.4275,-23.0044],[149.4292,-23.0204],[149.4858,-23.0578],[149.4915,-23.0909],[149.4886,-23.0986],[149.4801,-23.0996],[149.4816,-23.1132],[149.5029,-23.1241],[149.617,-23.0934],[149.6369,-23.0743],[149.6726,-23.0821],[149.7266,-23.0576],[149.7196,-23.0415],[149.7312,-23.0259],[149.7785,-23.0145],[149.8232,-22.9809],[149.8352,-22.9908],[149.8356,-22.9991],[149.8466,-22.9984],[149.8506,-22.9868],[149.8663,-22.9941],[149.8797,-22.9882],[149.9013,-22.9963],[149.9102,-23.0081],[149.9285,-23.0105],[149.9332,-23.0137],[149.9273,-23.0242],[149.9326,-23.0393],[149.9255,-23.0568],[149.9609,-23.0769],[149.9958,-23.0872],[150.0241,-23.0734],[150.0331,-23.0444],[150.0668,-23.036],[150.0782,-23.0494],[150.0672,-23.0853],[150.1001,-23.0934],[150.1216,-23.0898],[150.1349,-23.0963],[150.134,-23.1223],[150.1624,-23.1456],[150.2158,-23.1083],[150.2503,-23.1126],[150.2966,-23.1377],[150.3695,-23.1459]]],[[[150.8165,-23.5195],[150.822,-23.5219],[150.8157,-23.5179],[150.8165,-23.5195]]],[[[150.9382,-23.347],[150.9395,-23.3425],[150.9335,-23.3408],[150.9382,-23.347]]],[[[150.8843,-23.2779],[150.8935,-23.281],[150.886,-23.2752],[150.8843,-23.2779]]],[[[150.9703,-23.2169],[150.9756,-23.216],[150.9734,-23.2091],[150.9649,-23.2148],[150.9703,-23.2169]]],[[[151.0864,-23.1537],[151.0846,-23.155],[151.086,-23.1552],[151.0864,-23.1537]]],[[[150.9003,-23.0946],[150.907,-23.0895],[150.9016,-23.0899],[150.9003,-23.0946]]],[[[150.9537,-23.0652],[150.9543,-23.0627],[150.9525,-23.0634],[150.9537,-23.0652]]],[[[150.8882,-23.0504],[150.8897,-23.0484],[150.8859,-23.0475],[150.8882,-23.0504]]],[[[150.9943,-22.7317],[150.9988,-22.7344],[150.9925,-22.7264],[150.9943,-22.7317]]],[[[149.8884,-22.2681],[149.8919,-22.2636],[149.887,-22.2648],[149.8884,-22.2681]]],[[[150.3588,-22.1901],[150.36,-22.1898],[150.3586,-22.1869],[150.3588,-22.1901]]],[[[149.8492,-22.1492],[149.8528,-22.1462],[149.8495,-22.1465],[149.8492,-22.1492]]],[[[150.6697,-22.094],[150.6769,-22.0909],[150.6702,-22.0827],[150.6697,-22.094]]],[[[149.9883,-22.0586],[149.9894,-22.0525],[149.9864,-22.0564],[149.9883,-22.0586]]],[[[150.0979,-22.0466],[150.0976,-22.0454],[150.0973,-22.0457],[150.0979,-22.0466]]],[[[150.4493,-22.0397],[150.452,-22.0366],[150.4508,-22.0316],[150.4493,-22.0397]]],[[[149.8405,-22.0347],[149.8436,-22.0345],[149.8443,-22.0326],[149.8405,-22.0347]]],[[[150.6485,-22.0284],[150.6495,-22.0274],[150.6481,-22.0265],[150.6485,-22.0284]]],[[[149.8308,-22.0257],[149.8314,-22.0242],[149.8277,-22.0244],[149.8308,-22.0257]]],[[[149.8247,-22.017],[149.8247,-22.0143],[149.8239,-22.0148],[149.8247,-22.017]]],[[[150.6461,-22.0038],[150.6435,-22.0095],[150.6478,-22.0092],[150.6461,-22.0038]]],[[[150.6682,-21.9915],[150.6711,-21.9926],[150.6681,-21.9884],[150.6682,-21.9915]]],[[[149.8048,-21.9866],[149.8195,-21.9957],[149.8094,-21.9823],[149.8048,-21.9866]]],[[[149.8778,-21.9815],[149.8794,-21.9807],[149.8783,-21.9793],[149.8778,-21.9815]]],[[[150.3817,-21.9733],[150.383,-21.9717],[150.3803,-21.9709],[150.3817,-21.9733]]],[[[149.894,-21.9714],[149.8952,-21.9709],[149.8932,-21.9696],[149.894,-21.9714]]],[[[150.1344,-21.9571],[150.1334,-21.9536],[150.1324,-21.9545],[150.1344,-21.9571]]],[[[150.7027,-21.9528],[150.7028,-21.951],[150.7011,-21.9508],[150.7027,-21.9528]]],[[[150.1205,-21.9495],[150.1196,-21.9473],[150.1179,-21.9471],[150.1205,-21.9495]]],[[[150.6912,-21.9422],[150.6924,-21.9401],[150.6911,-21.9406],[150.6912,-21.9422]]],[[[150.0992,-21.9399],[150.0995,-21.9392],[150.0986,-21.9393],[150.0992,-21.9399]]],[[[150.6915,-21.9395],[150.6917,-21.9377],[150.691,-21.939],[150.6915,-21.9395]]],[[[150.111,-21.9321],[150.1183,-21.9313],[150.1186,-21.9152],[150.1083,-21.9222],[150.111,-21.9321]]],[[[149.9715,-22.0378],[149.9746,-22.034],[149.9693,-22.0362],[149.9715,-22.0378]]],[[[150.098,-22.032],[150.0985,-22.0313],[150.0978,-22.0309],[150.098,-22.032]]],[[[150.101,-22.0285],[150.1013,-22.0282],[150.1005,-22.0277],[150.101,-22.0285]]],[[[150.1271,-21.9517],[150.1273,-21.9492],[150.1253,-21.9511],[150.1271,-21.9517]]],[[[150.1245,-21.942],[150.1276,-21.9364],[150.12,-21.9389],[150.1245,-21.942]]],[[[150.2217,-21.9203],[150.2221,-21.9188],[150.2209,-21.918],[150.2217,-21.9203]]],[[[150.8537,-23.534],[150.8653,-23.5279],[150.8379,-23.5212],[150.8537,-23.534]]],[[[150.8281,-23.5242],[150.8374,-23.5276],[150.8311,-23.5197],[150.8244,-23.5205],[150.8281,-23.5242]]],[[[150.8145,-23.356],[150.8123,-23.3584],[150.8176,-23.3575],[150.8145,-23.356]]],[[[151.0784,-23.1541],[151.069,-23.1611],[151.0794,-23.1634],[151.0784,-23.1541]]],[[[150.8986,-23.1001],[150.9012,-23.0983],[150.8973,-23.098],[150.8986,-23.1001]]],[[[150.9066,-23.0852],[150.9141,-23.087],[150.9144,-23.0797],[150.8993,-23.0561],[150.8921,-23.0545],[150.8934,-23.0657],[150.8846,-23.0774],[150.8894,-23.0832],[150.904,-23.0797],[150.9066,-23.0852]]],[[[150.8808,-23.0474],[150.8812,-23.0464],[150.8789,-23.0463],[150.8808,-23.0474]]],[[[150.9629,-22.6548],[150.9599,-22.6555],[150.9586,-22.658],[150.9629,-22.6548]]],[[[150.2397,-22.3099],[150.2402,-22.3094],[150.2396,-22.3091],[150.2397,-22.3099]]],[[[150.3028,-22.3085],[150.3029,-22.3075],[150.3017,-22.3078],[150.3028,-22.3085]]],[[[150.2299,-22.2874],[150.2284,-22.2848],[150.2285,-22.2869],[150.2299,-22.2874]]],[[[150.5393,-22.2668],[150.5422,-22.2663],[150.5392,-22.2653],[150.5393,-22.2668]]],[[[150.3351,-22.2307],[150.3347,-22.2296],[150.3344,-22.2303],[150.3351,-22.2307]]],[[[150.3702,-22.2151],[150.3702,-22.2162],[150.3709,-22.2164],[150.3702,-22.2151]]],[[[150.3732,-22.2073],[150.3742,-22.2072],[150.373,-22.2049],[150.3732,-22.2073]]],[[[150.359,-22.1946],[150.3618,-22.1943],[150.3588,-22.1932],[150.359,-22.1946]]],[[[150.2935,-22.0274],[150.303,-22.0241],[150.2896,-22.0241],[150.2935,-22.0274]]],[[[150.3834,-22.0127],[150.388,-22.0156],[150.383,-22.0094],[150.3834,-22.0127]]],[[[149.8461,-22.0077],[149.8618,-22.0131],[149.881,-21.9943],[149.8491,-21.9999],[149.8461,-22.0077]]],[[[150.3761,-22.0093],[150.3796,-22.0076],[150.3789,-22.0056],[150.3761,-22.0093]]],[[[150.1639,-22.0129],[150.1643,-22.0114],[150.1632,-22.0107],[150.1639,-22.0129]]],[[[150.5861,-21.9835],[150.5872,-21.9805],[150.5857,-21.981],[150.5861,-21.9835]]],[[[150.143,-21.9821],[150.1421,-21.9834],[150.1428,-21.9833],[150.143,-21.9821]]],[[[150.1885,-21.9836],[150.1895,-21.9825],[150.1885,-21.9828],[150.1885,-21.9836]]],[[[150.6842,-21.9604],[150.6774,-21.9654],[150.6904,-21.9672],[150.6914,-21.9535],[150.6983,-21.9534],[150.6861,-21.9459],[150.6842,-21.9604]]],[[[150.1989,-21.9654],[150.1976,-21.9659],[150.1992,-21.9669],[150.1989,-21.9654]]],[[[150.3617,-22.0176],[150.3739,-22.0234],[150.3669,-22.0114],[150.36,-22.013],[150.3617,-22.0176]]],[[[150.8518,-23.5132],[150.8645,-23.517],[150.8718,-23.5059],[150.8518,-23.5132]]],[[[150.8773,-23.0376],[150.8786,-23.0374],[150.8783,-23.0357],[150.8773,-23.0376]]],[[[150.8449,-22.6836],[150.8405,-22.6862],[150.8482,-22.6852],[150.8449,-22.6836]]],[[[149.8685,-22.1482],[149.8692,-22.1438],[149.8625,-22.1453],[149.8685,-22.1482]]],[[[150.1253,-21.9943],[150.1255,-22.0014],[150.1396,-21.9984],[150.1297,-21.9875],[150.1253,-21.9943]]],[[[150.3791,-21.9997],[150.3755,-21.9993],[150.3844,-22.0031],[150.3791,-21.9997]]],[[[149.8937,-21.9966],[149.894,-21.995],[149.8924,-21.996],[149.8937,-21.9966]]],[[[150.1428,-21.9939],[150.1428,-21.9925],[150.1419,-21.9933],[150.1428,-21.9939]]],[[[150.1549,-21.985],[150.1543,-21.9826],[150.1532,-21.9841],[150.1549,-21.985]]],[[[150.1414,-21.9793],[150.1474,-21.9792],[150.1426,-21.9608],[150.1499,-21.9611],[150.1414,-21.9575],[150.1414,-21.9793]]],[[[150.1946,-21.9789],[150.1942,-21.978],[150.1938,-21.9784],[150.1946,-21.9789]]],[[[150.8689,-23.2458],[150.8705,-23.2452],[150.8708,-23.2437],[150.8689,-23.2458]]],[[[149.9136,-22.3054],[149.9196,-22.3072],[149.9163,-22.3028],[149.9136,-22.3054]]],[[[150.4557,-22.3112],[150.4544,-22.3079],[150.45,-22.3057],[150.4557,-22.3112]]],[[[150.2283,-22.3087],[150.2299,-22.3081],[150.2291,-22.3059],[150.2283,-22.3087]]],[[[149.9153,-22.3119],[149.9185,-22.3112],[149.9188,-22.3102],[149.9153,-22.3119]]],[[[150.9247,-23.3022],[150.9233,-23.3034],[150.9243,-23.3055],[150.9247,-23.3022]]],[[[150.9234,-23.3019],[150.9243,-23.3008],[150.9202,-23.3005],[150.9234,-23.3019]]],[[[150.4963,-22.553],[150.5003,-22.5503],[150.497,-22.5405],[150.4963,-22.553]]],[[[150.0148,-22.6255],[150.0193,-22.6227],[150.0141,-22.6176],[150.0148,-22.6255]]],[[[150.7382,-22.6114],[150.7347,-22.6072],[150.7376,-22.6171],[150.7382,-22.6114]]],[[[150.797,-22.562],[150.7969,-22.5645],[150.7996,-22.5647],[150.797,-22.562]]],[[[150.0099,-22.6168],[150.0118,-22.6143],[150.0091,-22.6145],[150.0099,-22.6168]]],[[[150.0125,-22.6265],[150.0144,-22.6286],[150.0126,-22.6232],[150.0125,-22.6265]]],[[[150.6807,-22.5709],[150.6828,-22.5717],[150.6788,-22.5659],[150.6807,-22.5709]]],[[[150.6886,-22.5589],[150.6906,-22.5567],[150.689,-22.5572],[150.6886,-22.5589]]],[[[150.6792,-22.5642],[150.6806,-22.5622],[150.6794,-22.5624],[150.6792,-22.5642]]],[[[150.7374,-22.6095],[150.7374,-22.6078],[150.7361,-22.6066],[150.7374,-22.6095]]],[[[150.7108,-22.6262],[150.7118,-22.6259],[150.7109,-22.6248],[150.7108,-22.6262]]],[[[150.8495,-23.3175],[150.8507,-23.3161],[150.8479,-23.3148],[150.8495,-23.3175]]],[[[150.9397,-23.1978],[150.9776,-23.1833],[150.9881,-23.1923],[150.9867,-23.1841],[150.9943,-23.1776],[150.9755,-23.1712],[150.9762,-23.1493],[150.9562,-23.1563],[150.9595,-23.1602],[150.9511,-23.1712],[150.9328,-23.1677],[150.9397,-23.1978]]],[[[150.9701,-23.1975],[150.9722,-23.2016],[150.9721,-23.1971],[150.9701,-23.1975]]],[[[149.9076,-22.4779],[149.9085,-22.4695],[149.8984,-22.4625],[149.9076,-22.4779]]],[[[149.965,-22.4772],[149.9741,-22.4916],[149.9664,-22.4735],[149.965,-22.4772]]],[[[150.7462,-22.4119],[150.7492,-22.4132],[150.7447,-22.4088],[150.7462,-22.4119]]],[[[150.4436,-22.5153],[150.4493,-22.517],[150.4433,-22.5129],[150.4436,-22.5153]]],[[[150.7345,-22.4404],[150.7364,-22.4377],[150.7358,-22.4357],[150.7345,-22.4404]]],[[[150.7748,-22.4817],[150.7757,-22.4806],[150.7727,-22.4771],[150.7748,-22.4817]]],[[[150.7412,-22.4034],[150.74,-22.4044],[150.7431,-22.4063],[150.7412,-22.4034]]],[[[150.4376,-22.5122],[150.4387,-22.5104],[150.4373,-22.5085],[150.4376,-22.5122]]],[[[150.7613,-22.4697],[150.7623,-22.4682],[150.7596,-22.468],[150.7613,-22.4697]]],[[[150.7291,-22.4329],[150.7305,-22.4303],[150.7276,-22.4323],[150.7291,-22.4329]]],[[[150.7572,-22.479],[150.7582,-22.4783],[150.7562,-22.4762],[150.7572,-22.479]]],[[[150.4479,-22.5214],[150.4487,-22.5201],[150.4468,-22.5186],[150.4479,-22.5214]]],[[[150.4042,-22.4946],[150.4065,-22.4932],[150.4058,-22.4929],[150.4042,-22.4946]]],[[[150.7641,-22.4489],[150.7634,-22.4476],[150.7623,-22.4479],[150.7641,-22.4489]]],[[[150.77,-22.5181],[150.7721,-22.5176],[150.7706,-22.517],[150.77,-22.5181]]],[[[150.7311,-22.4272],[150.7319,-22.4259],[150.7305,-22.4263],[150.7311,-22.4272]]],[[[150.4493,-22.5226],[150.4506,-22.5211],[150.449,-22.522],[150.4493,-22.5226]]],[[[150.4464,-22.5211],[150.446,-22.5195],[150.4448,-22.5181],[150.4464,-22.5211]]],[[[150.7525,-22.4545],[150.7523,-22.4536],[150.7516,-22.4539],[150.7525,-22.4545]]],[[[150.452,-22.5212],[150.4522,-22.5205],[150.4517,-22.5205],[150.452,-22.5212]]],[[[150.4215,-22.2945],[150.4217,-22.2994],[150.4299,-22.2884],[150.4258,-22.2825],[150.4314,-22.2718],[150.441,-22.268],[150.444,-22.2741],[150.4461,-22.2662],[150.4634,-22.2592],[150.4547,-22.2473],[150.4654,-22.2484],[150.4628,-22.2398],[150.4541,-22.2342],[150.464,-22.2252],[150.4398,-22.2327],[150.4306,-22.2521],[150.4426,-22.2546],[150.4343,-22.2677],[150.4155,-22.2796],[150.4215,-22.2945]]],[[[149.9139,-22.2298],[149.8981,-22.2464],[149.8986,-22.2603],[149.9113,-22.2536],[149.9139,-22.2298]]],[[[149.8793,-22.2523],[149.8929,-22.2515],[149.8806,-22.2343],[149.8745,-22.2381],[149.8793,-22.2523]]],[[[150.2973,-22.2424],[150.3036,-22.2497],[150.3207,-22.2442],[150.3233,-22.2357],[150.3142,-22.2331],[150.2973,-22.2424]]],[[[149.9197,-22.2005],[149.9317,-22.1873],[149.9266,-22.1748],[149.9197,-22.2005]]],[[[149.88,-22.2592],[149.8859,-22.2633],[149.8951,-22.2582],[149.8781,-22.2542],[149.88,-22.2592]]],[[[149.8915,-22.2428],[149.9007,-22.236],[149.8889,-22.2367],[149.8915,-22.2428]]],[[[150.2721,-22.2262],[150.2609,-22.2273],[150.2715,-22.2314],[150.2721,-22.2262]]],[[[149.9301,-22.1605],[149.9354,-22.1662],[149.9311,-22.1559],[149.9301,-22.1605]]],[[[149.9387,-22.2244],[149.9406,-22.2128],[149.9367,-22.2175],[149.9387,-22.2244]]],[[[149.9371,-22.1416],[149.943,-22.1378],[149.942,-22.1344],[149.9371,-22.1416]]],[[[149.8729,-22.2079],[149.8773,-22.2041],[149.8709,-22.2042],[149.8729,-22.2079]]],[[[149.8743,-22.2319],[149.8758,-22.2307],[149.8688,-22.2298],[149.8743,-22.2319]]],[[[149.9327,-22.2058],[149.9334,-22.2008],[149.9316,-22.2023],[149.9327,-22.2058]]],[[[149.9402,-22.2298],[149.9421,-22.2282],[149.9412,-22.2254],[149.9402,-22.2298]]],[[[149.9294,-22.2603],[149.9299,-22.2562],[149.9283,-22.2592],[149.9294,-22.2603]]],[[[150.4397,-22.2065],[150.4397,-22.2051],[150.4377,-22.2055],[150.4397,-22.2065]]],[[[150.3322,-22.2281],[150.3323,-22.2258],[150.3308,-22.2271],[150.3322,-22.2281]]],[[[150.425,-22.2497],[150.427,-22.249],[150.4248,-22.2489],[150.425,-22.2497]]],[[[150.3342,-22.2274],[150.3346,-22.227],[150.3335,-22.2258],[150.3342,-22.2274]]],[[[150.4735,-22.2055],[150.4727,-22.2065],[150.4734,-22.2063],[150.4735,-22.2055]]],[[[150.0899,-22.1779],[150.0895,-22.1771],[150.0893,-22.1775],[150.0899,-22.1779]]],[[[150.2886,-22.2359],[150.2884,-22.2365],[150.289,-22.2365],[150.2886,-22.2359]]],[[[150.0588,-22.1318],[150.0587,-22.131],[150.0583,-22.1314],[150.0588,-22.1318]]],[[[150.0941,-22.1867],[150.0941,-22.1862],[150.0933,-22.1864],[150.0941,-22.1867]]],[[[150.1854,-21.9788],[150.1797,-21.9701],[150.1599,-21.9776],[150.1515,-21.9714],[150.1647,-21.986],[150.1687,-22.0041],[150.1803,-21.9984],[150.178,-21.9828],[150.1854,-21.9788]]],[[[150.1555,-21.9709],[150.1557,-21.9685],[150.1545,-21.9692],[150.1555,-21.9709]]],[[[150.9247,-23.1695],[150.9144,-23.1615],[150.9195,-23.1686],[150.9247,-23.1695]]],[[[150.9061,-23.1547],[150.9078,-23.1512],[150.9005,-23.151],[150.9061,-23.1547]]],[[[150.4721,-22.2859],[150.4592,-22.2966],[150.4629,-22.3008],[150.4726,-22.2949],[150.486,-22.311],[150.5,-22.3031],[150.4957,-22.3071],[150.4997,-22.3088],[150.4785,-22.3207],[150.49,-22.3251],[150.4757,-22.3352],[150.4856,-22.35],[150.4901,-22.3413],[150.4995,-22.3439],[150.5048,-22.3343],[150.5106,-22.3401],[150.523,-22.3335],[150.5165,-22.3258],[150.5291,-22.3244],[150.5275,-22.3166],[150.5425,-22.3211],[150.5443,-22.2995],[150.5545,-22.3051],[150.5608,-22.295],[150.5534,-22.2902],[150.5526,-22.2799],[150.5349,-22.2754],[150.5351,-22.2655],[150.5246,-22.2577],[150.5303,-22.2479],[150.5234,-22.2426],[150.5197,-22.225],[150.4894,-22.2067],[150.4792,-22.2066],[150.4702,-22.2216],[150.4755,-22.2327],[150.4901,-22.2275],[150.4958,-22.2352],[150.4972,-22.2412],[150.4916,-22.237],[150.4917,-22.2433],[150.486,-22.2438],[150.4923,-22.2555],[150.4815,-22.2504],[150.4783,-22.2554],[150.5005,-22.2696],[150.4755,-22.2611],[150.4746,-22.2688],[150.4694,-22.2669],[150.4722,-22.2767],[150.4828,-22.2787],[150.4706,-22.2813],[150.4721,-22.2859]]],[[[150.2516,-22.3648],[150.2594,-22.3636],[150.2619,-22.3711],[150.2724,-22.3523],[150.2827,-22.3518],[150.2731,-22.3472],[150.2664,-22.358],[150.2516,-22.3648]]],[[[150.5184,-22.3734],[150.5287,-22.374],[150.5209,-22.3665],[150.5184,-22.3734]]],[[[150.4499,-22.3197],[150.4501,-22.3146],[150.443,-22.3118],[150.4499,-22.3197]]],[[[150.6606,-22.3395],[150.6626,-22.3347],[150.6574,-22.3296],[150.6606,-22.3395]]],[[[150.202,-22.323],[150.2066,-22.3178],[150.2018,-22.3176],[150.202,-22.323]]],[[[150.5147,-22.3788],[150.5062,-22.3803],[150.5164,-22.3827],[150.5147,-22.3788]]],[[[150.5355,-22.4225],[150.5335,-22.4229],[150.537,-22.4279],[150.5355,-22.4225]]],[[[150.465,-22.3354],[150.4629,-22.3399],[150.465,-22.3389],[150.465,-22.3354]]],[[[150.5374,-22.4312],[150.5376,-22.4288],[150.5363,-22.4297],[150.5374,-22.4312]]],[[[150.7181,-22.3402],[150.7192,-22.3382],[150.7175,-22.3391],[150.7181,-22.3402]]],[[[150.3132,-22.3286],[150.3143,-22.3283],[150.3129,-22.3269],[150.3132,-22.3286]]],[[[150.2594,-22.3417],[150.26,-22.3412],[150.2589,-22.3406],[150.2594,-22.3417]]],[[[150.5322,-22.3842],[150.5325,-22.3831],[150.5314,-22.3834],[150.5322,-22.3842]]],[[[150.3255,-22.4281],[150.325,-22.4273],[150.3241,-22.4273],[150.3255,-22.4281]]],[[[150.6276,-22.3279],[150.6281,-22.3275],[150.6275,-22.3269],[150.6276,-22.3279]]],[[[150.6591,-22.3432],[150.6594,-22.3427],[150.6587,-22.3423],[150.6591,-22.3432]]],[[[150.4496,-22.3238],[150.4497,-22.3233],[150.449,-22.3233],[150.4496,-22.3238]]],[[[150.6673,-22.3455],[150.6674,-22.3449],[150.667,-22.3449],[150.6673,-22.3455]]],[[[150.5285,-22.376],[150.5288,-22.3757],[150.5282,-22.3752],[150.5285,-22.376]]],[[[150.7149,-22.3391],[150.7146,-22.3382],[150.7144,-22.3385],[150.7149,-22.3391]]],[[[150.8791,-23.2434],[150.8751,-23.2403],[150.8707,-23.2415],[150.8791,-23.2434]]],[[[150.8335,-23.2874],[150.8345,-23.2873],[150.8345,-23.2855],[150.8335,-23.2874]]],[[[150.805,-23.1733],[150.8053,-23.1721],[150.804,-23.1728],[150.805,-23.1733]]],[[[149.8618,-22.1697],[149.8653,-22.1885],[149.8791,-22.2037],[149.8662,-22.222],[149.8882,-22.2341],[149.9006,-22.2329],[149.9186,-22.205],[149.9206,-22.1547],[149.93,-22.1337],[149.9188,-22.1227],[149.9046,-22.0786],[149.9077,-22.0528],[149.8973,-22.0541],[149.8816,-22.0679],[149.8832,-22.0994],[149.8728,-22.1043],[149.8715,-22.1467],[149.8618,-22.1697]]],[[[150.0139,-22.1056],[150.0105,-22.101],[150.0011,-22.1052],[150.0011,-22.1223],[149.9922,-22.1135],[149.9785,-22.1176],[149.9701,-22.134],[149.9596,-22.1303],[149.9366,-22.1451],[149.9332,-22.1524],[149.9434,-22.1709],[149.9753,-22.1588],[149.9873,-22.1422],[150.0207,-22.1269],[150.0224,-22.1199],[150.011,-22.1164],[150.0135,-22.1099],[150.0404,-22.1114],[150.0374,-22.1064],[150.0243,-22.1108],[150.0139,-22.1056]]],[[[149.9127,-22.0597],[149.9146,-22.059],[149.914,-22.0572],[149.9127,-22.0597]]],[[[150.0512,-22.1309],[150.0518,-22.1304],[150.0512,-22.1301],[150.0512,-22.1309]]]]},"properties":{"lga_code_2023":"34530","lga_name_2023":"Livingstone","state_code_2021":"3"}},{"type":"Feature","geometry":{"type":"MultiPolygon","coordinates":[[[[143.3316,-12.7926],[143.3162,-12.7895],[143.3031,-12.773],[143.2942,-12.7753],[143.2958,-12.7968],[143.3138,-12.8202],[143.3065,-12.8201],[143.3145,-12.8368],[143.2825,-12.8337],[143.2573,-12.8535],[143.2495,-12.8699],[143.2325,-12.8708],[143.2334,-12.8288],[143.2282,-12.8278],[143.2291,-12.8135],[143.2202,-12.8041],[143.2188,-12.7761],[143.2116,-12.7636],[143.2025,-12.7616],[143.1886,-12.7351],[143.1988,-12.7102],[143.2137,-12.7096],[143.2067,-12.6949],[143.2214,-12.6827],[143.2168,-12.6612],[143.2227,-12.6467],[143.2176,-12.6413],[143.2018,-12.6447],[143.1969,-12.6174],[143.1896,-12.6087],[143.1835,-12.6104],[143.1739,-12.5939],[143.1842,-12.58],[143.1864,-12.5514],[143.1786,-12.5565],[143.1764,-12.5706],[143.1627,-12.5564],[143.1424,-12.5691],[143.1315,-12.5651],[143.115,-12.5753],[143.0869,-12.5654],[143.0697,-12.612],[143.0762,-12.6401],[143.0661,-12.6415],[143.0572,-12.6581],[143.0423,-12.6636],[143.0281,-12.6978],[142.9251,-12.694],[142.9201,-12.7052],[142.9317,-12.7278],[142.921,-12.7626],[142.9326,-12.7739],[142.9252,-12.7891],[142.9216,-12.7838],[142.8969,-12.7857],[142.8834,-12.8056],[142.9166,-12.8381],[142.9181,-12.862],[142.9344,-12.8716],[142.9346,-12.8779],[142.9508,-12.8782],[142.9487,-12.8901],[142.9613,-12.8986],[142.9492,-12.9264],[142.9515,-12.9459],[142.9581,-12.9469],[142.8936,-12.9929],[142.9795,-13.1197],[143.0201,-13.1323],[143.0571,-13.1252],[143.0752,-13.132],[143.0885,-13.1466],[143.1096,-13.1504],[143.128,-13.1398],[143.1522,-13.146],[143.2283,-13.132],[143.2498,-13.1373],[143.2411,-13.2511],[143.2573,-13.2408],[143.3439,-13.2481],[143.3438,-13.2652],[143.3179,-13.2768],[143.32,-13.2896],[143.3369,-13.2823],[143.3533,-13.284],[143.3783,-13.3064],[143.3801,-13.3275],[143.3912,-13.3365],[143.3774,-13.3665],[143.3639,-13.3797],[143.3645,-13.4027],[143.3475,-13.4142],[143.3324,-13.4374],[143.3203,-13.4377],[143.3243,-13.4542],[143.3105,-13.4788],[143.3167,-13.4855],[143.4975,-13.4515],[143.4954,-13.4255],[143.5191,-13.4413],[143.5353,-13.4213],[143.5503,-13.4262],[143.5539,-13.4188],[143.5665,-13.4151],[143.5913,-13.4228],[143.596,-13.4134],[143.5874,-13.405],[143.5818,-13.3757],[143.5401,-13.3529],[143.5269,-13.3274],[143.5167,-13.2582],[143.5218,-13.1788],[143.5055,-13.1506],[143.5021,-13.1243],[143.5129,-13.0587],[143.5059,-13.0371],[143.5146,-13.0081],[143.5041,-12.9866],[143.5122,-12.9612],[143.5003,-12.9581],[143.4977,-12.9491],[143.512,-12.9024],[143.5442,-12.8433],[143.5336,-12.839],[143.5169,-12.8445],[143.5001,-12.8601],[143.4745,-12.8654],[143.4493,-12.8489],[143.4051,-12.8678],[143.3978,-12.8873],[143.4014,-12.9005],[143.3915,-12.897],[143.3902,-12.8851],[143.3755,-12.8993],[143.3652,-12.8912],[143.3585,-12.8913],[143.3572,-12.8975],[143.3501,-12.8891],[143.3619,-12.7912],[143.3525,-12.7871],[143.3545,-12.7799],[143.3293,-12.7704],[143.3316,-12.7926]]],[[[143.6169,-12.9851],[143.6158,-12.9848],[143.617,-12.9876],[143.6169,-12.9851]]],[[[143.6129,-12.9856],[143.6132,-12.9842],[143.611,-12.9853],[143.6129,-12.9856]]],[[[143.6138,-12.9938],[143.6134,-12.9925],[143.6129,-12.9923],[143.6138,-12.9938]]],[[[143.6112,-12.9893],[143.6113,-12.989],[143.6112,-12.9884],[143.6112,-12.9893]]],[[[143.5458,-12.8875],[143.5484,-12.8848],[143.5465,-12.8845],[143.5458,-12.8875]]],[[[143.603,-12.8857],[143.6049,-12.8876],[143.6038,-12.8845],[143.603,-12.8857]]],[[[143.5971,-12.8856],[143.5983,-12.8833],[143.5961,-12.8846],[143.5971,-12.8856]]],[[[143.55,-12.8862],[143.5501,-12.8853],[143.5494,-12.8857],[143.55,-12.8862]]],[[[143.2857,-12.8237],[143.3089,-12.8185],[143.2771,-12.7807],[143.2746,-12.7911],[143.2902,-12.8042],[143.2776,-12.8133],[143.2857,-12.8237]]],[[[143.3645,-12.8838],[143.3591,-12.8881],[143.3752,-12.8956],[143.3774,-12.8843],[143.3645,-12.8838]]],[[[143.389,-12.8723],[143.3967,-12.8759],[143.4009,-12.8694],[143.3893,-12.8654],[143.389,-12.8723]]],[[[143.3848,-12.8652],[143.3783,-12.8738],[143.3881,-12.8736],[143.3848,-12.8652]]],[[[143.3955,-12.8839],[143.3933,-12.8951],[143.4007,-12.8969],[143.399,-12.8767],[143.3938,-12.8773],[143.3955,-12.8839]]],[[[143.3806,-12.8812],[143.3915,-12.8809],[143.3842,-12.8768],[143.3806,-12.8812]]],[[[143.4025,-12.76],[143.3976,-12.7539],[143.4009,-12.7678],[143.4025,-12.76]]],[[[143.3679,-12.8787],[143.3751,-12.8815],[143.3686,-12.8767],[143.3679,-12.8787]]],[[[143.3953,-12.7503],[143.3968,-12.7494],[143.3959,-12.7481],[143.3953,-12.7503]]],[[[143.4052,-12.7596],[143.4055,-12.757],[143.404,-12.7586],[143.4052,-12.7596]]],[[[143.4123,-12.7815],[143.4121,-12.7805],[143.41,-12.7802],[143.4123,-12.7815]]],[[[143.3864,-12.884],[143.3895,-12.8827],[143.3874,-12.8829],[143.3864,-12.884]]]]},"properties":{"lga_code_2023":"34570","lga_name_2023":"Lockhart River","state_code_2021":"3"}},{"type":"Feature","geometry":{"type":"Polygon","coordinates":[[[152.4927,-27.5516],[152.4993,-27.5117],[152.4741,-27.5079],[152.4777,-27.4962],[152.4722,-27.4867],[152.4803,-27.483],[152.4773,-27.4788],[152.4646,-27.4678],[152.4513,-27.4675],[152.4454,-27.4591],[152.4358,-27.4579],[152.4356,-27.4401],[152.4091,-27.4366],[152.4141,-27.4302],[152.3995,-27.4284],[152.4016,-27.415],[152.3734,-27.402],[152.3154,-27.3988],[152.31,-27.4293],[152.2943,-27.4274],[152.2913,-27.4002],[152.2629,-27.4161],[152.2582,-27.4091],[152.261,-27.3926],[152.1928,-27.3852],[152.1975,-27.4093],[152.1796,-27.4072],[152.1773,-27.4209],[152.1647,-27.4252],[152.1616,-27.4467],[152.1557,-27.4459],[152.1563,-27.4385],[152.1411,-27.4414],[152.137,-27.4236],[152.0996,-27.4119],[152.1007,-27.4059],[152.0894,-27.397],[152.0834,-27.4047],[152.0699,-27.4037],[152.0587,-27.4021],[152.0604,-27.393],[152.0538,-27.392],[152.0548,-27.4126],[152.0385,-27.4097],[152.0278,-27.4161],[152.0253,-27.4281],[152.0168,-27.4221],[152.016,-27.4315],[152.0235,-27.4324],[152.0195,-27.4487],[152.0063,-27.4469],[152.0028,-27.4628],[151.9962,-27.457],[151.9639,-27.4709],[151.9613,-27.4866],[151.9696,-27.4948],[151.9567,-27.5191],[151.964,-27.5294],[151.9701,-27.518],[151.9985,-27.5253],[151.9882,-27.536],[151.9949,-27.541],[151.9935,-27.5487],[152.0047,-27.5485],[151.9962,-27.5807],[152.008,-27.575],[152.0168,-27.5797],[152.016,-27.5844],[151.9972,-27.586],[151.9894,-27.6081],[151.9742,-27.6093],[151.978,-27.6212],[151.9481,-27.6176],[151.9421,-27.6321],[151.9561,-27.6496],[151.9691,-27.6444],[151.984,-27.6472],[151.9922,-27.6735],[151.9874,-27.6826],[151.999,-27.684],[152.0015,-27.7026],[152.034,-27.7029],[152.0318,-27.7163],[152.0765,-27.7292],[152.075,-27.7377],[152.084,-27.739],[152.0768,-27.7488],[152.0843,-27.7498],[152.0853,-27.76],[152.0934,-27.7611],[152.0965,-27.7445],[152.1048,-27.7456],[152.1013,-27.7652],[152.1315,-27.7717],[152.1303,-27.7784],[152.1394,-27.7797],[152.1305,-27.7838],[152.1415,-27.7891],[152.1491,-27.8066],[152.14,-27.8073],[152.1379,-27.814],[152.1531,-27.8363],[152.1472,-27.8597],[152.1512,-27.8766],[152.1759,-27.8874],[152.1757,-27.9045],[152.1885,-27.9242],[152.2102,-27.9319],[152.2149,-27.9451],[152.2514,-27.9548],[152.2699,-27.969],[152.2974,-27.9561],[152.3163,-27.9656],[152.3431,-27.961],[152.3823,-27.9656],[152.3947,-27.9775],[152.4017,-27.9718],[152.405,-27.9537],[152.4159,-27.9446],[152.4051,-27.9177],[152.4116,-27.8834],[152.3948,-27.8348],[152.4007,-27.8248],[152.392,-27.8177],[152.3933,-27.8097],[152.3828,-27.8072],[152.4071,-27.8055],[152.4088,-27.7961],[152.4026,-27.7953],[152.3892,-27.7698],[152.3919,-27.7569],[152.3954,-27.761],[152.3973,-27.7511],[152.4051,-27.7491],[152.4135,-27.7009],[152.3906,-27.6978],[152.3916,-27.6908],[152.4174,-27.6737],[152.4226,-27.6637],[152.4126,-27.6614],[152.4208,-27.6522],[152.4309,-27.6568],[152.4306,-27.6518],[152.4398,-27.6499],[152.4579,-27.6628],[152.4863,-27.6057],[152.5044,-27.5959],[152.497,-27.583],[152.5078,-27.5811],[152.5174,-27.56],[152.5187,-27.552],[152.4927,-27.5516]]]},"properties":{"lga_code_2023":"34580","lga_name_2023":"Lockyer Valley","state_code_2021":"3"}},{"type":"Feature","geometry":{"type":"Polygon","coordinates":[[[153.119,-27.595],[153.1058,-27.5932],[153.1011,-27.6181],[153.0947,-27.6174],[153.0967,-27.6273],[153.0915,-27.6263],[153.0955,-27.6452],[153.0588,-27.6568],[153.0405,-27.6541],[153.0377,-27.6604],[152.9978,-27.6545],[152.9417,-27.6265],[152.9374,-27.6432],[152.9247,-27.6577],[152.9316,-27.6661],[152.9234,-27.7077],[152.8907,-27.7036],[152.8828,-27.7474],[152.8746,-27.7463],[152.8733,-27.7534],[152.836,-27.7557],[152.8293,-27.7468],[152.8223,-27.7564],[152.808,-27.7587],[152.8033,-27.7856],[152.8219,-27.785],[152.8274,-27.8097],[152.8264,-27.8151],[152.8164,-27.8136],[152.8141,-27.8262],[152.804,-27.8249],[152.8007,-27.8442],[152.8171,-27.8483],[152.8136,-27.8553],[152.8193,-27.8652],[152.835,-27.8698],[152.8746,-27.8559],[152.8706,-27.8514],[152.8813,-27.8482],[152.8974,-27.8576],[152.931,-27.8399],[152.9453,-27.8427],[152.952,-27.8577],[152.9426,-27.8621],[152.9514,-27.886],[152.9471,-27.8964],[152.9597,-27.9214],[152.9826,-27.9241],[152.9846,-27.9119],[153.0127,-27.9206],[153.0175,-27.9001],[153.0315,-27.9026],[153.031,-27.9157],[153.0486,-27.9238],[153.0474,-27.9356],[153.0697,-27.9386],[153.0884,-27.9309],[153.094,-27.9182],[153.1063,-27.9114],[153.0977,-27.8994],[153.1014,-27.8875],[153.1116,-27.8832],[153.1021,-27.8793],[153.1042,-27.868],[153.1144,-27.8606],[153.1231,-27.8663],[153.134,-27.8628],[153.1324,-27.8551],[153.1377,-27.8523],[153.1577,-27.8593],[153.1508,-27.85],[153.1691,-27.842],[153.1832,-27.8203],[153.169,-27.8006],[153.1821,-27.7948],[153.193,-27.78],[153.1864,-27.7754],[153.198,-27.7641],[153.2012,-27.74],[153.2183,-27.7369],[153.2164,-27.7271],[153.2326,-27.7238],[153.2128,-27.7148],[153.2335,-27.711],[153.2343,-27.694],[153.2433,-27.6983],[153.2662,-27.6927],[153.2735,-27.698],[153.2903,-27.6882],[153.281,-27.6832],[153.2807,-27.658],[153.1875,-27.6407],[153.1738,-27.6343],[153.1825,-27.6109],[153.1562,-27.5918],[153.1233,-27.5873],[153.119,-27.595]]]},"properties":{"lga_code_2023":"34590","lga_name_2023":"Logan","state_code_2021":"3"}},{"type":"Feature","geometry":{"type":"Polygon","coordinates":[[[143.2489,-22.8403],[143.2393,-22.8953],[143.1082,-22.9975],[143.0064,-22.9894],[142.9795,-23.1368],[143.0696,-23.239],[142.9463,-23.3344],[142.9227,-23.3096],[142.9098,-23.3188],[142.8992,-23.3384],[142.9063,-23.3515],[142.8515,-23.3473],[142.8355,-23.4926],[142.8495,-23.4938],[142.8472,-23.5087],[142.8377,-23.5037],[142.8283,-23.5096],[142.8087,-23.6371],[142.8867,-23.6486],[142.8779,-23.7021],[142.95,-23.7079],[142.9341,-23.8672],[143.069,-23.8785],[143.0401,-24.1344],[143.1038,-24.1382],[143.0948,-24.2179],[143.1002,-24.2682],[143.2804,-24.2818],[143.298,-24.278],[143.311,-24.2574],[143.3305,-24.2508],[143.3286,-24.2446],[143.3391,-24.2391],[143.3347,-24.2327],[143.347,-24.2258],[143.3429,-24.1967],[143.3616,-24.1726],[143.3623,-24.1433],[143.3746,-24.1204],[143.4595,-24.1305],[143.463,-24.1013],[143.6367,-24.1182],[143.6302,-24.1756],[143.7442,-24.1865],[143.7311,-24.2964],[143.7269,-24.296],[143.7255,-24.3081],[143.7165,-24.3072],[143.7106,-24.3518],[143.7026,-24.3513],[143.6936,-24.4405],[143.758,-24.4364],[143.7586,-24.4449],[143.7696,-24.446],[143.757,-24.5469],[143.7203,-24.5082],[143.5354,-24.6423],[143.6061,-24.7324],[143.5949,-24.7401],[143.5703,-24.738],[143.5146,-24.7777],[143.5135,-24.7902],[143.4337,-24.8496],[143.4284,-24.8721],[143.5592,-25.0118],[143.579,-24.9907],[143.5751,-24.9747],[143.6103,-24.9532],[143.6642,-25.0165],[143.6951,-25.0093],[143.7176,-24.9853],[143.7235,-24.9587],[143.7456,-24.9263],[143.8209,-24.8649],[143.8795,-24.8388],[143.8946,-24.8029],[143.9284,-24.8414],[143.9446,-24.8294],[143.9659,-24.8454],[144.0157,-24.8964],[144.0089,-24.9018],[144.15,-25.0605],[144.1821,-25.0367],[144.2533,-25.1169],[144.2003,-25.1555],[144.196,-25.1654],[144.2318,-25.2308],[144.225,-25.2555],[144.2535,-25.2095],[144.3812,-25.1136],[144.3987,-25.1324],[144.4617,-25.0323],[144.4818,-25.0782],[144.6275,-24.9675],[144.6518,-24.6625],[144.6853,-24.649],[144.6873,-24.6359],[144.6556,-24.6328],[144.7006,-24.2099],[144.7892,-24.2201],[144.7984,-24.1704],[144.7937,-24.1621],[144.8035,-24.0672],[144.8376,-24.0342],[144.8834,-24.0069],[144.7952,-23.9986],[144.8041,-23.9378],[144.7877,-23.9366],[144.8256,-23.697],[144.7755,-23.6913],[144.7952,-23.5192],[144.8694,-23.5242],[144.8809,-23.4486],[144.8616,-23.4465],[144.8708,-23.3635],[144.8771,-23.3637],[144.8842,-23.3463],[144.9094,-23.3488],[144.9255,-23.2186],[144.8928,-23.2148],[144.9046,-23.1147],[144.8524,-23.1089],[144.8644,-23.0069],[144.5292,-22.9743],[144.4809,-22.9685],[144.475,-22.9624],[144.4703,-22.9372],[144.4777,-22.9108],[144.5117,-22.8682],[144.5104,-22.8462],[144.5207,-22.8248],[144.5526,-22.791],[144.5712,-22.7824],[144.5717,-22.7642],[144.5868,-22.7417],[144.5828,-22.7202],[144.5926,-22.6948],[144.5894,-22.6894],[144.5484,-22.6861],[144.556,-22.6641],[144.5002,-22.6592],[144.5034,-22.6073],[144.4756,-22.6057],[144.4738,-22.6245],[144.2432,-22.6003],[144.2403,-22.6318],[144.1683,-22.6239],[144.1762,-22.5947],[144.0831,-22.5868],[144.0743,-22.592],[143.9586,-22.5789],[143.9407,-22.5925],[143.905,-22.5473],[143.8876,-22.4966],[143.7761,-22.564],[143.631,-22.5316],[143.6303,-22.5379],[143.6141,-22.5387],[143.6317,-22.5576],[143.4797,-22.6718],[143.4001,-22.6703],[143.3974,-22.7286],[143.2995,-22.7235],[143.2924,-22.731],[143.2988,-22.7548],[143.265,-22.7941],[143.2536,-22.7993],[143.2489,-22.8403]]]},"properties":{"lga_code_2023":"34710","lga_name_2023":"Longreach","state_code_2021":"3"}},{"type":"Feature","geometry":{"type":"MultiPolygon","coordinates":[[[[149.3139,-21.3589],[149.2972,-21.3407],[149.3015,-21.3351],[149.2912,-21.318],[149.2954,-21.3172],[149.2987,-21.2733],[149.2915,-21.2701],[149.2852,-21.2795],[149.274,-21.2776],[149.2605,-21.262],[149.2571,-21.2448],[149.2249,-21.2637],[149.1981,-21.2964],[149.1902,-21.2945],[149.2014,-21.2773],[149.1861,-21.2775],[149.1792,-21.2847],[149.1817,-21.2744],[149.1993,-21.2681],[149.2141,-21.2415],[149.202,-21.2131],[149.1902,-21.2164],[149.185,-21.2035],[149.1742,-21.1983],[149.1847,-21.1993],[149.1891,-21.2115],[149.196,-21.211],[149.1932,-21.1838],[149.1998,-21.159],[149.2152,-21.1454],[149.1726,-21.1341],[149.1528,-21.143],[149.1635,-21.132],[149.1992,-21.1376],[149.204,-21.1328],[149.1927,-21.1322],[149.1969,-21.1256],[149.209,-21.1304],[149.2228,-21.1477],[149.2242,-21.1159],[149.2354,-21.1061],[149.2261,-21.1011],[149.227,-21.0628],[149.2056,-21.0768],[149.1867,-21.0341],[149.1747,-21.0327],[149.1707,-21.0422],[149.1575,-21.0162],[149.1581,-21.0003],[149.1346,-20.995],[149.1155,-21.0024],[149.0888,-20.9757],[149.0644,-20.9744],[149.049,-20.9791],[149.0416,-20.9893],[149.0304,-20.9867],[149.0174,-20.9934],[149.0205,-20.9584],[149.0316,-20.9582],[149.0142,-20.9358],[149.0283,-20.924],[149.0395,-20.924],[149.0449,-20.9315],[149.0607,-20.9282],[149.0466,-20.9209],[149.0461,-20.903],[149.029,-20.8977],[149.0174,-20.9122],[149.0054,-20.9123],[148.9957,-20.9029],[148.9954,-20.8922],[148.9828,-20.892],[148.9829,-20.9003],[148.971,-20.9004],[148.9512,-20.8756],[148.9385,-20.8883],[148.9279,-20.8838],[148.9151,-20.892],[148.8902,-20.8779],[148.8882,-20.8614],[148.8926,-20.8622],[148.881,-20.856],[148.8848,-20.8488],[148.8749,-20.8625],[148.8775,-20.8752],[148.8727,-20.8771],[148.8662,-20.8676],[148.8446,-20.8756],[148.8474,-20.8572],[148.8419,-20.8549],[148.8493,-20.8455],[148.8389,-20.8245],[148.7951,-20.8125],[148.8184,-20.802],[148.8147,-20.791],[148.8245,-20.7952],[148.8254,-20.7902],[148.8408,-20.7911],[148.8297,-20.7766],[148.8113,-20.7714],[148.8027,-20.7759],[148.7808,-20.7625],[148.7779,-20.7321],[148.7668,-20.7344],[148.7586,-20.7244],[148.7308,-20.7167],[148.7326,-20.6885],[148.7063,-20.6707],[148.7309,-20.6446],[148.7272,-20.633],[148.7132,-20.6435],[148.6968,-20.6371],[148.686,-20.6167],[148.6923,-20.612],[148.6903,-20.5991],[148.6631,-20.5873],[148.6693,-20.571],[148.6431,-20.5503],[148.6068,-20.5677],[148.6001,-20.5933],[148.5897,-20.6009],[148.5562,-20.5804],[148.5554,-20.6009],[148.5704,-20.6242],[148.5268,-20.6538],[148.4911,-20.6217],[148.481,-20.6981],[148.4575,-20.6944],[148.4483,-20.7011],[148.4479,-20.7358],[148.457,-20.7371],[148.3611,-20.8074],[148.3013,-20.8007],[148.303,-20.7872],[148.1654,-20.7711],[148.1657,-20.8093],[148.157,-20.8193],[148.1603,-20.8281],[148.149,-20.8415],[148.1513,-20.8487],[148.1795,-20.8823],[148.1914,-20.8818],[148.2273,-20.9274],[148.2374,-20.9539],[148.2258,-20.9827],[148.24,-20.989],[148.2348,-20.9978],[148.2387,-21.0058],[148.2643,-21.0279],[148.2739,-21.0474],[148.2842,-21.0448],[148.2968,-21.056],[148.3066,-21.0917],[148.3287,-21.1144],[148.2921,-21.1517],[148.3121,-21.1671],[148.3042,-21.2129],[148.308,-21.222],[148.3472,-21.2573],[148.3705,-21.2574],[148.3858,-21.2704],[148.3873,-21.28],[148.3962,-21.2749],[148.4081,-21.2792],[148.4289,-21.2991],[148.4442,-21.2848],[148.4703,-21.2739],[148.51,-21.3103],[148.5174,-21.3099],[148.5222,-21.327],[148.5346,-21.3333],[148.5436,-21.3501],[148.5472,-21.3673],[148.5564,-21.3706],[148.5862,-21.3723],[148.6086,-21.3642],[148.6163,-21.3787],[148.6355,-21.3655],[148.6413,-21.3713],[148.6516,-21.3653],[148.6727,-21.3662],[148.6863,-21.3768],[148.6933,-21.3725],[148.6896,-21.3591],[148.7002,-21.3439],[148.7183,-21.3505],[148.744,-21.3835],[148.7629,-21.3948],[148.7848,-21.3863],[148.7929,-21.3929],[148.9022,-21.4053],[148.914,-21.3791],[148.9507,-21.3854],[148.9636,-21.3801],[148.9719,-21.3681],[149.0054,-21.3644],[149.032,-21.3538],[149.0539,-21.3794],[149.0755,-21.3901],[149.0703,-21.397],[149.0769,-21.4137],[149.0849,-21.418],[149.0814,-21.4286],[149.0927,-21.4449],[149.0864,-21.4904],[149.0612,-21.515],[149.0569,-21.5406],[149.048,-21.546],[149.0581,-21.5539],[149.05,-21.5716],[149.0548,-21.5847],[149.0493,-21.6236],[149.0392,-21.6386],[149.0262,-21.6269],[149.0109,-21.6364],[149.0189,-21.6606],[148.9984,-21.6799],[149,-21.7046],[148.9941,-21.7192],[149.0268,-21.742],[149.0361,-21.7713],[149.0595,-21.7636],[149.0658,-21.7329],[149.1023,-21.7444],[149.1337,-21.744],[149.1401,-21.7546],[149.1742,-21.7708],[149.1771,-21.7655],[149.1825,-21.7681],[149.1835,-21.7559],[149.2002,-21.7595],[149.2202,-21.7384],[149.2234,-21.7483],[149.2363,-21.741],[149.2632,-21.7403],[149.2827,-21.7196],[149.2859,-21.7016],[149.3229,-21.6971],[149.3356,-21.6826],[149.342,-21.6886],[149.3549,-21.6782],[149.3499,-21.673],[149.3616,-21.6494],[149.3663,-21.655],[149.3833,-21.6496],[149.39,-21.6368],[149.3848,-21.6248],[149.4404,-21.6313],[149.4535,-21.6029],[149.4733,-21.5893],[149.4777,-21.5716],[149.4862,-21.5707],[149.4837,-21.531],[149.4682,-21.5349],[149.4577,-21.5531],[149.4724,-21.5596],[149.4574,-21.5558],[149.465,-21.5612],[149.4533,-21.5627],[149.4533,-21.5817],[149.4434,-21.5934],[149.4497,-21.5782],[149.4323,-21.5843],[149.4369,-21.5799],[149.422,-21.5751],[149.4442,-21.5776],[149.4378,-21.5538],[149.4142,-21.5463],[149.401,-21.5498],[149.4004,-21.559],[149.4087,-21.5588],[149.3989,-21.5595],[149.3928,-21.55],[149.399,-21.5406],[149.385,-21.5417],[149.3735,-21.5345],[149.38,-21.531],[149.3846,-21.5073],[149.3958,-21.4931],[149.3557,-21.503],[149.3501,-21.5094],[149.3571,-21.4962],[149.3396,-21.4746],[149.3347,-21.4865],[149.3092,-21.4967],[149.3269,-21.5051],[149.3019,-21.5006],[149.2972,-21.5113],[149.2904,-21.5038],[149.2867,-21.4872],[149.2743,-21.4777],[149.2985,-21.4708],[149.2891,-21.4631],[149.2983,-21.4264],[149.3154,-21.4263],[149.321,-21.4189],[149.3343,-21.4334],[149.3382,-21.4269],[149.3313,-21.4103],[149.325,-21.4153],[149.3153,-21.4105],[149.2954,-21.4157],[149.2822,-21.4096],[149.2889,-21.4017],[149.2764,-21.4007],[149.2832,-21.3947],[149.2762,-21.3891],[149.2887,-21.3894],[149.3022,-21.4],[149.3081,-21.3906],[149.3166,-21.3941],[149.3186,-21.3696],[149.3118,-21.3742],[149.3086,-21.3647],[149.3139,-21.3589]]],[[[149.0046,-20.4248],[149.0082,-20.4267],[149.0075,-20.4221],[149.0046,-20.4248]]],[[[149.0351,-20.4267],[149.0366,-20.4235],[149.0266,-20.4212],[149.0351,-20.4267]]],[[[149.0164,-20.4204],[149.0167,-20.4192],[149.0159,-20.4192],[149.0164,-20.4204]]],[[[149.0341,-20.4038],[149.0363,-20.397],[149.0264,-20.3928],[149.0243,-20.4013],[149.0341,-20.4038]]],[[[148.9595,-20.8684],[148.9595,-20.8668],[148.9588,-20.8671],[148.9595,-20.8684]]],[[[149.0627,-20.613],[149.0658,-20.6144],[149.0629,-20.6115],[149.0627,-20.613]]],[[[149.1125,-20.5919],[149.1121,-20.5828],[149.1095,-20.5819],[149.1125,-20.5919]]],[[[149.1262,-20.5488],[149.1271,-20.5456],[149.1261,-20.5473],[149.1262,-20.5488]]],[[[149.0867,-20.535],[149.0878,-20.5296],[149.0863,-20.5317],[149.0867,-20.535]]],[[[149.1122,-20.4926],[149.1102,-20.486],[149.1102,-20.4915],[149.1122,-20.4926]]],[[[149.133,-20.4678],[149.1235,-20.4639],[149.1207,-20.4694],[149.1323,-20.482],[149.133,-20.4678]]],[[[149.0324,-20.4742],[149.0371,-20.4662],[149.0329,-20.4685],[149.0324,-20.4742]]],[[[149.0825,-20.4327],[149.0922,-20.4181],[149.0854,-20.4206],[149.0825,-20.4327]]],[[[149.1016,-20.5496],[149.115,-20.5529],[149.1184,-20.5422],[149.1244,-20.544],[149.1126,-20.5378],[149.1065,-20.5456],[149.097,-20.5453],[149.1016,-20.5496]]],[[[149.0808,-20.5256],[149.0902,-20.5244],[149.0809,-20.515],[149.0808,-20.5256]]],[[[149.0889,-20.5067],[149.0896,-20.5056],[149.0883,-20.5058],[149.0889,-20.5067]]],[[[149.0617,-20.9212],[149.0588,-20.9205],[149.0589,-20.923],[149.0617,-20.9212]]],[[[149.0669,-20.526],[149.0696,-20.5044],[149.0773,-20.5026],[149.074,-20.4953],[149.0833,-20.4924],[149.082,-20.4843],[149.0983,-20.4907],[149.0953,-20.4806],[149.1047,-20.4812],[149.0842,-20.4593],[149.0893,-20.4488],[149.0799,-20.4435],[149.0833,-20.435],[149.0743,-20.4518],[149.0823,-20.4598],[149.0743,-20.4648],[149.0756,-20.4815],[149.0687,-20.4774],[149.0654,-20.5021],[149.05,-20.5096],[149.0365,-20.5037],[149.0468,-20.5134],[149.0436,-20.5222],[149.0525,-20.5244],[149.0652,-20.5162],[149.0669,-20.526]]],[[[149.0292,-20.4515],[149.034,-20.4602],[149.0528,-20.4506],[149.0646,-20.453],[149.0549,-20.4461],[149.053,-20.4363],[149.0401,-20.4381],[149.0335,-20.4299],[149.0317,-20.4387],[149.0243,-20.4414],[149.0292,-20.4515]]],[[[149.1049,-20.4658],[149.1094,-20.461],[149.1036,-20.4624],[149.1049,-20.4658]]],[[[149.101,-20.4359],[149.1029,-20.4378],[149.1022,-20.4318],[149.101,-20.4359]]],[[[149.0729,-20.6423],[149.0664,-20.6264],[149.0552,-20.6184],[149.0572,-20.6294],[149.0889,-20.661],[149.0729,-20.6423]]],[[[149.0629,-20.6511],[149.0538,-20.6374],[149.0569,-20.6479],[149.0629,-20.6511]]],[[[148.7659,-20.6923],[148.7658,-20.6894],[148.7601,-20.6887],[148.7659,-20.6923]]],[[[148.7587,-20.6734],[148.7584,-20.6717],[148.7579,-20.673],[148.7587,-20.6734]]],[[[149.0974,-20.6815],[149.0972,-20.6794],[149.0966,-20.6811],[149.0974,-20.6815]]],[[[149.0721,-20.6255],[149.0729,-20.6253],[149.0723,-20.6243],[149.0721,-20.6255]]],[[[149.0703,-20.662],[149.0708,-20.661],[149.0703,-20.6605],[149.0703,-20.662]]],[[[148.9432,-20.6614],[148.9433,-20.6606],[148.9427,-20.6608],[148.9432,-20.6614]]],[[[148.897,-20.8516],[148.9153,-20.8536],[148.9024,-20.8268],[148.8906,-20.8311],[148.897,-20.8516]]],[[[148.9207,-20.856],[148.9277,-20.8521],[148.9178,-20.8473],[148.9207,-20.856]]],[[[148.9329,-20.8541],[148.9376,-20.8518],[148.9319,-20.8436],[148.9329,-20.8541]]],[[[148.9312,-20.8627],[148.9298,-20.8592],[148.924,-20.86],[148.9312,-20.8627]]],[[[148.9018,-20.865],[148.8975,-20.8665],[148.9,-20.8666],[148.9018,-20.865]]],[[[148.9582,-20.8723],[148.9608,-20.8708],[148.9607,-20.8688],[148.9582,-20.8723]]],[[[148.8765,-20.7967],[148.8803,-20.7983],[148.8785,-20.7959],[148.8765,-20.7967]]],[[[148.85,-20.7881],[148.8515,-20.786],[148.8482,-20.7865],[148.85,-20.7881]]],[[[148.8547,-20.7948],[148.8587,-20.7951],[148.8549,-20.7939],[148.8547,-20.7948]]],[[[148.871,-20.8053],[148.8734,-20.8037],[148.8716,-20.804],[148.871,-20.8053]]],[[[148.9427,-20.8638],[148.9444,-20.8624],[148.9439,-20.8614],[148.9427,-20.8638]]],[[[148.8557,-20.7832],[148.8562,-20.7826],[148.8545,-20.7821],[148.8557,-20.7832]]],[[[148.8406,-20.8235],[148.8418,-20.8228],[148.8399,-20.823],[148.8406,-20.8235]]],[[[148.94,-20.8625],[148.9404,-20.862],[148.9386,-20.8614],[148.94,-20.8625]]],[[[148.8458,-20.7925],[148.845,-20.7915],[148.8441,-20.792],[148.8458,-20.7925]]],[[[148.9374,-20.8602],[148.939,-20.8589],[148.9375,-20.8593],[148.9374,-20.8602]]],[[[149.4605,-21.4534],[149.4567,-21.4563],[149.4615,-21.4574],[149.4605,-21.4534]]],[[[149.7109,-21.4545],[149.7185,-21.4587],[149.7133,-21.4387],[149.7077,-21.4471],[149.7109,-21.4545]]],[[[149.494,-21.4224],[149.495,-21.4217],[149.4937,-21.4217],[149.494,-21.4224]]],[[[149.6839,-21.3282],[149.6941,-21.3282],[149.6942,-21.3131],[149.6679,-21.3016],[149.665,-21.3101],[149.6839,-21.3282]]],[[[149.9324,-21.104],[149.9364,-21.1022],[149.9326,-21.1014],[149.9324,-21.104]]],[[[149.5454,-21.0305],[149.5484,-21.0313],[149.5457,-21.0281],[149.5454,-21.0305]]],[[[149.8952,-21.0173],[149.9113,-21.0186],[149.9038,-21.0029],[149.8942,-21.0049],[149.8991,-21.0131],[149.8952,-21.0173]]],[[[149.7896,-20.9893],[149.7802,-20.9834],[149.7717,-20.9855],[149.7896,-20.9893]]],[[[149.4058,-20.7688],[149.3913,-20.7682],[149.3903,-20.7739],[149.3989,-20.7793],[149.4116,-20.7745],[149.4058,-20.7688]]],[[[149.6157,-20.7792],[149.6264,-20.7734],[149.6227,-20.7608],[149.6123,-20.7717],[149.6157,-20.7792]]],[[[149.4733,-20.7476],[149.4837,-20.741],[149.4663,-20.7267],[149.4733,-20.7476]]],[[[149.5021,-21.6043],[149.5038,-21.6036],[149.5031,-21.602],[149.5021,-21.6043]]],[[[149.6574,-21.3727],[149.6602,-21.3705],[149.6566,-21.3707],[149.6574,-21.3727]]],[[[149.7334,-20.9482],[149.7343,-20.945],[149.7327,-20.9474],[149.7334,-20.9482]]],[[[149.6237,-20.857],[149.6035,-20.8465],[149.6057,-20.865],[149.5915,-20.8672],[149.5847,-20.8612],[149.5783,-20.8704],[149.5967,-20.8852],[149.6064,-20.8794],[149.6166,-20.8845],[149.6259,-20.87],[149.6237,-20.857]]],[[[149.4881,-21.6],[149.4933,-21.605],[149.4986,-21.5978],[149.49,-21.5949],[149.4881,-21.6]]],[[[149.3995,-21.4909],[149.4019,-21.4891],[149.4002,-21.4884],[149.3995,-21.4909]]],[[[149.3901,-21.4742],[149.3921,-21.4737],[149.3906,-21.4731],[149.3901,-21.4742]]],[[[149.4343,-20.9304],[149.4225,-20.9392],[149.4265,-20.9455],[149.4326,-20.9371],[149.4419,-20.9413],[149.447,-20.9301],[149.4524,-20.9332],[149.4607,-20.9164],[149.4526,-20.9058],[149.4245,-20.9077],[149.4311,-20.9163],[149.4276,-20.9267],[149.4343,-20.9304]]],[[[149.3953,-20.9196],[149.4001,-20.9148],[149.4055,-20.9242],[149.4098,-20.918],[149.4175,-20.9271],[149.423,-20.9251],[149.4142,-20.8969],[149.3859,-20.9041],[149.3851,-20.9097],[149.3949,-20.9103],[149.3953,-20.9196]]],[[[149.4649,-20.9306],[149.4675,-20.9372],[149.4696,-20.9282],[149.4642,-20.9259],[149.4649,-20.9306]]],[[[149.4756,-20.9306],[149.4748,-20.9267],[149.4737,-20.9298],[149.4756,-20.9306]]],[[[149.2698,-20.7572],[149.2701,-20.7553],[149.2695,-20.7557],[149.2698,-20.7572]]],[[[149.2318,-20.7325],[149.2328,-20.7316],[149.2316,-20.7306],[149.2318,-20.7325]]],[[[149.3035,-21.2934],[149.3032,-21.2921],[149.3025,-21.2927],[149.3035,-21.2934]]],[[[149.2684,-21.1746],[149.2661,-21.1701],[149.2629,-21.1742],[149.2684,-21.1746]]],[[[149.2467,-21.163],[149.2469,-21.1574],[149.2401,-21.1615],[149.2467,-21.163]]],[[[149.2452,-21.0966],[149.2455,-21.0963],[149.2441,-21.0962],[149.2452,-21.0966]]],[[[149.2672,-20.7932],[149.2673,-20.7921],[149.2665,-20.792],[149.2672,-20.7932]]],[[[149.2757,-20.7913],[149.2834,-20.7978],[149.2955,-20.7934],[149.3014,-20.7979],[149.2935,-20.7764],[149.2849,-20.7717],[149.2734,-20.7789],[149.2757,-20.7913]]],[[[149.2819,-20.8028],[149.2744,-20.7964],[149.2493,-20.8059],[149.2683,-20.8101],[149.2659,-20.8234],[149.2798,-20.8104],[149.2883,-20.8182],[149.29,-20.81],[149.2843,-20.8109],[149.2819,-20.8028]]],[[[149.1483,-20.9835],[149.152,-20.9773],[149.1481,-20.9765],[149.1483,-20.9835]]],[[[149.1618,-20.7546],[149.1632,-20.7501],[149.1586,-20.7495],[149.1618,-20.7546]]],[[[149.1476,-20.6857],[149.1361,-20.686],[149.1385,-20.6947],[149.1581,-20.6833],[149.1565,-20.6744],[149.1667,-20.6833],[149.1626,-20.6641],[149.1511,-20.6629],[149.1535,-20.6709],[149.1451,-20.675],[149.1476,-20.6857]]],[[[149.1858,-20.6874],[149.1899,-20.6879],[149.1868,-20.6756],[149.1939,-20.6716],[149.1807,-20.6664],[149.1725,-20.6723],[149.1858,-20.6874]]],[[[149.2012,-20.6858],[149.1975,-20.6916],[149.2052,-20.6985],[149.2091,-20.6906],[149.2012,-20.6858]]],[[[149.1419,-20.7032],[149.146,-20.7017],[149.1422,-20.6985],[149.1419,-20.7032]]],[[[149.1393,-20.677],[149.1404,-20.6726],[149.1385,-20.6735],[149.1393,-20.677]]],[[[149.1381,-20.7149],[149.1406,-20.7093],[149.1371,-20.7122],[149.1381,-20.7149]]],[[[149.1531,-20.6533],[149.1528,-20.6495],[149.1511,-20.6519],[149.1531,-20.6533]]],[[[149.2078,-20.7008],[149.2089,-20.7001],[149.2074,-20.6989],[149.2078,-20.7008]]],[[[149.1867,-20.6003],[149.187,-20.5995],[149.1846,-20.5986],[149.1867,-20.6003]]],[[[149.3222,-21.3239],[149.324,-21.3224],[149.3225,-21.3225],[149.3222,-21.3239]]]]},"properties":{"lga_code_2023":"34770","lga_name_2023":"Mackay","state_code_2021":"3"}},{"type":"Feature","geometry":{"type":"Polygon","coordinates":[[[141.0242,-20.4839],[141.038,-20.5126],[141.0401,-20.5434],[141.0828,-20.5903],[141.0778,-20.6452],[140.9608,-20.6341],[140.9557,-20.6472],[140.9627,-20.66],[140.9532,-20.6766],[140.9496,-20.7429],[140.9254,-20.7584],[140.8998,-20.8162],[140.8657,-20.8306],[140.8308,-20.8778],[140.8393,-20.9021],[140.8295,-20.9155],[140.8494,-20.9564],[140.8367,-20.9633],[140.8282,-20.9891],[140.873,-20.9914],[140.8647,-21.0991],[140.8338,-21.0972],[140.805,-21.1945],[140.8088,-21.2201],[140.8824,-21.225],[140.876,-21.323],[140.8592,-21.3219],[140.8563,-21.3591],[140.8075,-21.3545],[140.8001,-21.4196],[140.8437,-21.427],[140.8647,-21.48],[140.8934,-21.5265],[140.9263,-21.5562],[140.9593,-21.6255],[140.9498,-21.6248],[140.9215,-21.6985],[140.9233,-21.7732],[140.8898,-21.8117],[140.865,-21.8097],[140.8605,-21.8691],[140.8811,-21.8723],[140.8564,-21.9137],[140.8548,-21.9345],[140.9125,-21.9383],[140.9094,-21.9684],[140.8824,-22.048],[140.9809,-22.0529],[140.9938,-21.8939],[141.0636,-21.9025],[141.0629,-21.9287],[141.4833,-21.9472],[141.5078,-21.7505],[141.5832,-21.756],[141.58,-21.7932],[141.7383,-21.807],[141.7405,-21.7917],[142.0487,-21.816],[142.0662,-21.6951],[142.0692,-21.6104],[142.0645,-21.6084],[142.0694,-21.6047],[142.0734,-21.5235],[142.0376,-21.5201],[142.0803,-21.4883],[142.0917,-21.3826],[142.064,-21.3801],[142.1376,-21.3237],[142.0472,-21.2246],[142.0576,-21.2168],[142.1577,-21.2348],[142.2498,-21.2362],[142.2553,-21.1697],[142.2224,-21.1674],[142.2377,-21.0142],[142.1991,-21.0108],[142.2031,-20.9875],[142.2919,-20.9949],[142.3019,-20.8842],[142.3209,-20.8862],[142.331,-20.7941],[142.3549,-20.7964],[142.3634,-20.7199],[142.3099,-20.7147],[142.3391,-20.6656],[142.3445,-20.5712],[142.3618,-20.5689],[142.3807,-20.334],[142.3359,-20.3304],[142.3794,-19.8617],[142.3493,-19.8592],[142.376,-19.6],[142.6022,-19.6201],[142.6096,-19.5478],[142.5921,-19.5466],[142.6045,-19.403],[142.3976,-19.3885],[142.3963,-19.402],[142.1679,-19.3832],[142.1596,-19.4551],[142.0343,-19.4427],[142.0365,-19.422],[141.9047,-19.4105],[141.908,-19.3718],[141.8104,-19.3688],[141.753,-19.3048],[141.6921,-19.3573],[141.693,-19.346],[141.6816,-19.3283],[141.6613,-19.3166],[141.6506,-19.3173],[141.6416,-19.3069],[141.6103,-19.331],[141.4116,-19.3136],[141.4185,-19.2429],[141.3588,-19.2392],[141.3094,-19.2256],[141.0957,-19.1991],[141.1063,-19.1479],[140.9214,-19.1354],[140.9424,-19.1496],[140.9392,-19.1728],[140.9537,-19.1823],[140.9532,-19.1927],[140.9767,-19.2167],[140.9761,-19.2254],[140.9973,-19.2583],[140.9777,-19.2668],[140.9712,-19.2815],[140.984,-19.308],[140.975,-19.3294],[140.9788,-19.3385],[140.985,-19.3388],[140.9813,-19.35],[140.9921,-19.3796],[141.0063,-19.3934],[141.0011,-19.4089],[141.0193,-19.4347],[141.0303,-19.433],[141.0202,-19.4457],[141.0229,-19.4521],[141.0176,-19.4529],[141.0239,-19.4572],[141.0205,-19.4637],[141.03,-19.4853],[141.0398,-19.4946],[141.0076,-19.5266],[141.0147,-19.5572],[140.9467,-19.5821],[140.9424,-19.6402],[140.8644,-19.6352],[140.8591,-19.6404],[140.7494,-19.629],[140.7527,-19.637],[140.7477,-19.6337],[140.7432,-19.6399],[140.7498,-19.6459],[140.7502,-19.6588],[140.7445,-19.6578],[140.7469,-19.6635],[140.7394,-19.6669],[140.8215,-19.7088],[140.8184,-19.7593],[140.8863,-19.7639],[140.8749,-19.9284],[140.8993,-19.932],[140.7835,-20.0235],[140.8655,-20.123],[140.8999,-20.1111],[140.997,-20.2236],[140.9093,-20.2923],[140.9085,-20.2992],[141.0812,-20.3139],[141.059,-20.3457],[141.0589,-20.3681],[141.0177,-20.3868],[141.0136,-20.4296],[141.0242,-20.4839]]]},"properties":{"lga_code_2023":"34800","lga_name_2023":"McKinlay","state_code_2021":"3"}},{"type":"Feature","geometry":{"type":"MultiPolygon","coordinates":[[[[141.8882,-11.9523],[141.8504,-11.9845],[141.8353,-12.0154],[141.8169,-12.0365],[141.7392,-12.2105],[141.7254,-12.2294],[141.7472,-12.2234],[141.7699,-12.2298],[141.7782,-12.2212],[141.7854,-12.2327],[141.8038,-12.2403],[141.8492,-12.2408],[141.8487,-12.1939],[141.9278,-12.161],[141.9448,-12.1471],[141.9254,-12.1224],[141.916,-12.0743],[141.9178,-12.0414],[141.8865,-11.985],[141.8926,-11.9697],[141.909,-11.9555],[141.8882,-11.9523]]],[[[142.1288,-12.3917],[142.22,-12.2784],[142.0755,-12.2791],[142.0824,-12.288],[142.1116,-12.3002],[142.1134,-12.3118],[142.1067,-12.3206],[142.1134,-12.3314],[142.1039,-12.3456],[142.1239,-12.3673],[142.1203,-12.3873],[142.1288,-12.3917]]],[[[141.9245,-12.1681],[141.9611,-12.1804],[141.9676,-12.1526],[141.9493,-12.0857],[141.9683,-12.0658],[141.9862,-12.0592],[142.0041,-12.1281],[142.0113,-12.1218],[142.0059,-12.0931],[142.0219,-12.0806],[142.0464,-12.1125],[142.0426,-12.0634],[142.0709,-12.0401],[142.0649,-12.0073],[142.1036,-11.9834],[142.0597,-11.9821],[142.0438,-11.9876],[142.0376,-12.0328],[142.0202,-12.0702],[142.0235,-12.0752],[142.0032,-12.0739],[141.9931,-12.0585],[141.967,-12.0424],[141.9544,-12.0458],[141.9318,-12.0718],[141.9285,-12.0923],[141.9343,-12.1268],[141.9489,-12.1499],[141.9245,-12.1681]]],[[[141.8935,-11.9999],[141.8947,-11.9987],[141.8931,-11.9986],[141.8935,-11.9999]]]]},"properties":{"lga_code_2023":"34830","lga_name_2023":"Mapoon","state_code_2021":"3"}},{"type":"Feature","geometry":{"type":"Polygon","coordinates":[[[147.3256,-26.4011],[147.305,-26.5276],[147.231,-26.5192],[147.2163,-26.5278],[147.2099,-26.5738],[147.2426,-26.5775],[147.2491,-26.5952],[147.2384,-26.6453],[147.2377,-26.6994],[147.2214,-26.7431],[147.2198,-26.8746],[147.2058,-26.9675],[147.0643,-26.9564],[147.0384,-27.0838],[147.0314,-27.0829],[147.0301,-27.0923],[147.0966,-27.0998],[147.0871,-27.1711],[147.0816,-27.1705],[147.0641,-27.2447],[147.0472,-27.3655],[147.0437,-27.4064],[147.0497,-27.4071],[147.0399,-27.4753],[147.0527,-27.4761],[147.0633,-27.5662],[147.1429,-27.575],[147.1085,-27.8178],[147.1178,-27.8573],[147.1097,-27.8959],[147.2061,-27.9071],[147.2086,-27.8925],[147.2862,-27.9026],[147.2919,-27.868],[147.4444,-27.8874],[147.4481,-27.831],[147.5609,-27.8447],[147.5827,-27.7062],[147.6367,-27.71],[147.6487,-27.6256],[147.7406,-27.6369],[147.7737,-27.6112],[147.9159,-27.6289],[147.9179,-27.5878],[148.0177,-27.5998],[148.0112,-27.6549],[148.0562,-27.6238],[148.0963,-27.6695],[148.182,-27.6117],[148.223,-27.6562],[148.246,-27.6402],[148.2844,-27.6833],[148.4147,-27.5972],[148.4591,-27.6224],[148.4845,-27.6054],[148.5101,-27.6085],[148.5101,-27.6165],[148.5911,-27.6251],[148.5844,-27.6755],[148.7394,-27.6932],[148.7357,-27.6521],[148.744,-27.6338],[148.7299,-27.6143],[148.7284,-27.602],[148.7217,-27.6018],[148.7248,-27.5792],[148.7746,-27.5844],[148.7825,-27.5706],[148.8397,-27.577],[148.8352,-27.6147],[149.0028,-27.6332],[149.0317,-27.5814],[149.0416,-27.5824],[149.0564,-27.589],[149.0509,-27.6264],[149.19,-27.643],[149.185,-27.6761],[149.4271,-27.7025],[149.4311,-27.7048],[149.4214,-27.7131],[149.4281,-27.7168],[149.4212,-27.7241],[149.4297,-27.7356],[149.4208,-27.7461],[149.4242,-27.7507],[149.4273,-27.7454],[149.4956,-27.7539],[149.5079,-27.6792],[149.4655,-27.6737],[149.4991,-27.4586],[149.4935,-27.4507],[149.4965,-27.432],[149.467,-27.3937],[149.4564,-27.3758],[149.4579,-27.3679],[149.4822,-27.3301],[149.4801,-27.3202],[149.502,-27.2939],[149.5934,-27.2221],[149.5567,-27.1914],[149.6792,-27.0747],[149.65,-27.0672],[149.6423,-27.0748],[149.626,-27.0559],[149.6369,-27.0433],[149.6286,-27.0483],[149.6242,-27.0407],[149.6156,-27.0416],[149.6168,-27.0315],[149.6475,-27.0213],[149.6476,-27.0285],[149.6638,-27.0302],[149.6682,-27.0154],[149.6298,-26.9443],[149.5882,-26.8292],[149.6121,-26.8187],[149.5915,-26.8083],[149.6842,-26.7737],[149.6746,-26.7598],[149.6633,-26.7583],[149.676,-26.7263],[149.6712,-26.6683],[149.6967,-26.6438],[149.7019,-26.6109],[149.6672,-26.6063],[149.6702,-26.5879],[149.6964,-26.5912],[149.698,-26.551],[149.7075,-26.553],[149.7107,-26.5336],[149.7029,-26.5326],[149.7052,-26.5181],[149.6971,-26.5171],[149.7014,-26.4985],[149.7276,-26.4703],[149.6855,-26.4649],[149.7223,-26.4364],[149.7285,-26.4372],[149.7318,-26.4167],[149.7462,-26.4186],[149.7508,-26.39],[149.7721,-26.3932],[149.7732,-26.4011],[149.805,-26.3936],[149.8216,-26.3799],[149.8316,-26.3175],[149.8139,-26.309],[149.8165,-26.3029],[149.7183,-26.2911],[149.7086,-26.3124],[149.6762,-26.3063],[149.6648,-26.3103],[149.6228,-26.2988],[149.6149,-26.3079],[149.5694,-26.303],[149.5653,-26.3323],[149.5497,-26.3325],[149.5462,-26.3275],[149.505,-26.3358],[149.5123,-26.3223],[149.508,-26.3085],[149.4939,-26.3017],[149.5117,-26.2901],[149.4739,-26.2863],[149.4756,-26.2957],[149.4642,-26.3115],[149.4419,-26.3151],[149.4432,-26.3026],[149.3997,-26.2763],[149.3893,-26.2908],[149.378,-26.2952],[149.3729,-26.2869],[149.3502,-26.2912],[149.2973,-26.2823],[149.2727,-26.2994],[149.2164,-26.3037],[149.1841,-26.3217],[149.18,-26.3132],[149.1554,-26.3084],[149.1661,-26.2842],[149.1615,-26.2599],[149.154,-26.2511],[149.1623,-26.239],[149.1633,-26.1972],[149.1781,-26.177],[149.1743,-26.163],[149.1977,-26.1484],[149.2038,-26.128],[149.2203,-26.1158],[149.2122,-26.0757],[149.2181,-26.0535],[149.1353,-26.0444],[149.0944,-25.9404],[149.1083,-25.8732],[149.0756,-25.8429],[149.0498,-25.8283],[149.0542,-25.8259],[149.0442,-25.823],[149.0283,-25.8045],[149.0314,-25.7697],[148.9612,-25.7898],[148.9447,-25.771],[148.9112,-25.7676],[148.9096,-25.7612],[148.9007,-25.7601],[148.9238,-25.7405],[148.9198,-25.7286],[148.9287,-25.7229],[148.9257,-25.7038],[148.9393,-25.6949],[148.9389,-25.6857],[148.9576,-25.6931],[148.9735,-25.7133],[149.0086,-25.6951],[149.0162,-25.6822],[149.0319,-25.6728],[149.0405,-25.6758],[149.0569,-25.6694],[149.0542,-25.6617],[149.0655,-25.6472],[149.0512,-25.6499],[149.049,-25.6417],[149.0613,-25.6279],[149.0457,-25.6239],[149.0346,-25.6419],[149.0381,-25.6293],[149.0127,-25.6124],[149.0258,-25.6111],[149.0197,-25.604],[148.9923,-25.6013],[148.9954,-25.6176],[148.9856,-25.6135],[148.9837,-25.5887],[149.0243,-25.5598],[148.938,-25.4586],[148.9389,-25.4638],[148.9004,-25.4725],[148.8769,-25.4698],[148.8729,-25.4612],[148.8334,-25.46],[148.8149,-25.452],[148.8109,-25.441],[148.8007,-25.4459],[148.7759,-25.4349],[148.7618,-25.4174],[148.7259,-25.4009],[148.7273,-25.3932],[148.719,-25.387],[148.7267,-25.3426],[148.7474,-25.3242],[148.7478,-25.3148],[148.7592,-25.3107],[148.7453,-25.2797],[148.7363,-25.2784],[148.7275,-25.2879],[148.7084,-25.2775],[148.6999,-25.2846],[148.6837,-25.2819],[148.6782,-25.2992],[148.6663,-25.3109],[148.6431,-25.2841],[148.6001,-25.2729],[148.5685,-25.2499],[148.5543,-25.2541],[148.5324,-25.2441],[148.473,-25.2454],[148.4514,-25.2547],[148.4234,-25.2493],[148.4122,-25.2601],[148.3965,-25.2435],[148.3831,-25.2437],[148.3723,-25.2327],[148.352,-25.2291],[148.3477,-25.2201],[148.3262,-25.2103],[148.3056,-25.2123],[148.2929,-25.1819],[148.2959,-25.1649],[148.282,-25.1588],[148.242,-25.1205],[148.2347,-25.1007],[148.206,-25.0792],[148.1606,-25.0842],[148.1338,-25.0425],[148.1216,-25.042],[148.1164,-25.0228],[148.0958,-25.0165],[148.0763,-24.9786],[148.0762,-24.9454],[148.0561,-24.9137],[148.0297,-24.9114],[148.0118,-24.8979],[147.9951,-24.8995],[147.9732,-24.8815],[147.9519,-24.8832],[147.9543,-24.8889],[147.9223,-24.9205],[147.8952,-24.9184],[147.8912,-24.9259],[147.8986,-24.9404],[147.8877,-24.9363],[147.8793,-24.9402],[147.8707,-24.9458],[147.8717,-24.9537],[147.8609,-24.9543],[147.8339,-24.9726],[147.814,-24.9699],[147.7934,-24.997],[147.7808,-25.0264],[147.7692,-25.0268],[147.7659,-25.0338],[147.7502,-25.0304],[147.7325,-25.0374],[147.6999,-25.0117],[147.6592,-25.0045],[147.6487,-25.0767],[147.6754,-25.0802],[147.6552,-25.2308],[147.5543,-25.2191],[147.5412,-25.3116],[147.3592,-25.2907],[147.3621,-25.3224],[147.39,-25.3433],[147.3931,-25.3542],[147.3845,-25.3755],[147.3728,-25.3744],[147.3559,-25.5011],[147.3049,-25.4954],[147.2855,-25.6405],[147.1793,-25.6292],[147.1602,-25.7811],[147.2586,-25.792],[147.2573,-25.8013],[147.2758,-25.8358],[147.2752,-25.8764],[147.2862,-25.9037],[147.2816,-25.9156],[147.3334,-25.9321],[147.3515,-25.9286],[147.3992,-25.97],[147.4547,-25.9804],[147.4418,-26.0133],[147.4481,-26.0174],[147.4516,-26.0455],[147.441,-26.0648],[147.4514,-26.0813],[147.4441,-26.1342],[147.4073,-26.1435],[147.3827,-26.1337],[147.365,-26.1433],[147.3593,-26.1556],[147.3594,-26.1731],[147.3709,-26.183],[147.3558,-26.2388],[147.3791,-26.2414],[147.3733,-26.2869],[147.3438,-26.2829],[147.3256,-26.4011]]]},"properties":{"lga_code_2023":"34860","lga_name_2023":"Maranoa","state_code_2021":"3"}},{"type":"Feature","geometry":{"type":"Polygon","coordinates":[[[142.523,-16.8114],[142.508,-16.9722],[142.4214,-17.0874],[142.4559,-17.1083],[142.4685,-17.1307],[142.513,-17.1705],[142.5407,-17.1755],[142.4016,-17.3553],[142.3406,-17.2862],[142.1744,-17.4332],[142.2259,-17.4458],[142.2756,-17.4983],[142.2844,-17.4999],[142.3061,-17.4885],[142.3292,-17.5036],[142.3678,-17.5076],[142.3872,-17.5301],[142.4126,-17.592],[142.4536,-17.6343],[142.5099,-17.6622],[142.5287,-17.653],[142.5853,-17.6483],[142.5934,-17.6427],[142.6474,-17.6511],[142.677,-17.6359],[142.724,-17.6483],[142.7804,-17.6495],[142.8217,-17.6308],[142.8371,-17.6322],[142.8521,-17.6229],[142.8911,-17.6171],[142.9339,-17.5908],[142.9716,-17.5838],[142.9806,-17.545],[143.0069,-17.5501],[143.0191,-17.5372],[143.0551,-17.5559],[143.0664,-17.5539],[143.0733,-17.5439],[143.1092,-17.5648],[143.1248,-17.5647],[143.1271,-17.5592],[143.1721,-17.5605],[143.1785,-17.5546],[143.195,-17.5576],[143.2051,-17.5529],[143.2135,-17.5166],[143.255,-17.5128],[143.2982,-17.5296],[143.311,-17.5206],[143.3286,-17.5238],[143.3298,-17.5417],[143.3421,-17.5538],[143.3568,-17.5569],[143.3815,-17.5506],[143.4211,-17.5852],[143.4397,-17.5874],[143.4575,-17.6116],[143.4769,-17.6098],[143.4805,-17.622],[143.4977,-17.6243],[143.5125,-17.6354],[143.5235,-17.6555],[143.5469,-17.6576],[143.551,-17.6513],[143.5731,-17.647],[143.5799,-17.6395],[143.5813,-17.6219],[143.5893,-17.6155],[143.6283,-17.64],[143.6422,-17.6422],[143.6533,-17.6251],[143.6707,-17.6203],[143.6785,-17.6101],[143.6899,-17.6329],[143.7313,-17.6545],[143.7389,-17.6532],[143.7481,-17.6391],[143.7602,-17.6386],[143.7856,-17.6531],[143.8199,-17.659],[143.8333,-17.6702],[143.9764,-17.6808],[143.9706,-17.756],[144.1425,-17.9544],[144.31,-17.9686],[144.3236,-17.9576],[144.3219,-17.9472],[144.3416,-17.9453],[144.3613,-17.9737],[144.3954,-17.9851],[144.4155,-18.0198],[144.4559,-18.0553],[144.4718,-18.0121],[144.5036,-18.0377],[144.6036,-18.0469],[144.7221,-18.1595],[144.752,-18.2161],[144.7623,-18.1295],[144.7897,-18.1089],[144.8037,-18.1096],[144.8024,-18.1269],[144.8144,-18.1321],[144.8137,-18.1461],[144.8576,-18.1267],[144.8637,-18.1129],[144.8714,-18.0773],[144.8676,-18.0579],[144.8766,-18.0299],[144.8558,-17.9802],[144.8593,-17.9693],[144.8766,-17.9551],[144.868,-17.901],[144.8807,-17.8648],[144.896,-17.8596],[144.9068,-17.8654],[144.9,-17.8521],[144.9079,-17.8488],[144.8972,-17.8454],[144.8946,-17.8363],[144.9003,-17.8233],[144.9087,-17.824],[144.916,-17.8159],[144.9144,-17.797],[144.9384,-17.7881],[144.9431,-17.7687],[144.9661,-17.7444],[144.9514,-17.7289],[144.9511,-17.7193],[144.9748,-17.6875],[144.9682,-17.6689],[144.9759,-17.6576],[144.9734,-17.6441],[144.9908,-17.6288],[144.9944,-17.6065],[145.0212,-17.616],[145.0483,-17.601],[145.0581,-17.5662],[145.1129,-17.5501],[145.1172,-17.5392],[145.1279,-17.535],[145.1554,-17.5386],[145.1841,-17.5148],[145.2243,-17.5286],[145.2218,-17.507],[145.2293,-17.5056],[145.225,-17.4888],[145.2295,-17.465],[145.2499,-17.4459],[145.2456,-17.4319],[145.264,-17.4187],[145.2586,-17.413],[145.3055,-17.411],[145.3105,-17.3898],[145.3589,-17.3845],[145.36,-17.3665],[145.3975,-17.3534],[145.4113,-17.3296],[145.4181,-17.3344],[145.4211,-17.3092],[145.4372,-17.3018],[145.4241,-17.2834],[145.4296,-17.2752],[145.4165,-17.2414],[145.4207,-17.2318],[145.4075,-17.2122],[145.4137,-17.1536],[145.3809,-17.1342],[145.3889,-17.0972],[145.3953,-17.0893],[145.4127,-17.0905],[145.4117,-17.1018],[145.4355,-17.1038],[145.4269,-17.1212],[145.4384,-17.1221],[145.4427,-17.1294],[145.4369,-17.1383],[145.443,-17.1496],[145.4544,-17.1507],[145.4518,-17.145],[145.4582,-17.1364],[145.481,-17.1386],[145.4961,-17.1469],[145.5,-17.1616],[145.5132,-17.1698],[145.5272,-17.1599],[145.5302,-17.1438],[145.548,-17.1468],[145.5511,-17.136],[145.5668,-17.1386],[145.5754,-17.1305],[145.576,-17.1117],[145.5695,-17.106],[145.5798,-17.0934],[145.62,-17.0912],[145.633,-17.0775],[145.6285,-17.07],[145.6156,-17.0676],[145.6197,-17.0587],[145.6148,-17.05],[145.6397,-17.0219],[145.6303,-17.0046],[145.6397,-16.9857],[145.6548,-16.9747],[145.65,-16.9444],[145.6736,-16.8941],[145.6633,-16.8811],[145.6511,-16.8806],[145.6662,-16.8666],[145.6439,-16.853],[145.6694,-16.8453],[145.6599,-16.8382],[145.6659,-16.8198],[145.6539,-16.8032],[145.6517,-16.773],[145.6419,-16.751],[145.6476,-16.7423],[145.6335,-16.7361],[145.6313,-16.7247],[145.5654,-16.6938],[145.5514,-16.6925],[145.5265,-16.6714],[145.5179,-16.675],[145.5137,-16.6647],[145.5216,-16.6603],[145.5211,-16.6341],[145.5299,-16.6234],[145.4907,-16.645],[145.4858,-16.6416],[145.4641,-16.6493],[145.4472,-16.6435],[145.4492,-16.6107],[145.4359,-16.6036],[145.4486,-16.6045],[145.4415,-16.5961],[145.4456,-16.5754],[145.4319,-16.5695],[145.4332,-16.552],[145.4103,-16.5276],[145.4041,-16.5123],[145.3854,-16.5104],[145.3843,-16.5202],[145.3736,-16.5191],[145.3721,-16.5329],[145.3546,-16.5564],[145.3456,-16.5475],[145.3258,-16.5518],[145.3263,-16.5418],[145.3093,-16.5311],[145.2957,-16.5368],[145.2972,-16.5311],[145.2726,-16.5104],[145.2764,-16.5006],[145.2642,-16.4995],[145.2687,-16.4887],[145.2584,-16.4846],[145.2697,-16.4665],[145.2429,-16.4643],[145.2404,-16.4456],[145.2286,-16.4421],[145.2223,-16.4269],[145.2088,-16.42],[145.2156,-16.4104],[145.214,-16.3999],[145.1904,-16.394],[145.159,-16.3491],[145.1403,-16.3466],[145.1385,-16.3081],[145.1297,-16.3041],[145.1336,-16.2863],[145.0963,-16.2645],[145.061,-16.264],[145.0552,-16.2593],[145.0617,-16.249],[145.0544,-16.2408],[145.0203,-16.229],[145.0262,-16.2244],[145.021,-16.2209],[145.0116,-16.2249],[144.9925,-16.2531],[144.9982,-16.2588],[144.9949,-16.2637],[144.9758,-16.2796],[144.9925,-16.3036],[144.9923,-16.3165],[144.9607,-16.3389],[144.947,-16.3375],[144.9385,-16.3453],[144.9168,-16.335],[144.8911,-16.35],[144.8775,-16.3266],[144.8393,-16.3645],[144.819,-16.3564],[144.8013,-16.3223],[144.7714,-16.2939],[144.7724,-16.279],[144.7617,-16.2625],[144.7316,-16.2605],[144.7172,-16.2513],[144.7104,-16.2663],[144.695,-16.27],[144.691,-16.3212],[144.6788,-16.3326],[144.6427,-16.3172],[144.6202,-16.319],[144.5848,-16.3007],[144.5757,-16.2897],[144.5616,-16.2917],[144.5576,-16.2999],[144.5458,-16.3033],[144.5294,-16.2983],[144.5146,-16.3091],[144.5097,-16.3168],[144.5189,-16.3235],[144.5251,-16.3404],[144.5093,-16.3537],[144.5,-16.3554],[144.476,-16.3448],[144.4709,-16.3367],[144.4507,-16.3315],[144.4152,-16.3499],[144.4059,-16.3463],[144.3868,-16.3132],[144.3445,-16.2858],[144.3281,-16.2987],[144.3175,-16.3308],[144.3126,-16.3273],[144.2928,-16.3377],[144.2764,-16.3234],[144.2664,-16.3354],[144.2472,-16.3438],[144.2422,-16.3302],[144.2262,-16.3188],[144.2271,-16.2914],[144.2178,-16.2869],[144.2227,-16.282],[144.2183,-16.2743],[144.1951,-16.2619],[144.185,-16.2706],[144.1833,-16.2639],[144.1779,-16.2667],[144.1762,-16.2553],[144.1604,-16.2478],[144.1586,-16.232],[144.1372,-16.1989],[144.1359,-16.1853],[144.1209,-16.1828],[144.1178,-16.1419],[144.106,-16.1449],[144.0983,-16.1306],[144.0929,-16.1347],[144.0864,-16.1289],[144.0701,-16.1306],[144.0586,-16.143],[144.0435,-16.1475],[143.9501,-16.1085],[143.9338,-16.1266],[143.9149,-16.1364],[143.8982,-16.1165],[143.8913,-16.1197],[143.874,-16.1061],[143.8513,-16.1372],[143.8317,-16.1324],[143.8028,-16.1576],[143.7789,-16.1568],[143.7736,-16.1644],[143.7646,-16.1608],[143.7581,-16.1653],[143.7223,-16.152],[143.7124,-16.1334],[143.6574,-16.118],[143.6389,-16.0944],[143.6436,-16.0855],[143.6384,-16.0765],[143.6157,-16.0723],[143.6124,-16.0781],[143.5596,-16.0792],[143.528,-16.0943],[143.4654,-16.0686],[143.4694,-16.0555],[143.4463,-16.0548],[143.4309,-16.0447],[143.4121,-16.0558],[143.3902,-16.0425],[143.3558,-16.0479],[143.2987,-16.0832],[143.2231,-16.1075],[143.1843,-16.0964],[143.0427,-16.113],[143.0207,-16.0919],[143.004,-16.095],[142.9859,-16.0833],[142.9557,-16.0766],[142.8744,-16.0865],[142.7722,-16.0746],[142.7455,-16.0784],[142.7306,-16.0895],[142.7109,-16.0794],[142.7422,-16.112],[142.699,-16.1732],[142.6372,-16.1324],[142.5961,-16.1907],[142.5467,-16.5578],[142.523,-16.8114]]]},"properties":{"lga_code_2023":"34880","lga_name_2023":"Mareeba","state_code_2021":"3"}},{"type":"Feature","geometry":{"type":"MultiPolygon","coordinates":[[[[153.0428,-26.9695],[153.0185,-26.9664],[153.0169,-26.9791],[152.9756,-26.9847],[152.975,-26.9744],[152.9666,-26.9788],[152.9519,-26.9661],[152.9215,-26.9606],[152.9173,-26.9547],[152.8912,-26.9608],[152.858,-26.9562],[152.8608,-26.9359],[152.8725,-26.9305],[152.8754,-26.9135],[152.8595,-26.9113],[152.8611,-26.9027],[152.8553,-26.9019],[152.8555,-26.8874],[152.8668,-26.8889],[152.8695,-26.8729],[152.8517,-26.8652],[152.854,-26.8559],[152.8321,-26.8564],[152.8125,-26.8281],[152.7919,-26.8273],[152.7867,-26.8223],[152.7894,-26.8096],[152.7772,-26.8095],[152.7765,-26.7955],[152.7611,-26.7924],[152.7592,-26.8031],[152.7531,-26.7974],[152.7486,-26.8164],[152.7392,-26.808],[152.7336,-26.8073],[152.7291,-26.8166],[152.7222,-26.8068],[152.6964,-26.8091],[152.6988,-26.803],[152.6792,-26.7999],[152.679,-26.8164],[152.6718,-26.8198],[152.6791,-26.8222],[152.6785,-26.8304],[152.6665,-26.8395],[152.6899,-26.8915],[152.6886,-26.8969],[152.6674,-26.8962],[152.6608,-26.9099],[152.6874,-26.9137],[152.673,-26.9226],[152.6676,-26.9436],[152.6513,-26.9553],[152.6677,-26.9591],[152.6648,-26.9691],[152.6852,-26.9657],[152.6799,-26.9784],[152.6893,-26.9845],[152.6834,-26.9928],[152.7035,-27.0248],[152.6982,-27.0423],[152.6891,-27.0483],[152.6952,-27.059],[152.6777,-27.057],[152.6871,-27.0824],[152.6765,-27.09],[152.6811,-27.0953],[152.7345,-27.1023],[152.7281,-27.1219],[152.7393,-27.1509],[152.7291,-27.1638],[152.7336,-27.1715],[152.7017,-27.2026],[152.7022,-27.2264],[152.6909,-27.236],[152.6812,-27.2627],[152.6857,-27.2745],[152.7049,-27.2773],[152.7043,-27.2928],[152.7536,-27.295],[152.7565,-27.3072],[152.7472,-27.3171],[152.7488,-27.3323],[152.7557,-27.3282],[152.7719,-27.3432],[152.76,-27.3639],[152.7729,-27.3791],[152.7755,-27.4017],[152.7987,-27.4051],[152.8021,-27.3987],[152.8312,-27.417],[152.8611,-27.4224],[152.8721,-27.4131],[152.8972,-27.4173],[152.8993,-27.4036],[152.915,-27.4057],[152.9169,-27.3942],[152.9269,-27.3935],[152.9488,-27.4087],[152.9655,-27.3969],[152.9762,-27.4015],[152.9753,-27.392],[152.9839,-27.3847],[152.9817,-27.3586],[152.9885,-27.3576],[152.9789,-27.3467],[153.0025,-27.3196],[152.9973,-27.3021],[153.014,-27.3022],[153.0086,-27.2979],[153.0158,-27.2875],[153.0342,-27.2982],[153.0384,-27.2811],[153.0662,-27.2813],[153.0786,-27.2645],[153.054,-27.23],[153.0757,-27.228],[153.0684,-27.2471],[153.0775,-27.2626],[153.0931,-27.256],[153.108,-27.2615],[153.1179,-27.2336],[153.1148,-27.1914],[153.1046,-27.1915],[153.1032,-27.1996],[153.0874,-27.206],[153.0482,-27.1941],[153.0377,-27.1968],[153.0295,-27.179],[153.0667,-27.111],[153.1086,-27.0875],[153.1329,-27.0861],[153.1442,-27.0756],[153.1261,-27.0628],[153.0989,-27.064],[153.1114,-27.0626],[153.0967,-27.0533],[153.107,-27.058],[153.1126,-27.0542],[153.1026,-27.0351],[153.0837,-27.0262],[153.0846,-27.016],[153.0632,-26.9961],[153.0682,-26.9854],[153.0428,-26.9695]]],[[[153.0743,-27.0009],[153.076,-27.0005],[153.0747,-26.9996],[153.0743,-27.0009]]],[[[153.1448,-27.0763],[153.1456,-27.0765],[153.1451,-27.0758],[153.1448,-27.0763]]],[[[153.0855,-27.0074],[153.0787,-27.0019],[153.0779,-27.01],[153.0855,-27.0074]]],[[[153.1047,-27.0365],[153.1083,-27.0389],[153.107,-27.0365],[153.1047,-27.0365]]],[[[153.1053,-27.065],[153.108,-27.0655],[153.1095,-27.0645],[153.1053,-27.065]]],[[[153.105,-26.9475],[153.087,-26.9519],[153.0793,-26.9604],[153.0771,-26.9794],[153.0947,-26.9937],[153.0992,-27.0144],[153.1326,-27.0363],[153.1353,-27.0541],[153.1554,-27.0722],[153.1653,-27.0991],[153.1973,-27.0966],[153.2071,-27.084],[153.2063,-27.0727],[153.17,-27.0062],[153.1471,-26.9373],[153.105,-26.9475]]]]},"properties":{"lga_code_2023":"35010","lga_name_2023":"Moreton Bay","state_code_2021":"3"}},{"type":"Feature","geometry":{"type":"MultiPolygon","coordinates":[[[[139.195,-16.6619],[139.1899,-16.667],[139.1977,-16.6776],[139.1998,-16.7077],[139.2212,-16.712],[139.2293,-16.7327],[139.2509,-16.7249],[139.2875,-16.7353],[139.3051,-16.7241],[139.3131,-16.7302],[139.322,-16.7102],[139.3506,-16.689],[139.3561,-16.6911],[139.3587,-16.6846],[139.3657,-16.6934],[139.3739,-16.6863],[139.3677,-16.683],[139.3686,-16.6721],[139.383,-16.6564],[139.3759,-16.642],[139.3807,-16.6413],[139.3801,-16.6471],[139.3931,-16.6373],[139.402,-16.6404],[139.4153,-16.6587],[139.4174,-16.6724],[139.4366,-16.6749],[139.4513,-16.6663],[139.4471,-16.6332],[139.4391,-16.6307],[139.4653,-16.6291],[139.4724,-16.6136],[139.4664,-16.6004],[139.4712,-16.5881],[139.4553,-16.5803],[139.4731,-16.5832],[139.4674,-16.5686],[139.4583,-16.5754],[139.4531,-16.5695],[139.4837,-16.556],[139.4957,-16.5604],[139.4953,-16.5678],[139.5063,-16.5779],[139.5162,-16.556],[139.5143,-16.5452],[139.4856,-16.5421],[139.4819,-16.5291],[139.475,-16.5262],[139.4927,-16.5238],[139.5068,-16.512],[139.5303,-16.5176],[139.5407,-16.4882],[139.5608,-16.4803],[139.5466,-16.4605],[139.5666,-16.4745],[139.558,-16.4927],[139.5783,-16.5027],[139.5782,-16.5267],[139.5883,-16.5326],[139.5941,-16.5553],[139.6572,-16.5194],[139.6816,-16.5204],[139.6879,-16.5358],[139.7115,-16.5322],[139.6994,-16.5087],[139.7016,-16.4863],[139.6903,-16.468],[139.6806,-16.4689],[139.6764,-16.4506],[139.6502,-16.4495],[139.6053,-16.4035],[139.5509,-16.3908],[139.537,-16.3992],[139.5352,-16.4086],[139.4894,-16.4282],[139.4654,-16.4461],[139.3636,-16.4524],[139.3331,-16.4661],[139.3071,-16.4622],[139.2904,-16.4789],[139.2412,-16.5053],[139.2413,-16.5191],[139.2179,-16.5362],[139.2114,-16.5694],[139.1605,-16.6098],[139.1614,-16.6204],[139.15,-16.6345],[139.1615,-16.6652],[139.1804,-16.6685],[139.195,-16.6619]]],[[[139.0614,-16.8893],[139.0462,-16.8853],[139.0768,-16.9051],[139.0737,-16.8911],[139.0614,-16.8893]]],[[[139.0665,-16.8685],[139.0631,-16.8606],[139.0589,-16.8769],[139.0665,-16.8685]]],[[[139.1206,-16.8594],[139.1194,-16.8594],[139.1211,-16.8617],[139.1206,-16.8594]]],[[[139.1371,-16.8046],[139.1325,-16.7978],[139.0939,-16.8134],[139.0947,-16.8431],[139.1133,-16.8494],[139.1139,-16.8376],[139.1284,-16.8261],[139.1505,-16.8243],[139.1371,-16.8046]]],[[[139.1345,-16.7912],[139.1355,-16.7899],[139.1341,-16.7905],[139.1345,-16.7912]]],[[[139.1397,-16.79],[139.1402,-16.7889],[139.1385,-16.7889],[139.1397,-16.79]]],[[[139.1513,-16.7844],[139.1555,-16.7739],[139.1528,-16.7757],[139.1513,-16.7844]]],[[[139.15,-16.7567],[139.1422,-16.7554],[139.1399,-16.7623],[139.15,-16.7567]]],[[[139.2548,-16.2304],[139.2526,-16.23],[139.2541,-16.2326],[139.2548,-16.2304]]],[[[139.6047,-17.1382],[139.6149,-17.1391],[139.6133,-17.1183],[139.6398,-17.0777],[139.6294,-17.0624],[139.614,-17.0927],[139.6146,-17.1061],[139.5957,-17.112],[139.5971,-17.1331],[139.6047,-17.1382]]],[[[139.3861,-17.0719],[139.3651,-17.0697],[139.3918,-17.073],[139.3861,-17.0719]]],[[[139.1897,-16.9905],[139.2032,-16.9955],[139.2002,-16.9926],[139.1897,-16.9905]]],[[[139.362,-16.9557],[139.3648,-16.9569],[139.3636,-16.9527],[139.362,-16.9557]]],[[[139.8418,-16.7095],[139.8425,-16.7086],[139.8416,-16.7089],[139.8418,-16.7095]]],[[[139.8432,-16.7075],[139.8438,-16.7065],[139.8434,-16.7062],[139.8432,-16.7075]]],[[[139.8699,-16.6549],[139.8481,-16.6627],[139.8553,-16.6771],[139.8608,-16.6675],[139.8875,-16.6535],[139.875,-16.6449],[139.8699,-16.6549]]],[[[139.4721,-16.5623],[139.4695,-16.5653],[139.4735,-16.5673],[139.4721,-16.5623]]],[[[139.8069,-16.4968],[139.8136,-16.4913],[139.8028,-16.4868],[139.8069,-16.4968]]],[[[139.7729,-16.4402],[139.7733,-16.4396],[139.7712,-16.4397],[139.7729,-16.4402]]],[[[139.2794,-16.269],[139.2717,-16.2648],[139.2725,-16.2758],[139.28,-16.2625],[139.2794,-16.269]]],[[[139.4847,-17.1184],[139.4953,-17.1148],[139.5187,-17.1232],[139.5145,-17.1119],[139.5227,-17.1028],[139.578,-17.0936],[139.5544,-17.0697],[139.5493,-17.048],[139.5563,-17.0343],[139.5435,-17.0314],[139.4945,-16.9796],[139.4926,-16.9965],[139.5005,-17.0023],[139.4946,-17.001],[139.4906,-17.0158],[139.4821,-17.0224],[139.4775,-17.0195],[139.4738,-17.0304],[139.4754,-17.0358],[139.487,-17.0347],[139.4901,-17.0446],[139.4861,-17.0362],[139.473,-17.0356],[139.4697,-17.0239],[139.4616,-17.0253],[139.4686,-17.0292],[139.4567,-17.0313],[139.4504,-17.0553],[139.4292,-17.0715],[139.4304,-17.0668],[139.4233,-17.0786],[139.3941,-17.083],[139.4112,-17.1222],[139.4309,-17.1313],[139.4346,-17.1395],[139.4398,-17.1357],[139.4255,-17.1235],[139.4299,-17.1043],[139.4349,-17.1076],[139.4369,-17.1016],[139.4797,-17.0944],[139.4844,-17.0916],[139.4808,-17.0846],[139.4845,-17.0928],[139.4723,-17.0962],[139.478,-17.1158],[139.4847,-17.1184]]],[[[139.5495,-17.1292],[139.5598,-17.1139],[139.5522,-17.1145],[139.5495,-17.1292]]],[[[139.3787,-17.0304],[139.3812,-17.0299],[139.3829,-17.0247],[139.3787,-17.0304]]],[[[139.2321,-17.0241],[139.2133,-17.0024],[139.2073,-17.0033],[139.2147,-17.0364],[139.2229,-17.0317],[139.2332,-17.0461],[139.2479,-17.0454],[139.2507,-17.0556],[139.2657,-17.0583],[139.2431,-17.0295],[139.2321,-17.0241]]],[[[139.3704,-17.0005],[139.3709,-17.0044],[139.3757,-17.0071],[139.3704,-17.0005]]],[[[139.266,-16.9985],[139.2787,-16.9913],[139.2638,-16.9848],[139.2619,-16.9986],[139.266,-16.9985]]],[[[139.8288,-16.7034],[139.8402,-16.6986],[139.8317,-16.6971],[139.8288,-16.7034]]],[[[139.4756,-16.6049],[139.4699,-16.6049],[139.4777,-16.608],[139.4756,-16.6049]]],[[[139.7258,-16.4947],[139.7329,-16.5005],[139.731,-16.455],[139.7177,-16.4501],[139.7091,-16.4715],[139.7012,-16.4753],[139.7095,-16.4902],[139.7258,-16.4947]]],[[[139.2891,-16.7487],[139.2956,-16.7524],[139.289,-16.7432],[139.2891,-16.7487]]],[[[139.1639,-16.7448],[139.1669,-16.7481],[139.1629,-16.7406],[139.1639,-16.7448]]],[[[139.1826,-16.6984],[139.1886,-16.68],[139.1796,-16.6718],[139.1713,-16.671],[139.146,-16.6919],[139.14,-16.7062],[139.1472,-16.7323],[139.1414,-16.7541],[139.1623,-16.7489],[139.1614,-16.7397],[139.17,-16.7307],[139.1848,-16.7336],[139.174,-16.7284],[139.1886,-16.7193],[139.1826,-16.6984]]],[[[139.4561,-16.6735],[139.4384,-16.6945],[139.4458,-16.7064],[139.4646,-16.7004],[139.4777,-16.6795],[139.4676,-16.667],[139.4563,-16.6776],[139.4561,-16.6735]]],[[[139.4561,-16.6669],[139.4586,-16.6658],[139.4548,-16.6624],[139.4561,-16.6669]]],[[[139.4602,-16.6666],[139.459,-16.6689],[139.4602,-16.6684],[139.4602,-16.6666]]]]},"properties":{"lga_code_2023":"35250","lga_name_2023":"Mornington","state_code_2021":"3"}},{"type":"Feature","geometry":{"type":"Polygon","coordinates":[[[137.9965,-20.2244],[137.9971,-21.1943],[138.1598,-21.2036],[138.1781,-20.9983],[138.3424,-20.9984],[138.3156,-21.0211],[138.4196,-21.1293],[138.3642,-21.1767],[138.4901,-21.3131],[138.53,-21.315],[138.6849,-21.147],[138.7438,-21.1235],[139.041,-20.8645],[139.1289,-20.9602],[139.3966,-20.9677],[139.4005,-20.9373],[139.3955,-20.8929],[139.7234,-20.9058],[139.7434,-20.6666],[139.7986,-20.6705],[139.8004,-20.6317],[139.8945,-20.6348],[139.9091,-20.6231],[139.9089,-20.5906],[139.8834,-20.563],[139.8876,-20.5451],[139.8697,-20.5248],[139.8633,-20.4985],[139.8817,-20.4696],[139.8782,-20.436],[139.9021,-20.4395],[139.909,-20.4556],[139.9216,-20.4618],[139.9497,-20.4664],[139.9706,-20.5003],[140.0024,-20.53],[140.0275,-20.5392],[140.0329,-20.5352],[140.0166,-20.5074],[140.0231,-20.4364],[140.013,-20.4211],[139.9435,-20.3956],[139.9542,-20.378],[139.9428,-20.3618],[139.9447,-20.299],[139.958,-20.2833],[139.9692,-20.2847],[139.9685,-20.2773],[139.9817,-20.2651],[139.9764,-20.241],[139.9836,-20.2331],[139.9707,-20.213],[139.9264,-20.2115],[139.858,-20.2323],[139.7997,-20.2251],[139.7349,-20.2375],[139.7333,-20.2331],[139.7328,-20.2147],[139.7416,-20.1989],[139.7317,-20.1849],[139.7803,-20.1885],[139.7936,-19.9735],[139.8041,-19.9738],[139.8061,-19.808],[139.7956,-19.807],[139.7965,-19.7965],[139.7287,-19.7935],[139.726,-19.8479],[139.5142,-19.8233],[139.5327,-19.7246],[139.47,-19.7193],[139.4862,-19.4356],[139.5143,-19.4381],[139.516,-19.2919],[139.5414,-19.2937],[139.5508,-19.1667],[139.2048,-19.1394],[139.2086,-19.0845],[139.1878,-19.0824],[139.1771,-19.0747],[139.178,-19.0629],[139.1579,-19.0408],[139.1959,-18.983],[139.1838,-18.9758],[139.2238,-18.915],[139.1571,-18.8752],[139.0487,-18.9645],[138.9846,-18.9045],[139.0202,-18.8843],[139.0769,-18.8671],[138.9869,-18.7696],[138.9162,-18.8303],[138.7684,-18.6729],[138.7288,-18.72],[138.7029,-18.734],[138.7342,-18.7513],[138.6856,-18.841],[138.6287,-18.8403],[138.6043,-18.8165],[138.5288,-18.882],[138.4747,-18.8251],[138.3127,-18.818],[138.3159,-18.7847],[138.1925,-18.7774],[138.2376,-18.1947],[137.9956,-18.1783],[137.9965,-20.2244]]]},"properties":{"lga_code_2023":"35300","lga_name_2023":"Mount Isa","state_code_2021":"3"}},{"type":"Feature","geometry":{"type":"Polygon","coordinates":[[[145.2936,-26.2085],[145.2828,-26.3027],[145.3302,-26.3046],[145.3099,-26.4602],[145.3586,-26.4655],[145.3392,-26.6103],[145.3164,-26.6164],[145.2848,-26.6364],[145.2934,-26.6609],[145.3082,-26.6795],[145.322,-26.6843],[145.3303,-26.7023],[145.3209,-26.7552],[145.2738,-26.7513],[145.2575,-26.8951],[145.2548,-27.0401],[145.5991,-27.0751],[145.6009,-27.0616],[145.6209,-27.0635],[145.6234,-27.0442],[145.7953,-27.0614],[145.807,-26.9758],[146.229,-27.0111],[146.2209,-27.082],[146.4612,-27.1048],[146.4529,-27.1745],[146.5759,-27.1866],[146.5768,-27.1793],[146.585,-27.1801],[146.584,-27.1874],[146.605,-27.1931],[146.5848,-27.3287],[146.6694,-27.3374],[146.6595,-27.4118],[146.6499,-27.4103],[146.64,-27.4907],[147.0455,-27.5437],[147.0605,-27.5366],[147.0527,-27.4761],[147.0399,-27.4753],[147.0497,-27.4071],[147.0437,-27.4064],[147.0447,-27.3938],[147.0641,-27.2447],[147.0816,-27.1705],[147.0871,-27.1711],[147.0966,-27.0998],[147.0301,-27.0923],[147.0314,-27.0829],[147.0384,-27.0838],[147.0492,-27.0112],[147.0576,-27.0006],[147.0643,-26.9564],[147.2058,-26.9675],[147.2198,-26.8746],[147.2214,-26.7431],[147.2377,-26.6994],[147.2384,-26.6453],[147.2491,-26.5952],[147.2426,-26.5775],[147.2099,-26.5738],[147.2163,-26.5278],[147.231,-26.5192],[147.305,-26.5276],[147.3438,-26.2829],[147.3733,-26.2869],[147.3791,-26.2414],[147.3558,-26.2388],[147.3709,-26.183],[147.3594,-26.1731],[147.3593,-26.1556],[147.365,-26.1433],[147.3827,-26.1337],[147.4073,-26.1435],[147.4441,-26.1342],[147.4514,-26.0813],[147.441,-26.0648],[147.4516,-26.0455],[147.4481,-26.0174],[147.4418,-26.0133],[147.4547,-25.9804],[147.3992,-25.97],[147.3515,-25.9286],[147.3334,-25.9321],[147.2816,-25.9156],[147.2862,-25.9037],[147.2752,-25.8764],[147.2758,-25.8358],[147.2573,-25.8013],[147.2586,-25.792],[147.1602,-25.7811],[147.1793,-25.6292],[147.2855,-25.6405],[147.3049,-25.4954],[147.3559,-25.5011],[147.3728,-25.3744],[147.3845,-25.3755],[147.3931,-25.3542],[147.39,-25.3433],[147.3621,-25.3224],[147.3592,-25.2907],[147.5412,-25.3116],[147.5543,-25.2191],[147.6552,-25.2308],[147.6754,-25.0802],[147.6487,-25.0767],[147.6592,-25.0045],[147.6999,-25.0117],[147.7325,-25.0374],[147.7502,-25.0304],[147.7659,-25.0338],[147.7692,-25.0268],[147.7808,-25.0264],[147.7934,-24.997],[147.814,-24.9699],[147.8339,-24.9726],[147.8609,-24.9543],[147.8717,-24.9537],[147.8707,-24.9458],[147.8793,-24.9402],[147.8877,-24.9363],[147.8986,-24.9404],[147.8912,-24.9259],[147.8952,-24.9184],[147.9223,-24.9205],[147.9546,-24.8862],[147.9379,-24.8616],[147.9158,-24.8461],[147.9165,-24.8212],[147.9008,-24.8144],[147.8861,-24.7938],[147.8542,-24.7796],[147.848,-24.765],[147.8281,-24.7518],[147.8244,-24.7351],[147.7913,-24.7308],[147.7741,-24.739],[147.7597,-24.728],[147.737,-24.7298],[147.6804,-24.7738],[147.6704,-24.7696],[147.6466,-24.7732],[147.647,-24.8],[147.6173,-24.8049],[147.5896,-24.8184],[147.5785,-24.836],[147.5605,-24.8343],[147.5583,-24.8192],[147.5424,-24.8176],[147.5187,-24.8302],[147.5083,-24.8207],[147.509,-24.8349],[147.4965,-24.847],[147.4836,-24.877],[147.4197,-24.8814],[147.3932,-24.8786],[147.381,-24.8708],[147.366,-24.8774],[147.3221,-24.8705],[147.3196,-24.8824],[147.2976,-24.8922],[147.2776,-24.9213],[147.2829,-24.9499],[147.2778,-24.9571],[147.2642,-24.9617],[147.2379,-24.9863],[147.2209,-24.9804],[147.2062,-24.9913],[147.1674,-24.9892],[147.1555,-24.9816],[147.159,-24.9653],[147.1354,-24.9585],[147.1194,-24.9675],[147.1111,-24.9931],[147.097,-25.0021],[147.065,-24.9899],[147.0589,-24.9966],[147.0934,-25.0691],[147.0479,-25.0653],[147.0312,-25.0775],[147.0074,-25.0752],[147.0012,-25.1532],[146.9458,-25.148],[146.9385,-25.2097],[146.8986,-25.2078],[146.8795,-25.2209],[146.8438,-25.2791],[146.7372,-25.3578],[146.7582,-25.1882],[146.5862,-25.1694],[146.5754,-25.1743],[146.5656,-25.3085],[146.4957,-25.3039],[146.5098,-25.3351],[146.3657,-25.319],[146.3696,-25.2912],[146.2159,-25.2744],[146.2006,-25.3902],[146.2106,-25.3913],[146.2077,-25.4148],[146.1923,-25.5065],[146.1828,-25.5054],[146.1723,-25.5883],[145.9711,-25.569],[145.9765,-25.4876],[145.9386,-25.4876],[145.9422,-25.4994],[145.9348,-25.565],[145.968,-25.6355],[145.969,-25.7011],[145.9638,-25.7108],[145.9453,-25.7207],[145.746,-25.6918],[145.7423,-25.6563],[145.7492,-25.6158],[145.6739,-25.6086],[145.664,-25.6194],[145.6588,-25.6459],[145.6382,-25.6596],[145.6338,-25.6874],[145.605,-25.7166],[145.6008,-25.7409],[145.591,-25.7434],[145.5841,-25.7547],[145.4926,-25.7463],[145.5028,-25.6174],[145.5279,-25.6239],[145.5383,-25.6035],[145.5498,-25.5096],[145.4623,-25.5036],[145.4231,-25.7918],[145.4305,-25.7925],[145.4084,-25.9581],[145.4227,-25.9598],[145.4128,-26.0232],[145.3737,-26.0186],[145.3552,-26.1603],[145.2998,-26.1545],[145.2936,-26.2085]]]},"properties":{"lga_code_2023":"35600","lga_name_2023":"Murweh","state_code_2021":"3"}},{"type":"Feature","geometry":{"type":"MultiPolygon","coordinates":[[[[141.964,-12.7111],[142.0005,-12.7755],[142.0139,-12.7384],[142.0501,-12.7425],[142.0547,-12.7676],[142.0694,-12.7874],[142.1088,-12.7407],[142.168,-12.7653],[142.1982,-12.6476],[142.1958,-12.6385],[142.5657,-12.6618],[142.5695,-12.6166],[142.4865,-12.4858],[142.4836,-12.4928],[142.4735,-12.492],[142.468,-12.4986],[142.4426,-12.488],[142.4386,-12.497],[142.4281,-12.4954],[142.4269,-12.5068],[142.4145,-12.5024],[142.4155,-12.5136],[142.4059,-12.5196],[142.3854,-12.5081],[142.3739,-12.495],[142.3729,-12.484],[142.3439,-12.4704],[142.3426,-12.4492],[142.3314,-12.4556],[142.3221,-12.4382],[142.3183,-12.446],[142.3116,-12.4452],[142.3047,-12.4315],[142.3041,-12.405],[142.2863,-12.3876],[142.2775,-12.3886],[142.2777,-12.3786],[142.2658,-12.3765],[142.262,-12.3673],[142.2249,-12.3809],[142.1982,-12.3745],[142.1898,-12.3864],[142.1782,-12.3857],[142.1622,-12.396],[142.1482,-12.3924],[142.1474,-12.4023],[142.1315,-12.4027],[142.1262,-12.3981],[142.1298,-12.3888],[142.1203,-12.3873],[142.1239,-12.3673],[142.1039,-12.3456],[142.1134,-12.3314],[142.1067,-12.3206],[142.1134,-12.3118],[142.1099,-12.297],[142.0824,-12.288],[142.0755,-12.2791],[142.0406,-12.2793],[142.0413,-12.4984],[141.9965,-12.5726],[141.9671,-12.5704],[141.969,-12.542],[141.9632,-12.5332],[141.9515,-12.5535],[141.9221,-12.5572],[141.91,-12.5753],[141.9225,-12.5628],[141.941,-12.5607],[141.9566,-12.5856],[141.9932,-12.5869],[142.004,-12.6006],[142.0277,-12.5747],[142.0407,-12.5819],[142.0623,-12.5694],[142.0735,-12.5752],[142.0741,-12.569],[142.0862,-12.5632],[142.1004,-12.5665],[142.102,-12.5623],[142.1186,-12.5678],[142.1228,-12.5751],[142.1349,-12.561],[142.1566,-12.5622],[142.1592,-12.5684],[142.1716,-12.5627],[142.1861,-12.6152],[142.1934,-12.618],[142.0954,-12.6853],[141.964,-12.7111]]],[[[141.8469,-12.9428],[141.8701,-12.8736],[141.8271,-12.874],[141.801,-12.9138],[141.8469,-12.9428]]],[[[141.8982,-12.6067],[141.8972,-12.6175],[141.9056,-12.6111],[141.8982,-12.6067]]],[[[141.8995,-12.5909],[141.9028,-12.5895],[141.9036,-12.5849],[141.8995,-12.5909]]],[[[141.7531,-12.8314],[141.8007,-12.8359],[141.8032,-12.7474],[141.7531,-12.8314]]],[[[141.8938,-12.7662],[141.8919,-12.7303],[141.8815,-12.7253],[141.878,-12.7141],[141.8823,-12.7436],[141.8938,-12.7662]]],[[[141.8997,-12.6908],[141.8917,-12.68],[141.8939,-12.6725],[141.8822,-12.6721],[141.8846,-12.686],[141.8997,-12.6908]]],[[[141.9074,-12.7635],[141.9145,-12.7431],[141.906,-12.7541],[141.9074,-12.7635]]],[[[141.906,-12.7521],[141.9092,-12.7497],[141.9068,-12.7458],[141.906,-12.7521]]],[[[141.909,-12.6953],[141.9101,-12.6923],[141.9076,-12.6937],[141.909,-12.6953]]],[[[141.5914,-12.5641],[141.6573,-12.4417],[141.6828,-12.4552],[141.7062,-12.4533],[141.7298,-12.4411],[141.7763,-12.4664],[141.841,-12.3837],[141.8449,-12.3331],[141.7379,-12.3049],[141.7296,-12.3074],[141.7385,-12.2909],[141.8461,-12.3187],[141.8492,-12.2408],[141.8181,-12.2401],[141.803,-12.2522],[141.7745,-12.2377],[141.7509,-12.245],[141.7352,-12.2327],[141.7148,-12.2347],[141.6734,-12.3695],[141.5914,-12.5641]]],[[[141.702,-12.5196],[141.76,-12.5391],[141.7625,-12.5509],[141.7697,-12.5527],[141.7684,-12.5657],[141.7935,-12.5822],[141.8115,-12.5842],[141.8199,-12.6015],[141.8315,-12.5932],[141.8512,-12.5959],[141.8792,-12.5839],[141.8937,-12.5915],[141.8843,-12.5673],[141.8723,-12.5598],[141.8733,-12.5884],[141.8375,-12.5926],[141.7958,-12.5759],[141.7705,-12.5341],[141.7185,-12.4993],[141.7374,-12.4801],[141.7232,-12.4831],[141.7152,-12.4968],[141.7003,-12.4957],[141.6916,-12.5125],[141.702,-12.5196]]],[[[141.6428,-12.5742],[141.6609,-12.5614],[141.6868,-12.5612],[141.6948,-12.557],[141.6981,-12.545],[141.6951,-12.5322],[141.6638,-12.5289],[141.6532,-12.5211],[141.6572,-12.5057],[141.651,-12.5024],[141.6575,-12.5003],[141.6614,-12.4882],[141.6541,-12.4615],[141.6428,-12.5742]]],[[[141.6869,-12.4759],[141.7009,-12.4764],[141.7028,-12.4665],[141.7132,-12.4639],[141.733,-12.4681],[141.7169,-12.4585],[141.6955,-12.4622],[141.6995,-12.4746],[141.6869,-12.4759]]],[[[141.7396,-12.4721],[141.7445,-12.4774],[141.749,-12.4777],[141.7396,-12.4721]]]]},"properties":{"lga_code_2023":"35670","lga_name_2023":"Napranum","state_code_2021":"3"}},{"type":"Feature","geometry":{"type":"Polygon","coordinates":[[[153.0983,-26.3814],[153.0917,-26.3863],[153.0771,-26.3772],[153.0613,-26.3305],[153.0676,-26.2651],[153.0963,-26.1548],[152.9738,-26.1371],[152.9651,-26.1803],[152.9441,-26.1968],[152.9226,-26.1987],[152.9228,-26.2093],[152.9037,-26.2072],[152.8913,-26.2185],[152.8764,-26.2013],[152.853,-26.1985],[152.85,-26.2184],[152.8309,-26.2161],[152.7926,-26.3514],[152.7709,-26.3439],[152.763,-26.3749],[152.7707,-26.3726],[152.769,-26.3939],[152.7791,-26.3953],[152.7787,-26.4036],[152.7893,-26.4035],[152.7969,-26.4158],[152.7892,-26.4695],[152.8043,-26.4715],[152.8133,-26.4973],[152.827,-26.4994],[152.8351,-26.4882],[152.8693,-26.4742],[152.8708,-26.4655],[152.8819,-26.4693],[152.8924,-26.455],[152.913,-26.4475],[152.9202,-26.4527],[152.9218,-26.443],[152.945,-26.4446],[152.9463,-26.4372],[152.965,-26.4403],[152.9664,-26.432],[152.9955,-26.4322],[153.0244,-26.4454],[153.0481,-26.4425],[153.0502,-26.4309],[153.0641,-26.4386],[153.0564,-26.4435],[153.0554,-26.4533],[153.0802,-26.458],[153.0698,-26.4809],[153.083,-26.4826],[153.0806,-26.4956],[153.0956,-26.4986],[153.1199,-26.3908],[153.116,-26.3764],[153.0983,-26.3814]]]},"properties":{"lga_code_2023":"35740","lga_name_2023":"Noosa","state_code_2021":"3"}},{"type":"Feature","geometry":{"type":"Polygon","coordinates":[[[150.5576,-25.156],[150.5514,-25.1647],[150.5082,-25.1736],[150.4981,-25.1866],[150.5023,-25.1927],[150.4717,-25.1905],[150.4748,-25.2326],[150.4524,-25.2635],[150.4588,-25.278],[150.4435,-25.282],[150.4484,-25.303],[150.4426,-25.3206],[150.4167,-25.3311],[150.4195,-25.3496],[150.4065,-25.3621],[150.4179,-25.3725],[150.3961,-25.3907],[150.4049,-25.398],[150.3997,-25.4031],[150.4024,-25.4144],[150.3912,-25.4192],[150.4048,-25.4314],[150.3978,-25.4474],[150.3756,-25.4614],[150.3705,-25.4805],[150.377,-25.4905],[150.3857,-25.4881],[150.3852,-25.5025],[150.4019,-25.5034],[150.3923,-25.5316],[150.404,-25.5368],[150.4026,-25.5511],[150.4124,-25.5674],[150.4023,-25.5984],[150.4105,-25.5959],[150.4367,-25.6064],[150.4461,-25.5988],[150.4818,-25.6053],[150.4974,-25.6302],[150.5242,-25.6454],[150.5703,-25.6382],[150.5853,-25.6435],[150.5912,-25.6527],[150.6542,-25.6598],[150.6636,-25.6843],[150.6431,-25.7157],[150.6496,-25.7262],[150.6643,-25.7327],[150.6637,-25.7577],[150.6684,-25.7583],[150.6441,-25.7862],[150.6569,-25.801],[150.6492,-25.8033],[150.6987,-25.8558],[150.6784,-25.889],[150.685,-25.9139],[150.6689,-25.9427],[150.6728,-25.9696],[150.7021,-25.9739],[150.7144,-25.9849],[150.7636,-25.9816],[150.7758,-26.0122],[150.786,-26.0187],[150.7809,-26.0285],[150.7898,-26.0489],[150.8496,-26.0564],[150.9039,-26.0194],[150.906,-26.0083],[150.9141,-26.0041],[150.9331,-26.0132],[150.984,-26.0078],[151.0159,-26.0772],[151.0562,-26.0905],[151.0673,-26.0854],[151.0788,-26.0967],[151.1144,-26.0908],[151.1162,-26.0765],[151.0999,-26.0754],[151.1082,-26.0626],[151.11,-26.0428],[151.2986,-26.0735],[151.3319,-26.0414],[151.3239,-26.0257],[151.34,-26.0118],[151.355,-26.006],[151.3821,-26.0096],[151.4731,-26.002],[151.473,-25.9899],[151.4807,-25.99],[151.4896,-25.9732],[151.4875,-25.9654],[151.5019,-25.9507],[151.5049,-25.9254],[151.4974,-25.9182],[151.4872,-25.9193],[151.4909,-25.91],[151.4814,-25.9019],[151.4877,-25.8939],[151.4992,-25.9101],[151.5079,-25.9096],[151.5195,-25.855],[151.5788,-25.8592],[151.5892,-25.8652],[151.615,-25.8542],[151.6354,-25.8713],[151.6537,-25.8731],[151.6505,-25.8816],[151.6619,-25.897],[151.6574,-25.9122],[151.6917,-25.918],[151.7346,-25.9386],[151.7437,-25.9336],[151.7618,-25.9373],[151.7855,-25.9154],[151.7766,-25.9119],[151.7808,-25.8967],[151.7674,-25.857],[151.7728,-25.8522],[151.7648,-25.8267],[151.7746,-25.8145],[151.7568,-25.803],[151.7674,-25.7882],[151.7799,-25.7894],[151.7755,-25.7776],[151.7898,-25.7717],[151.7904,-25.7587],[151.8104,-25.7625],[151.8132,-25.785],[151.8265,-25.7828],[151.8316,-25.7965],[151.8532,-25.8066],[151.861,-25.802],[151.8611,-25.8099],[151.8738,-25.8134],[151.8773,-25.8329],[151.8917,-25.8443],[151.8973,-25.8665],[151.9129,-25.8725],[151.9286,-25.8676],[151.9595,-25.8332],[151.9704,-25.8306],[151.9721,-25.8126],[151.9789,-25.8137],[151.9862,-25.8013],[151.9863,-25.7789],[151.9977,-25.7709],[151.9989,-25.7477],[151.9953,-25.7368],[151.9803,-25.733],[151.9812,-25.7128],[151.997,-25.7112],[152.0052,-25.7175],[152.0139,-25.7089],[152.0175,-25.681],[152.0112,-25.665],[152.0296,-25.6422],[152.0381,-25.6428],[152.0441,-25.6151],[152.0526,-25.6242],[152.0661,-25.6213],[152.0907,-25.6363],[152.1121,-25.627],[152.1158,-25.6155],[152.1113,-25.5984],[152.1622,-25.5771],[152.1654,-25.5475],[152.1794,-25.5231],[152.2158,-25.5202],[152.2149,-25.5129],[152.2684,-25.5223],[152.2743,-25.5045],[152.2686,-25.5035],[152.2708,-25.4898],[152.2764,-25.4906],[152.2621,-25.4766],[152.2604,-25.4619],[152.2736,-25.4313],[152.2722,-25.4187],[152.2541,-25.4022],[152.2342,-25.4001],[152.2186,-25.3874],[152.1994,-25.3946],[152.171,-25.368],[152.1674,-25.3359],[152.1414,-25.3382],[152.1243,-25.3271],[152.106,-25.3279],[152.0897,-25.3125],[152.0769,-25.3212],[152.0308,-25.2747],[152.0126,-25.2741],[152.0132,-25.2846],[152.0036,-25.2929],[151.9804,-25.2811],[151.9653,-25.2808],[151.9473,-25.2959],[151.9159,-25.3543],[151.8799,-25.3597],[151.8805,-25.3415],[151.8686,-25.3432],[151.8609,-25.3372],[151.8683,-25.3212],[151.8612,-25.302],[151.8726,-25.3022],[151.8711,-25.2937],[151.8848,-25.2951],[151.8914,-25.2881],[151.8725,-25.2732],[151.8835,-25.2518],[151.8813,-25.2437],[151.9036,-25.2288],[151.9048,-25.2139],[151.8971,-25.2101],[151.9036,-25.1982],[151.9157,-25.1987],[151.9076,-25.1918],[151.9103,-25.1844],[151.918,-25.1754],[151.9233,-25.1802],[151.9314,-25.1752],[151.9162,-25.1487],[151.8909,-25.1422],[151.8781,-25.1525],[151.8601,-25.1424],[151.8487,-25.16],[151.8527,-25.1767],[151.8485,-25.1836],[151.8306,-25.1818],[151.8235,-25.1868],[151.8125,-25.1729],[151.8042,-25.1755],[151.8008,-25.1646],[151.7867,-25.1581],[151.7835,-25.1153],[151.7429,-25.0739],[151.7102,-25.0915],[151.6946,-25.0921],[151.6918,-25.0833],[151.6828,-25.0902],[151.6744,-25.084],[151.6627,-25.0945],[151.6532,-25.0917],[151.6495,-25.116],[151.6098,-25.1158],[151.6092,-25.1031],[151.5883,-25.0986],[151.5592,-25.103],[151.5439,-25.0957],[151.5409,-25.09],[151.5646,-25.0497],[151.5563,-25.0475],[151.556,-25.0097],[151.5322,-24.9885],[151.5341,-24.9733],[151.5239,-24.9608],[151.5305,-24.9454],[151.5397,-24.9502],[151.5723,-24.9316],[151.5763,-24.8923],[151.5761,-24.8835],[151.5656,-24.8759],[151.5653,-24.8626],[151.5565,-24.8595],[151.5502,-24.8356],[151.5283,-24.8315],[151.5251,-24.8382],[151.4952,-24.8501],[151.4798,-24.8411],[151.4683,-24.8514],[151.4337,-24.8355],[151.426,-24.8146],[151.4306,-24.803],[151.4242,-24.7996],[151.427,-24.7911],[151.4187,-24.7783],[151.4532,-24.7755],[151.429,-24.7026],[151.4119,-24.695],[151.3664,-24.7107],[151.3678,-24.7191],[151.357,-24.7307],[151.3482,-24.7285],[151.343,-24.721],[151.3487,-24.714],[151.3448,-24.7002],[151.3601,-24.6787],[151.3361,-24.6454],[151.311,-24.6498],[151.3023,-24.6682],[151.2919,-24.6576],[151.2746,-24.6539],[151.2536,-24.666],[151.2458,-24.6523],[151.2374,-24.6533],[151.2302,-24.639],[151.2201,-24.6339],[151.1947,-24.6425],[151.1932,-24.6351],[151.2077,-24.6246],[151.2302,-24.6279],[151.2185,-24.5755],[151.2257,-24.5685],[151.2293,-24.5277],[151.2021,-24.5312],[151.1995,-24.5398],[151.1616,-24.55],[151.1523,-24.5269],[151.1692,-24.479],[151.1534,-24.4606],[151.1379,-24.4556],[151.1149,-24.4746],[151.107,-24.4702],[151.0932,-24.4435],[151.0574,-24.4276],[151.0453,-24.4129],[151.0472,-24.3985],[151.0369,-24.3921],[151.005,-24.3946],[150.9922,-24.4112],[150.9932,-24.4427],[150.9795,-24.4914],[150.9638,-24.5085],[150.9679,-24.5334],[150.9812,-24.5491],[150.9697,-24.5523],[150.9726,-24.5763],[150.8807,-24.552],[150.8618,-24.5597],[150.8509,-24.5492],[150.8447,-24.562],[150.8262,-24.5547],[150.8191,-24.604],[150.8676,-24.631],[150.8828,-24.6252],[150.8976,-24.6305],[150.9008,-24.6424],[150.9111,-24.6504],[150.8895,-24.6782],[150.8833,-24.6783],[150.8749,-24.6963],[150.879,-24.7007],[150.874,-24.7211],[150.8546,-24.7238],[150.7906,-24.7119],[150.7783,-24.7162],[150.7597,-24.7038],[150.7325,-24.6979],[150.6668,-24.7037],[150.6559,-24.6931],[150.6418,-24.6959],[150.6368,-24.7093],[150.6113,-24.7116],[150.587,-24.7306],[150.606,-24.7985],[150.5982,-24.8357],[150.5918,-24.8453],[150.5809,-24.8474],[150.5586,-24.8996],[150.5582,-24.9235],[150.5396,-24.9607],[150.5533,-24.9863],[150.5483,-25.0516],[150.5565,-25.0941],[150.5788,-25.1124],[150.5566,-25.1338],[150.562,-25.1456],[150.5576,-25.156]]]},"properties":{"lga_code_2023":"35760","lga_name_2023":"North Burnett","state_code_2021":"3"}},{"type":"Feature","geometry":{"type":"MultiPolygon","coordinates":[[[[142.3736,-10.8422],[142.3663,-10.8464],[142.3537,-10.8817],[142.3213,-10.9022],[142.315,-10.9152],[142.3187,-10.906],[142.3132,-10.9011],[142.2847,-10.9179],[142.2493,-10.9095],[142.2166,-10.9226],[142.2222,-10.9325],[142.2151,-10.9423],[142.2296,-10.9477],[142.1671,-11.0037],[142.1294,-10.9624],[142.1259,-10.9814],[142.1447,-11.0391],[142.1529,-11.0939],[142.1474,-11.0987],[142.1573,-11.1218],[142.1475,-11.1383],[142.1393,-11.2025],[142.1253,-11.2241],[142.3726,-11.1967],[142.3548,-11.1523],[142.3718,-11.12],[142.3733,-11.0873],[142.3654,-11.0433],[142.3925,-11.02],[142.3889,-11.0156],[142.4055,-10.9992],[142.4004,-10.9973],[142.4185,-10.9948],[142.4276,-10.985],[142.4219,-10.9642],[142.4338,-10.9672],[142.4285,-10.9755],[142.4364,-10.9809],[142.4399,-10.9746],[142.4433,-10.9808],[142.4536,-10.9792],[142.4553,-10.9737],[142.4383,-10.9706],[142.4402,-10.9635],[142.4286,-10.9542],[142.428,-10.9144],[142.4814,-10.8062],[142.4615,-10.789],[142.4701,-10.7794],[142.4882,-10.7796],[142.507,-10.7668],[142.5171,-10.7386],[142.5016,-10.7383],[142.503,-10.7291],[142.4239,-10.7274],[142.4267,-10.7385],[142.4118,-10.7719],[142.4187,-10.7863],[142.3983,-10.8025],[142.3901,-10.8284],[142.3736,-10.8422]]],[[[142.5327,-10.8431],[142.558,-10.8218],[142.5665,-10.7953],[142.5786,-10.7958],[142.5875,-10.7736],[142.5997,-10.7644],[142.597,-10.7584],[142.6093,-10.749],[142.5832,-10.7338],[142.5811,-10.7248],[142.5739,-10.7328],[142.5678,-10.7225],[142.5584,-10.7277],[142.5546,-10.7197],[142.5293,-10.7358],[142.5626,-10.7615],[142.5327,-10.8253],[142.5372,-10.8337],[142.5296,-10.8378],[142.5327,-10.8431]]],[[[142.1005,-10.9878],[142.106,-10.9968],[142.1161,-10.9951],[142.1004,-10.9854],[142.1019,-10.9776],[142.1135,-10.9723],[142.1095,-10.9699],[142.1158,-10.9719],[142.1116,-10.9678],[142.1011,-10.9739],[142.1005,-10.9878]],[[142.3182,-10.8393],[142.3165,-10.8423],[142.319,-10.8357],[142.3182,-10.8393]]],[[[142.3539,-10.8471],[142.3647,-10.8425],[142.3551,-10.8423],[142.3539,-10.8471]]],[[[142.3492,-10.8443],[142.3489,-10.8432],[142.3484,-10.844],[142.3492,-10.8443]]],[[[142.3491,-10.8373],[142.3498,-10.8372],[142.3497,-10.8367],[142.3491,-10.8373]]]]},"properties":{"lga_code_2023":"35780","lga_name_2023":"Northern Peninsula Area","state_code_2021":"3"}},{"type":"Feature","geometry":{"type":"MultiPolygon","coordinates":[[[[146.5798,-18.7653],[146.5871,-18.7585],[146.6096,-18.758],[146.6172,-18.765],[146.6311,-18.7618],[146.6477,-18.7767],[146.6756,-18.7619],[146.6829,-18.7645],[146.6879,-18.7572],[146.6948,-18.7593],[146.6839,-18.7372],[146.6421,-18.7496],[146.6349,-18.7275],[146.6171,-18.7046],[146.5977,-18.698],[146.5956,-18.6825],[146.5832,-18.6849],[146.5739,-18.6765],[146.5717,-18.6818],[146.589,-18.712],[146.5783,-18.7252],[146.5772,-18.7489],[146.5666,-18.75],[146.5695,-18.7641],[146.5823,-18.7716],[146.5798,-18.7653]]],[[[146.543,-18.8371],[146.531,-18.835],[146.5498,-18.849],[146.5503,-18.8391],[146.543,-18.8371]]],[[[146.5246,-18.8275],[146.5282,-18.8285],[146.527,-18.8266],[146.5246,-18.8275]]],[[[146.5356,-18.7782],[146.5419,-18.7882],[146.5486,-18.7888],[146.5356,-18.7782]]],[[[146.5154,-18.7686],[146.5206,-18.7741],[146.5205,-18.7668],[146.5154,-18.7686]]],[[[146.5164,-18.6815],[146.5079,-18.6984],[146.5198,-18.7151],[146.5269,-18.6724],[146.5202,-18.6607],[146.5062,-18.659],[146.5164,-18.6815]]],[[[146.5285,-18.7649],[146.5372,-18.7732],[146.5334,-18.7668],[146.5285,-18.7649]]],[[[146.5537,-18.7703],[146.548,-18.7686],[146.5542,-18.7737],[146.5537,-18.7703]]],[[[146.6682,-18.7753],[146.6647,-18.7778],[146.6676,-18.7777],[146.6682,-18.7753]]],[[[146.553,-18.6766],[146.5586,-18.6873],[146.5675,-18.6705],[146.545,-18.652],[146.5381,-18.6593],[146.553,-18.6766]]]]},"properties":{"lga_code_2023":"35790","lga_name_2023":"Palm Island","state_code_2021":"3"}},{"type":"Feature","geometry":{"type":"Polygon","coordinates":[[[144.7798,-28.1737],[144.775,-28.2112],[144.8299,-28.2169],[144.8188,-28.2903],[144.5874,-28.2637],[144.5864,-28.2708],[144.5735,-28.2695],[144.5631,-28.3466],[144.6442,-28.3554],[144.636,-28.4209],[144.6279,-28.425],[144.5958,-28.5675],[144.6686,-28.5807],[144.6411,-28.7231],[144.6329,-28.7219],[144.6118,-28.7398],[144.6912,-28.7908],[144.64,-28.8087],[144.6228,-28.8207],[144.5868,-28.8624],[144.5812,-28.9098],[144.4944,-28.9306],[144.4631,-28.9479],[144.4804,-28.9991],[146.945,-28.9991],[146.9357,-28.9913],[146.9527,-28.8615],[146.8633,-28.8543],[146.8924,-28.7215],[146.9252,-28.7241],[146.9384,-28.631],[146.9279,-28.6298],[146.9379,-28.5595],[146.9577,-28.5364],[146.9634,-28.5062],[146.9602,-28.4394],[146.9651,-28.4142],[146.96,-28.4129],[146.9679,-28.3602],[146.9157,-28.3541],[146.9321,-28.2607],[146.9491,-28.263],[146.9903,-27.99],[147.105,-27.9948],[147.1242,-27.898],[147.1097,-27.8959],[147.1178,-27.8573],[147.1085,-27.8178],[147.1429,-27.575],[147.0633,-27.5662],[147.0605,-27.5366],[147.0455,-27.5437],[146.64,-27.4907],[146.6499,-27.4103],[146.6595,-27.4118],[146.6694,-27.3374],[146.5848,-27.3287],[146.605,-27.1931],[146.584,-27.1874],[146.585,-27.1801],[146.5768,-27.1793],[146.5759,-27.1866],[146.4529,-27.1745],[146.4612,-27.1048],[146.2209,-27.082],[146.229,-27.0111],[145.807,-26.9758],[145.7953,-27.0614],[145.6234,-27.0442],[145.6209,-27.0635],[145.6009,-27.0616],[145.5991,-27.0751],[145.2548,-27.0401],[145.2591,-27.007],[145.1827,-26.9992],[145.1651,-27.1447],[145.1819,-27.1465],[145.1633,-27.2915],[145.0173,-27.2759],[145.0007,-27.3406],[144.9922,-27.4116],[144.9146,-27.4036],[144.9002,-27.4979],[144.5196,-27.4562],[144.508,-27.5443],[144.4326,-27.5372],[144.4233,-27.6064],[144.3293,-27.5963],[144.2958,-27.8439],[144.3166,-27.8461],[144.3121,-27.8645],[144.3173,-27.8672],[144.306,-27.8813],[144.3066,-27.8989],[144.2923,-27.9261],[144.4225,-27.9397],[144.4205,-27.9557],[144.6012,-27.9741],[144.5917,-28.0499],[144.6493,-28.0559],[144.6351,-28.1598],[144.7798,-28.1737]]]},"properties":{"lga_code_2023":"35800","lga_name_2023":"Paroo","state_code_2021":"3"}},{"type":"Feature","geometry":{"type":"MultiPolygon","coordinates":[[[[141.6205,-14.9186],[141.6289,-14.9449],[141.6514,-14.9736],[141.6644,-15.0058],[141.6526,-14.9737],[141.6596,-14.9831],[141.6675,-15.0092],[141.6513,-15.0815],[141.6739,-15.11],[141.6859,-15.1092],[141.6948,-15.0986],[141.7023,-15.1084],[141.7185,-15.1077],[141.7204,-15.115],[141.7101,-15.1182],[141.7245,-15.1177],[141.7242,-15.1391],[141.7478,-15.1389],[141.751,-15.1441],[141.7561,-15.136],[141.7817,-15.1397],[141.7879,-15.1463],[141.8438,-15.1249],[141.8713,-15.1256],[141.9192,-15.1099],[141.9339,-15.1136],[141.9529,-15.0942],[141.9928,-15.0843],[142.0036,-15.0878],[142.0364,-15.0707],[142.0594,-15.0678],[142.0617,-15.06],[142.0862,-15.0459],[142.1015,-15.0198],[142.1342,-14.9856],[142.1415,-14.9045],[142.1153,-14.8214],[142.0355,-14.7087],[141.9938,-14.4993],[141.9994,-14.4639],[141.9703,-14.4615],[141.9538,-14.4368],[141.9049,-14.4343],[141.8783,-14.4268],[141.865,-14.4073],[141.8492,-14.4014],[141.857,-14.3744],[141.8396,-14.3491],[141.8135,-14.3414],[141.8103,-14.3217],[141.7954,-14.307],[141.7826,-14.3043],[141.7698,-14.287],[141.749,-14.2737],[141.7307,-14.2725],[141.7284,-14.2791],[141.717,-14.2793],[141.7023,-14.2659],[141.6915,-14.267],[141.6688,-14.2508],[141.6652,-14.2391],[141.6561,-14.235],[141.6501,-14.2408],[141.641,-14.2334],[141.64,-14.2428],[141.63,-14.238],[141.6281,-14.2248],[141.6201,-14.2275],[141.6249,-14.2203],[141.6194,-14.2144],[141.6266,-14.2081],[141.6128,-14.1955],[141.6143,-14.1838],[141.6055,-14.1786],[141.6031,-14.1662],[141.5941,-14.1608],[141.6025,-14.2335],[141.5984,-14.2584],[141.5505,-14.3797],[141.5256,-14.4871],[141.5536,-14.5926],[141.5535,-14.6424],[141.567,-14.7403],[141.5903,-14.8573],[141.6205,-14.9186]]],[[[141.5903,-14.165],[141.5881,-14.1633],[141.5919,-14.1741],[141.5903,-14.165]]]]},"properties":{"lga_code_2023":"36070","lga_name_2023":"Pormpuraaw","state_code_2021":"3"}},{"type":"Feature","geometry":{"type":"Polygon","coordinates":[[[142.844,-27.1053],[142.8554,-27.1137],[142.888,-27.1169],[142.866,-27.2338],[143.3219,-27.2757],[143.3205,-27.2893],[143.3874,-27.2956],[143.3941,-27.283],[143.5174,-27.2953],[143.5149,-27.3164],[143.5866,-27.3233],[143.5804,-27.3798],[143.7203,-27.3984],[143.7193,-27.3687],[143.8357,-27.4559],[143.9683,-27.6269],[144.1241,-27.6413],[144.3218,-27.6518],[144.3293,-27.5963],[144.4233,-27.6064],[144.4326,-27.5372],[144.508,-27.5443],[144.5196,-27.4562],[144.9002,-27.4979],[144.9146,-27.4036],[144.9922,-27.4116],[145.0007,-27.3406],[145.0173,-27.2759],[145.1633,-27.2915],[145.1819,-27.1465],[145.1651,-27.1447],[145.1827,-26.9992],[145.253,-27.0064],[145.2575,-26.8951],[145.2738,-26.7513],[145.3209,-26.7552],[145.3303,-26.7023],[145.322,-26.6843],[145.3082,-26.6795],[145.2934,-26.6609],[145.2848,-26.6364],[145.3164,-26.6164],[145.3392,-26.6103],[145.3586,-26.4655],[145.3099,-26.4602],[145.3302,-26.3046],[145.2828,-26.3027],[145.2998,-26.1545],[145.3552,-26.1603],[145.3737,-26.0186],[145.4128,-26.0232],[145.4227,-25.9598],[145.4084,-25.9581],[145.4305,-25.7925],[145.4231,-25.7918],[145.4623,-25.5036],[145.441,-25.4923],[145.4068,-25.4952],[145.3959,-25.4717],[145.354,-25.4506],[145.3262,-25.4463],[145.3167,-25.4596],[145.2962,-25.4652],[145.2878,-25.4828],[145.2498,-25.4786],[145.2533,-25.4505],[145.2717,-25.4524],[145.2841,-25.3581],[145.0525,-25.3332],[145.06,-25.304],[145.0474,-25.2938],[145.0587,-25.288],[145.0614,-25.2758],[145.0159,-25.2688],[144.9737,-25.2701],[144.9447,-25.26],[144.8695,-25.258],[144.9401,-25.2098],[144.9399,-25.1965],[144.9694,-25.1858],[144.9957,-25.0077],[144.9598,-25.0318],[144.9125,-25.0322],[144.8986,-25.0383],[144.8847,-25.0199],[144.8746,-25.0195],[144.8622,-24.9998],[144.8468,-24.9902],[144.8575,-24.9469],[144.853,-24.9268],[144.8606,-24.9191],[144.796,-24.9131],[144.804,-24.8405],[144.6984,-24.8308],[144.7166,-24.6825],[144.6817,-24.679],[144.6853,-24.649],[144.6518,-24.6625],[144.6275,-24.9675],[144.4818,-25.0782],[144.4617,-25.0323],[144.3987,-25.1324],[144.3812,-25.1136],[144.2535,-25.2095],[144.1577,-25.3581],[144.1557,-25.3709],[144.1688,-25.3943],[144.1505,-25.4333],[144.1216,-25.443],[144.125,-25.4645],[144.1116,-25.4787],[144.1139,-25.5019],[144.0907,-25.5335],[144.0722,-25.5417],[144.0708,-25.5579],[144.0392,-25.5792],[144.0008,-25.583],[143.9221,-25.494],[143.8035,-25.4858],[143.7522,-25.3788],[143.7343,-25.3617],[143.7057,-25.3522],[143.6769,-25.3243],[143.6449,-25.3067],[143.6208,-25.3126],[143.593,-25.2821],[143.4743,-25.371],[143.4416,-25.3684],[143.4373,-25.3739],[143.4176,-25.5945],[143.4542,-25.5976],[143.4482,-25.6519],[143.3943,-25.6466],[143.3931,-25.6506],[143.364,-25.6387],[143.2105,-25.6248],[143.1986,-25.7374],[142.9838,-25.7177],[142.9718,-25.8225],[142.8852,-25.8138],[142.9026,-25.6692],[142.7287,-25.6525],[142.7193,-25.6439],[142.733,-25.6414],[142.7396,-25.6205],[142.571,-25.6074],[142.5345,-25.6377],[142.5155,-25.6438],[142.4416,-25.725],[142.4087,-25.7378],[142.3861,-25.7382],[142.3512,-25.7627],[142.3371,-25.7609],[142.2887,-25.7852],[142.2392,-25.7893],[142.2011,-25.8123],[142.194,-25.8576],[142.1732,-25.8555],[142.1435,-26.0919],[142.1614,-26.196],[142.1344,-26.2272],[142.1107,-26.2978],[142.0991,-26.3071],[142.0811,-26.3423],[142.0745,-26.3853],[142.0591,-26.3748],[142.0583,-26.3813],[141.891,-26.3665],[141.8913,-26.3582],[141.7188,-26.3506],[141.7042,-26.3867],[141.7118,-26.409],[141.7065,-26.4291],[141.7164,-26.4439],[141.7108,-26.4517],[141.724,-26.4889],[141.7319,-26.4884],[141.7411,-26.5084],[141.7437,-26.5362],[141.7615,-26.5499],[141.7856,-26.5997],[141.8122,-26.6286],[141.805,-26.6602],[141.8167,-26.6719],[141.8127,-26.6776],[141.823,-26.6969],[141.8369,-26.6946],[141.8388,-26.7],[141.8316,-26.7124],[141.8386,-26.7164],[141.8319,-26.7239],[141.8385,-26.7325],[141.8318,-26.7327],[141.8317,-26.7421],[141.8249,-26.7407],[141.8258,-26.7476],[141.9973,-26.7662],[142.054,-26.765],[142.2524,-26.7855],[142.2597,-26.7915],[142.3618,-26.7837],[142.422,-26.7902],[142.844,-27.1053]]]},"properties":{"lga_code_2023":"36150","lga_name_2023":"Quilpie","state_code_2021":"3"}},{"type":"Feature","geometry":{"type":"MultiPolygon","coordinates":[[[[153.4398,-27.393],[153.4325,-27.4112],[153.4362,-27.4055],[153.4404,-27.4113],[153.423,-27.4701],[153.4091,-27.476],[153.4066,-27.4897],[153.3984,-27.4964],[153.4125,-27.5116],[153.4135,-27.5992],[153.4071,-27.611],[153.4217,-27.6421],[153.3988,-27.6626],[153.3968,-27.6821],[153.4021,-27.693],[153.3929,-27.7071],[153.4053,-27.722],[153.4069,-27.7345],[153.4189,-27.7407],[153.437,-27.7338],[153.4322,-27.7282],[153.4399,-27.7155],[153.4463,-27.7165],[153.4434,-27.7301],[153.4355,-27.7294],[153.4384,-27.7332],[153.454,-27.7288],[153.4587,-27.6706],[153.4809,-27.5808],[153.5272,-27.4616],[153.5467,-27.4351],[153.5433,-27.4253],[153.4832,-27.4156],[153.4558,-27.3883],[153.4398,-27.393]]],[[[153.2906,-27.5302],[153.2953,-27.5315],[153.2908,-27.5269],[153.2906,-27.5302]]],[[[153.3441,-27.5131],[153.3568,-27.5029],[153.3725,-27.5004],[153.3731,-27.4918],[153.3588,-27.4858],[153.3601,-27.4902],[153.3386,-27.4958],[153.3441,-27.5131]]],[[[153.3194,-27.6815],[153.3223,-27.6918],[153.3393,-27.695],[153.3334,-27.6819],[153.3254,-27.6771],[153.3194,-27.6815]]],[[[153.3273,-27.6423],[153.3229,-27.652],[153.3292,-27.6705],[153.3414,-27.6486],[153.3319,-27.6359],[153.3273,-27.6423]]],[[[153.3554,-27.6606],[153.3539,-27.6492],[153.3496,-27.681],[153.3559,-27.6872],[153.3618,-27.684],[153.3554,-27.6606]]],[[[153.3235,-27.61],[153.325,-27.6097],[153.3254,-27.6058],[153.3235,-27.61]]],[[[153.3233,-27.5746],[153.3354,-27.5748],[153.3382,-27.5645],[153.3271,-27.5648],[153.3188,-27.5715],[153.3233,-27.5746]]],[[[153.3352,-27.6241],[153.3471,-27.6385],[153.3517,-27.6352],[153.3394,-27.6205],[153.3352,-27.6241]]],[[[153.3361,-27.6202],[153.3413,-27.6042],[153.3334,-27.6143],[153.3361,-27.6202]]],[[[153.3564,-27.5893],[153.3467,-27.6222],[153.3624,-27.6324],[153.3763,-27.6178],[153.3683,-27.6059],[153.3681,-27.6161],[153.3605,-27.6145],[153.3677,-27.5891],[153.3608,-27.5803],[153.3564,-27.5893]]],[[[153.3949,-27.6622],[153.4108,-27.6501],[153.4021,-27.6522],[153.3949,-27.6622]]],[[[153.2607,-27.485],[153.2416,-27.4807],[153.2405,-27.4649],[153.2371,-27.4776],[153.2283,-27.4831],[153.2073,-27.4818],[153.2012,-27.4728],[153.1874,-27.4847],[153.1927,-27.4948],[153.1844,-27.5027],[153.2015,-27.5128],[153.1856,-27.5204],[153.1856,-27.5285],[153.1719,-27.5364],[153.1748,-27.5425],[153.1829,-27.5416],[153.1822,-27.5497],[153.1918,-27.5595],[153.1819,-27.5623],[153.1825,-27.5738],[153.1718,-27.5911],[153.1721,-27.6012],[153.1836,-27.6128],[153.1738,-27.6343],[153.2807,-27.658],[153.2823,-27.6871],[153.2902,-27.6876],[153.2867,-27.6944],[153.2932,-27.6917],[153.2994,-27.7052],[153.3075,-27.7072],[153.323,-27.6998],[153.3159,-27.68],[153.3208,-27.6743],[153.3081,-27.6564],[153.3151,-27.6394],[153.3126,-27.618],[153.3015,-27.6007],[153.3181,-27.582],[153.3051,-27.5745],[153.3082,-27.5649],[153.2894,-27.5646],[153.2779,-27.5407],[153.2848,-27.5349],[153.2907,-27.511],[153.2616,-27.5162],[153.2607,-27.485]]],[[[153.3808,-27.6216],[153.3742,-27.6217],[153.3724,-27.6308],[153.3862,-27.628],[153.3905,-27.6202],[153.383,-27.6159],[153.3808,-27.6216]]],[[[153.3841,-27.5158],[153.3838,-27.5175],[153.3849,-27.5148],[153.3841,-27.5158]]],[[[153.3802,-27.7081],[153.3976,-27.6964],[153.3883,-27.6574],[153.4058,-27.6423],[153.4159,-27.6418],[153.4036,-27.6342],[153.4011,-27.6448],[153.3903,-27.6414],[153.3895,-27.6462],[153.371,-27.6461],[153.365,-27.6527],[153.3664,-27.6711],[153.3735,-27.6685],[153.3786,-27.6746],[153.3655,-27.6966],[153.3802,-27.7081]]],[[[153.38,-27.639],[153.3603,-27.6364],[153.378,-27.6427],[153.3865,-27.6395],[153.38,-27.639]]]]},"properties":{"lga_code_2023":"36250","lga_name_2023":"Redland","state_code_2021":"3"}},{"type":"Feature","geometry":{"type":"Polygon","coordinates":[[[142.3618,-20.5689],[142.3445,-20.5712],[142.3391,-20.6656],[142.3099,-20.7147],[142.3634,-20.7199],[142.3549,-20.7964],[142.331,-20.7941],[142.3209,-20.8862],[142.3019,-20.8842],[142.2919,-20.9949],[142.2031,-20.9875],[142.1991,-21.0108],[142.2377,-21.0142],[142.2224,-21.1674],[142.2553,-21.1697],[142.2498,-21.2362],[142.1577,-21.2348],[142.0576,-21.2168],[142.0472,-21.2246],[142.1376,-21.3237],[142.064,-21.3801],[142.0917,-21.3826],[142.0803,-21.4883],[142.0376,-21.5201],[142.0734,-21.5235],[142.072,-21.5408],[142.2318,-21.5509],[142.2282,-21.5963],[142.3352,-21.6071],[142.3326,-21.6363],[142.4912,-21.6442],[142.4956,-21.598],[142.6565,-21.6104],[142.6514,-21.6675],[142.7185,-21.6149],[142.694,-21.5879],[142.8154,-21.4931],[142.8621,-21.5451],[142.9424,-21.4817],[142.9533,-21.4938],[143.188,-21.3087],[143.2364,-21.313],[143.2501,-21.1859],[143.2564,-21.1865],[143.2609,-21.1439],[143.2982,-21.1473],[143.3382,-20.8205],[143.4347,-20.8285],[143.4476,-20.7776],[143.4989,-20.7825],[143.5286,-20.7357],[143.5408,-20.6176],[143.5336,-20.611],[143.4762,-20.6062],[143.5147,-20.5432],[143.5562,-20.5222],[143.5819,-20.499],[143.6074,-20.4993],[143.6293,-20.4824],[143.7041,-20.4818],[143.7542,-20.4462],[143.7571,-20.4319],[143.7723,-20.4301],[143.773,-20.4172],[143.7854,-20.4179],[143.7833,-20.4071],[143.7098,-20.3249],[143.7901,-20.2632],[143.74,-20.2061],[143.7109,-20.2292],[143.6257,-20.1479],[143.597,-20.1455],[143.6096,-20.0256],[143.6413,-20.0286],[143.6822,-19.597],[143.6467,-19.5838],[143.619,-19.5599],[143.5905,-19.5073],[143.5653,-19.4856],[143.5355,-19.4718],[143.5077,-19.4839],[143.5132,-19.5053],[143.5014,-19.5244],[143.4663,-19.54],[143.4438,-19.566],[143.4132,-19.5644],[143.3951,-19.5751],[143.3943,-19.5968],[143.3831,-19.6126],[143.3419,-19.6056],[143.333,-19.6211],[143.3058,-19.6395],[143.2896,-19.6697],[143.2872,-19.6873],[143.275,-19.6965],[143.2593,-19.6814],[143.2497,-19.6899],[142.6007,-19.6355],[142.6022,-19.6201],[142.376,-19.6],[142.3493,-19.8592],[142.3794,-19.8617],[142.3359,-20.3304],[142.3807,-20.334],[142.3618,-20.5689]]]},"properties":{"lga_code_2023":"36300","lga_name_2023":"Richmond","state_code_2021":"3"}},{"type":"Feature","geometry":{"type":"Polygon","coordinates":[[[150.5313,-23.2878],[150.5219,-23.278],[150.5088,-23.2816],[150.5046,-23.2919],[150.4934,-23.2917],[150.4855,-23.3013],[150.47,-23.3009],[150.4797,-23.3175],[150.4593,-23.3386],[150.4499,-23.3398],[150.4523,-23.3154],[150.4353,-23.2892],[150.422,-23.2455],[150.3971,-23.241],[150.3663,-23.2666],[150.3421,-23.2461],[150.3442,-23.2379],[150.4016,-23.1918],[150.3838,-23.1785],[150.3831,-23.1672],[150.3931,-23.1581],[150.3844,-23.1427],[150.3676,-23.1469],[150.2977,-23.138],[150.2503,-23.1126],[150.2158,-23.1083],[150.1624,-23.1456],[150.134,-23.1223],[150.1349,-23.0963],[150.1216,-23.0898],[150.1001,-23.0934],[150.0672,-23.0853],[150.0782,-23.0494],[150.0668,-23.036],[150.0331,-23.0444],[150.0241,-23.0734],[149.9946,-23.0869],[149.9609,-23.0769],[149.9255,-23.0568],[149.9332,-23.0137],[149.9102,-23.0081],[149.9013,-22.9963],[149.8797,-22.9882],[149.8663,-22.9941],[149.8506,-22.9868],[149.8411,-23.0001],[149.821,-22.9813],[149.7785,-23.0145],[149.7312,-23.0259],[149.7196,-23.0415],[149.7266,-23.0576],[149.6726,-23.0821],[149.688,-23.0942],[149.7088,-23.0946],[149.7133,-23.1079],[149.6978,-23.1561],[149.6903,-23.1609],[149.6956,-23.1714],[149.6892,-23.1783],[149.693,-23.1907],[149.678,-23.2116],[149.6892,-23.2246],[149.6877,-23.2452],[149.7029,-23.2378],[149.7211,-23.2511],[149.7212,-23.2692],[149.715,-23.2763],[149.7177,-23.3024],[149.7101,-23.3252],[149.7248,-23.329],[149.741,-23.3213],[149.7463,-23.3243],[149.7559,-23.3371],[149.762,-23.3799],[149.7678,-23.3838],[149.7629,-23.3952],[149.7664,-23.4055],[149.7449,-23.4189],[149.7316,-23.441],[149.7541,-23.4594],[149.7567,-23.4796],[149.7627,-23.4766],[149.8008,-23.541],[149.7398,-23.5712],[149.7504,-23.6188],[149.7577,-23.6277],[149.7679,-23.6274],[149.8172,-23.5916],[149.8648,-23.5774],[149.8936,-23.5836],[149.9013,-23.6008],[149.8913,-23.6657],[149.9051,-23.6689],[149.9048,-23.6773],[149.912,-23.6827],[149.9085,-23.6867],[149.921,-23.6926],[149.9247,-23.7085],[149.9376,-23.7097],[149.9435,-23.7275],[149.9793,-23.744],[149.986,-23.7542],[150.005,-23.7403],[149.9973,-23.7139],[150.067,-23.7123],[150.0811,-23.666],[150.1243,-23.6517],[150.1388,-23.6588],[150.1451,-23.6504],[150.173,-23.6539],[150.1884,-23.6518],[150.1891,-23.6471],[150.2383,-23.6515],[150.2493,-23.6568],[150.2492,-23.6651],[150.2622,-23.6682],[150.2528,-23.6768],[150.268,-23.6914],[150.2538,-23.7046],[150.2798,-23.7238],[150.2768,-23.7315],[150.2981,-23.7534],[150.2896,-23.7584],[150.3174,-23.7656],[150.3147,-23.7843],[150.3056,-23.7941],[150.3157,-23.7951],[150.3185,-23.8224],[150.3284,-23.824],[150.3329,-23.8105],[150.3409,-23.8073],[150.3523,-23.8205],[150.3682,-23.8229],[150.3708,-23.8335],[150.3864,-23.8374],[150.3978,-23.8211],[150.4118,-23.8152],[150.4164,-23.8206],[150.4454,-23.8223],[150.4612,-23.8399],[150.4643,-23.8536],[150.4791,-23.8422],[150.485,-23.8502],[150.4953,-23.8449],[150.5024,-23.8498],[150.5336,-23.8495],[150.535,-23.841],[150.5443,-23.838],[150.5437,-23.8275],[150.5534,-23.8236],[150.5947,-23.8259],[150.6069,-23.8379],[150.6268,-23.8424],[150.6332,-23.8368],[150.6461,-23.8386],[150.659,-23.8245],[150.6515,-23.808],[150.6636,-23.7986],[150.6787,-23.7974],[150.6816,-23.7817],[150.7101,-23.7758],[150.7206,-23.7662],[150.7182,-23.7582],[150.7476,-23.7615],[150.7553,-23.769],[150.7693,-23.7585],[150.7722,-23.7412],[150.7911,-23.728],[150.7988,-23.7088],[150.8184,-23.7034],[150.8026,-23.6895],[150.8084,-23.6824],[150.7987,-23.6771],[150.8075,-23.6805],[150.8157,-23.6757],[150.8201,-23.6851],[150.8288,-23.6817],[150.8172,-23.6723],[150.8344,-23.6724],[150.8336,-23.659],[150.8263,-23.6682],[150.8186,-23.6596],[150.8191,-23.6516],[150.8303,-23.6451],[150.833,-23.6548],[150.8403,-23.6521],[150.8368,-23.6392],[150.8199,-23.6365],[150.8235,-23.6306],[150.84,-23.632],[150.8253,-23.6219],[150.8245,-23.6142],[150.8357,-23.6048],[150.8501,-23.6163],[150.8592,-23.6162],[150.8674,-23.5742],[150.8799,-23.5622],[150.8794,-23.5422],[150.846,-23.5365],[150.7924,-23.5064],[150.7728,-23.5066],[150.7287,-23.4916],[150.7057,-23.5058],[150.6811,-23.4981],[150.6495,-23.5178],[150.638,-23.5169],[150.6379,-23.5074],[150.6605,-23.4976],[150.6617,-23.4912],[150.6351,-23.4846],[150.625,-23.4565],[150.6047,-23.4459],[150.5711,-23.3991],[150.5806,-23.3925],[150.5795,-23.3789],[150.5876,-23.3718],[150.5817,-23.3567],[150.5843,-23.3418],[150.6043,-23.3514],[150.6131,-23.3423],[150.6056,-23.3255],[150.6097,-23.3195],[150.5909,-23.2999],[150.5969,-23.2913],[150.5853,-23.2804],[150.5872,-23.2675],[150.5761,-23.2662],[150.5775,-23.257],[150.5687,-23.2559],[150.5585,-23.2768],[150.5383,-23.2783],[150.5313,-23.2878]]]},"properties":{"lga_code_2023":"36370","lga_name_2023":"Rockhampton","state_code_2021":"3"}},{"type":"Feature","geometry":{"type":"Polygon","coordinates":[[[152.9826,-27.9241],[152.9592,-27.9211],[152.9548,-27.903],[152.9493,-27.9016],[152.9514,-27.8856],[152.9426,-27.8621],[152.952,-27.8577],[152.9458,-27.8428],[152.931,-27.8399],[152.8974,-27.8576],[152.8926,-27.8505],[152.8724,-27.8504],[152.8751,-27.8556],[152.8603,-27.8571],[152.8629,-27.8606],[152.8457,-27.8684],[152.8202,-27.8657],[152.8136,-27.8553],[152.8171,-27.8483],[152.8004,-27.8436],[152.8056,-27.817],[152.7958,-27.8154],[152.8025,-27.7984],[152.7607,-27.7853],[152.7578,-27.7673],[152.7075,-27.7583],[152.7044,-27.7496],[152.6675,-27.75],[152.6686,-27.7433],[152.656,-27.7383],[152.6076,-27.7371],[152.6058,-27.725],[152.5798,-27.7236],[152.5807,-27.7191],[152.5296,-27.7169],[152.523,-27.7269],[152.5193,-27.7612],[152.499,-27.7583],[152.4945,-27.7834],[152.4674,-27.7831],[152.4623,-27.8026],[152.4512,-27.802],[152.4434,-27.8448],[152.4285,-27.8405],[152.4193,-27.8655],[152.4024,-27.8637],[152.4116,-27.8834],[152.4051,-27.9177],[152.4159,-27.9446],[152.4022,-27.9592],[152.4014,-27.9722],[152.3828,-27.9788],[152.3749,-28.0127],[152.3903,-28.0309],[152.395,-28.049],[152.39,-28.0595],[152.4163,-28.0698],[152.4185,-28.0885],[152.4083,-28.0995],[152.4115,-28.1133],[152.434,-28.131],[152.4355,-28.1563],[152.4465,-28.1639],[152.4421,-28.179],[152.4554,-28.1954],[152.4709,-28.195],[152.4732,-28.2053],[152.4586,-28.2266],[152.4741,-28.234],[152.4763,-28.2282],[152.4824,-28.2295],[152.4926,-28.2425],[152.4876,-28.2535],[152.5093,-28.2492],[152.5217,-28.2607],[152.534,-28.2627],[152.5259,-28.306],[152.547,-28.3205],[152.5549,-28.319],[152.5547,-28.3255],[152.5723,-28.3268],[152.5795,-28.3392],[152.6018,-28.3073],[152.5996,-28.2837],[152.6142,-28.2695],[152.6241,-28.2983],[152.6397,-28.3122],[152.6675,-28.3117],[152.6795,-28.3306],[152.6864,-28.3291],[152.7076,-28.3443],[152.7231,-28.3441],[152.7509,-28.3639],[152.761,-28.3602],[152.7598,-28.3525],[152.7774,-28.346],[152.8043,-28.3536],[152.8314,-28.3197],[152.8402,-28.3216],[152.8494,-28.3112],[152.8804,-28.3098],[152.8999,-28.3254],[152.9343,-28.3377],[152.9732,-28.3318],[152.9961,-28.34],[153.0222,-28.338],[153.0381,-28.3434],[153.0449,-28.339],[153.0793,-28.354],[153.1077,-28.3585],[153.1302,-28.3303],[153.125,-28.3178],[153.1433,-28.3122],[153.1425,-28.3053],[153.1551,-28.2961],[153.1677,-28.2955],[153.1612,-28.2794],[153.1752,-28.2742],[153.1715,-28.2592],[153.1767,-28.2496],[153.1882,-28.2475],[153.1995,-28.2565],[153.2085,-28.2506],[153.189,-28.204],[153.1935,-28.1916],[153.1839,-28.1925],[153.1987,-28.1633],[153.1948,-28.1575],[153.2008,-28.1192],[153.2141,-28.1174],[153.2157,-28.1085],[153.2213,-28.1114],[153.2324,-28.0853],[153.2134,-28.0803],[153.2202,-28.0649],[153.216,-28.06],[153.2251,-28.0612],[153.2287,-28.0551],[153.2389,-28.0112],[153.2178,-28.0082],[153.2205,-27.9944],[153.2107,-27.993],[153.2007,-27.981],[153.2251,-27.9817],[153.2202,-27.9763],[153.2242,-27.9541],[153.2199,-27.9474],[153.2066,-27.9492],[153.2155,-27.9028],[153.1807,-27.8951],[153.1889,-27.8551],[153.1811,-27.8539],[153.1806,-27.8412],[153.1729,-27.8344],[153.1508,-27.85],[153.1577,-27.8593],[153.1377,-27.8523],[153.1324,-27.8551],[153.134,-27.8628],[153.1231,-27.8663],[153.1144,-27.8606],[153.1051,-27.867],[153.1021,-27.8793],[153.1116,-27.8832],[153.1014,-27.8875],[153.0977,-27.8994],[153.1063,-27.9114],[153.094,-27.9182],[153.0955,-27.9239],[153.0849,-27.9334],[153.0697,-27.9386],[153.0474,-27.9356],[153.0486,-27.9238],[153.031,-27.9157],[153.0315,-27.9026],[153.0175,-27.9001],[153.0127,-27.9206],[152.9846,-27.9119],[152.9826,-27.9241]]]},"properties":{"lga_code_2023":"36510","lga_name_2023":"Scenic Rim","state_code_2021":"3"}},{"type":"Feature","geometry":{"type":"Polygon","coordinates":[[[152.2343,-27.215],[152.2255,-27.2287],[152.2009,-27.2434],[152.1909,-27.2421],[152.1887,-27.2549],[152.1717,-27.2543],[152.177,-27.2638],[152.1625,-27.2566],[152.152,-27.2694],[152.1644,-27.2889],[152.1841,-27.2705],[152.1964,-27.2722],[152.1964,-27.2829],[152.2062,-27.292],[152.1901,-27.3204],[152.2015,-27.322],[152.1914,-27.3661],[152.2015,-27.3597],[152.1917,-27.3868],[152.261,-27.3926],[152.2582,-27.4091],[152.2629,-27.4161],[152.2913,-27.4002],[152.2943,-27.4274],[152.3103,-27.4293],[152.3154,-27.3988],[152.3734,-27.402],[152.4016,-27.415],[152.3995,-27.4284],[152.4141,-27.4302],[152.4091,-27.4366],[152.4356,-27.4401],[152.4358,-27.4579],[152.4454,-27.4591],[152.4513,-27.4675],[152.4646,-27.4678],[152.4773,-27.4788],[152.4803,-27.483],[152.4722,-27.4867],[152.4777,-27.4962],[152.4741,-27.5079],[152.4993,-27.5117],[152.4924,-27.5512],[152.5187,-27.552],[152.5138,-27.5663],[152.5648,-27.5693],[152.5703,-27.5451],[152.5974,-27.5548],[152.6179,-27.546],[152.6481,-27.5509],[152.6513,-27.533],[152.6702,-27.5393],[152.6895,-27.5259],[152.6911,-27.5177],[152.7061,-27.5157],[152.7063,-27.5067],[152.727,-27.5063],[152.721,-27.4924],[152.738,-27.4946],[152.7423,-27.4881],[152.7379,-27.461],[152.7441,-27.4601],[152.7474,-27.4409],[152.7409,-27.4274],[152.7481,-27.4155],[152.7472,-27.4071],[152.7414,-27.4062],[152.7421,-27.3917],[152.7329,-27.396],[152.7332,-27.3666],[152.722,-27.3651],[152.7239,-27.354],[152.7078,-27.3518],[152.6995,-27.361],[152.6923,-27.36],[152.6864,-27.3732],[152.6797,-27.3723],[152.6842,-27.3488],[152.7173,-27.3306],[152.7196,-27.3235],[152.7485,-27.3188],[152.757,-27.3019],[152.7457,-27.2933],[152.7326,-27.2972],[152.714,-27.2896],[152.704,-27.2926],[152.7049,-27.2773],[152.6857,-27.2745],[152.6812,-27.2627],[152.6909,-27.236],[152.7022,-27.2264],[152.7017,-27.2026],[152.7336,-27.1715],[152.7291,-27.1638],[152.7393,-27.1509],[152.7281,-27.1219],[152.7345,-27.1023],[152.6811,-27.0953],[152.6765,-27.09],[152.6871,-27.0824],[152.6777,-27.057],[152.6952,-27.059],[152.6891,-27.0483],[152.6982,-27.0423],[152.7035,-27.0248],[152.6834,-26.9928],[152.6893,-26.9845],[152.6799,-26.9784],[152.6852,-26.9657],[152.6648,-26.9691],[152.6677,-26.9591],[152.6513,-26.9553],[152.6676,-26.9436],[152.673,-26.9226],[152.6874,-26.9137],[152.6608,-26.9099],[152.6674,-26.8962],[152.6886,-26.8969],[152.6899,-26.8915],[152.6665,-26.8395],[152.6785,-26.8304],[152.6791,-26.8222],[152.6718,-26.8198],[152.6813,-26.8099],[152.6791,-26.7969],[152.669,-26.7898],[152.6673,-26.773],[152.6543,-26.7682],[152.6443,-26.7737],[152.6391,-26.7618],[152.6025,-26.7579],[152.5833,-26.7404],[152.5868,-26.7335],[152.5794,-26.7162],[152.5651,-26.7072],[152.5513,-26.707],[152.558,-26.6898],[152.5522,-26.6809],[152.5832,-26.6454],[152.5878,-26.614],[152.5841,-26.5967],[152.574,-26.5955],[152.5752,-26.584],[152.5625,-26.5832],[152.554,-26.5726],[152.5115,-26.5674],[152.5191,-26.5882],[152.457,-26.5809],[152.4585,-26.571],[152.4491,-26.5698],[152.4509,-26.5584],[152.4402,-26.5569],[152.4496,-26.5309],[152.4434,-26.528],[152.437,-26.5381],[152.4353,-26.5285],[152.4476,-26.4842],[152.4386,-26.4862],[152.4428,-26.4602],[152.4207,-26.4675],[152.4121,-26.4645],[152.4027,-26.474],[152.3901,-26.4761],[152.3644,-26.4631],[152.316,-26.4809],[152.3046,-26.4661],[152.2781,-26.4528],[152.2671,-26.4692],[152.2588,-26.4702],[152.2531,-26.4846],[152.2292,-26.4927],[152.234,-26.4955],[152.2312,-26.5074],[152.2213,-26.5039],[152.2136,-26.5131],[152.1667,-26.4745],[152.1558,-26.4748],[152.1499,-26.4827],[152.1359,-26.4801],[152.1365,-26.495],[152.1257,-26.5066],[152.1318,-26.5218],[152.1264,-26.5316],[152.1359,-26.5608],[152.1316,-26.5785],[152.1432,-26.5927],[152.1303,-26.6004],[152.1359,-26.6142],[152.1283,-26.6271],[152.1308,-26.6388],[152.1196,-26.6374],[152.1182,-26.6435],[152.074,-26.6649],[152.0756,-26.6854],[152.0844,-26.6969],[152.101,-26.7033],[152.1023,-26.7096],[152.1134,-26.707],[152.1343,-26.7306],[152.1331,-26.7413],[152.1456,-26.7369],[152.1424,-26.7268],[152.153,-26.7276],[152.151,-26.7405],[152.1639,-26.7421],[152.1555,-26.7533],[152.1558,-26.7688],[152.179,-26.7838],[152.1705,-26.7968],[152.1764,-26.8091],[152.1741,-26.8214],[152.1901,-26.8236],[152.181,-26.8466],[152.1886,-26.8774],[152.1726,-26.8752],[152.167,-26.8671],[152.147,-26.8791],[152.1379,-26.8979],[152.1499,-26.9046],[152.1437,-26.9112],[152.1452,-26.9267],[152.1254,-26.9542],[152.1516,-26.9712],[152.1679,-26.9688],[152.1694,-26.9793],[152.1832,-26.9776],[152.1747,-26.9822],[152.1849,-26.9852],[152.1733,-26.9893],[152.1888,-26.9939],[152.1866,-27.0067],[152.221,-27.0222],[152.193,-27.0229],[152.1992,-27.0278],[152.1947,-27.0565],[152.2274,-27.061],[152.2145,-27.0695],[152.218,-27.0783],[152.1913,-27.0723],[152.1852,-27.0614],[152.1823,-27.0901],[152.1536,-27.1131],[152.134,-27.1416],[152.1885,-27.1691],[152.1802,-27.1803],[152.1616,-27.189],[152.1589,-27.2064],[152.1728,-27.2113],[152.18,-27.2051],[152.2151,-27.209],[152.2205,-27.2013],[152.2361,-27.2037],[152.2343,-27.215]]]},"properties":{"lga_code_2023":"36580","lga_name_2023":"Somerset","state_code_2021":"3"}},{"type":"Feature","geometry":{"type":"Polygon","coordinates":[[[151.1252,-26.3193],[151.1149,-26.3793],[151.077,-26.4628],[151.2077,-26.4788],[151.2042,-26.5009],[151.2122,-26.514],[151.2297,-26.5271],[151.2379,-26.5227],[151.2467,-26.5265],[151.2497,-26.5424],[151.2576,-26.5482],[151.2875,-26.5449],[151.2877,-26.5574],[151.3138,-26.591],[151.3228,-26.5858],[151.3335,-26.6017],[151.3498,-26.6082],[151.3519,-26.6172],[151.3687,-26.6243],[151.3711,-26.632],[151.3786,-26.6296],[151.3948,-26.6388],[151.4086,-26.6574],[151.4072,-26.674],[151.3919,-26.6842],[151.417,-26.698],[151.4132,-26.7252],[151.4208,-26.746],[151.4557,-26.7601],[151.4738,-26.7603],[151.4826,-26.7543],[151.4937,-26.7628],[151.5198,-26.7666],[151.5165,-26.7826],[151.5216,-26.7933],[151.5164,-26.7991],[151.5682,-26.8533],[151.5774,-26.8801],[151.5989,-26.8855],[151.6202,-26.9003],[151.6302,-26.8989],[151.6515,-26.915],[151.666,-26.9105],[151.7,-26.9385],[151.7218,-26.9475],[151.7587,-26.9473],[151.7929,-26.9306],[151.8133,-26.9326],[151.8434,-26.8976],[151.8865,-26.8794],[151.8969,-26.8667],[151.9019,-26.8371],[151.9221,-26.8217],[151.9331,-26.8014],[151.9735,-26.806],[151.9793,-26.7866],[151.9966,-26.7831],[152.0077,-26.7694],[152.0158,-26.7792],[152.0322,-26.7827],[152.0524,-26.7668],[152.0517,-26.7771],[152.0639,-26.7785],[152.0597,-26.7991],[152.0729,-26.8182],[152.0638,-26.8203],[152.0599,-26.8381],[152.0417,-26.8441],[152.0341,-26.8541],[152.0759,-26.861],[152.0626,-26.8768],[152.0677,-26.8986],[152.0506,-26.9193],[152.0711,-26.9271],[152.108,-26.9032],[152.1247,-26.9003],[152.136,-26.9061],[152.147,-26.8791],[152.167,-26.8671],[152.1726,-26.8752],[152.1886,-26.8774],[152.181,-26.8466],[152.1901,-26.8236],[152.1741,-26.8214],[152.1764,-26.8091],[152.1705,-26.7968],[152.179,-26.7838],[152.1558,-26.7688],[152.1555,-26.7533],[152.1639,-26.7421],[152.151,-26.7405],[152.153,-26.7276],[152.1424,-26.7268],[152.1456,-26.7369],[152.1331,-26.7413],[152.1343,-26.7306],[152.1134,-26.707],[152.1023,-26.7096],[152.101,-26.7033],[152.0844,-26.6969],[152.0756,-26.6854],[152.0734,-26.6684],[152.0815,-26.6577],[152.1058,-26.6506],[152.1196,-26.6374],[152.1308,-26.6388],[152.1283,-26.6271],[152.1359,-26.6142],[152.1303,-26.6004],[152.1432,-26.5927],[152.1316,-26.5785],[152.1359,-26.5608],[152.1257,-26.5066],[152.1365,-26.495],[152.1359,-26.4801],[152.1499,-26.4827],[152.1558,-26.4748],[152.1677,-26.4754],[152.1721,-26.4299],[152.1672,-26.4167],[152.1594,-26.4155],[152.1487,-26.4014],[152.1413,-26.4067],[152.1343,-26.397],[152.1219,-26.3935],[152.1211,-26.3773],[152.0964,-26.3735],[152.0727,-26.3592],[152.0688,-26.3831],[152.0039,-26.3751],[152.001,-26.3626],[152.0126,-26.3556],[152.0092,-26.3493],[152.0507,-26.3541],[152.0638,-26.3426],[152.0797,-26.2876],[152.0662,-26.2754],[152.0614,-26.243],[152.0519,-26.2369],[152.0401,-26.2454],[152.0202,-26.2254],[152.0089,-26.2286],[152.0025,-26.2187],[152.0106,-26.1989],[151.9906,-26.1754],[151.976,-26.1736],[151.9751,-26.1334],[151.9564,-26.129],[151.9522,-26.1168],[151.9669,-26.1154],[151.9846,-26.0989],[151.9353,-26.0922],[151.9404,-26.062],[151.9354,-26.0547],[151.9456,-26.052],[151.9477,-26.0431],[151.9366,-26.0295],[151.939,-26.0205],[151.8343,-26.0075],[151.832,-26.0231],[151.8115,-26.0207],[151.8183,-26.0078],[151.8066,-26.0058],[151.8133,-25.9549],[151.7633,-25.9493],[151.7543,-25.9468],[151.7494,-25.9345],[151.7346,-25.9386],[151.6917,-25.918],[151.6574,-25.9122],[151.6619,-25.897],[151.6505,-25.8816],[151.6537,-25.8731],[151.6354,-25.8713],[151.615,-25.8542],[151.5892,-25.8652],[151.5788,-25.8592],[151.5195,-25.855],[151.5079,-25.9096],[151.4992,-25.9101],[151.4877,-25.8939],[151.4814,-25.9019],[151.4909,-25.91],[151.4872,-25.9193],[151.4974,-25.9182],[151.5049,-25.9254],[151.5019,-25.9507],[151.4875,-25.9654],[151.4896,-25.9732],[151.4807,-25.99],[151.473,-25.9899],[151.4731,-26.002],[151.3821,-26.0096],[151.355,-26.006],[151.34,-26.0118],[151.3239,-26.0257],[151.3319,-26.0414],[151.2986,-26.0735],[151.11,-26.0428],[151.1082,-26.0626],[151.0999,-26.0754],[151.1162,-26.0765],[151.1144,-26.0908],[151.0788,-26.0967],[151.1154,-26.1187],[151.1344,-26.1053],[151.1499,-26.1054],[151.1595,-26.1208],[151.1565,-26.136],[151.162,-26.1495],[151.1424,-26.1598],[151.1159,-26.1409],[151.0987,-26.1499],[151.0998,-26.1603],[151.0764,-26.1618],[151.0733,-26.1728],[151.0229,-26.195],[151.0132,-26.1919],[151.0167,-26.2562],[151.0659,-26.2546],[151.1357,-26.2631],[151.1252,-26.3193]],[[151.9011,-26.3039],[151.8864,-26.3014],[151.8981,-26.2933],[151.9019,-26.2777],[151.9161,-26.2805],[151.9142,-26.2652],[151.9209,-26.2575],[151.9324,-26.2647],[151.9402,-26.2563],[151.9476,-26.2622],[151.9385,-26.2726],[151.9533,-26.2728],[151.9539,-26.2621],[151.9705,-26.2689],[151.9587,-26.288],[151.9666,-26.295],[151.972,-26.2891],[151.9786,-26.2926],[151.9705,-26.3054],[151.9791,-26.3148],[151.9692,-26.3187],[151.9674,-26.3117],[151.9011,-26.3039]]]},"properties":{"lga_code_2023":"36630","lga_name_2023":"South Burnett","state_code_2021":"3"}},{"type":"Feature","geometry":{"type":"Polygon","coordinates":[[[151.5237,-28.27],[151.5455,-28.2877],[151.588,-28.2742],[151.6297,-28.2742],[151.6425,-28.2808],[151.6406,-28.2865],[151.6524,-28.3021],[151.6784,-28.3012],[151.7019,-28.3197],[151.7101,-28.3378],[151.6934,-28.3516],[151.7022,-28.3918],[151.6957,-28.4055],[151.6816,-28.4086],[151.6787,-28.4284],[151.6622,-28.4436],[151.6506,-28.4425],[151.6393,-28.4529],[151.6467,-28.4932],[151.6402,-28.5242],[151.6161,-28.5454],[151.5951,-28.5516],[151.6052,-28.5753],[151.5996,-28.5852],[151.5818,-28.5862],[151.5619,-28.6206],[151.5459,-28.6244],[151.5463,-28.6371],[151.5321,-28.648],[151.5256,-28.6787],[151.4962,-28.7148],[151.4738,-28.7314],[151.4784,-28.7448],[151.4536,-28.7594],[151.4506,-28.7718],[151.4353,-28.7872],[151.4271,-28.7859],[151.4191,-28.7941],[151.4181,-28.8161],[151.393,-28.8345],[151.3826,-28.8747],[151.3815,-28.8914],[151.3878,-28.9013],[151.3786,-28.9281],[151.3828,-28.9692],[151.3782,-28.9923],[151.3711,-29.0025],[151.3632,-29.0027],[151.3659,-29.0202],[151.3508,-29.0299],[151.3609,-29.0469],[151.3759,-29.0493],[151.3755,-29.0589],[151.3843,-29.0621],[151.3855,-29.055],[151.3991,-29.0536],[151.4339,-29.068],[151.4427,-29.0637],[151.4502,-29.0427],[151.4435,-29.0252],[151.4581,-28.9988],[151.5051,-29.0097],[151.5373,-28.9798],[151.5451,-28.9531],[151.5667,-28.9418],[151.5789,-28.9441],[151.5885,-28.9321],[151.6098,-28.9235],[151.6352,-28.9296],[151.6442,-28.9174],[151.666,-28.9056],[151.6748,-28.9077],[151.6864,-28.889],[151.6958,-28.8885],[151.7092,-28.8708],[151.7132,-28.8755],[151.7264,-28.867],[151.7339,-28.8715],[151.7318,-28.8824],[151.7409,-28.8975],[151.7424,-28.9185],[151.7733,-28.9381],[151.7706,-28.9558],[151.7769,-28.959],[151.8069,-28.9453],[151.8146,-28.9506],[151.8133,-28.9598],[151.8307,-28.9617],[151.8399,-28.9428],[151.8352,-28.9321],[151.8382,-28.9164],[151.8498,-28.9076],[151.9003,-28.9147],[151.9137,-28.9201],[151.9163,-28.9293],[151.9685,-28.9167],[151.9963,-28.8948],[152.0016,-28.9085],[152.0107,-28.9067],[152.0375,-28.8644],[152.0376,-28.8516],[152.026,-28.8582],[152.0149,-28.8502],[152.0169,-28.8379],[152.0334,-28.8281],[152.0366,-28.8178],[152.0378,-28.7974],[152.0321,-28.7909],[152.0405,-28.7822],[152.0361,-28.7573],[152.0477,-28.7404],[152.0423,-28.7318],[152.076,-28.7083],[152.0661,-28.6976],[152.0664,-28.6812],[152.0525,-28.6822],[152.0391,-28.6646],[152.0105,-28.665],[151.991,-28.6246],[151.9921,-28.5949],[151.9859,-28.5821],[151.9573,-28.5647],[151.9554,-28.5192],[151.9826,-28.5033],[151.9888,-28.5256],[152.0167,-28.5252],[152.0456,-28.4952],[152.0671,-28.4852],[152.0697,-28.4685],[152.1212,-28.4626],[152.1601,-28.4333],[152.1843,-28.439],[152.1902,-28.434],[152.2172,-28.4491],[152.2667,-28.3907],[152.2886,-28.3915],[152.3094,-28.3628],[152.3419,-28.368],[152.3566,-28.3612],[152.388,-28.3675],[152.4164,-28.335],[152.4106,-28.3204],[152.4152,-28.2981],[152.4429,-28.2984],[152.4613,-28.2609],[152.4838,-28.2577],[152.4926,-28.2425],[152.4824,-28.2295],[152.4763,-28.2282],[152.4741,-28.234],[152.4586,-28.2266],[152.4732,-28.2053],[152.4709,-28.195],[152.4558,-28.1956],[152.4476,-28.1893],[152.4418,-28.1777],[152.4465,-28.1639],[152.4355,-28.1563],[152.434,-28.131],[152.412,-28.1145],[152.4083,-28.0995],[152.4185,-28.0885],[152.4163,-28.0698],[152.39,-28.0593],[152.395,-28.049],[152.3903,-28.0309],[152.3749,-28.0127],[152.378,-27.9906],[152.3891,-27.9741],[152.3823,-27.9656],[152.3431,-27.961],[152.3163,-27.9656],[152.2935,-27.956],[152.2936,-27.961],[152.2699,-27.969],[152.2514,-27.9548],[152.2505,-27.9602],[152.2037,-27.943],[152.1638,-27.9557],[152.1482,-27.9367],[152.1392,-27.9442],[152.1067,-27.9397],[152.0744,-27.9613],[152.0254,-27.9546],[152.024,-27.9631],[151.9954,-27.9594],[151.9984,-27.9704],[151.976,-27.9674],[151.9735,-27.98],[151.9221,-27.9731],[151.9191,-27.99],[151.9092,-27.9849],[151.9073,-27.9918],[151.9171,-28.0126],[151.8078,-27.997],[151.8063,-28.0061],[151.7926,-28],[151.7851,-28.0102],[151.7904,-28.0148],[151.7776,-28.0233],[151.7647,-28.0031],[151.7574,-28.0056],[151.7221,-27.9919],[151.5434,-27.9741],[151.5365,-28.0191],[151.5071,-28.0156],[151.4956,-28.0896],[151.4723,-28.0872],[151.4637,-28.0927],[151.4598,-28.107],[151.4456,-28.1049],[151.4392,-28.1359],[151.4411,-28.1518],[151.4641,-28.1795],[151.4807,-28.1894],[151.4772,-28.2073],[151.4822,-28.2215],[151.5032,-28.2335],[151.509,-28.2585],[151.5237,-28.27]]]},"properties":{"lga_code_2023":"36660","lga_name_2023":"Southern Downs","state_code_2021":"3"}},{"type":"Feature","geometry":{"type":"MultiPolygon","coordinates":[[[[153.1241,-26.6823],[153.1086,-26.6702],[153.0987,-26.6426],[153.1026,-26.5465],[153.0927,-26.5318],[153.0956,-26.4986],[153.0806,-26.4956],[153.083,-26.4826],[153.0694,-26.4803],[153.0802,-26.458],[153.0547,-26.4525],[153.0641,-26.4387],[153.0609,-26.4324],[153.05,-26.4309],[153.0481,-26.4425],[153.0244,-26.4454],[152.9955,-26.4322],[152.9664,-26.432],[152.965,-26.4403],[152.9463,-26.4372],[152.945,-26.4446],[152.9218,-26.443],[152.9202,-26.4527],[152.913,-26.4475],[152.8924,-26.455],[152.8859,-26.4671],[152.8708,-26.4655],[152.8693,-26.4742],[152.8351,-26.4882],[152.827,-26.4994],[152.8133,-26.4973],[152.8043,-26.4715],[152.768,-26.4703],[152.7655,-26.4636],[152.7565,-26.4737],[152.7654,-26.4758],[152.7656,-26.4825],[152.7449,-26.4989],[152.7433,-26.5072],[152.7621,-26.5106],[152.7597,-26.525],[152.7682,-26.5282],[152.7676,-26.5369],[152.7585,-26.5364],[152.7538,-26.5499],[152.7284,-26.537],[152.7122,-26.5462],[152.7084,-26.5599],[152.6813,-26.5825],[152.6805,-26.5977],[152.6603,-26.5971],[152.6256,-26.582],[152.6063,-26.5843],[152.6031,-26.578],[152.5944,-26.5847],[152.5788,-26.5811],[152.574,-26.5955],[152.5841,-26.5967],[152.5878,-26.614],[152.5832,-26.6454],[152.5522,-26.6809],[152.558,-26.6898],[152.5509,-26.7036],[152.5794,-26.7162],[152.5868,-26.7335],[152.5833,-26.7404],[152.6025,-26.7579],[152.6391,-26.7618],[152.6443,-26.7737],[152.6615,-26.7692],[152.6717,-26.7936],[152.6988,-26.803],[152.6964,-26.8091],[152.7222,-26.8068],[152.7291,-26.8166],[152.7336,-26.8073],[152.7392,-26.808],[152.7495,-26.8163],[152.7531,-26.7974],[152.7592,-26.8031],[152.7611,-26.7924],[152.7765,-26.7955],[152.7772,-26.8095],[152.7894,-26.8096],[152.7867,-26.8223],[152.7919,-26.8273],[152.8125,-26.8281],[152.8321,-26.8564],[152.854,-26.8559],[152.8517,-26.8652],[152.8695,-26.8729],[152.8668,-26.8889],[152.8555,-26.8874],[152.8553,-26.9019],[152.8611,-26.9027],[152.8595,-26.9113],[152.8754,-26.9135],[152.8725,-26.9305],[152.8608,-26.9359],[152.858,-26.9562],[152.8912,-26.9608],[152.9173,-26.9547],[152.9215,-26.9606],[152.9519,-26.9661],[152.9666,-26.9788],[152.975,-26.9744],[152.9756,-26.9847],[153.003,-26.9848],[153.0179,-26.9784],[153.0185,-26.9664],[153.065,-26.9763],[153.0664,-26.9651],[153.0431,-26.9462],[153.062,-26.9283],[153.0611,-26.8929],[153.0709,-26.9091],[153.082,-26.8957],[153.1089,-26.8868],[153.1094,-26.8414],[153.1194,-26.8333],[153.1246,-26.8066],[153.1347,-26.8094],[153.1514,-26.8022],[153.137,-26.7734],[153.1394,-26.6792],[153.1241,-26.6823]]],[[[153.0679,-26.9728],[153.0695,-26.9732],[153.0685,-26.972],[153.0679,-26.9728]]],[[[153.0694,-26.9773],[153.0684,-26.9737],[153.0664,-26.9772],[153.0694,-26.9773]]],[[[153.0568,-26.9767],[153.0584,-26.9774],[153.0577,-26.9759],[153.0568,-26.9767]]],[[[153.0597,-26.9119],[153.0659,-26.9088],[153.0633,-26.9043],[153.0597,-26.9119]]],[[[153.0631,-26.9159],[153.0648,-26.9122],[153.0625,-26.9133],[153.0631,-26.9159]]],[[[153.0661,-26.9208],[153.0651,-26.9241],[153.067,-26.9196],[153.0661,-26.9208]]],[[[153.1158,-26.6147],[153.1131,-26.6141],[153.1148,-26.6153],[153.1158,-26.6147]]],[[[153.1113,-26.8785],[153.1121,-26.8813],[153.1133,-26.8786],[153.1113,-26.8785]]],[[[153.1117,-26.8847],[153.1126,-26.8839],[153.1113,-26.8837],[153.1117,-26.8847]]],[[[153.0775,-26.9525],[153.0726,-26.9548],[153.0754,-26.9591],[153.0775,-26.9525]]],[[[153.0728,-26.9297],[153.074,-26.9374],[153.0741,-26.9268],[153.0728,-26.9297]]],[[[153.1004,-26.8947],[153.1104,-26.8888],[153.1036,-26.8917],[153.1004,-26.8947]]],[[[153.0837,-26.8989],[153.0873,-26.8969],[153.0852,-26.8969],[153.0837,-26.8989]]],[[[153.0973,-26.894],[153.0962,-26.8945],[153.1002,-26.8936],[153.0973,-26.894]]],[[[153.0872,-26.8995],[153.0894,-26.8981],[153.0875,-26.8983],[153.0872,-26.8995]]],[[[153.0927,-26.8978],[153.0938,-26.8983],[153.0943,-26.8976],[153.0927,-26.8978]]],[[[153.1257,-26.9425],[153.1471,-26.9373],[153.1305,-26.8724],[153.1312,-26.8096],[153.1249,-26.8464],[153.1299,-26.8739],[153.0799,-26.9044],[153.0752,-26.9197],[153.0845,-26.9317],[153.0833,-26.9398],[153.0907,-26.9439],[153.087,-26.9519],[153.1257,-26.9425]]],[[[153.1182,-26.8604],[153.1197,-26.8659],[153.123,-26.865],[153.1182,-26.8604]]],[[[153.1216,-26.8727],[153.1246,-26.8703],[153.1219,-26.8696],[153.1216,-26.8727]]],[[[153.1194,-26.8769],[153.1212,-26.8757],[153.1202,-26.8735],[153.1194,-26.8769]]],[[[153.121,-26.8438],[153.1229,-26.8431],[153.1224,-26.8419],[153.121,-26.8438]]]]},"properties":{"lga_code_2023":"36720","lga_name_2023":"Sunshine Coast","state_code_2021":"3"}},{"type":"Feature","geometry":{"type":"Polygon","coordinates":[[[145.4371,-17.3033],[145.4211,-17.3092],[145.4166,-17.3252],[145.4205,-17.3314],[145.4079,-17.332],[145.3975,-17.3534],[145.36,-17.3665],[145.3589,-17.3845],[145.3105,-17.3898],[145.3055,-17.411],[145.2586,-17.413],[145.264,-17.4187],[145.2456,-17.4319],[145.2499,-17.4459],[145.2295,-17.465],[145.225,-17.4888],[145.2293,-17.5056],[145.2218,-17.507],[145.2243,-17.5286],[145.1841,-17.5148],[145.1554,-17.5386],[145.1279,-17.535],[145.1172,-17.5392],[145.1129,-17.5501],[145.0596,-17.5654],[145.0506,-17.5788],[145.0483,-17.601],[145.0212,-17.616],[144.9974,-17.6047],[144.9908,-17.6288],[144.9734,-17.6441],[144.9759,-17.6576],[144.9682,-17.6689],[144.9748,-17.6875],[144.9509,-17.7203],[144.9514,-17.7289],[144.9661,-17.7444],[144.9431,-17.7687],[144.9384,-17.7881],[144.9144,-17.797],[144.916,-17.8159],[144.9087,-17.824],[144.9003,-17.8233],[144.8946,-17.8363],[144.8972,-17.8454],[144.9079,-17.8488],[144.9,-17.8521],[144.9068,-17.8654],[144.896,-17.8596],[144.8807,-17.8648],[144.868,-17.901],[144.8766,-17.9551],[144.8593,-17.9693],[144.8558,-17.9802],[144.8766,-18.0299],[144.8676,-18.0579],[144.8714,-18.0773],[144.8637,-18.1129],[144.8576,-18.1267],[144.8137,-18.1461],[144.8144,-18.1321],[144.8024,-18.1269],[144.8037,-18.1096],[144.7897,-18.1089],[144.7623,-18.1295],[144.7482,-18.246],[144.7408,-18.3186],[144.7601,-18.3563],[144.7926,-18.3586],[144.8272,-18.3719],[144.8552,-18.3696],[144.8382,-18.4372],[144.8367,-18.4932],[144.8805,-18.4975],[144.8782,-18.518],[144.9241,-18.5229],[144.9218,-18.5015],[144.9516,-18.5043],[144.9471,-18.498],[144.9513,-18.4772],[144.9619,-18.4859],[144.9689,-18.4691],[144.974,-18.4894],[144.982,-18.4947],[144.9811,-18.5071],[145.0477,-18.5135],[145.0504,-18.5354],[145.0563,-18.5403],[145.0536,-18.5491],[145.1013,-18.5685],[145.1194,-18.5559],[145.1279,-18.5576],[145.1342,-18.5777],[145.1597,-18.5345],[145.1825,-18.5114],[145.1842,-18.4948],[145.1727,-18.4892],[145.1781,-18.4791],[145.1857,-18.4798],[145.18,-18.4461],[145.1835,-18.4317],[145.1643,-18.4151],[145.1613,-18.3907],[145.1397,-18.3908],[145.1328,-18.3797],[145.1345,-18.3619],[145.1399,-18.3577],[145.1557,-18.3649],[145.1666,-18.3468],[145.2679,-18.355],[145.26,-18.4273],[145.2865,-18.43],[145.2791,-18.4396],[145.3024,-18.4556],[145.297,-18.4642],[145.384,-18.5704],[145.3904,-18.565],[145.4942,-18.577],[145.4997,-18.4624],[145.7147,-18.4887],[145.708,-18.4709],[145.7309,-18.4641],[145.7292,-18.4535],[145.7361,-18.4573],[145.755,-18.4385],[145.76,-18.4239],[145.7558,-18.4081],[145.7692,-18.4094],[145.7578,-18.3959],[145.7468,-18.3953],[145.7443,-18.3735],[145.7181,-18.357],[145.7866,-18.3042],[145.7955,-18.3086],[145.8096,-18.3046],[145.8152,-18.2857],[145.7995,-18.2681],[145.8073,-18.2456],[145.8006,-18.2337],[145.7931,-18.2325],[145.7956,-18.2226],[145.7802,-18.2033],[145.7876,-18.1904],[145.7844,-18.1809],[145.7515,-18.1566],[145.7348,-18.1568],[145.7052,-18.179],[145.6842,-18.1673],[145.6843,-18.1577],[145.7035,-18.1411],[145.7051,-18.1013],[145.6891,-18.092],[145.6795,-18.1029],[145.6677,-18.103],[145.6628,-18.0942],[145.6455,-18.0861],[145.6428,-18.0676],[145.6528,-18.0557],[145.6482,-18.0362],[145.6535,-18.0294],[145.6222,-18.0212],[145.6254,-18.0005],[145.6382,-17.9952],[145.641,-17.9756],[145.6532,-17.9714],[145.6519,-17.9574],[145.6819,-17.9401],[145.6844,-17.898],[145.6718,-17.8702],[145.6549,-17.8624],[145.6554,-17.8158],[145.6423,-17.8026],[145.6383,-17.808],[145.622,-17.7975],[145.6138,-17.8014],[145.6088,-17.7945],[145.591,-17.7955],[145.5726,-17.7829],[145.577,-17.7408],[145.6515,-17.7269],[145.641,-17.7071],[145.6585,-17.6935],[145.6614,-17.6796],[145.6407,-17.6568],[145.6547,-17.6581],[145.6605,-17.6689],[145.6732,-17.6666],[145.6744,-17.6761],[145.6824,-17.6788],[145.6788,-17.6666],[145.6955,-17.661],[145.7074,-17.5568],[145.7306,-17.5582],[145.7405,-17.5465],[145.7247,-17.5303],[145.7238,-17.5061],[145.7161,-17.497],[145.8339,-17.5086],[145.8399,-17.4542],[145.8237,-17.4215],[145.8214,-17.3944],[145.7813,-17.3544],[145.7849,-17.3193],[145.7978,-17.3117],[145.7945,-17.3044],[145.8005,-17.296],[145.7853,-17.2796],[145.7727,-17.2372],[145.7613,-17.2386],[145.7563,-17.2485],[145.7206,-17.2318],[145.7131,-17.2131],[145.7041,-17.2122],[145.7047,-17.1746],[145.6703,-17.1714],[145.6751,-17.1616],[145.6588,-17.1515],[145.6554,-17.1265],[145.6422,-17.1225],[145.6393,-17.1059],[145.6239,-17.0968],[145.6224,-17.0896],[145.5798,-17.0934],[145.5695,-17.106],[145.576,-17.1117],[145.5742,-17.1321],[145.5668,-17.1386],[145.5511,-17.136],[145.548,-17.1468],[145.5302,-17.1438],[145.5272,-17.1599],[145.5132,-17.1698],[145.5,-17.1616],[145.4961,-17.1469],[145.481,-17.1386],[145.4582,-17.1364],[145.4518,-17.145],[145.4544,-17.1507],[145.443,-17.1496],[145.4369,-17.1383],[145.4427,-17.1294],[145.4384,-17.1221],[145.4269,-17.1212],[145.4355,-17.1038],[145.4117,-17.1018],[145.4127,-17.0905],[145.3953,-17.0893],[145.383,-17.1082],[145.3809,-17.1342],[145.4137,-17.1536],[145.4075,-17.2122],[145.42,-17.2296],[145.4165,-17.2414],[145.4296,-17.2752],[145.4241,-17.2834],[145.4371,-17.3033]]]},"properties":{"lga_code_2023":"36820","lga_name_2023":"Tablelands","state_code_2021":"3"}},{"type":"Feature","geometry":{"type":"Polygon","coordinates":[[[151.962,-26.8047],[151.9331,-26.8014],[151.9221,-26.8217],[151.9019,-26.8371],[151.8969,-26.8667],[151.8865,-26.8794],[151.8434,-26.8976],[151.8133,-26.9326],[151.7929,-26.9306],[151.7587,-26.9473],[151.7233,-26.9479],[151.7,-26.9385],[151.666,-26.9105],[151.6476,-26.9132],[151.6465,-26.9197],[151.6689,-26.9384],[151.6745,-26.9584],[151.6622,-26.9793],[151.6642,-26.9897],[151.6371,-26.9976],[151.6369,-27.0038],[151.6275,-27.0026],[151.6231,-27.0301],[151.6009,-27.0305],[151.5967,-27.058],[151.5812,-27.056],[151.5685,-27.1248],[151.5462,-27.1153],[151.5397,-27.1218],[151.5265,-27.1195],[151.5255,-27.1255],[151.4812,-27.1244],[151.483,-27.1132],[151.4649,-27.1108],[151.4704,-27.139],[151.467,-27.147],[151.4581,-27.1458],[151.4525,-27.1801],[151.4502,-27.2013],[151.4602,-27.2027],[151.4505,-27.2787],[151.3377,-27.2078],[151.3176,-27.3315],[151.3126,-27.3308],[151.3083,-27.414],[151.1931,-27.3988],[151.1974,-27.384],[151.0878,-27.3764],[151.0762,-27.4511],[151.0832,-27.4933],[151.0774,-27.5278],[151.0844,-27.5353],[151.0718,-27.5637],[151.0765,-27.5719],[151.0477,-27.5837],[151.0103,-27.575],[150.9732,-27.5817],[150.9271,-27.5719],[150.9273,-27.534],[150.8677,-27.5459],[150.8345,-27.5075],[150.8252,-27.5106],[150.7827,-27.5766],[150.7706,-27.5803],[150.7567,-27.5993],[150.7398,-27.7105],[150.7405,-27.7535],[150.7323,-27.7947],[150.7253,-27.7932],[150.7027,-27.9345],[150.735,-27.9485],[150.7356,-27.971],[150.742,-27.9756],[150.7509,-27.9698],[150.7606,-27.9832],[150.7951,-27.9925],[150.8052,-28.0148],[150.8321,-28.0305],[150.8256,-28.0542],[150.8364,-28.0651],[150.8519,-28.0598],[150.8562,-28.0696],[151.0557,-28.094],[151.0553,-28.1082],[151.0376,-28.1412],[151.0467,-28.1671],[151.0597,-28.1618],[151.0919,-28.1675],[151.0907,-28.1743],[151.1255,-28.1764],[151.1732,-28.167],[151.1706,-28.1819],[151.185,-28.1837],[151.1946,-28.1755],[151.207,-28.1774],[151.2059,-28.1835],[151.2733,-28.1923],[151.3093,-28.1723],[151.3401,-28.1782],[151.3668,-28.1562],[151.3764,-28.1541],[151.3969,-28.1674],[151.4411,-28.1518],[151.4456,-28.1049],[151.4598,-28.107],[151.4637,-28.0927],[151.4723,-28.0872],[151.4956,-28.0896],[151.5071,-28.0156],[151.5365,-28.0191],[151.5434,-27.9741],[151.7221,-27.9919],[151.7574,-28.0056],[151.7647,-28.0031],[151.7776,-28.0233],[151.7904,-28.0148],[151.7851,-28.0102],[151.7926,-28],[151.8063,-28.0061],[151.8078,-27.997],[151.9171,-28.0126],[151.9073,-27.9918],[151.9092,-27.9849],[151.9191,-27.99],[151.9221,-27.9731],[151.9735,-27.98],[151.976,-27.9674],[151.9984,-27.9704],[151.9948,-27.9595],[152.024,-27.9631],[152.0254,-27.9546],[152.0744,-27.9613],[152.1067,-27.9397],[152.1392,-27.9442],[152.1494,-27.937],[152.1638,-27.9557],[152.2037,-27.943],[152.2505,-27.9602],[152.2514,-27.9548],[152.2163,-27.946],[152.2102,-27.9319],[152.1885,-27.9242],[152.1757,-27.9045],[152.1759,-27.8874],[152.1512,-27.8766],[152.1472,-27.8597],[152.1531,-27.8363],[152.1379,-27.814],[152.14,-27.8073],[152.1491,-27.8066],[152.1415,-27.7891],[152.1305,-27.7838],[152.1394,-27.7797],[152.1303,-27.7784],[152.1315,-27.7717],[152.1013,-27.7652],[152.1048,-27.7456],[152.0965,-27.7445],[152.0934,-27.7611],[152.0853,-27.76],[152.0843,-27.7498],[152.0768,-27.7488],[152.084,-27.739],[152.075,-27.7377],[152.0765,-27.7292],[152.0318,-27.7163],[152.034,-27.7029],[152.0015,-27.7026],[151.999,-27.684],[151.9874,-27.6826],[151.9922,-27.6735],[151.984,-27.6472],[151.9691,-27.6444],[151.9561,-27.6496],[151.9421,-27.6321],[151.9481,-27.6176],[151.978,-27.6212],[151.9742,-27.6093],[151.9894,-27.6081],[151.9972,-27.586],[152.016,-27.5844],[152.008,-27.575],[151.9962,-27.5807],[152.0047,-27.5485],[151.9935,-27.5487],[151.9949,-27.541],[151.9882,-27.536],[151.9985,-27.5253],[151.9701,-27.518],[151.964,-27.5294],[151.9552,-27.5144],[151.9682,-27.5039],[151.9641,-27.501],[151.9696,-27.4941],[151.9613,-27.4866],[151.9642,-27.4705],[151.9962,-27.457],[152.0028,-27.4628],[152.0063,-27.4469],[152.0195,-27.4487],[152.0235,-27.4324],[152.016,-27.4315],[152.0168,-27.4221],[152.0253,-27.4281],[152.0278,-27.4161],[152.0385,-27.4097],[152.0548,-27.4126],[152.0538,-27.392],[152.0604,-27.393],[152.0587,-27.4021],[152.0699,-27.4037],[152.0834,-27.4047],[152.0894,-27.397],[152.1007,-27.4059],[152.0996,-27.4119],[152.137,-27.4236],[152.1411,-27.4414],[152.1563,-27.4385],[152.1557,-27.4459],[152.1616,-27.4467],[152.1647,-27.4252],[152.1773,-27.4209],[152.1796,-27.4072],[152.1975,-27.4093],[152.1908,-27.3821],[152.1982,-27.3779],[152.2015,-27.3597],[152.1914,-27.3661],[152.2015,-27.322],[152.1901,-27.3204],[152.2062,-27.292],[152.1964,-27.2829],[152.1964,-27.2722],[152.1841,-27.2705],[152.1644,-27.2889],[152.152,-27.2694],[152.1625,-27.2566],[152.177,-27.2638],[152.1724,-27.2538],[152.1887,-27.2549],[152.1909,-27.2421],[152.2009,-27.2434],[152.2255,-27.2287],[152.2331,-27.2221],[152.2361,-27.2037],[152.2205,-27.2013],[152.2151,-27.209],[152.18,-27.2051],[152.1732,-27.2113],[152.1589,-27.2064],[152.1616,-27.189],[152.1802,-27.1803],[152.1885,-27.1691],[152.134,-27.1416],[152.1536,-27.1131],[152.1823,-27.0901],[152.1852,-27.0614],[152.1913,-27.0723],[152.218,-27.0783],[152.2145,-27.0695],[152.2274,-27.061],[152.1947,-27.0565],[152.1992,-27.0278],[152.193,-27.0229],[152.221,-27.0222],[152.1866,-27.0067],[152.1888,-26.9939],[152.1733,-26.9893],[152.1849,-26.9852],[152.1747,-26.9822],[152.1832,-26.9776],[152.1694,-26.9793],[152.1679,-26.9688],[152.1516,-26.9712],[152.1254,-26.9542],[152.1452,-26.9267],[152.1471,-26.8991],[152.1413,-26.8978],[152.136,-26.9061],[152.1247,-26.9003],[152.108,-26.9032],[152.0711,-26.9271],[152.0506,-26.9193],[152.0677,-26.8986],[152.0626,-26.8768],[152.0759,-26.861],[152.0341,-26.8541],[152.0417,-26.8441],[152.0599,-26.8381],[152.0638,-26.8203],[152.0729,-26.8182],[152.0597,-26.7991],[152.0639,-26.7785],[152.0517,-26.7771],[152.0531,-26.7669],[152.0322,-26.7827],[152.0158,-26.7792],[152.0077,-26.7694],[151.9966,-26.7831],[151.9793,-26.7866],[151.9735,-26.806],[151.962,-26.8047]]]},"properties":{"lga_code_2023":"36910","lga_name_2023":"Toowoomba","state_code_2021":"3"}},{"type":"Feature","geometry":{"type":"MultiPolygon","coordinates":[[[[142.4537,-10.9785],[142.4433,-10.9808],[142.4399,-10.9746],[142.4364,-10.9809],[142.4285,-10.9755],[142.4338,-10.9672],[142.4219,-10.9642],[142.4276,-10.985],[142.4185,-10.9948],[142.4004,-10.9973],[142.7458,-10.9986],[142.7163,-10.9611],[142.6981,-10.9779],[142.6807,-10.9716],[142.6678,-10.9447],[142.6498,-10.94],[142.6444,-10.9458],[142.646,-10.9393],[142.638,-10.9372],[142.6299,-10.9452],[142.6148,-10.9419],[142.6093,-10.9339],[142.6191,-10.9165],[142.6043,-10.9121],[142.6167,-10.9151],[142.6165,-10.8923],[142.5892,-10.8682],[142.5929,-10.8752],[142.5861,-10.8705],[142.5855,-10.8749],[142.5953,-10.8911],[142.5888,-10.8895],[142.5834,-10.9013],[142.588,-10.8886],[142.5946,-10.8893],[142.5751,-10.8696],[142.569,-10.8723],[142.5745,-10.887],[142.5731,-10.8774],[142.5582,-10.8801],[142.5575,-10.8741],[142.5426,-10.9022],[142.5558,-10.9134],[142.5433,-10.9079],[142.5257,-10.9349],[142.5124,-10.9397],[142.4987,-10.9681],[142.4821,-10.9784],[142.482,-10.9716],[142.5001,-10.9544],[142.4978,-10.9391],[142.4887,-10.9441],[142.5034,-10.9307],[142.5066,-10.9222],[142.5011,-10.9177],[142.5161,-10.9094],[142.5104,-10.8612],[142.5185,-10.8416],[142.5321,-10.8434],[142.5296,-10.8378],[142.5369,-10.8353],[142.5327,-10.8253],[142.5626,-10.7615],[142.5289,-10.7389],[142.5546,-10.7197],[142.5517,-10.7084],[142.5463,-10.7131],[142.5386,-10.7062],[142.5406,-10.6963],[142.5309,-10.6875],[142.5159,-10.7029],[142.5111,-10.6996],[142.5097,-10.7091],[142.4987,-10.7167],[142.4594,-10.7203],[142.4461,-10.7173],[142.4383,-10.7082],[142.4231,-10.7272],[142.503,-10.7291],[142.5016,-10.7383],[142.5171,-10.7386],[142.507,-10.7668],[142.4882,-10.7796],[142.4701,-10.7794],[142.4615,-10.789],[142.4814,-10.8062],[142.428,-10.9144],[142.4286,-10.9542],[142.4402,-10.9635],[142.4379,-10.9703],[142.4551,-10.9735],[142.4537,-10.9785]]],[[[142.3526,-10.5464],[142.3551,-10.5439],[142.3523,-10.5434],[142.3526,-10.5464]]],[[[142.3086,-10.5138],[142.3017,-10.5223],[142.2842,-10.5271],[142.3003,-10.5423],[142.3201,-10.5377],[142.3122,-10.5055],[142.3086,-10.5138]]],[[[142.2291,-10.3525],[142.2294,-10.3516],[142.2263,-10.351],[142.2291,-10.3525]]],[[[142.1097,-10.3476],[142.1113,-10.3472],[142.1105,-10.3431],[142.1097,-10.3476]]],[[[142.0922,-10.3177],[142.0929,-10.3154],[142.0913,-10.3169],[142.0922,-10.3177]]],[[[142.1002,-10.2953],[142.1059,-10.2904],[142.1029,-10.2866],[142.1002,-10.2953]]],[[[142.1172,-10.1891],[142.1186,-10.1938],[142.1173,-10.1875],[142.1172,-10.1891]]],[[[142.5131,-10.1953],[142.5157,-10.1873],[142.5041,-10.1838],[142.5131,-10.1953]]],[[[142.6747,-10.1684],[142.6806,-10.1718],[142.6734,-10.1664],[142.6747,-10.1684]]],[[[142.5058,-10.1592],[142.5148,-10.1609],[142.513,-10.1554],[142.5023,-10.1567],[142.5058,-10.1592]]],[[[142.9058,-10.1542],[142.9064,-10.1544],[142.9073,-10.1535],[142.9058,-10.1542]]],[[[142.9104,-10.1519],[142.9108,-10.151],[142.9102,-10.1516],[142.9104,-10.1519]]],[[[142.9165,-10.151],[142.917,-10.1499],[142.9162,-10.1508],[142.9165,-10.151]]],[[[142.9239,-10.1498],[142.9245,-10.1498],[142.9238,-10.1488],[142.9239,-10.1498]]],[[[142.0748,-10.1175],[142.0737,-10.1164],[142.0743,-10.1187],[142.0748,-10.1175]]],[[[142.3573,-10.1161],[142.3605,-10.1183],[142.3597,-10.1151],[142.3573,-10.1161]]],[[[143.3191,-10.1077],[143.3216,-10.1051],[143.3186,-10.1058],[143.3191,-10.1077]]],[[[142.3442,-10.1055],[142.3459,-10.1053],[142.3446,-10.1044],[142.3442,-10.1055]]],[[[142.8168,-10.1014],[142.8171,-10.1003],[142.8165,-10.1008],[142.8168,-10.1014]]],[[[142.0807,-10.1001],[142.0814,-10.0998],[142.0812,-10.099],[142.0807,-10.1001]]],[[[142.089,-10.0919],[142.091,-10.0901],[142.089,-10.0901],[142.089,-10.0919]]],[[[142.3263,-10.0799],[142.3248,-10.081],[142.3301,-10.0845],[142.3263,-10.0799]]],[[[142.0949,-10.0772],[142.0958,-10.0769],[142.0954,-10.0754],[142.0949,-10.0772]]],[[[142.2649,-10.0753],[142.2642,-10.071],[142.2637,-10.075],[142.2649,-10.0753]]],[[[142.8353,-10.0359],[142.8576,-10.0531],[142.8678,-10.0408],[142.8573,-10.0196],[142.8482,-10.0174],[142.8266,-10.0237],[142.8353,-10.0359]]],[[[142.129,-10.0297],[142.1299,-10.0275],[142.1284,-10.026],[142.129,-10.0297]]],[[[143.0275,-9.9971],[143.0321,-9.9973],[143.0262,-9.9955],[143.0275,-9.9971]]],[[[143.1135,-9.989],[143.1268,-9.9845],[143.1182,-9.9856],[143.1135,-9.989]]],[[[142.2375,-9.9773],[142.2403,-9.9779],[142.2388,-9.9758],[142.2375,-9.9773]]],[[[142.2165,-9.9729],[142.2171,-9.972],[142.2154,-9.972],[142.2165,-9.9729]]],[[[142.1601,-9.9558],[142.1649,-9.9584],[142.1625,-9.9546],[142.1601,-9.9558]]],[[[142.2103,-9.9576],[142.2119,-9.9574],[142.2085,-9.9523],[142.2103,-9.9576]]],[[[143.3948,-9.9563],[143.3985,-9.9544],[143.3988,-9.9524],[143.3948,-9.9563]]],[[[143.2859,-9.9542],[143.285,-9.958],[143.2941,-9.947],[143.2859,-9.9542]]],[[[142.1768,-9.9366],[142.1793,-9.937],[142.1787,-9.936],[142.1768,-9.9366]]],[[[142.1628,-9.9339],[142.1643,-9.9353],[142.1644,-9.9338],[142.1628,-9.9339]]],[[[143.4835,-9.8861],[143.4873,-9.8833],[143.4854,-9.881],[143.4835,-9.8861]]],[[[143.3911,-9.8718],[143.3978,-9.8687],[143.394,-9.8678],[143.3911,-9.8718]]],[[[143.1693,-9.8698],[143.1738,-9.8688],[143.1708,-9.8676],[143.1693,-9.8698]]],[[[143.3056,-9.8654],[143.3087,-9.8641],[143.3096,-9.8614],[143.3056,-9.8654]]],[[[142.8994,-9.8582],[142.9126,-9.8668],[142.9486,-9.8556],[142.9173,-9.843],[142.9004,-9.8461],[142.8994,-9.8582]]],[[[142.7093,-9.8346],[142.7172,-9.8365],[142.708,-9.8322],[142.7093,-9.8346]]],[[[141.4192,-9.8254],[141.4305,-9.8233],[141.4265,-9.8216],[141.4192,-9.8254]]],[[[143.4064,-9.8241],[143.4088,-9.8224],[143.4087,-9.819],[143.4064,-9.8241]]],[[[142.9753,-9.7973],[142.9717,-9.8033],[142.9742,-9.8079],[142.9753,-9.7973]]],[[[142.649,-9.7648],[142.6284,-9.7578],[142.622,-9.7726],[142.6462,-9.7731],[142.649,-9.7648]]],[[[143.2565,-9.7682],[143.2678,-9.7632],[143.2576,-9.765],[143.2565,-9.7682]]],[[[143.3196,-9.764],[143.3217,-9.7623],[143.3199,-9.7619],[143.3196,-9.764]]],[[[143.4404,-9.7478],[143.4527,-9.7333],[143.4481,-9.7369],[143.4404,-9.7478]]],[[[143.3585,-9.7156],[143.3665,-9.7126],[143.3622,-9.712],[143.3585,-9.7156]]],[[[143.6532,-9.5692],[143.6553,-9.5662],[143.6511,-9.5683],[143.6532,-9.5692]]],[[[143.487,-9.5714],[143.4984,-9.5609],[143.4962,-9.5611],[143.487,-9.5714]]],[[[142.3185,-9.564],[142.2793,-9.5492],[142.2583,-9.5539],[142.2683,-9.5653],[142.3067,-9.5743],[142.3142,-9.5738],[142.3185,-9.564]]],[[[141.5746,-9.5154],[141.573,-9.5129],[141.5683,-9.5234],[141.5746,-9.5154]]],[[[142.7596,-10.9975],[142.7582,-10.9982],[142.7595,-10.9993],[142.7596,-10.9975]]],[[[142.6948,-10.8894],[142.6943,-10.8865],[142.692,-10.8871],[142.6948,-10.8894]]],[[[142.025,-10.8482],[142.0237,-10.8512],[142.0258,-10.8503],[142.025,-10.8482]]],[[[142.5957,-10.7048],[142.5963,-10.703],[142.5955,-10.7036],[142.5957,-10.7048]]],[[[142.5314,-10.683],[142.5347,-10.6812],[142.532,-10.6813],[142.5314,-10.683]]],[[[142.6689,-10.667],[142.6694,-10.6663],[142.6688,-10.6666],[142.6689,-10.667]]],[[[142.7554,-10.6579],[142.7543,-10.6565],[142.751,-10.6567],[142.7554,-10.6579]]],[[[142.6797,-10.6415],[142.6805,-10.6404],[142.6793,-10.6403],[142.6797,-10.6415]]],[[[141.9097,-10.6053],[141.912,-10.604],[141.9094,-10.6031],[141.9097,-10.6053]]],[[[142.6371,-10.5988],[142.6387,-10.5986],[142.6378,-10.5968],[142.6371,-10.5988]]],[[[142.1538,-10.5708],[142.1719,-10.5543],[142.147,-10.5634],[142.1538,-10.5708]]],[[[142.3476,-10.5486],[142.3435,-10.5502],[142.3444,-10.5532],[142.3476,-10.5486]]],[[[143.0998,-10.5188],[143.098,-10.5198],[143.0999,-10.5202],[143.0998,-10.5188]]],[[[142.4466,-10.4959],[142.4474,-10.4947],[142.4466,-10.495],[142.4466,-10.4959]]],[[[142.4466,-10.4635],[142.4503,-10.4628],[142.4466,-10.4602],[142.4466,-10.4635]]],[[[142.4381,-10.4636],[142.4417,-10.4615],[142.4376,-10.4608],[142.4381,-10.4636]]],[[[142.0499,-10.3669],[142.0605,-10.3629],[142.0623,-10.3549],[142.0505,-10.3558],[142.0499,-10.3669]]],[[[142.1018,-10.2775],[142.1078,-10.2816],[142.0993,-10.2726],[142.1018,-10.2775]]],[[[142.0768,-10.26],[142.069,-10.2653],[142.0789,-10.2664],[142.0768,-10.26]]],[[[142.4875,-10.2494],[142.4892,-10.2424],[142.4741,-10.2514],[142.4829,-10.261],[142.4875,-10.2494]]],[[[142.0752,-10.2314],[142.0791,-10.2413],[142.0813,-10.2376],[142.0752,-10.2314]]],[[[142.4879,-10.2355],[142.4884,-10.2345],[142.4871,-10.2345],[142.4879,-10.2355]]],[[[142.0536,-10.2192],[142.054,-10.2163],[142.0529,-10.2179],[142.0536,-10.2192]]],[[[142.167,-10.2001],[142.1708,-10.2002],[142.1674,-10.1982],[142.167,-10.2001]]],[[[142.2156,-9.9685],[142.2161,-9.9678],[142.2153,-9.9673],[142.2156,-9.9685]]],[[[142.1526,-9.9609],[142.1519,-9.9612],[142.153,-9.9617],[142.1526,-9.9609]]],[[[142.2112,-9.9515],[142.2118,-9.9466],[142.2087,-9.9509],[142.2112,-9.9515]]],[[[142.1592,-9.9463],[142.1654,-9.9473],[142.1563,-9.9414],[142.1592,-9.9463]]],[[[142.17,-9.9414],[142.1728,-9.9424],[142.174,-9.9397],[142.17,-9.9414]]],[[[143.4286,-9.6883],[143.4278,-9.6893],[143.4325,-9.6862],[143.4286,-9.6883]]],[[[143.6621,-9.6129],[143.6633,-9.6124],[143.6612,-9.6118],[143.6621,-9.6129]]],[[[141.5685,-9.611],[141.5705,-9.6086],[141.5689,-9.6093],[141.5685,-9.611]]],[[[143.8601,-9.4778],[143.8604,-9.4766],[143.8595,-9.4775],[143.8601,-9.4778]]],[[[142.1551,-9.2474],[142.1557,-9.247],[142.1551,-9.2463],[142.1551,-9.2474]]],[[[143.8759,-9.1437],[143.8775,-9.1429],[143.8742,-9.1425],[143.8759,-9.1437]]],[[[142.0833,-10.2451],[142.0863,-10.2461],[142.0872,-10.2413],[142.0833,-10.2451]]],[[[142.1747,-9.9459],[142.1737,-9.9436],[142.1729,-9.9449],[142.1747,-9.9459]]],[[[143.299,-9.6168],[143.3113,-9.6085],[143.2998,-9.6123],[143.299,-9.6168]]],[[[142.2166,-10.9226],[142.2055,-10.9141],[142.1767,-10.9213],[142.133,-10.9482],[142.1294,-10.9624],[142.1671,-11.0037],[142.2296,-10.9477],[142.2151,-10.9423],[142.2222,-10.9325],[142.2166,-10.9226]]],[[[142.0269,-10.8521],[142.0279,-10.8514],[142.0267,-10.8516],[142.0269,-10.8521]]],[[[142.0327,-10.8855],[142.037,-10.8819],[142.0346,-10.8798],[142.0327,-10.8855]]],[[[142.406,-10.794],[142.4187,-10.7863],[142.4121,-10.7787],[142.406,-10.794]]],[[[142.5282,-10.6856],[142.5277,-10.6803],[142.5263,-10.685],[142.5282,-10.6856]]],[[[142.28,-10.6891],[142.2805,-10.6885],[142.2797,-10.6884],[142.28,-10.6891]]],[[[142.6144,-10.6114],[142.6184,-10.6059],[142.6129,-10.6086],[142.6144,-10.6114]]],[[[142.6084,-10.6131],[142.6116,-10.6116],[142.6083,-10.611],[142.6084,-10.6131]]],[[[142.155,-10.2273],[142.1539,-10.2198],[142.1489,-10.2186],[142.155,-10.2273]]],[[[142.0674,-10.2239],[142.0665,-10.2209],[142.066,-10.2225],[142.0674,-10.2239]]],[[[142.1256,-10.3629],[142.1264,-10.3848],[142.1356,-10.3886],[142.142,-10.3752],[142.138,-10.3625],[142.1259,-10.3552],[142.1256,-10.3629]]],[[[142.3625,-10.3682],[142.3647,-10.3676],[142.3622,-10.3654],[142.3625,-10.3682]]],[[[142.638,-10.9163],[142.6249,-10.9147],[142.6209,-10.9222],[142.6353,-10.927],[142.638,-10.9163]]],[[[142.4498,-10.496],[142.4516,-10.4964],[142.4502,-10.4948],[142.4498,-10.496]]],[[[142.2103,-9.9617],[142.2111,-9.9596],[142.2096,-9.9609],[142.2103,-9.9617]]],[[[142.21,-9.963],[142.2094,-9.9616],[142.2092,-9.963],[142.21,-9.963]]],[[[142.6697,-9.3732],[142.6988,-9.3773],[142.7255,-9.3683],[142.6889,-9.3583],[142.6762,-9.3628],[142.6697,-9.3732]]],[[[142.6638,-9.3647],[142.6698,-9.3627],[142.664,-9.3615],[142.6638,-9.3647]]],[[[142.6038,-10.7361],[142.6119,-10.7454],[142.6224,-10.7461],[142.6155,-10.7382],[142.6202,-10.7316],[142.6142,-10.729],[142.615,-10.7209],[142.6088,-10.7263],[142.5953,-10.7128],[142.5844,-10.7144],[142.6038,-10.7361]]],[[[142.2857,-10.7243],[142.2935,-10.7341],[142.305,-10.7242],[142.3031,-10.7083],[142.2951,-10.7017],[142.2817,-10.7163],[142.2857,-10.7243]]],[[[142.3849,-10.7475],[142.3989,-10.7355],[142.4107,-10.7126],[142.4075,-10.7089],[142.3965,-10.7093],[142.3897,-10.718],[142.3934,-10.7304],[142.3849,-10.7475]]],[[[142.2255,-10.7399],[142.2202,-10.7393],[142.2241,-10.7476],[142.2255,-10.7399]]],[[[142.3704,-10.7673],[142.3761,-10.7564],[142.3697,-10.7614],[142.3704,-10.7673]]],[[[142.3489,-10.7087],[142.3577,-10.6978],[142.3493,-10.7031],[142.3489,-10.7087]]],[[[142.4147,-10.7229],[142.4127,-10.7286],[142.4157,-10.7274],[142.4147,-10.7229]]],[[[142.6227,-10.7221],[142.626,-10.7199],[142.6217,-10.7182],[142.6227,-10.7221]]],[[[142.5562,-10.7098],[142.5601,-10.7097],[142.5532,-10.7084],[142.5562,-10.7098]]],[[[142.3799,-10.7049],[142.3846,-10.7009],[142.382,-10.7003],[142.3799,-10.7049]]],[[[142.3435,-10.7173],[142.3441,-10.7132],[142.342,-10.7145],[142.3435,-10.7173]]],[[[142.4078,-10.7437],[142.4115,-10.7394],[142.411,-10.7378],[142.4078,-10.7437]]],[[[142.3856,-10.7684],[142.3874,-10.7687],[142.387,-10.7659],[142.3856,-10.7684]]],[[[142.5967,-10.71],[142.5966,-10.7066],[142.5956,-10.7092],[142.5967,-10.71]]],[[[142.2553,-10.7371],[142.2554,-10.7348],[142.2541,-10.736],[142.2553,-10.7371]]],[[[142.4923,-10.6962],[142.4927,-10.6943],[142.4917,-10.6942],[142.4923,-10.6962]]],[[[142.3694,-10.713],[142.3698,-10.7137],[142.371,-10.7128],[142.3694,-10.713]]],[[[142.4181,-10.7362],[142.4193,-10.7357],[142.4184,-10.7353],[142.4181,-10.7362]]],[[[142.212,-10.7651],[142.2126,-10.7634],[142.2117,-10.7638],[142.212,-10.7651]]],[[[142.7014,-10.9427],[142.7031,-10.9353],[142.6902,-10.9201],[142.6787,-10.9138],[142.6519,-10.9148],[142.6512,-10.9236],[142.6667,-10.9363],[142.687,-10.937],[142.6923,-10.9586],[142.7063,-10.9569],[142.7014,-10.9427]]],[[[142.2088,-10.5852],[142.2215,-10.5861],[142.2333,-10.5742],[142.2208,-10.5691],[142.2056,-10.5783],[142.2088,-10.5852]]],[[[142.1578,-9.2437],[142.1808,-9.2392],[142.1882,-9.2316],[142.1643,-9.2239],[142.1578,-9.2437]]],[[[142.2347,-9.2254],[142.2424,-9.2347],[142.2516,-9.233],[142.2438,-9.2227],[142.2348,-9.2202],[142.2347,-9.2254]]],[[[142.1466,-9.2315],[142.1516,-9.2262],[142.1447,-9.2266],[142.1466,-9.2315]]],[[[142.1476,-9.2258],[142.1523,-9.2223],[142.1458,-9.2232],[142.1476,-9.2258]]],[[[142.1553,-9.2363],[142.1602,-9.2308],[142.1583,-9.2276],[142.1553,-9.2363]]],[[[142.1539,-9.2353],[142.1571,-9.2325],[142.1573,-9.2288],[142.1539,-9.2353]]],[[[142.1552,-9.2289],[142.1578,-9.226],[142.1548,-9.2261],[142.1552,-9.2289]]],[[[142.1604,-9.2291],[142.1609,-9.2267],[142.159,-9.226],[142.1604,-9.2291]]],[[[142.1522,-9.2314],[142.1536,-9.2289],[142.1526,-9.2278],[142.1522,-9.2314]]],[[[142.1565,-9.2372],[142.1583,-9.2361],[142.1584,-9.2352],[142.1565,-9.2372]]],[[[142.1508,-9.232],[142.1511,-9.2314],[142.1504,-9.2313],[142.1508,-9.232]]],[[[142.165,-10.2259],[142.1727,-10.2257],[142.1686,-10.2198],[142.1726,-10.2073],[142.164,-10.2144],[142.165,-10.2259]]],[[[142.1964,-10.5942],[142.1869,-10.598],[142.1769,-10.6185],[142.1525,-10.6229],[142.1423,-10.6412],[142.1219,-10.643],[142.1187,-10.6579],[142.1102,-10.6627],[142.1138,-10.6873],[142.1197,-10.6906],[142.1096,-10.6851],[142.1191,-10.7108],[142.1142,-10.7221],[142.1386,-10.7371],[142.1501,-10.7649],[142.1583,-10.7613],[142.1779,-10.7709],[142.1863,-10.766],[142.1879,-10.7462],[142.1957,-10.7463],[142.2069,-10.7264],[142.2274,-10.7207],[142.2239,-10.7264],[142.2302,-10.7395],[142.2473,-10.7201],[142.2429,-10.7111],[142.255,-10.7138],[142.2648,-10.7272],[142.2659,-10.7168],[142.2774,-10.7065],[142.2497,-10.667],[142.2454,-10.6473],[142.212,-10.6184],[142.2046,-10.5948],[142.1964,-10.5942]]],[[[142.2458,-10.5931],[142.2371,-10.6115],[142.266,-10.6421],[142.2959,-10.6378],[142.3265,-10.6129],[142.3063,-10.5706],[142.2651,-10.5762],[142.2458,-10.5931]]],[[[142.6368,-10.6285],[142.6508,-10.6378],[142.6446,-10.6495],[142.6381,-10.6495],[142.6473,-10.6566],[142.6671,-10.6303],[142.6412,-10.6178],[142.6323,-10.6263],[142.6368,-10.6285]]],[[[142.1778,-10.5919],[142.1759,-10.5844],[142.145,-10.5963],[142.169,-10.6059],[142.1778,-10.5919]]],[[[142.6157,-10.6007],[142.6293,-10.5987],[142.6214,-10.5902],[142.612,-10.5908],[142.6157,-10.6007]]],[[[142.6534,-10.623],[142.6525,-10.62],[142.6523,-10.6229],[142.6534,-10.623]]],[[[142.1495,-10.2042],[142.1464,-10.2005],[142.1422,-10.21],[142.148,-10.2113],[142.1495,-10.2042]]]]},"properties":{"lga_code_2023":"36950","lga_name_2023":"Torres","state_code_2021":"3"}},{"type":"Feature","geometry":{"type":"MultiPolygon","coordinates":[[[[142.3149,-10.2171],[142.341,-10.1846],[142.3441,-10.169],[142.3323,-10.162],[142.3255,-10.1351],[142.3121,-10.1386],[142.3001,-10.124],[142.2886,-10.1278],[142.2679,-10.1159],[142.2538,-10.1254],[142.2369,-10.1213],[142.2198,-10.1289],[142.206,-10.1617],[142.2107,-10.1708],[142.2058,-10.1665],[142.1859,-10.1904],[142.216,-10.2379],[142.2264,-10.2304],[142.2411,-10.2343],[142.2628,-10.2436],[142.2768,-10.2597],[142.2844,-10.2574],[142.3149,-10.2171]]],[[[142.782,-9.9015],[142.7809,-9.8957],[142.7651,-9.8947],[142.7686,-9.9051],[142.7767,-9.9076],[142.782,-9.9015]]],[[[143.4019,-9.7494],[143.4007,-9.7574],[143.4237,-9.7503],[143.4019,-9.7494]]],[[[143.7757,-9.5756],[143.7574,-9.5823],[143.7612,-9.5991],[143.7759,-9.5976],[143.7831,-9.5872],[143.7843,-9.577],[143.7776,-9.5708],[143.7757,-9.5756]]],[[[143.5426,-9.5092],[143.549,-9.5068],[143.5442,-9.5046],[143.5426,-9.5092]]],[[[142.5276,-9.4219],[142.5324,-9.4363],[142.552,-9.4208],[142.5294,-9.4104],[142.5276,-9.4219]]],[[[142.6895,-9.3765],[142.6446,-9.3652],[142.6005,-9.3858],[142.5978,-9.4076],[142.6516,-9.428],[142.6743,-9.4235],[142.7073,-9.4283],[142.7421,-9.4198],[142.7542,-9.4005],[142.7898,-9.392],[142.8009,-9.382],[142.7977,-9.3722],[142.7572,-9.3669],[142.7254,-9.3718],[142.7075,-9.3818],[142.6895,-9.3765]]],[[[142.1334,-9.2692],[142.1923,-9.2869],[142.2723,-9.2898],[142.285,-9.2837],[142.2949,-9.2627],[142.2665,-9.2507],[142.2426,-9.2589],[142.2439,-9.2529],[142.2219,-9.2293],[142.1411,-9.2578],[142.1323,-9.263],[142.1334,-9.2692]]],[[[142.2162,-10.5222],[142.2083,-10.5279],[142.2028,-10.5461],[142.1925,-10.5432],[142.1804,-10.5609],[142.1952,-10.575],[142.2191,-10.5632],[142.2237,-10.5404],[142.2313,-10.5369],[142.2244,-10.5234],[142.2162,-10.5222]]],[[[143.061,-10.0504],[143.0781,-10.0506],[143.0716,-10.0488],[143.061,-10.0504]]],[[[142.1752,-9.9693],[142.1837,-9.971],[142.1904,-9.9558],[142.2007,-9.9528],[142.1998,-9.9464],[142.1853,-9.9427],[142.1655,-9.95],[142.1752,-9.9693]]],[[[144.0638,-9.9118],[144.0544,-9.9071],[144.0414,-9.9132],[144.0417,-9.9253],[144.0593,-9.9216],[144.0638,-9.9118]]],[[[144.0219,-9.9426],[144.0241,-9.9473],[144.0317,-9.9479],[144.0219,-9.9426]]],[[[144.0358,-9.9516],[144.0415,-9.9475],[144.0368,-9.9465],[144.0358,-9.9516]]],[[[142.828,-10.2552],[142.8322,-10.2539],[142.8266,-10.2543],[142.828,-10.2552]]],[[[142.1194,-10.1493],[142.1275,-10.156],[142.1343,-10.1788],[142.1574,-10.1732],[142.1637,-10.1815],[142.1701,-10.1599],[142.1791,-10.1508],[142.1872,-10.1517],[142.193,-10.1071],[142.1819,-10.0593],[142.1279,-10.0729],[142.1136,-10.069],[142.1128,-10.0825],[142.0851,-10.1134],[142.0932,-10.1376],[142.1194,-10.1493]]],[[[142.8179,-10.209],[142.8249,-10.2107],[142.8302,-10.2059],[142.8179,-10.209]]],[[[142.8224,-10.1453],[142.8157,-10.1465],[142.8201,-10.1469],[142.8224,-10.1453]]]]},"properties":{"lga_code_2023":"36960","lga_name_2023":"Torres Strait Island","state_code_2021":"3"}},{"type":"Feature","geometry":{"type":"MultiPolygon","coordinates":[[[[146.8426,-19.721],[146.8331,-19.7585],[146.8612,-19.7582],[146.9373,-19.7849],[146.9574,-19.7752],[146.9667,-19.7629],[146.9926,-19.7592],[146.9999,-19.7397],[147.0202,-19.7157],[147.0303,-19.625],[147.0183,-19.6245],[147.0194,-19.6109],[147.0032,-19.5966],[147.0221,-19.5794],[147.034,-19.5341],[147.0246,-19.5045],[147.0182,-19.4975],[147.012,-19.4995],[147.0107,-19.4919],[147.0126,-19.475],[147.0365,-19.472],[147.0432,-19.4295],[147.0325,-19.4222],[147.0342,-19.4066],[147.0499,-19.4121],[147.0541,-19.4326],[147.0598,-19.4289],[147.0703,-19.4447],[147.0759,-19.4418],[147.0697,-19.4372],[147.0796,-19.4353],[147.0865,-19.4369],[147.0872,-19.4455],[147.0965,-19.4385],[147.107,-19.4465],[147.1202,-19.4193],[147.1102,-19.3971],[147.1139,-19.3878],[147.065,-19.3422],[147.0481,-19.299],[147.0407,-19.2957],[147.0467,-19.2745],[147.0615,-19.276],[147.0605,-19.256],[147.0449,-19.2373],[147.0396,-19.2064],[147.0133,-19.1821],[147.0218,-19.2158],[147.0076,-19.2264],[147.0018,-19.2494],[146.98,-19.2805],[146.9605,-19.2933],[146.958,-19.3088],[146.9531,-19.2983],[146.9425,-19.2954],[146.8845,-19.3042],[146.8479,-19.2733],[146.836,-19.2707],[146.8468,-19.2555],[146.8388,-19.243],[146.8341,-19.253],[146.8293,-19.25],[146.8332,-19.2436],[146.8205,-19.2524],[146.8065,-19.2391],[146.7962,-19.2432],[146.7896,-19.239],[146.7782,-19.2187],[146.7743,-19.1889],[146.7675,-19.1845],[146.7371,-19.1803],[146.7231,-19.1816],[146.706,-19.1936],[146.6766,-19.1899],[146.6289,-19.1704],[146.5954,-19.1471],[146.5622,-19.1425],[146.5411,-19.1164],[146.5179,-19.0999],[146.4976,-19.0972],[146.4729,-19.0765],[146.4542,-19.0737],[146.3963,-18.9985],[146.3801,-18.9977],[146.3632,-18.967],[146.3363,-18.9563],[146.3237,-18.9285],[146.3086,-18.927],[146.2993,-18.9378],[146.2905,-18.9348],[146.2874,-18.9525],[146.2622,-18.9518],[146.2086,-18.9191],[146.1977,-18.9273],[146.1974,-18.9442],[146.1671,-18.9355],[146.1469,-18.9408],[146.1474,-18.9588],[146.176,-19.0134],[146.1931,-19.0084],[146.1993,-19.0141],[146.243,-19.0106],[146.2387,-19.0195],[146.2483,-19.0259],[146.2413,-19.0292],[146.2439,-19.0362],[146.2366,-19.0448],[146.2707,-19.0464],[146.281,-19.0619],[146.3,-19.069],[146.3125,-19.0956],[146.3099,-19.1075],[146.3245,-19.1241],[146.3377,-19.1167],[146.3413,-19.1225],[146.3578,-19.1168],[146.3776,-19.1246],[146.3969,-19.1521],[146.3839,-19.1623],[146.3939,-19.1734],[146.3945,-19.1864],[146.4139,-19.1955],[146.4223,-19.2134],[146.4036,-19.2353],[146.4091,-19.2412],[146.4004,-19.2515],[146.4131,-19.2584],[146.4224,-19.2769],[146.4048,-19.2909],[146.4235,-19.2882],[146.4255,-19.2999],[146.4447,-19.3005],[146.4459,-19.3128],[146.4651,-19.3198],[146.4439,-19.3343],[146.4611,-19.3414],[146.461,-19.3525],[146.4552,-19.3555],[146.4646,-19.3566],[146.47,-19.3736],[146.4991,-19.3766],[146.5061,-19.3878],[146.5158,-19.3907],[146.5183,-19.4023],[146.5302,-19.4024],[146.527,-19.3945],[146.5352,-19.3935],[146.5538,-19.4167],[146.5603,-19.4148],[146.5566,-19.4031],[146.5638,-19.4002],[146.5678,-19.4157],[146.5613,-19.4177],[146.5678,-19.4366],[146.5609,-19.4418],[146.561,-19.4514],[146.5769,-19.4612],[146.5852,-19.5112],[146.5614,-19.5237],[146.5631,-19.534],[146.5424,-19.5555],[146.5414,-19.568],[146.5483,-19.5716],[146.5378,-19.5824],[146.5418,-19.5979],[146.5556,-19.6123],[146.5534,-19.6496],[146.5587,-19.6554],[146.5513,-19.6669],[146.5558,-19.6817],[146.54,-19.6864],[146.8426,-19.721]]],[[[146.6325,-19.0241],[146.6292,-19.0332],[146.6429,-19.0323],[146.6325,-19.0241]]],[[[146.6353,-18.9651],[146.6432,-18.9621],[146.6318,-18.9635],[146.6353,-18.9651]]],[[[146.6015,-19.0372],[146.616,-19.0372],[146.6213,-19.0305],[146.6148,-19.0252],[146.6008,-19.0298],[146.6015,-19.0372]]],[[[147.0623,-19.2725],[147.0627,-19.2731],[147.0636,-19.2731],[147.0623,-19.2725]]],[[[147.0715,-19.2576],[147.0728,-19.2579],[147.0721,-19.2573],[147.0715,-19.2576]]],[[[147.0641,-19.2466],[147.0617,-19.2458],[147.0626,-19.2477],[147.0641,-19.2466]]],[[[147.0615,-19.2461],[147.0616,-19.246],[147.0616,-19.2458],[147.0615,-19.2461]]],[[[147.0467,-19.2754],[147.0498,-19.2743],[147.0472,-19.2744],[147.0467,-19.2754]]],[[[147.0609,-19.2701],[147.0609,-19.2698],[147.0608,-19.27],[147.0609,-19.2701]]],[[[146.8647,-19.1146],[146.8468,-19.1173],[146.8325,-19.1048],[146.8271,-19.114],[146.8155,-19.1175],[146.79,-19.1151],[146.779,-19.1292],[146.7926,-19.1388],[146.8042,-19.1613],[146.8361,-19.1815],[146.8461,-19.1818],[146.8508,-19.1601],[146.8559,-19.1624],[146.866,-19.1506],[146.8728,-19.1531],[146.869,-19.1485],[146.876,-19.1292],[146.8835,-19.1269],[146.8775,-19.1231],[146.8834,-19.1214],[146.883,-19.1115],[146.8694,-19.111],[146.8621,-19.1025],[146.8647,-19.1146]]]]},"properties":{"lga_code_2023":"37010","lga_name_2023":"Townsville","state_code_2021":"3"}},{"type":"Feature","geometry":{"type":"MultiPolygon","coordinates":[[[[141.8737,-12.6268],[141.8519,-12.6386],[141.8601,-12.6385],[141.8516,-12.6442],[141.8622,-12.6475],[141.8461,-12.6651],[141.8614,-12.6639],[141.8546,-12.6571],[141.8656,-12.6424],[141.89,-12.6401],[141.8948,-12.6021],[141.8737,-12.6268]]],[[[141.9258,-12.6874],[141.9349,-12.6846],[141.9245,-12.6777],[141.9294,-12.6707],[141.9229,-12.6766],[141.9158,-12.6719],[141.9258,-12.6874]]]]},"properties":{"lga_code_2023":"37300","lga_name_2023":"Weipa","state_code_2021":"3"}},{"type":"Feature","geometry":{"type":"Polygon","coordinates":[[[149.6842,-26.7737],[149.5915,-26.8083],[149.6121,-26.8187],[149.5882,-26.8292],[149.6298,-26.9443],[149.6682,-27.0154],[149.6638,-27.0302],[149.6476,-27.0285],[149.6475,-27.0213],[149.6168,-27.0315],[149.6156,-27.0416],[149.6242,-27.0407],[149.6286,-27.0483],[149.6369,-27.0433],[149.626,-27.0559],[149.6423,-27.0748],[149.65,-27.0672],[149.6792,-27.0747],[149.5567,-27.1914],[149.5934,-27.2221],[149.502,-27.2939],[149.4801,-27.3202],[149.4822,-27.3301],[149.4564,-27.3758],[149.4965,-27.432],[149.4935,-27.4507],[149.4991,-27.4586],[149.4655,-27.6737],[149.5079,-27.6792],[149.4576,-27.9929],[149.6274,-28.0145],[149.632,-27.9871],[149.7865,-28.0063],[149.9318,-27.9672],[150.0659,-27.9855],[150.0695,-27.9582],[150.1169,-27.9633],[150.1216,-27.9505],[150.117,-27.9439],[150.1239,-27.9443],[150.1363,-27.9105],[150.1567,-27.9226],[150.2233,-27.8943],[150.2321,-27.9058],[150.2483,-27.9077],[150.2461,-27.8518],[150.2767,-27.8516],[150.2742,-27.8028],[150.3264,-27.8087],[150.3351,-27.7614],[150.3611,-27.7649],[150.3788,-27.7826],[150.3869,-27.7833],[150.3933,-27.7763],[150.3831,-27.7643],[150.41,-27.7465],[150.4392,-27.7683],[150.4412,-27.761],[150.4506,-27.767],[150.4582,-27.7603],[150.489,-27.7879],[150.5137,-27.766],[150.5208,-27.7724],[150.575,-27.7793],[150.5921,-27.79],[150.6036,-27.8062],[150.6212,-27.811],[150.6335,-27.8255],[150.6448,-27.8507],[150.6464,-27.8951],[150.6742,-27.9037],[150.6775,-27.9188],[150.7027,-27.9345],[150.7253,-27.7932],[150.7323,-27.7947],[150.7405,-27.7535],[150.7398,-27.7105],[150.7567,-27.5993],[150.7706,-27.5803],[150.7827,-27.5766],[150.8252,-27.5106],[150.8345,-27.5075],[150.8677,-27.5459],[150.9273,-27.534],[150.9271,-27.5719],[150.9732,-27.5817],[151.0103,-27.575],[151.0477,-27.5837],[151.0765,-27.5719],[151.0718,-27.5637],[151.0844,-27.5353],[151.0774,-27.5278],[151.0832,-27.4933],[151.0762,-27.4511],[151.0878,-27.3764],[151.1974,-27.384],[151.1931,-27.3988],[151.3083,-27.414],[151.3126,-27.3308],[151.3176,-27.3315],[151.3377,-27.2078],[151.4505,-27.2787],[151.4602,-27.2027],[151.4502,-27.2013],[151.4525,-27.1801],[151.4581,-27.1458],[151.467,-27.147],[151.4704,-27.139],[151.4649,-27.1108],[151.483,-27.1132],[151.4812,-27.1244],[151.5255,-27.1255],[151.5265,-27.1195],[151.5397,-27.1218],[151.5462,-27.1153],[151.5685,-27.1248],[151.5812,-27.056],[151.5967,-27.058],[151.6009,-27.0305],[151.6231,-27.0301],[151.6275,-27.0026],[151.6369,-27.0038],[151.6371,-26.9976],[151.6632,-26.9909],[151.6622,-26.9793],[151.6745,-26.9584],[151.6689,-26.9384],[151.6465,-26.9197],[151.6425,-26.9073],[151.5772,-26.8799],[151.5682,-26.8533],[151.5164,-26.7991],[151.5216,-26.7933],[151.5165,-26.7826],[151.5198,-26.7666],[151.4937,-26.7628],[151.4826,-26.7543],[151.4738,-26.7603],[151.4557,-26.7601],[151.4208,-26.746],[151.4132,-26.7252],[151.417,-26.698],[151.3919,-26.6842],[151.4072,-26.674],[151.4086,-26.6574],[151.3948,-26.6388],[151.3786,-26.6296],[151.3711,-26.632],[151.3687,-26.6243],[151.3519,-26.6172],[151.3498,-26.6082],[151.3335,-26.6017],[151.3228,-26.5858],[151.3138,-26.591],[151.2877,-26.5574],[151.2875,-26.5449],[151.2576,-26.5482],[151.2497,-26.5424],[151.2467,-26.5265],[151.2379,-26.5227],[151.2297,-26.5271],[151.2122,-26.514],[151.2042,-26.5009],[151.2077,-26.4788],[151.077,-26.4628],[151.1149,-26.3793],[151.1357,-26.2631],[151.0659,-26.2546],[151.0167,-26.2562],[151.0132,-26.1919],[151.0229,-26.195],[151.0733,-26.1728],[151.0764,-26.1618],[151.0998,-26.1603],[151.0987,-26.1499],[151.1159,-26.1409],[151.1393,-26.1592],[151.1588,-26.1545],[151.1595,-26.1208],[151.1499,-26.1054],[151.1344,-26.1053],[151.1154,-26.1187],[151.0739,-26.0953],[151.0673,-26.0854],[151.0562,-26.0905],[151.0159,-26.0772],[150.984,-26.0078],[150.9331,-26.0132],[150.9141,-26.0041],[150.906,-26.0083],[150.9039,-26.0194],[150.8496,-26.0564],[150.7898,-26.0489],[150.7809,-26.0285],[150.786,-26.0187],[150.7758,-26.0122],[150.7636,-25.9816],[150.7144,-25.9849],[150.7021,-25.9739],[150.6728,-25.9696],[150.6689,-25.9427],[150.685,-25.9139],[150.6784,-25.889],[150.6987,-25.8558],[150.6492,-25.8033],[150.6569,-25.801],[150.6441,-25.7862],[150.6684,-25.7583],[150.6637,-25.7577],[150.6643,-25.7327],[150.6496,-25.7262],[150.6431,-25.7157],[150.6636,-25.6843],[150.6542,-25.6598],[150.5912,-25.6527],[150.5853,-25.6435],[150.5703,-25.6382],[150.5242,-25.6454],[150.4955,-25.6284],[150.4839,-25.6061],[150.4461,-25.5988],[150.4367,-25.6064],[150.4426,-25.6218],[150.4365,-25.6614],[150.4185,-25.6752],[150.4341,-25.7336],[150.426,-25.774],[150.4179,-25.7891],[150.3951,-25.796],[150.3867,-25.8058],[150.3888,-25.8145],[150.3454,-25.8177],[150.3367,-25.7904],[150.2951,-25.7802],[150.2819,-25.7788],[150.2791,-25.7963],[150.2579,-25.7884],[150.2496,-25.7882],[150.2483,-25.7954],[150.2367,-25.7888],[150.1745,-25.7801],[150.1806,-25.8052],[150.1592,-25.8191],[150.1415,-25.823],[150.1287,-25.8185],[150.0963,-25.7943],[150.0854,-25.812],[150.0559,-25.8131],[150.0499,-25.8399],[150.0429,-25.8324],[150.0301,-25.8362],[150.027,-25.8297],[150.0217,-25.8652],[149.9901,-25.8471],[149.9649,-25.8511],[149.9504,-25.8397],[149.932,-25.8394],[149.9144,-25.8217],[149.8973,-25.8148],[149.8945,-25.8237],[149.8867,-25.8209],[149.8825,-25.8294],[149.8508,-25.8375],[149.8236,-25.8283],[149.8215,-25.84],[149.8277,-25.8432],[149.8178,-25.8516],[149.7973,-25.8489],[149.7874,-25.858],[149.7709,-25.8524],[149.7663,-25.8595],[149.783,-25.8907],[149.7714,-25.906],[149.7359,-25.8495],[149.6819,-25.8723],[149.6492,-25.8945],[149.5849,-25.8864],[149.5755,-25.9442],[149.4768,-25.9335],[149.4835,-25.8919],[149.4014,-25.8825],[149.3986,-25.876],[149.365,-25.8981],[149.3463,-25.919],[149.3278,-25.9252],[149.3028,-25.9661],[149.138,-25.9458],[149.1246,-25.9511],[149.0973,-25.9479],[149.1353,-26.0444],[149.2181,-26.0535],[149.2122,-26.0757],[149.2203,-26.1158],[149.2038,-26.128],[149.1977,-26.1484],[149.1743,-26.163],[149.1781,-26.177],[149.1633,-26.1972],[149.1623,-26.239],[149.154,-26.2511],[149.1615,-26.2599],[149.1661,-26.2842],[149.1554,-26.3084],[149.18,-26.3132],[149.1841,-26.3217],[149.2164,-26.3037],[149.2727,-26.2994],[149.2973,-26.2823],[149.3502,-26.2912],[149.3729,-26.2869],[149.378,-26.2952],[149.3893,-26.2908],[149.3997,-26.2763],[149.4432,-26.3026],[149.4419,-26.3151],[149.4642,-26.3115],[149.4756,-26.2957],[149.4739,-26.2863],[149.5117,-26.2901],[149.4939,-26.3017],[149.508,-26.3085],[149.5123,-26.3223],[149.505,-26.3358],[149.5462,-26.3275],[149.5497,-26.3325],[149.5653,-26.3323],[149.5694,-26.303],[149.6149,-26.3079],[149.6228,-26.2988],[149.6648,-26.3103],[149.6762,-26.3063],[149.7086,-26.3124],[149.7183,-26.2911],[149.8165,-26.3029],[149.8139,-26.309],[149.8316,-26.3175],[149.8216,-26.3799],[149.805,-26.3936],[149.7732,-26.4011],[149.7721,-26.3932],[149.7508,-26.39],[149.7462,-26.4186],[149.7318,-26.4167],[149.7285,-26.4372],[149.7223,-26.4364],[149.6855,-26.4649],[149.7276,-26.4703],[149.7014,-26.4985],[149.6971,-26.5171],[149.7052,-26.5181],[149.7029,-26.5326],[149.7107,-26.5336],[149.7075,-26.553],[149.698,-26.551],[149.6964,-26.5912],[149.6702,-26.5879],[149.6672,-26.6063],[149.7019,-26.6109],[149.6967,-26.6438],[149.6712,-26.6683],[149.676,-26.7263],[149.6633,-26.7583],[149.6746,-26.7598],[149.6842,-26.7737]]]},"properties":{"lga_code_2023":"37310","lga_name_2023":"Western Downs","state_code_2021":"3"}},{"type":"Feature","geometry":{"type":"MultiPolygon","coordinates":[[[[147.4791,-19.9798],[147.4671,-20.0959],[147.386,-20.0872],[147.3889,-20.0693],[147.3202,-20.0522],[147.2995,-20.0283],[147.3022,-20.0146],[147.2734,-20.0284],[147.2947,-20.069],[147.2744,-20.1243],[147.2945,-20.1611],[147.3092,-20.2217],[147.311,-20.2706],[147.2996,-20.3183],[147.3172,-20.3656],[147.3477,-20.3968],[147.341,-20.4247],[147.2978,-20.4474],[147.2906,-20.4764],[147.301,-20.5038],[147.2848,-20.5246],[147.2786,-20.5546],[147.2641,-20.5598],[147.2414,-20.5845],[147.2146,-20.5767],[147.2095,-20.5871],[147.1797,-20.6047],[147.178,-20.6186],[147.1561,-20.6517],[147.1118,-20.6359],[147.0789,-20.6528],[147.0622,-20.6271],[147.0363,-20.6293],[147.0148,-20.6062],[146.976,-20.6197],[146.9726,-20.6329],[146.986,-20.6625],[146.9613,-20.6844],[146.9656,-20.7144],[146.9612,-20.7402],[146.9417,-20.7533],[146.9204,-20.7574],[146.9099,-20.7867],[146.889,-20.7908],[146.8746,-20.8018],[146.8616,-20.7965],[146.8518,-20.8129],[146.8628,-20.8473],[146.856,-20.8702],[146.866,-20.886],[146.8535,-20.9192],[146.8837,-20.9976],[146.8604,-21.0312],[146.8617,-21.0622],[146.8537,-21.0713],[146.8488,-21.1009],[146.8826,-21.1703],[146.866,-21.1912],[146.8909,-21.2218],[146.915,-21.2268],[146.932,-21.2384],[146.9497,-21.2396],[146.9605,-21.2521],[146.9661,-21.2787],[146.9593,-21.3004],[146.9178,-21.3255],[146.9046,-21.3503],[146.8785,-21.3696],[146.8761,-21.4001],[146.8984,-21.4348],[146.9097,-21.4411],[146.9055,-21.4746],[146.9312,-21.5134],[146.9603,-21.5129],[147.0177,-21.5258],[147.0325,-21.5226],[147.1392,-21.5558],[147.1599,-21.5715],[147.1802,-21.6182],[147.1798,-21.6315],[147.2157,-21.6714],[147.2329,-21.6684],[147.2476,-21.6564],[147.3007,-21.6547],[147.3105,-21.6469],[147.3247,-21.6586],[147.3468,-21.6579],[147.3636,-21.6767],[147.3876,-21.6792],[147.3908,-21.6864],[147.4398,-21.6901],[147.4853,-21.6762],[147.5096,-21.6538],[147.5369,-21.6544],[147.5436,-21.6425],[147.5867,-21.6403],[147.6062,-21.6213],[147.6113,-21.5991],[147.6343,-21.5946],[147.6329,-21.5803],[147.6453,-21.5664],[147.65,-21.5383],[147.6457,-21.5098],[147.6573,-21.4901],[147.6998,-21.4739],[147.7243,-21.4377],[147.7226,-21.4286],[147.7324,-21.4297],[147.7461,-21.4203],[147.7358,-21.3993],[147.7477,-21.3886],[147.7478,-21.3799],[147.7691,-21.364],[147.7771,-21.3474],[147.7976,-21.345],[147.8041,-21.3224],[147.8252,-21.3121],[147.8191,-21.3047],[147.8248,-21.2948],[147.8073,-21.2852],[147.8102,-21.2546],[147.8002,-21.2448],[147.8011,-21.2312],[147.7784,-21.2292],[147.777,-21.2241],[147.7865,-21.2184],[147.7809,-21.2007],[147.7637,-21.2066],[147.7639,-21.1896],[147.8096,-21.1947],[147.815,-21.2003],[147.8073,-21.2165],[147.8172,-21.2225],[147.815,-21.2285],[147.8201,-21.2339],[147.829,-21.2265],[147.8434,-21.2315],[147.8426,-21.2631],[147.8633,-21.2549],[147.8699,-21.2705],[147.8806,-21.2636],[147.8962,-21.2768],[147.9451,-21.2906],[147.9857,-21.2894],[148.0272,-21.2699],[148.0567,-21.2442],[148.0726,-21.2426],[148.0893,-21.2241],[148.094,-21.2026],[148.0648,-21.1711],[148.0261,-21.101],[148.016,-21.0656],[148.0273,-21.0518],[148.0232,-21.0485],[148.029,-21.0368],[148.0219,-21.0166],[148.0131,-21.0103],[148.0095,-20.9887],[148.0286,-20.9853],[148.0479,-21.0157],[148.0677,-21.0264],[148.0919,-21.0193],[148.1033,-20.9999],[148.134,-20.9901],[148.1353,-20.9978],[148.2271,-20.9308],[148.1914,-20.8818],[148.1795,-20.8823],[148.1513,-20.8487],[148.149,-20.8415],[148.1603,-20.8281],[148.157,-20.8193],[148.1657,-20.8093],[148.1654,-20.7711],[148.303,-20.7872],[148.3013,-20.8007],[148.3611,-20.8074],[148.457,-20.7371],[148.4479,-20.7358],[148.4483,-20.7011],[148.4575,-20.6944],[148.481,-20.6981],[148.4911,-20.6217],[148.5268,-20.6538],[148.5704,-20.6242],[148.5554,-20.6009],[148.5562,-20.5804],[148.5886,-20.601],[148.6001,-20.5933],[148.6068,-20.5677],[148.6362,-20.5499],[148.6717,-20.569],[148.7051,-20.5205],[148.7151,-20.4948],[148.7136,-20.4834],[148.6903,-20.4575],[148.6919,-20.446],[148.6796,-20.4425],[148.6843,-20.436],[148.7359,-20.4818],[148.7526,-20.4729],[148.7636,-20.4797],[148.7822,-20.4643],[148.7844,-20.4518],[148.7757,-20.4317],[148.7584,-20.4263],[148.7561,-20.4189],[148.7859,-20.4304],[148.7841,-20.438],[148.7939,-20.4537],[148.797,-20.4471],[148.7879,-20.4289],[148.7909,-20.4152],[148.7979,-20.4155],[148.8007,-20.4237],[148.8091,-20.4186],[148.8147,-20.4226],[148.8134,-20.4399],[148.8218,-20.443],[148.8228,-20.4249],[148.8255,-20.447],[148.8318,-20.4506],[148.824,-20.4492],[148.8237,-20.4571],[148.8173,-20.4581],[148.8248,-20.474],[148.8311,-20.475],[148.8232,-20.4777],[148.8243,-20.5009],[148.845,-20.5032],[148.8463,-20.5153],[148.8504,-20.5103],[148.8566,-20.5155],[148.8574,-20.5282],[148.8848,-20.5232],[148.8952,-20.544],[148.906,-20.5355],[148.9301,-20.5338],[148.9197,-20.5136],[148.8841,-20.4881],[148.8909,-20.477],[148.9112,-20.4795],[148.9028,-20.467],[148.8926,-20.4646],[148.8802,-20.4723],[148.8468,-20.4317],[148.8387,-20.431],[148.8396,-20.3916],[148.8237,-20.3868],[148.82,-20.3922],[148.8164,-20.3849],[148.8311,-20.3844],[148.8347,-20.3794],[148.8279,-20.3654],[148.8372,-20.3662],[148.8407,-20.3519],[148.8257,-20.3377],[148.8228,-20.3551],[148.8184,-20.3545],[148.8166,-20.3438],[148.807,-20.3426],[148.8223,-20.3319],[148.8163,-20.3215],[148.7919,-20.3213],[148.793,-20.3137],[148.7691,-20.2997],[148.7664,-20.2869],[148.7725,-20.2844],[148.7855,-20.2933],[148.7883,-20.288],[148.7942,-20.2907],[148.791,-20.2788],[148.7948,-20.283],[148.8018,-20.278],[148.7776,-20.2741],[148.7693,-20.236],[148.7523,-20.2357],[148.7527,-20.2622],[148.7337,-20.2538],[148.7325,-20.271],[148.7386,-20.2818],[148.7255,-20.2765],[148.7283,-20.2658],[148.7204,-20.2684],[148.7155,-20.2627],[148.6774,-20.2836],[148.6723,-20.2752],[148.6851,-20.2414],[148.679,-20.231],[148.6689,-20.2472],[148.6628,-20.2475],[148.6677,-20.2334],[148.6606,-20.2167],[148.6768,-20.1917],[148.6772,-20.1773],[148.6761,-20.1888],[148.653,-20.2161],[148.6429,-20.2139],[148.6481,-20.2013],[148.6463,-20.1782],[148.6394,-20.1709],[148.6286,-20.191],[148.6336,-20.209],[148.63,-20.2195],[148.6228,-20.2153],[148.6146,-20.2204],[148.6012,-20.2109],[148.6199,-20.1767],[148.5992,-20.2013],[148.5826,-20.1976],[148.5828,-20.1817],[148.598,-20.1663],[148.5911,-20.1715],[148.585,-20.1647],[148.5778,-20.1726],[148.5703,-20.1703],[148.5769,-20.1545],[148.566,-20.15],[148.5799,-20.1344],[148.5784,-20.1273],[148.567,-20.1327],[148.5679,-20.1188],[148.5548,-20.1139],[148.5527,-20.0942],[148.5661,-20.0822],[148.5629,-20.0667],[148.5409,-20.0763],[148.5299,-20.0938],[148.5133,-20.0933],[148.5073,-20.0871],[148.495,-20.0885],[148.494,-20.0794],[148.4872,-20.0815],[148.4745,-20.0646],[148.452,-20.0594],[148.4407,-20.0736],[148.4436,-20.1111],[148.4477,-20.1167],[148.4562,-20.111],[148.479,-20.1175],[148.4604,-20.1438],[148.4481,-20.1446],[148.4373,-20.1541],[148.4349,-20.1685],[148.4218,-20.1605],[148.3894,-20.1637],[148.342,-20.153],[148.3386,-20.1396],[148.3208,-20.1361],[148.3034,-20.1107],[148.2777,-20.0996],[148.2742,-20.0866],[148.2835,-20.0775],[148.2528,-20.0576],[148.2369,-20.0544],[148.2306,-20.0453],[148.2291,-20.0383],[148.2403,-20.0226],[148.2475,-20.0188],[148.2512,-20.0246],[148.2586,-20.0188],[148.2675,-20.0237],[148.2681,-19.9924],[148.2598,-19.9754],[148.2567,-19.9853],[148.2392,-19.9843],[148.2201,-19.956],[148.1862,-19.9441],[148.1645,-19.958],[148.1132,-19.9414],[148.0972,-19.9249],[148.0801,-19.8819],[148.0632,-19.8904],[148.047,-19.8859],[148.0262,-19.894],[148.0176,-19.9131],[147.9922,-19.9276],[147.9503,-19.9158],[147.9385,-19.9185],[147.9178,-19.9083],[147.8648,-19.851],[147.8457,-19.7821],[147.8525,-19.769],[147.8514,-19.7393],[147.846,-19.7276],[147.8373,-19.7274],[147.8235,-19.7097],[147.7523,-19.7066],[147.7609,-19.7269],[147.7449,-19.769],[147.7689,-19.7919],[147.7718,-19.8109],[147.7666,-19.8166],[147.7726,-19.8268],[147.7646,-19.8371],[147.7471,-19.8339],[147.7293,-19.8377],[147.7359,-19.8411],[147.7096,-19.8415],[147.7,-19.8355],[147.7106,-19.8237],[147.7038,-19.832],[147.6805,-19.8315],[147.6672,-19.8245],[147.6634,-19.8109],[147.602,-19.7993],[147.5373,-19.8153],[147.5371,-19.8335],[147.5083,-19.8508],[147.5098,-19.8734],[147.4914,-19.8714],[147.4791,-19.9798]]],[[[148.8732,-20.6169],[148.8758,-20.6134],[148.8643,-20.6071],[148.8699,-20.612],[148.8654,-20.6186],[148.8732,-20.6169]]],[[[148.8797,-20.6015],[148.8817,-20.6056],[148.8787,-20.5906],[148.8797,-20.6015]]],[[[148.8626,-20.5831],[148.8661,-20.5817],[148.8588,-20.5804],[148.8626,-20.5831]]],[[[149.123,-20.3576],[149.1269,-20.348],[149.1199,-20.343],[149.1163,-20.3533],[149.123,-20.3576]]],[[[149.1148,-20.2768],[149.1155,-20.2794],[149.1164,-20.273],[149.1148,-20.2768]]],[[[149.1719,-20.2504],[149.178,-20.2504],[149.1736,-20.2411],[149.1719,-20.2504]]],[[[148.8837,-20.0602],[148.8947,-20.0626],[148.8981,-20.0505],[148.881,-20.037],[148.8784,-20.0532],[148.8837,-20.0602]]],[[[148.359,-19.7247],[148.357,-19.7294],[148.3637,-19.7299],[148.359,-19.7247]]],[[[149.1548,-20.2432],[149.1572,-20.2372],[149.153,-20.2361],[149.1548,-20.2432]]],[[[149.1612,-20.2362],[149.1606,-20.2337],[149.16,-20.2356],[149.1612,-20.2362]]],[[[149.1428,-20.2276],[149.1424,-20.2255],[149.1417,-20.2265],[149.1428,-20.2276]]],[[[149.1424,-20.2341],[149.1426,-20.2314],[149.1418,-20.2325],[149.1424,-20.2341]]],[[[149.1235,-20.2725],[149.1234,-20.2649],[149.1192,-20.2716],[149.1235,-20.2725]]],[[[149.1154,-20.1973],[149.1157,-20.196],[149.1146,-20.1964],[149.1154,-20.1973]]],[[[147.8981,-19.8529],[147.905,-19.8485],[147.9003,-19.8492],[147.8981,-19.8529]]],[[[148.8176,-20.5045],[148.8218,-20.5041],[148.8179,-20.5029],[148.8176,-20.5045]]],[[[149.0363,-20.1594],[149.0232,-20.1557],[149.0207,-20.1628],[149.0286,-20.1637],[149.0387,-20.1829],[149.0427,-20.1768],[149.0366,-20.1649],[149.0442,-20.1559],[149.0381,-20.1502],[149.0363,-20.1594]]],[[[149.0061,-20.1753],[149.0106,-20.1719],[149.0052,-20.1737],[149.0061,-20.1753]]],[[[149.0739,-20.1615],[149.0725,-20.1561],[149.0707,-20.1574],[149.0739,-20.1615]]],[[[148.8922,-20.0849],[148.892,-20.082],[148.8915,-20.0842],[148.8922,-20.0849]]],[[[148.5799,-20.1458],[148.5814,-20.1443],[148.5809,-20.1443],[148.5799,-20.1458]]],[[[149.1098,-20.2864],[149.107,-20.2653],[149.1041,-20.2763],[149.1103,-20.2767],[149.1098,-20.2864]]],[[[148.9532,-20.2506],[148.9428,-20.2682],[148.9367,-20.2685],[148.9377,-20.2627],[148.9309,-20.27],[148.9271,-20.2815],[148.9127,-20.2821],[148.9127,-20.291],[148.929,-20.2862],[148.923,-20.2958],[148.9322,-20.2944],[148.9312,-20.3023],[148.9376,-20.3071],[148.9531,-20.294],[148.9574,-20.2807],[148.9592,-20.288],[148.9663,-20.2802],[148.9685,-20.2653],[148.9749,-20.2688],[148.9499,-20.303],[148.9516,-20.3078],[148.9555,-20.3018],[148.9624,-20.3036],[148.9632,-20.3288],[148.9866,-20.3225],[148.9785,-20.3137],[148.9903,-20.3008],[149.0221,-20.3214],[149.0329,-20.3005],[149.0346,-20.3087],[149.0434,-20.3022],[149.0468,-20.3095],[149.0631,-20.2942],[149.0431,-20.2871],[149.0253,-20.2554],[149.0203,-20.2698],[149.015,-20.2697],[149.0259,-20.2349],[149.0045,-20.2555],[149.0108,-20.2329],[148.9916,-20.2504],[148.9959,-20.2283],[148.9893,-20.2239],[148.998,-20.2097],[148.9942,-20.2021],[148.9762,-20.2052],[148.9838,-20.1851],[148.9732,-20.1744],[148.9783,-20.1619],[148.9668,-20.1561],[148.956,-20.158],[148.9603,-20.1873],[148.9521,-20.2194],[148.9399,-20.2259],[148.938,-20.2373],[148.9421,-20.2434],[148.9585,-20.2276],[148.9548,-20.2395],[148.962,-20.2449],[148.9532,-20.2506]]],[[[148.9485,-20.0835],[148.9577,-20.0787],[148.9573,-20.0706],[148.9682,-20.0702],[148.9593,-20.0598],[148.9346,-20.0682],[148.9298,-20.0764],[148.9274,-20.0726],[148.9264,-20.0817],[148.9197,-20.0725],[148.9227,-20.0621],[148.9068,-20.0713],[148.9022,-20.0796],[148.9119,-20.0881],[148.9069,-20.0979],[148.9116,-20.1004],[148.9041,-20.1099],[148.8893,-20.1114],[148.8843,-20.1227],[148.8886,-20.1291],[148.8817,-20.1616],[148.8854,-20.1587],[148.8876,-20.1692],[148.9024,-20.1498],[148.9001,-20.1395],[148.9052,-20.1432],[148.9156,-20.1234],[148.9022,-20.1661],[148.915,-20.1742],[148.9205,-20.1452],[148.93,-20.1328],[148.9345,-20.1576],[148.9263,-20.1695],[148.9315,-20.1783],[148.9513,-20.1565],[148.9458,-20.1533],[148.944,-20.1266],[148.9383,-20.1206],[148.9423,-20.1134],[148.9366,-20.1071],[148.9454,-20.0937],[148.9573,-20.1063],[148.9593,-20.0946],[148.95,-20.0925],[148.9485,-20.0835]]],[[[148.8507,-20.3442],[148.8565,-20.3334],[148.8544,-20.316],[148.8473,-20.3209],[148.8506,-20.3332],[148.8445,-20.3356],[148.8517,-20.3816],[148.8643,-20.3956],[148.8742,-20.3947],[148.8722,-20.3757],[148.8507,-20.3442]]],[[[149.0943,-20.2709],[149.0895,-20.2651],[149.0756,-20.2702],[149.0702,-20.2931],[149.0771,-20.2933],[149.0752,-20.3012],[149.0855,-20.2947],[149.0849,-20.3045],[149.0941,-20.2997],[149.0883,-20.281],[149.1018,-20.2664],[149.1033,-20.2505],[149.0943,-20.2709]]],[[[148.961,-20.3481],[148.947,-20.3322],[148.9448,-20.3642],[148.9527,-20.3617],[148.9529,-20.3768],[148.9613,-20.3567],[148.9678,-20.352],[148.9666,-20.3656],[148.9767,-20.3648],[148.9822,-20.3482],[148.961,-20.3481]]],[[[148.8467,-20.2706],[148.8494,-20.257],[148.838,-20.2622],[148.8302,-20.2558],[148.8265,-20.2849],[148.8398,-20.2804],[148.8467,-20.2706]]],[[[148.9364,-20.3635],[148.9356,-20.3398],[148.9278,-20.3373],[148.9281,-20.3695],[148.9404,-20.3808],[148.9364,-20.3635]]],[[[148.9082,-20.2725],[148.9213,-20.2712],[148.9222,-20.2525],[148.91,-20.2576],[148.9082,-20.2725]]],[[[148.8295,-20.2413],[148.8253,-20.2246],[148.8101,-20.2141],[148.8295,-20.2413]]],[[[148.8935,-20.3814],[148.8892,-20.3697],[148.8828,-20.3689],[148.8961,-20.3851],[148.8935,-20.3814]]],[[[149.067,-20.3047],[149.0701,-20.3094],[149.0747,-20.3055],[149.0683,-20.2997],[149.067,-20.3047]],[[148.9269,-20.3189],[148.9277,-20.3256],[148.9239,-20.3112],[148.9269,-20.3189]]],[[[148.996,-20.353],[148.9907,-20.3496],[148.9891,-20.3566],[148.996,-20.353]]],[[[148.8022,-20.2968],[148.8001,-20.2909],[148.8027,-20.3004],[148.8022,-20.2968]]],[[[148.8129,-20.2558],[148.8146,-20.2608],[148.8159,-20.2518],[148.8129,-20.2558]]],[[[149.096,-20.3074],[149.0973,-20.3042],[149.095,-20.3026],[149.096,-20.3074]]],[[[148.8313,-20.2484],[148.8296,-20.2455],[148.8318,-20.2521],[148.8313,-20.2484]]],[[[149.0396,-20.2342],[149.0448,-20.2311],[149.0399,-20.2311],[149.0396,-20.2342]]],[[[148.7937,-20.2992],[148.7961,-20.3004],[148.7975,-20.2974],[148.7937,-20.2992]]],[[[148.8516,-20.2671],[148.8528,-20.2702],[148.8537,-20.2645],[148.8516,-20.2671]]],[[[148.9972,-20.3579],[148.9963,-20.3598],[148.9996,-20.3545],[148.9972,-20.3579]]],[[[148.8512,-20.2829],[148.8487,-20.2813],[148.8511,-20.2854],[148.8512,-20.2829]]],[[[148.8461,-20.4234],[148.8423,-20.4232],[148.8472,-20.4245],[148.8461,-20.4234]]],[[[148.8429,-20.2799],[148.8446,-20.2801],[148.8449,-20.2784],[148.8429,-20.2799]]],[[[148.7916,-20.2962],[148.79,-20.2942],[148.7901,-20.2969],[148.7916,-20.2962]]],[[[148.9595,-20.331],[148.9619,-20.3311],[148.961,-20.3296],[148.9595,-20.331]]],[[[148.7955,-20.2873],[148.7947,-20.2879],[148.7962,-20.2889],[148.7955,-20.2873]]],[[[148.6953,-20.267],[148.6963,-20.2663],[148.6962,-20.2646],[148.6953,-20.267]]],[[[148.8493,-20.4267],[148.8504,-20.4267],[148.8493,-20.4262],[148.8493,-20.4267]]],[[[148.8101,-20.3029],[148.8102,-20.3019],[148.81,-20.3019],[148.8101,-20.3029]]],[[[148.4785,-20.0018],[148.4674,-19.9959],[148.4577,-19.9747],[148.4452,-19.974],[148.4396,-19.9873],[148.4444,-20.0069],[148.438,-20.0211],[148.447,-20.0356],[148.4445,-20.0444],[148.4573,-20.0518],[148.4747,-20.0497],[148.4785,-20.0018]]],[[[148.2777,-20.038],[148.2861,-20.0407],[148.2942,-20.0319],[148.2848,-20.0336],[148.2826,-20.027],[148.2777,-20.038]]],[[[148.6008,-20.1479],[148.6006,-20.1529],[148.6051,-20.148],[148.6138,-20.1516],[148.6128,-20.1384],[148.6066,-20.138],[148.6008,-20.1479]]],[[[148.6524,-20.1064],[148.6545,-20.0925],[148.6455,-20.1003],[148.6524,-20.1064]]],[[[148.5457,-20.0595],[148.5418,-20.0565],[148.5358,-20.0654],[148.5457,-20.0595]]],[[[148.5744,-20.1044],[148.5723,-20.0956],[148.5696,-20.1037],[148.5744,-20.1044]]],[[[148.6044,-20.0992],[148.6126,-20.0942],[148.6072,-20.0937],[148.6044,-20.0992]]],[[[148.3614,-19.9851],[148.3697,-19.9843],[148.364,-19.9814],[148.3614,-19.9851]]],[[[148.7162,-20.104],[148.7246,-20.102],[148.7162,-20.0999],[148.7162,-20.104]]],[[[148.3105,-20.1046],[148.3177,-20.1027],[148.3146,-20.1004],[148.3105,-20.1046]]],[[[148.5542,-19.9973],[148.5601,-19.9888],[148.5543,-19.9945],[148.5542,-19.9973]]],[[[148.7091,-20.1108],[148.7099,-20.1049],[148.7079,-20.1071],[148.7091,-20.1108]]],[[[148.6253,-20.0162],[148.6266,-20.0196],[148.6253,-20.0142],[148.6253,-20.0162]]],[[[148.2974,-20.0827],[148.2997,-20.0807],[148.2985,-20.0803],[148.2974,-20.0827]]],[[[148.8731,-20.0805],[148.8741,-20.079],[148.8712,-20.0792],[148.8731,-20.0805]]],[[[148.8731,-20.0606],[148.8745,-20.0596],[148.8736,-20.0585],[148.8731,-20.0606]]],[[[148.44,-20.0628],[148.4418,-20.0633],[148.4403,-20.0618],[148.44,-20.0628]]]]},"properties":{"lga_code_2023":"37340","lga_name_2023":"Whitsunday","state_code_2021":"3"}},{"type":"Feature","geometry":{"type":"Polygon","coordinates":[[[141.9393,-21.8067],[141.7405,-21.7917],[141.7383,-21.807],[141.58,-21.7932],[141.5832,-21.756],[141.5078,-21.7505],[141.4833,-21.9472],[141.3097,-21.9397],[141.2845,-21.9888],[141.2943,-22.0619],[141.1986,-22.0552],[141.1829,-22.2496],[141.2535,-22.3214],[141.2458,-22.3354],[141.0797,-22.4656],[141.1989,-22.5976],[141.1456,-22.6334],[141.1339,-22.6213],[141.0908,-22.6182],[141.1028,-22.6901],[141.1173,-22.7027],[141.1229,-22.7492],[141.1145,-22.7745],[141.1223,-22.8045],[140.9991,-22.8984],[140.9861,-22.8943],[140.988,-22.9122],[141.0227,-22.9233],[141.0464,-22.9477],[140.9246,-23.0444],[140.947,-23.0678],[140.8222,-23.1615],[141.0314,-23.3838],[141.1551,-23.2908],[141.377,-23.5276],[141.3926,-23.53],[141.3882,-23.5334],[141.531,-23.6894],[141.6794,-23.7055],[141.6804,-23.6909],[141.8288,-23.6918],[141.9879,-23.7063],[141.9892,-23.6924],[142.145,-23.7008],[142.1596,-23.5707],[142.3973,-23.586],[142.3954,-23.6138],[142.457,-23.6172],[142.4548,-23.6662],[142.6308,-23.677],[142.8779,-23.7021],[142.8867,-23.6486],[142.8087,-23.6371],[142.8283,-23.5096],[142.8377,-23.5037],[142.8472,-23.5087],[142.8495,-23.4938],[142.8355,-23.4926],[142.8515,-23.3473],[142.9063,-23.3515],[142.8992,-23.3384],[142.9098,-23.3188],[142.9227,-23.3096],[142.9463,-23.3344],[143.0696,-23.239],[142.9795,-23.1368],[143.0064,-22.9894],[143.1082,-22.9975],[143.2435,-22.8901],[143.2536,-22.7993],[143.265,-22.7941],[143.2988,-22.7548],[143.2924,-22.731],[143.2995,-22.7235],[143.3974,-22.7286],[143.4001,-22.6703],[143.4797,-22.6718],[143.6317,-22.5576],[143.5832,-22.505],[143.5854,-22.483],[143.5959,-22.4844],[143.6933,-22.4113],[143.6982,-22.4169],[143.8332,-22.3148],[143.844,-22.203],[144.0195,-22.2183],[144.02,-22.2136],[144.1663,-22.2236],[144.1596,-22.2971],[144.3036,-22.3066],[144.3194,-22.3458],[144.3574,-22.3485],[144.4179,-22.2866],[144.4913,-22.185],[144.5005,-22.1857],[144.5018,-22.1651],[144.3978,-22.1571],[144.4028,-22.1133],[144.4139,-22.0984],[144.4172,-22.0617],[144.2685,-22.0479],[144.2634,-21.9974],[144.1803,-21.9896],[144.1885,-21.9084],[144.1843,-21.9133],[144.0388,-21.8947],[144.0446,-21.8303],[143.7818,-21.8141],[143.6308,-21.7974],[143.6493,-21.6412],[143.3288,-21.6119],[143.3595,-21.322],[143.188,-21.3087],[142.9533,-21.4938],[142.9424,-21.4817],[142.8621,-21.5451],[142.8154,-21.4931],[142.694,-21.5879],[142.7185,-21.6149],[142.6514,-21.6675],[142.6565,-21.6104],[142.4956,-21.598],[142.4912,-21.6442],[142.3326,-21.6363],[142.3352,-21.6071],[142.2282,-21.5963],[142.2318,-21.5509],[142.072,-21.5408],[142.0694,-21.6047],[142.0645,-21.6084],[142.0692,-21.6104],[142.0662,-21.6951],[142.0487,-21.816],[141.9393,-21.8067]]]},"properties":{"lga_code_2023":"37400","lga_name_2023":"Winton","state_code_2021":"3"}},{"type":"Feature","geometry":{"type":"MultiPolygon","coordinates":[[[[149.3513,-24.1998],[149.3726,-24.2404],[149.3817,-24.2402],[149.3935,-24.2314],[149.4686,-24.2134],[149.4766,-24.1913],[149.494,-24.1778],[149.5024,-24.1614],[149.504,-24.0196],[149.5106,-23.9998],[149.5022,-23.9986],[149.4951,-23.9879],[149.3994,-24.1242],[149.4064,-24.1334],[149.4041,-24.1443],[149.3765,-24.1655],[149.3513,-24.1998]]],[[[149.4028,-24.6224],[149.4093,-24.6073],[149.3714,-24.5915],[149.369,-24.6073],[149.3794,-24.6062],[149.3764,-24.6124],[149.3218,-24.6043],[149.3246,-24.6339],[149.3818,-24.6403],[149.398,-24.6204],[149.4028,-24.6224]]],[[[149.7599,-23.6758],[149.7754,-23.652],[149.7636,-23.6368],[149.7155,-23.6313],[149.7144,-23.6403],[149.7229,-23.6412],[149.7182,-23.6694],[149.7599,-23.6758]]],[[[149.527,-23.5635],[149.532,-23.5273],[149.5026,-23.5232],[149.497,-23.56],[149.527,-23.5635]]],[[[149.7253,-23.5288],[149.7309,-23.5092],[149.7225,-23.4968],[149.7579,-23.4746],[149.7541,-23.4594],[149.7324,-23.4424],[149.735,-23.435],[149.727,-23.427],[149.6329,-23.4633],[149.6267,-23.4528],[149.614,-23.4571],[149.6197,-23.5112],[149.6539,-23.5049],[149.664,-23.5192],[149.6571,-23.5321],[149.6666,-23.535],[149.6903,-23.5293],[149.7007,-23.5367],[149.7122,-23.528],[149.7253,-23.5288]]]]},"properties":{"lga_code_2023":"37550","lga_name_2023":"Woorabinda","state_code_2021":"3"}},{"type":"Feature","geometry":{"type":"Polygon","coordinates":[[[145.3158,-15.9459],[145.3171,-15.961],[145.3041,-15.9607],[145.2962,-15.9691],[145.2998,-15.977],[145.2876,-15.9808],[145.2872,-15.993],[145.2946,-15.9951],[145.3424,-15.9602],[145.3378,-15.9477],[145.3345,-15.956],[145.3203,-15.9569],[145.3262,-15.937],[145.3188,-15.9362],[145.3158,-15.9459]]]},"properties":{"lga_code_2023":"37570","lga_name_2023":"Wujal Wujal","state_code_2021":"3"}},{"type":"Feature","geometry":{"type":"MultiPolygon","coordinates":[[[[145.8622,-16.8935],[145.8506,-16.8792],[145.8519,-16.8942],[145.8372,-16.8982],[145.8545,-16.9192],[145.8483,-16.9295],[145.8655,-16.951],[145.853,-16.9782],[145.858,-16.9862],[145.8531,-17.0035],[145.8579,-17.0228],[145.8525,-17.0277],[145.865,-17.0461],[145.863,-17.0567],[145.8812,-17.0918],[145.8955,-17.1014],[145.8972,-17.1156],[145.9117,-17.1328],[145.9246,-17.1654],[145.9646,-17.1705],[145.9529,-17.1577],[145.9492,-17.1307],[145.929,-17.1173],[145.916,-17.087],[145.8892,-17.0557],[145.8909,-17.0302],[145.9009,-17.0075],[145.8967,-16.9968],[145.9007,-16.9817],[145.9343,-16.9475],[145.931,-16.923],[145.9443,-16.9065],[145.9562,-16.9055],[145.9577,-16.8966],[145.9282,-16.8659],[145.9192,-16.8643],[145.9065,-16.8972],[145.8975,-16.8953],[145.8849,-16.9068],[145.8753,-16.9075],[145.8624,-16.9037],[145.8622,-16.8935]]],[[[145.9011,-16.994],[145.9017,-16.994],[145.9007,-16.9936],[145.9011,-16.994]]],[[[145.8958,-16.8853],[145.8937,-16.8825],[145.8957,-16.8874],[145.8958,-16.8853]]]]},"properties":{"lga_code_2023":"37600","lga_name_2023":"Yarrabah","state_code_2021":"3"}}]}
