state,lga_code,month,solar_n,solar_kw,battery_n,battery_kwh
ACT,89399,2023-01,584.59,5367.01,0,0
ACT,89399,2023-02,836.29,7630.6,0,0
ACT,89399,2023-03,806.8,8113.17,0,0
ACT,89399,2023-04,648.34,6079.32,0,0
ACT,89399,2023-05,786.43,8539.18,0,0
ACT,89399,2023-06,691.98,6724.36,0,0
ACT,89399,2023-07,809.37,8469.97,0,0
ACT,89399,2023-08,788.92,7772.36,0,0
ACT,89399,2023-09,694.08,7283.27,0,0
ACT,89399,2023-10,645.77,6573.14,0,0
ACT,89399,2023-11,573.99,6047.94,0,0
ACT,89399,2023-12,548.65,6699.05,0,0
ACT,89399,2024-01,314.8,2935.94,0,0
ACT,89399,2024-02,456.96,4451.63,0,0
ACT,89399,2024-03,372.95,3713.43,0,0
ACT,89399,2024-04,357.67,3865.06,0,0
ACT,89399,2024-05,393.46,4450.3,0,0
ACT,89399,2024-06,349.96,3304.04,0,0
ACT,89399,2024-07,443.02,4837.08,0,0
ACT,89399,2024-08,390.48,4268.76,0,0
ACT,89399,2024-09,360.21,4117.06,0,0
ACT,89399,2024-10,424.2,4822.53,0,0
ACT,89399,2024-11,393.5,4531.7,0,0
ACT,89399,2024-12,515.75,6189.17,0,0
ACT,89399,2025-01,230.68,2425.95,0,0
ACT,89399,2025-02,330.74,3572.45,0,0
ACT,89399,2025-03,369.24,4259.29,0,0
ACT,89399,2025-04,311.38,3319.44,0,0
ACT,89399,2025-05,341.01,3435.98,0,0
ACT,89399,2025-06,233.44,2648.79,0,0
ACT,89399,2025-07,378.01,4532.75,596.26,9864.45
ACT,89399,2025-08,385.09,4251.43,491.5,9952.86
ACT,89399,2025-09,402.35,4842.91,578.74,13290.81
ACT,89399,2025-10,425.06,5480.03,664.92,16346.81
ACT,89399,2025-11,417.63,5272.23,666.56,17994.66
ACT,89399,2025-12,594.88,7542.07,865.47,27143.92
ACT,89399,2026-01,292.59,3311.48,477.18,13720.21
ACT,89399,2026-02,420.82,4850.62,714.58,21585.03
ACT,89399,2026-03,496.08,5984.24,962.76,33323.43
ACT,89399,2026-04,762.18,9989.13,1573.48,58253.31
ACT,89399,2026-05,376.89,3978.87,432.17,9566.83
ACT,89399,2026-06,389.27,4507.68,597.96,14897.48
ACT,89399,2026-07,451.61,5359.45,624.06,16083.66
ACT,89399,2026-08,238.1,2769.14,284.88,7227.26
NSW,10050,2023-01,60.77,533.4,0,0
NSW,10050,2023-02,81.59,774.64,0,0
NSW,10050,2023-03,88.56,958,0,0
NSW,10050,2023-04,63.62,568.48,0,0
NSW,10050,2023-05,109.51,915.43,0,0
NSW,10050,2023-06,67.64,583.14,0,0
NSW,10050,2023-07,71.59,680.56,0,0
NSW,10050,2023-08,94.57,914.55,0,0
NSW,10050,2023-09,86.49,820.78,0,0
NSW,10050,2023-10,89.57,732.7,0,0
NSW,10050,2023-11,129.2,1246.13,0,0
NSW,10050,2023-12,95.5,1188.16,0,0
NSW,10050,2024-01,55.8,486.48,0,0
NSW,10050,2024-02,89.53,853.22,0,0
NSW,10050,2024-03,94.57,843.23,0,0
NSW,10050,2024-04,74.62,628.72,0,0
NSW,10050,2024-05,92.67,794.53,0,0
NSW,10050,2024-06,81.59,836.69,0,0
NSW,10050,2024-07,92.47,921.8,0,0
NSW,10050,2024-08,108.51,1096.04,0,0
NSW,10050,2024-09,66.67,810.39,0,0
NSW,10050,2024-10,64.73,652.08,0,0
NSW,10050,2024-11,71.6,806.21,0,0
NSW,10050,2024-12,98.51,1032.76,0,0
NSW,10050,2025-01,50.67,514.46,0,0
NSW,10050,2025-02,69.67,655.77,0,0
NSW,10050,2025-03,67.82,743.09,0,0
NSW,10050,2025-04,83.53,709.74,0,0
NSW,10050,2025-05,109.26,762.88,0,0
NSW,10050,2025-06,61.82,441.34,0,0
NSW,10050,2025-07,63.99,495.71,110.44,1962.12
NSW,10050,2025-08,51.83,521.55,72.49,1450.76
NSW,10050,2025-09,68.97,691.28,88.62,2074.97
NSW,10050,2025-10,78.79,727.92,102.51,2338.56
NSW,10050,2025-11,83.63,857.9,98.48,2499.92
NSW,10050,2025-12,108.71,1246.6,152.28,4690.86
NSW,10050,2026-01,43.84,437.05,49.78,1135.09
NSW,10050,2026-02,60.8,586.05,98.48,2966.46
NSW,10050,2026-03,93.74,1038.38,164.13,4935.87
NSW,10050,2026-04,137.47,1580.42,255.77,8354.61
NSW,10050,2026-05,73.79,667.07,49.85,953.86
NSW,10050,2026-06,71.69,707.01,72.66,1534.91
NSW,10050,2026-07,79.84,877.44,77.63,1651.87
NSW,10050,2026-08,56.8,526.04,37.7,957.92
NSW,10180,2023-01,22.02,178.76,0,0
NSW,10180,2023-02,38.97,304.06,0,0
NSW,10180,2023-03,36.57,287.21,0,0
NSW,10180,2023-04,34.27,307.66,0,0
NSW,10180,2023-05,25.08,188.23,0,0
NSW,10180,2023-06,40.04,396.18,0,0
NSW,10180,2023-07,35.59,312.56,0,0
NSW,10180,2023-08,47.91,390.69,0,0
NSW,10180,2023-09,36.93,382.74,0,0
NSW,10180,2023-10,57.99,434.4,0,0
NSW,10180,2023-11,26.62,232.71,0,0
NSW,10180,2023-12,26.55,239.85,0,0
NSW,10180,2024-01,22.97,174.98,0,0
NSW,10180,2024-02,27.93,260.89,0,0
NSW,10180,2024-03,36.34,387.14,0,0
NSW,10180,2024-04,23.94,184.7,0,0
NSW,10180,2024-05,51.84,391.16,0,0
NSW,10180,2024-06,29.91,287.25,0,0
NSW,10180,2024-07,43.23,360.42,0,0
NSW,10180,2024-08,29.54,273.02,0,0
NSW,10180,2024-09,24.9,250.05,0,0
NSW,10180,2024-10,20.9,186.07,0,0
NSW,10180,2024-11,27.73,315.67,0,0
NSW,10180,2024-12,26.89,399.85,0,0
NSW,10180,2025-01,24.76,194.27,0,0
NSW,10180,2025-02,22.84,237.61,0,0
NSW,10180,2025-03,25.22,240.67,0,0
NSW,10180,2025-04,17.26,129.86,0,0
NSW,10180,2025-05,27.74,242.23,0,0
NSW,10180,2025-06,22.98,172.94,0,0
NSW,10180,2025-07,38.13,383.26,33.73,506.94
NSW,10180,2025-08,31.61,230.42,19.3,315.51
NSW,10180,2025-09,32.6,250.7,31.62,617.55
NSW,10180,2025-10,40.89,434.5,47.3,1018.71
NSW,10180,2025-11,51.35,566.75,52.31,1264.71
NSW,10180,2025-12,44.03,398.52,44.2,1054.14
NSW,10180,2026-01,14.47,170.65,23.13,659.35
NSW,10180,2026-02,41.87,379.93,37.13,863.79
NSW,10180,2026-03,39.06,367.58,50.35,1566.5
NSW,10180,2026-04,59.9,631.27,85.71,2713.96
NSW,10180,2026-05,27.82,251.17,25.78,476.2
NSW,10180,2026-06,41.24,360.77,36.33,816.45
NSW,10180,2026-07,40.56,334.34,38.25,851.16
NSW,10180,2026-08,20.96,163.25,18.29,445.55
NSW,10250,2023-01,43.91,357.31,0,0
NSW,10250,2023-02,80.58,734.7,0,0
NSW,10250,2023-03,76.72,617.69,0,0
NSW,10250,2023-04,60.44,478.68,0,0
NSW,10250,2023-05,71.65,600.52,0,0
NSW,10250,2023-06,82.65,697.09,0,0
NSW,10250,2023-07,66.61,578.66,0,0
NSW,10250,2023-08,80.51,740.02,0,0
NSW,10250,2023-09,66.67,613.47,0,0
NSW,10250,2023-10,84.64,810.08,0,0
NSW,10250,2023-11,85.43,774.1,0,0
NSW,10250,2023-12,84.46,925.57,0,0
NSW,10250,2024-01,55,546.58,0,0
NSW,10250,2024-02,86.63,740.96,0,0
NSW,10250,2024-03,77.54,665.5,0,0
NSW,10250,2024-04,97.09,818.66,0,0
NSW,10250,2024-05,92.43,991.85,0,0
NSW,10250,2024-06,69.43,691.63,0,0
NSW,10250,2024-07,61.06,590.51,0,0
NSW,10250,2024-08,54.3,461.92,0,0
NSW,10250,2024-09,60.17,656.7,0,0
NSW,10250,2024-10,59.33,609.34,0,0
NSW,10250,2024-11,70.89,890.71,0,0
NSW,10250,2024-12,50.41,533.66,0,0
NSW,10250,2025-01,37.13,357.24,0,0
NSW,10250,2025-02,46.14,468.81,0,0
NSW,10250,2025-03,48.62,399.01,0,0
NSW,10250,2025-04,44.25,375.6,0,0
NSW,10250,2025-05,44.99,396.74,0,0
NSW,10250,2025-06,23.95,329.46,0,0
NSW,10250,2025-07,45.68,419.17,90.33,1318.2
NSW,10250,2025-08,56.81,527.75,96.95,1747.22
NSW,10250,2025-09,69.28,701.81,119.37,2391.79
NSW,10250,2025-10,63.56,687.21,108.43,2595.37
NSW,10250,2025-11,57.08,565.46,126.26,3090.83
NSW,10250,2025-12,79.12,925.86,123.75,3375.03
NSW,10250,2026-01,56.43,479.31,95.13,2257.25
NSW,10250,2026-02,77.36,644.11,134.21,3238.29
NSW,10250,2026-03,70.3,757.38,131.13,3723.25
NSW,10250,2026-04,86.8,1055.93,195.63,6239
NSW,10250,2026-05,60.93,555.98,55.66,1147.46
NSW,10250,2026-06,67.9,647.76,72.77,1481.2
NSW,10250,2026-07,65.59,555.54,74.37,1794.45
NSW,10250,2026-08,56.39,499.19,49.43,1061.15
NSW,10300,2023-01,0.98,10.09,0,0
NSW,10300,2023-02,1.09,23.84,0,0
NSW,10300,2023-03,2.2,96.98,0,0
NSW,10300,2023-04,3.01,58.55,0,0
NSW,10300,2023-05,1.35,9.39,0,0
NSW,10300,2023-06,2.26,23.08,0,0
NSW,10300,2023-07,1.41,10.69,0,0
NSW,10300,2023-08,2.09,102.35,0,0
NSW,10300,2023-09,3.16,29.58,0,0
NSW,10300,2023-10,4.07,39.27,0,0
NSW,10300,2023-11,19.63,102.05,0,0
NSW,10300,2023-12,1.52,12.39,0,0
NSW,10300,2024-01,1,6.83,0,0
NSW,10300,2024-02,2.03,30.1,0,0
NSW,10300,2024-03,7.83,63.42,0,0
NSW,10300,2024-04,3,21.11,0,0
NSW,10300,2024-05,1.1,7.31,0,0
NSW,10300,2024-06,2,26.8,0,0
NSW,10300,2024-07,3.98,51.13,0,0
NSW,10300,2024-08,1.04,15.78,0,0
NSW,10300,2024-09,0.02,0.15,0,0
NSW,10300,2024-10,2.04,17.02,0,0
NSW,10300,2024-11,2.07,43.25,0,0
NSW,10300,2024-12,2.08,15.06,0,0
NSW,10300,2025-01,1.96,26.54,0,0
NSW,10300,2025-02,2.04,18.93,0,0
NSW,10300,2025-03,6.05,68.78,0,0
NSW,10300,2025-04,1.06,7.65,0,0
NSW,10300,2025-05,25.03,130.31,0,0
NSW,10300,2025-06,2.01,23.88,0,0
NSW,10300,2025-07,0,0,0,0
NSW,10300,2025-08,0.04,0.39,0.13,1.92
NSW,10300,2025-09,4.02,34.44,1.19,23.29
NSW,10300,2025-10,2.01,22.01,2.96,63.5
NSW,10300,2025-11,0.11,1.89,2.2,68.8
NSW,10300,2025-12,1.2,10.33,0.18,7.69
NSW,10300,2026-01,0.17,2.25,0,0
NSW,10300,2026-02,0.02,0.34,1.04,32.55
NSW,10300,2026-03,1.19,8.49,2.24,71.35
NSW,10300,2026-04,2.15,24.79,2.19,103.66
NSW,10300,2026-05,1.02,3.25,0.07,1.05
NSW,10300,2026-06,0.98,11.35,1,31.9
NSW,10300,2026-07,1,6.72,0.02,0.45
NSW,10300,2026-08,0.04,0.86,0,0
NSW,10470,2023-01,42.55,253.06,0,0
NSW,10470,2023-02,36.88,422.01,0,0
NSW,10470,2023-03,44.65,400.87,0,0
NSW,10470,2023-04,68.36,528.75,0,0
NSW,10470,2023-05,61.42,484.16,0,0
NSW,10470,2023-06,34.86,340.23,0,0
NSW,10470,2023-07,58.11,431.83,0,0
NSW,10470,2023-08,52.51,478.14,0,0
NSW,10470,2023-09,50.33,584.48,0,0
NSW,10470,2023-10,73.34,651.57,0,0
NSW,10470,2023-11,74.2,860.75,0,0
NSW,10470,2023-12,56.24,577.92,0,0
NSW,10470,2024-01,36.68,394.74,0,0
NSW,10470,2024-02,61.73,636.01,0,0
NSW,10470,2024-03,49.48,484.52,0,0
NSW,10470,2024-04,59.94,556.81,0,0
NSW,10470,2024-05,82.14,848.24,0,0
NSW,10470,2024-06,54.32,581.74,0,0
NSW,10470,2024-07,34.14,446.08,0,0
NSW,10470,2024-08,44.58,423.81,0,0
NSW,10470,2024-09,27.38,345.91,0,0
NSW,10470,2024-10,39.77,395.02,0,0
NSW,10470,2024-11,46.48,447.49,0,0
NSW,10470,2024-12,39.76,523.75,0,0
NSW,10470,2025-01,16.68,192.16,0,0
NSW,10470,2025-02,42.48,399.56,0,0
NSW,10470,2025-03,33.28,385.37,0,0
NSW,10470,2025-04,49.29,453.42,0,0
NSW,10470,2025-05,32.84,365.88,0,0
NSW,10470,2025-06,28.26,247.03,0,0
NSW,10470,2025-07,34.07,336.16,69.74,1083.9
NSW,10470,2025-08,46.43,469.27,61.9,1247.47
NSW,10470,2025-09,35.92,376.25,82.02,1603.02
NSW,10470,2025-10,36.07,457.19,72.82,1721.82
NSW,10470,2025-11,52.31,549.4,99.36,2313.19
NSW,10470,2025-12,70.44,920.08,106.1,2702.84
NSW,10470,2026-01,27.09,255.46,55.06,1469.12
NSW,10470,2026-02,49.2,533.2,91.52,3035.2
NSW,10470,2026-03,56.03,697.37,115.66,3414.98
NSW,10470,2026-04,58.35,720.8,121.11,4046.24
NSW,10470,2026-05,33.89,304.99,47.2,1034.28
NSW,10470,2026-06,57.11,597.76,65.92,1543.39
NSW,10470,2026-07,46.6,489.53,59.01,1434.55
NSW,10470,2026-08,33.78,343.02,38.49,990.27
NSW,10500,2023-01,59.47,551.32,0,0
NSW,10500,2023-02,85.41,819.87,0,0
NSW,10500,2023-03,64.06,645.87,0,0
NSW,10500,2023-04,57.68,628.19,0,0
NSW,10500,2023-05,91.45,1010.54,0,0
NSW,10500,2023-06,70.79,658.32,0,0
NSW,10500,2023-07,93.31,1133.83,0,0
NSW,10500,2023-08,87.77,891.5,0,0
NSW,10500,2023-09,83.61,924.27,0,0
NSW,10500,2023-10,83.27,1495.85,0,0
NSW,10500,2023-11,90.9,1033.22,0,0
NSW,10500,2023-12,103.28,1356.37,0,0
NSW,10500,2024-01,75.09,722.24,0,0
NSW,10500,2024-02,89.69,895.53,0,0
NSW,10500,2024-03,82.25,869.58,0,0
NSW,10500,2024-04,66.92,660.71,0,0
NSW,10500,2024-05,77.15,858.11,0,0
NSW,10500,2024-06,62.48,852.16,0,0
NSW,10500,2024-07,68.76,942.45,0,0
NSW,10500,2024-08,72.08,1036.86,0,0
NSW,10500,2024-09,67.41,645.22,0,0
NSW,10500,2024-10,64.89,894.06,0,0
NSW,10500,2024-11,62.37,660.05,0,0
NSW,10500,2024-12,83.49,951.21,0,0
NSW,10500,2025-01,46.66,422.6,0,0
NSW,10500,2025-02,54.35,699.13,0,0
NSW,10500,2025-03,65.89,747.83,0,0
NSW,10500,2025-04,46.62,583.85,0,0
NSW,10500,2025-05,48.55,516.93,0,0
NSW,10500,2025-06,50.17,627.18,0,0
NSW,10500,2025-07,36.33,374.9,90.45,1609.74
NSW,10500,2025-08,45.66,461.02,87.98,1770.18
NSW,10500,2025-09,48.43,506.05,93.67,2393.95
NSW,10500,2025-10,62.93,623.6,117.75,3290.91
NSW,10500,2025-11,82.4,943.62,156.74,4789.14
NSW,10500,2025-12,97.23,1290.53,171.32,5602.07
NSW,10500,2026-01,55.9,652.89,113.66,4095.39
NSW,10500,2026-02,67.88,863.04,139.38,5096.92
NSW,10500,2026-03,105.32,1145.28,229.05,8745.65
NSW,10500,2026-04,149.2,1741.88,360.59,14438.23
NSW,10500,2026-05,60.59,610.68,66.28,1525.23
NSW,10500,2026-06,75.42,932.75,77,2056.99
NSW,10500,2026-07,58.69,668.51,86.42,2388.78
NSW,10500,2026-08,39.26,390.29,38.64,1089.82
NSW,10550,2023-01,33.01,252.48,0,0
NSW,10550,2023-02,65.42,474.79,0,0
NSW,10550,2023-03,107.99,617.41,0,0
NSW,10550,2023-04,44.44,328.79,0,0
NSW,10550,2023-05,57.12,409.54,0,0
NSW,10550,2023-06,66.4,537.11,0,0
NSW,10550,2023-07,53.75,620.17,0,0
NSW,10550,2023-08,56.51,460.59,0,0
NSW,10550,2023-09,37.73,337.71,0,0
NSW,10550,2023-10,49.18,496.29,0,0
NSW,10550,2023-11,51.65,490.65,0,0
NSW,10550,2023-12,49.24,441.04,0,0
NSW,10550,2024-01,40.53,334.44,0,0
NSW,10550,2024-02,61.73,496.85,0,0
NSW,10550,2024-03,53.71,524.43,0,0
NSW,10550,2024-04,56.87,520.42,0,0
NSW,10550,2024-05,88.42,622.26,0,0
NSW,10550,2024-06,35.83,344.94,0,0
NSW,10550,2024-07,56.6,469.85,0,0
NSW,10550,2024-08,46.73,412.25,0,0
NSW,10550,2024-09,36.83,290.78,0,0
NSW,10550,2024-10,37.44,367.68,0,0
NSW,10550,2024-11,47.93,470.96,0,0
NSW,10550,2024-12,54.61,593.58,0,0
NSW,10550,2025-01,22.79,211.36,0,0
NSW,10550,2025-02,32.24,278.65,0,0
NSW,10550,2025-03,58.28,493.04,0,0
NSW,10550,2025-04,33.1,324.1,0,0
NSW,10550,2025-05,49.42,343.79,0,0
NSW,10550,2025-06,60.15,652.2,0,0
NSW,10550,2025-07,53.26,516.27,53.73,929.98
NSW,10550,2025-08,37.3,423.27,37.49,751.92
NSW,10550,2025-09,34.14,311.68,56.79,1239.07
NSW,10550,2025-10,42.83,444.1,53.36,1145.05
NSW,10550,2025-11,43.42,554.77,55.93,1159.49
NSW,10550,2025-12,54.76,661.96,90.3,2788.38
NSW,10550,2026-01,24.8,313.44,42.69,1098.08
NSW,10550,2026-02,33.53,469.45,63.48,1656.35
NSW,10550,2026-03,52.16,495.38,71.88,1910.58
NSW,10550,2026-04,75.93,834.21,123.05,3645.45
NSW,10550,2026-05,39.65,401.88,35.73,623.22
NSW,10550,2026-06,33.47,335.2,42.07,978.85
NSW,10550,2026-07,42.83,361.77,49.3,985.47
NSW,10550,2026-08,22.08,274.43,27.55,665.96
NSW,10600,2023-01,13.69,113.12,0,0
NSW,10600,2023-02,21.31,184.98,0,0
NSW,10600,2023-03,29.12,239.81,0,0
NSW,10600,2023-04,13.98,114.09,0,0
NSW,10600,2023-05,24.68,200.53,0,0
NSW,10600,2023-06,19.41,161.94,0,0
NSW,10600,2023-07,25.97,191.39,0,0
NSW,10600,2023-08,26.64,183.79,0,0
NSW,10600,2023-09,21.71,188.49,0,0
NSW,10600,2023-10,15.94,134.95,0,0
NSW,10600,2023-11,19.66,247.45,0,0
NSW,10600,2023-12,31.79,255.67,0,0
NSW,10600,2024-01,17.75,130.35,0,0
NSW,10600,2024-02,21.44,193.7,0,0
NSW,10600,2024-03,17.18,175.34,0,0
NSW,10600,2024-04,23.61,227.09,0,0
NSW,10600,2024-05,20.46,197.34,0,0
NSW,10600,2024-06,23.64,228.86,0,0
NSW,10600,2024-07,18.84,175.93,0,0
NSW,10600,2024-08,20.14,245.62,0,0
NSW,10600,2024-09,18.67,191.84,0,0
NSW,10600,2024-10,16.39,120.47,0,0
NSW,10600,2024-11,20.67,185.08,0,0
NSW,10600,2024-12,13.54,108.72,0,0
NSW,10600,2025-01,7.7,71.6,0,0
NSW,10600,2025-02,12.7,119.24,0,0
NSW,10600,2025-03,12.19,98.57,0,0
NSW,10600,2025-04,17.68,142,0,0
NSW,10600,2025-05,10.02,85.78,0,0
NSW,10600,2025-06,12.99,107.66,0,0
NSW,10600,2025-07,19.43,178.24,35.87,632.76
NSW,10600,2025-08,15.96,148.22,23.64,483.27
NSW,10600,2025-09,11.98,108.3,22.51,468.1
NSW,10600,2025-10,30.07,326.51,28.09,651.2
NSW,10600,2025-11,10.25,102.49,20.92,380.67
NSW,10600,2025-12,32.1,344.91,31.61,767.36
NSW,10600,2026-01,9.5,87.02,10.28,282.25
NSW,10600,2026-02,14.7,170.31,18.63,443.97
NSW,10600,2026-03,29.89,267.68,37.03,929.56
NSW,10600,2026-04,36.01,380.66,70.85,1937.16
NSW,10600,2026-05,26.85,245.5,16.35,307.62
NSW,10600,2026-06,34.33,301.75,31.61,687.35
NSW,10600,2026-07,28.22,298.43,31.35,660.63
NSW,10600,2026-08,10.02,118.55,14.71,278.14
NSW,10650,2023-01,4.56,32.32,0,0
NSW,10650,2023-02,8.11,75.82,0,0
NSW,10650,2023-03,12.51,114.18,0,0
NSW,10650,2023-04,7.47,96.17,0,0
NSW,10650,2023-05,8.31,83.89,0,0
NSW,10650,2023-06,6.35,48.02,0,0
NSW,10650,2023-07,11.66,208.78,0,0
NSW,10650,2023-08,9.37,76.47,0,0
NSW,10650,2023-09,14.6,128.79,0,0
NSW,10650,2023-10,11.92,437.27,0,0
NSW,10650,2023-11,11.52,104.66,0,0
NSW,10650,2023-12,15.77,133.72,0,0
NSW,10650,2024-01,12.44,125.33,0,0
NSW,10650,2024-02,26.13,216.01,0,0
NSW,10650,2024-03,14.83,143.05,0,0
NSW,10650,2024-04,19.13,189.91,0,0
NSW,10650,2024-05,22.18,221.95,0,0
NSW,10650,2024-06,12.36,117.36,0,0
NSW,10650,2024-07,6.25,94.64,0,0
NSW,10650,2024-08,18.23,221.23,0,0
NSW,10650,2024-09,15.4,145.5,0,0
NSW,10650,2024-10,15.46,134.84,0,0
NSW,10650,2024-11,17.54,119.97,0,0
NSW,10650,2024-12,8.01,208.49,0,0
NSW,10650,2025-01,5.32,40.96,0,0
NSW,10650,2025-02,8.29,64.07,0,0
NSW,10650,2025-03,19.71,196.97,0,0
NSW,10650,2025-04,16.31,149,0,0
NSW,10650,2025-05,9.41,108.15,0,0
NSW,10650,2025-06,12.35,161.72,0,0
NSW,10650,2025-07,10.93,131.76,23.67,336.49
NSW,10650,2025-08,5.03,52.23,10.47,183.63
NSW,10650,2025-09,7.95,90.79,14.43,233.17
NSW,10650,2025-10,14.04,137.59,23.35,609
NSW,10650,2025-11,6.72,55.86,20.31,455
NSW,10650,2025-12,6.47,74.37,13.46,378.74
NSW,10650,2026-01,3.67,26.38,3.3,104.3
NSW,10650,2026-02,13.29,172.03,13.86,339.59
NSW,10650,2026-03,18.51,185.16,17.17,483.91
NSW,10650,2026-04,11.63,135.87,25.54,884.03
NSW,10650,2026-05,11.98,89.92,10.18,132.46
NSW,10650,2026-06,10.58,86.77,9.2,188.2
NSW,10650,2026-07,8.52,82.09,13.46,296.45
NSW,10650,2026-08,6.36,59.87,7.79,198.93
NSW,10750,2023-01,337.48,2921.82,0,0
NSW,10750,2023-02,418.45,3627.1,0,0
NSW,10750,2023-03,540.93,4717.79,0,0
NSW,10750,2023-04,422.22,4342.31,0,0
NSW,10750,2023-05,505.78,5420.16,0,0
NSW,10750,2023-06,514.06,5601.57,0,0
NSW,10750,2023-07,664.29,6608.69,0,0
NSW,10750,2023-08,680.44,7101.38,0,0
NSW,10750,2023-09,702.6,6954.42,0,0
NSW,10750,2023-10,689.08,6888.46,0,0
NSW,10750,2023-11,709.64,7381.13,0,0
NSW,10750,2023-12,774.31,8769.68,0,0
NSW,10750,2024-01,564.87,5696.2,0,0
NSW,10750,2024-02,621.15,5992.63,0,0
NSW,10750,2024-03,644.38,6855.16,0,0
NSW,10750,2024-04,509.41,5227.45,0,0
NSW,10750,2024-05,672.03,6206.97,0,0
NSW,10750,2024-06,686.58,6265.53,0,0
NSW,10750,2024-07,622.58,6288.6,0,0
NSW,10750,2024-08,524.48,5572.44,0,0
NSW,10750,2024-09,496.57,5292.2,0,0
NSW,10750,2024-10,450.18,4756.07,0,0
NSW,10750,2024-11,451.66,4655.74,0,0
NSW,10750,2024-12,695.22,7805.27,0,0
NSW,10750,2025-01,330.1,3337.78,0,0
NSW,10750,2025-02,465.65,4456.39,0,0
NSW,10750,2025-03,490.21,5267.75,0,0
NSW,10750,2025-04,365.95,3511.44,0,0
NSW,10750,2025-05,296.26,2904.86,0,0
NSW,10750,2025-06,240.49,2431,0,0
NSW,10750,2025-07,339.87,3933.56,530.27,10520.2
NSW,10750,2025-08,326.16,3652.82,564.89,12564.48
NSW,10750,2025-09,405.05,4655.84,699.41,18907.63
NSW,10750,2025-10,406.87,4674.62,851.18,26737.48
NSW,10750,2025-11,456.05,5101,923.61,31446.87
NSW,10750,2025-12,542.85,6835.77,1303.6,49615.03
NSW,10750,2026-01,336.57,3495.06,808.07,30486.87
NSW,10750,2026-02,457.2,4867.5,1129.59,44836.58
NSW,10750,2026-03,594.1,6702.31,1776.83,73838.98
NSW,10750,2026-04,673.49,7969.67,2965.21,126557.81
NSW,10750,2026-05,385.56,3988.19,414.19,10066.03
NSW,10750,2026-06,452.82,4508.5,607.27,17409.61
NSW,10750,2026-07,368.01,3570.63,572.49,16874.54
NSW,10750,2026-08,186.79,1804.74,290.77,9362.59
NSW,10800,2023-01,3.89,54.87,0,0
NSW,10800,2023-02,4.02,43.23,0,0
NSW,10800,2023-03,8.53,104.28,0,0
NSW,10800,2023-04,8.33,74.03,0,0
NSW,10800,2023-05,13.18,116.02,0,0
NSW,10800,2023-06,6.51,67.28,0,0
NSW,10800,2023-07,3.77,121.96,0,0
NSW,10800,2023-08,7.59,71.68,0,0
NSW,10800,2023-09,7.36,78.12,0,0
NSW,10800,2023-10,3.32,39.02,0,0
NSW,10800,2023-11,7.76,74.66,0,0
NSW,10800,2023-12,2.12,47.68,0,0
NSW,10800,2024-01,3.55,38.79,0,0
NSW,10800,2024-02,7.91,89.39,0,0
NSW,10800,2024-03,6.3,61.89,0,0
NSW,10800,2024-04,1.11,7.48,0,0
NSW,10800,2024-05,8.52,87.68,0,0
NSW,10800,2024-06,4.45,39.17,0,0
NSW,10800,2024-07,13.46,122.92,0,0
NSW,10800,2024-08,4.85,62.61,0,0
NSW,10800,2024-09,10.92,84.71,0,0
NSW,10800,2024-10,10.32,66.71,0,0
NSW,10800,2024-11,5.08,55.72,0,0
NSW,10800,2024-12,12.57,228.11,0,0
NSW,10800,2025-01,3.06,107.15,0,0
NSW,10800,2025-02,4.55,32.81,0,0
NSW,10800,2025-03,4.25,40.33,0,0
NSW,10800,2025-04,7.08,72.11,0,0
NSW,10800,2025-05,3.3,41.02,0,0
NSW,10800,2025-06,4.16,89.46,0,0
NSW,10800,2025-07,2.51,43.61,7.4,92.79
NSW,10800,2025-08,7.02,77.08,22.78,488.49
NSW,10800,2025-09,1.92,31.79,12.12,325.59
NSW,10800,2025-10,4.74,47.55,5.28,121.51
NSW,10800,2025-11,9.37,96.45,15.45,458.03
NSW,10800,2025-12,3.45,56.22,4.03,103.71
NSW,10800,2026-01,2.66,57.23,2.66,110.89
NSW,10800,2026-02,1.96,22.11,4.34,152.79
NSW,10800,2026-03,2.88,47.74,11.56,423.72
NSW,10800,2026-04,5.83,63.79,8.56,366.44
NSW,10800,2026-05,5.4,44.99,5.49,128.85
NSW,10800,2026-06,2.78,26.62,4.14,86.11
NSW,10800,2026-07,7.28,91.31,6.18,174.93
NSW,10800,2026-08,1.11,12.93,2.79,104.86
NSW,10850,2023-01,5.19,33.51,0,0
NSW,10850,2023-02,7.66,82.95,0,0
NSW,10850,2023-03,11.44,205.3,0,0
NSW,10850,2023-04,7.42,87.86,0,0
NSW,10850,2023-05,25.52,174.05,0,0
NSW,10850,2023-06,12.47,152.08,0,0
NSW,10850,2023-07,8.12,84,0,0
NSW,10850,2023-08,9.58,119.12,0,0
NSW,10850,2023-09,7.23,60.82,0,0
NSW,10850,2023-10,14.54,125,0,0
NSW,10850,2023-11,8.19,99.17,0,0
NSW,10850,2023-12,6.03,79.02,0,0
NSW,10850,2024-01,7.71,70.95,0,0
NSW,10850,2024-02,8.31,69.5,0,0
NSW,10850,2024-03,12.39,127.98,0,0
NSW,10850,2024-04,13.44,131.45,0,0
NSW,10850,2024-05,21.45,185.82,0,0
NSW,10850,2024-06,15.67,155.09,0,0
NSW,10850,2024-07,5.99,55.89,0,0
NSW,10850,2024-08,8.7,81.17,0,0
NSW,10850,2024-09,4.94,47.46,0,0
NSW,10850,2024-10,9.07,68.9,0,0
NSW,10850,2024-11,4.25,47.96,0,0
NSW,10850,2024-12,5.3,79.31,0,0
NSW,10850,2025-01,6.81,60.39,0,0
NSW,10850,2025-02,6.03,57.56,0,0
NSW,10850,2025-03,19.81,257.45,0,0
NSW,10850,2025-04,8.2,58.7,0,0
NSW,10850,2025-05,10.11,103.6,0,0
NSW,10850,2025-06,4.2,36.99,0,0
NSW,10850,2025-07,7.99,69.72,11.13,230.2
NSW,10850,2025-08,4.38,50.94,13.9,241.59
NSW,10850,2025-09,8.63,123.33,12.88,290.44
NSW,10850,2025-10,10.32,111.88,16.28,401.6
NSW,10850,2025-11,11.01,185.64,19.92,360.05
NSW,10850,2025-12,14.4,187.22,18.32,439.69
NSW,10850,2026-01,2.11,17.52,8.86,242.44
NSW,10850,2026-02,7.67,83.09,22.94,657.58
NSW,10850,2026-03,10.76,134.67,21.42,556.07
NSW,10850,2026-04,14.11,155.71,20.31,699.26
NSW,10850,2026-05,6.79,91.97,11.37,226.02
NSW,10850,2026-06,9.67,103.42,18.26,452.97
NSW,10850,2026-07,10.61,109.36,9.72,267.39
NSW,10850,2026-08,7.82,74.73,5.01,111.13
NSW,10900,2023-01,81.05,633.15,0,0
NSW,10900,2023-02,122.22,994.81,0,0
NSW,10900,2023-03,95.13,844.11,0,0
NSW,10900,2023-04,81.01,640.85,0,0
NSW,10900,2023-05,119.05,1139.04,0,0
NSW,10900,2023-06,107.19,910.9,0,0
NSW,10900,2023-07,110.27,920.35,0,0
NSW,10900,2023-08,123.13,1265.63,0,0
NSW,10900,2023-09,111.23,1092.09,0,0
NSW,10900,2023-10,144.14,1361.27,0,0
NSW,10900,2023-11,131.15,1108.02,0,0
NSW,10900,2023-12,101.95,1010.45,0,0
NSW,10900,2024-01,70.01,649.88,0,0
NSW,10900,2024-02,94.14,773.91,0,0
NSW,10900,2024-03,99.21,950.25,0,0
NSW,10900,2024-04,81.12,782.17,0,0
NSW,10900,2024-05,111.99,1156.46,0,0
NSW,10900,2024-06,101.6,978.24,0,0
NSW,10900,2024-07,112.82,1190.82,0,0
NSW,10900,2024-08,86.9,973.06,0,0
NSW,10900,2024-09,81.12,838.18,0,0
NSW,10900,2024-10,119.89,1173.45,0,0
NSW,10900,2024-11,92.91,1046.49,0,0
NSW,10900,2024-12,98.94,1205.55,0,0
NSW,10900,2025-01,62.93,664.86,0,0
NSW,10900,2025-02,86.11,879.14,0,0
NSW,10900,2025-03,73.87,718.85,0,0
NSW,10900,2025-04,46.03,439.49,0,0
NSW,10900,2025-05,46.08,486.34,0,0
NSW,10900,2025-06,40.99,582.25,0,0
NSW,10900,2025-07,92.87,1091.43,229.64,4346.68
NSW,10900,2025-08,68.07,751.31,157.01,3189.77
NSW,10900,2025-09,96.14,958.65,151.07,3222.41
NSW,10900,2025-10,97.93,1061.34,188.95,4510.71
NSW,10900,2025-11,104.93,1338.42,189.96,5129.34
NSW,10900,2025-12,121.71,1481.51,217.63,6507.09
NSW,10900,2026-01,92.95,982.67,165.93,4781.41
NSW,10900,2026-02,90.92,840.03,167.09,5113.96
NSW,10900,2026-03,132.01,1480.45,268.07,8729.64
NSW,10900,2026-04,155.21,1785.99,355.16,11859.2
NSW,10900,2026-05,106.88,1096.05,135.02,2967.85
NSW,10900,2026-06,115.08,1133.96,150.07,3460.12
NSW,10900,2026-07,166.62,1669.01,205.67,4666.75
NSW,10900,2026-08,83.96,815.82,91.82,2164.8
NSW,10950,2023-01,2.2,16.21,0,0
NSW,10950,2023-02,4.27,36.72,0,0
NSW,10950,2023-03,2.36,28.98,0,0
NSW,10950,2023-04,2.29,12.15,0,0
NSW,10950,2023-05,2.33,11.84,0,0
NSW,10950,2023-06,2.46,20.09,0,0
NSW,10950,2023-07,2.17,15.67,0,0
NSW,10950,2023-08,3.45,32.08,0,0
NSW,10950,2023-09,3.28,26.33,0,0
NSW,10950,2023-10,3.3,34.65,0,0
NSW,10950,2023-11,6.22,54.77,0,0
NSW,10950,2023-12,1.43,12.48,0,0
NSW,10950,2024-01,1.44,16,0,0
NSW,10950,2024-02,0.16,1.4,0,0
NSW,10950,2024-03,1.49,9.28,0,0
NSW,10950,2024-04,18.08,94.97,0,0
NSW,10950,2024-05,12.11,76.61,0,0
NSW,10950,2024-06,1.55,22.53,0,0
NSW,10950,2024-07,2.69,28.7,0,0
NSW,10950,2024-08,3.29,34.13,0,0
NSW,10950,2024-09,0.2,2.43,0,0
NSW,10950,2024-10,2.57,35.19,0,0
NSW,10950,2024-11,4.69,69.79,0,0
NSW,10950,2024-12,2.47,26.29,0,0
NSW,10950,2025-01,2.27,35.51,0,0
NSW,10950,2025-02,3.28,34.85,0,0
NSW,10950,2025-03,4,66.01,0,0
NSW,10950,2025-04,1.65,18.55,0,0
NSW,10950,2025-05,3.34,49.64,0,0
NSW,10950,2025-06,0.31,2.55,0,0
NSW,10950,2025-07,1.15,18.38,1.03,27.97
NSW,10950,2025-08,0.2,1.35,0.08,1.52
NSW,10950,2025-09,0.5,4.19,1.77,58.69
NSW,10950,2025-10,4.56,73.02,7.55,194.79
NSW,10950,2025-11,2.16,45.13,3.62,134.82
NSW,10950,2025-12,4.04,89.04,4.5,214.56
NSW,10950,2026-01,0.99,13.11,2.12,55.91
NSW,10950,2026-02,9.04,96.35,10.17,271.45
NSW,10950,2026-03,2.75,37.93,4.61,173.86
NSW,10950,2026-04,10.36,218.18,12.87,596.65
NSW,10950,2026-05,1.74,22.49,1.59,62.46
NSW,10950,2026-06,3.16,57.25,3.92,135.05
NSW,10950,2026-07,7.52,86.01,3.44,93.57
NSW,10950,2026-08,0.31,3.08,0.16,2.66
NSW,11150,2023-01,5.77,46.29,0,0
NSW,11150,2023-02,4.81,47.13,0,0
NSW,11150,2023-03,2.92,31.28,0,0
NSW,11150,2023-04,4.83,64.08,0,0
NSW,11150,2023-05,2.92,32.12,0,0
NSW,11150,2023-06,1.98,15.59,0,0
NSW,11150,2023-07,4.81,115.87,0,0
NSW,11150,2023-08,1.96,21.43,0,0
NSW,11150,2023-09,0.04,0.41,0,0
NSW,11150,2023-10,7.71,103.65,0,0
NSW,11150,2023-11,0.02,0.21,0,0
NSW,11150,2023-12,1.96,12.36,0,0
NSW,11150,2024-01,2.94,20.42,0,0
NSW,11150,2024-02,0.98,22.9,0,0
NSW,11150,2024-03,10.6,70.31,0,0
NSW,11150,2024-04,1.96,19.31,0,0
NSW,11150,2024-05,2.9,40.94,0,0
NSW,11150,2024-06,1.02,12.56,0,0
NSW,11150,2024-07,0.08,1.08,0,0
NSW,11150,2024-08,1,13.02,0,0
NSW,11150,2024-09,1.94,21.24,0,0
NSW,11150,2024-10,2.96,72.78,0,0
NSW,11150,2024-11,1.06,14.31,0,0
NSW,11150,2024-12,5.81,155.53,0,0
NSW,11150,2025-01,0.04,1.42,0,0
NSW,11150,2025-02,0.04,0.28,0,0
NSW,11150,2025-03,2.06,39.92,0,0
NSW,11150,2025-04,1.04,10.38,0,0
NSW,11150,2025-05,1.96,17.74,0,0
NSW,11150,2025-06,0.04,0.33,0,0
NSW,11150,2025-07,0.98,95.86,0,0
NSW,11150,2025-08,0.98,12.61,4.79,131.04
NSW,11150,2025-09,5.81,75.54,2.98,110.52
NSW,11150,2025-10,0.08,1.07,2,45.42
NSW,11150,2025-11,0.02,0.39,0.08,3.44
NSW,11150,2025-12,0.14,2.99,0.2,8.39
NSW,11150,2026-01,0,0,0.02,0.2
NSW,11150,2026-02,0.98,11.35,3.87,192.09
NSW,11150,2026-03,2.02,34.52,2,70.45
NSW,11150,2026-04,2.12,45.43,5.06,239.7
NSW,11150,2026-05,2.02,14.03,0.08,2.89
NSW,11150,2026-06,1.94,26.27,2.04,61.7
NSW,11150,2026-07,11.58,185.64,9.65,299.54
NSW,11150,2026-08,1,42.75,0.02,0.33
NSW,11200,2023-01,1.06,26.38,0,0
NSW,11200,2023-02,4.07,28.92,0,0
NSW,11200,2023-03,0.05,0.42,0,0
NSW,11200,2023-04,1.05,7.19,0,0
NSW,11200,2023-05,3.08,49.93,0,0
NSW,11200,2023-06,5.04,21.93,0,0
NSW,11200,2023-07,0.06,2,0,0
NSW,11200,2023-08,1.06,12,0,0
NSW,11200,2023-09,0.04,0.29,0,0
NSW,11200,2023-10,1.14,14.46,0,0
NSW,11200,2023-11,2.09,20.77,0,0
NSW,11200,2023-12,0.11,1.27,0,0
NSW,11200,2024-01,0.13,1.43,0,0
NSW,11200,2024-02,0.09,1.25,0,0
NSW,11200,2024-03,1.16,22.73,0,0
NSW,11200,2024-04,0.11,1.04,0,0
NSW,11200,2024-05,1.18,11.51,0,0
NSW,11200,2024-06,0.04,0.34,0,0
NSW,11200,2024-07,1.06,3.79,0,0
NSW,11200,2024-08,0.05,0.49,0,0
NSW,11200,2024-09,1.03,21.42,0,0
NSW,11200,2024-10,0.06,0.85,0,0
NSW,11200,2024-11,1.06,25.67,0,0
NSW,11200,2024-12,1.08,40.79,0,0
NSW,11200,2025-01,0.02,0.84,0,0
NSW,11200,2025-02,0.02,0.17,0,0
NSW,11200,2025-03,0.09,1.12,0,0
NSW,11200,2025-04,0.08,0.86,0,0
NSW,11200,2025-05,0.15,1.3,0,0
NSW,11200,2025-06,2.02,48.15,0,0
NSW,11200,2025-07,0.03,0.7,0,0
NSW,11200,2025-08,0.08,0.58,3.09,41.29
NSW,11200,2025-09,0.06,0.61,0.07,1.91
NSW,11200,2025-10,4.09,27.37,0.08,2.07
NSW,11200,2025-11,0.06,0.82,0.09,3.16
NSW,11200,2025-12,2.08,15.06,0.12,4.94
NSW,11200,2026-01,0,0,0.01,0.11
NSW,11200,2026-02,0.03,0.38,0.04,2.11
NSW,11200,2026-03,0.08,0.93,0.06,2.17
NSW,11200,2026-04,0.15,1.87,2.2,75.37
NSW,11200,2026-05,3.07,30.24,1.05,28.1
NSW,11200,2026-06,2.05,54.61,3.12,141.88
NSW,11200,2026-07,1.11,8.61,1.09,51.26
NSW,11200,2026-08,0.03,0.44,0.01,0.19
NSW,11250,2023-01,21.46,162.56,0,0
NSW,11250,2023-02,40.97,338.1,0,0
NSW,11250,2023-03,23.41,213.75,0,0
NSW,11250,2023-04,25.36,263.33,0,0
NSW,11250,2023-05,35.12,295.97,0,0
NSW,11250,2023-06,43.89,525.03,0,0
NSW,11250,2023-07,24.39,236.26,0,0
NSW,11250,2023-08,58.53,446.24,0,0
NSW,11250,2023-09,60.48,388.05,0,0
NSW,11250,2023-10,40.97,361.84,0,0
NSW,11250,2023-11,31.21,309.5,0,0
NSW,11250,2023-12,65.35,701.81,0,0
NSW,11250,2024-01,15.61,136.05,0,0
NSW,11250,2024-02,35.12,404.79,0,0
NSW,11250,2024-03,31.21,278.8,0,0
NSW,11250,2024-04,28.29,239.51,0,0
NSW,11250,2024-05,34.14,235.47,0,0
NSW,11250,2024-06,34.14,260.61,0,0
NSW,11250,2024-07,32.19,262.63,0,0
NSW,11250,2024-08,26.34,213.26,0,0
NSW,11250,2024-09,23.41,194.27,0,0
NSW,11250,2024-10,20.48,143.74,0,0
NSW,11250,2024-11,24.39,203.79,0,0
NSW,11250,2024-12,43.89,417.98,0,0
NSW,11250,2025-01,5.85,65.67,0,0
NSW,11250,2025-02,22.44,164.5,0,0
NSW,11250,2025-03,25.36,221.03,0,0
NSW,11250,2025-04,9.75,65.67,0,0
NSW,11250,2025-05,16.58,130.47,0,0
NSW,11250,2025-06,16.58,235.2,0,0
NSW,11250,2025-07,33.16,261.86,38.04,532.25
NSW,11250,2025-08,20.48,189.33,29.26,646.24
NSW,11250,2025-09,17.56,152.23,22.44,454
NSW,11250,2025-10,15.61,148.83,21.46,448.29
NSW,11250,2025-11,15.61,174.25,31.21,826.94
NSW,11250,2025-12,31.21,306.89,55.6,1308.59
NSW,11250,2026-01,11.71,113.66,27.31,774.5
NSW,11250,2026-02,15.61,173.22,38.04,771.69
NSW,11250,2026-03,17.56,169.92,39.99,987.47
NSW,11250,2026-04,27.31,321.49,81.94,2977.13
NSW,11250,2026-05,18.53,150.58,17.56,334.8
NSW,11250,2026-06,24.39,222.78,25.36,560.87
NSW,11250,2026-07,21.46,225.63,27.31,630.31
NSW,11250,2026-08,11.71,102.58,17.56,373.88
NSW,11300,2023-01,6.21,54.3,0,0
NSW,11300,2023-02,14.73,132.7,0,0
NSW,11300,2023-03,19.57,209.73,0,0
NSW,11300,2023-04,12.57,114.45,0,0
NSW,11300,2023-05,20.53,188.46,0,0
NSW,11300,2023-06,8.39,144.8,0,0
NSW,11300,2023-07,15.12,172.49,0,0
NSW,11300,2023-08,19.19,183.96,0,0
NSW,11300,2023-09,22.61,232.01,0,0
NSW,11300,2023-10,21.87,230.24,0,0
NSW,11300,2023-11,21.4,239.39,0,0
NSW,11300,2023-12,23.35,237.75,0,0
NSW,11300,2024-01,9.46,93.32,0,0
NSW,11300,2024-02,13.54,135.84,0,0
NSW,11300,2024-03,14.49,264.29,0,0
NSW,11300,2024-04,12.66,137.24,0,0
NSW,11300,2024-05,17.77,222.51,0,0
NSW,11300,2024-06,15.55,165.27,0,0
NSW,11300,2024-07,16.26,219.34,0,0
NSW,11300,2024-08,11.54,148.91,0,0
NSW,11300,2024-09,14.26,190.07,0,0
NSW,11300,2024-10,17.91,236.93,0,0
NSW,11300,2024-11,22.05,259.83,0,0
NSW,11300,2024-12,25.28,340.2,0,0
NSW,11300,2025-01,9.07,137.25,0,0
NSW,11300,2025-02,10.32,111.08,0,0
NSW,11300,2025-03,14,149.13,0,0
NSW,11300,2025-04,10.93,101.71,0,0
NSW,11300,2025-05,10.73,134.05,0,0
NSW,11300,2025-06,9.56,103.58,0,0
NSW,11300,2025-07,15.69,148.24,24.82,454.71
NSW,11300,2025-08,10.57,139.42,22.12,515.96
NSW,11300,2025-09,12.29,163,32.47,902.7
NSW,11300,2025-10,18.97,260.3,34.7,1088.53
NSW,11300,2025-11,20.3,214.66,42.84,1418.25
NSW,11300,2025-12,24.53,324.05,40.85,1442.09
NSW,11300,2026-01,13.61,151.65,26.59,932.14
NSW,11300,2026-02,22.09,250.08,47.79,1872.46
NSW,11300,2026-03,24.01,288.37,65.62,2570.41
NSW,11300,2026-04,44.97,548.3,102.34,4193.45
NSW,11300,2026-05,19.36,209.88,19.77,499.1
NSW,11300,2026-06,22.71,255.25,23.45,665.46
NSW,11300,2026-07,15.26,134.61,22.05,557.88
NSW,11300,2026-08,6.7,58.7,8.99,224.45
NSW,11350,2023-01,29.32,259.21,0,0
NSW,11350,2023-02,58.85,518.43,0,0
NSW,11350,2023-03,53.03,516.28,0,0
NSW,11350,2023-04,48.9,454.8,0,0
NSW,11350,2023-05,71.72,662.33,0,0
NSW,11350,2023-06,55.86,536.62,0,0
NSW,11350,2023-07,64.59,620.12,0,0
NSW,11350,2023-08,47.74,436.21,0,0
NSW,11350,2023-09,68.59,749.11,0,0
NSW,11350,2023-10,63.95,601.1,0,0
NSW,11350,2023-11,54.81,536.14,0,0
NSW,11350,2023-12,76.48,929.55,0,0
NSW,11350,2024-01,33.37,308.8,0,0
NSW,11350,2024-02,68.39,623.85,0,0
NSW,11350,2024-03,47.15,520.55,0,0
NSW,11350,2024-04,50.72,524.41,0,0
NSW,11350,2024-05,55.89,552.82,0,0
NSW,11350,2024-06,64.46,660.86,0,0
NSW,11350,2024-07,56.76,555.76,0,0
NSW,11350,2024-08,45.08,472.4,0,0
NSW,11350,2024-09,45.84,444.9,0,0
NSW,11350,2024-10,61.26,582.67,0,0
NSW,11350,2024-11,56.7,670.02,0,0
NSW,11350,2024-12,63.92,605.7,0,0
NSW,11350,2025-01,39.59,376.74,0,0
NSW,11350,2025-02,50.61,549.8,0,0
NSW,11350,2025-03,31.7,323.69,0,0
NSW,11350,2025-04,50.23,557.01,0,0
NSW,11350,2025-05,31.64,388.32,0,0
NSW,11350,2025-06,36.24,329.74,0,0
NSW,11350,2025-07,55.21,645.65,96.87,1647.99
NSW,11350,2025-08,50.33,449.76,89.07,1788.41
NSW,11350,2025-09,76.62,893.63,120.86,2733.64
NSW,11350,2025-10,62.11,776.8,98.23,2452.52
NSW,11350,2025-11,76.68,898.42,96.76,2477.35
NSW,11350,2025-12,92.46,1189.04,146.31,4278.02
NSW,11350,2026-01,30.24,294.85,48.55,1237.49
NSW,11350,2026-02,57.37,536.73,89.72,2322.97
NSW,11350,2026-03,80.85,949.48,141.11,4120.37
NSW,11350,2026-04,126.26,1428.65,285.3,9648.27
NSW,11350,2026-05,63.05,611.3,53.58,1083.17
NSW,11350,2026-06,70.32,666.08,64.84,1456.02
NSW,11350,2026-07,61.95,635.1,53.69,1284.8
NSW,11350,2026-08,32.46,342.45,29.54,619.06
NSW,11400,2023-01,10.76,90.08,0,0
NSW,11400,2023-02,13.09,170.18,0,0
NSW,11400,2023-03,23.06,226.79,0,0
NSW,11400,2023-04,13.77,156.05,0,0
NSW,11400,2023-05,17.84,185.18,0,0
NSW,11400,2023-06,17.55,171.84,0,0
NSW,11400,2023-07,19.27,259.7,0,0
NSW,11400,2023-08,19.19,172.94,0,0
NSW,11400,2023-09,14.67,130,0,0
NSW,11400,2023-10,21.54,376.6,0,0
NSW,11400,2023-11,12.15,123.46,0,0
NSW,11400,2023-12,15.23,169.55,0,0
NSW,11400,2024-01,13.09,114.23,0,0
NSW,11400,2024-02,14.84,154.02,0,0
NSW,11400,2024-03,18.17,166.13,0,0
NSW,11400,2024-04,17.86,163.43,0,0
NSW,11400,2024-05,16.48,217.86,0,0
NSW,11400,2024-06,19.92,211.94,0,0
NSW,11400,2024-07,15.27,166.15,0,0
NSW,11400,2024-08,18.85,233.47,0,0
NSW,11400,2024-09,16.55,207.29,0,0
NSW,11400,2024-10,18.9,173.95,0,0
NSW,11400,2024-11,14.69,185.7,0,0
NSW,11400,2024-12,12.87,156.18,0,0
NSW,11400,2025-01,9.28,88.69,0,0
NSW,11400,2025-02,11.96,122.33,0,0
NSW,11400,2025-03,13.77,122.88,0,0
NSW,11400,2025-04,13.61,141.1,0,0
NSW,11400,2025-05,13.79,167.62,0,0
NSW,11400,2025-06,14.33,119.04,0,0
NSW,11400,2025-07,13.14,220.69,19.51,358.76
NSW,11400,2025-08,14.47,150.07,24.91,424.88
NSW,11400,2025-09,17.99,194.72,23.14,426.52
NSW,11400,2025-10,11.57,118.25,18.47,434.29
NSW,11400,2025-11,16.31,191.28,20.74,566.36
NSW,11400,2025-12,18.25,250.03,32.2,886.68
NSW,11400,2026-01,6.76,69.89,16.2,467.22
NSW,11400,2026-02,9.67,117.62,17.42,534.19
NSW,11400,2026-03,23.83,339.64,42.56,1404.75
NSW,11400,2026-04,20.08,294.07,40.99,1597.79
NSW,11400,2026-05,11.95,102.42,13.45,262.19
NSW,11400,2026-06,14.6,162.18,19.1,464.37
NSW,11400,2026-07,22.23,253.04,26.21,623.29
NSW,11400,2026-08,10.94,116.96,11.25,323.18
NSW,11450,2023-01,134.15,1233.03,0,0
NSW,11450,2023-02,213.17,1866.78,0,0
NSW,11450,2023-03,194.63,1801.75,0,0
NSW,11450,2023-04,166.4,1648.11,0,0
NSW,11450,2023-05,220.48,2258.11,0,0
NSW,11450,2023-06,196.4,2287.08,0,0
NSW,11450,2023-07,251.4,2529.61,0,0
NSW,11450,2023-08,232.7,2489.41,0,0
NSW,11450,2023-09,192.38,1979.53,0,0
NSW,11450,2023-10,240.68,2585.2,0,0
NSW,11450,2023-11,260.66,2799.62,0,0
NSW,11450,2023-12,263.84,3115.16,0,0
NSW,11450,2024-01,178.36,1828.02,0,0
NSW,11450,2024-02,238.81,2446.61,0,0
NSW,11450,2024-03,234.91,2914.67,0,0
NSW,11450,2024-04,197.68,2243.87,0,0
NSW,11450,2024-05,220.79,2443.65,0,0
NSW,11450,2024-06,192.21,1915.43,0,0
NSW,11450,2024-07,203.9,2388.33,0,0
NSW,11450,2024-08,219.42,2689.02,0,0
NSW,11450,2024-09,156.29,1780.74,0,0
NSW,11450,2024-10,192.45,1939.54,0,0
NSW,11450,2024-11,167.61,1932.84,0,0
NSW,11450,2024-12,216.46,2757.33,0,0
NSW,11450,2025-01,139.1,1363,0,0
NSW,11450,2025-02,166.57,1789.73,0,0
NSW,11450,2025-03,165.29,1855.07,0,0
NSW,11450,2025-04,154.83,1507.78,0,0
NSW,11450,2025-05,195.92,1636.61,0,0
NSW,11450,2025-06,209.6,1690.62,0,0
NSW,11450,2025-07,189.09,1770.63,221.42,4300.59
NSW,11450,2025-08,162.2,1749.56,167.21,3575.65
NSW,11450,2025-09,162.47,1984.51,207.03,5156.02
NSW,11450,2025-10,182,1904.21,287.93,8550.89
NSW,11450,2025-11,187.85,2037.93,268.58,8437.12
NSW,11450,2025-12,206.61,2453.28,332.08,11773
NSW,11450,2026-01,125.92,1325.03,225.66,8163.53
NSW,11450,2026-02,160.12,1675.54,343.52,12734.11
NSW,11450,2026-03,236.34,2697.41,467.52,18317.24
NSW,11450,2026-04,259.07,3083.29,808.3,33622.89
NSW,11450,2026-05,176.23,1777.15,166.13,4337.3
NSW,11450,2026-06,180.59,2009.01,188.27,5301.78
NSW,11450,2026-07,146.25,1584.02,182.71,5433.67
NSW,11450,2026-08,125.59,1323.32,145.34,4253.45
NSW,11500,2023-01,167.58,1619.01,0,0
NSW,11500,2023-02,183.23,1675.82,0,0
NSW,11500,2023-03,195.85,1839.76,0,0
NSW,11500,2023-04,155.02,1446.91,0,0
NSW,11500,2023-05,188.2,1961.73,0,0
NSW,11500,2023-06,194.44,1707.44,0,0
NSW,11500,2023-07,260.58,2543.49,0,0
NSW,11500,2023-08,265.95,2661.9,0,0
NSW,11500,2023-09,243.38,2692.65,0,0
NSW,11500,2023-10,233.9,2587.26,0,0
NSW,11500,2023-11,257.07,2610.18,0,0
NSW,11500,2023-12,250.88,2742.6,0,0
NSW,11500,2024-01,192.55,1820.56,0,0
NSW,11500,2024-02,245.25,2392.52,0,0
NSW,11500,2024-03,238.72,2493.77,0,0
NSW,11500,2024-04,185.44,1969.54,0,0
NSW,11500,2024-05,228.22,2026.46,0,0
NSW,11500,2024-06,275.65,2359.63,0,0
NSW,11500,2024-07,265.01,2970.66,0,0
NSW,11500,2024-08,221.53,2143.96,0,0
NSW,11500,2024-09,170.71,1763.08,0,0
NSW,11500,2024-10,216.69,2501.75,0,0
NSW,11500,2024-11,225.89,2263.87,0,0
NSW,11500,2024-12,243.16,2874.55,0,0
NSW,11500,2025-01,129.5,1250.74,0,0
NSW,11500,2025-02,175.54,1769.93,0,0
NSW,11500,2025-03,137.4,1418.68,0,0
NSW,11500,2025-04,130.52,1354.38,0,0
NSW,11500,2025-05,120.96,1281.1,0,0
NSW,11500,2025-06,105.01,1433.02,0,0
NSW,11500,2025-07,131.4,1549.11,218.95,3979.67
NSW,11500,2025-08,112.87,1231.58,172.42,3702.56
NSW,11500,2025-09,150.91,1766.54,290.38,7243.3
NSW,11500,2025-10,146.83,1517.62,295.08,8355.54
NSW,11500,2025-11,173.73,1964.84,302.57,9811.67
NSW,11500,2025-12,164.86,2057.24,365.98,13429.86
NSW,11500,2026-01,134.22,1367.89,269.52,10162.9
NSW,11500,2026-02,185.16,2085.81,411.94,15834.88
NSW,11500,2026-03,228.25,2553.86,551.29,21765.16
NSW,11500,2026-04,246.11,2990.75,916.84,38573.72
NSW,11500,2026-05,160.76,1481.44,157.83,3918.84
NSW,11500,2026-06,174.68,1703.68,203.92,5970.86
NSW,11500,2026-07,192.16,1850.15,265.32,7634.18
NSW,11500,2026-08,106.98,1024.33,158.08,4535
NSW,11520,2023-01,25.76,232.66,0,0
NSW,11520,2023-02,40.98,332.59,0,0
NSW,11520,2023-03,43.95,387.17,0,0
NSW,11520,2023-04,27.19,250.12,0,0
NSW,11520,2023-05,44.63,412.81,0,0
NSW,11520,2023-06,37.98,504.95,0,0
NSW,11520,2023-07,31.95,305.31,0,0
NSW,11520,2023-08,51.73,457.5,0,0
NSW,11520,2023-09,54.73,523.43,0,0
NSW,11520,2023-10,54.73,537.26,0,0
NSW,11520,2023-11,56.52,501.25,0,0
NSW,11520,2023-12,70.6,776.14,0,0
NSW,11520,2024-01,39.52,369.33,0,0
NSW,11520,2024-02,65.6,643.74,0,0
NSW,11520,2024-03,40.52,568.56,0,0
NSW,11520,2024-04,42.63,433.86,0,0
NSW,11520,2024-05,43.06,422.78,0,0
NSW,11520,2024-06,46.41,491.16,0,0
NSW,11520,2024-07,42.08,438.1,0,0
NSW,11520,2024-08,35.52,551.52,0,0
NSW,11520,2024-09,31.3,430.61,0,0
NSW,11520,2024-10,44.3,442.25,0,0
NSW,11520,2024-11,45.65,505.37,0,0
NSW,11520,2024-12,56.95,812.08,0,0
NSW,11520,2025-01,15.54,147.1,0,0
NSW,11520,2025-02,31.3,314.4,0,0
NSW,11520,2025-03,43.19,492.4,0,0
NSW,11520,2025-04,33.54,442.51,0,0
NSW,11520,2025-05,37.98,600.62,0,0
NSW,11520,2025-06,28.87,298.87,0,0
NSW,11520,2025-07,32.08,391.12,56.03,1046.96
NSW,11520,2025-08,26.98,381.66,52.17,1018.49
NSW,11520,2025-09,30.3,315.9,66.71,1696.1
NSW,11520,2025-10,33.87,354.94,80.03,2342.33
NSW,11520,2025-11,49.41,534.96,95.79,2947.51
NSW,11520,2025-12,64.9,795.86,112.07,3909.97
NSW,11520,2026-01,38.95,444.31,67.14,2307.12
NSW,11520,2026-02,43.06,519.84,97.9,3595.62
NSW,11520,2026-03,67.06,767.1,146.04,5464.73
NSW,11520,2026-04,116.31,1456.23,247.35,9872.45
NSW,11520,2026-05,43.19,487.84,48.41,1147.29
NSW,11520,2026-06,50.06,569.26,76.84,2060.25
NSW,11520,2026-07,36.98,387.06,52.84,1460.76
NSW,11520,2026-08,15.76,177.87,19.87,443.17
NSW,11570,2023-01,128.76,1153.59,0,0
NSW,11570,2023-02,166.35,1632.45,0,0
NSW,11570,2023-03,218.55,1971.92,0,0
NSW,11570,2023-04,171.35,1746.77,0,0
NSW,11570,2023-05,227.07,2298.01,0,0
NSW,11570,2023-06,213.51,2168.38,0,0
NSW,11570,2023-07,248.56,2462.38,0,0
NSW,11570,2023-08,264.89,2666.82,0,0
NSW,11570,2023-09,267.11,2917.32,0,0
NSW,11570,2023-10,300.43,3272.5,0,0
NSW,11570,2023-11,265.42,3009.38,0,0
NSW,11570,2023-12,318.11,3701.79,0,0
NSW,11570,2024-01,211.51,2137.88,0,0
NSW,11570,2024-02,298.69,3060.44,0,0
NSW,11570,2024-03,238.76,2718.72,0,0
NSW,11570,2024-04,231.86,2458.31,0,0
NSW,11570,2024-05,253.09,3029.95,0,0
NSW,11570,2024-06,194.91,2549.7,0,0
NSW,11570,2024-07,222.82,2523.67,0,0
NSW,11570,2024-08,238.16,2810.1,0,0
NSW,11570,2024-09,198.92,2078.84,0,0
NSW,11570,2024-10,187.65,2099.18,0,0
NSW,11570,2024-11,208.86,2658.2,0,0
NSW,11570,2024-12,288.78,4284.32,0,0
NSW,11570,2025-01,148.05,1554.57,0,0
NSW,11570,2025-02,175.34,1946.33,0,0
NSW,11570,2025-03,189.35,2210.41,0,0
NSW,11570,2025-04,143.61,1717.12,0,0
NSW,11570,2025-05,162.14,1753.88,0,0
NSW,11570,2025-06,98.23,1358.27,0,0
NSW,11570,2025-07,130.22,1479.77,201.96,3709.32
NSW,11570,2025-08,142.58,1870.9,228.39,4878.46
NSW,11570,2025-09,152.27,1710.61,266.34,6688.88
NSW,11570,2025-10,220.65,2376.99,359.12,10673.76
NSW,11570,2025-11,228.12,2863.82,410.57,12918.13
NSW,11570,2025-12,229.97,2921.35,494.45,17919.17
NSW,11570,2026-01,163.94,2008.93,323.76,11963.97
NSW,11570,2026-02,207.04,2318.75,405.53,15442.46
NSW,11570,2026-03,304.32,3442.23,691.25,27172.54
NSW,11570,2026-04,410.38,5278.69,1086.72,45873.62
NSW,11570,2026-05,197.73,2142.84,189.75,4807.19
NSW,11570,2026-06,206.15,2345.22,239.78,6912.69
NSW,11570,2026-07,173.21,1979.66,215.97,6542.61
NSW,11570,2026-08,95.57,1004.96,124.6,3628.89
NSW,11600,2023-01,1.07,8.62,0,0
NSW,11600,2023-02,2.75,22.33,0,0
NSW,11600,2023-03,3.95,31.25,0,0
NSW,11600,2023-04,2.92,23.94,0,0
NSW,11600,2023-05,3.13,23.22,0,0
NSW,11600,2023-06,5.95,43.38,0,0
NSW,11600,2023-07,1.81,28.09,0,0
NSW,11600,2023-08,1.24,12.46,0,0
NSW,11600,2023-09,4.05,50.52,0,0
NSW,11600,2023-10,4.61,44.32,0,0
NSW,11600,2023-11,1.59,12.03,0,0
NSW,11600,2023-12,4.16,40.26,0,0
NSW,11600,2024-01,2.63,34.98,0,0
NSW,11600,2024-02,1.97,14.97,0,0
NSW,11600,2024-03,2.07,18.5,0,0
NSW,11600,2024-04,2.15,21.4,0,0
NSW,11600,2024-05,3.2,30.2,0,0
NSW,11600,2024-06,8.59,68.9,0,0
NSW,11600,2024-07,2.05,110.11,0,0
NSW,11600,2024-08,2.36,30.52,0,0
NSW,11600,2024-09,3.7,37.05,0,0
NSW,11600,2024-10,3.54,30.94,0,0
NSW,11600,2024-11,3.76,74.46,0,0
NSW,11600,2024-12,3.91,31.45,0,0
NSW,11600,2025-01,2.85,31.49,0,0
NSW,11600,2025-02,0.83,8,0,0
NSW,11600,2025-03,3.85,29.98,0,0
NSW,11600,2025-04,7.08,54.35,0,0
NSW,11600,2025-05,1.96,15.33,0,0
NSW,11600,2025-06,1.59,11.31,0,0
NSW,11600,2025-07,1.51,13.88,2.67,38.9
NSW,11600,2025-08,0.86,8.15,4.2,104.41
NSW,11600,2025-09,1.29,16.98,1.91,39.46
NSW,11600,2025-10,1.09,8.89,1.73,46.19
NSW,11600,2025-11,4.62,109.83,6.56,182.27
NSW,11600,2025-12,3.26,57.74,3.91,150.06
NSW,11600,2026-01,4.5,52.22,4.36,139.89
NSW,11600,2026-02,0.41,4.18,3.1,122.35
NSW,11600,2026-03,2.44,32.06,8.48,301.18
NSW,11600,2026-04,6.88,77.08,14.13,478.08
NSW,11600,2026-05,4.54,49.6,2.91,88.46
NSW,11600,2026-06,3.34,37.35,2.33,36.82
NSW,11600,2026-07,1.9,19.56,2.11,45.44
NSW,11600,2026-08,1.29,23.87,2.58,77
NSW,11650,2023-01,342.01,2874.51,0,0
NSW,11650,2023-02,431.76,3757.59,0,0
NSW,11650,2023-03,450.41,4072,0,0
NSW,11650,2023-04,382.07,3463.76,0,0
NSW,11650,2023-05,458.83,4178.84,0,0
NSW,11650,2023-06,420.22,3885.23,0,0
NSW,11650,2023-07,437.97,4066.86,0,0
NSW,11650,2023-08,509.51,4421.04,0,0
NSW,11650,2023-09,446.44,4346.43,0,0
NSW,11650,2023-10,466.86,4741.86,0,0
NSW,11650,2023-11,548.76,5455.34,0,0
NSW,11650,2023-12,502.19,5113.02,0,0
NSW,11650,2024-01,429.36,3916.7,0,0
NSW,11650,2024-02,487.01,4582.51,0,0
NSW,11650,2024-03,453.45,4298.29,0,0
NSW,11650,2024-04,415.38,3770.86,0,0
NSW,11650,2024-05,410.23,3985.73,0,0
NSW,11650,2024-06,348.28,3544.88,0,0
NSW,11650,2024-07,316.42,3206.84,0,0
NSW,11650,2024-08,322.37,3200.3,0,0
NSW,11650,2024-09,299.3,2833.26,0,0
NSW,11650,2024-10,360.4,3513.57,0,0
NSW,11650,2024-11,324.16,3362.11,0,0
NSW,11650,2024-12,333.36,3644.26,0,0
NSW,11650,2025-01,200.14,1936.26,0,0
NSW,11650,2025-02,341.42,3235.18,0,0
NSW,11650,2025-03,381.16,3891.46,0,0
NSW,11650,2025-04,262.39,2463.9,0,0
NSW,11650,2025-05,289.99,2440.64,0,0
NSW,11650,2025-06,248.62,2560.06,0,0
NSW,11650,2025-07,311.32,3139.47,476.62,7791.43
NSW,11650,2025-08,290.77,3270.47,376.57,7279.34
NSW,11650,2025-09,329.71,3295.9,496.33,10276.23
NSW,11650,2025-10,363.43,3833.16,541.35,12500.61
NSW,11650,2025-11,360.01,3796.63,589.49,15140.38
NSW,11650,2025-12,371.64,4407.59,590.69,16679.95
NSW,11650,2026-01,261.6,2617.91,441.98,12815.01
NSW,11650,2026-02,334.76,3666.5,615.8,18863.68
NSW,11650,2026-03,406.17,4390.6,781.68,25008.36
NSW,11650,2026-04,520.59,5876.59,1078.43,36852.72
NSW,11650,2026-05,279.31,2643.74,399.23,8803.89
NSW,11650,2026-06,391.8,4024.65,450.75,10942.8
NSW,11650,2026-07,353.48,3389.27,502.4,11977.64
NSW,11650,2026-08,212.14,2022.4,275.46,6411.17
NSW,11700,2023-01,4.09,31.01,0,0
NSW,11700,2023-02,5.99,48.14,0,0
NSW,11700,2023-03,5,48.4,0,0
NSW,11700,2023-04,2.07,27.55,0,0
NSW,11700,2023-05,9.82,67.08,0,0
NSW,11700,2023-06,3.96,49.63,0,0
NSW,11700,2023-07,6.72,51.43,0,0
NSW,11700,2023-08,1.99,15.73,0,0
NSW,11700,2023-09,2.96,47.06,0,0
NSW,11700,2023-10,4,90.81,0,0
NSW,11700,2023-11,4.85,30.91,0,0
NSW,11700,2023-12,4.95,54.47,0,0
NSW,11700,2024-01,0.04,0.31,0,0
NSW,11700,2024-02,3.01,19.71,0,0
NSW,11700,2024-03,4.12,33.06,0,0
NSW,11700,2024-04,1.99,16.04,0,0
NSW,11700,2024-05,0.97,6.75,0,0
NSW,11700,2024-06,0.01,0.19,0,0
NSW,11700,2024-07,1.96,32.12,0,0
NSW,11700,2024-08,0.01,0.2,0,0
NSW,11700,2024-09,1.03,4.29,0,0
NSW,11700,2024-10,2.92,26.45,0,0
NSW,11700,2024-11,1.01,6.8,0,0
NSW,11700,2024-12,4.02,23.37,0,0
NSW,11700,2025-01,3.96,26.72,0,0
NSW,11700,2025-02,2,12.76,0,0
NSW,11700,2025-03,7.83,68.77,0,0
NSW,11700,2025-04,3.9,59.55,0,0
NSW,11700,2025-05,0.99,4.48,0,0
NSW,11700,2025-06,0,0,0,0
NSW,11700,2025-07,1.01,15.88,3,78.08
NSW,11700,2025-08,0.01,0.19,2.03,66.49
NSW,11700,2025-09,3.93,55.64,5.89,150.07
NSW,11700,2025-10,1,16.72,1.03,27.07
NSW,11700,2025-11,2,15.4,2,42.68
NSW,11700,2025-12,4.96,47.34,3,81.41
NSW,11700,2026-01,2.78,36.68,0,0
NSW,11700,2026-02,0.01,0.17,0.06,2.94
NSW,11700,2026-03,1.92,78.93,1.92,117.81
NSW,11700,2026-04,2.92,48.14,3.96,172.14
NSW,11700,2026-05,0.99,5.21,0,0
NSW,11700,2026-06,0.03,0.4,2.03,62.89
NSW,11700,2026-07,2.1,16.98,4.03,98.82
NSW,11700,2026-08,0.01,0.66,1,13.92
NSW,11720,2023-01,68.22,758.02,0,0
NSW,11720,2023-02,96.29,839.64,0,0
NSW,11720,2023-03,110.86,948.45,0,0
NSW,11720,2023-04,73.23,685.1,0,0
NSW,11720,2023-05,119.47,1134.12,0,0
NSW,11720,2023-06,101.51,922.37,0,0
NSW,11720,2023-07,101.02,891.63,0,0
NSW,11720,2023-08,110.33,1041.79,0,0
NSW,11720,2023-09,117.12,1219.44,0,0
NSW,11720,2023-10,119.57,1175.61,0,0
NSW,11720,2023-11,146.62,1418.01,0,0
NSW,11720,2023-12,118.32,1155.71,0,0
NSW,11720,2024-01,88.08,769.95,0,0
NSW,11720,2024-02,125.2,997.94,0,0
NSW,11720,2024-03,125.96,1142.73,0,0
NSW,11720,2024-04,112.15,1164.48,0,0
NSW,11720,2024-05,100,939.53,0,0
NSW,11720,2024-06,80.06,757.38,0,0
NSW,11720,2024-07,91.87,960.67,0,0
NSW,11720,2024-08,91.44,875.49,0,0
NSW,11720,2024-09,88.35,835.68,0,0
NSW,11720,2024-10,79.97,779.97,0,0
NSW,11720,2024-11,104.55,960.22,0,0
NSW,11720,2024-12,87.91,973.51,0,0
NSW,11720,2025-01,63.98,647.42,0,0
NSW,11720,2025-02,94.32,838.49,0,0
NSW,11720,2025-03,102.36,865.74,0,0
NSW,11720,2025-04,76.04,683.92,0,0
NSW,11720,2025-05,89.5,829.62,0,0
NSW,11720,2025-06,78.01,640.78,0,0
NSW,11720,2025-07,90.74,971.4,123.01,2168.47
NSW,11720,2025-08,73.32,719.59,98.21,1712.17
NSW,11720,2025-09,67.39,660.21,92.26,1843.61
NSW,11720,2025-10,85.62,762.72,106,2277.18
NSW,11720,2025-11,105.48,1028.94,114.34,2929.4
NSW,11720,2025-12,72.04,814.58,118.15,3400.8
NSW,11720,2026-01,64.39,557.49,90.28,2627.5
NSW,11720,2026-02,128.56,1100.7,135.18,3972.57
NSW,11720,2026-03,111.65,1092.22,201.33,6146.89
NSW,11720,2026-04,117.52,1165.23,229.67,7981
NSW,11720,2026-05,121.55,996.66,94.33,2331.13
NSW,11720,2026-06,107.33,918.42,97.69,2417.28
NSW,11720,2026-07,121.25,1134.4,117.89,2911.68
NSW,11720,2026-08,52.58,459.16,64.26,1433.29
NSW,11730,2023-01,54.4,447.04,0,0
NSW,11730,2023-02,87.11,746.51,0,0
NSW,11730,2023-03,63.13,536.52,0,0
NSW,11730,2023-04,62.48,514.99,0,0
NSW,11730,2023-05,102.73,779.96,0,0
NSW,11730,2023-06,74.01,655.7,0,0
NSW,11730,2023-07,79.35,640.38,0,0
NSW,11730,2023-08,96.11,774.88,0,0
NSW,11730,2023-09,100.99,897.44,0,0
NSW,11730,2023-10,104.48,919.99,0,0
NSW,11730,2023-11,87.54,701.89,0,0
NSW,11730,2023-12,88.03,1097.53,0,0
NSW,11730,2024-01,62.79,479.58,0,0
NSW,11730,2024-02,94.52,847.9,0,0
NSW,11730,2024-03,69.05,624.29,0,0
NSW,11730,2024-04,92.05,720.12,0,0
NSW,11730,2024-05,98.29,882.18,0,0
NSW,11730,2024-06,62.12,669.92,0,0
NSW,11730,2024-07,71.79,658.95,0,0
NSW,11730,2024-08,75.02,825.34,0,0
NSW,11730,2024-09,78.7,775.92,0,0
NSW,11730,2024-10,82.92,1064.24,0,0
NSW,11730,2024-11,125.76,1045.17,0,0
NSW,11730,2024-12,77.03,770.78,0,0
NSW,11730,2025-01,58.72,571.46,0,0
NSW,11730,2025-02,86.15,772.65,0,0
NSW,11730,2025-03,84.78,646.5,0,0
NSW,11730,2025-04,80.96,748.03,0,0
NSW,11730,2025-05,91.19,723.7,0,0
NSW,11730,2025-06,82.81,556.46,0,0
NSW,11730,2025-07,66.76,658.36,63.14,915.52
NSW,11730,2025-08,62.48,625.34,90.98,1562.54
NSW,11730,2025-09,67,605.02,103.31,1938.72
NSW,11730,2025-10,74.21,620.01,120.09,2306.33
NSW,11730,2025-11,90.45,894.73,133.18,3045.48
NSW,11730,2025-12,96.27,991.58,127.27,3132.31
NSW,11730,2026-01,44.26,378.37,66.98,1636.43
NSW,11730,2026-02,82.9,751.96,93.83,2323.86
NSW,11730,2026-03,88.78,828,126.91,3722.38
NSW,11730,2026-04,127.36,1293.35,230.22,7260.59
NSW,11730,2026-05,65.69,545.32,55.77,1166.34
NSW,11730,2026-06,81.96,802.85,79.47,1686.2
NSW,11730,2026-07,77.9,706.16,80.91,1775.4
NSW,11730,2026-08,52.92,508.31,73.58,1638.27
NSW,11750,2023-01,6.5,71.16,0,0
NSW,11750,2023-02,13.28,171.02,0,0
NSW,11750,2023-03,11.13,97.17,0,0
NSW,11750,2023-04,6.27,41.33,0,0
NSW,11750,2023-05,11.46,101.2,0,0
NSW,11750,2023-06,9.43,88.15,0,0
NSW,11750,2023-07,11.23,89.49,0,0
NSW,11750,2023-08,5.38,87.54,0,0
NSW,11750,2023-09,4.31,57.9,0,0
NSW,11750,2023-10,5.64,67.35,0,0
NSW,11750,2023-11,10.41,96.32,0,0
NSW,11750,2023-12,6.99,153.22,0,0
NSW,11750,2024-01,4.26,42.41,0,0
NSW,11750,2024-02,2.12,107.35,0,0
NSW,11750,2024-03,1.66,16.26,0,0
NSW,11750,2024-04,6.28,106.08,0,0
NSW,11750,2024-05,3.15,33.11,0,0
NSW,11750,2024-06,4.53,26.13,0,0
NSW,11750,2024-07,4.53,45.72,0,0
NSW,11750,2024-08,4.41,34.36,0,0
NSW,11750,2024-09,3.27,22.17,0,0
NSW,11750,2024-10,3.33,46.79,0,0
NSW,11750,2024-11,1.42,12.57,0,0
NSW,11750,2024-12,2.45,20.53,0,0
NSW,11750,2025-01,1.17,11.27,0,0
NSW,11750,2025-02,7.2,66.81,0,0
NSW,11750,2025-03,0.61,13.62,0,0
NSW,11750,2025-04,3.69,119.11,0,0
NSW,11750,2025-05,9.46,104.62,0,0
NSW,11750,2025-06,4.16,32.37,0,0
NSW,11750,2025-07,3.21,39.89,6.27,114.86
NSW,11750,2025-08,3.21,34.94,5.38,134.99
NSW,11750,2025-09,10.57,197.18,7.67,274.84
NSW,11750,2025-10,5.38,38.59,16.37,499.67
NSW,11750,2025-11,9.23,128.24,14.59,464.55
NSW,11750,2025-12,0.64,13.86,1.07,40.21
NSW,11750,2026-01,0,0,0.06,0.61
NSW,11750,2026-02,2.21,23.68,2.31,42.26
NSW,11750,2026-03,2.38,26.27,2.42,81.87
NSW,11750,2026-04,0.85,11.44,14.33,520.77
NSW,11750,2026-05,1.48,9.61,2.3,73.29
NSW,11750,2026-06,2.23,18.13,1.55,28.78
NSW,11750,2026-07,2.64,28.26,5.59,117.8
NSW,11750,2026-08,2.23,29.42,2.1,62.14
NSW,11800,2023-01,83.19,769.13,0,0
NSW,11800,2023-02,119.1,991.19,0,0
NSW,11800,2023-03,141.65,1288.83,0,0
NSW,11800,2023-04,94.93,742.3,0,0
NSW,11800,2023-05,124.89,970.67,0,0
NSW,11800,2023-06,103.83,947.04,0,0
NSW,11800,2023-07,84.14,662.85,0,0
NSW,11800,2023-08,124.9,1035.02,0,0
NSW,11800,2023-09,115.61,967.6,0,0
NSW,11800,2023-10,98.98,991.18,0,0
NSW,11800,2023-11,100.01,940.61,0,0
NSW,11800,2023-12,129.87,1393.52,0,0
NSW,11800,2024-01,74.12,574.14,0,0
NSW,11800,2024-02,138.61,1153.67,0,0
NSW,11800,2024-03,104.91,1263.2,0,0
NSW,11800,2024-04,87.27,787.94,0,0
NSW,11800,2024-05,109.85,1138.65,0,0
NSW,11800,2024-06,96.97,1099.77,0,0
NSW,11800,2024-07,99.11,825.11,0,0
NSW,11800,2024-08,84.27,845.17,0,0
NSW,11800,2024-09,92.26,984.37,0,0
NSW,11800,2024-10,81.5,785.7,0,0
NSW,11800,2024-11,88.2,854.9,0,0
NSW,11800,2024-12,88.04,807.64,0,0
NSW,11800,2025-01,59.48,491.62,0,0
NSW,11800,2025-02,58.44,622.04,0,0
NSW,11800,2025-03,52.5,460.39,0,0
NSW,11800,2025-04,62.43,529.58,0,0
NSW,11800,2025-05,67.2,710.73,0,0
NSW,11800,2025-06,59.26,549.91,0,0
NSW,11800,2025-07,90.03,789.53,120.79,1985.99
NSW,11800,2025-08,71.29,725.12,89,1562.13
NSW,11800,2025-09,66.43,618.58,95.18,1861.81
NSW,11800,2025-10,67.51,662.76,121.92,2587.08
NSW,11800,2025-11,101.09,946.5,148.6,3097.94
NSW,11800,2025-12,95.11,1067.63,137.77,3451.76
NSW,11800,2026-01,52.45,477.63,86.16,1864.21
NSW,11800,2026-02,90,793.92,131.8,3174.83
NSW,11800,2026-03,91.05,982.38,173.2,4981.69
NSW,11800,2026-04,111,1213.58,224.04,6735.23
NSW,11800,2026-05,83.19,736.12,72.38,1410.12
NSW,11800,2026-06,90.29,798.5,105.21,2317.21
NSW,11800,2026-07,96.11,928.94,99.32,2137.49
NSW,11800,2026-08,57.45,516.95,73.35,1613.77
NSW,12000,2023-01,6.31,38.84,0,0
NSW,12000,2023-02,6.15,55.18,0,0
NSW,12000,2023-03,6.58,49.84,0,0
NSW,12000,2023-04,11.49,105.51,0,0
NSW,12000,2023-05,9.34,79.6,0,0
NSW,12000,2023-06,1.54,11.68,0,0
NSW,12000,2023-07,1.89,24.37,0,0
NSW,12000,2023-08,4.88,41.03,0,0
NSW,12000,2023-09,11.51,120.1,0,0
NSW,12000,2023-10,10.72,106.57,0,0
NSW,12000,2023-11,12.19,140.95,0,0
NSW,12000,2023-12,12.11,112.86,0,0
NSW,12000,2024-01,2.96,32.65,0,0
NSW,12000,2024-02,9.82,76.22,0,0
NSW,12000,2024-03,8.43,72.73,0,0
NSW,12000,2024-04,8.81,74.59,0,0
NSW,12000,2024-05,10.62,103.23,0,0
NSW,12000,2024-06,4.34,36.37,0,0
NSW,12000,2024-07,9.2,60.48,0,0
NSW,12000,2024-08,13.86,113.17,0,0
NSW,12000,2024-09,7.24,69.15,0,0
NSW,12000,2024-10,16.41,132.64,0,0
NSW,12000,2024-11,6.15,59.07,0,0
NSW,12000,2024-12,7.95,101.18,0,0
NSW,12000,2025-01,1.89,13.32,0,0
NSW,12000,2025-02,3.83,37.26,0,0
NSW,12000,2025-03,9.84,91.79,0,0
NSW,12000,2025-04,6.77,99.94,0,0
NSW,12000,2025-05,2.47,21.42,0,0
NSW,12000,2025-06,4.72,46.92,0,0
NSW,12000,2025-07,4.23,84.07,11.09,215.59
NSW,12000,2025-08,4.71,39.21,8.72,154.03
NSW,12000,2025-09,7.62,68.46,9.92,247.78
NSW,12000,2025-10,1.89,21.04,5.98,105.36
NSW,12000,2025-11,5.52,50.03,6.53,135.12
NSW,12000,2025-12,6.69,83.58,11.59,228.4
NSW,12000,2026-01,2.23,14.45,4.12,83.08
NSW,12000,2026-02,3.17,34.48,7.39,182.62
NSW,12000,2026-03,5.19,50.18,11.9,342.61
NSW,12000,2026-04,11.9,190.64,17.37,663.05
NSW,12000,2026-05,2.42,23.1,4.96,75.14
NSW,12000,2026-06,9.05,105.47,8.91,258.25
NSW,12000,2026-07,5.3,60.98,5.11,118.83
NSW,12000,2026-08,5.3,57.92,2.59,59.6
NSW,12150,2023-01,4.1,31.21,0,0
NSW,12150,2023-02,5.65,50.63,0,0
NSW,12150,2023-03,4.2,30.29,0,0
NSW,12150,2023-04,1.2,12.52,0,0
NSW,12150,2023-05,2.97,27.37,0,0
NSW,12150,2023-06,1.07,15.78,0,0
NSW,12150,2023-07,3.87,31.94,0,0
NSW,12150,2023-08,4.2,60.5,0,0
NSW,12150,2023-09,0.2,1.98,0,0
NSW,12150,2023-10,4.2,26.26,0,0
NSW,12150,2023-11,8.1,99.48,0,0
NSW,12150,2023-12,1.97,16.93,0,0
NSW,12150,2024-01,2.3,20.15,0,0
NSW,12150,2024-02,3.1,35.06,0,0
NSW,12150,2024-03,1.07,11.75,0,0
NSW,12150,2024-04,6.2,39.68,0,0
NSW,12150,2024-05,1.1,6.93,0,0
NSW,12150,2024-06,3.3,42.11,0,0
NSW,12150,2024-07,4.4,51.45,0,0
NSW,12150,2024-08,7.52,143.61,0,0
NSW,12150,2024-09,6.1,40.4,0,0
NSW,12150,2024-10,1.4,27.04,0,0
NSW,12150,2024-11,4.27,49.79,0,0
NSW,12150,2024-12,1.3,10.43,0,0
NSW,12150,2025-01,3.2,39.07,0,0
NSW,12150,2025-02,7.97,69.31,0,0
NSW,12150,2025-03,1.7,23.62,0,0
NSW,12150,2025-04,1.4,11.54,0,0
NSW,12150,2025-05,3.2,24.05,0,0
NSW,12150,2025-06,0.97,26.1,0,0
NSW,12150,2025-07,2.42,28.28,1.55,69.25
NSW,12150,2025-08,0.87,12.9,5.41,124.06
NSW,12150,2025-09,0.3,2.18,1.27,35.84
NSW,12150,2025-10,5.26,62.45,6.26,171.94
NSW,12150,2025-11,2.1,43.33,6.4,232.16
NSW,12150,2025-12,8.47,137.77,9.77,295.71
NSW,12150,2026-01,4,20.8,1.1,30.95
NSW,12150,2026-02,1.87,21.04,3.97,121.35
NSW,12150,2026-03,8.04,91.09,14.26,531.28
NSW,12150,2026-04,4.54,40.86,6.07,249.68
NSW,12150,2026-05,0.5,6.25,0.4,14.09
NSW,12150,2026-06,3.65,45.69,4.37,119.82
NSW,12150,2026-07,5.72,65.16,4.62,107.45
NSW,12150,2026-08,2.2,55.18,0.1,1.59
NSW,12160,2023-01,8.78,84.21,0,0
NSW,12160,2023-02,13.88,103.27,0,0
NSW,12160,2023-03,9.15,71.33,0,0
NSW,12160,2023-04,46.31,259.58,0,0
NSW,12160,2023-05,17.56,150.11,0,0
NSW,12160,2023-06,13.73,100.13,0,0
NSW,12160,2023-07,18.55,139.57,0,0
NSW,12160,2023-08,15.99,116.94,0,0
NSW,12160,2023-09,15.62,132.04,0,0
NSW,12160,2023-10,16.74,135.92,0,0
NSW,12160,2023-11,15.51,126.95,0,0
NSW,12160,2023-12,18.45,168.7,0,0
NSW,12160,2024-01,1.14,7.55,0,0
NSW,12160,2024-02,9.81,85.34,0,0
NSW,12160,2024-03,9.12,97.76,0,0
NSW,12160,2024-04,13.62,125.05,0,0
NSW,12160,2024-05,15.26,112.55,0,0
NSW,12160,2024-06,5.84,48.68,0,0
NSW,12160,2024-07,21.44,221.47,0,0
NSW,12160,2024-08,15.41,128.33,0,0
NSW,12160,2024-09,10.66,126.11,0,0
NSW,12160,2024-10,10.56,123.52,0,0
NSW,12160,2024-11,4.86,28.2,0,0
NSW,12160,2024-12,28.89,241.67,0,0
NSW,12160,2025-01,6.7,62.76,0,0
NSW,12160,2025-02,7.07,83.65,0,0
NSW,12160,2025-03,10.08,83.05,0,0
NSW,12160,2025-04,15.29,123.38,0,0
NSW,12160,2025-05,19.23,250.93,0,0
NSW,12160,2025-06,16.23,137.27,0,0
NSW,12160,2025-07,15.71,197.14,16.05,279.48
NSW,12160,2025-08,13.58,116.61,17.75,326.9
NSW,12160,2025-09,14.83,131.44,20.72,336.56
NSW,12160,2025-10,12.14,144.94,15.17,310.51
NSW,12160,2025-11,17.71,141.42,26.1,520.63
NSW,12160,2025-12,15.97,244.66,22.05,486.58
NSW,12160,2026-01,5.26,52.1,11,336.86
NSW,12160,2026-02,10.16,136.81,14.49,446.93
NSW,12160,2026-03,17.49,182.33,19.41,585.43
NSW,12160,2026-04,19.76,203.37,33.49,997.41
NSW,12160,2026-05,4.85,55.62,7.71,153.13
NSW,12160,2026-06,16.55,149.18,17.36,339.99
NSW,12160,2026-07,17.15,155.78,26.51,542.1
NSW,12160,2026-08,4.79,48.44,2.88,52.83
NSW,12350,2023-01,2.22,17.38,0,0
NSW,12350,2023-02,10.79,103.97,0,0
NSW,12350,2023-03,14.02,105.57,0,0
NSW,12350,2023-04,17.05,193.6,0,0
NSW,12350,2023-05,16.46,149.39,0,0
NSW,12350,2023-06,30.04,219.52,0,0
NSW,12350,2023-07,16.63,156.45,0,0
NSW,12350,2023-08,20.75,251.89,0,0
NSW,12350,2023-09,9.25,92.92,0,0
NSW,12350,2023-10,16.28,185.56,0,0
NSW,12350,2023-11,22.06,259.27,0,0
NSW,12350,2023-12,15.67,284.14,0,0
NSW,12350,2024-01,7.14,74.24,0,0
NSW,12350,2024-02,16.71,175.03,0,0
NSW,12350,2024-03,19.91,193.74,0,0
NSW,12350,2024-04,18.71,157.81,0,0
NSW,12350,2024-05,25.74,429.13,0,0
NSW,12350,2024-06,17.03,190.8,0,0
NSW,12350,2024-07,8.33,89.08,0,0
NSW,12350,2024-08,21.07,193.15,0,0
NSW,12350,2024-09,22.46,251.07,0,0
NSW,12350,2024-10,30.21,258.48,0,0
NSW,12350,2024-11,17.74,268.23,0,0
NSW,12350,2024-12,13.83,228.06,0,0
NSW,12350,2025-01,3.19,39.56,0,0
NSW,12350,2025-02,13.04,133.29,0,0
NSW,12350,2025-03,12.75,153.09,0,0
NSW,12350,2025-04,18.13,203.05,0,0
NSW,12350,2025-05,5.49,49.26,0,0
NSW,12350,2025-06,7.59,119.31,0,0
NSW,12350,2025-07,8.37,172.55,21.35,279.31
NSW,12350,2025-08,14.11,134.04,23.67,407.88
NSW,12350,2025-09,10.47,214.84,12.55,356.13
NSW,12350,2025-10,13.98,154.96,16.68,362.25
NSW,12350,2025-11,10.57,101.23,21.53,707.44
NSW,12350,2025-12,13.29,149.75,21.83,609.08
NSW,12350,2026-01,3.63,80.65,4.31,186.5
NSW,12350,2026-02,9.84,127.95,23.82,927.73
NSW,12350,2026-03,18.58,229.6,40,1443.48
NSW,12350,2026-04,31.85,393.56,37.79,1308.07
NSW,12350,2026-05,5.74,54.46,7.7,124.58
NSW,12350,2026-06,17.62,188.77,19.38,391.69
NSW,12350,2026-07,13.71,160.38,15.16,392.51
NSW,12350,2026-08,8.12,95.66,11.29,327.23
NSW,12380,2023-01,97.92,935.48,0,0
NSW,12380,2023-02,114.84,1117.8,0,0
NSW,12380,2023-03,116.3,1167.38,0,0
NSW,12380,2023-04,101.67,1136.28,0,0
NSW,12380,2023-05,125.76,1234.31,0,0
NSW,12380,2023-06,126.3,1492.86,0,0
NSW,12380,2023-07,150.84,1823.19,0,0
NSW,12380,2023-08,173.63,1708.26,0,0
NSW,12380,2023-09,155.53,2164.78,0,0
NSW,12380,2023-10,181.89,2200.27,0,0
NSW,12380,2023-11,168.85,1785.72,0,0
NSW,12380,2023-12,179.53,2359.32,0,0
NSW,12380,2024-01,112.9,1120.91,0,0
NSW,12380,2024-02,160.45,1722.4,0,0
NSW,12380,2024-03,162.28,1807.09,0,0
NSW,12380,2024-04,119.64,1291.79,0,0
NSW,12380,2024-05,125.05,1448.31,0,0
NSW,12380,2024-06,105.94,1315.96,0,0
NSW,12380,2024-07,140.95,1633.14,0,0
NSW,12380,2024-08,132.93,1925.95,0,0
NSW,12380,2024-09,117.36,1439.18,0,0
NSW,12380,2024-10,119.81,1530.96,0,0
NSW,12380,2024-11,131.85,1815.48,0,0
NSW,12380,2024-12,158.9,2648.07,0,0
NSW,12380,2025-01,74.89,764.69,0,0
NSW,12380,2025-02,114.29,1323,0,0
NSW,12380,2025-03,113.58,1425.18,0,0
NSW,12380,2025-04,75.67,832.75,0,0
NSW,12380,2025-05,81.51,1082.42,0,0
NSW,12380,2025-06,62.99,790.52,0,0
NSW,12380,2025-07,70.62,951.3,123.4,2205.06
NSW,12380,2025-08,54.14,669.39,116.36,2570.34
NSW,12380,2025-09,79.27,849.92,161.68,4384.17
NSW,12380,2025-10,95.45,1042.39,183.15,5900.63
NSW,12380,2025-11,111.29,1383.88,225,7502.2
NSW,12380,2025-12,149.7,2076.3,298.79,11619.11
NSW,12380,2026-01,100.67,1131.71,193.51,7409.82
NSW,12380,2026-02,117.71,1299.32,269.37,10696.05
NSW,12380,2026-03,160.33,1905.01,374.48,15252.73
NSW,12380,2026-04,226.17,3039.22,698.52,30170.46
NSW,12380,2026-05,98.25,1122.08,98.7,2635.75
NSW,12380,2026-06,125.2,1633.36,136.11,4061.17
NSW,12380,2026-07,110,1237.11,138.09,4044.49
NSW,12380,2026-08,52.7,569.84,76.19,2342.22
NSW,12390,2023-01,26.68,181.94,0,0
NSW,12390,2023-02,78.64,694.88,0,0
NSW,12390,2023-03,74.42,702.13,0,0
NSW,12390,2023-04,63.92,773.13,0,0
NSW,12390,2023-05,61.05,693.37,0,0
NSW,12390,2023-06,83.55,730.67,0,0
NSW,12390,2023-07,74.82,804.13,0,0
NSW,12390,2023-08,59.66,587.17,0,0
NSW,12390,2023-09,72.16,756.42,0,0
NSW,12390,2023-10,110.53,997.75,0,0
NSW,12390,2023-11,101.51,1024.3,0,0
NSW,12390,2023-12,67.25,770.21,0,0
NSW,12390,2024-01,54.45,481.18,0,0
NSW,12390,2024-02,56.08,592.3,0,0
NSW,12390,2024-03,84.63,815.36,0,0
NSW,12390,2024-04,106.16,1099.41,0,0
NSW,12390,2024-05,129.67,1206.22,0,0
NSW,12390,2024-06,113.67,1115.59,0,0
NSW,12390,2024-07,109.43,1023.49,0,0
NSW,12390,2024-08,79.38,969.33,0,0
NSW,12390,2024-09,85.02,822.61,0,0
NSW,12390,2024-10,56.93,883.6,0,0
NSW,12390,2024-11,56.44,645.64,0,0
NSW,12390,2024-12,77.33,947.22,0,0
NSW,12390,2025-01,46.96,516.28,0,0
NSW,12390,2025-02,50.22,484.95,0,0
NSW,12390,2025-03,67.23,685.32,0,0
NSW,12390,2025-04,52.1,551.52,0,0
NSW,12390,2025-05,52.41,576.36,0,0
NSW,12390,2025-06,62.36,520.59,0,0
NSW,12390,2025-07,43.63,596.16,65.3,1400.57
NSW,12390,2025-08,48.98,564.14,61.4,1530.19
NSW,12390,2025-09,41.37,436.49,67.29,1480
NSW,12390,2025-10,69.18,898,96.33,2638.97
NSW,12390,2025-11,41.92,479,89.06,2539.09
NSW,12390,2025-12,65.4,767.51,101.68,2959.71
NSW,12390,2026-01,21.11,272.9,28.79,835.27
NSW,12390,2026-02,62.6,715.5,83.19,2615.31
NSW,12390,2026-03,68.86,969.26,90.85,3329.28
NSW,12390,2026-04,81.47,1279.34,168.13,6539.5
NSW,12390,2026-05,39.44,539.78,32.93,830.39
NSW,12390,2026-06,46.68,566.7,43.29,1094.32
NSW,12390,2026-07,58.36,718.89,90.76,2172.69
NSW,12390,2026-08,22.03,260.13,27.71,705.89
NSW,12700,2023-01,12.55,99.79,0,0
NSW,12700,2023-02,14.16,105.11,0,0
NSW,12700,2023-03,17.84,162.84,0,0
NSW,12700,2023-04,17.96,127.89,0,0
NSW,12700,2023-05,21.5,173.46,0,0
NSW,12700,2023-06,14.37,129.23,0,0
NSW,12700,2023-07,11.51,109.85,0,0
NSW,12700,2023-08,18.56,185.89,0,0
NSW,12700,2023-09,21.35,285.69,0,0
NSW,12700,2023-10,20.75,181.73,0,0
NSW,12700,2023-11,25.83,253.04,0,0
NSW,12700,2023-12,21.75,239.51,0,0
NSW,12700,2024-01,15.02,135.59,0,0
NSW,12700,2024-02,26.09,201.75,0,0
NSW,12700,2024-03,15.33,116.02,0,0
NSW,12700,2024-04,16.59,153.22,0,0
NSW,12700,2024-05,24.25,196.63,0,0
NSW,12700,2024-06,23.5,246.57,0,0
NSW,12700,2024-07,20.51,159.17,0,0
NSW,12700,2024-08,10.73,95.65,0,0
NSW,12700,2024-09,10.9,100.34,0,0
NSW,12700,2024-10,13.37,107.79,0,0
NSW,12700,2024-11,18.35,190.55,0,0
NSW,12700,2024-12,17.29,241.54,0,0
NSW,12700,2025-01,10.97,107.03,0,0
NSW,12700,2025-02,18.23,185.5,0,0
NSW,12700,2025-03,18.49,190.25,0,0
NSW,12700,2025-04,19.49,212.59,0,0
NSW,12700,2025-05,14.07,117.06,0,0
NSW,12700,2025-06,10.36,90.5,0,0
NSW,12700,2025-07,13.48,143.85,23.36,358.16
NSW,12700,2025-08,9.7,102.85,10.57,221.36
NSW,12700,2025-09,12.23,121.6,13.3,296.64
NSW,12700,2025-10,14.43,134.81,20.91,472.12
NSW,12700,2025-11,24.27,228.01,25.29,644.14
NSW,12700,2025-12,16.67,196.45,28.36,780.78
NSW,12700,2026-01,11.96,104.42,17.7,504.26
NSW,12700,2026-02,20.89,219.54,19.99,602.1
NSW,12700,2026-03,24.14,322.75,30.63,1016.42
NSW,12700,2026-04,22.88,262.08,42.73,1699.48
NSW,12700,2026-05,14.95,159.99,19.34,454.93
NSW,12700,2026-06,20.15,225.97,21.95,521.77
NSW,12700,2026-07,16.23,159.02,14.57,345.89
NSW,12700,2026-08,8.83,85.02,9.63,298.93
NSW,12730,2023-01,3.45,28.18,0,0
NSW,12730,2023-02,8.68,63.91,0,0
NSW,12730,2023-03,10.67,104.8,0,0
NSW,12730,2023-04,17.85,255.76,0,0
NSW,12730,2023-05,10.03,119.72,0,0
NSW,12730,2023-06,15.83,132.27,0,0
NSW,12730,2023-07,8.84,105.94,0,0
NSW,12730,2023-08,16.49,136.76,0,0
NSW,12730,2023-09,23.09,322.32,0,0
NSW,12730,2023-10,12.39,198.26,0,0
NSW,12730,2023-11,9.01,75.32,0,0
NSW,12730,2023-12,19.57,179.18,0,0
NSW,12730,2024-01,6.21,56.67,0,0
NSW,12730,2024-02,6.5,84.78,0,0
NSW,12730,2024-03,6.46,56.93,0,0
NSW,12730,2024-04,18.25,161.33,0,0
NSW,12730,2024-05,5.78,44.52,0,0
NSW,12730,2024-06,10.69,110.9,0,0
NSW,12730,2024-07,4.29,40.93,0,0
NSW,12730,2024-08,12.43,136.68,0,0
NSW,12730,2024-09,9.85,96.81,0,0
NSW,12730,2024-10,29.65,203.7,0,0
NSW,12730,2024-11,11.93,111.05,0,0
NSW,12730,2024-12,10.3,171.28,0,0
NSW,12730,2025-01,9.3,171.5,0,0
NSW,12730,2025-02,2.04,19.98,0,0
NSW,12730,2025-03,10.69,115.8,0,0
NSW,12730,2025-04,16.25,157.44,0,0
NSW,12730,2025-05,7.77,143.09,0,0
NSW,12730,2025-06,6.32,73.95,0,0
NSW,12730,2025-07,10.22,127.75,14.68,238.52
NSW,12730,2025-08,5.2,44.09,11.32,139.66
NSW,12730,2025-09,5.95,48.37,14.47,219.55
NSW,12730,2025-10,11.34,163.79,14.12,303.83
NSW,12730,2025-11,8.35,109.91,8.65,169.38
NSW,12730,2025-12,11.8,140.93,17.82,481.97
NSW,12730,2026-01,3.39,38.74,7.57,140.84
NSW,12730,2026-02,7.86,59.52,5.37,141.33
NSW,12730,2026-03,12.23,188.73,21.26,736.79
NSW,12730,2026-04,26.28,303.38,45.14,1532.2
NSW,12730,2026-05,15.36,120.7,10.32,176.03
NSW,12730,2026-06,6.27,47.24,3.89,81.06
NSW,12730,2026-07,10.22,97.89,8.97,152.1
NSW,12730,2026-08,6.85,53.04,6.12,105.87
NSW,12750,2023-01,57.65,433.43,0,0
NSW,12750,2023-02,62.25,526.75,0,0
NSW,12750,2023-03,125.1,764.23,0,0
NSW,12750,2023-04,51.41,399.05,0,0
NSW,12750,2023-05,82.37,712.86,0,0
NSW,12750,2023-06,69.31,658.9,0,0
NSW,12750,2023-07,69.87,535.62,0,0
NSW,12750,2023-08,69.05,706.57,0,0
NSW,12750,2023-09,63.83,568.81,0,0
NSW,12750,2023-10,65.43,586.7,0,0
NSW,12750,2023-11,74.91,658.81,0,0
NSW,12750,2023-12,76.33,689.6,0,0
NSW,12750,2024-01,39.22,358.1,0,0
NSW,12750,2024-02,50.06,395.27,0,0
NSW,12750,2024-03,58.94,466.49,0,0
NSW,12750,2024-04,59.84,526.26,0,0
NSW,12750,2024-05,64.15,682.27,0,0
NSW,12750,2024-06,60.78,541.99,0,0
NSW,12750,2024-07,72.9,609.38,0,0
NSW,12750,2024-08,62.91,591.31,0,0
NSW,12750,2024-09,42.93,396.89,0,0
NSW,12750,2024-10,67.09,625.07,0,0
NSW,12750,2024-11,54.88,484.62,0,0
NSW,12750,2024-12,73.96,734.9,0,0
NSW,12750,2025-01,33.93,315.13,0,0
NSW,12750,2025-02,49.45,466.65,0,0
NSW,12750,2025-03,55.39,466.48,0,0
NSW,12750,2025-04,43.56,370.43,0,0
NSW,12750,2025-05,63.14,476.78,0,0
NSW,12750,2025-06,64.5,468.14,0,0
NSW,12750,2025-07,55.41,498.01,71.86,1159.86
NSW,12750,2025-08,40.51,384.16,50.18,808.2
NSW,12750,2025-09,58.53,553.77,81.68,1484.98
NSW,12750,2025-10,66.79,699.52,100.14,1811.26
NSW,12750,2025-11,69.07,620.73,92.61,1802.62
NSW,12750,2025-12,59.03,714.53,83.35,2099.58
NSW,12750,2026-01,21.09,222.83,40.08,1176.83
NSW,12750,2026-02,49.17,501.67,79.05,1813.65
NSW,12750,2026-03,60.57,683.88,94.62,2493.69
NSW,12750,2026-04,105.51,1235.21,174.99,5488.6
NSW,12750,2026-05,46.17,412.26,42.08,728.35
NSW,12750,2026-06,55.34,535.14,82.53,1819.53
NSW,12750,2026-07,61.8,615.53,72.24,1462.88
NSW,12750,2026-08,42.67,436.36,45.15,892.39
NSW,12850,2023-01,97.6,958.46,0,0
NSW,12850,2023-02,115.75,1335.14,0,0
NSW,12850,2023-03,139.19,1721.13,0,0
NSW,12850,2023-04,149.77,1502.6,0,0
NSW,12850,2023-05,162.94,1928.45,0,0
NSW,12850,2023-06,158.08,1738.54,0,0
NSW,12850,2023-07,168.98,1893.76,0,0
NSW,12850,2023-08,193.15,2100.09,0,0
NSW,12850,2023-09,168.78,1696.85,0,0
NSW,12850,2023-10,174.08,1825.8,0,0
NSW,12850,2023-11,205.38,2376.47,0,0
NSW,12850,2023-12,192.09,2967.76,0,0
NSW,12850,2024-01,160.11,1679.64,0,0
NSW,12850,2024-02,148.8,1587.84,0,0
NSW,12850,2024-03,178.33,1907.28,0,0
NSW,12850,2024-04,144.54,1972.59,0,0
NSW,12850,2024-05,161.15,2060.11,0,0
NSW,12850,2024-06,156.88,1859.97,0,0
NSW,12850,2024-07,190.54,2269.61,0,0
NSW,12850,2024-08,149.22,1803.39,0,0
NSW,12850,2024-09,139.08,1732.21,0,0
NSW,12850,2024-10,141.29,1685.33,0,0
NSW,12850,2024-11,151.95,1917.15,0,0
NSW,12850,2024-12,178.71,2460.99,0,0
NSW,12850,2025-01,92.8,887.49,0,0
NSW,12850,2025-02,131.5,1561.18,0,0
NSW,12850,2025-03,141.87,1775.87,0,0
NSW,12850,2025-04,106.58,1354.3,0,0
NSW,12850,2025-05,98.73,1463.44,0,0
NSW,12850,2025-06,59.78,977.17,0,0
NSW,12850,2025-07,77.95,1201.61,134.11,2732.95
NSW,12850,2025-08,77.94,1035.92,138.76,3236.02
NSW,12850,2025-09,107.67,1429.67,189.18,5063.31
NSW,12850,2025-10,99.46,1097.48,204.26,6503.29
NSW,12850,2025-11,164.86,2192.74,271.43,8861.67
NSW,12850,2025-12,170.77,2681.91,340.72,12970.16
NSW,12850,2026-01,99.15,1189.3,235.58,9303.32
NSW,12850,2026-02,156.49,1787.27,327.54,12923.24
NSW,12850,2026-03,207.6,2540.83,482.24,20459.44
NSW,12850,2026-04,273.13,3689.55,782.73,33805.93
NSW,12850,2026-05,109.94,1220.81,105.13,2873.63
NSW,12850,2026-06,140.68,1905.37,138.26,4523.97
NSW,12850,2026-07,97.97,1180.08,167.31,5264.3
NSW,12850,2026-08,58.84,686.7,79.09,2651.63
NSW,12870,2023-01,8.23,75.37,0,0
NSW,12870,2023-02,23.13,220.36,0,0
NSW,12870,2023-03,21.69,181.04,0,0
NSW,12870,2023-04,12.46,115.13,0,0
NSW,12870,2023-05,30.41,284.96,0,0
NSW,12870,2023-06,18.44,179.73,0,0
NSW,12870,2023-07,22.31,197.31,0,0
NSW,12870,2023-08,23.36,182.44,0,0
NSW,12870,2023-09,30.54,238.54,0,0
NSW,12870,2023-10,29.28,261.26,0,0
NSW,12870,2023-11,23.59,219.35,0,0
NSW,12870,2023-12,17.45,276.65,0,0
NSW,12870,2024-01,11.12,91.48,0,0
NSW,12870,2024-02,19.26,167.09,0,0
NSW,12870,2024-03,33.15,277.28,0,0
NSW,12870,2024-04,23.45,195.1,0,0
NSW,12870,2024-05,18.63,149.76,0,0
NSW,12870,2024-06,23.29,312.54,0,0
NSW,12870,2024-07,28.14,459.88,0,0
NSW,12870,2024-08,20.41,206.18,0,0
NSW,12870,2024-09,22.24,288,0,0
NSW,12870,2024-10,15.49,121.08,0,0
NSW,12870,2024-11,24.29,278.1,0,0
NSW,12870,2024-12,19.32,223.38,0,0
NSW,12870,2025-01,12.27,127.84,0,0
NSW,12870,2025-02,17.1,190.07,0,0
NSW,12870,2025-03,18.44,165.36,0,0
NSW,12870,2025-04,10.46,101.34,0,0
NSW,12870,2025-05,24.23,230.76,0,0
NSW,12870,2025-06,19.04,164.52,0,0
NSW,12870,2025-07,19.33,202.35,38.19,557.64
NSW,12870,2025-08,12.59,190.17,15.69,257.23
NSW,12870,2025-09,14.38,129.88,21.68,481.15
NSW,12870,2025-10,12.45,130.64,19.54,474.03
NSW,12870,2025-11,18.34,206.54,25.54,591.31
NSW,12870,2025-12,25.34,452.16,29.91,844.72
NSW,12870,2026-01,8.07,74.96,13.2,253.73
NSW,12870,2026-02,12.19,138.63,27.47,610.92
NSW,12870,2026-03,18.35,203.57,20.05,546.6
NSW,12870,2026-04,26.68,355.83,34.52,1097.99
NSW,12870,2026-05,12.24,114.02,15.09,249.1
NSW,12870,2026-06,18.4,128.29,17.5,294.29
NSW,12870,2026-07,13.11,139.99,14.26,336.67
NSW,12870,2026-08,6.13,60.73,4.24,99.6
NSW,12900,2023-01,4.21,51.28,0,0
NSW,12900,2023-02,11.39,87.42,0,0
NSW,12900,2023-03,15.71,116.03,0,0
NSW,12900,2023-04,7.32,57.57,0,0
NSW,12900,2023-05,12.67,98.09,0,0
NSW,12900,2023-06,10.46,112.93,0,0
NSW,12900,2023-07,19.18,145.33,0,0
NSW,12900,2023-08,15.68,124.96,0,0
NSW,12900,2023-09,11.16,150.88,0,0
NSW,12900,2023-10,13.23,176.86,0,0
NSW,12900,2023-11,12.22,138.15,0,0
NSW,12900,2023-12,6.13,62.41,0,0
NSW,12900,2024-01,6.35,75.37,0,0
NSW,12900,2024-02,13.11,118.16,0,0
NSW,12900,2024-03,13.51,123.69,0,0
NSW,12900,2024-04,12.08,109.76,0,0
NSW,12900,2024-05,12.55,126.41,0,0
NSW,12900,2024-06,12.15,122.14,0,0
NSW,12900,2024-07,17.07,199.99,0,0
NSW,12900,2024-08,21.3,171.77,0,0
NSW,12900,2024-09,10.36,110.98,0,0
NSW,12900,2024-10,10.56,86,0,0
NSW,12900,2024-11,9.67,113.38,0,0
NSW,12900,2024-12,6.51,190.65,0,0
NSW,12900,2025-01,4.26,32.48,0,0
NSW,12900,2025-02,5.27,45.83,0,0
NSW,12900,2025-03,8.65,99.19,0,0
NSW,12900,2025-04,3.33,40.39,0,0
NSW,12900,2025-05,9.29,80.49,0,0
NSW,12900,2025-06,6.25,89.57,0,0
NSW,12900,2025-07,7.44,87.75,8.71,166.74
NSW,12900,2025-08,5.2,63.08,5.31,95.07
NSW,12900,2025-09,3.09,26.27,7.32,166.47
NSW,12900,2025-10,0.61,8.34,6.93,173.98
NSW,12900,2025-11,4.27,42.76,10.65,226.19
NSW,12900,2025-12,10.33,112.93,12.35,313.43
NSW,12900,2026-01,0.05,0.72,5.1,191.49
NSW,12900,2026-02,5.07,33.46,3.38,83.22
NSW,12900,2026-03,11.15,149.54,18.21,636.89
NSW,12900,2026-04,14.54,204.75,21.95,750.05
NSW,12900,2026-05,7.09,60.65,4.33,137.62
NSW,12900,2026-06,11.75,142.4,12.79,261.16
NSW,12900,2026-07,9.63,156.07,11.74,315.92
NSW,12900,2026-08,3.43,42,4.23,118.55
NSW,12930,2023-01,73.2,687.31,0,0
NSW,12930,2023-02,75.69,687.88,0,0
NSW,12930,2023-03,96.65,795.75,0,0
NSW,12930,2023-04,59.66,565.36,0,0
NSW,12930,2023-05,78.68,726.63,0,0
NSW,12930,2023-06,97.7,991.05,0,0
NSW,12930,2023-07,87.81,920.14,0,0
NSW,12930,2023-08,115.25,1166.5,0,0
NSW,12930,2023-09,103.84,1091.28,0,0
NSW,12930,2023-10,96.74,974.9,0,0
NSW,12930,2023-11,88.35,876.18,0,0
NSW,12930,2023-12,131.99,1571.96,0,0
NSW,12930,2024-01,82.71,787.99,0,0
NSW,12930,2024-02,90.43,945.38,0,0
NSW,12930,2024-03,91.57,940.85,0,0
NSW,12930,2024-04,102.76,1040.82,0,0
NSW,12930,2024-05,95.87,1102.52,0,0
NSW,12930,2024-06,89.29,976.97,0,0
NSW,12930,2024-07,74.64,768.79,0,0
NSW,12930,2024-08,83.03,861.65,0,0
NSW,12930,2024-09,74.61,944.98,0,0
NSW,12930,2024-10,80.56,972.1,0,0
NSW,12930,2024-11,76.65,1049.23,0,0
NSW,12930,2024-12,116.61,1663.14,0,0
NSW,12930,2025-01,31.31,310.32,0,0
NSW,12930,2025-02,63.91,668.72,0,0
NSW,12930,2025-03,58.87,709.09,0,0
NSW,12930,2025-04,44.11,430.52,0,0
NSW,12930,2025-05,58.38,659.4,0,0
NSW,12930,2025-06,38.3,374.88,0,0
NSW,12930,2025-07,39.05,378.81,89.41,1837.04
NSW,12930,2025-08,47.08,471.83,106.3,2453.76
NSW,12930,2025-09,72.91,824.22,144.63,4025.03
NSW,12930,2025-10,89.28,958.47,178.2,5214.77
NSW,12930,2025-11,93.08,1110.94,226.56,7301.27
NSW,12930,2025-12,104.9,1299.95,207.97,7528.37
NSW,12930,2026-01,67.82,744.31,150.74,5346.7
NSW,12930,2026-02,95.66,1040.99,204.55,7943.68
NSW,12930,2026-03,130.25,1547.9,290.19,11599.82
NSW,12930,2026-04,216.06,2555.9,504.86,20575.99
NSW,12930,2026-05,73.67,787.08,80.53,2093.87
NSW,12930,2026-06,90.62,924.29,105.98,2911.86
NSW,12930,2026-07,79.6,840.67,110.48,3179.47
NSW,12930,2026-08,40.11,403.49,53.93,1562.26
NSW,12950,2023-01,0.03,0.18,0,0
NSW,12950,2023-02,9.57,79.64,0,0
NSW,12950,2023-03,8.25,69.44,0,0
NSW,12950,2023-04,5.2,41.56,0,0
NSW,12950,2023-05,2.47,25.11,0,0
NSW,12950,2023-06,7.72,81.83,0,0
NSW,12950,2023-07,5.42,54.03,0,0
NSW,12950,2023-08,10.97,87.12,0,0
NSW,12950,2023-09,5.08,48.53,0,0
NSW,12950,2023-10,5.34,80.27,0,0
NSW,12950,2023-11,8.16,63.94,0,0
NSW,12950,2023-12,9.12,98.09,0,0
NSW,12950,2024-01,2.35,16.53,0,0
NSW,12950,2024-02,3.97,25.15,0,0
NSW,12950,2024-03,7.16,67.17,0,0
NSW,12950,2024-04,7.21,86.93,0,0
NSW,12950,2024-05,4.4,43.75,0,0
NSW,12950,2024-06,2.3,22.94,0,0
NSW,12950,2024-07,6.32,67.86,0,0
NSW,12950,2024-08,6.2,64.88,0,0
NSW,12950,2024-09,13.8,126.57,0,0
NSW,12950,2024-10,0.05,0.94,0,0
NSW,12950,2024-11,3.22,15.17,0,0
NSW,12950,2024-12,3.23,96.95,0,0
NSW,12950,2025-01,0.05,0.54,0,0
NSW,12950,2025-02,7.13,53.66,0,0
NSW,12950,2025-03,3.11,33.78,0,0
NSW,12950,2025-04,3.1,27.87,0,0
NSW,12950,2025-05,4.07,40.5,0,0
NSW,12950,2025-06,4.44,35.87,0,0
NSW,12950,2025-07,0.84,10.47,6.5,141.81
NSW,12950,2025-08,3.65,33.56,5.79,93.98
NSW,12950,2025-09,6.03,63.67,6.5,159.29
NSW,12950,2025-10,5.34,57.77,6.55,182.67
NSW,12950,2025-11,2.98,36.27,4.33,174.17
NSW,12950,2025-12,4.32,82.98,8.49,264.04
NSW,12950,2026-01,2.98,41.35,2.1,69.15
NSW,12950,2026-02,5.19,51.25,5.2,160.27
NSW,12950,2026-03,4.57,50.14,8.44,293.84
NSW,12950,2026-04,12.51,153.54,19.67,762.05
NSW,12950,2026-05,1.02,13.32,2,73.93
NSW,12950,2026-06,3.78,49.18,4.41,139.83
NSW,12950,2026-07,3.8,40.3,2.73,75.96
NSW,12950,2026-08,2.09,48.67,1.99,63.49
NSW,13010,2023-01,2.95,16.74,0,0
NSW,13010,2023-02,8.25,56.64,0,0
NSW,13010,2023-03,22.65,161.79,0,0
NSW,13010,2023-04,9.6,162.9,0,0
NSW,13010,2023-05,6.72,85.06,0,0
NSW,13010,2023-06,17.28,252.53,0,0
NSW,13010,2023-07,16.13,163.73,0,0
NSW,13010,2023-08,6.9,77.71,0,0
NSW,13010,2023-09,9.45,57.66,0,0
NSW,13010,2023-10,12.29,106.01,0,0
NSW,13010,2023-11,4.04,39.4,0,0
NSW,13010,2023-12,3.62,30.68,0,0
NSW,13010,2024-01,3.96,30.12,0,0
NSW,13010,2024-02,7.17,54.72,0,0
NSW,13010,2024-03,12.62,102.12,0,0
NSW,13010,2024-04,11.47,89.1,0,0
NSW,13010,2024-05,15.3,125.94,0,0
NSW,13010,2024-06,20.57,159.96,0,0
NSW,13010,2024-07,10.58,95.43,0,0
NSW,13010,2024-08,6.28,77.29,0,0
NSW,13010,2024-09,7.71,74.43,0,0
NSW,13010,2024-10,3.33,30.06,0,0
NSW,13010,2024-11,8.97,76.03,0,0
NSW,13010,2024-12,14.6,97.48,0,0
NSW,13010,2025-01,5.11,50.87,0,0
NSW,13010,2025-02,8.69,66.99,0,0
NSW,13010,2025-03,10.71,59.93,0,0
NSW,13010,2025-04,21.76,167.04,0,0
NSW,13010,2025-05,10.12,92.24,0,0
NSW,13010,2025-06,7.17,54.47,0,0
NSW,13010,2025-07,9.04,114.07,5.2,155.24
NSW,13010,2025-08,7.88,65.06,5.11,100.19
NSW,13010,2025-09,9.04,53.2,10.6,135.18
NSW,13010,2025-10,17.29,156.86,12.31,237.02
NSW,13010,2025-11,7.99,77.89,9.07,193.61
NSW,13010,2025-12,18.81,177.5,18.81,570.25
NSW,13010,2026-01,13.41,110.68,6.53,200.21
NSW,13010,2026-02,11.37,96.82,15.76,398.93
NSW,13010,2026-03,17.47,147.55,28.3,760.35
NSW,13010,2026-04,25.52,264.2,32.19,1194.93
NSW,13010,2026-05,15.84,118.14,12.26,212.47
NSW,13010,2026-06,17.72,171.98,11.47,322.22
NSW,13010,2026-07,14.42,130.1,7.63,205.94
NSW,13010,2026-08,14.7,139.24,6.19,176.98
NSW,13310,2023-01,21.39,200.87,0,0
NSW,13310,2023-02,144.3,764.32,0,0
NSW,13310,2023-03,61.87,496.12,0,0
NSW,13310,2023-04,61.25,396.22,0,0
NSW,13310,2023-05,123.06,756.96,0,0
NSW,13310,2023-06,34.29,385.88,0,0
NSW,13310,2023-07,35.18,369.55,0,0
NSW,13310,2023-08,48.68,387.23,0,0
NSW,13310,2023-09,42.99,409.91,0,0
NSW,13310,2023-10,38.36,360.76,0,0
NSW,13310,2023-11,31.46,267.88,0,0
NSW,13310,2023-12,39.66,407.55,0,0
NSW,13310,2024-01,33.26,376.6,0,0
NSW,13310,2024-02,34.5,314.12,0,0
NSW,13310,2024-03,35.01,286.02,0,0
NSW,13310,2024-04,37.34,338.65,0,0
NSW,13310,2024-05,42.93,533.39,0,0
NSW,13310,2024-06,37.02,314.78,0,0
NSW,13310,2024-07,38.06,355.16,0,0
NSW,13310,2024-08,45.56,437.38,0,0
NSW,13310,2024-09,48.39,430.38,0,0
NSW,13310,2024-10,33.79,377.38,0,0
NSW,13310,2024-11,31.94,390.65,0,0
NSW,13310,2024-12,20.79,170.34,0,0
NSW,13310,2025-01,27.56,271.53,0,0
NSW,13310,2025-02,25.36,247.31,0,0
NSW,13310,2025-03,40.26,411.5,0,0
NSW,13310,2025-04,46.52,421.52,0,0
NSW,13310,2025-05,29.2,281.22,0,0
NSW,13310,2025-06,14.9,119.99,0,0
NSW,13310,2025-07,16.34,189.65,56.43,947.02
NSW,13310,2025-08,24.05,243.91,33.92,685.31
NSW,13310,2025-09,33.35,434.84,47.24,1163.04
NSW,13310,2025-10,47.17,386.94,60.55,1596.19
NSW,13310,2025-11,72.81,861.64,48.91,1453.28
NSW,13310,2025-12,35.74,665.3,62.82,2326.61
NSW,13310,2026-01,21.9,269.5,36.41,1112.01
NSW,13310,2026-02,26.19,300.54,51.45,1572.48
NSW,13310,2026-03,36.66,434.14,64.14,2179.41
NSW,13310,2026-04,64.2,797.18,117.38,4262.72
NSW,13310,2026-05,26.91,268.17,27.84,623.05
NSW,13310,2026-06,33.7,323.28,38.56,889.78
NSW,13310,2026-07,26.9,256.36,43.33,1105.41
NSW,13310,2026-08,40.85,366.27,38.54,854.66
NSW,13340,2023-01,5.3,49.27,0,0
NSW,13340,2023-02,15.48,143.54,0,0
NSW,13340,2023-03,17.7,157.06,0,0
NSW,13340,2023-04,12.77,130.69,0,0
NSW,13340,2023-05,21.46,230.57,0,0
NSW,13340,2023-06,22.27,239.26,0,0
NSW,13340,2023-07,17.4,186.01,0,0
NSW,13340,2023-08,16.04,150,0,0
NSW,13340,2023-09,19.08,194.2,0,0
NSW,13340,2023-10,13.24,120.77,0,0
NSW,13340,2023-11,21.55,218.94,0,0
NSW,13340,2023-12,23.3,214.48,0,0
NSW,13340,2024-01,6.27,56.88,0,0
NSW,13340,2024-02,8.19,75.86,0,0
NSW,13340,2024-03,23.3,208.29,0,0
NSW,13340,2024-04,21.7,205.44,0,0
NSW,13340,2024-05,29.13,268.6,0,0
NSW,13340,2024-06,10.94,114.5,0,0
NSW,13340,2024-07,26.14,350.37,0,0
NSW,13340,2024-08,34.07,325.5,0,0
NSW,13340,2024-09,17.61,174.7,0,0
NSW,13340,2024-10,19.8,178.8,0,0
NSW,13340,2024-11,17.57,268.41,0,0
NSW,13340,2024-12,19.39,171.01,0,0
NSW,13340,2025-01,8.81,85.25,0,0
NSW,13340,2025-02,16.85,178.19,0,0
NSW,13340,2025-03,17.04,149.33,0,0
NSW,13340,2025-04,17.68,162.52,0,0
NSW,13340,2025-05,12.4,162.7,0,0
NSW,13340,2025-06,8.33,59.68,0,0
NSW,13340,2025-07,13.36,139.61,29.53,440.75
NSW,13340,2025-08,23.81,210.12,37.37,599.66
NSW,13340,2025-09,17.89,301.79,38.54,689.43
NSW,13340,2025-10,17.98,144.19,27.58,611.27
NSW,13340,2025-11,15.55,182.37,28.09,816.29
NSW,13340,2025-12,19.25,269.26,37.34,1141.14
NSW,13340,2026-01,11.17,108.39,20.92,476.06
NSW,13340,2026-02,18.23,167.77,28.76,728.49
NSW,13340,2026-03,23.91,263.72,38.42,1084.6
NSW,13340,2026-04,40.21,513.37,64.72,2202.22
NSW,13340,2026-05,20.72,206.99,11.33,208.78
NSW,13340,2026-06,21.84,238.91,20.27,523.45
NSW,13340,2026-07,15.45,160.72,25.05,580.52
NSW,13340,2026-08,15.53,126.85,11.51,248.21
NSW,13450,2023-01,17.99,230.87,0,0
NSW,13450,2023-02,26.97,276.43,0,0
NSW,13450,2023-03,18.96,186.61,0,0
NSW,13450,2023-04,14.99,110.87,0,0
NSW,13450,2023-05,21.96,230.75,0,0
NSW,13450,2023-06,13.98,100.48,0,0
NSW,13450,2023-07,23.93,177.22,0,0
NSW,13450,2023-08,31.98,428.76,0,0
NSW,13450,2023-09,28.97,351.51,0,0
NSW,13450,2023-10,23,383.09,0,0
NSW,13450,2023-11,29.93,327.17,0,0
NSW,13450,2023-12,51.88,863.45,0,0
NSW,13450,2024-01,13.95,152.2,0,0
NSW,13450,2024-02,23.94,315.61,0,0
NSW,13450,2024-03,32.95,485.39,0,0
NSW,13450,2024-04,40.93,508.99,0,0
NSW,13450,2024-05,35.95,514.76,0,0
NSW,13450,2024-06,15.98,120.62,0,0
NSW,13450,2024-07,17.97,344.05,0,0
NSW,13450,2024-08,25.93,350.29,0,0
NSW,13450,2024-09,27.97,326.15,0,0
NSW,13450,2024-10,30.98,300.71,0,0
NSW,13450,2024-11,19.97,223.07,0,0
NSW,13450,2024-12,31.99,697.68,0,0
NSW,13450,2025-01,14.99,145.15,0,0
NSW,13450,2025-02,15.99,128.03,0,0
NSW,13450,2025-03,34.94,523.17,0,0
NSW,13450,2025-04,20.99,209.35,0,0
NSW,13450,2025-05,38.96,719.17,0,0
NSW,13450,2025-06,15.99,278.21,0,0
NSW,13450,2025-07,10,102.23,18.98,242.72
NSW,13450,2025-08,15.96,179.26,23.92,495.46
NSW,13450,2025-09,23.96,230.27,39.97,802.16
NSW,13450,2025-10,23.98,323.49,24,534.17
NSW,13450,2025-11,36.95,632.31,35.96,1017.98
NSW,13450,2025-12,47.93,835.37,69.88,2541.27
NSW,13450,2026-01,16.95,207.13,48.93,1963.89
NSW,13450,2026-02,21.93,263.91,25.95,934.34
NSW,13450,2026-03,43.91,605.16,60.9,2296.7
NSW,13450,2026-04,54.91,761.03,142.79,6064.9
NSW,13450,2026-05,29.93,333.23,16.97,506.7
NSW,13450,2026-06,18.98,202.38,16.97,364.04
NSW,13450,2026-07,26.95,260.03,21.93,682.49
NSW,13450,2026-08,12,143.35,21.98,574.14
NSW,13550,2023-01,13.74,114.88,0,0
NSW,13550,2023-02,25.48,159.51,0,0
NSW,13550,2023-03,27.66,203.02,0,0
NSW,13550,2023-04,21.98,177.53,0,0
NSW,13550,2023-05,23.45,243.27,0,0
NSW,13550,2023-06,22.6,169.42,0,0
NSW,13550,2023-07,13.55,124.06,0,0
NSW,13550,2023-08,32.13,263.42,0,0
NSW,13550,2023-09,16.37,151.08,0,0
NSW,13550,2023-10,23.57,227.84,0,0
NSW,13550,2023-11,27.17,361.27,0,0
NSW,13550,2023-12,27.17,199.64,0,0
NSW,13550,2024-01,9.76,90.47,0,0
NSW,13550,2024-02,24.61,227.58,0,0
NSW,13550,2024-03,12,124.98,0,0
NSW,13550,2024-04,15.7,135.57,0,0
NSW,13550,2024-05,25.07,214.08,0,0
NSW,13550,2024-06,12.11,153.9,0,0
NSW,13550,2024-07,18.36,254.69,0,0
NSW,13550,2024-08,11.02,144.57,0,0
NSW,13550,2024-09,17.07,151,0,0
NSW,13550,2024-10,17.93,177.54,0,0
NSW,13550,2024-11,4.54,54.53,0,0
NSW,13550,2024-12,9.78,94.74,0,0
NSW,13550,2025-01,3.87,37.09,0,0
NSW,13550,2025-02,15.22,171.76,0,0
NSW,13550,2025-03,17.3,165.48,0,0
NSW,13550,2025-04,8.38,70.88,0,0
NSW,13550,2025-05,12.14,94.34,0,0
NSW,13550,2025-06,10.94,95.01,0,0
NSW,13550,2025-07,8.08,95.54,9.51,172.88
NSW,13550,2025-08,9.31,74.56,9.35,217.2
NSW,13550,2025-09,15.06,161.98,25.26,666.23
NSW,13550,2025-10,10.55,112.42,13.61,396.01
NSW,13550,2025-11,7.8,65.32,8.76,235.66
NSW,13550,2025-12,13.36,143.19,16.6,505.16
NSW,13550,2026-01,7.57,62.63,7.73,215.24
NSW,13550,2026-02,15.02,163.5,22.12,663.07
NSW,13550,2026-03,12.67,140.41,19.91,568.66
NSW,13550,2026-04,31.85,246.4,30.27,1015.22
NSW,13550,2026-05,7.87,76.44,9.15,252.74
NSW,13550,2026-06,6.96,80.52,8.98,203.83
NSW,13550,2026-07,6.01,72.21,14.38,318.9
NSW,13550,2026-08,3.48,41.52,4.06,84.74
NSW,13660,2023-01,5.32,52.44,0,0
NSW,13660,2023-02,6.72,55.63,0,0
NSW,13660,2023-03,11.81,96.87,0,0
NSW,13660,2023-04,7.42,76.28,0,0
NSW,13660,2023-05,0.95,7.09,0,0
NSW,13660,2023-06,7.01,63.11,0,0
NSW,13660,2023-07,1.7,39.55,0,0
NSW,13660,2023-08,7.02,57.43,0,0
NSW,13660,2023-09,3.92,46.09,0,0
NSW,13660,2023-10,9.62,135.19,0,0
NSW,13660,2023-11,7.88,59.35,0,0
NSW,13660,2023-12,5.44,66.84,0,0
NSW,13660,2024-01,3.59,37.91,0,0
NSW,13660,2024-02,1.95,12.91,0,0
NSW,13660,2024-03,6.23,58.92,0,0
NSW,13660,2024-04,5.41,41.84,0,0
NSW,13660,2024-05,14.23,134.04,0,0
NSW,13660,2024-06,6.57,45.59,0,0
NSW,13660,2024-07,4.89,57.75,0,0
NSW,13660,2024-08,13.9,149.29,0,0
NSW,13660,2024-09,3.02,38.2,0,0
NSW,13660,2024-10,5.83,63.11,0,0
NSW,13660,2024-11,2.28,47.36,0,0
NSW,13660,2024-12,8.31,109.34,0,0
NSW,13660,2025-01,1.18,11.44,0,0
NSW,13660,2025-02,4.61,34.04,0,0
NSW,13660,2025-03,10.65,100.25,0,0
NSW,13660,2025-04,8.67,70.31,0,0
NSW,13660,2025-05,6.03,51.44,0,0
NSW,13660,2025-06,5.1,42.72,0,0
NSW,13660,2025-07,4.74,37.69,2.73,49.04
NSW,13660,2025-08,5.7,46.48,2.78,33.78
NSW,13660,2025-09,3.46,60.72,2.27,35.38
NSW,13660,2025-10,3.56,32.17,4.75,84.86
NSW,13660,2025-11,3.39,41.68,9.45,217.28
NSW,13660,2025-12,4.6,54.92,3.77,124.71
NSW,13660,2026-01,3.39,34.55,6.34,185.6
NSW,13660,2026-02,1.4,12.47,7.93,223.17
NSW,13660,2026-03,5.72,70.04,12.35,336.03
NSW,13660,2026-04,12.6,114.92,17.42,533.01
NSW,13660,2026-05,5.71,45.8,6.17,111.04
NSW,13660,2026-06,3.5,32.52,3.65,78.63
NSW,13660,2026-07,9.39,74.74,8.32,174.52
NSW,13660,2026-08,2.43,19.63,1.4,32.58
NSW,13800,2023-01,58.09,570.46,0,0
NSW,13800,2023-02,109.26,1165.18,0,0
NSW,13800,2023-03,107.47,1206.27,0,0
NSW,13800,2023-04,92.17,1131.34,0,0
NSW,13800,2023-05,107.84,1259.66,0,0
NSW,13800,2023-06,117.52,1518.1,0,0
NSW,13800,2023-07,145.14,1713.87,0,0
NSW,13800,2023-08,137.83,1557.56,0,0
NSW,13800,2023-09,122.17,1516.53,0,0
NSW,13800,2023-10,119.22,1484.58,0,0
NSW,13800,2023-11,129.79,1611.76,0,0
NSW,13800,2023-12,126.08,1776.18,0,0
NSW,13800,2024-01,66.9,709.7,0,0
NSW,13800,2024-02,109.92,1275.72,0,0
NSW,13800,2024-03,125.68,1432.18,0,0
NSW,13800,2024-04,105.62,1324.41,0,0
NSW,13800,2024-05,105.94,1151.02,0,0
NSW,13800,2024-06,84.27,1105.44,0,0
NSW,13800,2024-07,103.27,1493.59,0,0
NSW,13800,2024-08,77.52,949.85,0,0
NSW,13800,2024-09,103.16,1389.52,0,0
NSW,13800,2024-10,86.81,1056.4,0,0
NSW,13800,2024-11,67.06,877.47,0,0
NSW,13800,2024-12,110.79,1502.22,0,0
NSW,13800,2025-01,52.81,586.91,0,0
NSW,13800,2025-02,81.18,1045.05,0,0
NSW,13800,2025-03,82.08,1163.32,0,0
NSW,13800,2025-04,57.39,679.54,0,0
NSW,13800,2025-05,51.6,705.54,0,0
NSW,13800,2025-06,40.97,663.87,0,0
NSW,13800,2025-07,67.61,1038.63,108.05,2480.97
NSW,13800,2025-08,57.99,663.68,101.87,2417.66
NSW,13800,2025-09,69.16,1008.42,123.74,3347.74
NSW,13800,2025-10,84.14,1102.44,144.05,4355.91
NSW,13800,2025-11,87.49,1303.23,163.13,5532.9
NSW,13800,2025-12,108.71,1645.1,190.88,6905.86
NSW,13800,2026-01,60.35,753.95,121.16,4335.61
NSW,13800,2026-02,89.1,1263.05,162.2,6110.28
NSW,13800,2026-03,130.34,1779.51,249.52,9956.5
NSW,13800,2026-04,170.99,2589.68,436.67,18422.4
NSW,13800,2026-05,71.18,884.2,71.08,1833.01
NSW,13800,2026-06,94.64,1214.84,104.27,3032.73
NSW,13800,2026-07,78.86,1095.42,101.68,3145.74
NSW,13800,2026-08,44.12,552.24,52.79,1579.74
NSW,13850,2023-01,0.9,6.01,0,0
NSW,13850,2023-02,3.61,61.09,0,0
NSW,13850,2023-03,9.93,83.45,0,0
NSW,13850,2023-04,5.42,70.95,0,0
NSW,13850,2023-05,9.03,76.3,0,0
NSW,13850,2023-06,8.13,79.74,0,0
NSW,13850,2023-07,13.54,117.24,0,0
NSW,13850,2023-08,3.62,46.28,0,0
NSW,13850,2023-09,9.94,123.42,0,0
NSW,13850,2023-10,6.32,91.2,0,0
NSW,13850,2023-11,9.93,72.3,0,0
NSW,13850,2023-12,20.76,144.34,0,0
NSW,13850,2024-01,1.81,18.75,0,0
NSW,13850,2024-02,2.71,44.58,0,0
NSW,13850,2024-03,1.81,25.29,0,0
NSW,13850,2024-04,1.82,22.41,0,0
NSW,13850,2024-05,1.81,13.5,0,0
NSW,13850,2024-06,1.81,17.97,0,0
NSW,13850,2024-07,2.71,26.75,0,0
NSW,13850,2024-08,1.81,15.53,0,0
NSW,13850,2024-09,0.91,5.98,0,0
NSW,13850,2024-10,1.83,12.05,0,0
NSW,13850,2024-11,6.32,177.73,0,0
NSW,13850,2024-12,2.71,63.32,0,0
NSW,13850,2025-01,1.81,12.43,0,0
NSW,13850,2025-02,1.81,17.87,0,0
NSW,13850,2025-03,7.22,61.6,0,0
NSW,13850,2025-04,1.82,17.97,0,0
NSW,13850,2025-05,5.42,38.21,0,0
NSW,13850,2025-06,3.61,28.34,0,0
NSW,13850,2025-07,0.01,0.09,0.01,0.16
NSW,13850,2025-08,1.81,15.51,5.42,77.31
NSW,13850,2025-09,5.42,68.91,7.23,138.65
NSW,13850,2025-10,3.62,38.02,3.62,76.5
NSW,13850,2025-11,4.52,75.87,9.93,347.2
NSW,13850,2025-12,8.13,150.46,7.23,308.92
NSW,13850,2026-01,0,0.03,0.01,0.1
NSW,13850,2026-02,0.91,13.75,1.81,54.34
NSW,13850,2026-03,7.22,143.57,9.04,356.23
NSW,13850,2026-04,5.43,75.56,7.25,321.53
NSW,13850,2026-05,0.91,6.83,2.71,42.07
NSW,13850,2026-06,0.91,17.5,1.81,50.38
NSW,13850,2026-07,1.81,14.01,0.91,18.14
NSW,13850,2026-08,1.81,34.74,0,0.07
NSW,13910,2023-01,14.19,105.14,0,0
NSW,13910,2023-02,24.37,195.03,0,0
NSW,13910,2023-03,24.79,206.97,0,0
NSW,13910,2023-04,20.19,163.88,0,0
NSW,13910,2023-05,25.4,215.3,0,0
NSW,13910,2023-06,16.14,146.52,0,0
NSW,13910,2023-07,24.27,325.65,0,0
NSW,13910,2023-08,26.9,237.23,0,0
NSW,13910,2023-09,22.35,237.23,0,0
NSW,13910,2023-10,19.52,194.51,0,0
NSW,13910,2023-11,22.91,222.52,0,0
NSW,13910,2023-12,23.14,286.75,0,0
NSW,13910,2024-01,9.95,93.55,0,0
NSW,13910,2024-02,31.27,292.36,0,0
NSW,13910,2024-03,19.26,220.17,0,0
NSW,13910,2024-04,13.86,118.82,0,0
NSW,13910,2024-05,21.3,270.35,0,0
NSW,13910,2024-06,13.17,142.2,0,0
NSW,13910,2024-07,26.13,247.33,0,0
NSW,13910,2024-08,33.19,267.29,0,0
NSW,13910,2024-09,19.29,206.38,0,0
NSW,13910,2024-10,20.99,230.62,0,0
NSW,13910,2024-11,34.3,333.65,0,0
NSW,13910,2024-12,35.31,346.58,0,0
NSW,13910,2025-01,15.2,109.05,0,0
NSW,13910,2025-02,20.55,216.98,0,0
NSW,13910,2025-03,21.03,264.28,0,0
NSW,13910,2025-04,18.92,167.66,0,0
NSW,13910,2025-05,15.25,186.28,0,0
NSW,13910,2025-06,22.96,221.6,0,0
NSW,13910,2025-07,17.35,253.48,12.56,329.41
NSW,13910,2025-08,30.44,351,31.53,503.06
NSW,13910,2025-09,25.67,292.08,36.74,740.09
NSW,13910,2025-10,31.01,315.49,38.15,851.61
NSW,13910,2025-11,34.21,331.72,49.39,1314.17
NSW,13910,2025-12,37.06,453.1,45.85,1279.75
NSW,13910,2026-01,7.97,75.49,12.08,397.95
NSW,13910,2026-02,28.53,292.77,34.25,1142.38
NSW,13910,2026-03,27.26,304.13,32.8,941.54
NSW,13910,2026-04,34.39,496.37,75.85,2680.4
NSW,13910,2026-05,16.15,235.25,21.22,428.63
NSW,13910,2026-06,24.31,222.66,25.2,545.43
NSW,13910,2026-07,12.31,133.46,14.33,262.24
NSW,13910,2026-08,10.3,88.98,16.13,363.23
NSW,14000,2023-01,109.54,995.73,0,0
NSW,14000,2023-02,132.27,1273.46,0,0
NSW,14000,2023-03,130.98,1280.51,0,0
NSW,14000,2023-04,100.85,1028.5,0,0
NSW,14000,2023-05,161.12,1581.16,0,0
NSW,14000,2023-06,148.8,1582.47,0,0
NSW,14000,2023-07,157.24,1531.33,0,0
NSW,14000,2023-08,188.39,1974.08,0,0
NSW,14000,2023-09,159.7,1604.13,0,0
NSW,14000,2023-10,173.04,1881.47,0,0
NSW,14000,2023-11,189.2,1963.29,0,0
NSW,14000,2023-12,185.59,2605.81,0,0
NSW,14000,2024-01,128.62,1269.63,0,0
NSW,14000,2024-02,136.17,1489.69,0,0
NSW,14000,2024-03,137.57,1549.14,0,0
NSW,14000,2024-04,134,1345.17,0,0
NSW,14000,2024-05,128.1,1271.85,0,0
NSW,14000,2024-06,119.49,1312.53,0,0
NSW,14000,2024-07,129.67,1533.07,0,0
NSW,14000,2024-08,125.13,1353.62,0,0
NSW,14000,2024-09,144.62,1534.23,0,0
NSW,14000,2024-10,132.96,1577.51,0,0
NSW,14000,2024-11,130.71,1663.07,0,0
NSW,14000,2024-12,202.07,2511.73,0,0
NSW,14000,2025-01,83.54,875.43,0,0
NSW,14000,2025-02,107.02,1257.97,0,0
NSW,14000,2025-03,119.99,1424.61,0,0
NSW,14000,2025-04,81.67,928.33,0,0
NSW,14000,2025-05,82.18,923.25,0,0
NSW,14000,2025-06,69.97,793.65,0,0
NSW,14000,2025-07,93.93,1122.87,221.77,4507.65
NSW,14000,2025-08,83.61,961.1,214.09,4798.84
NSW,14000,2025-09,131.88,1506.09,253.51,6946.03
NSW,14000,2025-10,138.34,1576.79,315.89,9107.27
NSW,14000,2025-11,165.33,1890.47,370.97,12115.12
NSW,14000,2025-12,219.01,2758.55,456.93,17411.23
NSW,14000,2026-01,127.11,1391.58,263.32,9622.57
NSW,14000,2026-02,156.1,1794.21,359.2,13727.74
NSW,14000,2026-03,268.34,3285.93,559.63,21735.01
NSW,14000,2026-04,354.94,4341.45,862.09,35484.59
NSW,14000,2026-05,138.85,1364.22,179.16,4418.13
NSW,14000,2026-06,169.07,1813.37,213.74,5871.98
NSW,14000,2026-07,127.92,1377.38,200.88,5609.58
NSW,14000,2026-08,81.67,974.16,106.12,3037.18
NSW,14100,2023-01,3.95,34.61,0,0
NSW,14100,2023-02,13.86,148.93,0,0
NSW,14100,2023-03,6.43,52.19,0,0
NSW,14100,2023-04,12.15,153.58,0,0
NSW,14100,2023-05,9.35,98.44,0,0
NSW,14100,2023-06,6.15,55.16,0,0
NSW,14100,2023-07,9.15,101.2,0,0
NSW,14100,2023-08,10.06,104.68,0,0
NSW,14100,2023-09,11.62,132.08,0,0
NSW,14100,2023-10,8.91,93.36,0,0
NSW,14100,2023-11,11.58,126.82,0,0
NSW,14100,2023-12,14.54,189.85,0,0
NSW,14100,2024-01,6.83,69.38,0,0
NSW,14100,2024-02,13.62,114.69,0,0
NSW,14100,2024-03,14.34,142.21,0,0
NSW,14100,2024-04,9.11,86.51,0,0
NSW,14100,2024-05,16.78,168.76,0,0
NSW,14100,2024-06,8.82,96.64,0,0
NSW,14100,2024-07,8.11,109.31,0,0
NSW,14100,2024-08,7.15,84.03,0,0
NSW,14100,2024-09,10.63,97.55,0,0
NSW,14100,2024-10,11.82,120.62,0,0
NSW,14100,2024-11,8.91,89.44,0,0
NSW,14100,2024-12,12.86,151.49,0,0
NSW,14100,2025-01,3.95,32.79,0,0
NSW,14100,2025-02,7.63,94.35,0,0
NSW,14100,2025-03,6.15,59.69,0,0
NSW,14100,2025-04,6.39,57.94,0,0
NSW,14100,2025-05,5.67,73.05,0,0
NSW,14100,2025-06,5.43,38.18,0,0
NSW,14100,2025-07,5.19,139.63,16.82,318.21
NSW,14100,2025-08,5.47,49.93,6.95,129.12
NSW,14100,2025-09,8.91,98.79,15.34,417.35
NSW,14100,2025-10,6.63,72.36,20.49,543.93
NSW,14100,2025-11,15.82,199.95,22.21,773.31
NSW,14100,2025-12,20.05,288.22,31.4,1026.97
NSW,14100,2026-01,5.67,64.51,15.3,612.49
NSW,14100,2026-02,12.1,134.79,24.69,914.79
NSW,14100,2026-03,16.02,175.2,26.23,1027.37
NSW,14100,2026-04,29.92,350.72,55.65,2210.6
NSW,14100,2026-05,8.15,90.71,9.11,198.74
NSW,14100,2026-06,14.86,137.63,13.1,395.26
NSW,14100,2026-07,12.62,141.74,16.58,437.87
NSW,14100,2026-08,5.67,49.71,5.39,193.29
NSW,14170,2023-01,73.72,548.93,0,0
NSW,14170,2023-02,76.22,547.78,0,0
NSW,14170,2023-03,77.43,736.83,0,0
NSW,14170,2023-04,61.7,480.24,0,0
NSW,14170,2023-05,111.22,1030.67,0,0
NSW,14170,2023-06,83.35,835.2,0,0
NSW,14170,2023-07,80.51,633.23,0,0
NSW,14170,2023-08,105.46,871.05,0,0
NSW,14170,2023-09,89.84,814.18,0,0
NSW,14170,2023-10,116.08,928.23,0,0
NSW,14170,2023-11,114.36,1062.22,0,0
NSW,14170,2023-12,123.92,1153.47,0,0
NSW,14170,2024-01,51.36,416.02,0,0
NSW,14170,2024-02,102.84,844.38,0,0
NSW,14170,2024-03,99.13,927.23,0,0
NSW,14170,2024-04,84.12,954.74,0,0
NSW,14170,2024-05,90.57,805.89,0,0
NSW,14170,2024-06,72.14,667.59,0,0
NSW,14170,2024-07,125.71,1294.17,0,0
NSW,14170,2024-08,86.39,860.93,0,0
NSW,14170,2024-09,83.87,840.22,0,0
NSW,14170,2024-10,105.88,1146.4,0,0
NSW,14170,2024-11,73.96,1041.61,0,0
NSW,14170,2024-12,89.44,850.52,0,0
NSW,14170,2025-01,55.5,510.58,0,0
NSW,14170,2025-02,77.16,773.35,0,0
NSW,14170,2025-03,74.36,666.01,0,0
NSW,14170,2025-04,58.53,504.21,0,0
NSW,14170,2025-05,59.83,533.56,0,0
NSW,14170,2025-06,59.72,668.02,0,0
NSW,14170,2025-07,58.2,589.52,132.06,2244.11
NSW,14170,2025-08,47.39,480.2,107.91,2135.72
NSW,14170,2025-09,57.73,525.89,131.72,2809.32
NSW,14170,2025-10,74.63,778.3,142.1,3112.45
NSW,14170,2025-11,96.9,1030.52,149.23,3534.4
NSW,14170,2025-12,105.37,1196.11,160.49,4398.9
NSW,14170,2026-01,58.6,512.73,118.72,3175.93
NSW,14170,2026-02,78.34,760.93,154.4,4648.14
NSW,14170,2026-03,107.31,1069.75,206.03,6215.32
NSW,14170,2026-04,145.04,1652.49,310,10856.89
NSW,14170,2026-05,78.11,749.54,122.33,2489.8
NSW,14170,2026-06,123.45,1112.26,129.81,2808.59
NSW,14170,2026-07,109.39,990.81,145.89,3277.63
NSW,14170,2026-08,50.44,476.47,58.89,1229.34
NSW,14220,2023-01,9.13,61.18,0,0
NSW,14220,2023-02,17.8,154.79,0,0
NSW,14220,2023-03,29.22,270.38,0,0
NSW,14220,2023-04,17.24,126.66,0,0
NSW,14220,2023-05,24.81,196.52,0,0
NSW,14220,2023-06,22.35,209.45,0,0
NSW,14220,2023-07,19.43,191.23,0,0
NSW,14220,2023-08,29.4,243.49,0,0
NSW,14220,2023-09,35.16,349.71,0,0
NSW,14220,2023-10,24.27,274.08,0,0
NSW,14220,2023-11,14.08,136.42,0,0
NSW,14220,2023-12,17.21,201.58,0,0
NSW,14220,2024-01,6.16,64.8,0,0
NSW,14220,2024-02,10.93,131.83,0,0
NSW,14220,2024-03,21.23,244.35,0,0
NSW,14220,2024-04,23.26,216.05,0,0
NSW,14220,2024-05,27.65,176.81,0,0
NSW,14220,2024-06,28.01,229.17,0,0
NSW,14220,2024-07,17.17,164.46,0,0
NSW,14220,2024-08,17.11,301.33,0,0
NSW,14220,2024-09,19.14,179.88,0,0
NSW,14220,2024-10,13.31,156.09,0,0
NSW,14220,2024-11,18.54,253.17,0,0
NSW,14220,2024-12,13.19,117.86,0,0
NSW,14220,2025-01,4.09,41.92,0,0
NSW,14220,2025-02,9.18,87.72,0,0
NSW,14220,2025-03,14.36,128.4,0,0
NSW,14220,2025-04,15.14,138.97,0,0
NSW,14220,2025-05,18.21,216.25,0,0
NSW,14220,2025-06,13.65,146.06,0,0
NSW,14220,2025-07,7.97,66.65,10.1,208.08
NSW,14220,2025-08,9.81,89.93,10.69,175.7
NSW,14220,2025-09,14.11,199.3,15.98,421.96
NSW,14220,2025-10,13.16,134.57,28.17,514.94
NSW,14220,2025-11,11.21,116.74,12.24,342.11
NSW,14220,2025-12,19.34,296.35,26.36,732.12
NSW,14220,2026-01,6.2,103.37,6.12,157.65
NSW,14220,2026-02,11.26,110.52,31.14,742.2
NSW,14220,2026-03,26.2,298.22,33.51,806.27
NSW,14220,2026-04,21.4,249.48,39.75,1298.14
NSW,14220,2026-05,16.13,177.42,18.49,359.41
NSW,14220,2026-06,10.48,110.39,9.42,214.74
NSW,14220,2026-07,24.24,240.85,26.37,747.45
NSW,14220,2026-08,12.14,134.13,8,203.44
NSW,14300,2023-01,2.14,16.81,0,0
NSW,14300,2023-02,7.2,55.22,0,0
NSW,14300,2023-03,5.44,73.8,0,0
NSW,14300,2023-04,9.01,49.07,0,0
NSW,14300,2023-05,5.65,44.51,0,0
NSW,14300,2023-06,4.54,32.03,0,0
NSW,14300,2023-07,3.43,34.34,0,0
NSW,14300,2023-08,6.75,81.85,0,0
NSW,14300,2023-09,3.74,31.6,0,0
NSW,14300,2023-10,8.63,85.43,0,0
NSW,14300,2023-11,9.18,71.51,0,0
NSW,14300,2023-12,4.95,30.01,0,0
NSW,14300,2024-01,4.69,32.72,0,0
NSW,14300,2024-02,12.64,106.38,0,0
NSW,14300,2024-03,6.21,55.13,0,0
NSW,14300,2024-04,9.02,59.17,0,0
NSW,14300,2024-05,9.51,75.99,0,0
NSW,14300,2024-06,3.21,20.94,0,0
NSW,14300,2024-07,8.41,72.15,0,0
NSW,14300,2024-08,4.57,35.59,0,0
NSW,14300,2024-09,8.57,76.81,0,0
NSW,14300,2024-10,5.6,95.49,0,0
NSW,14300,2024-11,8.34,77.5,0,0
NSW,14300,2024-12,12.31,177.81,0,0
NSW,14300,2025-01,3.79,27.45,0,0
NSW,14300,2025-02,4.94,36.2,0,0
NSW,14300,2025-03,2.95,26.48,0,0
NSW,14300,2025-04,7.17,38.29,0,0
NSW,14300,2025-05,7.03,48.66,0,0
NSW,14300,2025-06,1.78,12.19,0,0
NSW,14300,2025-07,1.43,15.14,7.12,97.5
NSW,14300,2025-08,4.43,39.57,8.79,165.15
NSW,14300,2025-09,1.16,10.9,6.85,104.6
NSW,14300,2025-10,5.19,39.74,7.82,131.22
NSW,14300,2025-11,3,35.15,8.65,198.31
NSW,14300,2025-12,7.34,65.31,6.08,138.18
NSW,14300,2026-01,4.62,36.34,2.84,53.53
NSW,14300,2026-02,4.14,40.09,6.61,121.8
NSW,14300,2026-03,3.62,28.96,6.72,128.47
NSW,14300,2026-04,3.34,44.47,13.65,392.59
NSW,14300,2026-05,6.75,47.08,5.87,84.76
NSW,14300,2026-06,2.12,26.73,5.12,85.62
NSW,14300,2026-07,5.98,55.21,14.58,291.9
NSW,14300,2026-08,2.58,23.56,5.79,117.35
NSW,14350,2023-01,29.53,203.29,0,0
NSW,14350,2023-02,33.62,264.41,0,0
NSW,14350,2023-03,56.47,537.48,0,0
NSW,14350,2023-04,25.57,202.69,0,0
NSW,14350,2023-05,57.67,476.5,0,0
NSW,14350,2023-06,44.53,386.13,0,0
NSW,14350,2023-07,64.64,593.29,0,0
NSW,14350,2023-08,49.26,405.07,0,0
NSW,14350,2023-09,57.71,515,0,0
NSW,14350,2023-10,45.21,354.99,0,0
NSW,14350,2023-11,48.21,396.13,0,0
NSW,14350,2023-12,37.54,418.73,0,0
NSW,14350,2024-01,25.1,210.05,0,0
NSW,14350,2024-02,43.57,442,0,0
NSW,14350,2024-03,50.12,448.05,0,0
NSW,14350,2024-04,26.09,198.65,0,0
NSW,14350,2024-05,49.55,461.25,0,0
NSW,14350,2024-06,39.43,336.98,0,0
NSW,14350,2024-07,43.57,369.74,0,0
NSW,14350,2024-08,34.12,411.79,0,0
NSW,14350,2024-09,33.66,280.69,0,0
NSW,14350,2024-10,34.07,327.91,0,0
NSW,14350,2024-11,42.1,392.85,0,0
NSW,14350,2024-12,34.08,365.81,0,0
NSW,14350,2025-01,33.09,272.7,0,0
NSW,14350,2025-02,21.11,268.44,0,0
NSW,14350,2025-03,17.53,163.74,0,0
NSW,14350,2025-04,31.01,392.67,0,0
NSW,14350,2025-05,23.58,293.53,0,0
NSW,14350,2025-06,23.99,251.78,0,0
NSW,14350,2025-07,19.54,237.76,31.56,502.07
NSW,14350,2025-08,25.59,205.57,29.58,474.61
NSW,14350,2025-09,29.08,293.76,24.1,553.69
NSW,14350,2025-10,31.57,241.63,48.59,995.86
NSW,14350,2025-11,25.09,240.85,34.13,855.92
NSW,14350,2025-12,29.55,293.74,46.62,1129.03
NSW,14350,2026-01,15.07,136.42,26.61,515.86
NSW,14350,2026-02,36,358.75,48.14,1211.33
NSW,14350,2026-03,30.14,282.28,55.24,1548.22
NSW,14350,2026-04,39.05,397.65,75.69,2316.32
NSW,14350,2026-05,22.46,146.44,23.52,466.79
NSW,14350,2026-06,37.13,373.23,35.08,725.39
NSW,14350,2026-07,34.59,360.56,41.64,779.11
NSW,14350,2026-08,23.52,236.8,18.47,409.38
NSW,14400,2023-01,23.17,159.98,0,0
NSW,14400,2023-02,36.3,341.27,0,0
NSW,14400,2023-03,39.27,295,0,0
NSW,14400,2023-04,21.24,164.65,0,0
NSW,14400,2023-05,28.22,235.97,0,0
NSW,14400,2023-06,49.23,415.95,0,0
NSW,14400,2023-07,38.35,314.26,0,0
NSW,14400,2023-08,35.3,312.45,0,0
NSW,14400,2023-09,28.29,239.08,0,0
NSW,14400,2023-10,38.35,312.43,0,0
NSW,14400,2023-11,49.28,459.15,0,0
NSW,14400,2023-12,37.35,339.88,0,0
NSW,14400,2024-01,25.2,229.03,0,0
NSW,14400,2024-02,29.32,259.92,0,0
NSW,14400,2024-03,40.26,423.73,0,0
NSW,14400,2024-04,26.28,270,0,0
NSW,14400,2024-05,28.25,221.67,0,0
NSW,14400,2024-06,19.22,165.9,0,0
NSW,14400,2024-07,16.33,134.73,0,0
NSW,14400,2024-08,23.24,199.69,0,0
NSW,14400,2024-09,24.25,224.45,0,0
NSW,14400,2024-10,40.18,423.11,0,0
NSW,14400,2024-11,35.18,406.88,0,0
NSW,14400,2024-12,25.23,265.08,0,0
NSW,14400,2025-01,21.15,203.35,0,0
NSW,14400,2025-02,31.16,364.69,0,0
NSW,14400,2025-03,23.21,233.01,0,0
NSW,14400,2025-04,29.14,285.45,0,0
NSW,14400,2025-05,19.19,192.91,0,0
NSW,14400,2025-06,15.24,152.39,0,0
NSW,14400,2025-07,23.21,212.89,70.48,1108.54
NSW,14400,2025-08,27.16,288.88,50.29,903.16
NSW,14400,2025-09,18.24,156.22,42.38,834.6
NSW,14400,2025-10,32.25,311.9,60.43,1188.2
NSW,14400,2025-11,37.24,302.84,67.31,1474.17
NSW,14400,2025-12,37.33,356.22,60.38,1546.68
NSW,14400,2026-01,35.21,316.7,63.32,1482.33
NSW,14400,2026-02,34.26,336.57,58.36,1515.69
NSW,14400,2026-03,58.28,608.11,104.41,2837.71
NSW,14400,2026-04,56.32,645.46,105.66,3402.71
NSW,14400,2026-05,30.24,317.13,37.19,772.91
NSW,14400,2026-06,42.26,347.4,48.27,996.93
NSW,14400,2026-07,34.26,323.72,47.3,1083.42
NSW,14400,2026-08,24.14,256.7,18.12,388.72
NSW,14500,2023-01,84.9,816.46,0,0
NSW,14500,2023-02,93.39,1010.14,0,0
NSW,14500,2023-03,94.79,1014.46,0,0
NSW,14500,2023-04,72.59,752.17,0,0
NSW,14500,2023-05,140.97,1697.26,0,0
NSW,14500,2023-06,113.15,1141.16,0,0
NSW,14500,2023-07,113.71,1332.08,0,0
NSW,14500,2023-08,122.91,1254.75,0,0
NSW,14500,2023-09,116.65,1345.48,0,0
NSW,14500,2023-10,131.18,1379.71,0,0
NSW,14500,2023-11,143.47,1571.21,0,0
NSW,14500,2023-12,144.2,1714.38,0,0
NSW,14500,2024-01,94.74,993.43,0,0
NSW,14500,2024-02,110.53,1184.43,0,0
NSW,14500,2024-03,134.13,1589.58,0,0
NSW,14500,2024-04,77.98,850.91,0,0
NSW,14500,2024-05,103.98,1163.14,0,0
NSW,14500,2024-06,103.96,1142.67,0,0
NSW,14500,2024-07,94.99,1077.04,0,0
NSW,14500,2024-08,86.83,953.65,0,0
NSW,14500,2024-09,99.24,1046.97,0,0
NSW,14500,2024-10,83.64,915.69,0,0
NSW,14500,2024-11,98.9,1140.79,0,0
NSW,14500,2024-12,121.87,1710.69,0,0
NSW,14500,2025-01,55.55,574.21,0,0
NSW,14500,2025-02,87.58,1093.58,0,0
NSW,14500,2025-03,81.29,904.1,0,0
NSW,14500,2025-04,64.6,718.11,0,0
NSW,14500,2025-05,66.62,797.34,0,0
NSW,14500,2025-06,46.37,471.1,0,0
NSW,14500,2025-07,75.76,909.5,192.45,3808.16
NSW,14500,2025-08,72.64,752.89,152.84,3563.41
NSW,14500,2025-09,93.98,1048.22,204.51,5362.76
NSW,14500,2025-10,120.52,1449.57,251.18,7882.15
NSW,14500,2025-11,134.7,1579.57,283.75,9318.72
NSW,14500,2025-12,168.98,2086.58,352.91,12921.24
NSW,14500,2026-01,95.77,1101.63,199.6,7663.96
NSW,14500,2026-02,146.83,1729.36,301.02,11750.31
NSW,14500,2026-03,191.79,2255.93,417.59,16367.64
NSW,14500,2026-04,322.24,3843.75,713.31,30329.64
NSW,14500,2026-05,81.22,891.87,96.65,2424.18
NSW,14500,2026-06,136.68,1433.37,161.91,4550.26
NSW,14500,2026-07,102.91,1086.89,161.82,4320.63
NSW,14500,2026-08,53.56,594.73,66.45,1935.54
NSW,14550,2023-01,10.39,76.09,0,0
NSW,14550,2023-02,16.35,123.03,0,0
NSW,14550,2023-03,6.57,42.99,0,0
NSW,14550,2023-04,15.22,119.07,0,0
NSW,14550,2023-05,18.83,141.98,0,0
NSW,14550,2023-06,12.33,80.98,0,0
NSW,14550,2023-07,19.62,168.48,0,0
NSW,14550,2023-08,21.55,187.04,0,0
NSW,14550,2023-09,12.79,111.19,0,0
NSW,14550,2023-10,13.59,113.29,0,0
NSW,14550,2023-11,17.57,144.9,0,0
NSW,14550,2023-12,13.61,129.67,0,0
NSW,14550,2024-01,7.88,60.68,0,0
NSW,14550,2024-02,16.24,165.63,0,0
NSW,14550,2024-03,16.98,141.54,0,0
NSW,14550,2024-04,20.29,168.08,0,0
NSW,14550,2024-05,15.7,153.63,0,0
NSW,14550,2024-06,17.13,180.71,0,0
NSW,14550,2024-07,13.25,132.84,0,0
NSW,14550,2024-08,13.44,115.49,0,0
NSW,14550,2024-09,14.59,107.86,0,0
NSW,14550,2024-10,9.9,76.27,0,0
NSW,14550,2024-11,14.96,115.77,0,0
NSW,14550,2024-12,11.81,120.36,0,0
NSW,14550,2025-01,9.4,96.39,0,0
NSW,14550,2025-02,7.62,53.43,0,0
NSW,14550,2025-03,10.33,75.56,0,0
NSW,14550,2025-04,12.03,95.93,0,0
NSW,14550,2025-05,10.49,104.64,0,0
NSW,14550,2025-06,5.26,55.69,0,0
NSW,14550,2025-07,19.47,206.56,21.83,423.64
NSW,14550,2025-08,16.59,181.7,20.26,533.5
NSW,14550,2025-09,16.65,168.85,16.21,332.15
NSW,14550,2025-10,9.03,69.4,20.34,492.88
NSW,14550,2025-11,13.57,150.49,18.53,434.99
NSW,14550,2025-12,15.55,140.06,23.91,624.04
NSW,14550,2026-01,7.25,60.52,11.06,251.52
NSW,14550,2026-02,18.39,195.03,28.16,797.71
NSW,14550,2026-03,20.04,251.91,26.98,859.15
NSW,14550,2026-04,28.14,363.67,54.11,1880.42
NSW,14550,2026-05,10.93,103.93,15.89,317.64
NSW,14550,2026-06,23.91,220.89,22.65,442.31
NSW,14550,2026-07,13.78,135.18,14.47,328.89
NSW,14550,2026-08,13.91,123.93,11.07,252.37
NSW,14600,2023-01,9.29,130.11,0,0
NSW,14600,2023-02,9.09,108.83,0,0
NSW,14600,2023-03,5.24,60.8,0,0
NSW,14600,2023-04,2.51,18.98,0,0
NSW,14600,2023-05,8.79,84.63,0,0
NSW,14600,2023-06,5.48,81.8,0,0
NSW,14600,2023-07,3.38,27.32,0,0
NSW,14600,2023-08,12.67,112.41,0,0
NSW,14600,2023-09,10.05,133.69,0,0
NSW,14600,2023-10,8.95,131.76,0,0
NSW,14600,2023-11,14.97,134.51,0,0
NSW,14600,2023-12,22.99,337.56,0,0
NSW,14600,2024-01,1.17,14.44,0,0
NSW,14600,2024-02,1.3,24.15,0,0
NSW,14600,2024-03,9.17,73.65,0,0
NSW,14600,2024-04,14.23,112.3,0,0
NSW,14600,2024-05,26.81,210.01,0,0
NSW,14600,2024-06,30.62,220.95,0,0
NSW,14600,2024-07,54.63,387.38,0,0
NSW,14600,2024-08,8.34,60.09,0,0
NSW,14600,2024-09,8.72,116.85,0,0
NSW,14600,2024-10,7.14,71.38,0,0
NSW,14600,2024-11,3.31,29.19,0,0
NSW,14600,2024-12,6.64,114.18,0,0
NSW,14600,2025-01,3.04,16.71,0,0
NSW,14600,2025-02,3.33,27.49,0,0
NSW,14600,2025-03,3.43,166.01,0,0
NSW,14600,2025-04,13.24,102.92,0,0
NSW,14600,2025-05,9.13,89.67,0,0
NSW,14600,2025-06,2.19,21.33,0,0
NSW,14600,2025-07,4.26,42.06,13.59,221
NSW,14600,2025-08,7.13,52.45,10.94,226.47
NSW,14600,2025-09,9.18,106.01,7.59,163.93
NSW,14600,2025-10,7.23,127.41,7.9,262.96
NSW,14600,2025-11,7.97,95.02,12.26,321.23
NSW,14600,2025-12,6.99,149.15,12.91,454.04
NSW,14600,2026-01,0.42,4.82,2.45,103.72
NSW,14600,2026-02,4.91,50.54,6.28,168.91
NSW,14600,2026-03,3.3,60.38,10.23,405.05
NSW,14600,2026-04,7.44,112.63,16.28,700.88
NSW,14600,2026-05,3.31,27.89,2.62,47.29
NSW,14600,2026-06,5.45,42.89,6.33,127.45
NSW,14600,2026-07,8.42,72.81,9.35,269.14
NSW,14600,2026-08,1.93,12.57,1.32,36.41
NSW,14650,2023-01,210.63,1824.88,0,0
NSW,14650,2023-02,296.81,2492.03,0,0
NSW,14650,2023-03,276.23,2437.93,0,0
NSW,14650,2023-04,227.44,1889.78,0,0
NSW,14650,2023-05,309.7,2775.77,0,0
NSW,14650,2023-06,294.31,2523.47,0,0
NSW,14650,2023-07,316.32,2696.29,0,0
NSW,14650,2023-08,355.89,3336.76,0,0
NSW,14650,2023-09,375.26,3184.56,0,0
NSW,14650,2023-10,354.87,3115.94,0,0
NSW,14650,2023-11,405.21,3748.89,0,0
NSW,14650,2023-12,350.94,3504.3,0,0
NSW,14650,2024-01,301.57,2528.75,0,0
NSW,14650,2024-02,322.7,2929.09,0,0
NSW,14650,2024-03,328.91,3330.16,0,0
NSW,14650,2024-04,300.2,2736.22,0,0
NSW,14650,2024-05,290.45,2653.79,0,0
NSW,14650,2024-06,258.96,2571.9,0,0
NSW,14650,2024-07,283.39,2652.85,0,0
NSW,14650,2024-08,238.79,2179.81,0,0
NSW,14650,2024-09,253.43,2371.56,0,0
NSW,14650,2024-10,257.97,2364.73,0,0
NSW,14650,2024-11,251.9,2536.65,0,0
NSW,14650,2024-12,245.56,2422.87,0,0
NSW,14650,2025-01,172.65,1526.55,0,0
NSW,14650,2025-02,330.45,2621.44,0,0
NSW,14650,2025-03,306.47,2634.15,0,0
NSW,14650,2025-04,236.91,2123.55,0,0
NSW,14650,2025-05,194.52,1838.13,0,0
NSW,14650,2025-06,206.47,1793.98,0,0
NSW,14650,2025-07,173.42,1633.85,320.43,4828.4
NSW,14650,2025-08,192.94,1909.85,276.2,5058.1
NSW,14650,2025-09,204.28,1952.39,317.58,6880.55
NSW,14650,2025-10,218.13,2244.66,392.88,8733.01
NSW,14650,2025-11,256.33,2757.84,417.32,9698.44
NSW,14650,2025-12,260.48,2865.54,402.01,10827.59
NSW,14650,2026-01,193.63,1819.98,330.21,9078.01
NSW,14650,2026-02,255.12,2571.46,410.45,12219.33
NSW,14650,2026-03,333.57,3134.37,553.24,16692.81
NSW,14650,2026-04,418.05,4548.15,819.2,27982.15
NSW,14650,2026-05,240.68,2121.24,289.26,6227.92
NSW,14650,2026-06,343.45,3080.14,394.86,8804.63
NSW,14650,2026-07,241.22,2306.49,298.51,6999.34
NSW,14650,2026-08,147.25,1353.34,179.89,4063.54
NSW,14700,2023-01,17.75,154.98,0,0
NSW,14700,2023-02,21.01,262.79,0,0
NSW,14700,2023-03,18.22,151.72,0,0
NSW,14700,2023-04,18.68,226.07,0,0
NSW,14700,2023-05,25.22,372.37,0,0
NSW,14700,2023-06,17.51,190.34,0,0
NSW,14700,2023-07,14.71,173.87,0,0
NSW,14700,2023-08,27.09,261.55,0,0
NSW,14700,2023-09,22.65,238.3,0,0
NSW,14700,2023-10,33.62,306.53,0,0
NSW,14700,2023-11,40.4,416.98,0,0
NSW,14700,2023-12,39.24,406.88,0,0
NSW,14700,2024-01,24.98,218.08,0,0
NSW,14700,2024-02,24.52,324.74,0,0
NSW,14700,2024-03,20.31,241.68,0,0
NSW,14700,2024-04,10.5,107.13,0,0
NSW,14700,2024-05,36.91,371.77,0,0
NSW,14700,2024-06,11.44,109.41,0,0
NSW,14700,2024-07,22.41,310.82,0,0
NSW,14700,2024-08,17.97,186.8,0,0
NSW,14700,2024-09,15.18,158.4,0,0
NSW,14700,2024-10,20.79,279.97,0,0
NSW,14700,2024-11,27.78,309.42,0,0
NSW,14700,2024-12,19.85,243.58,0,0
NSW,14700,2025-01,15.41,180.82,0,0
NSW,14700,2025-02,20.09,194.42,0,0
NSW,14700,2025-03,17.52,302.8,0,0
NSW,14700,2025-04,14.01,132.73,0,0
NSW,14700,2025-05,18.92,370.77,0,0
NSW,14700,2025-06,10.51,120.18,0,0
NSW,14700,2025-07,11.91,151.96,41.56,756.77
NSW,14700,2025-08,12.61,158.41,32.93,670.87
NSW,14700,2025-09,20.07,218.82,41.09,973.43
NSW,14700,2025-10,24.06,239.2,48.81,1270.52
NSW,14700,2025-11,22.89,294.43,43.43,1308.35
NSW,14700,2025-12,29.42,605.77,49.98,1478.05
NSW,14700,2026-01,13.54,179.06,28.25,996.85
NSW,14700,2026-02,21.71,271.18,52.53,1746
NSW,14700,2026-03,37.37,424.25,70.29,2425.67
NSW,14700,2026-04,55.09,610.17,117.93,4543.66
NSW,14700,2026-05,18.92,194.36,29.19,711.42
NSW,14700,2026-06,33.86,403.97,34.8,945.76
NSW,14700,2026-07,29.19,342.86,46.94,1171.13
NSW,14700,2026-08,9.57,99.13,10.27,305.67
NSW,14750,2023-01,4.99,61.18,0,0
NSW,14750,2023-02,13,164.22,0,0
NSW,14750,2023-03,17.04,190.23,0,0
NSW,14750,2023-04,6.08,44.55,0,0
NSW,14750,2023-05,15.04,162.45,0,0
NSW,14750,2023-06,11.03,213.02,0,0
NSW,14750,2023-07,11.02,135.4,0,0
NSW,14750,2023-08,12.09,241.43,0,0
NSW,14750,2023-09,20.13,316.52,0,0
NSW,14750,2023-10,18.03,196.66,0,0
NSW,14750,2023-11,18.13,242.91,0,0
NSW,14750,2023-12,10.04,186.78,0,0
NSW,14750,2024-01,5.02,44.71,0,0
NSW,14750,2024-02,15.01,157.87,0,0
NSW,14750,2024-03,16.04,239.81,0,0
NSW,14750,2024-04,9.02,81.58,0,0
NSW,14750,2024-05,20.02,251.75,0,0
NSW,14750,2024-06,11.02,134.62,0,0
NSW,14750,2024-07,9.04,213.64,0,0
NSW,14750,2024-08,9.04,91.04,0,0
NSW,14750,2024-09,13.02,127.27,0,0
NSW,14750,2024-10,9.03,138.85,0,0
NSW,14750,2024-11,8.05,65.25,0,0
NSW,14750,2024-12,19.99,362.93,0,0
NSW,14750,2025-01,7.01,72.72,0,0
NSW,14750,2025-02,10,227.08,0,0
NSW,14750,2025-03,16.02,487.62,0,0
NSW,14750,2025-04,16.04,177.5,0,0
NSW,14750,2025-05,17.07,285.3,0,0
NSW,14750,2025-06,18.98,273.1,0,0
NSW,14750,2025-07,8.99,115.33,17.98,267.11
NSW,14750,2025-08,13.09,150.93,18.02,352.99
NSW,14750,2025-09,10.02,94.82,12.02,222.76
NSW,14750,2025-10,6.04,54.45,26.02,561.79
NSW,14750,2025-11,11,136.73,19,507.44
NSW,14750,2025-12,18.03,221.45,25.14,605.6
NSW,14750,2026-01,10.03,120.85,35.94,1297.9
NSW,14750,2026-02,6.02,65.78,13.09,359.08
NSW,14750,2026-03,14,194.28,34.07,1186.25
NSW,14750,2026-04,21,270.93,52.01,2166.95
NSW,14750,2026-05,14.98,152.7,10.99,265.61
NSW,14750,2026-06,15,145.67,10.04,244.7
NSW,14750,2026-07,11.99,168.84,10,291.78
NSW,14750,2026-08,7,81.82,5.03,92.25
NSW,14850,2023-01,52.04,401.4,0,0
NSW,14850,2023-02,55.18,446.69,0,0
NSW,14850,2023-03,59.3,472.68,0,0
NSW,14850,2023-04,66.4,616.15,0,0
NSW,14850,2023-05,66.76,574.57,0,0
NSW,14850,2023-06,51.46,393.96,0,0
NSW,14850,2023-07,51.52,468.94,0,0
NSW,14850,2023-08,68.53,641.51,0,0
NSW,14850,2023-09,73.36,663.89,0,0
NSW,14850,2023-10,57.49,672.97,0,0
NSW,14850,2023-11,38.99,409.87,0,0
NSW,14850,2023-12,80.04,807.96,0,0
NSW,14850,2024-01,49.11,447.91,0,0
NSW,14850,2024-02,62.78,646.91,0,0
NSW,14850,2024-03,87,864.33,0,0
NSW,14850,2024-04,58.06,536.69,0,0
NSW,14850,2024-05,65.51,634.74,0,0
NSW,14850,2024-06,53.22,549.98,0,0
NSW,14850,2024-07,41.47,344.89,0,0
NSW,14850,2024-08,56.89,559.27,0,0
NSW,14850,2024-09,56.94,600.77,0,0
NSW,14850,2024-10,63.38,562.53,0,0
NSW,14850,2024-11,48.77,492.09,0,0
NSW,14850,2024-12,55.41,660.38,0,0
NSW,14850,2025-01,47.17,513.6,0,0
NSW,14850,2025-02,49.18,453.07,0,0
NSW,14850,2025-03,33.78,320.48,0,0
NSW,14850,2025-04,48.44,461.6,0,0
NSW,14850,2025-05,37.78,313.02,0,0
NSW,14850,2025-06,39.64,330.4,0,0
NSW,14850,2025-07,61.55,582.47,140.91,2240.21
NSW,14850,2025-08,43.57,414.13,89.68,1730.36
NSW,14850,2025-09,61.83,654.19,87.6,2130
NSW,14850,2025-10,68.56,724.17,95.83,2250.26
NSW,14850,2025-11,61.82,580.56,104.35,2557.55
NSW,14850,2025-12,79.11,979.58,136.04,3863.57
NSW,14850,2026-01,44.61,415.37,70.53,1952.88
NSW,14850,2026-02,72.1,638.54,107.17,2618.62
NSW,14850,2026-03,90.66,925.87,148.81,4513.38
NSW,14850,2026-04,118.63,1325.99,209.45,7208.16
NSW,14850,2026-05,54.53,499.15,48.74,866.34
NSW,14850,2026-06,73.55,609.45,82.25,1734.03
NSW,14850,2026-07,87.14,836.4,98.61,2340.85
NSW,14850,2026-08,41.31,369.44,48.77,1074.91
NSW,14870,2023-01,48.53,196.11,0,0
NSW,14870,2023-02,36.64,190.82,0,0
NSW,14870,2023-03,30.64,357.15,0,0
NSW,14870,2023-04,63.85,403.23,0,0
NSW,14870,2023-05,33.35,373.3,0,0
NSW,14870,2023-06,35.77,262.24,0,0
NSW,14870,2023-07,30.15,218.46,0,0
NSW,14870,2023-08,33.1,275.51,0,0
NSW,14870,2023-09,23.76,241.89,0,0
NSW,14870,2023-10,25.09,246.1,0,0
NSW,14870,2023-11,25.5,348.1,0,0
NSW,14870,2023-12,39.1,406.53,0,0
NSW,14870,2024-01,26.95,208.11,0,0
NSW,14870,2024-02,39.7,332.62,0,0
NSW,14870,2024-03,15.69,127.62,0,0
NSW,14870,2024-04,18.78,170.49,0,0
NSW,14870,2024-05,27.29,254.55,0,0
NSW,14870,2024-06,9.23,93.6,0,0
NSW,14870,2024-07,23.89,237.4,0,0
NSW,14870,2024-08,24.07,237.98,0,0
NSW,14870,2024-09,22.27,210.39,0,0
NSW,14870,2024-10,29.26,227.78,0,0
NSW,14870,2024-11,21.76,216.46,0,0
NSW,14870,2024-12,21.42,240.18,0,0
NSW,14870,2025-01,10.9,111.11,0,0
NSW,14870,2025-02,15.03,146,0,0
NSW,14870,2025-03,29.64,329.8,0,0
NSW,14870,2025-04,16.46,148.42,0,0
NSW,14870,2025-05,17.71,142.06,0,0
NSW,14870,2025-06,44.85,424.92,0,0
NSW,14870,2025-07,21.43,195.12,36.57,620.48
NSW,14870,2025-08,25.45,222.77,36.05,663.54
NSW,14870,2025-09,18.99,214.6,41.67,817.68
NSW,14870,2025-10,19.53,231.44,30.49,713.66
NSW,14870,2025-11,25.48,288.57,46.7,1328.07
NSW,14870,2025-12,17.98,235.96,34.83,929.3
NSW,14870,2026-01,17.99,201.14,31.29,916.72
NSW,14870,2026-02,21.19,248.65,46.4,1505.12
NSW,14870,2026-03,26.02,322.59,43.76,1440.97
NSW,14870,2026-04,29.68,417,59.72,2012.94
NSW,14870,2026-05,12.81,97.25,11.81,277.56
NSW,14870,2026-06,28.01,312.25,31.26,807.64
NSW,14870,2026-07,13.52,116.91,27.79,571.55
NSW,14870,2026-08,7.88,69.81,16.59,397.77
NSW,14900,2023-01,151.25,1246.03,0,0
NSW,14900,2023-02,180.77,1794.62,0,0
NSW,14900,2023-03,241.29,2268.71,0,0
NSW,14900,2023-04,193.61,1767.11,0,0
NSW,14900,2023-05,241.06,2499.43,0,0
NSW,14900,2023-06,228.84,2255.38,0,0
NSW,14900,2023-07,284.06,2880.71,0,0
NSW,14900,2023-08,265.88,3111.39,0,0
NSW,14900,2023-09,303.81,3240.04,0,0
NSW,14900,2023-10,312.19,3630.66,0,0
NSW,14900,2023-11,280.9,3151.15,0,0
NSW,14900,2023-12,311.61,3617.41,0,0
NSW,14900,2024-01,213.83,2101.03,0,0
NSW,14900,2024-02,274.05,2761.15,0,0
NSW,14900,2024-03,306.28,3426.4,0,0
NSW,14900,2024-04,238.77,2862.23,0,0
NSW,14900,2024-05,287.53,3242.01,0,0
NSW,14900,2024-06,306.47,2928.73,0,0
NSW,14900,2024-07,242.45,2729.28,0,0
NSW,14900,2024-08,228.01,2765.81,0,0
NSW,14900,2024-09,229.06,2973.97,0,0
NSW,14900,2024-10,238.92,2646.16,0,0
NSW,14900,2024-11,222.37,2490.1,0,0
NSW,14900,2024-12,309.47,3883.68,0,0
NSW,14900,2025-01,150.75,1430.88,0,0
NSW,14900,2025-02,223.45,2678.31,0,0
NSW,14900,2025-03,179.19,2289.58,0,0
NSW,14900,2025-04,152.42,1679.95,0,0
NSW,14900,2025-05,145.25,1659.35,0,0
NSW,14900,2025-06,126.86,1320.54,0,0
NSW,14900,2025-07,167.28,1788.31,217.3,4152.19
NSW,14900,2025-08,137.54,1635.13,190.88,4135.94
NSW,14900,2025-09,173.35,1772.59,295.11,7657.21
NSW,14900,2025-10,194.96,1982.97,360.24,10574.83
NSW,14900,2025-11,200.38,2331.64,367.47,12124.48
NSW,14900,2025-12,219.84,2719.3,489.53,18585
NSW,14900,2026-01,139.39,1469.97,327.62,12503.36
NSW,14900,2026-02,224.67,2462.16,460.86,18322.24
NSW,14900,2026-03,286.39,3211.26,747.9,30852.27
NSW,14900,2026-04,325.6,3989.59,1145.38,49009.34
NSW,14900,2026-05,168.87,1948.3,186.83,4667.8
NSW,14900,2026-06,193.06,2040.42,241.36,7296.71
NSW,14900,2026-07,171.34,1835.43,251.03,7745.77
NSW,14900,2026-08,108.75,1206.01,142.06,4562.05
NSW,14920,2023-01,7.57,69.83,0,0
NSW,14920,2023-02,7.22,51.69,0,0
NSW,14920,2023-03,9.91,79.94,0,0
NSW,14920,2023-04,6.13,49.47,0,0
NSW,14920,2023-05,14.22,137.96,0,0
NSW,14920,2023-06,11,93.96,0,0
NSW,14920,2023-07,8.34,158.05,0,0
NSW,14920,2023-08,14.22,109.36,0,0
NSW,14920,2023-09,9.94,123.89,0,0
NSW,14920,2023-10,11.29,90.01,0,0
NSW,14920,2023-11,20.67,153.28,0,0
NSW,14920,2023-12,11.35,94.75,0,0
NSW,14920,2024-01,15.82,104.5,0,0
NSW,14920,2024-02,13.34,104.22,0,0
NSW,14920,2024-03,17.92,170.95,0,0
NSW,14920,2024-04,36.08,231.78,0,0
NSW,14920,2024-05,44.52,318.65,0,0
NSW,14920,2024-06,18.52,139.67,0,0
NSW,14920,2024-07,14.3,208.32,0,0
NSW,14920,2024-08,10.75,91.54,0,0
NSW,14920,2024-09,11.34,108.71,0,0
NSW,14920,2024-10,7.29,59.2,0,0
NSW,14920,2024-11,16.35,168.06,0,0
NSW,14920,2024-12,6.77,58.93,0,0
NSW,14920,2025-01,3.87,42.17,0,0
NSW,14920,2025-02,14.24,123.36,0,0
NSW,14920,2025-03,6.21,92.09,0,0
NSW,14920,2025-04,8.12,87.29,0,0
NSW,14920,2025-05,8.31,64.76,0,0
NSW,14920,2025-06,9.21,73.53,0,0
NSW,14920,2025-07,3.99,134.28,8,79.73
NSW,14920,2025-08,3,18.02,11.02,199.22
NSW,14920,2025-09,11.98,118.93,19.19,400.11
NSW,14920,2025-10,5.09,72.41,14.07,364.9
NSW,14920,2025-11,5.73,61.08,5.99,183.2
NSW,14920,2025-12,10.1,82.9,19.09,365.29
NSW,14920,2026-01,4.08,33.06,8.08,186.58
NSW,14920,2026-02,7.92,62.8,10.78,283.02
NSW,14920,2026-03,11.85,154.11,13.85,423.08
NSW,14920,2026-04,11.78,134.47,20.85,587.61
NSW,14920,2026-05,10.99,101.22,8.9,194.3
NSW,14920,2026-06,5.47,80.58,8.46,173.86
NSW,14920,2026-07,5.31,58.09,6.17,112.26
NSW,14920,2026-08,3.78,34.87,6.12,147.43
NSW,14950,2023-01,0.59,5.23,0,0
NSW,14950,2023-02,2.07,22.26,0,0
NSW,14950,2023-03,4.94,52.64,0,0
NSW,14950,2023-04,6.65,53.25,0,0
NSW,14950,2023-05,3.76,40.8,0,0
NSW,14950,2023-06,1.07,9.41,0,0
NSW,14950,2023-07,5.29,48.33,0,0
NSW,14950,2023-08,3.84,33.38,0,0
NSW,14950,2023-09,5.55,51.47,0,0
NSW,14950,2023-10,4.61,40.7,0,0
NSW,14950,2023-11,7.23,54.69,0,0
NSW,14950,2023-12,5.44,43.07,0,0
NSW,14950,2024-01,3.49,30.92,0,0
NSW,14950,2024-02,6.47,69.81,0,0
NSW,14950,2024-03,6.87,63.77,0,0
NSW,14950,2024-04,3.24,28.1,0,0
NSW,14950,2024-05,3,28.64,0,0
NSW,14950,2024-06,7.67,71.73,0,0
NSW,14950,2024-07,4.15,45.75,0,0
NSW,14950,2024-08,4.95,45.7,0,0
NSW,14950,2024-09,4.51,45.59,0,0
NSW,14950,2024-10,8.27,86.54,0,0
NSW,14950,2024-11,5.07,47.11,0,0
NSW,14950,2024-12,8.7,62.09,0,0
NSW,14950,2025-01,8.46,92.72,0,0
NSW,14950,2025-02,0.88,7.78,0,0
NSW,14950,2025-03,8.38,96.98,0,0
NSW,14950,2025-04,8.08,65.53,0,0
NSW,14950,2025-05,1.56,25.04,0,0
NSW,14950,2025-06,4.44,46.6,0,0
NSW,14950,2025-07,2.78,37.95,12.77,173.26
NSW,14950,2025-08,7.99,66.36,5.36,99.77
NSW,14950,2025-09,1.05,14.72,3.61,64.87
NSW,14950,2025-10,5.86,67.13,6.45,134.12
NSW,14950,2025-11,6.94,58.94,17.41,398.2
NSW,14950,2025-12,4.43,42.62,10.12,267.79
NSW,14950,2026-01,0.24,2.17,2.07,39.25
NSW,14950,2026-02,2.02,15.75,5.71,125.5
NSW,14950,2026-03,2.55,20.52,5.25,141.22
NSW,14950,2026-04,6.91,97.46,13.02,464.09
NSW,14950,2026-05,4.96,45.06,2.56,38.45
NSW,14950,2026-06,4.12,41.42,3.31,85.62
NSW,14950,2026-07,1.09,9.56,3.03,47.41
NSW,14950,2026-08,2.23,25.34,1.29,47.98
NSW,15050,2023-01,100.97,914.23,0,0
NSW,15050,2023-02,127.23,1167.58,0,0
NSW,15050,2023-03,156.86,1440.29,0,0
NSW,15050,2023-04,114.28,1193.47,0,0
NSW,15050,2023-05,158.75,1609.63,0,0
NSW,15050,2023-06,161.38,1650.74,0,0
NSW,15050,2023-07,144.07,1446.19,0,0
NSW,15050,2023-08,149.02,1519.92,0,0
NSW,15050,2023-09,158.4,1534.13,0,0
NSW,15050,2023-10,138.47,1295.87,0,0
NSW,15050,2023-11,190.65,2023.32,0,0
NSW,15050,2023-12,154.64,1744.94,0,0
NSW,15050,2024-01,105.87,940.86,0,0
NSW,15050,2024-02,172.08,1548.93,0,0
NSW,15050,2024-03,199.06,1864.67,0,0
NSW,15050,2024-04,210.97,2064.48,0,0
NSW,15050,2024-05,179.75,1881.75,0,0
NSW,15050,2024-06,154.97,1648.5,0,0
NSW,15050,2024-07,166.65,1577.01,0,0
NSW,15050,2024-08,166.3,1682.22,0,0
NSW,15050,2024-09,128.5,1351.46,0,0
NSW,15050,2024-10,154.22,1482.92,0,0
NSW,15050,2024-11,131.98,1447.1,0,0
NSW,15050,2024-12,134.7,1622.55,0,0
NSW,15050,2025-01,100.73,1029.6,0,0
NSW,15050,2025-02,117.73,1116.89,0,0
NSW,15050,2025-03,117.74,1157.43,0,0
NSW,15050,2025-04,115.4,1142.61,0,0
NSW,15050,2025-05,103.47,997.6,0,0
NSW,15050,2025-06,105.2,1092.09,0,0
NSW,15050,2025-07,92.3,866.5,179.14,2833.05
NSW,15050,2025-08,103.84,903.11,117.58,2003.84
NSW,15050,2025-09,118.15,1097.22,138.53,2936.25
NSW,15050,2025-10,119.94,1128.68,164.82,3764.56
NSW,15050,2025-11,126.1,1190.48,183.73,4610.15
NSW,15050,2025-12,109.8,1395.64,184.36,5566.78
NSW,15050,2026-01,90.25,832.17,139.24,3710.85
NSW,15050,2026-02,133.6,1382.89,209.8,5728.15
NSW,15050,2026-03,169.3,1615.58,278.37,8378.65
NSW,15050,2026-04,176.98,1775.93,355.45,12191.51
NSW,15050,2026-05,134.96,1273.2,149.06,3312.7
NSW,15050,2026-06,141.21,1479.04,146.74,3605.58
NSW,15050,2026-07,125.95,1254.24,150.2,3661.82
NSW,15050,2026-08,90.18,883.95,93.2,2085.79
NSW,15240,2023-01,81.24,613.74,0,0
NSW,15240,2023-02,132.34,1037.39,0,0
NSW,15240,2023-03,196.13,1504.25,0,0
NSW,15240,2023-04,150.28,1166.57,0,0
NSW,15240,2023-05,209.29,1780.45,0,0
NSW,15240,2023-06,176,1436.35,0,0
NSW,15240,2023-07,175.26,1523.22,0,0
NSW,15240,2023-08,191.94,1657.79,0,0
NSW,15240,2023-09,161.69,1343.45,0,0
NSW,15240,2023-10,141.62,1297.62,0,0
NSW,15240,2023-11,219.84,1983.47,0,0
NSW,15240,2023-12,139.92,1197.38,0,0
NSW,15240,2024-01,128.65,1097.09,0,0
NSW,15240,2024-02,163.97,1296.95,0,0
NSW,15240,2024-03,163.16,1448.46,0,0
NSW,15240,2024-04,148.2,1283.07,0,0
NSW,15240,2024-05,204.34,1716.67,0,0
NSW,15240,2024-06,176.4,1702.72,0,0
NSW,15240,2024-07,173.26,1444.7,0,0
NSW,15240,2024-08,144.37,1237.6,0,0
NSW,15240,2024-09,139.24,1281.69,0,0
NSW,15240,2024-10,137.1,1228.63,0,0
NSW,15240,2024-11,145.84,1256.47,0,0
NSW,15240,2024-12,128.66,1454.1,0,0
NSW,15240,2025-01,75.87,672.6,0,0
NSW,15240,2025-02,103.41,1061.1,0,0
NSW,15240,2025-03,115.93,1038.43,0,0
NSW,15240,2025-04,105.76,1039.31,0,0
NSW,15240,2025-05,88.19,788.14,0,0
NSW,15240,2025-06,72.63,754.65,0,0
NSW,15240,2025-07,93.21,903.14,116.97,1926.17
NSW,15240,2025-08,83.9,784.13,100.66,1769.78
NSW,15240,2025-09,136.9,1159.99,171.49,3159.01
NSW,15240,2025-10,109,1091.43,142.79,3062.86
NSW,15240,2025-11,128.85,1181.12,179.69,3891.84
NSW,15240,2025-12,136.47,1538.45,184.31,4611.05
NSW,15240,2026-01,65.52,635.1,99.31,2421.53
NSW,15240,2026-02,107.5,975.41,156.66,3878.75
NSW,15240,2026-03,146.66,1546.41,200.92,5508.3
NSW,15240,2026-04,177.37,1912.36,301.44,9817.3
NSW,15240,2026-05,84.57,702.11,63.04,1276.25
NSW,15240,2026-06,143.16,1454.22,151.75,3200.75
NSW,15240,2026-07,144.13,1340.4,131.87,2839
NSW,15240,2026-08,84.79,779.92,75.15,1705.64
NSW,15270,2023-01,22.56,158.58,0,0
NSW,15270,2023-02,33.57,312.4,0,0
NSW,15270,2023-03,34.33,329.89,0,0
NSW,15270,2023-04,17.95,177.1,0,0
NSW,15270,2023-05,43.86,418.25,0,0
NSW,15270,2023-06,20.43,193.41,0,0
NSW,15270,2023-07,37.12,253.35,0,0
NSW,15270,2023-08,50.75,577.79,0,0
NSW,15270,2023-09,29.47,336.96,0,0
NSW,15270,2023-10,35.36,311.63,0,0
NSW,15270,2023-11,31.16,348.05,0,0
NSW,15270,2023-12,49.03,483.6,0,0
NSW,15270,2024-01,17.32,179.98,0,0
NSW,15270,2024-02,28.45,254,0,0
NSW,15270,2024-03,35.3,299.16,0,0
NSW,15270,2024-04,33.6,339.04,0,0
NSW,15270,2024-05,44.36,426.01,0,0
NSW,15270,2024-06,31.41,338.96,0,0
NSW,15270,2024-07,34.46,341.99,0,0
NSW,15270,2024-08,38.21,412.6,0,0
NSW,15270,2024-09,33.72,373.11,0,0
NSW,15270,2024-10,24.2,282.02,0,0
NSW,15270,2024-11,26.42,254.54,0,0
NSW,15270,2024-12,31.86,434.49,0,0
NSW,15270,2025-01,23.07,210.98,0,0
NSW,15270,2025-02,30.28,243.59,0,0
NSW,15270,2025-03,40.53,772.53,0,0
NSW,15270,2025-04,22.85,232.64,0,0
NSW,15270,2025-05,17.43,155.01,0,0
NSW,15270,2025-06,31.02,401.71,0,0
NSW,15270,2025-07,26.64,406.64,47.91,984.59
NSW,15270,2025-08,28.77,319.73,30.41,678.2
NSW,15270,2025-09,29.21,407.27,37,747.89
NSW,15270,2025-10,33.51,498.15,54.81,1221.06
NSW,15270,2025-11,35.96,378.97,35.49,1057.94
NSW,15270,2025-12,30.77,394.78,46.44,1431.96
NSW,15270,2026-01,19.17,214.13,29.07,878.38
NSW,15270,2026-02,26.14,376.92,24.45,920.14
NSW,15270,2026-03,27.61,329.78,43.59,1372.32
NSW,15270,2026-04,56.45,713.16,86.56,3185.21
NSW,15270,2026-05,20.52,209.46,14.69,325.42
NSW,15270,2026-06,32.51,344.42,36.21,768.4
NSW,15270,2026-07,35.12,349.17,38.97,995.23
NSW,15270,2026-08,14.57,144.37,10.08,249.49
NSW,15300,2023-01,5.98,65.76,0,0
NSW,15300,2023-02,6.74,86.16,0,0
NSW,15300,2023-03,12.7,110.57,0,0
NSW,15300,2023-04,13.1,145.06,0,0
NSW,15300,2023-05,16.26,193.68,0,0
NSW,15300,2023-06,14.14,183.82,0,0
NSW,15300,2023-07,14.22,219.88,0,0
NSW,15300,2023-08,12.96,171.79,0,0
NSW,15300,2023-09,7.95,85.96,0,0
NSW,15300,2023-10,13.24,142.39,0,0
NSW,15300,2023-11,7.18,79.45,0,0
NSW,15300,2023-12,16.99,195.05,0,0
NSW,15300,2024-01,6,70.11,0,0
NSW,15300,2024-02,11.05,118.19,0,0
NSW,15300,2024-03,6.97,86.46,0,0
NSW,15300,2024-04,13.14,175.24,0,0
NSW,15300,2024-05,11.74,176.5,0,0
NSW,15300,2024-06,8.83,76.34,0,0
NSW,15300,2024-07,17.87,257.42,0,0
NSW,15300,2024-08,7.78,98.27,0,0
NSW,15300,2024-09,7.04,62.6,0,0
NSW,15300,2024-10,14.06,206.09,0,0
NSW,15300,2024-11,5.17,56.25,0,0
NSW,15300,2024-12,7.96,94.04,0,0
NSW,15300,2025-01,1.03,13.02,0,0
NSW,15300,2025-02,9.15,124.82,0,0
NSW,15300,2025-03,14.54,172.52,0,0
NSW,15300,2025-04,3.98,55.15,0,0
NSW,15300,2025-05,10.89,149.68,0,0
NSW,15300,2025-06,8.17,73.29,0,0
NSW,15300,2025-07,6.63,65.75,7.02,121.99
NSW,15300,2025-08,7.89,82.23,8,172.13
NSW,15300,2025-09,3.96,41.3,3.78,32.96
NSW,15300,2025-10,8.84,90.39,8.14,175.74
NSW,15300,2025-11,6.83,53.91,13.83,448.06
NSW,15300,2025-12,10.01,107.38,18.18,591.66
NSW,15300,2026-01,7.78,107.41,15.92,449.72
NSW,15300,2026-02,10.24,115.17,14.38,448.65
NSW,15300,2026-03,8.24,83.91,11.69,435.17
NSW,15300,2026-04,15.68,305.69,31.39,1372.78
NSW,15300,2026-05,8.97,150.07,9.94,277.58
NSW,15300,2026-06,9.06,145.4,8.9,248.71
NSW,15300,2026-07,9.83,127.77,9.93,290.47
NSW,15300,2026-08,12.79,118.65,7.96,227.71
NSW,15350,2023-01,8,62.85,0,0
NSW,15350,2023-02,14,141.07,0,0
NSW,15350,2023-03,14,152.35,0,0
NSW,15350,2023-04,17,170.76,0,0
NSW,15350,2023-05,13,185.43,0,0
NSW,15350,2023-06,19,199.88,0,0
NSW,15350,2023-07,10,83.58,0,0
NSW,15350,2023-08,19,207.13,0,0
NSW,15350,2023-09,19,175.29,0,0
NSW,15350,2023-10,19,166.81,0,0
NSW,15350,2023-11,14,171.75,0,0
NSW,15350,2023-12,16,163.71,0,0
NSW,15350,2024-01,10,84.92,0,0
NSW,15350,2024-02,20,185.26,0,0
NSW,15350,2024-03,18,218.2,0,0
NSW,15350,2024-04,10,123.91,0,0
NSW,15350,2024-05,17,174.69,0,0
NSW,15350,2024-06,19,239.59,0,0
NSW,15350,2024-07,9,84.86,0,0
NSW,15350,2024-08,13,139.52,0,0
NSW,15350,2024-09,16,154.15,0,0
NSW,15350,2024-10,16,174.14,0,0
NSW,15350,2024-11,14,162.88,0,0
NSW,15350,2024-12,22,299.37,0,0
NSW,15350,2025-01,12,118.58,0,0
NSW,15350,2025-02,9,100.38,0,0
NSW,15350,2025-03,9,75.73,0,0
NSW,15350,2025-04,18,201.34,0,0
NSW,15350,2025-05,18,203,0,0
NSW,15350,2025-06,8,76.24,0,0
NSW,15350,2025-07,14,181.82,32,636.94
NSW,15350,2025-08,3,21.7,16,358.67
NSW,15350,2025-09,5,63.82,19,499.28
NSW,15350,2025-10,15,185.91,19,513.8
NSW,15350,2025-11,13,130.34,28,882.9
NSW,15350,2025-12,15,197.39,31,919.93
NSW,15350,2026-01,13,126.67,21,619.68
NSW,15350,2026-02,18,173.66,25,792.28
NSW,15350,2026-03,19,187.48,37,1179.6
NSW,15350,2026-04,29,355.61,56,2043.66
NSW,15350,2026-05,14,155.95,16,359.9
NSW,15350,2026-06,13,146.53,15,381.9
NSW,15350,2026-07,13,149.85,20,524.04
NSW,15350,2026-08,8,68.02,9,283.78
NSW,15520,2023-01,12.71,122.1,0,0
NSW,15520,2023-02,24.7,222.93,0,0
NSW,15520,2023-03,20.13,192.8,0,0
NSW,15520,2023-04,26.69,418.29,0,0
NSW,15520,2023-05,20.13,229.78,0,0
NSW,15520,2023-06,26.3,266.95,0,0
NSW,15520,2023-07,14.81,157.63,0,0
NSW,15520,2023-08,16.27,159.16,0,0
NSW,15520,2023-09,29.72,330.32,0,0
NSW,15520,2023-10,18.47,163.78,0,0
NSW,15520,2023-11,35.89,263.87,0,0
NSW,15520,2023-12,26.05,263.16,0,0
NSW,15520,2024-01,9.19,137.43,0,0
NSW,15520,2024-02,9.2,135.32,0,0
NSW,15520,2024-03,34.02,423.77,0,0
NSW,15520,2024-04,21.59,274.71,0,0
NSW,15520,2024-05,14,137.32,0,0
NSW,15520,2024-06,21.01,264.08,0,0
NSW,15520,2024-07,16.88,169.65,0,0
NSW,15520,2024-08,45.37,487.92,0,0
NSW,15520,2024-09,15.85,173.09,0,0
NSW,15520,2024-10,32,426.79,0,0
NSW,15520,2024-11,23.3,223.28,0,0
NSW,15520,2024-12,31.09,385.78,0,0
NSW,15520,2025-01,13.93,134.93,0,0
NSW,15520,2025-02,19.35,205.16,0,0
NSW,15520,2025-03,29.16,391.63,0,0
NSW,15520,2025-04,22.28,207.17,0,0
NSW,15520,2025-05,23.12,277.47,0,0
NSW,15520,2025-06,11.26,100.58,0,0
NSW,15520,2025-07,22.05,255.52,20.74,341.83
NSW,15520,2025-08,26.04,255.59,19.26,353.95
NSW,15520,2025-09,16.31,125.25,15.97,383.28
NSW,15520,2025-10,22.29,217.67,16.82,382.24
NSW,15520,2025-11,22.74,358.07,24.79,720.68
NSW,15520,2025-12,26.44,368.06,27.56,727.36
NSW,15520,2026-01,13.65,160.01,12.54,265.17
NSW,15520,2026-02,15.51,177.43,16.04,470.02
NSW,15520,2026-03,39.42,346.54,46.31,1381.61
NSW,15520,2026-04,37.32,497.64,51.13,1670.28
NSW,15520,2026-05,33.05,214.35,16.07,322.36
NSW,15520,2026-06,18.22,177.75,16.72,292.86
NSW,15520,2026-07,24.08,211.82,17.72,374.83
NSW,15520,2026-08,10.38,82.2,8.2,125.88
NSW,15560,2023-01,1.06,7.08,0,0
NSW,15560,2023-02,3.17,29.69,0,0
NSW,15560,2023-03,8.35,68.17,0,0
NSW,15560,2023-04,6.27,53.49,0,0
NSW,15560,2023-05,4.23,31.15,0,0
NSW,15560,2023-06,4.24,32.55,0,0
NSW,15560,2023-07,4.37,38.26,0,0
NSW,15560,2023-08,5.29,60.68,0,0
NSW,15560,2023-09,6.41,72.22,0,0
NSW,15560,2023-10,3.36,46.36,0,0
NSW,15560,2023-11,2.34,27.19,0,0
NSW,15560,2023-12,6.56,78.97,0,0
NSW,15560,2024-01,3.18,28.25,0,0
NSW,15560,2024-02,3.21,17.54,0,0
NSW,15560,2024-03,2.18,44.61,0,0
NSW,15560,2024-04,11.3,92.74,0,0
NSW,15560,2024-05,4.19,42,0,0
NSW,15560,2024-06,5.2,85.34,0,0
NSW,15560,2024-07,3.14,37.53,0,0
NSW,15560,2024-08,6.27,50.3,0,0
NSW,15560,2024-09,4.21,34.37,0,0
NSW,15560,2024-10,6.28,65.8,0,0
NSW,15560,2024-11,4.39,40.33,0,0
NSW,15560,2024-12,6.21,280,0,0
NSW,15560,2025-01,0.11,1.17,0,0
NSW,15560,2025-02,3.13,59.89,0,0
NSW,15560,2025-03,2.32,19.13,0,0
NSW,15560,2025-04,4.21,154.18,0,0
NSW,15560,2025-05,16.22,114,0,0
NSW,15560,2025-06,19.23,122.23,0,0
NSW,15560,2025-07,2.15,34.23,7.4,126.95
NSW,15560,2025-08,9.1,91.01,12.24,228.49
NSW,15560,2025-09,5.16,34.82,12.28,203.69
NSW,15560,2025-10,6.23,75.9,6.38,196.91
NSW,15560,2025-11,3.12,26.88,7.35,251.48
NSW,15560,2025-12,2.25,28.47,6.32,197.28
NSW,15560,2026-01,3.03,118.92,5.07,125.19
NSW,15560,2026-02,1.17,6.78,1.19,47.53
NSW,15560,2026-03,4.29,55.43,10.3,389.74
NSW,15560,2026-04,9.37,94.75,15.59,651.82
NSW,15560,2026-05,5.16,119.17,4.18,93.23
NSW,15560,2026-06,5.16,63.91,2.17,79.4
NSW,15560,2026-07,5.13,65.73,5.2,145.01
NSW,15560,2026-08,1.12,18.28,0.12,2.92
NSW,15650,2023-01,14.91,134.41,0,0
NSW,15650,2023-02,15.06,126.72,0,0
NSW,15650,2023-03,22.98,193.33,0,0
NSW,15650,2023-04,10.02,111.96,0,0
NSW,15650,2023-05,32.84,297.92,0,0
NSW,15650,2023-06,24.92,328.55,0,0
NSW,15650,2023-07,29.8,370.46,0,0
NSW,15650,2023-08,31.94,359.39,0,0
NSW,15650,2023-09,38.72,387.99,0,0
NSW,15650,2023-10,24.85,226.68,0,0
NSW,15650,2023-11,31.87,299.53,0,0
NSW,15650,2023-12,19.95,226.28,0,0
NSW,15650,2024-01,21.92,219.74,0,0
NSW,15650,2024-02,20.95,222.73,0,0
NSW,15650,2024-03,20.08,178.55,0,0
NSW,15650,2024-04,31.78,395.63,0,0
NSW,15650,2024-05,17.99,186.77,0,0
NSW,15650,2024-06,20.91,288.23,0,0
NSW,15650,2024-07,23.84,291.61,0,0
NSW,15650,2024-08,22.91,243.3,0,0
NSW,15650,2024-09,11.03,115.58,0,0
NSW,15650,2024-10,17.92,159.29,0,0
NSW,15650,2024-11,7.97,82.16,0,0
NSW,15650,2024-12,11.98,233.23,0,0
NSW,15650,2025-01,8.01,66.44,0,0
NSW,15650,2025-02,23.96,231.67,0,0
NSW,15650,2025-03,12.02,115.61,0,0
NSW,15650,2025-04,11.97,130,0,0
NSW,15650,2025-05,10.96,83.82,0,0
NSW,15650,2025-06,14.95,131.03,0,0
NSW,15650,2025-07,11.93,109.71,26.92,445.01
NSW,15650,2025-08,12.94,164.67,18.88,368.33
NSW,15650,2025-09,19.92,411.51,28.89,688.11
NSW,15650,2025-10,13.09,114.05,19.99,446.42
NSW,15650,2025-11,10.94,78.88,21.85,504.51
NSW,15650,2025-12,16.01,224.19,25.08,925.83
NSW,15650,2026-01,15.97,153.01,20,473.71
NSW,15650,2026-02,8.08,84.43,20.06,555.05
NSW,15650,2026-03,25.87,304.58,36.83,1134.66
NSW,15650,2026-04,29.92,322.15,51.93,1984.52
NSW,15650,2026-05,19.93,232.83,13.04,313.62
NSW,15650,2026-06,16.96,162.68,15,342.44
NSW,15650,2026-07,12.04,142.32,11.08,268.26
NSW,15650,2026-08,5.04,59.26,9.99,226.22
NSW,15700,2023-01,25.54,193.01,0,0
NSW,15700,2023-02,28.29,239.83,0,0
NSW,15700,2023-03,29.9,207.92,0,0
NSW,15700,2023-04,16.91,140.21,0,0
NSW,15700,2023-05,38,298.54,0,0
NSW,15700,2023-06,32.89,278.49,0,0
NSW,15700,2023-07,36,283.74,0,0
NSW,15700,2023-08,50.56,393.96,0,0
NSW,15700,2023-09,22.4,187.75,0,0
NSW,15700,2023-10,37.2,282.83,0,0
NSW,15700,2023-11,43.18,348.27,0,0
NSW,15700,2023-12,31.91,313.47,0,0
NSW,15700,2024-01,25.1,188,0,0
NSW,15700,2024-02,33.27,377.73,0,0
NSW,15700,2024-03,28.46,329.82,0,0
NSW,15700,2024-04,29.1,302.55,0,0
NSW,15700,2024-05,35.27,297.27,0,0
NSW,15700,2024-06,33.16,302.98,0,0
NSW,15700,2024-07,28.27,246.73,0,0
NSW,15700,2024-08,32.46,252.2,0,0
NSW,15700,2024-09,30.66,274.68,0,0
NSW,15700,2024-10,21.1,213.61,0,0
NSW,15700,2024-11,23.47,190.2,0,0
NSW,15700,2024-12,23.09,219.94,0,0
NSW,15700,2025-01,9.11,161.75,0,0
NSW,15700,2025-02,22.09,208.31,0,0
NSW,15700,2025-03,15.55,117.52,0,0
NSW,15700,2025-04,16.73,163.83,0,0
NSW,15700,2025-05,20.91,193.49,0,0
NSW,15700,2025-06,13.36,100.84,0,0
NSW,15700,2025-07,27.54,224.56,32.91,446.07
NSW,15700,2025-08,20.91,208.37,18.91,294.8
NSW,15700,2025-09,27.09,257.94,26.1,491.13
NSW,15700,2025-10,14.92,176.03,34.28,797.95
NSW,15700,2025-11,22.09,247.27,26.46,641.75
NSW,15700,2025-12,34.93,387.25,47.65,1080.77
NSW,15700,2026-01,14.72,142.31,25.27,488.35
NSW,15700,2026-02,24.73,220.27,31.84,804.18
NSW,15700,2026-03,22.47,176.5,40.56,1017.26
NSW,15700,2026-04,41.1,394.59,79.74,2419.01
NSW,15700,2026-05,18.17,168.41,17.55,339.35
NSW,15700,2026-06,28.47,236.35,32.08,606.81
NSW,15700,2026-07,29.28,291.99,30.66,659.1
NSW,15700,2026-08,11.54,101.68,11.18,268.68
NSW,15750,2023-01,0.99,13.07,0,0
NSW,15750,2023-02,12.91,125.63,0,0
NSW,15750,2023-03,18.68,146.43,0,0
NSW,15750,2023-04,9.7,87.02,0,0
NSW,15750,2023-05,13.56,144.85,0,0
NSW,15750,2023-06,21.65,173.86,0,0
NSW,15750,2023-07,17.94,178.97,0,0
NSW,15750,2023-08,9.71,89.94,0,0
NSW,15750,2023-09,8.91,77.48,0,0
NSW,15750,2023-10,19.76,229.29,0,0
NSW,15750,2023-11,24.84,185.77,0,0
NSW,15750,2023-12,21.56,201.88,0,0
NSW,15750,2024-01,4.9,62.49,0,0
NSW,15750,2024-02,15.7,152.25,0,0
NSW,15750,2024-03,7.59,81.32,0,0
NSW,15750,2024-04,21.41,176.06,0,0
NSW,15750,2024-05,18,247.36,0,0
NSW,15750,2024-06,5.94,79.28,0,0
NSW,15750,2024-07,20.71,227.57,0,0
NSW,15750,2024-08,14.83,328.84,0,0
NSW,15750,2024-09,17.55,188.54,0,0
NSW,15750,2024-10,9.83,166.58,0,0
NSW,15750,2024-11,9.7,89.93,0,0
NSW,15750,2024-12,10.82,177.49,0,0
NSW,15750,2025-01,7.94,80.32,0,0
NSW,15750,2025-02,7.89,82.56,0,0
NSW,15750,2025-03,12.56,214.16,0,0
NSW,15750,2025-04,7.73,71.51,0,0
NSW,15750,2025-05,14.67,148.87,0,0
NSW,15750,2025-06,8.83,57.05,0,0
NSW,15750,2025-07,17.66,161.54,23.58,388.05
NSW,15750,2025-08,9.85,110.44,7.87,164.66
NSW,15750,2025-09,9.72,88.2,13.74,247.23
NSW,15750,2025-10,8.97,107.16,13,398.34
NSW,15750,2025-11,5.82,55.41,12.77,306.14
NSW,15750,2025-12,6.24,69.57,9.35,275.36
NSW,15750,2026-01,4.9,41.41,14.61,505.01
NSW,15750,2026-02,8.56,77.63,9.47,313.12
NSW,15750,2026-03,12.77,137.71,10.69,328.8
NSW,15750,2026-04,9.91,127.65,23.67,973.44
NSW,15750,2026-05,3.97,46.49,1.98,39.29
NSW,15750,2026-06,9.91,106.23,8.86,212.98
NSW,15750,2026-07,11.01,114.82,16.64,441.18
NSW,15750,2026-08,3.96,37.6,2.98,99.84
NSW,15800,2023-01,2.04,13.75,0,0
NSW,15800,2023-02,4.96,43.36,0,0
NSW,15800,2023-03,9.02,84.81,0,0
NSW,15800,2023-04,12.02,84.99,0,0
NSW,15800,2023-05,10.03,93.41,0,0
NSW,15800,2023-06,7.06,104.4,0,0
NSW,15800,2023-07,5.57,69.04,0,0
NSW,15800,2023-08,12.45,130.24,0,0
NSW,15800,2023-09,19.69,187.3,0,0
NSW,15800,2023-10,9.31,107.37,0,0
NSW,15800,2023-11,18.5,116.24,0,0
NSW,15800,2023-12,8.91,241.4,0,0
NSW,15800,2024-01,3.75,26.73,0,0
NSW,15800,2024-02,5.59,33.55,0,0
NSW,15800,2024-03,10.05,88.19,0,0
NSW,15800,2024-04,6.26,43.93,0,0
NSW,15800,2024-05,10.13,92.97,0,0
NSW,15800,2024-06,6.9,53.68,0,0
NSW,15800,2024-07,7.18,107.75,0,0
NSW,15800,2024-08,8.47,134.06,0,0
NSW,15800,2024-09,6.78,67.53,0,0
NSW,15800,2024-10,11.83,89.38,0,0
NSW,15800,2024-11,8.62,88.95,0,0
NSW,15800,2024-12,6.56,78.73,0,0
NSW,15800,2025-01,3.61,37.33,0,0
NSW,15800,2025-02,3.76,24.92,0,0
NSW,15800,2025-03,8.43,63.23,0,0
NSW,15800,2025-04,8.4,72.2,0,0
NSW,15800,2025-05,12,106.27,0,0
NSW,15800,2025-06,3.7,35.04,0,0
NSW,15800,2025-07,2.96,26.07,4.03,52.79
NSW,15800,2025-08,12.29,89.32,8.34,96.83
NSW,15800,2025-09,5.39,63.8,6.53,199.89
NSW,15800,2025-10,6.53,94.07,9.49,191.21
NSW,15800,2025-11,3.33,50.88,6.18,166.31
NSW,15800,2025-12,9.3,129.79,20.98,582.45
NSW,15800,2026-01,5.03,57.01,5.01,125.79
NSW,15800,2026-02,3.09,39.6,12.08,308.76
NSW,15800,2026-03,4.9,45.83,18.92,691.05
NSW,15800,2026-04,8.2,107.5,20.21,732.84
NSW,15800,2026-05,2.35,23.58,2.79,55.4
NSW,15800,2026-06,4.83,50.32,8.53,206.6
NSW,15800,2026-07,2.27,25.5,3.1,60.86
NSW,15800,2026-08,2.33,23.83,4.43,137.93
NSW,15850,2023-01,6.94,47.21,0,0
NSW,15850,2023-02,10.7,89.7,0,0
NSW,15850,2023-03,1.94,14.89,0,0
NSW,15850,2023-04,5.54,70.61,0,0
NSW,15850,2023-05,10.26,49.13,0,0
NSW,15850,2023-06,5.83,41.39,0,0
NSW,15850,2023-07,8.05,110.17,0,0
NSW,15850,2023-08,8.82,60.03,0,0
NSW,15850,2023-09,7.32,87.5,0,0
NSW,15850,2023-10,7,94.81,0,0
NSW,15850,2023-11,12.05,121.24,0,0
NSW,15850,2023-12,11.83,149.54,0,0
NSW,15850,2024-01,7.22,166.05,0,0
NSW,15850,2024-02,4.89,62.18,0,0
NSW,15850,2024-03,3.81,32.51,0,0
NSW,15850,2024-04,13.79,112.6,0,0
NSW,15850,2024-05,6.81,73.6,0,0
NSW,15850,2024-06,5.1,62.19,0,0
NSW,15850,2024-07,11.59,75.15,0,0
NSW,15850,2024-08,7.27,74.66,0,0
NSW,15850,2024-09,7.11,70.52,0,0
NSW,15850,2024-10,2.16,43.78,0,0
NSW,15850,2024-11,2,21.12,0,0
NSW,15850,2024-12,7.38,72.47,0,0
NSW,15850,2025-01,4.32,43.29,0,0
NSW,15850,2025-02,9.89,105.87,0,0
NSW,15850,2025-03,6.1,78.9,0,0
NSW,15850,2025-04,9.22,87.62,0,0
NSW,15850,2025-05,8.05,58.5,0,0
NSW,15850,2025-06,3.89,34.73,0,0
NSW,15850,2025-07,6.43,111.34,7.59,212.33
NSW,15850,2025-08,4.65,50.16,6.16,134.84
NSW,15850,2025-09,3.43,52.82,5.32,151.46
NSW,15850,2025-10,0.22,2.86,3.97,56.59
NSW,15850,2025-11,5.65,124.94,7.97,258.9
NSW,15850,2025-12,3.38,51.59,7.4,206.26
NSW,15850,2026-01,1.43,12.13,2.43,69.57
NSW,15850,2026-02,9.54,85.99,8.7,282.42
NSW,15850,2026-03,8.99,90.55,14.31,504.33
NSW,15850,2026-04,16.04,364.16,21.14,991.43
NSW,15850,2026-05,5.38,44.97,3.16,88.96
NSW,15850,2026-06,5,46.34,5.89,143.77
NSW,15850,2026-07,10.43,97.08,12.8,408.18
NSW,15850,2026-08,0.94,15.46,1.89,51.52
NSW,15900,2023-01,126.96,1076.67,0,0
NSW,15900,2023-02,187.34,1495.48,0,0
NSW,15900,2023-03,176.45,1665.35,0,0
NSW,15900,2023-04,159.13,1441.42,0,0
NSW,15900,2023-05,185.53,1846.75,0,0
NSW,15900,2023-06,174.42,1532.72,0,0
NSW,15900,2023-07,158.83,1449.26,0,0
NSW,15900,2023-08,227.24,1975.97,0,0
NSW,15900,2023-09,199.65,1668.13,0,0
NSW,15900,2023-10,185.38,1643.86,0,0
NSW,15900,2023-11,225.81,2111.31,0,0
NSW,15900,2023-12,202.28,1935.75,0,0
NSW,15900,2024-01,164.44,1392.45,0,0
NSW,15900,2024-02,174,1720.58,0,0
NSW,15900,2024-03,185.85,1907.3,0,0
NSW,15900,2024-04,166.65,1485.62,0,0
NSW,15900,2024-05,193.61,1838.74,0,0
NSW,15900,2024-06,145.53,1391.28,0,0
NSW,15900,2024-07,154.26,1439.51,0,0
NSW,15900,2024-08,170.86,1535.83,0,0
NSW,15900,2024-09,139.31,1199.96,0,0
NSW,15900,2024-10,186.77,2102.52,0,0
NSW,15900,2024-11,172.57,1568.21,0,0
NSW,15900,2024-12,191.94,1912.67,0,0
NSW,15900,2025-01,107.04,889.23,0,0
NSW,15900,2025-02,151.56,1466.33,0,0
NSW,15900,2025-03,134.75,1320.96,0,0
NSW,15900,2025-04,118.12,969.56,0,0
NSW,15900,2025-05,99.7,967.53,0,0
NSW,15900,2025-06,99.34,855.87,0,0
NSW,15900,2025-07,106.65,943.28,224.97,3307.5
NSW,15900,2025-08,98.16,838.91,143.32,2460.71
NSW,15900,2025-09,155.32,1450.78,223.08,4500.2
NSW,15900,2025-10,152.79,1582.1,221.48,4906.31
NSW,15900,2025-11,166.47,1643.73,254.42,6070.97
NSW,15900,2025-12,170.81,1742.51,282.1,7474.23
NSW,15900,2026-01,130.15,1192.31,216.4,5804.64
NSW,15900,2026-02,169.77,1724.87,304.09,8573.81
NSW,15900,2026-03,222.75,2190.61,378.57,11000.52
NSW,15900,2026-04,269.46,2749.65,515.42,16675.25
NSW,15900,2026-05,141.77,1221.31,178.06,3784.37
NSW,15900,2026-06,213.44,2049.59,215.43,5044.95
NSW,15900,2026-07,169.5,1555.97,199.56,4671.32
NSW,15900,2026-08,128.26,1115.32,135.07,3117.02
NSW,15950,2023-01,4.11,120.66,0,0
NSW,15950,2023-02,14.37,145.6,0,0
NSW,15950,2023-03,14.16,111.88,0,0
NSW,15950,2023-04,14.21,127.99,0,0
NSW,15950,2023-05,25.32,214.02,0,0
NSW,15950,2023-06,16.69,207.21,0,0
NSW,15950,2023-07,19.79,259.33,0,0
NSW,15950,2023-08,11.21,98.15,0,0
NSW,15950,2023-09,19.85,270.4,0,0
NSW,15950,2023-10,27.43,241.86,0,0
NSW,15950,2023-11,20.85,196.19,0,0
NSW,15950,2023-12,30.32,237.9,0,0
NSW,15950,2024-01,18.9,167.99,0,0
NSW,15950,2024-02,28.85,201.14,0,0
NSW,15950,2024-03,21.9,209.09,0,0
NSW,15950,2024-04,12.74,135.74,0,0
NSW,15950,2024-05,17.16,140.56,0,0
NSW,15950,2024-06,13.74,111.01,0,0
NSW,15950,2024-07,18.32,262.29,0,0
NSW,15950,2024-08,20.85,256.08,0,0
NSW,15950,2024-09,16.74,155.22,0,0
NSW,15950,2024-10,12.63,117.64,0,0
NSW,15950,2024-11,22.9,209.36,0,0
NSW,15950,2024-12,20.74,226.36,0,0
NSW,15950,2025-01,13.16,152.05,0,0
NSW,15950,2025-02,19.16,278.61,0,0
NSW,15950,2025-03,12.58,105.31,0,0
NSW,15950,2025-04,17.21,162.53,0,0
NSW,15950,2025-05,14.63,141.06,0,0
NSW,15950,2025-06,7.63,77.76,0,0
NSW,15950,2025-07,7.69,67.78,26.48,503.16
NSW,15950,2025-08,9.16,173.7,28.85,538.98
NSW,15950,2025-09,21.59,268.34,23.64,542.24
NSW,15950,2025-10,17.69,190.53,26.95,599.64
NSW,15950,2025-11,20.16,288.29,31.48,808.63
NSW,15950,2025-12,19.37,223.96,28.48,756.62
NSW,15950,2026-01,8.16,110.13,15.85,490.67
NSW,15950,2026-02,18.85,207.76,33.38,1059.05
NSW,15950,2026-03,23.32,249.08,40.17,1181.89
NSW,15950,2026-04,51.96,521.02,80.8,3046.82
NSW,15950,2026-05,13.63,96.98,20.74,398.71
NSW,15950,2026-06,24.85,218.38,22.85,491.84
NSW,15950,2026-07,19.85,227.29,22.85,564.47
NSW,15950,2026-08,11.74,129.04,13.32,338.76
NSW,15990,2023-01,189,1774.53,0,0
NSW,15990,2023-02,258,2485.58,0,0
NSW,15990,2023-03,217,2076.24,0,0
NSW,15990,2023-04,174,1655.46,0,0
NSW,15990,2023-05,220,2457.54,0,0
NSW,15990,2023-06,208,2288.71,0,0
NSW,15990,2023-07,236,2582.43,0,0
NSW,15990,2023-08,260,2703.38,0,0
NSW,15990,2023-09,235,2247.9,0,0
NSW,15990,2023-10,249,2503.66,0,0
NSW,15990,2023-11,271,2821.28,0,0
NSW,15990,2023-12,306,4115.14,0,0
NSW,15990,2024-01,196,1944.26,0,0
NSW,15990,2024-02,235,2360.49,0,0
NSW,15990,2024-03,244,2486.7,0,0
NSW,15990,2024-04,210,2400.21,0,0
NSW,15990,2024-05,246,2587.54,0,0
NSW,15990,2024-06,177,1888.69,0,0
NSW,15990,2024-07,153,1692.6,0,0
NSW,15990,2024-08,194,2188.47,0,0
NSW,15990,2024-09,164,1813.38,0,0
NSW,15990,2024-10,194,2143.96,0,0
NSW,15990,2024-11,239,2788.2,0,0
NSW,15990,2024-12,211,3443.7,0,0
NSW,15990,2025-01,128,1248.9,0,0
NSW,15990,2025-02,142,1397.2,0,0
NSW,15990,2025-03,171,2108.83,0,0
NSW,15990,2025-04,120,1236.56,0,0
NSW,15990,2025-05,109,1175.76,0,0
NSW,15990,2025-06,101,1148.52,0,0
NSW,15990,2025-07,142,1450.7,379,6687.26
NSW,15990,2025-08,134,1559.65,259,5148.83
NSW,15990,2025-09,193,1929.5,368,8772.71
NSW,15990,2025-10,191,2189.36,385,10012.89
NSW,15990,2025-11,174,1905.66,373,10124.75
NSW,15990,2025-12,200,2736.04,383,12159.17
NSW,15990,2026-01,161,1733.96,326,10216.52
NSW,15990,2026-02,206,2402.37,437,13716.26
NSW,15990,2026-03,288,3298.19,574,19953.84
NSW,15990,2026-04,403,4724.5,850,31361.86
NSW,15990,2026-05,188,1889.85,258,5893.81
NSW,15990,2026-06,214,2408.86,263,6579.21
NSW,15990,2026-07,216,2365.96,319,8097.16
NSW,15990,2026-08,118,1170.6,147,3828.41
NSW,16100,2023-01,5.12,31.08,0,0
NSW,16100,2023-02,10.12,64.2,0,0
NSW,16100,2023-03,7.16,65.74,0,0
NSW,16100,2023-04,14.6,73.65,0,0
NSW,16100,2023-05,13.58,90.86,0,0
NSW,16100,2023-06,4.94,38.59,0,0
NSW,16100,2023-07,7.46,86.19,0,0
NSW,16100,2023-08,6.36,51.29,0,0
NSW,16100,2023-09,9.2,66.91,0,0
NSW,16100,2023-10,7.83,60.6,0,0
NSW,16100,2023-11,8.82,87.55,0,0
NSW,16100,2023-12,5.48,51.72,0,0
NSW,16100,2024-01,3.98,41.31,0,0
NSW,16100,2024-02,6.59,66.42,0,0
NSW,16100,2024-03,4.27,45.18,0,0
NSW,16100,2024-04,8.45,102.2,0,0
NSW,16100,2024-05,10.01,106.28,0,0
NSW,16100,2024-06,8.27,156.21,0,0
NSW,16100,2024-07,7.79,101.23,0,0
NSW,16100,2024-08,4.19,36.61,0,0
NSW,16100,2024-09,10.58,115.68,0,0
NSW,16100,2024-10,7.96,83.62,0,0
NSW,16100,2024-11,9.07,99.01,0,0
NSW,16100,2024-12,8.88,79.6,0,0
NSW,16100,2025-01,2.44,25.16,0,0
NSW,16100,2025-02,5.06,45.73,0,0
NSW,16100,2025-03,4.87,48.65,0,0
NSW,16100,2025-04,6.23,48.11,0,0
NSW,16100,2025-05,5.8,47.02,0,0
NSW,16100,2025-06,7.68,56.44,0,0
NSW,16100,2025-07,3.85,37.76,4.87,82.18
NSW,16100,2025-08,6.14,89.53,7.53,206.69
NSW,16100,2025-09,7.83,68.7,8.09,192.85
NSW,16100,2025-10,5.9,61.47,4.92,109.23
NSW,16100,2025-11,3.46,44.85,12.45,268.91
NSW,16100,2025-12,5.77,107.22,6.76,205.66
NSW,16100,2026-01,2.71,24.6,4.44,132.34
NSW,16100,2026-02,3.28,27.48,12.27,279.04
NSW,16100,2026-03,7.38,86.44,12.89,276.78
NSW,16100,2026-04,11.4,117.84,18.02,613.94
NSW,16100,2026-05,3.86,37.86,6.14,139.5
NSW,16100,2026-06,12.28,114.62,14.48,368.11
NSW,16100,2026-07,5.14,47.88,9.43,287.77
NSW,16100,2026-08,6.8,55.69,4.99,147.9
NSW,16150,2023-01,51.95,408.63,0,0
NSW,16150,2023-02,41.19,345.97,0,0
NSW,16150,2023-03,72.26,679.66,0,0
NSW,16150,2023-04,70.16,638.24,0,0
NSW,16150,2023-05,45.69,496.64,0,0
NSW,16150,2023-06,51.26,499.17,0,0
NSW,16150,2023-07,54.74,616.26,0,0
NSW,16150,2023-08,61.28,676.66,0,0
NSW,16150,2023-09,52.86,473.06,0,0
NSW,16150,2023-10,62.3,717.82,0,0
NSW,16150,2023-11,50.19,601.18,0,0
NSW,16150,2023-12,49.27,474.35,0,0
NSW,16150,2024-01,33.85,311.26,0,0
NSW,16150,2024-02,52.92,479.59,0,0
NSW,16150,2024-03,72.26,737.18,0,0
NSW,16150,2024-04,62.24,605.66,0,0
NSW,16150,2024-05,53.03,558.36,0,0
NSW,16150,2024-06,53.88,565.22,0,0
NSW,16150,2024-07,51.1,455.65,0,0
NSW,16150,2024-08,52.01,615.2,0,0
NSW,16150,2024-09,60.2,635.38,0,0
NSW,16150,2024-10,53.77,579.13,0,0
NSW,16150,2024-11,49.22,492.33,0,0
NSW,16150,2024-12,41.88,580.14,0,0
NSW,16150,2025-01,37.44,353.13,0,0
NSW,16150,2025-02,47.45,505.4,0,0
NSW,16150,2025-03,51.43,534.78,0,0
NSW,16150,2025-04,39.2,486.82,0,0
NSW,16150,2025-05,43.18,523.08,0,0
NSW,16150,2025-06,45.52,427.83,0,0
NSW,16150,2025-07,40.11,447.47,56.56,1064.43
NSW,16150,2025-08,37.33,419.29,74.82,1372.3
NSW,16150,2025-09,47.56,736.13,59.4,1139.99
NSW,16150,2025-10,44.94,439.02,79.65,1731.69
NSW,16150,2025-11,64.75,748.19,87.62,2338.71
NSW,16150,2025-12,54.1,738.58,105.26,3069.14
NSW,16150,2026-01,32.83,383.23,63.95,1575.7
NSW,16150,2026-02,54.85,686.04,95.19,2851.89
NSW,16150,2026-03,56.61,559.66,102.41,2704.08
NSW,16150,2026-04,75.1,1047.1,158.06,5592.93
NSW,16150,2026-05,46.54,493.06,49.5,922.27
NSW,16150,2026-06,43.98,464.25,55.02,1514.5
NSW,16150,2026-07,52.12,536.42,66.74,1732.66
NSW,16150,2026-08,44.78,434.83,37.44,905.74
NSW,16200,2023-01,12.25,132.14,0,0
NSW,16200,2023-02,13.76,114.52,0,0
NSW,16200,2023-03,20.16,172.93,0,0
NSW,16200,2023-04,12.83,120.13,0,0
NSW,16200,2023-05,19.68,201.06,0,0
NSW,16200,2023-06,10.45,90.3,0,0
NSW,16200,2023-07,12.25,104.82,0,0
NSW,16200,2023-08,19.36,187.61,0,0
NSW,16200,2023-09,13.18,126.79,0,0
NSW,16200,2023-10,17.34,182.48,0,0
NSW,16200,2023-11,16.32,187.19,0,0
NSW,16200,2023-12,7.86,59.03,0,0
NSW,16200,2024-01,6.5,57.28,0,0
NSW,16200,2024-02,9.65,105.15,0,0
NSW,16200,2024-03,15.4,180.25,0,0
NSW,16200,2024-04,21.61,162.31,0,0
NSW,16200,2024-05,20.28,205.97,0,0
NSW,16200,2024-06,28.26,251.09,0,0
NSW,16200,2024-07,15.12,210.7,0,0
NSW,16200,2024-08,17.28,196.57,0,0
NSW,16200,2024-09,15.51,140.98,0,0
NSW,16200,2024-10,15.22,138.34,0,0
NSW,16200,2024-11,16.22,160.11,0,0
NSW,16200,2024-12,16.79,135.22,0,0
NSW,16200,2025-01,4.51,40.86,0,0
NSW,16200,2025-02,12.77,128.52,0,0
NSW,16200,2025-03,14.8,144.47,0,0
NSW,16200,2025-04,10.43,99.12,0,0
NSW,16200,2025-05,17.1,178.97,0,0
NSW,16200,2025-06,7.68,91.13,0,0
NSW,16200,2025-07,19.25,166.85,20.53,383.94
NSW,16200,2025-08,10.21,95.86,15.52,275.91
NSW,16200,2025-09,8.27,78.98,18.27,351.16
NSW,16200,2025-10,17,320.94,27.28,761.98
NSW,16200,2025-11,9.05,103.38,26.78,639.36
NSW,16200,2025-12,16.12,82.09,21.02,564.41
NSW,16200,2026-01,6.31,77.57,12.2,455.53
NSW,16200,2026-02,9.23,96.13,22.78,664.38
NSW,16200,2026-03,12.39,165.24,22.63,832.95
NSW,16200,2026-04,19.75,251.39,35.92,1355.14
NSW,16200,2026-05,11.39,95.26,8.28,224.2
NSW,16200,2026-06,22.74,216.33,30.78,600.58
NSW,16200,2026-07,21.13,172.4,22.7,487.53
NSW,16200,2026-08,5.89,52.36,4.73,118.92
NSW,16260,2023-01,102.74,906.82,0,0
NSW,16260,2023-02,139.96,1243.92,0,0
NSW,16260,2023-03,154.63,1555.81,0,0
NSW,16260,2023-04,112.34,1248.64,0,0
NSW,16260,2023-05,163.66,1884.24,0,0
NSW,16260,2023-06,160.06,1541.85,0,0
NSW,16260,2023-07,172.19,1760.92,0,0
NSW,16260,2023-08,207.96,2133.8,0,0
NSW,16260,2023-09,195.22,2301.75,0,0
NSW,16260,2023-10,197.87,2037.15,0,0
NSW,16260,2023-11,206.36,2279.8,0,0
NSW,16260,2023-12,261.63,3595.44,0,0
NSW,16260,2024-01,139.52,1450.05,0,0
NSW,16260,2024-02,171.76,1832.15,0,0
NSW,16260,2024-03,163.54,1787.69,0,0
NSW,16260,2024-04,142.34,1514.32,0,0
NSW,16260,2024-05,144.45,1770.25,0,0
NSW,16260,2024-06,132.22,1440.63,0,0
NSW,16260,2024-07,141.29,1599.62,0,0
NSW,16260,2024-08,118.41,1504.6,0,0
NSW,16260,2024-09,145.65,1865.29,0,0
NSW,16260,2024-10,143.83,1686.35,0,0
NSW,16260,2024-11,151.12,1628.88,0,0
NSW,16260,2024-12,209.15,2702.4,0,0
NSW,16260,2025-01,84.69,954.68,0,0
NSW,16260,2025-02,113.97,1189.46,0,0
NSW,16260,2025-03,109.82,1300.06,0,0
NSW,16260,2025-04,87.81,1135.97,0,0
NSW,16260,2025-05,109.25,1210.7,0,0
NSW,16260,2025-06,73.95,816.87,0,0
NSW,16260,2025-07,103.94,1270.48,213.11,3979.96
NSW,16260,2025-08,104.77,1168.5,219.05,4936.16
NSW,16260,2025-09,158.14,1920.41,266.76,7067.96
NSW,16260,2025-10,139.46,1604.41,315.86,10113.24
NSW,16260,2025-11,182.12,2050.4,394.03,13120.32
NSW,16260,2025-12,226.32,3024.98,538.91,20651.52
NSW,16260,2026-01,124.55,1384.88,291.52,11282.96
NSW,16260,2026-02,173.46,2008.95,406.6,16177.12
NSW,16260,2026-03,261.25,2991.31,609.09,24542.24
NSW,16260,2026-04,374.87,4617.81,975.01,41457.65
NSW,16260,2026-05,127.07,1436,136.85,3588.25
NSW,16260,2026-06,159.85,1873.1,201.75,5802.8
NSW,16260,2026-07,142.31,1508.48,175.1,4921.6
NSW,16260,2026-08,68.47,715.49,105.36,3148.48
NSW,16350,2023-01,162.58,1583.48,0,0
NSW,16350,2023-02,225.24,2118.28,0,0
NSW,16350,2023-03,286.79,2648.71,0,0
NSW,16350,2023-04,216.89,2381.01,0,0
NSW,16350,2023-05,245.31,2707.39,0,0
NSW,16350,2023-06,235.76,2931.49,0,0
NSW,16350,2023-07,326.12,3229.16,0,0
NSW,16350,2023-08,335.04,3246.53,0,0
NSW,16350,2023-09,321.04,3531.08,0,0
NSW,16350,2023-10,261.27,2826.4,0,0
NSW,16350,2023-11,273.43,2928.82,0,0
NSW,16350,2023-12,305.86,3947.13,0,0
NSW,16350,2024-01,196.51,1898.55,0,0
NSW,16350,2024-02,316.35,3219.2,0,0
NSW,16350,2024-03,305.83,3336.51,0,0
NSW,16350,2024-04,235.18,2608.53,0,0
NSW,16350,2024-05,201.88,2231.54,0,0
NSW,16350,2024-06,186.29,2438.78,0,0
NSW,16350,2024-07,230.79,2694.44,0,0
NSW,16350,2024-08,212.17,2626.09,0,0
NSW,16350,2024-09,220.61,2498.93,0,0
NSW,16350,2024-10,183.46,2356.28,0,0
NSW,16350,2024-11,220.4,2393.19,0,0
NSW,16350,2024-12,237.49,3334.05,0,0
NSW,16350,2025-01,129.32,1385.86,0,0
NSW,16350,2025-02,196.23,2283.85,0,0
NSW,16350,2025-03,226.66,3105,0,0
NSW,16350,2025-04,154.24,1750.32,0,0
NSW,16350,2025-05,120.04,1462.02,0,0
NSW,16350,2025-06,115.38,1242.17,0,0
NSW,16350,2025-07,187.56,2197.31,324.29,6335.61
NSW,16350,2025-08,152.99,1691.26,256.28,5701.17
NSW,16350,2025-09,142.48,1550.58,280.22,7356.58
NSW,16350,2025-10,183.05,2120.71,344.83,9739
NSW,16350,2025-11,187.44,2100.54,365.41,11486.75
NSW,16350,2025-12,211.61,3085.92,471.59,16402.84
NSW,16350,2026-01,151.42,1691.65,322.59,11009.17
NSW,16350,2026-02,227.92,2609.43,459.28,16778.15
NSW,16350,2026-03,247.48,2868.21,615.1,23918.45
NSW,16350,2026-04,244.28,3083.7,887.61,36720.92
NSW,16350,2026-05,189.08,2008.1,230.8,5195.18
NSW,16350,2026-06,232.71,2367.57,274.28,7107.56
NSW,16350,2026-07,195.73,2025.41,273.79,7772.27
NSW,16350,2026-08,105.07,1119.17,154.86,4372.08
NSW,16380,2023-01,96.86,760.12,0,0
NSW,16380,2023-02,130.13,1017.82,0,0
NSW,16380,2023-03,130.38,1193.18,0,0
NSW,16380,2023-04,111.81,866.36,0,0
NSW,16380,2023-05,168.8,1311.12,0,0
NSW,16380,2023-06,151.82,1102.92,0,0
NSW,16380,2023-07,143.52,1176.51,0,0
NSW,16380,2023-08,149.4,1347.32,0,0
NSW,16380,2023-09,168.89,1415.72,0,0
NSW,16380,2023-10,132.72,1190.61,0,0
NSW,16380,2023-11,172.05,1603.34,0,0
NSW,16380,2023-12,146.01,1230.85,0,0
NSW,16380,2024-01,68.71,648.11,0,0
NSW,16380,2024-02,152.61,1250.86,0,0
NSW,16380,2024-03,157.67,1310.72,0,0
NSW,16380,2024-04,161.92,1417.54,0,0
NSW,16380,2024-05,173.02,1490.26,0,0
NSW,16380,2024-06,138.64,1100.21,0,0
NSW,16380,2024-07,137.02,1196.65,0,0
NSW,16380,2024-08,133.2,1232.26,0,0
NSW,16380,2024-09,130.34,1205.28,0,0
NSW,16380,2024-10,155.27,1206.59,0,0
NSW,16380,2024-11,137,1143.54,0,0
NSW,16380,2024-12,117.9,1278.05,0,0
NSW,16380,2025-01,73.5,664.12,0,0
NSW,16380,2025-02,107.65,911.83,0,0
NSW,16380,2025-03,104.03,896.5,0,0
NSW,16380,2025-04,95.02,873.61,0,0
NSW,16380,2025-05,82.88,651.63,0,0
NSW,16380,2025-06,78.97,725.28,0,0
NSW,16380,2025-07,104.63,1044.96,117.86,1884.26
NSW,16380,2025-08,82.75,699.8,97.8,1686.14
NSW,16380,2025-09,114.2,1114.78,141.62,2613.74
NSW,16380,2025-10,114.54,1207.1,133.31,2920
NSW,16380,2025-11,139.1,1265.16,133.16,3145.48
NSW,16380,2025-12,150.77,1422.58,190.14,4550.68
NSW,16380,2026-01,64.87,608.16,105.5,2834.92
NSW,16380,2026-02,124.05,1224.17,142.69,3766.04
NSW,16380,2026-03,146.87,1317.77,189.01,5335.3
NSW,16380,2026-04,147.56,1564.98,222.53,6575.04
NSW,16380,2026-05,87.17,839.11,85.35,1841.56
NSW,16380,2026-06,115.88,1215.84,119.79,2884.11
NSW,16380,2026-07,122.5,1165.46,125.9,2911.19
NSW,16380,2026-08,92.59,754.12,73.69,1493.28
NSW,16400,2023-01,90.03,721.04,0,0
NSW,16400,2023-02,128.94,1251.9,0,0
NSW,16400,2023-03,131.21,1048.9,0,0
NSW,16400,2023-04,104.79,885.47,0,0
NSW,16400,2023-05,159.18,1175.56,0,0
NSW,16400,2023-06,172.41,1507.32,0,0
NSW,16400,2023-07,135.32,1140.96,0,0
NSW,16400,2023-08,144.62,1309.38,0,0
NSW,16400,2023-09,129.19,1129.96,0,0
NSW,16400,2023-10,115.07,1064.08,0,0
NSW,16400,2023-11,193.56,1646.65,0,0
NSW,16400,2023-12,145.2,1290.54,0,0
NSW,16400,2024-01,96.21,893.65,0,0
NSW,16400,2024-02,156.92,1568.01,0,0
NSW,16400,2024-03,135.01,1046.93,0,0
NSW,16400,2024-04,127.65,1255.55,0,0
NSW,16400,2024-05,115.38,1154.03,0,0
NSW,16400,2024-06,111.27,987.82,0,0
NSW,16400,2024-07,123.08,1091.53,0,0
NSW,16400,2024-08,94.45,791.29,0,0
NSW,16400,2024-09,80.33,776.94,0,0
NSW,16400,2024-10,90.29,844.8,0,0
NSW,16400,2024-11,107.08,1008.33,0,0
NSW,16400,2024-12,100.44,1234.32,0,0
NSW,16400,2025-01,63.45,512.94,0,0
NSW,16400,2025-02,76.57,694.03,0,0
NSW,16400,2025-03,94.92,803.06,0,0
NSW,16400,2025-04,70.73,685.88,0,0
NSW,16400,2025-05,72.49,664.99,0,0
NSW,16400,2025-06,62.34,515.05,0,0
NSW,16400,2025-07,68.63,657.03,134.86,1995.97
NSW,16400,2025-08,68.35,610.47,99.11,1669.55
NSW,16400,2025-09,81.64,719.62,139.1,2721.72
NSW,16400,2025-10,92.04,780.89,150.97,3211.82
NSW,16400,2025-11,108.26,1142.29,165.67,3858.26
NSW,16400,2025-12,102.91,1020.72,166.66,4192.08
NSW,16400,2026-01,65.65,605.66,131.07,3135.42
NSW,16400,2026-02,111.44,932.52,178.53,4712.31
NSW,16400,2026-03,120.72,1157.32,208.63,6155.58
NSW,16400,2026-04,155.17,1448.37,252.45,8577.25
NSW,16400,2026-05,104.04,704.61,111.45,2654.04
NSW,16400,2026-06,145.73,1237.69,139.05,3529.96
NSW,16400,2026-07,123.07,1009.78,104.35,2344.77
NSW,16400,2026-08,79.19,711.29,62.64,1425.93
NSW,16490,2023-01,58.38,485.54,0,0
NSW,16490,2023-02,86.91,902.65,0,0
NSW,16490,2023-03,111.95,1191.22,0,0
NSW,16490,2023-04,86.11,751.53,0,0
NSW,16490,2023-05,114.93,1055.27,0,0
NSW,16490,2023-06,149.59,1338.64,0,0
NSW,16490,2023-07,104.99,1198.13,0,0
NSW,16490,2023-08,89.14,937.93,0,0
NSW,16490,2023-09,105.38,1142.27,0,0
NSW,16490,2023-10,97.01,907.06,0,0
NSW,16490,2023-11,130.71,1401.58,0,0
NSW,16490,2023-12,109.3,1155.85,0,0
NSW,16490,2024-01,69.98,648.59,0,0
NSW,16490,2024-02,90.49,1012.37,0,0
NSW,16490,2024-03,72.28,783.3,0,0
NSW,16490,2024-04,81.7,880.88,0,0
NSW,16490,2024-05,94.33,1040.88,0,0
NSW,16490,2024-06,119.27,1168.96,0,0
NSW,16490,2024-07,85.82,909.2,0,0
NSW,16490,2024-08,88.54,1097.49,0,0
NSW,16490,2024-09,70.61,861.97,0,0
NSW,16490,2024-10,74.29,919.36,0,0
NSW,16490,2024-11,109.92,1131.92,0,0
NSW,16490,2024-12,111.3,1332.45,0,0
NSW,16490,2025-01,55.4,651.09,0,0
NSW,16490,2025-02,92.88,1052.12,0,0
NSW,16490,2025-03,116.75,1175.24,0,0
NSW,16490,2025-04,104.75,1059.03,0,0
NSW,16490,2025-05,123.99,1063.7,0,0
NSW,16490,2025-06,40.96,477.65,0,0
NSW,16490,2025-07,98.43,1060.56,129.32,2617.19
NSW,16490,2025-08,89.25,934.68,111.77,2469.98
NSW,16490,2025-09,87.37,1310.06,110.86,2838.58
NSW,16490,2025-10,101.87,1130.42,167.1,4192.2
NSW,16490,2025-11,92.25,1066.2,131.88,3719.5
NSW,16490,2025-12,140.37,1971.2,201.96,6629.33
NSW,16490,2026-01,58.51,712.12,111.06,3600.37
NSW,16490,2026-02,102.61,1242.16,179.7,5769.43
NSW,16490,2026-03,124.66,1512.91,212.65,6655.25
NSW,16490,2026-04,207.06,2929.49,355.5,12554.79
NSW,16490,2026-05,96.51,895.27,101.26,2220.01
NSW,16490,2026-06,95.67,1119.03,125.64,3206.78
NSW,16490,2026-07,105.36,1258.06,129.8,3510.06
NSW,16490,2026-08,61.78,745.98,67.75,1694.74
NSW,16550,2023-01,47.08,387.15,0,0
NSW,16550,2023-02,61.68,500.72,0,0
NSW,16550,2023-03,67.01,742.44,0,0
NSW,16550,2023-04,42.68,389.75,0,0
NSW,16550,2023-05,72.24,635.95,0,0
NSW,16550,2023-06,45.2,432.48,0,0
NSW,16550,2023-07,60.49,660.16,0,0
NSW,16550,2023-08,66.67,567.51,0,0
NSW,16550,2023-09,47.91,456.97,0,0
NSW,16550,2023-10,67.15,645.42,0,0
NSW,16550,2023-11,100.98,963.8,0,0
NSW,16550,2023-12,93.95,950.89,0,0
NSW,16550,2024-01,49.07,443.48,0,0
NSW,16550,2024-02,72.47,754.64,0,0
NSW,16550,2024-03,79.87,763.97,0,0
NSW,16550,2024-04,47.02,496.62,0,0
NSW,16550,2024-05,81.05,838.25,0,0
NSW,16550,2024-06,46.15,528.74,0,0
NSW,16550,2024-07,70.77,932.98,0,0
NSW,16550,2024-08,55.59,588.29,0,0
NSW,16550,2024-09,57.9,535.26,0,0
NSW,16550,2024-10,56.11,541.16,0,0
NSW,16550,2024-11,54.65,567.68,0,0
NSW,16550,2024-12,59.8,853.53,0,0
NSW,16550,2025-01,37.32,443.53,0,0
NSW,16550,2025-02,41.18,400.48,0,0
NSW,16550,2025-03,49.53,498.6,0,0
NSW,16550,2025-04,49.37,576.92,0,0
NSW,16550,2025-05,34.65,359.62,0,0
NSW,16550,2025-06,30.78,344.96,0,0
NSW,16550,2025-07,49.11,563.01,93.26,1674.6
NSW,16550,2025-08,42.92,523.59,75.29,1523.39
NSW,16550,2025-09,44.18,460.53,87,2013.58
NSW,16550,2025-10,42.78,397.44,80.67,2069.16
NSW,16550,2025-11,45.06,496.98,108.01,3163.36
NSW,16550,2025-12,57.9,755.84,111.21,3290.72
NSW,16550,2026-01,37.74,379.97,81.48,2505.69
NSW,16550,2026-02,52.41,648.36,122.5,4028.93
NSW,16550,2026-03,74.8,862.07,183.77,6199.4
NSW,16550,2026-04,116.1,1312.53,257.13,10025.39
NSW,16550,2026-05,41.59,397.38,83.58,1803.97
NSW,16550,2026-06,70.73,732.17,79.95,1918.17
NSW,16550,2026-07,62.16,672.21,83.18,2085.99
NSW,16550,2026-08,25.94,291.16,32.42,770.79
NSW,16610,2023-01,30.47,255.46,0,0
NSW,16610,2023-02,29.83,238.47,0,0
NSW,16610,2023-03,34.84,281.21,0,0
NSW,16610,2023-04,26.29,205.04,0,0
NSW,16610,2023-05,50.39,392.21,0,0
NSW,16610,2023-06,49.22,456.85,0,0
NSW,16610,2023-07,37.31,301.15,0,0
NSW,16610,2023-08,52.2,360.08,0,0
NSW,16610,2023-09,34.35,398.24,0,0
NSW,16610,2023-10,45.78,429.94,0,0
NSW,16610,2023-11,34.92,405.14,0,0
NSW,16610,2023-12,44.51,460.24,0,0
NSW,16610,2024-01,20.01,174.03,0,0
NSW,16610,2024-02,35.59,265.66,0,0
NSW,16610,2024-03,35.96,317.9,0,0
NSW,16610,2024-04,37.08,376.62,0,0
NSW,16610,2024-05,48.42,510.97,0,0
NSW,16610,2024-06,30.71,292.83,0,0
NSW,16610,2024-07,28.02,230.77,0,0
NSW,16610,2024-08,27.52,232.78,0,0
NSW,16610,2024-09,31.71,239.15,0,0
NSW,16610,2024-10,33.9,317.73,0,0
NSW,16610,2024-11,45.36,349.47,0,0
NSW,16610,2024-12,37.72,596.17,0,0
NSW,16610,2025-01,21.46,170.44,0,0
NSW,16610,2025-02,18.2,169.78,0,0
NSW,16610,2025-03,19.33,205.03,0,0
NSW,16610,2025-04,16.55,133.22,0,0
NSW,16610,2025-05,22.08,207.23,0,0
NSW,16610,2025-06,29.84,230.71,0,0
NSW,16610,2025-07,26.04,372.1,60.88,1047.17
NSW,16610,2025-08,25.11,226.94,36.44,585.83
NSW,16610,2025-09,20.12,266.87,32.04,669.32
NSW,16610,2025-10,20.32,154.45,49.03,1100.38
NSW,16610,2025-11,20.35,168.85,48.11,1133.41
NSW,16610,2025-12,27.08,289.88,51.53,1479.21
NSW,16610,2026-01,17.42,167.62,28.94,831.06
NSW,16610,2026-02,27.35,252.33,48.96,1263.02
NSW,16610,2026-03,31.49,303,58.17,1696.32
NSW,16610,2026-04,42.8,477.52,99.28,3342.85
NSW,16610,2026-05,24.03,175.42,33.05,556.81
NSW,16610,2026-06,47.78,378.49,47.11,1006.7
NSW,16610,2026-07,41.02,322.8,43.63,927.1
NSW,16610,2026-08,23.7,186.08,20.68,399.39
NSW,16700,2023-01,40.36,379.7,0,0
NSW,16700,2023-02,64.44,552.67,0,0
NSW,16700,2023-03,64.37,670.63,0,0
NSW,16700,2023-04,46.2,455.33,0,0
NSW,16700,2023-05,72.91,918.08,0,0
NSW,16700,2023-06,64.01,577.4,0,0
NSW,16700,2023-07,79.11,931.26,0,0
NSW,16700,2023-08,97.08,1120.56,0,0
NSW,16700,2023-09,79.56,895.79,0,0
NSW,16700,2023-10,91.77,981.47,0,0
NSW,16700,2023-11,115.99,1101.59,0,0
NSW,16700,2023-12,127.71,1899.12,0,0
NSW,16700,2024-01,56.3,545.58,0,0
NSW,16700,2024-02,80.69,799.97,0,0
NSW,16700,2024-03,82.68,806.13,0,0
NSW,16700,2024-04,69.18,762.98,0,0
NSW,16700,2024-05,71.12,751.48,0,0
NSW,16700,2024-06,72.71,800.77,0,0
NSW,16700,2024-07,68.6,767.49,0,0
NSW,16700,2024-08,60.34,580.63,0,0
NSW,16700,2024-09,67.86,774.61,0,0
NSW,16700,2024-10,90.82,1085.57,0,0
NSW,16700,2024-11,58.89,716.01,0,0
NSW,16700,2024-12,93.38,1037.14,0,0
NSW,16700,2025-01,38.05,396.72,0,0
NSW,16700,2025-02,68.22,788.96,0,0
NSW,16700,2025-03,60.55,783.76,0,0
NSW,16700,2025-04,52.82,557.67,0,0
NSW,16700,2025-05,44.39,564.45,0,0
NSW,16700,2025-06,37.68,360.92,0,0
NSW,16700,2025-07,56.33,799.05,123.07,2344.27
NSW,16700,2025-08,49.05,502.36,100.73,2233.98
NSW,16700,2025-09,65.42,655.44,147.38,3895.08
NSW,16700,2025-10,86.79,920.62,172.77,4948.96
NSW,16700,2025-11,105.77,1274.15,180.13,5910.39
NSW,16700,2025-12,114.73,1599.3,251.84,9369.51
NSW,16700,2026-01,67.77,697.03,135.31,5064.02
NSW,16700,2026-02,93.73,1024.39,200.24,7674.49
NSW,16700,2026-03,133.59,1469.42,308.27,12152.12
NSW,16700,2026-04,236.07,2701.31,499.76,20627.04
NSW,16700,2026-05,73.76,705.48,85.19,2034.23
NSW,16700,2026-06,99.11,1005.66,120.51,3388.26
NSW,16700,2026-07,64.38,716.24,102.14,2751.84
NSW,16700,2026-08,47.31,475.46,45.92,1334.93
NSW,16900,2023-01,67.99,540.07,0,0
NSW,16900,2023-02,88.36,736.43,0,0
NSW,16900,2023-03,102.13,791.83,0,0
NSW,16900,2023-04,71.1,613.67,0,0
NSW,16900,2023-05,79.03,734.4,0,0
NSW,16900,2023-06,83.15,826.72,0,0
NSW,16900,2023-07,119.86,998.81,0,0
NSW,16900,2023-08,105.7,905.46,0,0
NSW,16900,2023-09,97.58,949.56,0,0
NSW,16900,2023-10,94.84,1077.15,0,0
NSW,16900,2023-11,101.67,961.25,0,0
NSW,16900,2023-12,122.21,1130.06,0,0
NSW,16900,2024-01,78.82,633.21,0,0
NSW,16900,2024-02,109.38,870.27,0,0
NSW,16900,2024-03,105.19,910.03,0,0
NSW,16900,2024-04,91.23,821.67,0,0
NSW,16900,2024-05,88.6,806.17,0,0
NSW,16900,2024-06,95.34,959.35,0,0
NSW,16900,2024-07,104.51,949.76,0,0
NSW,16900,2024-08,96.46,1169.29,0,0
NSW,16900,2024-09,98.13,896.06,0,0
NSW,16900,2024-10,73.11,631.42,0,0
NSW,16900,2024-11,63,508.35,0,0
NSW,16900,2024-12,89.41,943.55,0,0
NSW,16900,2025-01,46.84,384.72,0,0
NSW,16900,2025-02,56.12,538.09,0,0
NSW,16900,2025-03,66.58,621.81,0,0
NSW,16900,2025-04,62.18,613.65,0,0
NSW,16900,2025-05,57.08,485.75,0,0
NSW,16900,2025-06,125.17,914.2,0,0
NSW,16900,2025-07,99.87,751.65,138.1,2309.32
NSW,16900,2025-08,66.04,475.02,94.52,1662.45
NSW,16900,2025-09,69.1,775.09,113.24,2551.9
NSW,16900,2025-10,61.4,520.18,112.48,2720.79
NSW,16900,2025-11,76.12,575.61,121.77,2924.77
NSW,16900,2025-12,105.48,827.72,127.97,3743.49
NSW,16900,2026-01,63.39,533.99,114.28,2792.16
NSW,16900,2026-02,97.19,759.8,138.24,3804.23
NSW,16900,2026-03,94.99,881.09,159.99,4924.33
NSW,16900,2026-04,106.12,1149.33,215.96,7591.02
NSW,16900,2026-05,96.42,762.9,85.76,1803.17
NSW,16900,2026-06,83.67,794.23,110.82,2488.82
NSW,16900,2026-07,88.2,876.93,121.67,2901.26
NSW,16900,2026-08,66.31,523.57,53.03,1343.28
NSW,16950,2023-01,107.16,802.68,0,0
NSW,16950,2023-02,141.66,1277.18,0,0
NSW,16950,2023-03,180.64,1434.83,0,0
NSW,16950,2023-04,150.29,1171,0,0
NSW,16950,2023-05,192.66,1848.77,0,0
NSW,16950,2023-06,227.38,1937.12,0,0
NSW,16950,2023-07,203.01,1612.85,0,0
NSW,16950,2023-08,180.39,1717.8,0,0
NSW,16950,2023-09,169.22,1516.5,0,0
NSW,16950,2023-10,188.77,1704.23,0,0
NSW,16950,2023-11,199.98,1741.2,0,0
NSW,16950,2023-12,173.71,1664.01,0,0
NSW,16950,2024-01,144.01,1214.5,0,0
NSW,16950,2024-02,184.09,1686.71,0,0
NSW,16950,2024-03,161.54,1402.19,0,0
NSW,16950,2024-04,177.08,1541.65,0,0
NSW,16950,2024-05,188.91,1655.14,0,0
NSW,16950,2024-06,133.48,1138.79,0,0
NSW,16950,2024-07,172.82,1584.62,0,0
NSW,16950,2024-08,156.63,1547.04,0,0
NSW,16950,2024-09,134.21,1241.45,0,0
NSW,16950,2024-10,164.35,1623.1,0,0
NSW,16950,2024-11,135.74,1279.6,0,0
NSW,16950,2024-12,131.21,1412.94,0,0
NSW,16950,2025-01,90.54,800.43,0,0
NSW,16950,2025-02,139.88,1288.55,0,0
NSW,16950,2025-03,115.62,1065.07,0,0
NSW,16950,2025-04,101.02,1089,0,0
NSW,16950,2025-05,119.78,1034.7,0,0
NSW,16950,2025-06,87.64,971.83,0,0
NSW,16950,2025-07,127.84,1172.5,267.5,4256.23
NSW,16950,2025-08,105.95,1123.05,212.95,3741.09
NSW,16950,2025-09,142.45,1439.44,209.2,4458.71
NSW,16950,2025-10,124.57,1307.08,196.88,4343.59
NSW,16950,2025-11,154.21,1647.15,217.05,5025.97
NSW,16950,2025-12,153.62,1712.77,221.24,5801.77
NSW,16950,2026-01,79.05,697.73,147.18,3828.26
NSW,16950,2026-02,140.84,1397.11,228.56,5791.64
NSW,16950,2026-03,182,1847.06,302.43,9514.92
NSW,16950,2026-04,207.13,2467.62,389.61,12917.68
NSW,16950,2026-05,125.23,1117.87,136.58,2604.53
NSW,16950,2026-06,146.44,1457.11,187.12,3990.94
NSW,16950,2026-07,135.94,1318.72,174.45,3867.38
NSW,16950,2026-08,74.51,735.41,77.99,1964.32
NSW,17000,2023-01,22.05,219.23,0,0
NSW,17000,2023-02,41.74,444.52,0,0
NSW,17000,2023-03,54.76,756.26,0,0
NSW,17000,2023-04,27.45,309.7,0,0
NSW,17000,2023-05,50.1,566.62,0,0
NSW,17000,2023-06,43.72,423.44,0,0
NSW,17000,2023-07,41.68,433.18,0,0
NSW,17000,2023-08,48.22,497.37,0,0
NSW,17000,2023-09,34.83,360.59,0,0
NSW,17000,2023-10,45.49,621.5,0,0
NSW,17000,2023-11,63.78,707.74,0,0
NSW,17000,2023-12,43.16,464.09,0,0
NSW,17000,2024-01,41.44,448.13,0,0
NSW,17000,2024-02,51.58,573.33,0,0
NSW,17000,2024-03,46.63,571.55,0,0
NSW,17000,2024-04,42.4,445.27,0,0
NSW,17000,2024-05,48.58,565.54,0,0
NSW,17000,2024-06,35.34,449,0,0
NSW,17000,2024-07,31.31,315.5,0,0
NSW,17000,2024-08,41.79,479.49,0,0
NSW,17000,2024-09,36.91,418.15,0,0
NSW,17000,2024-10,33.77,337.09,0,0
NSW,17000,2024-11,25.19,291.22,0,0
NSW,17000,2024-12,31.44,371.59,0,0
NSW,17000,2025-01,26.07,339.75,0,0
NSW,17000,2025-02,44.83,565.21,0,0
NSW,17000,2025-03,37.78,330.46,0,0
NSW,17000,2025-04,28.6,272.82,0,0
NSW,17000,2025-05,25.28,262.29,0,0
NSW,17000,2025-06,23.7,218.31,0,0
NSW,17000,2025-07,23.62,297.14,55,858.39
NSW,17000,2025-08,16.42,179.07,24.73,546.73
NSW,17000,2025-09,32.02,481.99,40.61,999.54
NSW,17000,2025-10,38.98,358.13,47.56,1094.17
NSW,17000,2025-11,26.54,303.52,37.95,1066.47
NSW,17000,2025-12,21.15,277.7,43.91,1359.67
NSW,17000,2026-01,27.15,309.72,43.01,1175.46
NSW,17000,2026-02,36.57,365.64,51.5,1412.04
NSW,17000,2026-03,45.57,446.68,72.23,2146.88
NSW,17000,2026-04,63.27,621.34,108.59,4196.82
NSW,17000,2026-05,31.04,286.12,32.85,727.29
NSW,17000,2026-06,29.26,322.97,39.42,1080.36
NSW,17000,2026-07,51.16,579.9,52.77,1242.4
NSW,17000,2026-08,26.1,243.76,26.35,561.85
NSW,17040,2023-01,9.71,144.7,0,0
NSW,17040,2023-02,29.03,383.34,0,0
NSW,17040,2023-03,24.35,227.38,0,0
NSW,17040,2023-04,16.99,170.47,0,0
NSW,17040,2023-05,30.5,269.39,0,0
NSW,17040,2023-06,28.07,316.18,0,0
NSW,17040,2023-07,20.38,194.26,0,0
NSW,17040,2023-08,22.98,231.59,0,0
NSW,17040,2023-09,31.27,349.17,0,0
NSW,17040,2023-10,40.22,355.37,0,0
NSW,17040,2023-11,31.4,332.39,0,0
NSW,17040,2023-12,17.46,167.1,0,0
NSW,17040,2024-01,25.8,214.79,0,0
NSW,17040,2024-02,20.11,194.11,0,0
NSW,17040,2024-03,9.98,101.92,0,0
NSW,17040,2024-04,29.87,315.99,0,0
NSW,17040,2024-05,27.21,282.93,0,0
NSW,17040,2024-06,24.65,267.21,0,0
NSW,17040,2024-07,29.12,346.96,0,0
NSW,17040,2024-08,20.17,324.86,0,0
NSW,17040,2024-09,20.94,217.62,0,0
NSW,17040,2024-10,33.92,381,0,0
NSW,17040,2024-11,46.52,557.15,0,0
NSW,17040,2024-12,21.51,297.61,0,0
NSW,17040,2025-01,8.78,179.98,0,0
NSW,17040,2025-02,23.17,271.86,0,0
NSW,17040,2025-03,30.41,342.51,0,0
NSW,17040,2025-04,22.47,251.64,0,0
NSW,17040,2025-05,22.75,281.39,0,0
NSW,17040,2025-06,9.52,216.54,0,0
NSW,17040,2025-07,22.23,235.65,18.61,360.14
NSW,17040,2025-08,19.11,258.51,19.23,471.74
NSW,17040,2025-09,16.11,187.67,23.33,608.13
NSW,17040,2025-10,22.39,276.16,26.22,680.13
NSW,17040,2025-11,23.16,271.68,31.56,947.59
NSW,17040,2025-12,43.82,630.68,41.49,1382.39
NSW,17040,2026-01,21.67,259.13,35.38,1126.18
NSW,17040,2026-02,18.29,202.46,34.2,1112.34
NSW,17040,2026-03,35.56,399.51,60.39,1886.79
NSW,17040,2026-04,41.47,646.85,68.27,2314.02
NSW,17040,2026-05,17.17,187.07,17.17,419.11
NSW,17040,2026-06,19.07,193.03,24.45,496.72
NSW,17040,2026-07,18.33,248.4,19.59,563.47
NSW,17040,2026-08,12.74,116.91,15.76,407.75
NSW,17080,2023-01,9.18,80.22,0,0
NSW,17080,2023-02,15.17,132.53,0,0
NSW,17080,2023-03,15.35,126.42,0,0
NSW,17080,2023-04,10.57,152.71,0,0
NSW,17080,2023-05,34.81,205.63,0,0
NSW,17080,2023-06,39.78,335.82,0,0
NSW,17080,2023-07,19.15,182.92,0,0
NSW,17080,2023-08,24.11,216.45,0,0
NSW,17080,2023-09,31.99,265.89,0,0
NSW,17080,2023-10,18.63,145.88,0,0
NSW,17080,2023-11,19.27,174.47,0,0
NSW,17080,2023-12,18.75,220.17,0,0
NSW,17080,2024-01,5.01,46.99,0,0
NSW,17080,2024-02,13.46,120.23,0,0
NSW,17080,2024-03,31.02,245.77,0,0
NSW,17080,2024-04,26.42,252.62,0,0
NSW,17080,2024-05,24.91,186.77,0,0
NSW,17080,2024-06,16.61,161.99,0,0
NSW,17080,2024-07,14.52,126.23,0,0
NSW,17080,2024-08,26.27,267.1,0,0
NSW,17080,2024-09,20.29,171.24,0,0
NSW,17080,2024-10,6.87,51.6,0,0
NSW,17080,2024-11,17.84,134.37,0,0
NSW,17080,2024-12,14.59,139.73,0,0
NSW,17080,2025-01,6.33,58.03,0,0
NSW,17080,2025-02,14.2,121.62,0,0
NSW,17080,2025-03,14.42,139.25,0,0
NSW,17080,2025-04,10.23,84.15,0,0
NSW,17080,2025-05,36.9,244.37,0,0
NSW,17080,2025-06,15.51,128.81,0,0
NSW,17080,2025-07,22.92,191.18,20.68,409.72
NSW,17080,2025-08,19.54,186.48,23.08,442.16
NSW,17080,2025-09,18.76,210.45,28.43,527.56
NSW,17080,2025-10,31.48,335.3,27.75,605.54
NSW,17080,2025-11,21.51,206.72,33.02,848.3
NSW,17080,2025-12,24.28,245.9,28.71,654.57
NSW,17080,2026-01,16,164.89,16.43,428.83
NSW,17080,2026-02,14.12,136.62,21.84,526.77
NSW,17080,2026-03,9.74,119.81,22.91,688.82
NSW,17080,2026-04,19.78,307.76,37.29,1210.07
NSW,17080,2026-05,10.02,73.81,9.9,201.61
NSW,17080,2026-06,23.3,199.98,26.65,515.62
NSW,17080,2026-07,16.9,173.75,18.5,400.89
NSW,17080,2026-08,6.84,57.5,10.91,194.04
NSW,17100,2023-01,7.5,76.45,0,0
NSW,17100,2023-02,8.59,68.1,0,0
NSW,17100,2023-03,21.4,200.06,0,0
NSW,17100,2023-04,11.71,147.88,0,0
NSW,17100,2023-05,17.02,180.19,0,0
NSW,17100,2023-06,12.56,141.05,0,0
NSW,17100,2023-07,18.49,228.2,0,0
NSW,17100,2023-08,21.1,286.67,0,0
NSW,17100,2023-09,17.78,250.99,0,0
NSW,17100,2023-10,20.29,272.94,0,0
NSW,17100,2023-11,19.84,246.23,0,0
NSW,17100,2023-12,23.51,303.34,0,0
NSW,17100,2024-01,14.09,154.15,0,0
NSW,17100,2024-02,24.2,362.91,0,0
NSW,17100,2024-03,16.53,196.68,0,0
NSW,17100,2024-04,18.11,491.11,0,0
NSW,17100,2024-05,18.98,313.69,0,0
NSW,17100,2024-06,14.59,198.57,0,0
NSW,17100,2024-07,15.48,191.06,0,0
NSW,17100,2024-08,17.81,263.25,0,0
NSW,17100,2024-09,12.33,304.17,0,0
NSW,17100,2024-10,15.35,242.64,0,0
NSW,17100,2024-11,11.75,227.27,0,0
NSW,17100,2024-12,21.1,318.29,0,0
NSW,17100,2025-01,7.95,126.91,0,0
NSW,17100,2025-02,12.55,141.27,0,0
NSW,17100,2025-03,14.89,179.62,0,0
NSW,17100,2025-04,8.96,110.78,0,0
NSW,17100,2025-05,13.9,202.66,0,0
NSW,17100,2025-06,9.15,112.28,0,0
NSW,17100,2025-07,11.16,131.97,22.9,462.77
NSW,17100,2025-08,12.48,151.24,22.42,592.92
NSW,17100,2025-09,12.14,184.65,25.67,716.65
NSW,17100,2025-10,15.23,212.72,31.13,1007.75
NSW,17100,2025-11,19.96,302.33,42.61,1473.2
NSW,17100,2025-12,31.39,549.2,50.65,1912.82
NSW,17100,2026-01,15.64,188.91,28.41,1065.52
NSW,17100,2026-02,21.27,238.86,41.62,1648.57
NSW,17100,2026-03,23.67,312.92,70.89,2979.25
NSW,17100,2026-04,42.93,573.82,116.07,5076.01
NSW,17100,2026-05,15.88,181.41,13.75,354.88
NSW,17100,2026-06,19.56,251.38,17.51,525.86
NSW,17100,2026-07,12.8,144.49,20.36,605.71
NSW,17100,2026-08,7.23,74.07,9.04,282.53
NSW,17150,2023-01,145.68,1350.94,0,0
NSW,17150,2023-02,191.23,1823.1,0,0
NSW,17150,2023-03,225.23,2000.96,0,0
NSW,17150,2023-04,169.91,1681.36,0,0
NSW,17150,2023-05,210.04,2044.26,0,0
NSW,17150,2023-06,266.59,2532.73,0,0
NSW,17150,2023-07,218.68,2085.55,0,0
NSW,17150,2023-08,229.59,2234.47,0,0
NSW,17150,2023-09,218.36,2309.28,0,0
NSW,17150,2023-10,278.13,2825.5,0,0
NSW,17150,2023-11,290.91,2973.54,0,0
NSW,17150,2023-12,263.68,2987.17,0,0
NSW,17150,2024-01,180.45,1727.69,0,0
NSW,17150,2024-02,201.45,2107.07,0,0
NSW,17150,2024-03,238.23,2354.07,0,0
NSW,17150,2024-04,189.36,1897.92,0,0
NSW,17150,2024-05,208.68,2097.9,0,0
NSW,17150,2024-06,176.13,1865.75,0,0
NSW,17150,2024-07,185.68,1928.17,0,0
NSW,17150,2024-08,169.36,1673.49,0,0
NSW,17150,2024-09,149.23,1588.21,0,0
NSW,17150,2024-10,172.13,1852.39,0,0
NSW,17150,2024-11,154.13,1684.92,0,0
NSW,17150,2024-12,194.36,2285.19,0,0
NSW,17150,2025-01,113.45,1118.16,0,0
NSW,17150,2025-02,127.91,1252.75,0,0
NSW,17150,2025-03,158.45,1720.52,0,0
NSW,17150,2025-04,107.45,1183.35,0,0
NSW,17150,2025-05,118,1347.55,0,0
NSW,17150,2025-06,85.23,1118.32,0,0
NSW,17150,2025-07,117.45,1302.91,244.23,4306.96
NSW,17150,2025-08,106.91,1067.96,197.36,3738.3
NSW,17150,2025-09,173,1955.82,314.45,7567.32
NSW,17150,2025-10,172.36,2254.8,348.49,9384
NSW,17150,2025-11,190.68,2128.78,340.36,9579.97
NSW,17150,2025-12,214.23,2547.55,387.91,12227.44
NSW,17150,2026-01,132.45,1405.51,280.81,9245.44
NSW,17150,2026-02,173.36,1963.89,392.17,12921.24
NSW,17150,2026-03,246.36,2663.71,518.08,17909.99
NSW,17150,2026-04,347.04,4071.54,761.76,29412.06
NSW,17150,2026-05,172.91,1698.27,214.13,5130.4
NSW,17150,2026-06,182,1874.69,231.23,6070.3
NSW,17150,2026-07,184.68,1975.94,266.36,6988.69
NSW,17150,2026-08,93.45,976.91,114.68,2947.73
NSW,17200,2023-01,13.46,85.95,0,0
NSW,17200,2023-02,22.08,170.93,0,0
NSW,17200,2023-03,22.37,338.12,0,0
NSW,17200,2023-04,20.91,197.44,0,0
NSW,17200,2023-05,23.83,230.62,0,0
NSW,17200,2023-06,22.6,251.55,0,0
NSW,17200,2023-07,29.3,382.61,0,0
NSW,17200,2023-08,29.03,539.96,0,0
NSW,17200,2023-09,35.56,437.89,0,0
NSW,17200,2023-10,30,304.64,0,0
NSW,17200,2023-11,40.79,1026.75,0,0
NSW,17200,2023-12,44.18,1013.92,0,0
NSW,17200,2024-01,19.19,157.27,0,0
NSW,17200,2024-02,43.73,511.45,0,0
NSW,17200,2024-03,25.02,241.39,0,0
NSW,17200,2024-04,32.94,256.51,0,0
NSW,17200,2024-05,19.55,204.8,0,0
NSW,17200,2024-06,17.54,151.31,0,0
NSW,17200,2024-07,62.96,537.49,0,0
NSW,17200,2024-08,31.31,490.1,0,0
NSW,17200,2024-09,28.81,468.28,0,0
NSW,17200,2024-10,23.73,454.78,0,0
NSW,17200,2024-11,38.88,625.44,0,0
NSW,17200,2024-12,31.65,571.93,0,0
NSW,17200,2025-01,19.85,245.39,0,0
NSW,17200,2025-02,20.71,273.16,0,0
NSW,17200,2025-03,24.56,329.02,0,0
NSW,17200,2025-04,19.25,190.29,0,0
NSW,17200,2025-05,21.18,417.92,0,0
NSW,17200,2025-06,24.65,276.11,0,0
NSW,17200,2025-07,20.38,212.29,44.37,713.63
NSW,17200,2025-08,12.03,160.57,25.75,470.31
NSW,17200,2025-09,16.29,191.34,31.79,632.33
NSW,17200,2025-10,22.8,227.01,35.08,856.63
NSW,17200,2025-11,30.18,261.25,38.96,970.49
NSW,17200,2025-12,32.5,654.85,42.08,1249.93
NSW,17200,2026-01,17.43,138.05,29.65,762.85
NSW,17200,2026-02,18.57,177.63,34.66,1018.61
NSW,17200,2026-03,38.4,385.22,54.67,1771
NSW,17200,2026-04,32.52,313.9,66.63,2417.72
NSW,17200,2026-05,19.36,129.54,25.63,493.64
NSW,17200,2026-06,28.21,223.28,32.27,693.39
NSW,17200,2026-07,33.72,275.02,31.91,700.83
NSW,17200,2026-08,13.92,143.05,11.56,229.63
NSW,17310,2023-01,37.82,309.06,0,0
NSW,17310,2023-02,83.79,798.02,0,0
NSW,17310,2023-03,80.66,730.85,0,0
NSW,17310,2023-04,81.63,927.08,0,0
NSW,17310,2023-05,107.85,991.23,0,0
NSW,17310,2023-06,102.16,994.75,0,0
NSW,17310,2023-07,88.32,1115.61,0,0
NSW,17310,2023-08,107.33,1092.09,0,0
NSW,17310,2023-09,79.33,646.49,0,0
NSW,17310,2023-10,104.46,854.24,0,0
NSW,17310,2023-11,114,910.43,0,0
NSW,17310,2023-12,100.31,1240.78,0,0
NSW,17310,2024-01,58.49,515.63,0,0
NSW,17310,2024-02,110.02,1199.4,0,0
NSW,17310,2024-03,104.6,1001.89,0,0
NSW,17310,2024-04,110.2,917.77,0,0
NSW,17310,2024-05,90.7,709.66,0,0
NSW,17310,2024-06,79.67,676.75,0,0
NSW,17310,2024-07,109.61,1119.66,0,0
NSW,17310,2024-08,82.59,671.78,0,0
NSW,17310,2024-09,91.2,1003.18,0,0
NSW,17310,2024-10,78.13,805.63,0,0
NSW,17310,2024-11,81.77,791.98,0,0
NSW,17310,2024-12,69.84,656.49,0,0
NSW,17310,2025-01,47.69,429.88,0,0
NSW,17310,2025-02,92.24,908.25,0,0
NSW,17310,2025-03,58.79,578.57,0,0
NSW,17310,2025-04,61.69,671.1,0,0
NSW,17310,2025-05,64.01,677.1,0,0
NSW,17310,2025-06,47.18,382.48,0,0
NSW,17310,2025-07,55.14,509.75,73.55,1189.21
NSW,17310,2025-08,39.96,304.72,46.79,745.34
NSW,17310,2025-09,52.85,563.71,78.15,1445.44
NSW,17310,2025-10,60.63,734.75,79.54,1777.93
NSW,17310,2025-11,64.56,646.54,104.47,2669.9
NSW,17310,2025-12,84.49,770.93,124.29,3142.44
NSW,17310,2026-01,24.81,215.45,38.85,1034.59
NSW,17310,2026-02,54.64,583.6,77.49,2211.74
NSW,17310,2026-03,77.38,682.76,129.18,4249.8
NSW,17310,2026-04,87.73,1031.16,172.18,5335.88
NSW,17310,2026-05,39.75,327.05,46.85,1030.2
NSW,17310,2026-06,72.54,590.67,65.7,1501.5
NSW,17310,2026-07,55.52,567.35,57.59,1332.95
NSW,17310,2026-08,34.81,345.34,45.77,1128.14
NSW,17350,2023-01,4.41,51.54,0,0
NSW,17350,2023-02,7.56,91.71,0,0
NSW,17350,2023-03,3.19,26.49,0,0
NSW,17350,2023-04,12.03,123.3,0,0
NSW,17350,2023-05,12.43,129.75,0,0
NSW,17350,2023-06,7.32,61.76,0,0
NSW,17350,2023-07,6.04,53.55,0,0
NSW,17350,2023-08,7.14,80.11,0,0
NSW,17350,2023-09,11.15,101.8,0,0
NSW,17350,2023-10,8.47,72.67,0,0
NSW,17350,2023-11,4.43,62.79,0,0
NSW,17350,2023-12,16.03,149.55,0,0
NSW,17350,2024-01,3.4,35.04,0,0
NSW,17350,2024-02,9.1,88.05,0,0
NSW,17350,2024-03,8.54,79.12,0,0
NSW,17350,2024-04,8.94,165.29,0,0
NSW,17350,2024-05,4.28,48.45,0,0
NSW,17350,2024-06,4.15,47.88,0,0
NSW,17350,2024-07,6.94,59.54,0,0
NSW,17350,2024-08,8.77,111.8,0,0
NSW,17350,2024-09,12.16,112.34,0,0
NSW,17350,2024-10,9.45,64.32,0,0
NSW,17350,2024-11,7.82,97.52,0,0
NSW,17350,2024-12,9.67,100.79,0,0
NSW,17350,2025-01,2.18,31.35,0,0
NSW,17350,2025-02,6.41,36.13,0,0
NSW,17350,2025-03,7.62,87.33,0,0
NSW,17350,2025-04,7.12,68.87,0,0
NSW,17350,2025-05,2.95,26.45,0,0
NSW,17350,2025-06,2.43,29.19,0,0
NSW,17350,2025-07,2.18,27.14,6.09,102.91
NSW,17350,2025-08,9,61.28,7.67,133.52
NSW,17350,2025-09,6.84,65.15,13.65,266.68
NSW,17350,2025-10,6.04,64.28,9.72,242.53
NSW,17350,2025-11,1.98,15.46,7.42,178.87
NSW,17350,2025-12,9.69,136.17,15.28,453.27
NSW,17350,2026-01,4.83,46.63,4.83,146.06
NSW,17350,2026-02,6.76,31.6,5.79,137.37
NSW,17350,2026-03,9.3,81.78,13.66,367.46
NSW,17350,2026-04,13.55,179.08,21.81,684.39
NSW,17350,2026-05,2.25,24.65,6.47,149.15
NSW,17350,2026-06,0.25,1.19,1.96,38.71
NSW,17350,2026-07,7.01,42.05,7.72,142.58
NSW,17350,2026-08,3.15,25.05,5.08,104.65
NSW,17400,2023-01,3.51,23.83,0,0
NSW,17400,2023-02,8.75,64.15,0,0
NSW,17400,2023-03,11.26,80.17,0,0
NSW,17400,2023-04,7.26,48.27,0,0
NSW,17400,2023-05,9.82,76.04,0,0
NSW,17400,2023-06,15.74,142.08,0,0
NSW,17400,2023-07,7.35,68.19,0,0
NSW,17400,2023-08,13.16,120.07,0,0
NSW,17400,2023-09,18.74,136.93,0,0
NSW,17400,2023-10,10.38,103.69,0,0
NSW,17400,2023-11,11.64,84.01,0,0
NSW,17400,2023-12,14.24,147.31,0,0
NSW,17400,2024-01,4.78,36.06,0,0
NSW,17400,2024-02,9.48,111.96,0,0
NSW,17400,2024-03,12.07,113.55,0,0
NSW,17400,2024-04,14.01,124.61,0,0
NSW,17400,2024-05,14.14,172.04,0,0
NSW,17400,2024-06,20.06,168.42,0,0
NSW,17400,2024-07,11.66,82.63,0,0
NSW,17400,2024-08,14.31,120.1,0,0
NSW,17400,2024-09,14.21,110.25,0,0
NSW,17400,2024-10,11.45,92.7,0,0
NSW,17400,2024-11,10.47,87.78,0,0
NSW,17400,2024-12,10.31,96.43,0,0
NSW,17400,2025-01,13.12,120.55,0,0
NSW,17400,2025-02,12.1,106.67,0,0
NSW,17400,2025-03,18.65,160.18,0,0
NSW,17400,2025-04,7.18,60.35,0,0
NSW,17400,2025-05,8.17,83.16,0,0
NSW,17400,2025-06,9.38,62.58,0,0
NSW,17400,2025-07,7.45,67.17,5.76,124.73
NSW,17400,2025-08,7.46,68.75,9.24,170.87
NSW,17400,2025-09,9.58,83.83,8.72,226.94
NSW,17400,2025-10,10.24,171.34,10.41,206
NSW,17400,2025-11,15.25,190.16,17.02,501.59
NSW,17400,2025-12,8.63,124.52,15.16,364.29
NSW,17400,2026-01,5.84,90.34,10.49,283.88
NSW,17400,2026-02,8.61,122.16,14.35,419.47
NSW,17400,2026-03,12.3,132.81,15.61,448.46
NSW,17400,2026-04,22.95,248.22,33.22,1145.99
NSW,17400,2026-05,7.11,64.66,12.12,207.59
NSW,17400,2026-06,14.35,180.61,14.76,437.49
NSW,17400,2026-07,15.23,148.55,12.94,313.3
NSW,17400,2026-08,8.95,88.37,8.2,191.34
NSW,17420,2023-01,170.9,1567.77,0,0
NSW,17420,2023-02,268.25,2648.6,0,0
NSW,17420,2023-03,247.25,2587.45,0,0
NSW,17420,2023-04,202.02,2137.44,0,0
NSW,17420,2023-05,252.55,2840.58,0,0
NSW,17420,2023-06,266.83,2898.19,0,0
NSW,17420,2023-07,317.32,3234.4,0,0
NSW,17420,2023-08,351.53,3738.81,0,0
NSW,17420,2023-09,354.19,3703.89,0,0
NSW,17420,2023-10,381.96,4039.28,0,0
NSW,17420,2023-11,353.1,4008.62,0,0
NSW,17420,2023-12,405.44,5318.84,0,0
NSW,17420,2024-01,230.58,2583.01,0,0
NSW,17420,2024-02,309.1,3361.5,0,0
NSW,17420,2024-03,305.05,3459.34,0,0
NSW,17420,2024-04,241.91,2749.19,0,0
NSW,17420,2024-05,242.77,2733.12,0,0
NSW,17420,2024-06,252.59,2939.07,0,0
NSW,17420,2024-07,261.69,2917.61,0,0
NSW,17420,2024-08,255.86,3073.93,0,0
NSW,17420,2024-09,259.89,3277.19,0,0
NSW,17420,2024-10,227.95,2685.99,0,0
NSW,17420,2024-11,238.36,2787.02,0,0
NSW,17420,2024-12,368.06,5025.6,0,0
NSW,17420,2025-01,159.54,1842.17,0,0
NSW,17420,2025-02,215.41,2383.06,0,0
NSW,17420,2025-03,183.72,2339.91,0,0
NSW,17420,2025-04,186.88,2203.37,0,0
NSW,17420,2025-05,145.89,1636.38,0,0
NSW,17420,2025-06,130.3,1657.56,0,0
NSW,17420,2025-07,186.1,2249.09,366.79,7925.33
NSW,17420,2025-08,180.3,2114.7,343.31,8276.58
NSW,17420,2025-09,219.14,2680.11,458.28,13139.12
NSW,17420,2025-10,232.56,2664.19,541.41,17298.19
NSW,17420,2025-11,307.58,3648.56,690.22,24414.54
NSW,17420,2025-12,381.49,4825.23,880.35,33824.41
NSW,17420,2026-01,210.42,2291.11,519.64,20119.53
NSW,17420,2026-02,309.33,3604.14,773.66,30794.95
NSW,17420,2026-03,422.76,5139.79,1155.03,48971.53
NSW,17420,2026-04,542.16,6991.65,1826.14,78906.94
NSW,17420,2026-05,225.52,2422.08,228.09,5953.29
NSW,17420,2026-06,287.87,3435.42,350.72,10343.14
NSW,17420,2026-07,237.11,2660.09,344.24,10556.68
NSW,17420,2026-08,111.88,1174.68,160.97,4958.18
NSW,17550,2023-01,106.37,902.04,0,0
NSW,17550,2023-02,116.2,1009.35,0,0
NSW,17550,2023-03,184.05,1630.6,0,0
NSW,17550,2023-04,131.74,1055.88,0,0
NSW,17550,2023-05,163.66,1380.72,0,0
NSW,17550,2023-06,130.98,1193.69,0,0
NSW,17550,2023-07,131.35,1238.38,0,0
NSW,17550,2023-08,155.83,1608.12,0,0
NSW,17550,2023-09,129.98,1171.28,0,0
NSW,17550,2023-10,144.05,1599.12,0,0
NSW,17550,2023-11,146.9,1444.85,0,0
NSW,17550,2023-12,146.51,1449.83,0,0
NSW,17550,2024-01,82.13,738,0,0
NSW,17550,2024-02,163.9,1396.18,0,0
NSW,17550,2024-03,115.98,1100.24,0,0
NSW,17550,2024-04,130.9,1319.51,0,0
NSW,17550,2024-05,140.68,1461.93,0,0
NSW,17550,2024-06,138.66,1361.93,0,0
NSW,17550,2024-07,119.44,1176.21,0,0
NSW,17550,2024-08,126.37,1296.79,0,0
NSW,17550,2024-09,127.74,1153.71,0,0
NSW,17550,2024-10,146.35,1357.06,0,0
NSW,17550,2024-11,122.83,1465.97,0,0
NSW,17550,2024-12,138.35,1544.72,0,0
NSW,17550,2025-01,95.74,849.72,0,0
NSW,17550,2025-02,145.74,1444.42,0,0
NSW,17550,2025-03,103.68,898.04,0,0
NSW,17550,2025-04,96.98,886.37,0,0
NSW,17550,2025-05,82.52,713.45,0,0
NSW,17550,2025-06,85.07,851.45,0,0
NSW,17550,2025-07,110.05,1045.54,223.18,3625
NSW,17550,2025-08,106.2,993.52,151.73,2965.7
NSW,17550,2025-09,131.96,1240.52,160.4,3364.54
NSW,17550,2025-10,141.44,1494.63,196.27,4341.37
NSW,17550,2025-11,123.12,1176.3,203.12,4619.7
NSW,17550,2025-12,169.81,1973.32,270.1,7554.19
NSW,17550,2026-01,83.68,767.39,104.44,2668.32
NSW,17550,2026-02,119.44,1094.91,183.27,4569.75
NSW,17550,2026-03,120.66,1357.07,226.32,6571.24
NSW,17550,2026-04,170.64,2010.82,391.5,13435.06
NSW,17550,2026-05,109.66,1060.22,95.2,1934.36
NSW,17550,2026-06,116.05,1314.99,114.9,2574.94
NSW,17550,2026-07,102.13,969.62,138.98,3311.55
NSW,17550,2026-08,75.37,626.66,80.52,1791.35
NSW,17620,2023-01,6.02,44.69,0,0
NSW,17620,2023-02,18.81,174.94,0,0
NSW,17620,2023-03,13.06,101.4,0,0
NSW,17620,2023-04,15.94,165.15,0,0
NSW,17620,2023-05,17.85,218.78,0,0
NSW,17620,2023-06,23.99,280.97,0,0
NSW,17620,2023-07,12.13,119.16,0,0
NSW,17620,2023-08,37.93,370.92,0,0
NSW,17620,2023-09,16.23,184.37,0,0
NSW,17620,2023-10,19.02,181.65,0,0
NSW,17620,2023-11,23.97,271.39,0,0
NSW,17620,2023-12,20.82,270.86,0,0
NSW,17620,2024-01,15.75,148.81,0,0
NSW,17620,2024-02,21.88,209.5,0,0
NSW,17620,2024-03,23.74,246.29,0,0
NSW,17620,2024-04,23.1,326.7,0,0
NSW,17620,2024-05,18.04,173.76,0,0
NSW,17620,2024-06,28.55,207.81,0,0
NSW,17620,2024-07,15.02,130.75,0,0
NSW,17620,2024-08,24.67,298.5,0,0
NSW,17620,2024-09,21.8,215.04,0,0
NSW,17620,2024-10,11.05,106.49,0,0
NSW,17620,2024-11,13.51,140.92,0,0
NSW,17620,2024-12,13.89,351.33,0,0
NSW,17620,2025-01,10.98,94.09,0,0
NSW,17620,2025-02,29.77,264.49,0,0
NSW,17620,2025-03,20.97,199.57,0,0
NSW,17620,2025-04,10.04,173.36,0,0
NSW,17620,2025-05,18.67,157.06,0,0
NSW,17620,2025-06,10.99,94.13,0,0
NSW,17620,2025-07,12.06,125.82,20.04,307.71
NSW,17620,2025-08,9.06,68.7,9.13,165.42
NSW,17620,2025-09,19.05,196.19,22.12,447.54
NSW,17620,2025-10,12.85,146.62,17.02,305.3
NSW,17620,2025-11,8.09,108.96,13.24,356.29
NSW,17620,2025-12,21.69,428.02,27.7,978.82
NSW,17620,2026-01,10.04,120.93,19.06,595.34
NSW,17620,2026-02,20.8,250.49,25.81,823.13
NSW,17620,2026-03,15.06,173.71,25.14,674.06
NSW,17620,2026-04,27.72,308.45,32.91,1113.74
NSW,17620,2026-05,22.14,225.54,20.01,481.85
NSW,17620,2026-06,12.06,146.03,10.15,234.68
NSW,17620,2026-07,16.83,180.78,19.91,505.64
NSW,17620,2026-08,9.95,119.29,8.02,191.61
NSW,17640,2023-01,8.56,76.34,0,0
NSW,17640,2023-02,20.61,171.42,0,0
NSW,17640,2023-03,15.07,125.29,0,0
NSW,17640,2023-04,15.22,97.72,0,0
NSW,17640,2023-05,21.69,178.67,0,0
NSW,17640,2023-06,7.42,76.54,0,0
NSW,17640,2023-07,6.65,51.97,0,0
NSW,17640,2023-08,17.19,156.47,0,0
NSW,17640,2023-09,14.11,132.24,0,0
NSW,17640,2023-10,19.29,182.59,0,0
NSW,17640,2023-11,14.93,141.64,0,0
NSW,17640,2023-12,17.55,154.99,0,0
NSW,17640,2024-01,5.42,88.08,0,0
NSW,17640,2024-02,12.17,104.27,0,0
NSW,17640,2024-03,14.1,117.8,0,0
NSW,17640,2024-04,9.46,93.14,0,0
NSW,17640,2024-05,15.61,139.25,0,0
NSW,17640,2024-06,11.64,110.25,0,0
NSW,17640,2024-07,19.32,185.41,0,0
NSW,17640,2024-08,20.81,197.22,0,0
NSW,17640,2024-09,11.14,114.23,0,0
NSW,17640,2024-10,12.14,125.69,0,0
NSW,17640,2024-11,11.32,113.15,0,0
NSW,17640,2024-12,3.57,30.65,0,0
NSW,17640,2025-01,9.04,77.65,0,0
NSW,17640,2025-02,6.74,63.57,0,0
NSW,17640,2025-03,10.82,103.62,0,0
NSW,17640,2025-04,17.24,156.13,0,0
NSW,17640,2025-05,12.01,117,0,0
NSW,17640,2025-06,9.1,121.19,0,0
NSW,17640,2025-07,14,124.46,24.44,435.55
NSW,17640,2025-08,10.49,104.05,15.88,315.09
NSW,17640,2025-09,12.5,138.08,22.41,499.22
NSW,17640,2025-10,10.19,75.55,20.99,493.76
NSW,17640,2025-11,15.95,187.94,21.96,731.55
NSW,17640,2025-12,14.17,198.94,23.9,781.21
NSW,17640,2026-01,7.59,81.11,12.6,381.9
NSW,17640,2026-02,16.59,143.87,22.25,602.49
NSW,17640,2026-03,24.94,278.16,31.94,894.63
NSW,17640,2026-04,24.31,326.19,44.75,1590.17
NSW,17640,2026-05,9.53,86.1,12.42,234.48
NSW,17640,2026-06,17.04,177.24,18.44,435.09
NSW,17640,2026-07,15.54,155.13,17.66,425.97
NSW,17640,2026-08,10.97,118.76,15.53,386.25
NSW,17650,2023-01,4.05,28.22,0,0
NSW,17650,2023-02,9.96,69.65,0,0
NSW,17650,2023-03,6.98,50.13,0,0
NSW,17650,2023-04,8.6,63.93,0,0
NSW,17650,2023-05,9.58,132.02,0,0
NSW,17650,2023-06,6.51,51.42,0,0
NSW,17650,2023-07,11.94,128.76,0,0
NSW,17650,2023-08,15.2,113.51,0,0
NSW,17650,2023-09,8.5,63.72,0,0
NSW,17650,2023-10,13.78,114.8,0,0
NSW,17650,2023-11,4.68,33.49,0,0
NSW,17650,2023-12,4.17,24.23,0,0
NSW,17650,2024-01,4.83,44.34,0,0
NSW,17650,2024-02,7.65,71.52,0,0
NSW,17650,2024-03,15.37,200.26,0,0
NSW,17650,2024-04,8.01,48.6,0,0
NSW,17650,2024-05,10.82,81.69,0,0
NSW,17650,2024-06,3.84,32.9,0,0
NSW,17650,2024-07,13.06,91.52,0,0
NSW,17650,2024-08,8.65,70.45,0,0
NSW,17650,2024-09,5.16,44.83,0,0
NSW,17650,2024-10,6.27,53.02,0,0
NSW,17650,2024-11,5.39,38.41,0,0
NSW,17650,2024-12,4.63,59.3,0,0
NSW,17650,2025-01,6.31,34.73,0,0
NSW,17650,2025-02,8,104.76,0,0
NSW,17650,2025-03,6.96,55.73,0,0
NSW,17650,2025-04,3.43,31.73,0,0
NSW,17650,2025-05,3.33,27.16,0,0
NSW,17650,2025-06,7.08,59.1,0,0
NSW,17650,2025-07,8.27,72.79,11.64,173.13
NSW,17650,2025-08,3.13,32.63,3.43,64.19
NSW,17650,2025-09,11.56,107.42,12.39,230.86
NSW,17650,2025-10,4.77,46.87,12.7,236.67
NSW,17650,2025-11,5.51,49.3,7.75,194.4
NSW,17650,2025-12,7,84.04,10.78,265.49
NSW,17650,2026-01,3.67,28.02,9.1,212.53
NSW,17650,2026-02,9.37,94.08,15,397.97
NSW,17650,2026-03,9.59,87.36,15.52,472.99
NSW,17650,2026-04,10.46,207.16,19.18,695.54
NSW,17650,2026-05,6.95,61.07,7.93,136.14
NSW,17650,2026-06,8.11,72.9,9.23,198.27
NSW,17650,2026-07,6.9,68.65,11.94,229.08
NSW,17650,2026-08,7.06,83.44,7.01,156.83
NSW,17750,2023-01,60.55,525.54,0,0
NSW,17750,2023-02,64.43,672,0,0
NSW,17750,2023-03,64.94,519.94,0,0
NSW,17750,2023-04,62.04,491.93,0,0
NSW,17750,2023-05,61.8,497.32,0,0
NSW,17750,2023-06,68.55,569.8,0,0
NSW,17750,2023-07,60.18,577.95,0,0
NSW,17750,2023-08,90.53,832.7,0,0
NSW,17750,2023-09,85.14,745.82,0,0
NSW,17750,2023-10,85.62,761.58,0,0
NSW,17750,2023-11,69.18,625.85,0,0
NSW,17750,2023-12,111.32,1214.28,0,0
NSW,17750,2024-01,56.11,459.27,0,0
NSW,17750,2024-02,128.72,810.76,0,0
NSW,17750,2024-03,64.28,789.56,0,0
NSW,17750,2024-04,101.54,852.16,0,0
NSW,17750,2024-05,95.17,919.34,0,0
NSW,17750,2024-06,85.13,754.81,0,0
NSW,17750,2024-07,72.72,683.53,0,0
NSW,17750,2024-08,77.59,745.89,0,0
NSW,17750,2024-09,90.51,898.13,0,0
NSW,17750,2024-10,77.41,739.84,0,0
NSW,17750,2024-11,87.5,812.03,0,0
NSW,17750,2024-12,92.87,1169.59,0,0
NSW,17750,2025-01,41.61,385.91,0,0
NSW,17750,2025-02,73.96,754.53,0,0
NSW,17750,2025-03,137.84,1006.23,0,0
NSW,17750,2025-04,46.93,438.68,0,0
NSW,17750,2025-05,63.54,503.81,0,0
NSW,17750,2025-06,44.88,447.63,0,0
NSW,17750,2025-07,65.32,745.61,130.85,2117.96
NSW,17750,2025-08,61.79,608.1,97.5,1730.76
NSW,17750,2025-09,64.51,638.88,93.3,1907.53
NSW,17750,2025-10,58.27,573.51,85.11,1736.98
NSW,17750,2025-11,63.28,619.26,92.57,2430.04
NSW,17750,2025-12,79.43,919.43,101.73,2877.34
NSW,17750,2026-01,32.72,323.11,57,1674.7
NSW,17750,2026-02,83.33,699.84,104.92,2817.14
NSW,17750,2026-03,74.93,781.41,134.71,3985.71
NSW,17750,2026-04,90.26,1200.67,155.96,5333.38
NSW,17750,2026-05,70.99,713.89,46.21,933.3
NSW,17750,2026-06,59.93,563.84,51.37,1045.68
NSW,17750,2026-07,57.44,514.44,71.59,1536.37
NSW,17750,2026-08,39.36,303.14,56.13,1202.56
NSW,17850,2023-01,1.76,11.31,0,0
NSW,17850,2023-02,4.39,34.75,0,0
NSW,17850,2023-03,6.15,57.46,0,0
NSW,17850,2023-04,3.52,52.16,0,0
NSW,17850,2023-05,7.03,46.64,0,0
NSW,17850,2023-06,7.03,89.15,0,0
NSW,17850,2023-07,4.39,30.64,0,0
NSW,17850,2023-08,3.52,17.99,0,0
NSW,17850,2023-09,3.52,19.7,0,0
NSW,17850,2023-10,4.39,55.65,0,0
NSW,17850,2023-11,5.27,86.4,0,0
NSW,17850,2023-12,1.76,11.38,0,0
NSW,17850,2024-01,0.88,13.15,0,0
NSW,17850,2024-02,4.39,30.48,0,0
NSW,17850,2024-03,7.03,49.74,0,0
NSW,17850,2024-04,0,0,0,0
NSW,17850,2024-05,1.76,11.67,0,0
NSW,17850,2024-06,4.39,41.45,0,0
NSW,17850,2024-07,6.15,51.26,0,0
NSW,17850,2024-08,6.15,101.03,0,0
NSW,17850,2024-09,3.52,26.43,0,0
NSW,17850,2024-10,4.39,45.63,0,0
NSW,17850,2024-11,2.64,16.29,0,0
NSW,17850,2024-12,5.27,39.06,0,0
NSW,17850,2025-01,1.76,17.02,0,0
NSW,17850,2025-02,1.76,13.53,0,0
NSW,17850,2025-03,4.39,34.8,0,0
NSW,17850,2025-04,8.79,83.31,0,0
NSW,17850,2025-05,0.88,30.16,0,0
NSW,17850,2025-06,14.06,89.24,0,0
NSW,17850,2025-07,15.82,75.41,3.52,51.05
NSW,17850,2025-08,7.03,76.96,6.15,138.49
NSW,17850,2025-09,2.64,29.15,4.39,101.42
NSW,17850,2025-10,1.76,23.35,1.76,61.7
NSW,17850,2025-11,1.76,34.03,4.39,139.85
NSW,17850,2025-12,2.64,15.86,2.64,54.67
NSW,17850,2026-01,1.76,29.48,1.76,74.53
NSW,17850,2026-02,4.39,55.08,5.27,150.8
NSW,17850,2026-03,0.88,8.35,1.76,80.15
NSW,17850,2026-04,7.91,98.52,10.55,312.27
NSW,17850,2026-05,0.88,5.8,1.76,25.05
NSW,17850,2026-06,4.39,40.91,2.64,87.1
NSW,17850,2026-07,0.88,10.02,3.52,81.14
NSW,17850,2026-08,2.64,35.9,2.64,55.93
NSW,17900,2023-01,2.06,13.44,0,0
NSW,17900,2023-02,7.94,84.54,0,0
NSW,17900,2023-03,6.17,82.28,0,0
NSW,17900,2023-04,2.19,29.42,0,0
NSW,17900,2023-05,5.79,39.82,0,0
NSW,17900,2023-06,3.35,48.2,0,0
NSW,17900,2023-07,5.57,148.36,0,0
NSW,17900,2023-08,5.18,69.01,0,0
NSW,17900,2023-09,2.19,20.18,0,0
NSW,17900,2023-10,12.57,131.98,0,0
NSW,17900,2023-11,19.65,200.69,0,0
NSW,17900,2023-12,22.11,226.89,0,0
NSW,17900,2024-01,9.18,100.54,0,0
NSW,17900,2024-02,10.82,128.49,0,0
NSW,17900,2024-03,22.19,258.25,0,0
NSW,17900,2024-04,12.02,123.68,0,0
NSW,17900,2024-05,17.48,175.08,0,0
NSW,17900,2024-06,1.29,13,0,0
NSW,17900,2024-07,1.44,16.63,0,0
NSW,17900,2024-08,3.25,24.02,0,0
NSW,17900,2024-09,6.07,53.74,0,0
NSW,17900,2024-10,1.08,13.48,0,0
NSW,17900,2024-11,3.38,47.78,0,0
NSW,17900,2024-12,3.29,43.89,0,0
NSW,17900,2025-01,1.17,14.75,0,0
NSW,17900,2025-02,1.01,17.33,0,0
NSW,17900,2025-03,1.63,17.53,0,0
NSW,17900,2025-04,2.33,17.84,0,0
NSW,17900,2025-05,10.08,64.7,0,0
NSW,17900,2025-06,0.23,1.68,0,0
NSW,17900,2025-07,2.03,14.22,0.08,1.18
NSW,17900,2025-08,5.04,34.11,5.87,62.88
NSW,17900,2025-09,0.27,2.03,2.39,69.12
NSW,17900,2025-10,7.13,66.21,10.02,238.01
NSW,17900,2025-11,6.03,67.02,6.3,159.71
NSW,17900,2025-12,7.2,91.31,13.16,316.92
NSW,17900,2026-01,0,0,0.09,0.82
NSW,17900,2026-02,4.09,76.8,2.2,132.91
NSW,17900,2026-03,2.41,17.68,3.37,139.81
NSW,17900,2026-04,7.67,107.39,6.91,268.06
NSW,17900,2026-05,2.43,25.26,0.34,12.06
NSW,17900,2026-06,6.01,45.03,8.42,157.38
NSW,17900,2026-07,3.17,32.81,2.31,48.19
NSW,17900,2026-08,0.19,1.8,0.09,1.36
NSW,17950,2023-01,1.12,17.01,0,0
NSW,17950,2023-02,1.44,23.84,0,0
NSW,17950,2023-03,1.32,15.91,0,0
NSW,17950,2023-04,1.29,9.58,0,0
NSW,17950,2023-05,5.53,56.52,0,0
NSW,17950,2023-06,1.44,16.38,0,0
NSW,17950,2023-07,1.33,17.65,0,0
NSW,17950,2023-08,11.71,60.36,0,0
NSW,17950,2023-09,2.33,23.13,0,0
NSW,17950,2023-10,3.21,52.58,0,0
NSW,17950,2023-11,9.45,102.38,0,0
NSW,17950,2023-12,2.43,21.7,0,0
NSW,17950,2024-01,0.16,1.51,0,0
NSW,17950,2024-02,3.23,26.56,0,0
NSW,17950,2024-03,1.32,9.8,0,0
NSW,17950,2024-04,0.55,4.3,0,0
NSW,17950,2024-05,0.34,2.68,0,0
NSW,17950,2024-06,18.27,125.74,0,0
NSW,17950,2024-07,18.35,110.56,0,0
NSW,17950,2024-08,4.33,38.75,0,0
NSW,17950,2024-09,0.37,3.65,0,0
NSW,17950,2024-10,2.23,43.58,0,0
NSW,17950,2024-11,0.3,3.97,0,0
NSW,17950,2024-12,1.25,67.12,0,0
NSW,17950,2025-01,0.21,3.96,0,0
NSW,17950,2025-02,3.37,29.03,0,0
NSW,17950,2025-03,1.47,13.16,0,0
NSW,17950,2025-04,2.22,20.21,0,0
NSW,17950,2025-05,1.36,9.65,0,0
NSW,17950,2025-06,3.22,55.44,0,0
NSW,17950,2025-07,2.05,20.8,4.19,140.89
NSW,17950,2025-08,2.1,79.95,1.14,29.86
NSW,17950,2025-09,2.23,24.84,0.43,9.69
NSW,17950,2025-10,2.28,16.4,6.45,104.92
NSW,17950,2025-11,3.12,20.37,2.38,57.93
NSW,17950,2025-12,0.43,9.33,4.67,159.17
NSW,17950,2026-01,0.05,0.75,3.1,87.91
NSW,17950,2026-02,0.37,4.56,1.48,39.78
NSW,17950,2026-03,4.49,49.39,10.64,349.11
NSW,17950,2026-04,8.12,115.05,9.51,397.31
NSW,17950,2026-05,2.27,28.47,0.25,8.52
NSW,17950,2026-06,9.14,125.36,8.45,257.52
NSW,17950,2026-07,1.51,21.88,3.47,130.27
NSW,17950,2026-08,5.17,68.2,5.19,182.68
NSW,18020,2023-01,4.06,35.54,0,0
NSW,18020,2023-02,10.89,84,0,0
NSW,18020,2023-03,10.1,132.42,0,0
NSW,18020,2023-04,6.57,39.39,0,0
NSW,18020,2023-05,15.4,126.23,0,0
NSW,18020,2023-06,21.04,244.83,0,0
NSW,18020,2023-07,16.69,168.24,0,0
NSW,18020,2023-08,12.69,141.62,0,0
NSW,18020,2023-09,8.37,87.67,0,0
NSW,18020,2023-10,8.02,68.37,0,0
NSW,18020,2023-11,20.04,186.75,0,0
NSW,18020,2023-12,9.79,77.16,0,0
NSW,18020,2024-01,9.23,105.67,0,0
NSW,18020,2024-02,2.36,15.71,0,0
NSW,18020,2024-03,5.52,49.94,0,0
NSW,18020,2024-04,21.4,206.3,0,0
NSW,18020,2024-05,45.02,296.71,0,0
NSW,18020,2024-06,28.58,195.9,0,0
NSW,18020,2024-07,17.12,137.55,0,0
NSW,18020,2024-08,18.7,184.13,0,0
NSW,18020,2024-09,3.58,36.31,0,0
NSW,18020,2024-10,6.69,63.05,0,0
NSW,18020,2024-11,7.49,78.78,0,0
NSW,18020,2024-12,14.21,144.32,0,0
NSW,18020,2025-01,6.81,65.84,0,0
NSW,18020,2025-02,21.57,154.4,0,0
NSW,18020,2025-03,14.66,132.97,0,0
NSW,18020,2025-04,7.26,74.57,0,0
NSW,18020,2025-05,5.54,52.13,0,0
NSW,18020,2025-06,10.37,84.34,0,0
NSW,18020,2025-07,6.62,67.87,3.25,83.98
NSW,18020,2025-08,8.73,63.16,4.79,97.67
NSW,18020,2025-09,7.77,76.29,19.48,457.68
NSW,18020,2025-10,6.3,49.66,14.81,345.7
NSW,18020,2025-11,12.01,160.99,16.14,385.96
NSW,18020,2025-12,10.96,186.66,20.9,776.73
NSW,18020,2026-01,2.67,26.51,3.66,116.83
NSW,18020,2026-02,4.77,38.1,7.95,247.04
NSW,18020,2026-03,14.56,147.72,17.24,492.09
NSW,18020,2026-04,17.27,208.97,33.03,1008.71
NSW,18020,2026-05,2.86,28.57,1.67,31.66
NSW,18020,2026-06,13.93,113.93,10.41,248.87
NSW,18020,2026-07,12.57,146.83,9.43,283.49
NSW,18020,2026-08,9.01,108.28,9.08,258.22
NSW,18050,2023-01,20.19,259.02,0,0
NSW,18050,2023-02,24.89,211.78,0,0
NSW,18050,2023-03,25.29,248.62,0,0
NSW,18050,2023-04,24.09,225.56,0,0
NSW,18050,2023-05,20.49,159.8,0,0
NSW,18050,2023-06,33.19,298.2,0,0
NSW,18050,2023-07,27.69,266.82,0,0
NSW,18050,2023-08,28.89,261.91,0,0
NSW,18050,2023-09,40.19,459.45,0,0
NSW,18050,2023-10,30.59,313.27,0,0
NSW,18050,2023-11,39.19,365.04,0,0
NSW,18050,2023-12,31.98,263.07,0,0
NSW,18050,2024-01,22.09,209.58,0,0
NSW,18050,2024-02,33.59,318.2,0,0
NSW,18050,2024-03,27.49,249.17,0,0
NSW,18050,2024-04,29.79,286.38,0,0
NSW,18050,2024-05,29.39,248.64,0,0
NSW,18050,2024-06,23.29,220.31,0,0
NSW,18050,2024-07,24.39,297.92,0,0
NSW,18050,2024-08,24.29,221.19,0,0
NSW,18050,2024-09,28.29,340.1,0,0
NSW,18050,2024-10,18.19,252.67,0,0
NSW,18050,2024-11,25.19,258.98,0,0
NSW,18050,2024-12,28.19,316.86,0,0
NSW,18050,2025-01,12.69,142.41,0,0
NSW,18050,2025-02,21.4,211.6,0,0
NSW,18050,2025-03,17.09,162.05,0,0
NSW,18050,2025-04,17.29,209.33,0,0
NSW,18050,2025-05,15.89,151.89,0,0
NSW,18050,2025-06,16.49,148.55,0,0
NSW,18050,2025-07,19.29,195.49,35.19,633.4
NSW,18050,2025-08,12.79,182.06,23.99,472.71
NSW,18050,2025-09,13.49,139.31,34.89,703.51
NSW,18050,2025-10,21.69,270.6,33.99,871.61
NSW,18050,2025-11,25.99,265.17,45.07,1206.43
NSW,18050,2025-12,36.68,402.86,48.78,1336.3
NSW,18050,2026-01,12.4,123.32,26.3,823.25
NSW,18050,2026-02,15.5,237.83,37.89,1076.87
NSW,18050,2026-03,38.38,464.81,63.67,2065.39
NSW,18050,2026-04,48.18,561.47,95.35,3585.9
NSW,18050,2026-05,13.79,135.05,18.29,473.34
NSW,18050,2026-06,26.5,263.13,34.79,939.94
NSW,18050,2026-07,16.3,149.07,22.19,489.04
NSW,18050,2026-08,11.79,103.76,12.29,340.52
NSW,18100,2023-01,7.03,65.42,0,0
NSW,18100,2023-02,6.12,73.13,0,0
NSW,18100,2023-03,8.13,76.9,0,0
NSW,18100,2023-04,5.18,48.4,0,0
NSW,18100,2023-05,6.17,51.14,0,0
NSW,18100,2023-06,2.32,21.93,0,0
NSW,18100,2023-07,3.19,27.95,0,0
NSW,18100,2023-08,3.22,30.26,0,0
NSW,18100,2023-09,2.13,19.65,0,0
NSW,18100,2023-10,2.15,13.9,0,0
NSW,18100,2023-11,3.25,29.31,0,0
NSW,18100,2023-12,5.83,145.42,0,0
NSW,18100,2024-01,2.72,17.47,0,0
NSW,18100,2024-02,3.2,48.38,0,0
NSW,18100,2024-03,5.84,65.99,0,0
NSW,18100,2024-04,4.16,27.82,0,0
NSW,18100,2024-05,7.25,57.1,0,0
NSW,18100,2024-06,10.44,82.92,0,0
NSW,18100,2024-07,11.78,110.53,0,0
NSW,18100,2024-08,11.24,95.72,0,0
NSW,18100,2024-09,6.82,53.96,0,0
NSW,18100,2024-10,7.29,78.56,0,0
NSW,18100,2024-11,6.17,69.71,0,0
NSW,18100,2024-12,7.07,37.76,0,0
NSW,18100,2025-01,2.05,20.32,0,0
NSW,18100,2025-02,10.1,87.95,0,0
NSW,18100,2025-03,4.17,35.1,0,0
NSW,18100,2025-04,5.17,31.42,0,0
NSW,18100,2025-05,4.71,33.02,0,0
NSW,18100,2025-06,2.09,41.21,0,0
NSW,18100,2025-07,7.09,57.06,4.2,78.53
NSW,18100,2025-08,4.79,48.34,4.89,70.08
NSW,18100,2025-09,3.12,36.2,5.12,114.59
NSW,18100,2025-10,9.13,76.32,13.17,273.94
NSW,18100,2025-11,4.13,54.28,5.25,162.79
NSW,18100,2025-12,3.15,28.37,5.25,124.42
NSW,18100,2026-01,4.03,44.56,3.06,89.14
NSW,18100,2026-02,3.09,28.87,6.18,161.54
NSW,18100,2026-03,5.18,51.05,6.68,182.71
NSW,18100,2026-04,4.31,68.14,14.42,478.24
NSW,18100,2026-05,3.05,18.75,2.09,62.81
NSW,18100,2026-06,9.18,63.05,14.2,244.22
NSW,18100,2026-07,4.11,38.17,5.12,108.69
NSW,18100,2026-08,1.09,13.38,2.13,45.52
NSW,18200,2023-01,3,23.31,0,0
NSW,18200,2023-02,8.97,113.5,0,0
NSW,18200,2023-03,11.98,127.46,0,0
NSW,18200,2023-04,5.04,70.66,0,0
NSW,18200,2023-05,8,106.79,0,0
NSW,18200,2023-06,7.97,109.89,0,0
NSW,18200,2023-07,13.97,219.2,0,0
NSW,18200,2023-08,20.93,216.42,0,0
NSW,18200,2023-09,9.02,110.78,0,0
NSW,18200,2023-10,10.03,150.95,0,0
NSW,18200,2023-11,8.33,101.12,0,0
NSW,18200,2023-12,11.97,132.09,0,0
NSW,18200,2024-01,5.99,51.67,0,0
NSW,18200,2024-02,9.99,126.47,0,0
NSW,18200,2024-03,10.07,196.86,0,0
NSW,18200,2024-04,10.98,107.79,0,0
NSW,18200,2024-05,6.99,164.84,0,0
NSW,18200,2024-06,7.98,67.32,0,0
NSW,18200,2024-07,8.01,68.87,0,0
NSW,18200,2024-08,38.92,320.78,0,0
NSW,18200,2024-09,11.97,135.1,0,0
NSW,18200,2024-10,20.95,248.89,0,0
NSW,18200,2024-11,15,219.62,0,0
NSW,18200,2024-12,17.96,399.63,0,0
NSW,18200,2025-01,3.04,22.98,0,0
NSW,18200,2025-02,6.99,80.44,0,0
NSW,18200,2025-03,27,451.73,0,0
NSW,18200,2025-04,10.98,103.6,0,0
NSW,18200,2025-05,9.52,149.68,0,0
NSW,18200,2025-06,8.02,102.19,0,0
NSW,18200,2025-07,4.98,67.11,1.99,52.08
NSW,18200,2025-08,7.99,200.11,2.99,74.51
NSW,18200,2025-09,8.06,142.42,4.99,177.57
NSW,18200,2025-10,8.01,87.65,11.02,209.58
NSW,18200,2025-11,11.97,108.2,12.97,199.6
NSW,18200,2025-12,15.99,179.82,12.97,365.98
NSW,18200,2026-01,3,46.36,4.99,106.63
NSW,18200,2026-02,3,27.56,5.99,153.04
NSW,18200,2026-03,3.02,34.45,6.01,145.13
NSW,18200,2026-04,12.02,162.12,27.99,901.73
NSW,18200,2026-05,6.99,127.21,3.99,94.95
NSW,18200,2026-06,8.99,117.3,11.99,363.39
NSW,18200,2026-07,5,44.42,12.93,235.22
NSW,18200,2026-08,6.96,105.99,8.95,189.64
NSW,18250,2023-01,30.33,260.22,0,0
NSW,18250,2023-02,41.12,375.32,0,0
NSW,18250,2023-03,30.17,271.13,0,0
NSW,18250,2023-04,38.62,436.65,0,0
NSW,18250,2023-05,55.56,569.06,0,0
NSW,18250,2023-06,31.95,361.43,0,0
NSW,18250,2023-07,48.59,585.9,0,0
NSW,18250,2023-08,57.76,576.54,0,0
NSW,18250,2023-09,49.3,530.41,0,0
NSW,18250,2023-10,55.37,610.19,0,0
NSW,18250,2023-11,64.56,668.9,0,0
NSW,18250,2023-12,54.83,604,0,0
NSW,18250,2024-01,31.3,293.18,0,0
NSW,18250,2024-02,38.82,403.53,0,0
NSW,18250,2024-03,37.96,485.38,0,0
NSW,18250,2024-04,34.26,454.96,0,0
NSW,18250,2024-05,36.03,445.15,0,0
NSW,18250,2024-06,34.39,391.77,0,0
NSW,18250,2024-07,44.74,463.58,0,0
NSW,18250,2024-08,39.03,380.96,0,0
NSW,18250,2024-09,34.95,359.17,0,0
NSW,18250,2024-10,33.41,430.24,0,0
NSW,18250,2024-11,39.48,415.04,0,0
NSW,18250,2024-12,53.13,641,0,0
NSW,18250,2025-01,12.06,132.38,0,0
NSW,18250,2025-02,35.22,367.75,0,0
NSW,18250,2025-03,28.09,348.14,0,0
NSW,18250,2025-04,27.66,287.08,0,0
NSW,18250,2025-05,30.33,301.13,0,0
NSW,18250,2025-06,31.41,259.99,0,0
NSW,18250,2025-07,32.89,384.03,75.3,1320.89
NSW,18250,2025-08,23.14,248.44,50.05,1072.71
NSW,18250,2025-09,39.86,461.21,67.99,1796.15
NSW,18250,2025-10,44.38,505.78,86.17,2522.18
NSW,18250,2025-11,41.11,537.17,96.54,3044.11
NSW,18250,2025-12,69.51,1039.52,115,4164.81
NSW,18250,2026-01,36.79,392.98,65.19,2125.11
NSW,18250,2026-02,46.25,516.05,94.37,3207.26
NSW,18250,2026-03,76.57,830.07,149.69,5522.96
NSW,18250,2026-04,110.72,1284.18,232.15,9568.92
NSW,18250,2026-05,28.36,308.1,51.89,1228.8
NSW,18250,2026-06,47.43,508.39,67.43,1676.01
NSW,18250,2026-07,40.16,437.64,63.63,1677.3
NSW,18250,2026-08,21.26,259.84,27.25,737.64
NSW,18350,2023-01,76.2,647.24,0,0
NSW,18350,2023-02,110.29,980.82,0,0
NSW,18350,2023-03,75.04,725.05,0,0
NSW,18350,2023-04,81.03,800.1,0,0
NSW,18350,2023-05,91.73,936.14,0,0
NSW,18350,2023-06,89.67,859.91,0,0
NSW,18350,2023-07,95.15,795.13,0,0
NSW,18350,2023-08,133.77,1392.52,0,0
NSW,18350,2023-09,107.37,1054.71,0,0
NSW,18350,2023-10,117.6,1219.74,0,0
NSW,18350,2023-11,107.56,1037.8,0,0
NSW,18350,2023-12,100.07,1092.75,0,0
NSW,18350,2024-01,61.39,564.94,0,0
NSW,18350,2024-02,89.98,843.69,0,0
NSW,18350,2024-03,96.88,1034.37,0,0
NSW,18350,2024-04,79.06,771.87,0,0
NSW,18350,2024-05,87.61,976.28,0,0
NSW,18350,2024-06,59.17,737.91,0,0
NSW,18350,2024-07,99.19,998.59,0,0
NSW,18350,2024-08,83.76,886.23,0,0
NSW,18350,2024-09,66.5,683.83,0,0
NSW,18350,2024-10,84.13,822.87,0,0
NSW,18350,2024-11,73.01,701.18,0,0
NSW,18350,2024-12,79.22,1056.27,0,0
NSW,18350,2025-01,50.65,386.7,0,0
NSW,18350,2025-02,48.7,514.36,0,0
NSW,18350,2025-03,62.44,644.6,0,0
NSW,18350,2025-04,49.58,444.13,0,0
NSW,18350,2025-05,52.53,546.7,0,0
NSW,18350,2025-06,47.99,507.08,0,0
NSW,18350,2025-07,59.33,558.33,177.73,3188.15
NSW,18350,2025-08,71.27,759.43,102.67,2196.91
NSW,18350,2025-09,62.4,660.15,127.54,2800.8
NSW,18350,2025-10,76.3,819.07,149.38,3788.51
NSW,18350,2025-11,79.5,840.5,125.87,3316.14
NSW,18350,2025-12,91.72,1262.98,137.02,4250.19
NSW,18350,2026-01,65.51,629.63,91.86,2758.85
NSW,18350,2026-02,63.58,731.34,121.37,3744.68
NSW,18350,2026-03,80.7,868.53,144.77,5068.05
NSW,18350,2026-04,104.74,1321.48,227.24,8284.02
NSW,18350,2026-05,50.37,517.23,77.55,1762.95
NSW,18350,2026-06,91.4,937.63,107.23,2621.63
NSW,18350,2026-07,63.07,652.62,87.45,2209.32
NSW,18350,2026-08,51.82,446.5,48.75,1213.02
NSW,18400,2023-01,58.42,595.15,0,0
NSW,18400,2023-02,106.36,1043.28,0,0
NSW,18400,2023-03,74.58,760.24,0,0
NSW,18400,2023-04,71.48,647.44,0,0
NSW,18400,2023-05,103.87,1000.18,0,0
NSW,18400,2023-06,94.39,1131.93,0,0
NSW,18400,2023-07,113.5,1097.11,0,0
NSW,18400,2023-08,110.71,1141.44,0,0
NSW,18400,2023-09,108.43,1109.73,0,0
NSW,18400,2023-10,99.58,1188.83,0,0
NSW,18400,2023-11,127.55,1372.98,0,0
NSW,18400,2023-12,100.29,1195.36,0,0
NSW,18400,2024-01,93.1,916.8,0,0
NSW,18400,2024-02,113.31,1073.75,0,0
NSW,18400,2024-03,127.88,1394.3,0,0
NSW,18400,2024-04,114.64,1128.68,0,0
NSW,18400,2024-05,108.34,1073.17,0,0
NSW,18400,2024-06,89.89,947.5,0,0
NSW,18400,2024-07,123.99,1343.5,0,0
NSW,18400,2024-08,92.22,923.76,0,0
NSW,18400,2024-09,92.4,866.99,0,0
NSW,18400,2024-10,104.76,1006.45,0,0
NSW,18400,2024-11,100.21,946.54,0,0
NSW,18400,2024-12,120.21,1307.56,0,0
NSW,18400,2025-01,71.34,660.59,0,0
NSW,18400,2025-02,86.93,825.64,0,0
NSW,18400,2025-03,89.73,795.57,0,0
NSW,18400,2025-04,72.88,811.45,0,0
NSW,18400,2025-05,92.99,856.53,0,0
NSW,18400,2025-06,70.09,621.51,0,0
NSW,18400,2025-07,52.81,493.21,88.15,1648.02
NSW,18400,2025-08,64.88,768.83,58.69,1231.21
NSW,18400,2025-09,85.43,916.56,107.26,2704.36
NSW,18400,2025-10,80.56,925.18,113.58,3206.8
NSW,18400,2025-11,91.12,919.05,101.11,2876.28
NSW,18400,2025-12,84.01,997.22,137.42,4504.87
NSW,18400,2026-01,63.92,580.42,88.05,2960.58
NSW,18400,2026-02,73.89,799.66,144.77,5253.61
NSW,18400,2026-03,103.71,1203.04,171.49,6417.52
NSW,18400,2026-04,138,1624.75,291.76,11688.6
NSW,18400,2026-05,93.17,839.28,58.67,1501.64
NSW,18400,2026-06,118.69,1141.15,93.6,2482.54
NSW,18400,2026-07,89.56,900.08,74.24,2099.91
NSW,18400,2026-08,61.21,635.94,52.83,1452.71
NSW,18450,2023-01,164.89,1330.72,0,0
NSW,18450,2023-02,205.48,1859.48,0,0
NSW,18450,2023-03,195.69,1702.89,0,0
NSW,18450,2023-04,179.75,1517.27,0,0
NSW,18450,2023-05,234.84,1942.65,0,0
NSW,18450,2023-06,206.71,1909.55,0,0
NSW,18450,2023-07,210.95,1881.5,0,0
NSW,18450,2023-08,261.1,2420.12,0,0
NSW,18450,2023-09,214.27,2101.91,0,0
NSW,18450,2023-10,240.97,2371.63,0,0
NSW,18450,2023-11,232.17,2189.5,0,0
NSW,18450,2023-12,254.58,2843.42,0,0
NSW,18450,2024-01,164.03,1382.87,0,0
NSW,18450,2024-02,204.45,1778.1,0,0
NSW,18450,2024-03,207.62,2130.26,0,0
NSW,18450,2024-04,187.62,1860.82,0,0
NSW,18450,2024-05,177.27,1719.89,0,0
NSW,18450,2024-06,208.54,2150.13,0,0
NSW,18450,2024-07,196.31,2184.64,0,0
NSW,18450,2024-08,232.39,2203.67,0,0
NSW,18450,2024-09,179.7,1761.71,0,0
NSW,18450,2024-10,202.76,1965.51,0,0
NSW,18450,2024-11,194.9,1726.9,0,0
NSW,18450,2024-12,206.43,2253.93,0,0
NSW,18450,2025-01,117.07,1012.62,0,0
NSW,18450,2025-02,145.75,1406.55,0,0
NSW,18450,2025-03,160.31,1615.38,0,0
NSW,18450,2025-04,115.73,1035.53,0,0
NSW,18450,2025-05,123.81,1068.08,0,0
NSW,18450,2025-06,126.71,1130.28,0,0
NSW,18450,2025-07,147,1483.02,281.64,4539.16
NSW,18450,2025-08,119.87,1351.66,212.3,4127.73
NSW,18450,2025-09,138.75,1335.8,242.55,5419.12
NSW,18450,2025-10,169.47,1780.31,297.26,7285.61
NSW,18450,2025-11,192.75,1962.8,350.04,9253.78
NSW,18450,2025-12,175.29,1813.77,346.77,9006.05
NSW,18450,2026-01,130.49,1191.24,282.53,7208.92
NSW,18450,2026-02,178.61,1837.09,402.51,12141.71
NSW,18450,2026-03,251.81,2558.16,490.7,15598.27
NSW,18450,2026-04,302.67,3476.73,679.63,23543.45
NSW,18450,2026-05,168.38,1423.62,218.08,4744.72
NSW,18450,2026-06,234.15,2128.13,287.97,6531.46
NSW,18450,2026-07,215.61,1996.6,268.1,5956.92
NSW,18450,2026-08,140.59,1271.31,154.91,3772.22
NSW,18500,2023-01,12.81,148.42,0,0
NSW,18500,2023-02,23.1,223.02,0,0
NSW,18500,2023-03,21.69,235.82,0,0
NSW,18500,2023-04,12.91,125.64,0,0
NSW,18500,2023-05,18.51,178.92,0,0
NSW,18500,2023-06,18.46,219.97,0,0
NSW,18500,2023-07,19.94,218.45,0,0
NSW,18500,2023-08,21.75,272.3,0,0
NSW,18500,2023-09,25.44,312.42,0,0
NSW,18500,2023-10,17.73,209.65,0,0
NSW,18500,2023-11,25.78,315.68,0,0
NSW,18500,2023-12,22,237.44,0,0
NSW,18500,2024-01,15.9,177.78,0,0
NSW,18500,2024-02,14.05,129.73,0,0
NSW,18500,2024-03,20.48,227.44,0,0
NSW,18500,2024-04,21.19,206.72,0,0
NSW,18500,2024-05,14.27,135.5,0,0
NSW,18500,2024-06,22.03,219.99,0,0
NSW,18500,2024-07,20.59,247.55,0,0
NSW,18500,2024-08,14.37,170.62,0,0
NSW,18500,2024-09,14.03,153.34,0,0
NSW,18500,2024-10,17.13,199.41,0,0
NSW,18500,2024-11,14.79,157.15,0,0
NSW,18500,2024-12,15.13,155.14,0,0
NSW,18500,2025-01,10.95,102.62,0,0
NSW,18500,2025-02,16.25,136.16,0,0
NSW,18500,2025-03,18.23,211.04,0,0
NSW,18500,2025-04,8.03,141.16,0,0
NSW,18500,2025-05,12.75,256,0,0
NSW,18500,2025-06,14.49,208.8,0,0
NSW,18500,2025-07,16.03,132.73,24.76,498.81
NSW,18500,2025-08,12.87,187.64,18.99,457.28
NSW,18500,2025-09,10.51,153.93,21.11,621.85
NSW,18500,2025-10,17.95,164.99,19,529.61
NSW,18500,2025-11,20,252.42,40.54,1209.93
NSW,18500,2025-12,25.64,327.2,36.52,1035.17
NSW,18500,2026-01,6.25,75.46,11.01,350.47
NSW,18500,2026-02,10.83,121.72,20.43,739.75
NSW,18500,2026-03,20.28,274.05,44.66,1526.51
NSW,18500,2026-04,39.79,450.81,77.26,3094.87
NSW,18500,2026-05,16.17,135.5,12.33,288.75
NSW,18500,2026-06,14.83,154.17,17.87,492.88
NSW,18500,2026-07,13.69,167.49,16.45,461.89
NSW,18500,2026-08,7.53,84.12,7.03,155.36
NSW,18710,2023-01,16.37,165.73,0,0
NSW,18710,2023-02,28.21,286.64,0,0
NSW,18710,2023-03,23,262.08,0,0
NSW,18710,2023-04,36.34,394.02,0,0
NSW,18710,2023-05,35.34,350.32,0,0
NSW,18710,2023-06,35.54,329.25,0,0
NSW,18710,2023-07,34.28,393.21,0,0
NSW,18710,2023-08,25.63,286.96,0,0
NSW,18710,2023-09,30.49,326.49,0,0
NSW,18710,2023-10,28.57,351.65,0,0
NSW,18710,2023-11,29.02,311.55,0,0
NSW,18710,2023-12,26.13,267.86,0,0
NSW,18710,2024-01,22.64,241.41,0,0
NSW,18710,2024-02,30.05,317.07,0,0
NSW,18710,2024-03,18.56,184.87,0,0
NSW,18710,2024-04,30.15,362.36,0,0
NSW,18710,2024-05,32.78,370.42,0,0
NSW,18710,2024-06,34.43,356.96,0,0
NSW,18710,2024-07,34.68,359.28,0,0
NSW,18710,2024-08,32.59,296.76,0,0
NSW,18710,2024-09,27.18,285.28,0,0
NSW,18710,2024-10,25.14,298.9,0,0
NSW,18710,2024-11,30.08,266.4,0,0
NSW,18710,2024-12,29.31,382.98,0,0
NSW,18710,2025-01,14.35,146.4,0,0
NSW,18710,2025-02,27.34,312.62,0,0
NSW,18710,2025-03,24.81,388.38,0,0
NSW,18710,2025-04,15.99,157.54,0,0
NSW,18710,2025-05,22.42,250.53,0,0
NSW,18710,2025-06,11,130.49,0,0
NSW,18710,2025-07,26.16,268.28,40.88,759.03
NSW,18710,2025-08,22.74,248.3,34.89,686.13
NSW,18710,2025-09,30.23,341.62,41.23,1085.76
NSW,18710,2025-10,30.45,388.6,38.65,943.21
NSW,18710,2025-11,22.37,284.48,33.8,859.08
NSW,18710,2025-12,24.49,362.33,40.84,1245.66
NSW,18710,2026-01,12.33,149.4,27.57,901.8
NSW,18710,2026-02,31.52,421.41,51.14,1361.02
NSW,18710,2026-03,33.31,456.6,64.78,2001.77
NSW,18710,2026-04,50.81,783.3,104.86,3932.85
NSW,18710,2026-05,23.89,290.93,25.03,459
NSW,18710,2026-06,26.35,316.95,39.24,956.68
NSW,18710,2026-07,24.06,335.11,31.27,760.61
NSW,18710,2026-08,23.73,306.78,23.13,587.06
NT,70200,2023-01,6,64.25,0,0
NT,70200,2023-02,4.97,39.33,0,0
NT,70200,2023-03,8,52.56,0,0
NT,70200,2023-04,12,75.03,0,0
NT,70200,2023-05,14.93,134.78,0,0
NT,70200,2023-06,20,291.7,0,0
NT,70200,2023-07,8.97,83.69,0,0
NT,70200,2023-08,15,120.76,0,0
NT,70200,2023-09,3.97,28.45,0,0
NT,70200,2023-10,10.97,123.68,0,0
NT,70200,2023-11,6,53,0,0
NT,70200,2023-12,9.97,256.56,0,0
NT,70200,2024-01,11,87.97,0,0
NT,70200,2024-02,5,54.12,0,0
NT,70200,2024-03,3,32.92,0,0
NT,70200,2024-04,6,49.72,0,0
NT,70200,2024-05,7.97,130.46,0,0
NT,70200,2024-06,9,178.01,0,0
NT,70200,2024-07,7,89.86,0,0
NT,70200,2024-08,5.97,60.03,0,0
NT,70200,2024-09,4,120.55,0,0
NT,70200,2024-10,8.93,134.21,0,0
NT,70200,2024-11,6.97,108.73,0,0
NT,70200,2024-12,14.9,288.83,0,0
NT,70200,2025-01,4.97,57.46,0,0
NT,70200,2025-02,8,140.74,0,0
NT,70200,2025-03,4.9,91.43,0,0
NT,70200,2025-04,3.97,76.88,0,0
NT,70200,2025-05,4.97,68.17,0,0
NT,70200,2025-06,1,99.28,0,0
NT,70200,2025-07,14.86,186,16.93,412.79
NT,70200,2025-08,8.97,164.51,11.9,324.69
NT,70200,2025-09,12.97,261.3,11.97,342.76
NT,70200,2025-10,6.93,108.02,11.93,335.93
NT,70200,2025-11,8.9,196.8,9.86,304.12
NT,70200,2025-12,13.83,207.58,13.9,397.91
NT,70200,2026-01,2,20.9,3,62.03
NT,70200,2026-02,3.97,50.57,4,100.07
NT,70200,2026-03,10,113.61,10,290.7
NT,70200,2026-04,17.9,256.85,23.86,757.33
NT,70200,2026-05,0,0,0,0
NT,70200,2026-06,18,130.88,3,55.8
NT,70200,2026-07,28,213.22,3,80
NT,70200,2026-08,3.93,51.75,2.93,77.29
NT,70420,2023-01,0.08,0.51,0,0
NT,70420,2023-02,0.4,5.68,0,0
NT,70420,2023-03,0.47,5.25,0,0
NT,70420,2023-04,0.08,1.19,0,0
NT,70420,2023-05,9.32,87.64,0,0
NT,70420,2023-06,3.07,24.9,0,0
NT,70420,2023-07,1.48,20.59,0,0
NT,70420,2023-08,25.04,152.22,0,0
NT,70420,2023-09,25.79,162.65,0,0
NT,70420,2023-10,17.65,114.68,0,0
NT,70420,2023-11,9.52,299.82,0,0
NT,70420,2023-12,12.13,79.06,0,0
NT,70420,2024-01,1.05,7.26,0,0
NT,70420,2024-02,1.27,7.4,0,0
NT,70420,2024-03,0.56,9.52,0,0
NT,70420,2024-04,0.51,7.36,0,0
NT,70420,2024-05,0.39,3.87,0,0
NT,70420,2024-06,0.62,20.89,0,0
NT,70420,2024-07,0.41,7.33,0,0
NT,70420,2024-08,3.5,41.28,0,0
NT,70420,2024-09,0.77,13.95,0,0
NT,70420,2024-10,0.65,18.07,0,0
NT,70420,2024-11,0.75,7.79,0,0
NT,70420,2024-12,0.35,6.53,0,0
NT,70420,2025-01,3.07,58.61,0,0
NT,70420,2025-02,0.37,3.3,0,0
NT,70420,2025-03,1.5,45.22,0,0
NT,70420,2025-04,0.38,6.74,0,0
NT,70420,2025-05,2.57,114.83,0,0
NT,70420,2025-06,5.19,42.81,0,0
NT,70420,2025-07,0.5,15.61,0.13,11.4
NT,70420,2025-08,0.29,3.85,0.2,3.47
NT,70420,2025-09,1.81,25.37,0.1,2.37
NT,70420,2025-10,5.06,75.57,0.28,11.89
NT,70420,2025-11,0.85,13.62,0.95,38.09
NT,70420,2025-12,2.19,37.69,2.04,113.06
NT,70420,2026-01,0.03,0.69,0.01,0.13
NT,70420,2026-02,0.29,6.78,0.29,11.9
NT,70420,2026-03,0.38,5.04,0.12,3.35
NT,70420,2026-04,1.51,39.68,1.56,37.35
NT,70420,2026-05,2.93,40.22,2.86,88.97
NT,70420,2026-06,0.53,6.62,0.42,11.7
NT,70420,2026-07,0.36,7.5,0.28,8.6
NT,70420,2026-08,0.17,1.52,0.16,5.24
NT,70540,2023-01,0,0.07,0,0
NT,70540,2023-02,0.03,0.26,0,0
NT,70540,2023-03,0.03,0.28,0,0
NT,70540,2023-04,0.03,0.93,0,0
NT,70540,2023-05,0.03,0.38,0,0
NT,70540,2023-06,0.04,1.11,0,0
NT,70540,2023-07,0.03,0.55,0,0
NT,70540,2023-08,0.06,0.98,0,0
NT,70540,2023-09,0.05,0.43,0,0
NT,70540,2023-10,0.02,0.71,0,0
NT,70540,2023-11,0.07,1.69,0,0
NT,70540,2023-12,0.02,0.38,0,0
NT,70540,2024-01,0.04,0.62,0,0
NT,70540,2024-02,0.03,0.33,0,0
NT,70540,2024-03,0.03,0.52,0,0
NT,70540,2024-04,0.05,1.27,0,0
NT,70540,2024-05,0.01,0.17,0,0
NT,70540,2024-06,0.03,1.21,0,0
NT,70540,2024-07,0.02,0.98,0,0
NT,70540,2024-08,0.07,1.67,0,0
NT,70540,2024-09,0.04,0.68,0,0
NT,70540,2024-10,0.06,0.56,0,0
NT,70540,2024-11,0.02,0.45,0,0
NT,70540,2024-12,0.02,0.74,0,0
NT,70540,2025-01,0.01,0.16,0,0
NT,70540,2025-02,0.02,0.34,0,0
NT,70540,2025-03,0.04,0.57,0,0
NT,70540,2025-04,0.03,0.44,0,0
NT,70540,2025-05,0.02,0.3,0,0
NT,70540,2025-06,0.04,0.35,0,0
NT,70540,2025-07,0.04,0.88,0.03,1.02
NT,70540,2025-08,0.03,0.6,0.02,0.99
NT,70540,2025-09,0.03,0.46,0.02,0.65
NT,70540,2025-10,0.01,0.22,0.02,0.75
NT,70540,2025-11,0.04,1.27,0.03,1.04
NT,70540,2025-12,0.03,0.5,0.05,1.53
NT,70540,2026-01,0.01,0.18,0.02,0.86
NT,70540,2026-02,0.02,0.45,0.02,0.71
NT,70540,2026-03,0.02,0.48,0.02,0.89
NT,70540,2026-04,0.08,1.31,0.12,4.35
NT,70540,2026-05,0.01,0.23,0.01,0.38
NT,70540,2026-06,0.04,0.66,0.03,1.09
NT,70540,2026-07,0.03,0.46,0.01,0.43
NT,70540,2026-08,0.01,0.19,0,0.15
NT,70620,2023-01,0,0,0,0
NT,70620,2023-02,0.37,4.54,0,0
NT,70620,2023-03,0.55,5.63,0,0
NT,70620,2023-04,0,0,0,0
NT,70620,2023-05,0.76,14.87,0,0
NT,70620,2023-06,0.71,9.52,0,0
NT,70620,2023-07,0.97,15.2,0,0
NT,70620,2023-08,0.27,2.4,0,0
NT,70620,2023-09,0.23,8.09,0,0
NT,70620,2023-10,0.27,4.56,0,0
NT,70620,2023-11,0.45,14.2,0,0
NT,70620,2023-12,0.18,6.07,0,0
NT,70620,2024-01,0,0,0,0
NT,70620,2024-02,0.18,2.57,0,0
NT,70620,2024-03,0.55,10,0,0
NT,70620,2024-04,0.5,6.79,0,0
NT,70620,2024-05,0.23,2.37,0,0
NT,70620,2024-06,0.73,29.68,0,0
NT,70620,2024-07,0.27,5.42,0,0
NT,70620,2024-08,0.4,7.07,0,0
NT,70620,2024-09,0.5,14.23,0,0
NT,70620,2024-10,0.77,22.23,0,0
NT,70620,2024-11,0.09,0.45,0,0
NT,70620,2024-12,0.18,6.08,0,0
NT,70620,2025-01,0,0,0,0
NT,70620,2025-02,0.18,1.04,0,0
NT,70620,2025-03,0.27,2.22,0,0
NT,70620,2025-04,0.09,2.03,0,0
NT,70620,2025-05,0.49,14.91,0,0
NT,70620,2025-06,0.09,1.23,0,0
NT,70620,2025-07,0.45,19.17,0.18,16.67
NT,70620,2025-08,0.04,0.93,0.23,2.46
NT,70620,2025-09,0.26,2.22,0,0
NT,70620,2025-10,0.31,6.82,0.27,14.54
NT,70620,2025-11,0.96,17.09,1.14,51.98
NT,70620,2025-12,1.27,25.08,1.45,52.09
NT,70620,2026-01,0,0,0,0
NT,70620,2026-02,0.23,7.8,0.23,12.54
NT,70620,2026-03,0,0,0,0
NT,70620,2026-04,0.23,2.57,0.27,10.17
NT,70620,2026-05,0,0,0,0
NT,70620,2026-06,0.55,7.18,0.18,7.31
NT,70620,2026-07,0.27,7.35,0.09,4.12
NT,70620,2026-08,0.18,1.58,0.18,6.55
NT,70700,2023-01,0.06,0.83,0,0
NT,70700,2023-02,0.34,2.97,0,0
NT,70700,2023-03,0.34,3.29,0,0
NT,70700,2023-04,0.34,10.76,0,0
NT,70700,2023-05,0.34,4.37,0,0
NT,70700,2023-06,0.46,12.8,0,0
NT,70700,2023-07,3.34,21.93,0,0
NT,70700,2023-08,0.69,11.3,0,0
NT,70700,2023-09,1.57,11.56,0,0
NT,70700,2023-10,0.29,8.25,0,0
NT,70700,2023-11,1.86,26.14,0,0
NT,70700,2023-12,0.29,4.44,0,0
NT,70700,2024-01,0.46,7.21,0,0
NT,70700,2024-02,0.4,3.82,0,0
NT,70700,2024-03,0.34,6.05,0,0
NT,70700,2024-04,0.63,14.7,0,0
NT,70700,2024-05,1.17,8.61,0,0
NT,70700,2024-06,0.34,14.02,0,0
NT,70700,2024-07,0.29,11.33,0,0
NT,70700,2024-08,0.8,19.36,0,0
NT,70700,2024-09,1.52,14.35,0,0
NT,70700,2024-10,0.69,6.52,0,0
NT,70700,2024-11,1.23,10.01,0,0
NT,70700,2024-12,0.29,8.54,0,0
NT,70700,2025-01,0.11,1.79,0,0
NT,70700,2025-02,0.23,3.98,0,0
NT,70700,2025-03,0.46,6.56,0,0
NT,70700,2025-04,0.34,5.06,0,0
NT,70700,2025-05,2.29,21.79,0,0
NT,70700,2025-06,0.46,4.11,0,0
NT,70700,2025-07,0.46,10.13,0.4,11.76
NT,70700,2025-08,0.34,6.96,0.29,11.47
NT,70700,2025-09,0.34,5.33,0.23,7.56
NT,70700,2025-10,0.17,2.6,0.23,8.69
NT,70700,2025-11,3.46,61.22,3.34,117.38
NT,70700,2025-12,1.4,15.97,0.57,17.7
NT,70700,2026-01,0.17,2.12,1.29,22.71
NT,70700,2026-02,0.29,5.26,1.23,38.98
NT,70700,2026-03,0.23,5.56,0.29,10.31
NT,70700,2026-04,1.98,28.26,1.38,50.29
NT,70700,2026-05,0.17,2.68,0.11,4.41
NT,70700,2026-06,0.52,7.63,0.4,12.62
NT,70700,2026-07,0.34,5.34,0.17,5
NT,70700,2026-08,0.17,2.18,0.06,1.72
NT,71000,2023-01,33.75,364.01,0,0
NT,71000,2023-02,40.91,361.42,0,0
NT,71000,2023-03,45.65,433.25,0,0
NT,71000,2023-04,31.85,345.27,0,0
NT,71000,2023-05,26.2,586.19,0,0
NT,71000,2023-06,31.68,500.54,0,0
NT,71000,2023-07,28.68,398.23,0,0
NT,71000,2023-08,42.37,413.54,0,0
NT,71000,2023-09,40.91,399.07,0,0
NT,71000,2023-10,39.49,465.22,0,0
NT,71000,2023-11,53.17,596.26,0,0
NT,71000,2023-12,43.33,513.21,0,0
NT,71000,2024-01,15.16,125.19,0,0
NT,71000,2024-02,39.24,397.01,0,0
NT,71000,2024-03,38.46,616.5,0,0
NT,71000,2024-04,25.91,250.16,0,0
NT,71000,2024-05,32.33,411.87,0,0
NT,71000,2024-06,30.85,344.79,0,0
NT,71000,2024-07,41.49,528.63,0,0
NT,71000,2024-08,26.85,307.76,0,0
NT,71000,2024-09,22.68,313.77,0,0
NT,71000,2024-10,30.26,618.37,0,0
NT,71000,2024-11,20.04,402.16,0,0
NT,71000,2024-12,38.49,802.45,0,0
NT,71000,2025-01,19.1,321.33,0,0
NT,71000,2025-02,27.33,412.35,0,0
NT,71000,2025-03,38.14,756.91,0,0
NT,71000,2025-04,26.1,388.93,0,0
NT,71000,2025-05,38.16,422.67,0,0
NT,71000,2025-06,15.78,321.22,0,0
NT,71000,2025-07,54.01,796.23,40.58,783.61
NT,71000,2025-08,36,424.41,40.75,942.74
NT,71000,2025-09,26.75,376.99,32.58,722.16
NT,71000,2025-10,49.91,633.99,33.16,782.93
NT,71000,2025-11,44.59,607.72,56.49,1331.24
NT,71000,2025-12,50.04,943.03,54.1,1254
NT,71000,2026-01,20.33,216.98,18.16,396.7
NT,71000,2026-02,38.91,510.42,32.33,821.68
NT,71000,2026-03,36.52,580.19,49.16,1407.83
NT,71000,2026-04,58.1,962.14,81.68,2609.42
NT,71000,2026-05,23.58,279.85,15.58,340.53
NT,71000,2026-06,48.24,637.34,23.58,571.36
NT,71000,2026-07,39.68,555.22,24,699.3
NT,71000,2026-08,12.58,162,10,251.6
NT,71150,2023-01,0,0,0,0
NT,71150,2023-02,0,0,0,0
NT,71150,2023-03,0,0,0,0
NT,71150,2023-04,0.06,1.25,0,0
NT,71150,2023-05,0.13,7.56,0,0
NT,71150,2023-06,0.06,6.23,0,0
NT,71150,2023-07,0.06,2.5,0,0
NT,71150,2023-08,0.13,3.45,0,0
NT,71150,2023-09,0,0,0,0
NT,71150,2023-10,0,0,0,0
NT,71150,2023-11,0.06,3.89,0,0
NT,71150,2023-12,0,0,0,0
NT,71150,2024-01,0,0,0,0
NT,71150,2024-02,0,0,0,0
NT,71150,2024-03,0.13,12.48,0,0
NT,71150,2024-04,0,0,0,0
NT,71150,2024-05,0,0,0,0
NT,71150,2024-06,0.06,5.9,0,0
NT,71150,2024-07,0,0,0,0
NT,71150,2024-08,0.06,1.87,0,0
NT,71150,2024-09,0.06,5.26,0,0
NT,71150,2024-10,0.06,6.19,0,0
NT,71150,2024-11,0.13,7.69,0,0
NT,71150,2024-12,0,0,0,0
NT,71150,2025-01,0.06,6.22,0,0
NT,71150,2025-02,0,0,0,0
NT,71150,2025-03,0.19,17.16,0,0
NT,71150,2025-04,0.06,6.25,0,0
NT,71150,2025-05,0,0,0,0
NT,71150,2025-06,0.13,10.27,0,0
NT,71150,2025-07,0.06,6.25,0,0
NT,71150,2025-08,0,0,0,0
NT,71150,2025-09,0,0,0,0
NT,71150,2025-10,0,0,0,0
NT,71150,2025-11,0.06,1.32,0,0
NT,71150,2025-12,0.13,12.29,0.06,1.56
NT,71150,2026-01,0,0,0,0
NT,71150,2026-02,0,0,0,0
NT,71150,2026-03,0.06,6.19,0,0
NT,71150,2026-04,0.06,1.93,0.06,1.88
NT,71150,2026-05,0,0,0,0
NT,71150,2026-06,0,0,0,0
NT,71150,2026-07,0.06,3.1,0,0
NT,71150,2026-08,0,0,0,0
NT,71300,2023-01,0.18,2.54,0,0
NT,71300,2023-02,1.33,11.05,0,0
NT,71300,2023-03,1.06,10.1,0,0
NT,71300,2023-04,2.16,40.87,0,0
NT,71300,2023-05,1.06,13.4,0,0
NT,71300,2023-06,1.41,39.29,0,0
NT,71300,2023-07,1.06,19.68,0,0
NT,71300,2023-08,2.12,34.69,0,0
NT,71300,2023-09,1.76,15.11,0,0
NT,71300,2023-10,0.88,25.33,0,0
NT,71300,2023-11,2.65,59.86,0,0
NT,71300,2023-12,0.88,13.64,0,0
NT,71300,2024-01,1.41,22.15,0,0
NT,71300,2024-02,1.78,15.39,0,0
NT,71300,2024-03,1.88,24.06,0,0
NT,71300,2024-04,1.94,45.12,0,0
NT,71300,2024-05,0.53,6.18,0,0
NT,71300,2024-06,1.88,49.69,0,0
NT,71300,2024-07,0.88,34.77,0,0
NT,71300,2024-08,2.47,59.45,0,0
NT,71300,2024-09,1.59,24.02,0,0
NT,71300,2024-10,2.12,20.03,0,0
NT,71300,2024-11,0.98,19.67,0,0
NT,71300,2024-12,0.88,26.23,0,0
NT,71300,2025-01,0.63,16.41,0,0
NT,71300,2025-02,0.71,12.21,0,0
NT,71300,2025-03,1.41,20.14,0,0
NT,71300,2025-04,1.06,15.54,0,0
NT,71300,2025-05,0.88,10.55,0,0
NT,71300,2025-06,1.69,18.06,0,0
NT,71300,2025-07,1.69,33.53,1.78,58.21
NT,71300,2025-08,1.61,52.35,1.16,43.68
NT,71300,2025-09,1.06,16.35,0.71,23.21
NT,71300,2025-10,0.53,7.99,0.71,26.67
NT,71300,2025-11,1.41,45.13,1.06,36.91
NT,71300,2025-12,1.23,17.62,1.76,54.35
NT,71300,2026-01,0.53,6.52,0.88,30.42
NT,71300,2026-02,0.88,16.14,0.71,25.37
NT,71300,2026-03,0.71,17.07,0.88,31.65
NT,71300,2026-04,3,46.36,4.23,154.38
NT,71300,2026-05,0.53,8.23,0.35,13.54
NT,71300,2026-06,1.59,23.43,1.23,38.73
NT,71300,2026-07,1.06,16.4,0.53,15.36
NT,71300,2026-08,0.53,6.68,0.18,5.29
NT,72200,2023-01,1,19.59,0,0
NT,72200,2023-02,1,6.69,0,0
NT,72200,2023-03,4,103.96,0,0
NT,72200,2023-04,3,29.19,0,0
NT,72200,2023-05,2.89,23.53,0,0
NT,72200,2023-06,1.19,9.26,0,0
NT,72200,2023-07,2.78,103.85,0,0
NT,72200,2023-08,3.2,123.93,0,0
NT,72200,2023-09,2.1,89.33,0,0
NT,72200,2023-10,1.2,21.27,0,0
NT,72200,2023-11,1.6,16.36,0,0
NT,72200,2023-12,4,22.67,0,0
NT,72200,2024-01,2,17.67,0,0
NT,72200,2024-02,2,8.45,0,0
NT,72200,2024-03,2,58.94,0,0
NT,72200,2024-04,0.31,6.68,0,0
NT,72200,2024-05,4.09,46.36,0,0
NT,72200,2024-06,3,42.72,0,0
NT,72200,2024-07,1.2,45.26,0,0
NT,72200,2024-08,3.5,39.11,0,0
NT,72200,2024-09,3.3,26.66,0,0
NT,72200,2024-10,1.11,107.7,0,0
NT,72200,2024-11,2.2,27.45,0,0
NT,72200,2024-12,1,99.69,0,0
NT,72200,2025-01,2,37.88,0,0
NT,72200,2025-02,4.99,107.86,0,0
NT,72200,2025-03,2.2,75.96,0,0
NT,72200,2025-04,0.2,4.65,0,0
NT,72200,2025-05,4.69,78.68,0,0
NT,72200,2025-06,0.2,2.84,0,0
NT,72200,2025-07,1.2,81.28,0.01,0.17
NT,72200,2025-08,2.1,114.89,0.1,1.94
NT,72200,2025-09,5.59,62.18,4.99,106.22
NT,72200,2025-10,2.3,122.64,1.2,30.96
NT,72200,2025-11,3.1,39.99,2.1,49.92
NT,72200,2025-12,6.39,87.38,7.39,243.98
NT,72200,2026-01,1,10.21,1,51.25
NT,72200,2026-02,1.1,4.46,0.1,3.09
NT,72200,2026-03,2,34,2,45.67
NT,72200,2026-04,5.1,100.12,5.21,234.11
NT,72200,2026-05,1,6.68,0,0.06
NT,72200,2026-06,3,48.47,0.01,0.18
NT,72200,2026-07,0.2,5.15,0.2,9.37
NT,72200,2026-08,1,28.48,1,40.91
NT,72300,2023-01,6.79,58.21,0,0
NT,72300,2023-02,21.12,212.81,0,0
NT,72300,2023-03,10.76,102.67,0,0
NT,72300,2023-04,13.17,163.05,0,0
NT,72300,2023-05,6.98,100.74,0,0
NT,72300,2023-06,11.18,206.44,0,0
NT,72300,2023-07,9.78,103.94,0,0
NT,72300,2023-08,16.56,271,0,0
NT,72300,2023-09,11.97,124.75,0,0
NT,72300,2023-10,11.17,122.16,0,0
NT,72300,2023-11,18.69,414.32,0,0
NT,72300,2023-12,14.78,163.98,0,0
NT,72300,2024-01,10.98,97.17,0,0
NT,72300,2024-02,13.16,153.11,0,0
NT,72300,2024-03,10.39,134.74,0,0
NT,72300,2024-04,11.17,142.43,0,0
NT,72300,2024-05,7.38,93.59,0,0
NT,72300,2024-06,17.15,244.84,0,0
NT,72300,2024-07,8.17,129.92,0,0
NT,72300,2024-08,15.76,269.74,0,0
NT,72300,2024-09,12.38,162.22,0,0
NT,72300,2024-10,17.17,262.33,0,0
NT,72300,2024-11,13.14,240.45,0,0
NT,72300,2024-12,15.17,255.49,0,0
NT,72300,2025-01,8.79,143.7,0,0
NT,72300,2025-02,14.58,206.28,0,0
NT,72300,2025-03,12.37,220.84,0,0
NT,72300,2025-04,18.58,244.02,0,0
NT,72300,2025-05,11.39,214.5,0,0
NT,72300,2025-06,8.57,110.99,0,0
NT,72300,2025-07,16.94,290.6,11.59,308.72
NT,72300,2025-08,11.19,216.55,10.58,307.26
NT,72300,2025-09,13.73,272.34,10,237.85
NT,72300,2025-10,6.58,97.1,6.16,163.45
NT,72300,2025-11,13.16,283.1,13.37,413.89
NT,72300,2025-12,14.76,256.56,21.38,579.43
NT,72300,2026-01,11.38,185.31,11.39,343.64
NT,72300,2026-02,9.97,151.62,14.58,431.49
NT,72300,2026-03,20.99,292.44,20.39,661.71
NT,72300,2026-04,33.69,569.62,61.28,2133.01
NT,72300,2026-05,17.79,246.81,6.59,188.16
NT,72300,2026-06,14.53,238.78,7.59,245.07
NT,72300,2026-07,9.78,156.19,5.6,178
NT,72300,2026-08,8.79,133.16,4.2,150.96
NT,72330,2023-01,0,0,0,0
NT,72330,2023-02,0.75,9.26,0,0
NT,72330,2023-03,1.07,10.99,0,0
NT,72330,2023-04,0,0,0,0
NT,72330,2023-05,0.78,26.44,0,0
NT,72330,2023-06,0.36,10.72,0,0
NT,72330,2023-07,0.39,7.14,0,0
NT,72330,2023-08,0.36,2.2,0,0
NT,72330,2023-09,0.39,7.6,0,0
NT,72330,2023-10,0.39,2.42,0,0
NT,72330,2023-11,0.36,19.53,0,0
NT,72330,2023-12,0.39,12.35,0,0
NT,72330,2024-01,0,0,0,0
NT,72330,2024-02,0.36,5.01,0,0
NT,72330,2024-03,1.07,19.51,0,0
NT,72330,2024-04,0.71,7.64,0,0
NT,72330,2024-05,0.39,5.5,0,0
NT,72330,2024-06,1.43,57.88,0,0
NT,72330,2024-07,0.36,5.76,0,0
NT,72330,2024-08,0.39,4.02,0,0
NT,72330,2024-09,0.71,26.07,0,0
NT,72330,2024-10,1.5,37.46,0,0
NT,72330,2024-11,0.03,0.4,0,0
NT,72330,2024-12,0.46,13.36,0,0
NT,72330,2025-01,0.03,0.4,0,0
NT,72330,2025-02,0.36,2.03,0,0
NT,72330,2025-03,0.46,4.03,0,0
NT,72330,2025-04,0.03,1.02,0,0
NT,72330,2025-05,0.39,18.27,0,0
NT,72330,2025-06,0,0,0,0
NT,72330,2025-07,0.85,37.78,0.43,34.42
NT,72330,2025-08,0.03,0.18,0.46,6.76
NT,72330,2025-09,0.03,0.6,0.03,0.44
NT,72330,2025-10,0.43,8.63,0.43,24.37
NT,72330,2025-11,1.89,33.28,2.28,101.68
NT,72330,2025-12,2.31,51.1,2.6,95.59
NT,72330,2026-01,0,0,0,0
NT,72330,2026-02,0.39,15.01,0.36,21.9
NT,72330,2026-03,0,0,0,0
NT,72330,2026-04,0.46,5.52,0.5,21.75
NT,72330,2026-05,0,0,0,0
NT,72330,2026-06,1.07,14,0.36,14.26
NT,72330,2026-07,0.36,9.96,0,0
NT,72330,2026-08,0.43,3.9,0.43,14.69
NT,72800,2023-01,27.25,211.18,0,0
NT,72800,2023-02,30.48,308.38,0,0
NT,72800,2023-03,36.69,400.72,0,0
NT,72800,2023-04,23.43,187.81,0,0
NT,72800,2023-05,21.35,186.74,0,0
NT,72800,2023-06,17.26,183.66,0,0
NT,72800,2023-07,28.26,292.39,0,0
NT,72800,2023-08,30.52,278.52,0,0
NT,72800,2023-09,30.44,406.74,0,0
NT,72800,2023-10,31.52,261.75,0,0
NT,72800,2023-11,35.84,325.46,0,0
NT,72800,2023-12,34.34,285.4,0,0
NT,72800,2024-01,11.18,99.88,0,0
NT,72800,2024-02,22.77,173.58,0,0
NT,72800,2024-03,18.09,211.29,0,0
NT,72800,2024-04,30.44,390.59,0,0
NT,72800,2024-05,32.34,363.66,0,0
NT,72800,2024-06,27.46,271.9,0,0
NT,72800,2024-07,28.52,270.75,0,0
NT,72800,2024-08,24.44,217.58,0,0
NT,72800,2024-09,27.26,307.22,0,0
NT,72800,2024-10,21.35,250.24,0,0
NT,72800,2024-11,22.22,330.57,0,0
NT,72800,2024-12,35.52,388.99,0,0
NT,72800,2025-01,7.17,88.18,0,0
NT,72800,2025-02,13.35,149.88,0,0
NT,72800,2025-03,10.35,128.75,0,0
NT,72800,2025-04,26.18,304.47,0,0
NT,72800,2025-05,16.17,216.79,0,0
NT,72800,2025-06,10.44,92.85,0,0
NT,72800,2025-07,38.63,410.78,26.09,542.06
NT,72800,2025-08,13,233.09,17.26,417.53
NT,72800,2025-09,20.31,388.12,30.08,684.74
NT,72800,2025-10,21.43,230.39,22.2,507.77
NT,72800,2025-11,17.69,138.31,15.52,324.77
NT,72800,2025-12,36.2,461.37,36.18,1037.6
NT,72800,2026-01,16.34,210.64,12.18,324.68
NT,72800,2026-02,27.43,321.47,22.35,516.6
NT,72800,2026-03,22.09,293.3,24.17,672.03
NT,72800,2026-04,41.26,508.52,45.36,1248.16
NT,72800,2026-05,13.09,232.61,5.09,85.03
NT,72800,2026-06,13.81,192.3,10.09,266.26
NT,72800,2026-07,17.26,222,16,397.28
NT,72800,2026-08,5.09,72.03,3,48.36
NT,73600,2023-01,0.02,0.35,0,0
NT,73600,2023-02,0.13,1.15,0,0
NT,73600,2023-03,0.14,1.46,0,0
NT,73600,2023-04,1.14,19.13,0,0
NT,73600,2023-05,6.16,33.84,0,0
NT,73600,2023-06,7.74,62.59,0,0
NT,73600,2023-07,11.32,170.26,0,0
NT,73600,2023-08,2.93,31.03,0,0
NT,73600,2023-09,2.26,71.69,0,0
NT,73600,2023-10,2.23,57.61,0,0
NT,73600,2023-11,4.22,68.01,0,0
NT,73600,2023-12,0.34,2.89,0,0
NT,73600,2024-01,0.18,2.81,0,0
NT,73600,2024-02,0.16,1.49,0,0
NT,73600,2024-03,0.14,2.44,0,0
NT,73600,2024-04,2.11,46.32,0,0
NT,73600,2024-05,0.69,4.98,0,0
NT,73600,2024-06,0.14,5.47,0,0
NT,73600,2024-07,1.35,39.44,0,0
NT,73600,2024-08,3.42,80.41,0,0
NT,73600,2024-09,2.07,15.34,0,0
NT,73600,2024-10,0.89,52.4,0,0
NT,73600,2024-11,1.33,8.44,0,0
NT,73600,2024-12,0.11,3.47,0,0
NT,73600,2025-01,0.05,0.76,0,0
NT,73600,2025-02,0.1,1.73,0,0
NT,73600,2025-03,1.42,21.25,0,0
NT,73600,2025-04,1.38,30.69,0,0
NT,73600,2025-05,4.52,82.69,0,0
NT,73600,2025-06,3.69,36.11,0,0
NT,73600,2025-07,1.42,18.62,0.15,4.53
NT,73600,2025-08,0.76,16,0.73,15.6
NT,73600,2025-09,3.92,34.57,0.1,3.1
NT,73600,2025-10,2.21,49.03,1.33,50.35
NT,73600,2025-11,0.8,21.08,0.76,33.78
NT,73600,2025-12,2.65,19.14,2.72,92.32
NT,73600,2026-01,0.07,0.84,0.11,3.91
NT,73600,2026-02,0.73,10.23,0.71,21.82
NT,73600,2026-03,0.09,2.2,0.11,4.05
NT,73600,2026-04,1.01,10.71,1.78,39.6
NT,73600,2026-05,0.23,3.31,0.21,6.79
NT,73600,2026-06,0.2,3.02,0.15,4.85
NT,73600,2026-07,1.38,33.93,1.31,60.33
NT,73600,2026-08,0.07,0.89,0.02,0.74
NT,74050,2023-01,0.09,1.36,0,0
NT,74050,2023-02,0.56,4.86,0,0
NT,74050,2023-03,0.56,5.38,0,0
NT,74050,2023-04,0.56,17.6,0,0
NT,74050,2023-05,0.56,7.14,0,0
NT,74050,2023-06,0.75,20.93,0,0
NT,74050,2023-07,0.56,10.49,0,0
NT,74050,2023-08,1.13,18.48,0,0
NT,74050,2023-09,0.94,8.05,0,0
NT,74050,2023-10,0.47,13.49,0,0
NT,74050,2023-11,1.41,31.9,0,0
NT,74050,2023-12,0.47,7.27,0,0
NT,74050,2024-01,0.75,11.8,0,0
NT,74050,2024-02,0.66,6.25,0,0
NT,74050,2024-03,0.56,9.9,0,0
NT,74050,2024-04,1.03,24.04,0,0
NT,74050,2024-05,0.28,3.29,0,0
NT,74050,2024-06,0.56,22.93,0,0
NT,74050,2024-07,0.47,18.53,0,0
NT,74050,2024-08,1.32,31.68,0,0
NT,74050,2024-09,0.85,12.8,0,0
NT,74050,2024-10,1.13,10.67,0,0
NT,74050,2024-11,0.38,8.43,0,0
NT,74050,2024-12,0.47,13.98,0,0
NT,74050,2025-01,0.19,2.94,0,0
NT,74050,2025-02,0.38,6.5,0,0
NT,74050,2025-03,0.75,10.73,0,0
NT,74050,2025-04,0.56,8.28,0,0
NT,74050,2025-05,0.47,5.62,0,0
NT,74050,2025-06,0.75,6.72,0,0
NT,74050,2025-07,0.75,16.58,0.66,19.24
NT,74050,2025-08,0.56,11.38,0.47,18.77
NT,74050,2025-09,0.56,8.71,0.38,12.37
NT,74050,2025-10,0.28,4.26,0.38,14.21
NT,74050,2025-11,0.75,24.05,0.56,19.67
NT,74050,2025-12,0.66,9.39,0.94,28.96
NT,74050,2026-01,0.28,3.48,0.47,16.21
NT,74050,2026-02,0.47,8.6,0.38,13.52
NT,74050,2026-03,0.38,9.09,0.47,16.86
NT,74050,2026-04,1.6,24.7,2.26,82.26
NT,74050,2026-05,0.28,4.39,0.19,7.22
NT,74050,2026-06,0.85,12.48,0.66,20.64
NT,74050,2026-07,0.56,8.74,0.28,8.18
NT,74050,2026-08,0.28,3.56,0.09,2.82
NT,74550,2023-01,0.04,0.52,0,0
NT,74550,2023-02,0.22,1.88,0,0
NT,74550,2023-03,0.22,2.08,0,0
NT,74550,2023-04,0.22,6.8,0,0
NT,74550,2023-05,1.86,11.52,0,0
NT,74550,2023-06,2.48,24.81,0,0
NT,74550,2023-07,3.5,53.24,0,0
NT,74550,2023-08,0.8,12.41,0,0
NT,74550,2023-09,0.55,21.04,0,0
NT,74550,2023-10,0.55,19.76,0,0
NT,74550,2023-11,1.64,29.75,0,0
NT,74550,2023-12,0.18,2.81,0,0
NT,74550,2024-01,0.29,4.56,0,0
NT,74550,2024-02,0.25,2.41,0,0
NT,74550,2024-03,0.22,3.82,0,0
NT,74550,2024-04,0.95,21.22,0,0
NT,74550,2024-05,0.29,2.48,0,0
NT,74550,2024-06,0.22,8.86,0,0
NT,74550,2024-07,0.55,17.42,0,0
NT,74550,2024-08,1.42,33.62,0,0
NT,74550,2024-09,0.87,8.55,0,0
NT,74550,2024-10,0.62,18.7,0,0
NT,74550,2024-11,0.51,5.14,0,0
NT,74550,2024-12,0.18,5.4,0,0
NT,74550,2025-01,0.07,1.13,0,0
NT,74550,2025-02,0.15,2.51,0,0
NT,74550,2025-03,0.65,9.6,0,0
NT,74550,2025-04,0.58,11.63,0,0
NT,74550,2025-05,1.46,25.67,0,0
NT,74550,2025-06,0.65,7.73,0,0
NT,74550,2025-07,0.65,10.68,0.25,7.43
NT,74550,2025-08,0.4,8.24,0.36,10.53
NT,74550,2025-09,2.31,18.05,1.15,15.85
NT,74550,2025-10,0.66,14.5,0.51,19.27
NT,74550,2025-11,0.47,13.79,0.4,16.12
NT,74550,2025-12,0.98,8.55,1.09,36.15
NT,74550,2026-01,0.11,1.34,0.18,6.26
NT,74550,2026-02,0.36,5.73,0.33,10.69
NT,74550,2026-03,0.15,3.51,0.18,6.51
NT,74550,2026-04,0.8,10.92,1.24,37.58
NT,74550,2026-05,0.11,1.69,0.07,2.79
NT,74550,2026-06,0.33,4.82,0.25,7.97
NT,74550,2026-07,0.58,12.72,0.47,20.29
NT,74550,2026-08,0.11,1.38,0.04,1.09
NT,74560,2023-01,0.04,0.51,0,0
NT,74560,2023-02,0.21,1.83,0,0
NT,74560,2023-03,0.21,2.02,0,0
NT,74560,2023-04,0.21,6.62,0,0
NT,74560,2023-05,0.21,2.69,0,0
NT,74560,2023-06,0.28,7.87,0,0
NT,74560,2023-07,0.21,3.94,0,0
NT,74560,2023-08,0.42,6.95,0,0
NT,74560,2023-09,0.35,3.03,0,0
NT,74560,2023-10,0.18,5.08,0,0
NT,74560,2023-11,0.53,12,0,0
NT,74560,2023-12,0.18,2.73,0,0
NT,74560,2024-01,0.28,4.44,0,0
NT,74560,2024-02,0.25,2.35,0,0
NT,74560,2024-03,0.21,3.72,0,0
NT,74560,2024-04,0.39,9.04,0,0
NT,74560,2024-05,0.11,1.24,0,0
NT,74560,2024-06,0.21,8.63,0,0
NT,74560,2024-07,0.18,6.97,0,0
NT,74560,2024-08,0.49,11.91,0,0
NT,74560,2024-09,0.32,4.81,0,0
NT,74560,2024-10,0.42,4.01,0,0
NT,74560,2024-11,0.14,3.17,0,0
NT,74560,2024-12,0.18,5.26,0,0
NT,74560,2025-01,0.07,1.1,0,0
NT,74560,2025-02,0.14,2.45,0,0
NT,74560,2025-03,0.28,4.04,0,0
NT,74560,2025-04,0.21,3.11,0,0
NT,74560,2025-05,0.18,2.11,0,0
NT,74560,2025-06,0.28,2.53,0,0
NT,74560,2025-07,0.28,6.23,0.25,7.24
NT,74560,2025-08,0.21,4.28,0.18,7.06
NT,74560,2025-09,0.21,3.28,0.14,4.65
NT,74560,2025-10,0.11,1.6,0.14,5.34
NT,74560,2025-11,0.28,9.04,0.21,7.4
NT,74560,2025-12,0.25,3.53,0.35,10.89
NT,74560,2026-01,0.11,1.31,0.18,6.1
NT,74560,2026-02,0.18,3.23,0.14,5.08
NT,74560,2026-03,0.14,3.42,0.18,6.34
NT,74560,2026-04,0.6,9.29,0.85,30.94
NT,74560,2026-05,0.11,1.65,0.07,2.71
NT,74560,2026-06,0.32,4.69,0.25,7.76
NT,74560,2026-07,0.21,3.29,0.11,3.08
NT,74560,2026-08,0.11,1.34,0.04,1.06
NT,74660,2023-01,0.18,2.63,0,0
NT,74660,2023-02,1.1,9.44,0,0
NT,74660,2023-03,1.1,10.45,0,0
NT,74660,2023-04,1.1,34.19,0,0
NT,74660,2023-05,1.1,13.87,0,0
NT,74660,2023-06,1.46,40.66,0,0
NT,74660,2023-07,1.1,20.37,0,0
NT,74660,2023-08,2.19,35.9,0,0
NT,74660,2023-09,1.83,15.64,0,0
NT,74660,2023-10,0.91,26.21,0,0
NT,74660,2023-11,2.74,61.95,0,0
NT,74660,2023-12,0.91,14.12,0,0
NT,74660,2024-01,1.46,22.92,0,0
NT,74660,2024-02,1.28,12.14,0,0
NT,74660,2024-03,1.1,19.23,0,0
NT,74660,2024-04,2.01,46.69,0,0
NT,74660,2024-05,0.55,6.4,0,0
NT,74660,2024-06,1.1,44.54,0,0
NT,74660,2024-07,0.91,35.98,0,0
NT,74660,2024-08,2.56,61.52,0,0
NT,74660,2024-09,1.64,24.85,0,0
NT,74660,2024-10,2.19,20.73,0,0
NT,74660,2024-11,0.73,16.37,0,0
NT,74660,2024-12,0.91,27.14,0,0
NT,74660,2025-01,0.37,5.7,0,0
NT,74660,2025-02,0.73,12.63,0,0
NT,74660,2025-03,1.46,20.84,0,0
NT,74660,2025-04,1.1,16.08,0,0
NT,74660,2025-05,1.91,90.12,0,0
NT,74660,2025-06,1.46,13.05,0,0
NT,74660,2025-07,1.46,32.19,1.28,37.37
NT,74660,2025-08,1.1,22.1,0.91,36.46
NT,74660,2025-09,1.1,16.92,0.73,24.02
NT,74660,2025-10,0.55,8.27,0.73,27.59
NT,74660,2025-11,1.46,46.71,1.1,38.19
NT,74660,2025-12,2.28,36.24,2.83,104.49
NT,74660,2026-01,0.55,6.75,0.91,31.48
NT,74660,2026-02,0.91,16.7,0.73,26.25
NT,74660,2026-03,0.73,17.66,0.91,32.75
NT,74660,2026-04,3.1,47.98,4.38,159.76
NT,74660,2026-05,0.55,8.52,0.37,14.02
NT,74660,2026-06,1.64,24.24,1.28,40.08
NT,74660,2026-07,1.1,16.97,0.55,15.89
NT,74660,2026-08,0.55,6.92,0.18,5.48
NT,74680,2023-01,0.08,1.21,0,0
NT,74680,2023-02,0.5,4.35,0,0
NT,74680,2023-03,0.5,4.82,0,0
NT,74680,2023-04,0.5,15.77,0,0
NT,74680,2023-05,0.5,6.4,0,0
NT,74680,2023-06,0.67,18.75,0,0
NT,74680,2023-07,0.5,9.39,0,0
NT,74680,2023-08,1.01,16.55,0,0
NT,74680,2023-09,0.84,7.21,0,0
NT,74680,2023-10,0.42,12.09,0,0
NT,74680,2023-11,1.26,28.57,0,0
NT,74680,2023-12,0.42,6.51,0,0
NT,74680,2024-01,0.67,10.57,0,0
NT,74680,2024-02,0.59,5.6,0,0
NT,74680,2024-03,0.5,8.87,0,0
NT,74680,2024-04,0.93,21.53,0,0
NT,74680,2024-05,0.25,2.95,0,0
NT,74680,2024-06,0.5,20.54,0,0
NT,74680,2024-07,0.42,16.59,0,0
NT,74680,2024-08,1.18,28.37,0,0
NT,74680,2024-09,0.76,11.46,0,0
NT,74680,2024-10,1.01,9.56,0,0
NT,74680,2024-11,0.34,7.55,0,0
NT,74680,2024-12,0.42,12.52,0,0
NT,74680,2025-01,0.17,2.63,0,0
NT,74680,2025-02,0.34,5.82,0,0
NT,74680,2025-03,0.67,9.61,0,0
NT,74680,2025-04,0.5,7.42,0,0
NT,74680,2025-05,0.42,5.04,0,0
NT,74680,2025-06,0.67,6.02,0,0
NT,74680,2025-07,0.67,14.85,0.59,17.23
NT,74680,2025-08,0.5,10.19,0.42,16.81
NT,74680,2025-09,0.5,7.8,0.34,11.08
NT,74680,2025-10,0.25,3.81,0.34,12.73
NT,74680,2025-11,0.67,21.54,0.5,17.61
NT,74680,2025-12,0.59,8.41,0.84,25.94
NT,74680,2026-01,0.25,3.11,0.42,14.52
NT,74680,2026-02,0.42,7.7,0.34,12.11
NT,74680,2026-03,0.34,8.14,0.42,15.1
NT,74680,2026-04,1.43,22.12,2.02,73.67
NT,74680,2026-05,0.25,3.93,0.17,6.46
NT,74680,2026-06,0.76,11.18,0.59,18.48
NT,74680,2026-07,0.5,7.82,0.25,7.33
NT,74680,2026-08,0.25,3.19,0.08,2.52
QLD,30250,2023-01,0,0,0,0
QLD,30250,2023-02,0,0,0,0
QLD,30250,2023-03,0,0,0,0
QLD,30250,2023-04,0.15,1.12,0,0
QLD,30250,2023-05,0,0,0,0
QLD,30250,2023-06,0,0,0,0
QLD,30250,2023-07,0,0,0,0
QLD,30250,2023-08,0.15,1.62,0,0
QLD,30250,2023-09,0,0,0,0
QLD,30250,2023-10,0,0,0,0
QLD,30250,2023-11,0,0,0,0
QLD,30250,2023-12,0,0,0,0
QLD,30250,2024-01,0,0,0,0
QLD,30250,2024-02,0,0,0,0
QLD,30250,2024-03,0.15,2.98,0,0
QLD,30250,2024-04,0,0,0,0
QLD,30250,2024-05,0,0,0,0
QLD,30250,2024-06,0,0,0,0
QLD,30250,2024-07,0.15,1.98,0,0
QLD,30250,2024-08,0,0,0,0
QLD,30250,2024-09,0,0,0,0
QLD,30250,2024-10,0,0,0,0
QLD,30250,2024-11,0,0,0,0
QLD,30250,2024-12,0,0,0,0
QLD,30250,2025-01,0,0,0,0
QLD,30250,2025-02,0,0,0,0
QLD,30250,2025-03,0,0,0,0
QLD,30250,2025-04,0,0,0,0
QLD,30250,2025-05,0,0,0,0
QLD,30250,2025-06,0,0,0,0
QLD,30250,2025-07,0,0,0,0
QLD,30250,2025-08,0.15,1.62,0,0
QLD,30250,2025-09,0.3,2.12,0.15,2.77
QLD,30250,2025-10,0.6,13.36,0.15,9.89
QLD,30250,2025-11,0,0,0,0
QLD,30250,2025-12,0,0,0,0
QLD,30250,2026-01,0,0,0,0
QLD,30250,2026-02,0,0,0,0
QLD,30250,2026-03,0,0,0,0
QLD,30250,2026-04,0,0,0.15,9.23
QLD,30250,2026-05,0,0,0,0
QLD,30250,2026-06,0.3,10.6,0.15,12.31
QLD,30250,2026-07,0,0,0,0
QLD,30250,2026-08,0.45,3.32,0.45,13.03
QLD,30300,2023-01,0.99,39.07,0,0
QLD,30300,2023-02,6.08,97.14,0,0
QLD,30300,2023-03,17.74,405.78,0,0
QLD,30300,2023-04,2.97,19.75,0,0
QLD,30300,2023-05,5.92,86.59,0,0
QLD,30300,2023-06,10.74,141.22,0,0
QLD,30300,2023-07,20.55,254.85,0,0
QLD,30300,2023-08,9.9,96.94,0,0
QLD,30300,2023-09,11.84,219.63,0,0
QLD,30300,2023-10,5.92,56.82,0,0
QLD,30300,2023-11,3.95,23.27,0,0
QLD,30300,2023-12,2.96,41.46,0,0
QLD,30300,2024-01,4.94,52.43,0,0
QLD,30300,2024-02,2.51,26.42,0,0
QLD,30300,2024-03,8.07,68.66,0,0
QLD,30300,2024-04,10.87,135.98,0,0
QLD,30300,2024-05,3.41,86.45,0,0
QLD,30300,2024-06,2.12,25.93,0,0
QLD,30300,2024-07,8.49,69.94,0,0
QLD,30300,2024-08,7.88,96,0,0
QLD,30300,2024-09,8.86,76.34,0,0
QLD,30300,2024-10,11.49,128.95,0,0
QLD,30300,2024-11,8.91,83.29,0,0
QLD,30300,2024-12,9.67,149.62,0,0
QLD,30300,2025-01,2.79,28.81,0,0
QLD,30300,2025-02,2.96,19.19,0,0
QLD,30300,2025-03,6.07,69.07,0,0
QLD,30300,2025-04,6.97,75.41,0,0
QLD,30300,2025-05,4.94,49.51,0,0
QLD,30300,2025-06,2.72,49.23,0,0
QLD,30300,2025-07,0.45,2.96,0,0
QLD,30300,2025-08,2.96,52.12,0,0
QLD,30300,2025-09,1.97,13.03,0.3,2.03
QLD,30300,2025-10,8.06,119.67,5.92,113.65
QLD,30300,2025-11,9.05,123.46,7.08,177.21
QLD,30300,2025-12,3.96,37.36,4.94,116.23
QLD,30300,2026-01,0.15,6.05,0.15,11.49
QLD,30300,2026-02,0.99,19.69,1.97,91.92
QLD,30300,2026-03,1.73,35.21,0.45,14.22
QLD,30300,2026-04,10.88,165.22,14.2,539.2
QLD,30300,2026-05,2.96,53,0.99,46.19
QLD,30300,2026-06,0.99,12.88,0.15,1.44
QLD,30300,2026-07,0.15,0.78,0.76,18.26
QLD,30300,2026-08,4.12,44.48,0.99,23.69
QLD,30370,2023-01,11.89,82.95,0,0
QLD,30370,2023-02,11.8,94.52,0,0
QLD,30370,2023-03,22.62,289.71,0,0
QLD,30370,2023-04,16.49,127.27,0,0
QLD,30370,2023-05,14.47,115.77,0,0
QLD,30370,2023-06,10.38,83.5,0,0
QLD,30370,2023-07,17.31,144.51,0,0
QLD,30370,2023-08,32.47,235.37,0,0
QLD,30370,2023-09,11.7,141.87,0,0
QLD,30370,2023-10,20.25,166.51,0,0
QLD,30370,2023-11,17.86,171.16,0,0
QLD,30370,2023-12,14.28,215.84,0,0
QLD,30370,2024-01,12.06,106.99,0,0
QLD,30370,2024-02,20.12,172.7,0,0
QLD,30370,2024-03,16.57,145.53,0,0
QLD,30370,2024-04,16.47,166.65,0,0
QLD,30370,2024-05,17.97,163.44,0,0
QLD,30370,2024-06,14.57,155.42,0,0
QLD,30370,2024-07,16.42,198.24,0,0
QLD,30370,2024-08,23.67,222.83,0,0
QLD,30370,2024-09,21.78,236.02,0,0
QLD,30370,2024-10,11.74,259.84,0,0
QLD,30370,2024-11,9.93,100.15,0,0
QLD,30370,2024-12,26.14,235.61,0,0
QLD,30370,2025-01,20.44,201.47,0,0
QLD,30370,2025-02,19.13,191.92,0,0
QLD,30370,2025-03,15.27,181.28,0,0
QLD,30370,2025-04,22.05,218.66,0,0
QLD,30370,2025-05,16.83,253.32,0,0
QLD,30370,2025-06,26.83,269.13,0,0
QLD,30370,2025-07,25.01,255.85,14.37,297.75
QLD,30370,2025-08,14.23,137.22,5.55,90.04
QLD,30370,2025-09,12.75,124.46,10.11,177.09
QLD,30370,2025-10,13.19,113.36,3.47,70.31
QLD,30370,2025-11,8.69,132.18,8.97,183.17
QLD,30370,2025-12,6.75,62.96,8.47,189.73
QLD,30370,2026-01,6.31,79.43,8.94,193.58
QLD,30370,2026-02,10.77,185.73,14.5,357.82
QLD,30370,2026-03,10.09,108.13,6.06,180.44
QLD,30370,2026-04,12.15,173.37,15.34,580.86
QLD,30370,2026-05,6.49,66.65,3.9,79.26
QLD,30370,2026-06,11.47,108.17,9.45,174.72
QLD,30370,2026-07,16.42,159.86,11.65,281.6
QLD,30370,2026-08,5.85,49.28,2.35,48.22
QLD,30410,2023-01,0,0,0,0
QLD,30410,2023-02,3,29.32,0,0
QLD,30410,2023-03,9,99.6,0,0
QLD,30410,2023-04,2,19.82,0,0
QLD,30410,2023-05,2,17.56,0,0
QLD,30410,2023-06,1,13.28,0,0
QLD,30410,2023-07,11,130.76,0,0
QLD,30410,2023-08,0,0,0,0
QLD,30410,2023-09,1,13.28,0,0
QLD,30410,2023-10,4,66.4,0,0
QLD,30410,2023-11,5,39.76,0,0
QLD,30410,2023-12,13,114.6,0,0
QLD,30410,2024-01,1,9.96,0,0
QLD,30410,2024-02,6,80.52,0,0
QLD,30410,2024-03,0,0,0,0
QLD,30410,2024-04,8,87.82,0,0
QLD,30410,2024-05,6,46.64,0,0
QLD,30410,2024-06,6,77.44,0,0
QLD,30410,2024-07,4,26.6,0,0
QLD,30410,2024-08,8,79.73,0,0
QLD,30410,2024-09,5,74.36,0,0
QLD,30410,2024-10,6,47.52,0,0
QLD,30410,2024-11,3,25.78,0,0
QLD,30410,2024-12,8,94.71,0,0
QLD,30410,2025-01,2,26.4,0,0
QLD,30410,2025-02,4,45.32,0,0
QLD,30410,2025-03,7,74.9,0,0
QLD,30410,2025-04,7,71.82,0,0
QLD,30410,2025-05,11,123.46,0,0
QLD,30410,2025-06,4,57.64,0,0
QLD,30410,2025-07,3,36.97,1,7.8
QLD,30410,2025-08,7,98.56,0,0
QLD,30410,2025-09,3,37.14,3,64.2
QLD,30410,2025-10,2,18.48,0,0
QLD,30410,2025-11,8,77.24,1,16
QLD,30410,2025-12,11,95.07,6,95.42
QLD,30410,2026-01,1,38.95,0,0
QLD,30410,2026-02,2,39.8,0,0
QLD,30410,2026-03,0,0,2,54.73
QLD,30410,2026-04,0,0,1,31.2
QLD,30410,2026-05,1,10.12,1,19.2
QLD,30410,2026-06,4,42.18,1,18.64
QLD,30410,2026-07,3,32.78,0,0
QLD,30410,2026-08,2,17.87,2,53.4
QLD,30450,2023-01,1.07,36.82,0,0
QLD,30450,2023-02,0.09,0.91,0,0
QLD,30450,2023-03,0.09,0.9,0,0
QLD,30450,2023-04,0.02,0.23,0,0
QLD,30450,2023-05,0.02,0.23,0,0
QLD,30450,2023-06,0,0,0,0
QLD,30450,2023-07,0.16,2.04,0,0
QLD,30450,2023-08,1.05,10.9,0,0
QLD,30450,2023-09,0,0,0,0
QLD,30450,2023-10,0.05,0.43,0,0
QLD,30450,2023-11,0.23,3.31,0,0
QLD,30450,2023-12,0.05,0.45,0,0
QLD,30450,2024-01,0,0,0,0
QLD,30450,2024-02,0,0,0,0
QLD,30450,2024-03,0.25,4.75,0,0
QLD,30450,2024-04,0.23,2.51,0,0
QLD,30450,2024-05,0.14,1.79,0,0
QLD,30450,2024-06,0.07,0.57,0,0
QLD,30450,2024-07,0.05,0.31,0,0
QLD,30450,2024-08,0.07,1.22,0,0
QLD,30450,2024-09,1.16,15.55,0,0
QLD,30450,2024-10,1.07,19.46,0,0
QLD,30450,2024-11,0.02,0.44,0,0
QLD,30450,2024-12,1.21,9.18,0,0
QLD,30450,2025-01,0.11,1.82,0,0
QLD,30450,2025-02,0,0,0,0
QLD,30450,2025-03,0.05,0.59,0,0
QLD,30450,2025-04,0.21,1.85,0,0
QLD,30450,2025-05,0.21,2.27,0,0
QLD,30450,2025-06,0.16,2.39,0,0
QLD,30450,2025-07,0.09,0.92,0.02,0.8
QLD,30450,2025-08,0.11,1.46,0.05,1.18
QLD,30450,2025-09,0.07,0.82,0.05,0.58
QLD,30450,2025-10,0,0,0.02,0.22
QLD,30450,2025-11,0.3,2.72,0.14,2.21
QLD,30450,2025-12,0.34,3.96,0.11,3.15
QLD,30450,2026-01,0.07,0.63,0.02,0.29
QLD,30450,2026-02,0.05,0.77,0.05,0.88
QLD,30450,2026-03,0.16,2.25,0.16,4.44
QLD,30450,2026-04,0.18,2.81,0.3,10.57
QLD,30450,2026-05,0.16,1.31,0.05,1.14
QLD,30450,2026-06,0.27,4.53,0.14,3.72
QLD,30450,2026-07,0.16,1.77,0.14,3.4
QLD,30450,2026-08,0.05,0.53,0.02,0.91
QLD,30760,2023-01,0,0,0,0
QLD,30760,2023-02,0,0,0,0
QLD,30760,2023-03,5,50.22,0,0
QLD,30760,2023-04,3,29.88,0,0
QLD,30760,2023-05,1,6.64,0,0
QLD,30760,2023-06,3,34.64,0,0
QLD,30760,2023-07,4,44.61,0,0
QLD,30760,2023-08,2,19.92,0,0
QLD,30760,2023-09,1,12,0,0
QLD,30760,2023-10,7,70.97,0,0
QLD,30760,2023-11,4,61.43,0,0
QLD,30760,2023-12,5,55.84,0,0
QLD,30760,2024-01,0,0,0,0
QLD,30760,2024-02,0,0,0,0
QLD,30760,2024-03,3,26.24,0,0
QLD,30760,2024-04,1,9.02,0,0
QLD,30760,2024-05,0,0,0,0
QLD,30760,2024-06,8,76.56,0,0
QLD,30760,2024-07,12,50,0,0
QLD,30760,2024-08,0,0,0,0
QLD,30760,2024-09,0,0,0,0
QLD,30760,2024-10,3,58.52,0,0
QLD,30760,2024-11,4,44.44,0,0
QLD,30760,2024-12,7,114.4,0,0
QLD,30760,2025-01,2,24.64,0,0
QLD,30760,2025-02,6,64.24,0,0
QLD,30760,2025-03,4,52.6,0,0
QLD,30760,2025-04,3,56.79,0,0
QLD,30760,2025-05,7,72.49,0,0
QLD,30760,2025-06,4,71.72,0,0
QLD,30760,2025-07,2,99.42,1,46.8
QLD,30760,2025-08,5,51.92,0,0
QLD,30760,2025-09,3,31.24,1,18.24
QLD,30760,2025-10,4,43.64,1,20
QLD,30760,2025-11,3,26.5,2,28.34
QLD,30760,2025-12,3,52.69,1,31.2
QLD,30760,2026-01,0,0,1,16
QLD,30760,2026-02,2,12.78,0,0
QLD,30760,2026-03,1,13.2,0,0
QLD,30760,2026-04,1,8.07,1,16
QLD,30760,2026-05,2,8.41,0,0
QLD,30760,2026-06,0,0,0,0
QLD,30760,2026-07,6,67.64,8,156.49
QLD,30760,2026-08,1,8.55,1,27.96
QLD,30900,2023-01,0.02,0.16,0,0
QLD,30900,2023-02,0.05,0.86,0,0
QLD,30900,2023-03,0.04,0.51,0,0
QLD,30900,2023-04,0.02,0.37,0,0
QLD,30900,2023-05,0.01,0.12,0,0
QLD,30900,2023-06,1.57,17.49,0,0
QLD,30900,2023-07,0.12,1.21,0,0
QLD,30900,2023-08,1.51,10.97,0,0
QLD,30900,2023-09,0.01,0.12,0,0
QLD,30900,2023-10,2.25,16.73,0,0
QLD,30900,2023-11,2.23,16.57,0,0
QLD,30900,2023-12,0.07,0.68,0,0
QLD,30900,2024-01,0.02,0.19,0,0
QLD,30900,2024-02,0.05,0.6,0,0
QLD,30900,2024-03,4.38,16.15,0,0
QLD,30900,2024-04,0.75,4.59,0,0
QLD,30900,2024-05,0.07,0.67,0,0
QLD,30900,2024-06,0.05,0.61,0,0
QLD,30900,2024-07,0.06,0.75,0,0
QLD,30900,2024-08,1.47,11.8,0,0
QLD,30900,2024-09,2.27,17.25,0,0
QLD,30900,2024-10,0.76,28.39,0,0
QLD,30900,2024-11,0.2,2.23,0,0
QLD,30900,2024-12,0.07,0.82,0,0
QLD,30900,2025-01,0.02,0.59,0,0
QLD,30900,2025-02,0.08,0.81,0,0
QLD,30900,2025-03,0.08,0.84,0,0
QLD,30900,2025-04,0.08,1.31,0,0
QLD,30900,2025-05,0.76,21.9,0,0
QLD,30900,2025-06,0.11,1.19,0,0
QLD,30900,2025-07,0.77,12.22,0.72,57.66
QLD,30900,2025-08,0.07,0.84,0.01,0.45
QLD,30900,2025-09,0.17,1.85,0.03,0.73
QLD,30900,2025-10,1.45,11.53,0.02,0.21
QLD,30900,2025-11,0.78,6.39,0.06,1.16
QLD,30900,2025-12,0.08,0.93,0,0.1
QLD,30900,2026-01,0.01,0.21,0,0.04
QLD,30900,2026-02,0.75,11.9,1.47,123.4
QLD,30900,2026-03,0.12,1.55,0.04,1.03
QLD,30900,2026-04,0.11,1.45,0.11,3.1
QLD,30900,2026-05,0.03,0.28,0.01,0.14
QLD,30900,2026-06,0.06,0.63,0.09,2.17
QLD,30900,2026-07,0.04,0.46,0.05,1.09
QLD,30900,2026-08,0.02,0.16,0.01,0.33
QLD,31000,2023-01,994.96,8876.5,0,0
QLD,31000,2023-02,1217.35,11202.76,0,0
QLD,31000,2023-03,1209.6,11417.8,0,0
QLD,31000,2023-04,979.33,10461.79,0,0
QLD,31000,2023-05,1185.86,11868.32,0,0
QLD,31000,2023-06,1238.7,14389.51,0,0
QLD,31000,2023-07,1258.06,12927.67,0,0
QLD,31000,2023-08,1421.68,14508.42,0,0
QLD,31000,2023-09,1194.33,13436.19,0,0
QLD,31000,2023-10,1349.02,14028.36,0,0
QLD,31000,2023-11,1417.58,15773,0,0
QLD,31000,2023-12,1315.3,16232.82,0,0
QLD,31000,2024-01,883.43,8816.53,0,0
QLD,31000,2024-02,1303.62,12540.51,0,0
QLD,31000,2024-03,1021.12,10143.51,0,0
QLD,31000,2024-04,1264.95,12768.08,0,0
QLD,31000,2024-05,1188.76,12160.12,0,0
QLD,31000,2024-06,1140.44,12405.03,0,0
QLD,31000,2024-07,1142.39,12231.86,0,0
QLD,31000,2024-08,1038.99,10863.77,0,0
QLD,31000,2024-09,1130.09,11995.79,0,0
QLD,31000,2024-10,1185.3,13268.48,0,0
QLD,31000,2024-11,1153.4,13353.24,0,0
QLD,31000,2024-12,1113.12,15350.04,0,0
QLD,31000,2025-01,834.09,8722.76,0,0
QLD,31000,2025-02,1021.52,11013.83,0,0
QLD,31000,2025-03,826.27,9055.6,0,0
QLD,31000,2025-04,873.13,9148.21,0,0
QLD,31000,2025-05,886.74,9926.63,0,0
QLD,31000,2025-06,782.9,8761.3,0,0
QLD,31000,2025-07,952.69,10350.3,1206.8,23661.93
QLD,31000,2025-08,816.51,8912.08,928.18,21155.81
QLD,31000,2025-09,966.91,10683.97,1187.38,29619.28
QLD,31000,2025-10,1065.42,11965.31,1537.06,42373.65
QLD,31000,2025-11,1123.09,13151.37,1684.37,48722.23
QLD,31000,2025-12,1212.22,15879.95,2048.72,67977.49
QLD,31000,2026-01,913.41,9188.42,1384.65,43305.68
QLD,31000,2026-02,1273.23,13018.45,1977.36,66635.63
QLD,31000,2026-03,1805.87,19280.03,2889.12,102517.19
QLD,31000,2026-04,2017.53,23573.46,4627.12,176439.56
QLD,31000,2026-05,1385.79,13670.44,928.71,21950.22
QLD,31000,2026-06,1831.89,18028.34,1405.17,36400.47
QLD,31000,2026-07,1862.19,18216.8,1471.81,38865.09
QLD,31000,2026-08,1020.08,10362.88,754.45,20183.86
QLD,31750,2023-01,0,0,0,0
QLD,31750,2023-02,0,0,0,0
QLD,31750,2023-03,0,0,0,0
QLD,31750,2023-04,0,0,0,0
QLD,31750,2023-05,1,13.28,0,0
QLD,31750,2023-06,0,0,0,0
QLD,31750,2023-07,1,16.6,0,0
QLD,31750,2023-08,0,0,0,0
QLD,31750,2023-09,0,0,0,0
QLD,31750,2023-10,0,0,0,0
QLD,31750,2023-11,0,0,0,0
QLD,31750,2023-12,0,0,0,0
QLD,31750,2024-01,0,0,0,0
QLD,31750,2024-02,0,0,0,0
QLD,31750,2024-03,0,0,0,0
QLD,31750,2024-04,0,0,0,0
QLD,31750,2024-05,0,0,0,0
QLD,31750,2024-06,0,0,0,0
QLD,31750,2024-07,3,27.72,0,0
QLD,31750,2024-08,1,3.83,0,0
QLD,31750,2024-09,10,158.4,0,0
QLD,31750,2024-10,11,113.96,0,0
QLD,31750,2024-11,2,19.8,0,0
QLD,31750,2024-12,0,0,0,0
QLD,31750,2025-01,0,0,0,0
QLD,31750,2025-02,0,0,0,0
QLD,31750,2025-03,1,54.56,0,0
QLD,31750,2025-04,0,0,0,0
QLD,31750,2025-05,0,0,0,0
QLD,31750,2025-06,0,0,0,0
QLD,31750,2025-07,0,0,0,0
QLD,31750,2025-08,0,0,0,0
QLD,31750,2025-09,0,0,0,0
QLD,31750,2025-10,0,0,0,0
QLD,31750,2025-11,0,0,0,0
QLD,31750,2025-12,0,0,0,0
QLD,31750,2026-01,0,0,0,0
QLD,31750,2026-02,0,0,0,0
QLD,31750,2026-03,0,0,0,0
QLD,31750,2026-04,0,0,3,56
QLD,31750,2026-05,0,0,0,0
QLD,31750,2026-06,0,0,0,0
QLD,31750,2026-07,0,0,0,0
QLD,31750,2026-08,0,0,0,0
QLD,31820,2023-01,122.94,870.72,0,0
QLD,31820,2023-02,180.37,1340.74,0,0
QLD,31820,2023-03,190.91,1589.84,0,0
QLD,31820,2023-04,146.6,1128.39,0,0
QLD,31820,2023-05,242.59,2082.75,0,0
QLD,31820,2023-06,195.57,1682.1,0,0
QLD,31820,2023-07,177.14,1465.98,0,0
QLD,31820,2023-08,178.83,1596.56,0,0
QLD,31820,2023-09,176.7,1592.34,0,0
QLD,31820,2023-10,176.57,1452.65,0,0
QLD,31820,2023-11,180.6,1801.67,0,0
QLD,31820,2023-12,175.49,1974.49,0,0
QLD,31820,2024-01,101.5,855,0,0
QLD,31820,2024-02,158.48,1374.77,0,0
QLD,31820,2024-03,164.82,1478.87,0,0
QLD,31820,2024-04,210.98,1825.02,0,0
QLD,31820,2024-05,255.12,2118.51,0,0
QLD,31820,2024-06,153.74,1468.22,0,0
QLD,31820,2024-07,181.04,1748.76,0,0
QLD,31820,2024-08,173.47,1669.42,0,0
QLD,31820,2024-09,164.82,1941.79,0,0
QLD,31820,2024-10,164.91,1760.32,0,0
QLD,31820,2024-11,124.51,1346.46,0,0
QLD,31820,2024-12,142.52,1940.71,0,0
QLD,31820,2025-01,133.73,1394.97,0,0
QLD,31820,2025-02,143.49,1367.16,0,0
QLD,31820,2025-03,146.92,1552.73,0,0
QLD,31820,2025-04,137.41,1353.99,0,0
QLD,31820,2025-05,156.93,1487.93,0,0
QLD,31820,2025-06,139.04,1473.76,0,0
QLD,31820,2025-07,137.95,1463.01,67.52,1271.51
QLD,31820,2025-08,127.83,1141.04,69.31,1259.73
QLD,31820,2025-09,153.51,1440.84,80.97,1603.46
QLD,31820,2025-10,147.2,1542.16,72.3,1829.72
QLD,31820,2025-11,154.7,1705.67,112.75,2716.32
QLD,31820,2025-12,162.85,1713.98,159.85,4307.33
QLD,31820,2026-01,121.07,1112.26,79.19,1999.82
QLD,31820,2026-02,148.04,1635,120.62,3123.7
QLD,31820,2026-03,187.45,1897.23,146.82,4060.52
QLD,31820,2026-04,201.02,2459.11,268.2,8593.19
QLD,31820,2026-05,130.93,1247.85,72.19,1548.91
QLD,31820,2026-06,183.13,1771.9,116.38,2552.29
QLD,31820,2026-07,164.68,1622.62,107.61,2642.91
QLD,31820,2026-08,116.95,1262.38,85.18,1959.6
QLD,31900,2023-01,13.06,111.27,0,0
QLD,31900,2023-02,19.11,285.18,0,0
QLD,31900,2023-03,19.12,284.68,0,0
QLD,31900,2023-04,16.14,302.68,0,0
QLD,31900,2023-05,34.08,550.42,0,0
QLD,31900,2023-06,41.08,752.75,0,0
QLD,31900,2023-07,23.12,295.62,0,0
QLD,31900,2023-08,25.12,312.87,0,0
QLD,31900,2023-09,26.1,387.59,0,0
QLD,31900,2023-10,41.13,702.78,0,0
QLD,31900,2023-11,45.12,571.44,0,0
QLD,31900,2023-12,41.04,886.43,0,0
QLD,31900,2024-01,28.09,305.35,0,0
QLD,31900,2024-02,19.19,225.3,0,0
QLD,31900,2024-03,38.09,588.46,0,0
QLD,31900,2024-04,28.14,471.98,0,0
QLD,31900,2024-05,39.09,475.97,0,0
QLD,31900,2024-06,26.14,339.53,0,0
QLD,31900,2024-07,46.17,556.3,0,0
QLD,31900,2024-08,43.14,600.94,0,0
QLD,31900,2024-09,32.07,523.72,0,0
QLD,31900,2024-10,40.09,585.39,0,0
QLD,31900,2024-11,32.13,471.64,0,0
QLD,31900,2024-12,27.11,547.55,0,0
QLD,31900,2025-01,17.1,228.08,0,0
QLD,31900,2025-02,15.1,165.2,0,0
QLD,31900,2025-03,20.13,348.11,0,0
QLD,31900,2025-04,26.12,391.58,0,0
QLD,31900,2025-05,19.06,164.09,0,0
QLD,31900,2025-06,21.05,281.75,0,0
QLD,31900,2025-07,21.08,311.41,10.08,146.05
QLD,31900,2025-08,20.06,260.89,9.11,152.63
QLD,31900,2025-09,19.08,232.06,9.06,178.63
QLD,31900,2025-10,29.13,454.53,23.12,411.26
QLD,31900,2025-11,19.1,276.59,19.09,448.79
QLD,31900,2025-12,28.1,556.79,17.11,523.48
QLD,31900,2026-01,11.09,98.64,9.1,189.88
QLD,31900,2026-02,20.15,227.8,18.11,447.96
QLD,31900,2026-03,25.17,340.99,29.15,871.08
QLD,31900,2026-04,47.17,725.64,57.25,2112.84
QLD,31900,2026-05,21.13,229.62,10.12,236.44
QLD,31900,2026-06,31.14,409.77,36.09,945.51
QLD,31900,2026-07,27.12,367.47,24.11,563.07
QLD,31900,2026-08,15.07,151.4,12.05,290
QLD,31950,2023-01,0.07,0.48,0,0
QLD,31950,2023-02,0.16,2.65,0,0
QLD,31950,2023-03,0.11,1.58,0,0
QLD,31950,2023-04,0.07,1.13,0,0
QLD,31950,2023-05,0.04,0.37,0,0
QLD,31950,2023-06,0.93,30.16,0,0
QLD,31950,2023-07,0.37,3.73,0,0
QLD,31950,2023-08,0.22,2.31,0,0
QLD,31950,2023-09,0.04,0.38,0,0
QLD,31950,2023-10,0.29,2.72,0,0
QLD,31950,2023-11,0.24,2.2,0,0
QLD,31950,2023-12,0.22,2.11,0,0
QLD,31950,2024-01,0.05,0.58,0,0
QLD,31950,2024-02,0.15,1.86,0,0
QLD,31950,2024-03,0.2,3,0,0
QLD,31950,2024-04,0.64,12.52,0,0
QLD,31950,2024-05,0.21,2.08,0,0
QLD,31950,2024-06,0.15,1.89,0,0
QLD,31950,2024-07,0.17,2.3,0,0
QLD,31950,2024-08,0.11,1.96,0,0
QLD,31950,2024-09,0.36,4.16,0,0
QLD,31950,2024-10,0.12,1.75,0,0
QLD,31950,2024-11,0.61,6.88,0,0
QLD,31950,2024-12,0.76,30.63,0,0
QLD,31950,2025-01,0.59,20.55,0,0
QLD,31950,2025-02,0.24,2.51,0,0
QLD,31950,2025-03,0.26,2.6,0,0
QLD,31950,2025-04,0.26,4.04,0,0
QLD,31950,2025-05,0.12,1.22,0,0
QLD,31950,2025-06,0.34,3.66,0,0
QLD,31950,2025-07,0.15,2.65,0.01,0.75
QLD,31950,2025-08,0.22,2.58,0.02,1.37
QLD,31950,2025-09,0.51,5.7,0.1,2.25
QLD,31950,2025-10,0.05,0.11,0.05,0.63
QLD,31950,2025-11,0.2,1.98,0.19,3.58
QLD,31950,2025-12,0.26,2.87,0.01,0.32
QLD,31950,2026-01,0.02,0.65,0.01,0.12
QLD,31950,2026-02,0.11,1.4,0.11,2.98
QLD,31950,2026-03,0.36,4.79,0.11,3.18
QLD,31950,2026-04,0.86,12.44,0.32,9.55
QLD,31950,2026-05,0.09,0.86,0.02,0.44
QLD,31950,2026-06,0.71,54.86,0.29,6.69
QLD,31950,2026-07,0.12,1.42,0.16,3.37
QLD,31950,2026-08,0.05,0.49,0.04,1.02
QLD,32080,2023-01,193.74,1849.14,0,0
QLD,32080,2023-02,232.54,2278.34,0,0
QLD,32080,2023-03,243.81,2397.64,0,0
QLD,32080,2023-04,203.16,2041.19,0,0
QLD,32080,2023-05,232.5,2509.81,0,0
QLD,32080,2023-06,219.51,2376.23,0,0
QLD,32080,2023-07,174.68,1849.52,0,0
QLD,32080,2023-08,230.45,2381.59,0,0
QLD,32080,2023-09,243.82,2525.08,0,0
QLD,32080,2023-10,260.87,2739.98,0,0
QLD,32080,2023-11,291.63,3321.86,0,0
QLD,32080,2023-12,231.48,2724.25,0,0
QLD,32080,2024-01,189.67,1925.57,0,0
QLD,32080,2024-02,252.02,2702.39,0,0
QLD,32080,2024-03,237.83,2650.39,0,0
QLD,32080,2024-04,266.36,2849.85,0,0
QLD,32080,2024-05,343.23,3829.63,0,0
QLD,32080,2024-06,265.01,3090.46,0,0
QLD,32080,2024-07,295.39,3219.68,0,0
QLD,32080,2024-08,295.67,3448.8,0,0
QLD,32080,2024-09,247.71,2862.47,0,0
QLD,32080,2024-10,286.13,3387.33,0,0
QLD,32080,2024-11,294.28,3502.72,0,0
QLD,32080,2024-12,264.21,3333.82,0,0
QLD,32080,2025-01,205.9,2319,0,0
QLD,32080,2025-02,217.03,2532.87,0,0
QLD,32080,2025-03,259.6,3010.59,0,0
QLD,32080,2025-04,259.87,3061.24,0,0
QLD,32080,2025-05,285.62,3146.93,0,0
QLD,32080,2025-06,278.46,3146.22,0,0
QLD,32080,2025-07,271.27,3274.51,142.38,3110.42
QLD,32080,2025-08,249.9,3168.95,118.75,2365.23
QLD,32080,2025-09,258.75,3099.72,151.2,3368.37
QLD,32080,2025-10,282.28,3546.65,210.56,4848.22
QLD,32080,2025-11,265.28,3177.58,207.23,4914.21
QLD,32080,2025-12,265.61,3460.26,245.6,6481.73
QLD,32080,2026-01,206.95,2389.14,178.7,4520.7
QLD,32080,2026-02,281.27,3201.93,246.1,7208.28
QLD,32080,2026-03,272.35,3256.49,299.75,8872.48
QLD,32080,2026-04,329.47,4426.2,465.08,15622.8
QLD,32080,2026-05,265.25,3043.4,154.58,3627.8
QLD,32080,2026-06,255.9,3179.94,189.82,4590.53
QLD,32080,2026-07,224.65,2539.34,172.62,4279.62
QLD,32080,2026-08,163.97,1699.03,118.86,2790.83
QLD,32250,2023-01,0.01,0.08,0,0
QLD,32250,2023-02,0.02,0.23,0,0
QLD,32250,2023-03,0.02,0.23,0,0
QLD,32250,2023-04,3.04,53.02,0,0
QLD,32250,2023-05,0.25,3.49,0,0
QLD,32250,2023-06,0.03,0.29,0,0
QLD,32250,2023-07,0.11,1.16,0,0
QLD,32250,2023-08,0.2,4.46,0,0
QLD,32250,2023-09,0.09,0.64,0,0
QLD,32250,2023-10,0.03,0.29,0,0
QLD,32250,2023-11,1.03,6.91,0,0
QLD,32250,2023-12,0.1,0.69,0,0
QLD,32250,2024-01,0.02,0.17,0,0
QLD,32250,2024-02,0.03,0.34,0,0
QLD,32250,2024-03,1.04,11.15,0,0
QLD,32250,2024-04,0.03,0.27,0,0
QLD,32250,2024-05,0.02,0.22,0,0
QLD,32250,2024-06,1.1,7.87,0,0
QLD,32250,2024-07,0.13,0.96,0,0
QLD,32250,2024-08,5.03,33.33,0,0
QLD,32250,2024-09,1.18,21.29,0,0
QLD,32250,2024-10,1.03,13.52,0,0
QLD,32250,2024-11,3.04,46.7,0,0
QLD,32250,2024-12,0.03,0.27,0,0
QLD,32250,2025-01,0.02,0.21,0,0
QLD,32250,2025-02,2.02,26.66,0,0
QLD,32250,2025-03,4.18,103.46,0,0
QLD,32250,2025-04,1.11,14.64,0,0
QLD,32250,2025-05,2.01,73.94,0,0
QLD,32250,2025-06,2.25,28.58,0,0
QLD,32250,2025-07,1.09,13.32,0.01,0.26
QLD,32250,2025-08,4.03,66.38,1.02,25.35
QLD,32250,2025-09,0.06,0.6,0.03,0.63
QLD,32250,2025-10,3.09,36.97,1.04,21.68
QLD,32250,2025-11,1.1,20.4,1.1,26.97
QLD,32250,2025-12,2.1,20.57,1.17,26.02
QLD,32250,2026-01,0.01,0.21,0.02,0.47
QLD,32250,2026-02,0.03,0.27,0.02,0.58
QLD,32250,2026-03,0.12,1.16,0.11,2.81
QLD,32250,2026-04,1.27,9.17,2.31,77.36
QLD,32250,2026-05,1.03,68.61,1.02,94.04
QLD,32250,2026-06,5.06,66.21,4.04,95.61
QLD,32250,2026-07,1.02,14.54,1.02,20.6
QLD,32250,2026-08,2.06,21.89,1.06,17.7
QLD,32260,2023-01,22.54,177.08,0,0
QLD,32260,2023-02,21.4,190.52,0,0
QLD,32260,2023-03,35.7,323.22,0,0
QLD,32260,2023-04,19.02,197.39,0,0
QLD,32260,2023-05,47.21,610.43,0,0
QLD,32260,2023-06,40.06,402.33,0,0
QLD,32260,2023-07,32.87,386.16,0,0
QLD,32260,2023-08,38.17,456.91,0,0
QLD,32260,2023-09,39.55,367.33,0,0
QLD,32260,2023-10,45.91,440.37,0,0
QLD,32260,2023-11,42.57,475.13,0,0
QLD,32260,2023-12,33.09,449.71,0,0
QLD,32260,2024-01,17.08,168.07,0,0
QLD,32260,2024-02,28.88,366.52,0,0
QLD,32260,2024-03,34.34,400.05,0,0
QLD,32260,2024-04,53.7,602.19,0,0
QLD,32260,2024-05,42.77,515.87,0,0
QLD,32260,2024-06,43.35,528.28,0,0
QLD,32260,2024-07,54,612.49,0,0
QLD,32260,2024-08,38.36,404.43,0,0
QLD,32260,2024-09,41.58,522.05,0,0
QLD,32260,2024-10,48.35,573.49,0,0
QLD,32260,2024-11,48.45,906.79,0,0
QLD,32260,2024-12,40.39,546.97,0,0
QLD,32260,2025-01,27.5,269.17,0,0
QLD,32260,2025-02,33.85,418.26,0,0
QLD,32260,2025-03,37.1,409.78,0,0
QLD,32260,2025-04,35.7,496.94,0,0
QLD,32260,2025-05,45.23,586.54,0,0
QLD,32260,2025-06,25.91,290.48,0,0
QLD,32260,2025-07,51.72,667.43,31.76,688.4
QLD,32260,2025-08,40.49,456.82,27.63,650.16
QLD,32260,2025-09,39.83,427.28,28.66,699.99
QLD,32260,2025-10,34.59,500.42,23.85,673.02
QLD,32260,2025-11,32.74,432.88,31.3,736.98
QLD,32260,2025-12,32.95,469.89,35.4,914.31
QLD,32260,2026-01,21.18,235.17,24.12,566.36
QLD,32260,2026-02,34.16,417.91,39.48,1047.36
QLD,32260,2026-03,47,563.04,46.42,1289.35
QLD,32260,2026-04,60.62,719.75,79.87,2155.6
QLD,32260,2026-05,35.69,377.97,25.48,638.31
QLD,32260,2026-06,32.58,441.27,28.49,685.57
QLD,32260,2026-07,33.98,422.51,36.87,920.71
QLD,32260,2026-08,21.58,287.62,7.86,204.64
QLD,32270,2023-01,21.73,301.28,0,0
QLD,32270,2023-02,38.61,553.71,0,0
QLD,32270,2023-03,38.32,408.12,0,0
QLD,32270,2023-04,35.23,388.06,0,0
QLD,32270,2023-05,33.46,304.14,0,0
QLD,32270,2023-06,50.42,435.96,0,0
QLD,32270,2023-07,37.73,397.88,0,0
QLD,32270,2023-08,36.13,423.88,0,0
QLD,32270,2023-09,30.76,309.17,0,0
QLD,32270,2023-10,43.54,427.27,0,0
QLD,32270,2023-11,37.05,439.21,0,0
QLD,32270,2023-12,51.86,796.95,0,0
QLD,32270,2024-01,33.22,317.12,0,0
QLD,32270,2024-02,30.54,305.31,0,0
QLD,32270,2024-03,28.21,368,0,0
QLD,32270,2024-04,33.09,316.67,0,0
QLD,32270,2024-05,41.88,632.16,0,0
QLD,32270,2024-06,29.08,394.2,0,0
QLD,32270,2024-07,37.79,441.06,0,0
QLD,32270,2024-08,69.29,715.46,0,0
QLD,32270,2024-09,36.53,557.43,0,0
QLD,32270,2024-10,18.11,164.95,0,0
QLD,32270,2024-11,31.67,367.69,0,0
QLD,32270,2024-12,45.11,627.89,0,0
QLD,32270,2025-01,47.74,489.82,0,0
QLD,32270,2025-02,34.87,403.37,0,0
QLD,32270,2025-03,30.4,379.3,0,0
QLD,32270,2025-04,56.7,631,0,0
QLD,32270,2025-05,52.17,571.22,0,0
QLD,32270,2025-06,29.42,319.66,0,0
QLD,32270,2025-07,49.93,683.87,9.55,170.61
QLD,32270,2025-08,22.75,249.86,11.31,156.55
QLD,32270,2025-09,19.86,317.87,15.93,331.76
QLD,32270,2025-10,22.08,267.22,17.81,386.29
QLD,32270,2025-11,25.93,346.02,16.21,404.75
QLD,32270,2025-12,20.23,340.81,20.22,514.82
QLD,32270,2026-01,17.53,199.54,12.32,327.65
QLD,32270,2026-02,19.55,231.2,13.69,450.9
QLD,32270,2026-03,20.75,275.67,25.86,678.72
QLD,32270,2026-04,33.89,420.5,42.91,1301.26
QLD,32270,2026-05,30.73,345.97,15.73,425.25
QLD,32270,2026-06,26.98,287.61,15.31,395.48
QLD,32270,2026-07,35.41,412.4,22.43,570.91
QLD,32270,2026-08,17.83,173.78,10.46,247.98
QLD,32310,2023-01,13.64,106.14,0,0
QLD,32310,2023-02,10.72,98.38,0,0
QLD,32310,2023-03,23.94,255.84,0,0
QLD,32310,2023-04,13.11,111.63,0,0
QLD,32310,2023-05,18.26,172.51,0,0
QLD,32310,2023-06,16.02,121.33,0,0
QLD,32310,2023-07,12.86,116.78,0,0
QLD,32310,2023-08,28.25,229.53,0,0
QLD,32310,2023-09,8.65,74.89,0,0
QLD,32310,2023-10,11.32,102.3,0,0
QLD,32310,2023-11,15.42,149.27,0,0
QLD,32310,2023-12,12.03,108.46,0,0
QLD,32310,2024-01,11.35,95.96,0,0
QLD,32310,2024-02,33.38,331.96,0,0
QLD,32310,2024-03,19.36,174.75,0,0
QLD,32310,2024-04,30.54,339.98,0,0
QLD,32310,2024-05,27.6,288.95,0,0
QLD,32310,2024-06,25.57,251.87,0,0
QLD,32310,2024-07,28.34,282.36,0,0
QLD,32310,2024-08,23.78,273.87,0,0
QLD,32310,2024-09,15.38,206.31,0,0
QLD,32310,2024-10,23.37,282.91,0,0
QLD,32310,2024-11,20.17,180,0,0
QLD,32310,2024-12,20.9,222.98,0,0
QLD,32310,2025-01,12.64,116.56,0,0
QLD,32310,2025-02,13.57,151.81,0,0
QLD,32310,2025-03,12.01,122.93,0,0
QLD,32310,2025-04,15.96,177.19,0,0
QLD,32310,2025-05,5.7,64.05,0,0
QLD,32310,2025-06,15.67,179.12,0,0
QLD,32310,2025-07,12.86,165.25,16.16,348.13
QLD,32310,2025-08,5.73,63.07,7.51,144.96
QLD,32310,2025-09,17.9,234.35,8.58,178.34
QLD,32310,2025-10,15.34,153.84,16.51,388.86
QLD,32310,2025-11,12.7,157.79,8.84,225.23
QLD,32310,2025-12,20.83,215.49,17.82,501.4
QLD,32310,2026-01,5.19,65.35,9.54,225.59
QLD,32310,2026-02,9.52,98.6,11.81,296.24
QLD,32310,2026-03,18.34,248.75,13.04,389.72
QLD,32310,2026-04,23.68,269.3,31.1,953.95
QLD,32310,2026-05,20.6,197.92,10.93,238.2
QLD,32310,2026-06,19.65,187.55,15.52,365.28
QLD,32310,2026-07,34.08,290.77,17.66,517.75
QLD,32310,2026-08,25.98,163.83,7.42,213.35
QLD,32330,2023-01,0.65,6.43,0,0
QLD,32330,2023-02,0.48,3.27,0,0
QLD,32330,2023-03,1.29,10.57,0,0
QLD,32330,2023-04,0.16,1.06,0,0
QLD,32330,2023-05,0.48,3.12,0,0
QLD,32330,2023-06,0.65,6.43,0,0
QLD,32330,2023-07,0.81,8.03,0,0
QLD,32330,2023-08,1.13,9.3,0,0
QLD,32330,2023-09,0.65,6.44,0,0
QLD,32330,2023-10,0.65,13.25,0,0
QLD,32330,2023-11,0.65,9.42,0,0
QLD,32330,2023-12,1.45,33.59,0,0
QLD,32330,2024-01,0.32,2.13,0,0
QLD,32330,2024-02,0.32,3.21,0,0
QLD,32330,2024-03,0.16,1.07,0,0
QLD,32330,2024-04,0.65,5.33,0,0
QLD,32330,2024-05,1.45,17.64,0,0
QLD,32330,2024-06,1.29,18.94,0,0
QLD,32330,2024-07,1.13,9.27,0,0
QLD,32330,2024-08,1.62,22.25,0,0
QLD,32330,2024-09,1.94,15.94,0,0
QLD,32330,2024-10,1.45,11.64,0,0
QLD,32330,2024-11,0.65,5.33,0,0
QLD,32330,2024-12,0.48,6.54,0,0
QLD,32330,2025-01,0.65,5.86,0,0
QLD,32330,2025-02,0.81,10.67,0,0
QLD,32330,2025-03,0.32,4.28,0,0
QLD,32330,2025-04,1.78,20.25,0,0
QLD,32330,2025-05,0.48,5.33,0,0
QLD,32330,2025-06,0.65,5.23,0,0
QLD,32330,2025-07,0.16,2.13,0.65,7.69
QLD,32330,2025-08,0,0,0,0
QLD,32330,2025-09,0.65,5.21,0.81,10.65
QLD,32330,2025-10,1.45,15.76,0.32,6.95
QLD,32330,2025-11,1.62,13.81,1.62,21.1
QLD,32330,2025-12,0.48,4.27,0.65,19.49
QLD,32330,2026-01,1.29,10.26,0.81,25.6
QLD,32330,2026-02,1.13,12.58,0.32,3.71
QLD,32330,2026-03,0.32,2,0.48,18.06
QLD,32330,2026-04,0.65,6.6,0.48,12.63
QLD,32330,2026-05,0.48,4.43,0.32,5.01
QLD,32330,2026-06,0.16,1.61,0.16,4.14
QLD,32330,2026-07,0.65,6.3,0.32,4.34
QLD,32330,2026-08,0,0,0.32,5.49
QLD,32450,2023-01,0.07,0.43,0,0
QLD,32450,2023-02,1.15,15.67,0,0
QLD,32450,2023-03,4.1,49.7,0,0
QLD,32450,2023-04,3.07,38.79,0,0
QLD,32450,2023-05,0.13,1.71,0,0
QLD,32450,2023-06,2.36,30.95,0,0
QLD,32450,2023-07,1.37,17,0,0
QLD,32450,2023-08,6.27,66.49,0,0
QLD,32450,2023-09,0.07,0.54,0,0
QLD,32450,2023-10,2.26,28.06,0,0
QLD,32450,2023-11,5.21,52.2,0,0
QLD,32450,2023-12,5.23,46.44,0,0
QLD,32450,2024-01,0.05,0.53,0,0
QLD,32450,2024-02,3.14,29.9,0,0
QLD,32450,2024-03,11.18,124.75,0,0
QLD,32450,2024-04,0.1,1.15,0,0
QLD,32450,2024-05,1.19,8.48,0,0
QLD,32450,2024-06,4.17,167.29,0,0
QLD,32450,2024-07,9.19,164.01,0,0
QLD,32450,2024-08,8.1,185.25,0,0
QLD,32450,2024-09,2.39,55.49,0,0
QLD,32450,2024-10,1.11,8.18,0,0
QLD,32450,2024-11,5.55,73.93,0,0
QLD,32450,2024-12,2.2,60.43,0,0
QLD,32450,2025-01,0.06,1.64,0,0
QLD,32450,2025-02,4.21,51.77,0,0
QLD,32450,2025-03,8.3,87.79,0,0
QLD,32450,2025-04,1.27,10.58,0,0
QLD,32450,2025-05,4.11,74.44,0,0
QLD,32450,2025-06,5.4,59.75,0,0
QLD,32450,2025-07,2.17,17.07,0.01,0.68
QLD,32450,2025-08,3.2,35.26,3.02,54.36
QLD,32450,2025-09,8.46,87.43,4.09,84.99
QLD,32450,2025-10,4.05,19.54,0.05,0.57
QLD,32450,2025-11,4.21,221.58,2.2,124.08
QLD,32450,2025-12,2.27,28.16,0.07,1.14
QLD,32450,2026-01,1.02,13.89,0.01,0.11
QLD,32450,2026-02,1.1,20.26,1.1,21.89
QLD,32450,2026-03,2.36,62.71,1.13,50.43
QLD,32450,2026-04,1.39,11.29,2.39,117.98
QLD,32450,2026-05,0.08,0.77,0.02,0.4
QLD,32450,2026-06,9.16,187.04,5.26,124.64
QLD,32450,2026-07,1.11,14.58,6.15,142.83
QLD,32450,2026-08,0.05,0.44,0.03,0.92
QLD,32500,2023-01,0.91,5.9,0,0
QLD,32500,2023-02,0.24,1.88,0,0
QLD,32500,2023-03,2.7,97.31,0,0
QLD,32500,2023-04,1.26,9.59,0,0
QLD,32500,2023-05,1.19,13.12,0,0
QLD,32500,2023-06,1.99,22.44,0,0
QLD,32500,2023-07,2.83,25.61,0,0
QLD,32500,2023-08,3.71,29.93,0,0
QLD,32500,2023-09,2.7,29.38,0,0
QLD,32500,2023-10,3.5,127.36,0,0
QLD,32500,2023-11,3.47,96.95,0,0
QLD,32500,2023-12,1.99,57.96,0,0
QLD,32500,2024-01,0.1,0.85,0,0
QLD,32500,2024-02,2.73,31.65,0,0
QLD,32500,2024-03,3.78,42.88,0,0
QLD,32500,2024-04,1.5,11.47,0,0
QLD,32500,2024-05,3.88,42.42,0,0
QLD,32500,2024-06,7.57,96.8,0,0
QLD,32500,2024-07,4.2,54.51,0,0
QLD,32500,2024-08,3.64,55.46,0,0
QLD,32500,2024-09,0.42,7.08,0,0
QLD,32500,2024-10,2.27,24.36,0,0
QLD,32500,2024-11,7.6,94.78,0,0
QLD,32500,2024-12,3.57,39.37,0,0
QLD,32500,2025-01,0.14,1.65,0,0
QLD,32500,2025-02,5.15,48.19,0,0
QLD,32500,2025-03,5.25,64.52,0,0
QLD,32500,2025-04,1.89,18.03,0,0
QLD,32500,2025-05,0.55,6.9,0,0
QLD,32500,2025-06,10.97,83.86,0,0
QLD,32500,2025-07,8.41,102.52,0.21,3.26
QLD,32500,2025-08,2.34,39.29,1.08,14.3
QLD,32500,2025-09,9.31,64.32,0.73,14.09
QLD,32500,2025-10,3.88,48,2.13,47.48
QLD,32500,2025-11,0.52,6.08,0.35,8.46
QLD,32500,2025-12,1.22,12.65,1.86,41.47
QLD,32500,2026-01,1.05,11.53,1.01,35.75
QLD,32500,2026-02,2.94,40.44,2.9,97.6
QLD,32500,2026-03,1.96,29.84,1.22,49.93
QLD,32500,2026-04,7.42,88.89,9.55,343.71
QLD,32500,2026-05,3.57,24.22,0.24,5.24
QLD,32500,2026-06,6.65,104.02,4.59,123.95
QLD,32500,2026-07,6.87,112.02,2.83,60.6
QLD,32500,2026-08,1.96,18.53,0.98,27.62
QLD,32600,2023-01,0.11,1.14,0,0
QLD,32600,2023-02,0.25,1.91,0,0
QLD,32600,2023-03,0.39,3.35,0,0
QLD,32600,2023-04,0.23,2.73,0,0
QLD,32600,2023-05,0.41,4.51,0,0
QLD,32600,2023-06,0.44,4.88,0,0
QLD,32600,2023-07,0.42,5.96,0,0
QLD,32600,2023-08,0.21,2.53,0,0
QLD,32600,2023-09,0.28,2.57,0,0
QLD,32600,2023-10,0.28,4.62,0,0
QLD,32600,2023-11,0.25,2.22,0,0
QLD,32600,2023-12,0.39,9.18,0,0
QLD,32600,2024-01,0.11,0.87,0,0
QLD,32600,2024-02,0.32,5.12,0,0
QLD,32600,2024-03,0.28,5.86,0,0
QLD,32600,2024-04,0.7,8.41,0,0
QLD,32600,2024-05,0.7,9.78,0,0
QLD,32600,2024-06,0.34,4.07,0,0
QLD,32600,2024-07,0.78,11.33,0,0
QLD,32600,2024-08,0.42,6.8,0,0
QLD,32600,2024-09,0.42,7.19,0,0
QLD,32600,2024-10,0.7,10.52,0,0
QLD,32600,2024-11,0.41,7.82,0,0
QLD,32600,2024-12,0.35,7.29,0,0
QLD,32600,2025-01,0.14,1.67,0,0
QLD,32600,2025-02,0.32,3.89,0,0
QLD,32600,2025-03,0.45,5.01,0,0
QLD,32600,2025-04,0.31,2.42,0,0
QLD,32600,2025-05,0.64,8,0,0
QLD,32600,2025-06,0.39,5.17,0,0
QLD,32600,2025-07,0.38,6.73,0.21,3.31
QLD,32600,2025-08,0.46,4.03,0.31,5.4
QLD,32600,2025-09,0.6,6.27,0.35,7.61
QLD,32600,2025-10,0.35,4.75,0.25,6.64
QLD,32600,2025-11,0.53,6.18,0.35,8.59
QLD,32600,2025-12,0.42,7.12,0.25,8.02
QLD,32600,2026-01,0.14,1.42,0.11,2.89
QLD,32600,2026-02,0.53,5.46,0.49,14.61
QLD,32600,2026-03,0.35,3.88,0.42,12.39
QLD,32600,2026-04,0.91,11.55,1.15,37.43
QLD,32600,2026-05,0.35,3.5,0.25,5.32
QLD,32600,2026-06,0.46,7.7,0.28,7.28
QLD,32600,2026-07,0.42,5.52,0.42,8.56
QLD,32600,2026-08,0.32,6.41,0.14,3.48
QLD,32750,2023-01,0,0,0,0
QLD,32750,2023-02,0,0,0,0
QLD,32750,2023-03,0,0,0,0
QLD,32750,2023-04,0,0,0,0
QLD,32750,2023-05,0,0,0,0
QLD,32750,2023-06,0.56,6.23,0,0
QLD,32750,2023-07,0,0,0,0
QLD,32750,2023-08,0.56,4,0,0
QLD,32750,2023-09,0,0,0,0
QLD,32750,2023-10,0.84,6.21,0,0
QLD,32750,2023-11,0.84,6.21,0,0
QLD,32750,2023-12,0,0,0,0
QLD,32750,2024-01,0,0,0,0
QLD,32750,2024-02,0,0,0,0
QLD,32750,2024-03,1.69,5.94,0,0
QLD,32750,2024-04,0.28,1.63,0,0
QLD,32750,2024-05,0,0,0,0
QLD,32750,2024-06,0,0,0,0
QLD,32750,2024-07,0,0,0,0
QLD,32750,2024-08,0.56,4.37,0,0
QLD,32750,2024-09,0.84,6.23,0,0
QLD,32750,2024-10,0.28,10.9,0,0
QLD,32750,2024-11,0,0,0,0
QLD,32750,2024-12,0,0,0,0
QLD,32750,2025-01,0,0,0,0
QLD,32750,2025-02,0,0,0,0
QLD,32750,2025-03,0,0,0,0
QLD,32750,2025-04,0,0,0,0
QLD,32750,2025-05,0.28,8.42,0,0
QLD,32750,2025-06,0,0,0,0
QLD,32750,2025-07,0.28,4.45,0.28,22.48
QLD,32750,2025-08,0,0,0,0
QLD,32750,2025-09,1,27,0,0
QLD,32750,2025-10,0.56,4.5,0,0
QLD,32750,2025-11,0.28,2.25,0,0
QLD,32750,2025-12,0,0,0,0
QLD,32750,2026-01,0,0,0,0
QLD,32750,2026-02,0.28,4.48,0.56,47.95
QLD,32750,2026-03,0,0,0,0
QLD,32750,2026-04,0,0,0,0
QLD,32750,2026-05,0,0,0,0
QLD,32750,2026-06,0,0,0,0
QLD,32750,2026-07,0,0,0,0
QLD,32750,2026-08,0,0,0,0
QLD,32770,2023-01,0,0,0,0
QLD,32770,2023-02,0,0,0,0
QLD,32770,2023-03,0,0,0,0
QLD,32770,2023-04,0,0,0,0
QLD,32770,2023-05,0,0,0,0
QLD,32770,2023-06,0.47,22.22,0,0
QLD,32770,2023-07,0,0,0,0
QLD,32770,2023-08,0,0,0,0
QLD,32770,2023-09,0,0,0,0
QLD,32770,2023-10,0,0,0,0
QLD,32770,2023-11,0,0,0,0
QLD,32770,2023-12,0,0,0,0
QLD,32770,2024-01,0,0,0,0
QLD,32770,2024-02,0,0,0,0
QLD,32770,2024-03,0,0,0,0
QLD,32770,2024-04,0.47,9.88,0,0
QLD,32770,2024-05,0,0,0,0
QLD,32770,2024-06,0,0,0,0
QLD,32770,2024-07,0,0,0,0
QLD,32770,2024-08,0,0,0,0
QLD,32770,2024-09,0,0,0,0
QLD,32770,2024-10,0,0,0,0
QLD,32770,2024-11,0,0,0,0
QLD,32770,2024-12,0.47,24.69,0,0
QLD,32770,2025-01,0.47,16.46,0,0
QLD,32770,2025-02,0,0,0,0
QLD,32770,2025-03,0,0,0,0
QLD,32770,2025-04,0,0,0,0
QLD,32770,2025-05,0,0,0,0
QLD,32770,2025-06,0,0,0,0
QLD,32770,2025-07,0,0,0,0
QLD,32770,2025-08,0,0,0,0
QLD,32770,2025-09,0,0,0,0
QLD,32770,2025-10,0,0,0,0
QLD,32770,2025-11,0,0,0,0
QLD,32770,2025-12,0,0,0,0
QLD,32770,2026-01,0,0,0,0
QLD,32770,2026-02,0,0,0,0
QLD,32770,2026-03,0,0,0,0
QLD,32770,2026-04,0.47,7.01,0,0
QLD,32770,2026-05,0,0,0,0
QLD,32770,2026-06,0.47,46.49,0,0
QLD,32770,2026-07,0,0,0,0
QLD,32770,2026-08,0,0,0,0
QLD,32810,2023-01,11.02,91.23,0,0
QLD,32810,2023-02,26,339.37,0,0
QLD,32810,2023-03,23.07,266.98,0,0
QLD,32810,2023-04,17.02,200.81,0,0
QLD,32810,2023-05,26.02,378.62,0,0
QLD,32810,2023-06,17.04,150.67,0,0
QLD,32810,2023-07,25.07,261.76,0,0
QLD,32810,2023-08,22.09,250.02,0,0
QLD,32810,2023-09,12.07,111.54,0,0
QLD,32810,2023-10,21.09,244.14,0,0
QLD,32810,2023-11,18.09,290.24,0,0
QLD,32810,2023-12,8.04,73.23,0,0
QLD,32810,2024-01,8,76.77,0,0
QLD,32810,2024-02,16.07,166.17,0,0
QLD,32810,2024-03,22.09,234.67,0,0
QLD,32810,2024-04,22.02,239.66,0,0
QLD,32810,2024-05,26.09,314.85,0,0
QLD,32810,2024-06,15.2,166.25,0,0
QLD,32810,2024-07,25.09,246.44,0,0
QLD,32810,2024-08,29.09,340.39,0,0
QLD,32810,2024-09,25,281.74,0,0
QLD,32810,2024-10,25.04,446.54,0,0
QLD,32810,2024-11,33.2,443.27,0,0
QLD,32810,2024-12,14.09,311.72,0,0
QLD,32810,2025-01,5,49.75,0,0
QLD,32810,2025-02,17.13,239.15,0,0
QLD,32810,2025-03,20.13,251.51,0,0
QLD,32810,2025-04,18.04,216.67,0,0
QLD,32810,2025-05,26,442.66,0,0
QLD,32810,2025-06,16.29,186.33,0,0
QLD,32810,2025-07,16.22,190.69,7,198.16
QLD,32810,2025-08,15.04,155.42,6.02,153.77
QLD,32810,2025-09,19.22,194.79,11,283.7
QLD,32810,2025-10,29.07,298.51,17.04,439.56
QLD,32810,2025-11,14,167.62,15,325.74
QLD,32810,2025-12,30.02,396.76,31.04,827.18
QLD,32810,2026-01,13.02,174.99,9.02,281.56
QLD,32810,2026-02,12.07,137.35,6.07,170.27
QLD,32810,2026-03,29.04,423.93,26.02,824.21
QLD,32810,2026-04,36.18,565.75,50.22,1682.87
QLD,32810,2026-05,32.09,378.22,19,374.17
QLD,32810,2026-06,16.15,194.46,13.11,339.63
QLD,32810,2026-07,19.18,200.4,12.07,348.22
QLD,32810,2026-08,12.02,157.29,9,211.72
QLD,33100,2023-01,0.42,4.5,0,0
QLD,33100,2023-02,0.97,7.52,0,0
QLD,33100,2023-03,1.11,9.1,0,0
QLD,33100,2023-04,0.71,8.71,0,0
QLD,33100,2023-05,1.52,16.25,0,0
QLD,33100,2023-06,1.51,17.35,0,0
QLD,33100,2023-07,1.66,23.31,0,0
QLD,33100,2023-08,0.84,10.01,0,0
QLD,33100,2023-09,1.11,10.11,0,0
QLD,33100,2023-10,1.11,18.13,0,0
QLD,33100,2023-11,0.97,8.77,0,0
QLD,33100,2023-12,1.51,35.79,0,0
QLD,33100,2024-01,0.42,3.48,0,0
QLD,33100,2024-02,1.25,20.12,0,0
QLD,33100,2024-03,1.11,23.06,0,0
QLD,33100,2024-04,2.75,32.88,0,0
QLD,33100,2024-05,2.61,36.8,0,0
QLD,33100,2024-06,1.25,15.14,0,0
QLD,33100,2024-07,2.76,40.86,0,0
QLD,33100,2024-08,1.66,26.63,0,0
QLD,33100,2024-09,1.65,28.11,0,0
QLD,33100,2024-10,2.62,34.77,0,0
QLD,33100,2024-11,1.38,28.43,0,0
QLD,33100,2024-12,1.38,28.49,0,0
QLD,33100,2025-01,0.56,6.61,0,0
QLD,33100,2025-02,1.24,15.28,0,0
QLD,33100,2025-03,1.66,19.24,0,0
QLD,33100,2025-04,1.11,8.27,0,0
QLD,33100,2025-05,2.2,27.33,0,0
QLD,33100,2025-06,1.51,20.16,0,0
QLD,33100,2025-07,1.38,24.86,0.83,13.06
QLD,33100,2025-08,1.79,15.83,1.11,20.43
QLD,33100,2025-09,2.35,24.61,1.38,29.91
QLD,33100,2025-10,1.41,19.21,0.98,26.67
QLD,33100,2025-11,2.07,24.19,1.38,33.75
QLD,33100,2025-12,1.66,27.9,0.97,31.6
QLD,33100,2026-01,0.56,5.68,0.42,11.57
QLD,33100,2026-02,2.07,21.42,1.93,57.19
QLD,33100,2026-03,1.39,15.35,1.66,48.83
QLD,33100,2026-04,3.44,43.13,4.42,143.9
QLD,33100,2026-05,1.39,13.79,0.97,21.04
QLD,33100,2026-06,1.81,30.59,1.11,29.16
QLD,33100,2026-07,1.66,21.67,1.65,33.67
QLD,33100,2026-08,1.26,25.17,0.57,14.26
QLD,33200,2023-01,0.07,0.51,0,0
QLD,33200,2023-02,1.13,7.74,0,0
QLD,33200,2023-03,0.14,1.36,0,0
QLD,33200,2023-04,5.16,54.66,0,0
QLD,33200,2023-05,7.11,85.41,0,0
QLD,33200,2023-06,8.09,79.8,0,0
QLD,33200,2023-07,9.14,90.23,0,0
QLD,33200,2023-08,2.15,14.06,0,0
QLD,33200,2023-09,0.13,1.16,0,0
QLD,33200,2023-10,7.17,93.06,0,0
QLD,33200,2023-11,1.16,8.21,0,0
QLD,33200,2023-12,2.09,20.63,0,0
QLD,33200,2024-01,0.12,1.2,0,0
QLD,33200,2024-02,4.23,40.25,0,0
QLD,33200,2024-03,4.11,39.3,0,0
QLD,33200,2024-04,0.18,1.82,0,0
QLD,33200,2024-05,4.13,39.07,0,0
QLD,33200,2024-06,3.17,35.54,0,0
QLD,33200,2024-07,4.21,84.57,0,0
QLD,33200,2024-08,1.19,12.57,0,0
QLD,33200,2024-09,0.11,1.46,0,0
QLD,33200,2024-10,3.17,42.14,0,0
QLD,33200,2024-11,0.16,2.06,0,0
QLD,33200,2024-12,0.15,1.46,0,0
QLD,33200,2025-01,1.13,7.78,0,0
QLD,33200,2025-02,4.13,51.52,0,0
QLD,33200,2025-03,1.15,11.48,0,0
QLD,33200,2025-04,1.15,14.18,0,0
QLD,33200,2025-05,0.07,0.63,0,0
QLD,33200,2025-06,2.07,25.31,0,0
QLD,33200,2025-07,0.09,0.75,0.11,1.89
QLD,33200,2025-08,1.07,7.29,2.13,46.84
QLD,33200,2025-09,0.09,1.34,0.07,1.99
QLD,33200,2025-10,0.17,1.88,0.18,4.54
QLD,33200,2025-11,1.13,14.99,0.14,3.47
QLD,33200,2025-12,1.14,8.28,0.14,4.29
QLD,33200,2026-01,2.11,25.35,0.13,3.69
QLD,33200,2026-02,0.17,1.8,0.14,3.79
QLD,33200,2026-03,1.22,8.42,1.2,53.49
QLD,33200,2026-04,3.23,52.97,7.35,310.54
QLD,33200,2026-05,4.18,42.26,3.15,89.23
QLD,33200,2026-06,2.18,22.02,0.12,3.31
QLD,33200,2026-07,0.15,1.9,1.13,27.16
QLD,33200,2026-08,1.09,7.72,2.07,44.78
QLD,33220,2023-01,184.61,1260.4,0,0
QLD,33220,2023-02,201.29,1459.58,0,0
QLD,33220,2023-03,239.02,1909.8,0,0
QLD,33220,2023-04,195.48,1473.92,0,0
QLD,33220,2023-05,231.47,1768.99,0,0
QLD,33220,2023-06,237.57,1757.54,0,0
QLD,33220,2023-07,242.59,1780.42,0,0
QLD,33220,2023-08,294.24,2168.07,0,0
QLD,33220,2023-09,289.43,2141.01,0,0
QLD,33220,2023-10,260.87,2100.71,0,0
QLD,33220,2023-11,256.02,2299.26,0,0
QLD,33220,2023-12,247.2,2659.06,0,0
QLD,33220,2024-01,151.51,1195.09,0,0
QLD,33220,2024-02,301.47,2340.37,0,0
QLD,33220,2024-03,264.33,2179.11,0,0
QLD,33220,2024-04,330.08,2515.83,0,0
QLD,33220,2024-05,337.1,2867.94,0,0
QLD,33220,2024-06,287.74,2296.98,0,0
QLD,33220,2024-07,354.29,2899.11,0,0
QLD,33220,2024-08,283.84,2516.89,0,0
QLD,33220,2024-09,303.71,2584.29,0,0
QLD,33220,2024-10,299.21,2597.03,0,0
QLD,33220,2024-11,276.4,2650.64,0,0
QLD,33220,2024-12,190.72,1912.76,0,0
QLD,33220,2025-01,217.29,1946.97,0,0
QLD,33220,2025-02,260.06,2284.68,0,0
QLD,33220,2025-03,236.38,2187.65,0,0
QLD,33220,2025-04,236.03,2058.64,0,0
QLD,33220,2025-05,252.16,2093.79,0,0
QLD,33220,2025-06,208.05,1699.99,0,0
QLD,33220,2025-07,206.06,1776.66,93.94,1773.52
QLD,33220,2025-08,180.04,1516.26,80.74,1546.22
QLD,33220,2025-09,199.01,1846.01,118,2448.95
QLD,33220,2025-10,199.73,1577.58,107.88,2389.67
QLD,33220,2025-11,234.56,1951.67,147.38,3523.54
QLD,33220,2025-12,245.73,2410.57,190.89,4613.84
QLD,33220,2026-01,167.61,1466.03,100.69,2247.2
QLD,33220,2026-02,273.21,2047.77,148.89,3532.29
QLD,33220,2026-03,311.71,2687.33,226.33,6508.44
QLD,33220,2026-04,327.28,3484.09,316.71,10328.47
QLD,33220,2026-05,282.46,2216.01,121.09,2554.97
QLD,33220,2026-06,335.38,2855.16,173.73,4048.11
QLD,33220,2026-07,332.24,2768.75,164.4,3687
QLD,33220,2026-08,163.88,1386.64,93.19,2102.95
QLD,33360,2023-01,64.06,527.67,0,0
QLD,33360,2023-02,79.09,664.02,0,0
QLD,33360,2023-03,113.09,887.1,0,0
QLD,33360,2023-04,70.08,617.28,0,0
QLD,33360,2023-05,130.12,1219.11,0,0
QLD,33360,2023-06,86.1,891.74,0,0
QLD,33360,2023-07,98.09,843.74,0,0
QLD,33360,2023-08,101.09,1056.31,0,0
QLD,33360,2023-09,91.1,847.82,0,0
QLD,33360,2023-10,93.09,850.15,0,0
QLD,33360,2023-11,115.09,1234.32,0,0
QLD,33360,2023-12,120.09,1125.08,0,0
QLD,33360,2024-01,63.05,552.22,0,0
QLD,33360,2024-02,119.08,1117.49,0,0
QLD,33360,2024-03,126.08,1164.34,0,0
QLD,33360,2024-04,103.11,1034.45,0,0
QLD,33360,2024-05,150.14,1462.87,0,0
QLD,33360,2024-06,86.08,1001.6,0,0
QLD,33360,2024-07,148.09,1243.99,0,0
QLD,33360,2024-08,104.08,1114.08,0,0
QLD,33360,2024-09,128.09,1256.44,0,0
QLD,33360,2024-10,108.08,1308.61,0,0
QLD,33360,2024-11,116.06,1184.17,0,0
QLD,33360,2024-12,104.07,1253.58,0,0
QLD,33360,2025-01,90.07,936.12,0,0
QLD,33360,2025-02,133.07,1368.08,0,0
QLD,33360,2025-03,89.07,908.1,0,0
QLD,33360,2025-04,108.07,1176.08,0,0
QLD,33360,2025-05,101.08,1052.5,0,0
QLD,33360,2025-06,82.07,904.72,0,0
QLD,33360,2025-07,100.07,1185.68,47.04,885.48
QLD,33360,2025-08,103.06,1122.31,63.03,1213.28
QLD,33360,2025-09,79.08,834.71,51.04,1207.57
QLD,33360,2025-10,99.07,1125.53,72.04,1689.46
QLD,33360,2025-11,98.08,1156.57,76.05,1819.79
QLD,33360,2025-12,104.08,1377.49,107.08,2893.99
QLD,33360,2026-01,44.06,542.08,27.04,682.59
QLD,33360,2026-02,89.08,1033.7,82.06,2006.31
QLD,33360,2026-03,104.08,1277.43,107.07,2964.84
QLD,33360,2026-04,122.1,1571.7,157.13,5089.84
QLD,33360,2026-05,89.06,911.95,45.04,990.56
QLD,33360,2026-06,91.09,945.03,69.06,1546.42
QLD,33360,2026-07,103.08,1113.23,73.05,2023.7
QLD,33360,2026-08,65.06,691.54,29.04,749.96
QLD,33430,2023-01,499.05,4565.54,0,0
QLD,33430,2023-02,631.1,6060.31,0,0
QLD,33430,2023-03,675.7,6408.04,0,0
QLD,33430,2023-04,534.62,5216.63,0,0
QLD,33430,2023-05,633.59,6315.27,0,0
QLD,33430,2023-06,729.46,7368.32,0,0
QLD,33430,2023-07,696.32,6899.22,0,0
QLD,33430,2023-08,738.62,7615.62,0,0
QLD,33430,2023-09,641.15,6555.8,0,0
QLD,33430,2023-10,678.97,6846.06,0,0
QLD,33430,2023-11,729.93,7886.2,0,0
QLD,33430,2023-12,697.85,8292.29,0,0
QLD,33430,2024-01,428.43,4424.19,0,0
QLD,33430,2024-02,681.99,7427.99,0,0
QLD,33430,2024-03,679.42,6977.32,0,0
QLD,33430,2024-04,756.01,7590.65,0,0
QLD,33430,2024-05,762.11,7901.15,0,0
QLD,33430,2024-06,703.05,7342.19,0,0
QLD,33430,2024-07,699.16,7456.31,0,0
QLD,33430,2024-08,592.9,6296.23,0,0
QLD,33430,2024-09,639.54,6792.86,0,0
QLD,33430,2024-10,650.33,7239.83,0,0
QLD,33430,2024-11,636.95,7435.48,0,0
QLD,33430,2024-12,640.72,7861.13,0,0
QLD,33430,2025-01,465.12,4890.4,0,0
QLD,33430,2025-02,542.26,5637.93,0,0
QLD,33430,2025-03,398.77,4513.78,0,0
QLD,33430,2025-04,493.06,5305.69,0,0
QLD,33430,2025-05,496.83,5740.88,0,0
QLD,33430,2025-06,457.83,5128.78,0,0
QLD,33430,2025-07,513.75,5552.86,791.82,16367.81
QLD,33430,2025-08,505.63,5486.7,606,13550.04
QLD,33430,2025-09,587.01,6560.13,710.04,17918.63
QLD,33430,2025-10,626.88,7156.05,884.82,24050.27
QLD,33430,2025-11,706.21,8309.27,990.29,29218.35
QLD,33430,2025-12,774.52,10298.13,1091.34,35295.19
QLD,33430,2026-01,511.32,5539.57,778.52,23796.03
QLD,33430,2026-02,616.01,6854.48,994.67,32721.49
QLD,33430,2026-03,852.77,10071.4,1384.97,48208.17
QLD,33430,2026-04,1021.19,13039.82,2302.29,86903.16
QLD,33430,2026-05,595.46,6066.67,523.66,12825.48
QLD,33430,2026-06,807.16,8878.19,789.89,21206.97
QLD,33430,2026-07,622.5,7024.04,711.26,19798.01
QLD,33430,2026-08,368.98,4227.78,383.63,10673.51
QLD,33610,2023-01,9.1,82.51,0,0
QLD,33610,2023-02,15.31,127.81,0,0
QLD,33610,2023-03,6.27,69.39,0,0
QLD,33610,2023-04,1.2,7.7,0,0
QLD,33610,2023-05,4.23,53.88,0,0
QLD,33610,2023-06,12.23,135.57,0,0
QLD,33610,2023-07,12.05,121.23,0,0
QLD,33610,2023-08,25.92,255.57,0,0
QLD,33610,2023-09,11.26,121.3,0,0
QLD,33610,2023-10,10.32,122.87,0,0
QLD,33610,2023-11,10.31,147.62,0,0
QLD,33610,2023-12,8.2,127.76,0,0
QLD,33610,2024-01,3.15,60.75,0,0
QLD,33610,2024-02,9.91,112.55,0,0
QLD,33610,2024-03,12.18,211.89,0,0
QLD,33610,2024-04,4.17,45.74,0,0
QLD,33610,2024-05,29.15,189.34,0,0
QLD,33610,2024-06,8.24,93.27,0,0
QLD,33610,2024-07,12.42,149.59,0,0
QLD,33610,2024-08,20.09,187.85,0,0
QLD,33610,2024-09,6.17,145.46,0,0
QLD,33610,2024-10,18.04,215.36,0,0
QLD,33610,2024-11,19.86,245.89,0,0
QLD,33610,2024-12,12.31,170.02,0,0
QLD,33610,2025-01,3.25,66.51,0,0
QLD,33610,2025-02,4.25,33.4,0,0
QLD,33610,2025-03,10.25,100.91,0,0
QLD,33610,2025-04,6.21,66.51,0,0
QLD,33610,2025-05,9.17,79.71,0,0
QLD,33610,2025-06,2.13,45.04,0,0
QLD,33610,2025-07,7.97,70.33,2.02,33.32
QLD,33610,2025-08,9.14,99.34,2.14,41.43
QLD,33610,2025-09,8.08,142.88,3.17,120.78
QLD,33610,2025-10,9.22,110.02,6.24,174.71
QLD,33610,2025-11,6.01,138.6,7.04,201.47
QLD,33610,2025-12,9.25,72.03,4.26,146.87
QLD,33610,2026-01,1.14,6,2.2,70.01
QLD,33610,2026-02,10.14,149.94,16.14,476.54
QLD,33610,2026-03,6.3,63.39,12.1,368.49
QLD,33610,2026-04,14.74,216.28,19.63,699.58
QLD,33610,2026-05,8.21,69.52,6.14,168.17
QLD,33610,2026-06,6.19,70.98,5.16,169.08
QLD,33610,2026-07,2.28,23.49,3.45,109.36
QLD,33610,2026-08,3.12,39.24,2.02,59.95
QLD,33620,2023-01,51.27,408.81,0,0
QLD,33620,2023-02,100.83,778.66,0,0
QLD,33620,2023-03,155.39,1306.16,0,0
QLD,33620,2023-04,104.63,778.43,0,0
QLD,33620,2023-05,155.75,1172.4,0,0
QLD,33620,2023-06,149.68,1168.48,0,0
QLD,33620,2023-07,143.39,1115.44,0,0
QLD,33620,2023-08,171.41,1214.35,0,0
QLD,33620,2023-09,115.9,901.26,0,0
QLD,33620,2023-10,122.45,905.34,0,0
QLD,33620,2023-11,132.84,1005.63,0,0
QLD,33620,2023-12,109.85,1128.53,0,0
QLD,33620,2024-01,71.27,628.25,0,0
QLD,33620,2024-02,173.79,1383.97,0,0
QLD,33620,2024-03,125.22,989.55,0,0
QLD,33620,2024-04,187.76,1511.45,0,0
QLD,33620,2024-05,184.99,1526.62,0,0
QLD,33620,2024-06,142.54,1275.01,0,0
QLD,33620,2024-07,167.04,1378.06,0,0
QLD,33620,2024-08,136.4,1142.87,0,0
QLD,33620,2024-09,144.66,1173.97,0,0
QLD,33620,2024-10,139.05,1169.17,0,0
QLD,33620,2024-11,145.51,1168.74,0,0
QLD,33620,2024-12,111.25,980.26,0,0
QLD,33620,2025-01,87.68,757.1,0,0
QLD,33620,2025-02,106.94,987.67,0,0
QLD,33620,2025-03,97.89,1005.32,0,0
QLD,33620,2025-04,95.49,833.73,0,0
QLD,33620,2025-05,103.93,977.07,0,0
QLD,33620,2025-06,87.22,781.04,0,0
QLD,33620,2025-07,84.05,892.42,64.58,1047.27
QLD,33620,2025-08,81.44,802.85,63.19,1325.5
QLD,33620,2025-09,86.84,822.41,59.07,1180.85
QLD,33620,2025-10,90.02,801.63,68.71,1641.28
QLD,33620,2025-11,89.22,831.77,93.98,2283.99
QLD,33620,2025-12,95.72,1145.18,98.77,2787.67
QLD,33620,2026-01,55.09,483.85,40.56,991.67
QLD,33620,2026-02,101.29,1076.06,115.33,3390.52
QLD,33620,2026-03,124.95,1336.1,148.25,4077.41
QLD,33620,2026-04,137.06,1671.52,188.49,6834.31
QLD,33620,2026-05,82.34,701.79,50.46,1015.12
QLD,33620,2026-06,110.46,1038.56,80.88,1918.96
QLD,33620,2026-07,103.14,920.95,87.95,2052.88
QLD,33620,2026-08,60.11,546.25,37.42,886.52
QLD,33800,2023-01,9.99,77.59,0,0
QLD,33800,2023-02,10.01,79.04,0,0
QLD,33800,2023-03,28.95,258.9,0,0
QLD,33800,2023-04,9.02,67.19,0,0
QLD,33800,2023-05,14.98,122.81,0,0
QLD,33800,2023-06,20.96,210,0,0
QLD,33800,2023-07,13,92.62,0,0
QLD,33800,2023-08,22.97,201.82,0,0
QLD,33800,2023-09,9.01,74.3,0,0
QLD,33800,2023-10,16,165.7,0,0
QLD,33800,2023-11,14,123.56,0,0
QLD,33800,2023-12,7,95.89,0,0
QLD,33800,2024-01,5.02,50.6,0,0
QLD,33800,2024-02,8.04,58.31,0,0
QLD,33800,2024-03,20.96,207.07,0,0
QLD,33800,2024-04,15,150.81,0,0
QLD,33800,2024-05,20.97,255.69,0,0
QLD,33800,2024-06,29.95,412.59,0,0
QLD,33800,2024-07,16.01,140.19,0,0
QLD,33800,2024-08,27.96,328.87,0,0
QLD,33800,2024-09,26.95,287.46,0,0
QLD,33800,2024-10,20.98,210.51,0,0
QLD,33800,2024-11,19.98,182.85,0,0
QLD,33800,2024-12,15.99,207.88,0,0
QLD,33800,2025-01,2.03,13.48,0,0
QLD,33800,2025-02,6.02,47.51,0,0
QLD,33800,2025-03,8.02,81.13,0,0
QLD,33800,2025-04,10.01,102.71,0,0
QLD,33800,2025-05,11.98,143.6,0,0
QLD,33800,2025-06,13.98,154.58,0,0
QLD,33800,2025-07,14.98,162.84,10,187.04
QLD,33800,2025-08,10.99,99.04,8.01,112.54
QLD,33800,2025-09,11.99,109.49,8.99,126.37
QLD,33800,2025-10,5.03,43.95,10.02,154.01
QLD,33800,2025-11,11,147.21,10.01,234.53
QLD,33800,2025-12,14.99,287.73,14,335.47
QLD,33800,2026-01,13.99,180.01,8.01,159.28
QLD,33800,2026-02,12.01,96.91,8.01,169.48
QLD,33800,2026-03,19,256.42,15.01,489.57
QLD,33800,2026-04,31.96,450.15,38.98,1061.17
QLD,33800,2026-05,24.97,204.83,8.02,168.85
QLD,33800,2026-06,22.98,264.08,13.99,339
QLD,33800,2026-07,24.96,242.47,14.99,322.96
QLD,33800,2026-08,13.98,151.61,4.01,94.4
QLD,33830,2023-01,0.14,0.8,0,0
QLD,33830,2023-02,0,0,0,0
QLD,33830,2023-03,0.41,16,0,0
QLD,33830,2023-04,0.14,0.9,0,0
QLD,33830,2023-05,0.14,1.52,0,0
QLD,33830,2023-06,0.27,3.04,0,0
QLD,33830,2023-07,0.41,3.32,0,0
QLD,33830,2023-08,0.54,4.11,0,0
QLD,33830,2023-09,0.41,4.52,0,0
QLD,33830,2023-10,0.54,20.67,0,0
QLD,33830,2023-11,0.54,15.95,0,0
QLD,33830,2023-12,0.27,8.24,0,0
QLD,33830,2024-01,0,0,0,0
QLD,33830,2024-02,0.41,4.48,0,0
QLD,33830,2024-03,0.54,5.32,0,0
QLD,33830,2024-04,0.14,0.54,0,0
QLD,33830,2024-05,0.54,5.58,0,0
QLD,33830,2024-06,1.22,15.66,0,0
QLD,33830,2024-07,0.54,6.83,0,0
QLD,33830,2024-08,0.54,8.21,0,0
QLD,33830,2024-09,0,0,0,0
QLD,33830,2024-10,0.27,2.63,0,0
QLD,33830,2024-11,1.22,14.75,0,0
QLD,33830,2024-12,0.54,5.42,0,0
QLD,33830,2025-01,0,0,0,0
QLD,33830,2025-02,0.81,7.47,0,0
QLD,33830,2025-03,0.81,10.05,0,0
QLD,33830,2025-04,0.27,2.69,0,0
QLD,33830,2025-05,0,0,0,0
QLD,33830,2025-06,1.76,13.2,0,0
QLD,33830,2025-07,1.36,16.2,0,0
QLD,33830,2025-08,0.27,5.44,0.14,1.55
QLD,33830,2025-09,1.36,9.02,0,0
QLD,33830,2025-10,0.41,3.12,0.27,3.8
QLD,33830,2025-11,0,0,0,0
QLD,33830,2025-12,0.14,0.95,0.27,5.65
QLD,33830,2026-01,0.14,1.61,0.14,5.29
QLD,33830,2026-02,0.41,5.9,0.41,14.01
QLD,33830,2026-03,0.27,4.38,0.14,6.35
QLD,33830,2026-04,1.09,12.84,1.36,48.04
QLD,33830,2026-05,0.54,3.5,0,0
QLD,33830,2026-06,0.95,12.92,0.68,15.81
QLD,33830,2026-07,1.09,17.94,0.41,8.78
QLD,33830,2026-08,0.14,1.02,0,0
QLD,33960,2023-01,262.93,2084.9,0,0
QLD,33960,2023-02,321.12,2647.25,0,0
QLD,33960,2023-03,306.85,2689.07,0,0
QLD,33960,2023-04,276.26,2396.26,0,0
QLD,33960,2023-05,340.1,3076.48,0,0
QLD,33960,2023-06,373.04,3327.39,0,0
QLD,33960,2023-07,344.7,3315.26,0,0
QLD,33960,2023-08,331.95,3266.88,0,0
QLD,33960,2023-09,371.53,3459.94,0,0
QLD,33960,2023-10,353.55,3622.75,0,0
QLD,33960,2023-11,376.93,3760.08,0,0
QLD,33960,2023-12,367.79,3883.92,0,0
QLD,33960,2024-01,258.47,2414.36,0,0
QLD,33960,2024-02,339.74,3214.22,0,0
QLD,33960,2024-03,293.01,2711.06,0,0
QLD,33960,2024-04,345.73,3271.66,0,0
QLD,33960,2024-05,370.55,3495.6,0,0
QLD,33960,2024-06,317.21,3041.36,0,0
QLD,33960,2024-07,304.84,2931.97,0,0
QLD,33960,2024-08,283.22,3053.44,0,0
QLD,33960,2024-09,313.55,3156.29,0,0
QLD,33960,2024-10,294.66,3079.53,0,0
QLD,33960,2024-11,348,3506.75,0,0
QLD,33960,2024-12,305.53,3387.73,0,0
QLD,33960,2025-01,318.31,3175.04,0,0
QLD,33960,2025-02,292.95,2868.68,0,0
QLD,33960,2025-03,233.71,2540.35,0,0
QLD,33960,2025-04,276.28,3101.06,0,0
QLD,33960,2025-05,279.98,2861.55,0,0
QLD,33960,2025-06,207.9,2160,0,0
QLD,33960,2025-07,281.05,2783.36,325.42,5775.3
QLD,33960,2025-08,221.26,2198.54,239.33,5050.47
QLD,33960,2025-09,280.67,3152.88,294.92,6729.34
QLD,33960,2025-10,251.11,2688.45,377.65,9465.8
QLD,33960,2025-11,250.89,2684.26,319.34,9179.5
QLD,33960,2025-12,264.68,3086.85,396.25,12679.1
QLD,33960,2026-01,262.39,2677.17,334.74,10562.32
QLD,33960,2026-02,319.24,3060.7,434.11,13717.04
QLD,33960,2026-03,390.2,4006.77,547.43,18795.24
QLD,33960,2026-04,419.25,4766.43,765.42,28870.9
QLD,33960,2026-05,321.31,2922.86,309.26,7421.75
QLD,33960,2026-06,378.68,3520.73,341.21,8649.82
QLD,33960,2026-07,383.25,3414.9,353.78,9078.02
QLD,33960,2026-08,216.89,2067.41,171.4,4540.02
QLD,33980,2023-01,8.98,78.31,0,0
QLD,33980,2023-02,5.93,63.7,0,0
QLD,33980,2023-03,8.67,81.34,0,0
QLD,33980,2023-04,6.8,74.49,0,0
QLD,33980,2023-05,31.79,336.5,0,0
QLD,33980,2023-06,8.8,145.54,0,0
QLD,33980,2023-07,7.9,87.4,0,0
QLD,33980,2023-08,10.31,98.58,0,0
QLD,33980,2023-09,19,192.8,0,0
QLD,33980,2023-10,7.3,66.95,0,0
QLD,33980,2023-11,22.71,242.17,0,0
QLD,33980,2023-12,13.81,241.81,0,0
QLD,33980,2024-01,7.5,86.77,0,0
QLD,33980,2024-02,15.2,178.86,0,0
QLD,33980,2024-03,5.92,81.9,0,0
QLD,33980,2024-04,13.73,162.47,0,0
QLD,33980,2024-05,13.73,133.67,0,0
QLD,33980,2024-06,20.57,276.68,0,0
QLD,33980,2024-07,18.19,197.58,0,0
QLD,33980,2024-08,38.31,406.13,0,0
QLD,33980,2024-09,15.55,199.19,0,0
QLD,33980,2024-10,18.42,337.6,0,0
QLD,33980,2024-11,17.33,189.15,0,0
QLD,33980,2024-12,11.82,146.88,0,0
QLD,33980,2025-01,21.28,225.18,0,0
QLD,33980,2025-02,21.81,287.05,0,0
QLD,33980,2025-03,14,167.73,0,0
QLD,33980,2025-04,28.89,334.91,0,0
QLD,33980,2025-05,13.74,140.15,0,0
QLD,33980,2025-06,26.29,319.51,0,0
QLD,33980,2025-07,23.8,343.95,8.08,196.71
QLD,33980,2025-08,16.7,162.67,5.93,112.09
QLD,33980,2025-09,14.01,254.68,11.82,262.47
QLD,33980,2025-10,9.96,108.97,7.91,201.63
QLD,33980,2025-11,8.26,116.34,9.72,235.38
QLD,33980,2025-12,6.49,93.64,6.43,177.67
QLD,33980,2026-01,16.32,199.83,15.33,352.59
QLD,33980,2026-02,10.9,125.67,14.72,384.15
QLD,33980,2026-03,18.65,271.77,25.66,770.95
QLD,33980,2026-04,13.1,227.54,17.43,738.18
QLD,33980,2026-05,22.54,241.93,13.36,329.98
QLD,33980,2026-06,19.74,236.61,11.45,355.19
QLD,33980,2026-07,9.2,80.3,8.17,218.25
QLD,33980,2026-08,15.88,217.94,8.29,203.87
QLD,34420,2023-01,0,0,0,0
QLD,34420,2023-02,0,0,0,0
QLD,34420,2023-03,0,0,0,0
QLD,34420,2023-04,0.14,1.03,0,0
QLD,34420,2023-05,0,0,0,0
QLD,34420,2023-06,0,0,0,0
QLD,34420,2023-07,0,0,0,0
QLD,34420,2023-08,0.14,1.49,0,0
QLD,34420,2023-09,0,0,0,0
QLD,34420,2023-10,0,0,0,0
QLD,34420,2023-11,0,0,0,0
QLD,34420,2023-12,0,0,0,0
QLD,34420,2024-01,0,0,0,0
QLD,34420,2024-02,0,0,0,0
QLD,34420,2024-03,0.14,2.74,0,0
QLD,34420,2024-04,0,0,0,0
QLD,34420,2024-05,0,0,0,0
QLD,34420,2024-06,0,0,0,0
QLD,34420,2024-07,0.14,1.82,0,0
QLD,34420,2024-08,0,0,0,0
QLD,34420,2024-09,0,0,0,0
QLD,34420,2024-10,0,0,0,0
QLD,34420,2024-11,0,0,0,0
QLD,34420,2024-12,0,0,0,0
QLD,34420,2025-01,0,0,0,0
QLD,34420,2025-02,0,0,0,0
QLD,34420,2025-03,0,0,0,0
QLD,34420,2025-04,0,0,0,0
QLD,34420,2025-05,0,0,0,0
QLD,34420,2025-06,0,0,0,0
QLD,34420,2025-07,0,0,0,0
QLD,34420,2025-08,0.14,1.49,0,0
QLD,34420,2025-09,0.28,1.95,0.14,2.54
QLD,34420,2025-10,0.55,12.28,0.14,9.09
QLD,34420,2025-11,0,0,0,0
QLD,34420,2025-12,0,0,0,0
QLD,34420,2026-01,0,0,0,0
QLD,34420,2026-02,0,0,0,0
QLD,34420,2026-03,0,0,0,0
QLD,34420,2026-04,0,0,0.14,8.49
QLD,34420,2026-05,0,0,0,0
QLD,34420,2026-06,0.28,9.75,0.14,11.32
QLD,34420,2026-07,0,0,0,0
QLD,34420,2026-08,0.41,3.05,0.41,11.98
QLD,34530,2023-01,49.38,311.61,0,0
QLD,34530,2023-02,72.66,454.28,0,0
QLD,34530,2023-03,84.35,663.98,0,0
QLD,34530,2023-04,64.87,524.31,0,0
QLD,34530,2023-05,56.19,478.55,0,0
QLD,34530,2023-06,51.79,399.68,0,0
QLD,34530,2023-07,52.71,407.79,0,0
QLD,34530,2023-08,63.79,509.92,0,0
QLD,34530,2023-09,63.9,459.91,0,0
QLD,34530,2023-10,62.3,533.22,0,0
QLD,34530,2023-11,79.22,702.56,0,0
QLD,34530,2023-12,72.08,618.34,0,0
QLD,34530,2024-01,40.33,321.04,0,0
QLD,34530,2024-02,76.7,669.42,0,0
QLD,34530,2024-03,61.21,563.36,0,0
QLD,34530,2024-04,70.33,683.1,0,0
QLD,34530,2024-05,81.77,794.08,0,0
QLD,34530,2024-06,71.53,696.66,0,0
QLD,34530,2024-07,68.47,631.79,0,0
QLD,34530,2024-08,72.18,762.43,0,0
QLD,34530,2024-09,61.79,553.45,0,0
QLD,34530,2024-10,55.45,593.61,0,0
QLD,34530,2024-11,55.61,525.19,0,0
QLD,34530,2024-12,44.05,471.32,0,0
QLD,34530,2025-01,45.31,437.7,0,0
QLD,34530,2025-02,68.68,640.21,0,0
QLD,34530,2025-03,77.74,769.94,0,0
QLD,34530,2025-04,62.27,618.98,0,0
QLD,34530,2025-05,65.88,663.55,0,0
QLD,34530,2025-06,62.44,680.44,0,0
QLD,34530,2025-07,65.26,640.84,20.42,321.17
QLD,34530,2025-08,49.56,445.71,29.83,543.8
QLD,34530,2025-09,47.38,458.22,41.02,925.94
QLD,34530,2025-10,49.45,539.89,38.52,901.73
QLD,34530,2025-11,50.93,568.59,35.39,796.54
QLD,34530,2025-12,54.58,725.98,54.31,1480.85
QLD,34530,2026-01,21.93,237.52,26.25,571.09
QLD,34530,2026-02,49.86,516.01,47.12,1222.67
QLD,34530,2026-03,68.77,734.66,61.62,1731.44
QLD,34530,2026-04,74.67,901.93,91.22,3009.26
QLD,34530,2026-05,38.96,333.14,17.83,354.36
QLD,34530,2026-06,61.95,600.9,35.93,817.14
QLD,34530,2026-07,57.3,586.04,42.49,986
QLD,34530,2026-08,33.81,331.89,23.22,560.12
QLD,34570,2023-01,0,0,0,0
QLD,34570,2023-02,0,0,0,0
QLD,34570,2023-03,0,0,0,0
QLD,34570,2023-04,0.1,0.76,0,0
QLD,34570,2023-05,0,0,0,0
QLD,34570,2023-06,0,0,0,0
QLD,34570,2023-07,0,0,0,0
QLD,34570,2023-08,0.1,1.09,0,0
QLD,34570,2023-09,0,0,0,0
QLD,34570,2023-10,0,0,0,0
QLD,34570,2023-11,0,0,0,0
QLD,34570,2023-12,0,0,0,0
QLD,34570,2024-01,0,0,0,0
QLD,34570,2024-02,0,0,0,0
QLD,34570,2024-03,0.1,2.01,0,0
QLD,34570,2024-04,0,0,0,0
QLD,34570,2024-05,0,0,0,0
QLD,34570,2024-06,0,0,0,0
QLD,34570,2024-07,0.1,1.34,0,0
QLD,34570,2024-08,0,0,0,0
QLD,34570,2024-09,0,0,0,0
QLD,34570,2024-10,0,0,0,0
QLD,34570,2024-11,0,0,0,0
QLD,34570,2024-12,0,0,0,0
QLD,34570,2025-01,0,0,0,0
QLD,34570,2025-02,0,0,0,0
QLD,34570,2025-03,0,0,0,0
QLD,34570,2025-04,0,0,0,0
QLD,34570,2025-05,0,0,0,0
QLD,34570,2025-06,0,0,0,0
QLD,34570,2025-07,0,0,0,0
QLD,34570,2025-08,0.1,1.1,0,0
QLD,34570,2025-09,0.2,1.43,0.1,1.87
QLD,34570,2025-10,0.41,9.01,0.1,6.67
QLD,34570,2025-11,0,0,0,0
QLD,34570,2025-12,0,0,0,0
QLD,34570,2026-01,0,0,0,0
QLD,34570,2026-02,0,0,0,0
QLD,34570,2026-03,0,0,0,0
QLD,34570,2026-04,0,0,0.1,6.23
QLD,34570,2026-05,0,0,0,0
QLD,34570,2026-06,0.2,7.15,0.1,8.31
QLD,34570,2026-07,0,0,0,0
QLD,34570,2026-08,0.3,2.24,0.3,8.79
QLD,34580,2023-01,49.55,447.46,0,0
QLD,34580,2023-02,66.07,625.35,0,0
QLD,34580,2023-03,82.49,761,0,0
QLD,34580,2023-04,61.6,574.14,0,0
QLD,34580,2023-05,91.53,911,0,0
QLD,34580,2023-06,69.95,662.07,0,0
QLD,34580,2023-07,71.15,679.3,0,0
QLD,34580,2023-08,100.48,924.69,0,0
QLD,34580,2023-09,84.05,920.7,0,0
QLD,34580,2023-10,76.26,796.18,0,0
QLD,34580,2023-11,61.61,667.12,0,0
QLD,34580,2023-12,82.37,928.94,0,0
QLD,34580,2024-01,45.52,410.6,0,0
QLD,34580,2024-02,77.55,698.39,0,0
QLD,34580,2024-03,96.02,887.07,0,0
QLD,34580,2024-04,122.92,1115.43,0,0
QLD,34580,2024-05,138.38,1085.7,0,0
QLD,34580,2024-06,141.75,1084.08,0,0
QLD,34580,2024-07,160.34,1393.44,0,0
QLD,34580,2024-08,135.12,1097.38,0,0
QLD,34580,2024-09,132.51,1199.5,0,0
QLD,34580,2024-10,159.76,1585.47,0,0
QLD,34580,2024-11,138.59,1337.31,0,0
QLD,34580,2024-12,96.18,1248.08,0,0
QLD,34580,2025-01,74.51,829.69,0,0
QLD,34580,2025-02,71.18,672.84,0,0
QLD,34580,2025-03,64.54,612.15,0,0
QLD,34580,2025-04,63.02,723.56,0,0
QLD,34580,2025-05,73.91,741.97,0,0
QLD,34580,2025-06,69.5,829.77,0,0
QLD,34580,2025-07,68.4,677.14,70.97,1381.72
QLD,34580,2025-08,59.86,636.74,58.9,1350.76
QLD,34580,2025-09,58.55,617.42,67.05,1796.76
QLD,34580,2025-10,62.31,671.31,75.32,2183.13
QLD,34580,2025-11,59.9,787.8,78.03,2565.05
QLD,34580,2025-12,69.91,947.01,91.79,3095.56
QLD,34580,2026-01,47.61,515.61,60.55,1888.94
QLD,34580,2026-02,64.84,690.96,78.33,2422.42
QLD,34580,2026-03,92.31,1107.99,127.26,4542.09
QLD,34580,2026-04,141.3,1756.51,240.01,9128.45
QLD,34580,2026-05,75.71,874.08,76.34,1993.83
QLD,34580,2026-06,103.67,1067.37,100.44,2695.32
QLD,34580,2026-07,91.24,1085.54,101.03,2820.46
QLD,34580,2026-08,54.68,529.93,44.25,1259.36
QLD,34590,2023-01,422.52,3666.35,0,0
QLD,34590,2023-02,506.34,4530.02,0,0
QLD,34590,2023-03,532.29,5072.69,0,0
QLD,34590,2023-04,404.36,3838.06,0,0
QLD,34590,2023-05,469.03,4519.26,0,0
QLD,34590,2023-06,532.82,5283.88,0,0
QLD,34590,2023-07,489.09,4818.36,0,0
QLD,34590,2023-08,553.74,5284.94,0,0
QLD,34590,2023-09,531.09,5892.86,0,0
QLD,34590,2023-10,478.05,5230.85,0,0
QLD,34590,2023-11,515.13,5365.9,0,0
QLD,34590,2023-12,512.85,5991.43,0,0
QLD,34590,2024-01,372.48,3559.73,0,0
QLD,34590,2024-02,529.9,5183.37,0,0
QLD,34590,2024-03,404,3991.02,0,0
QLD,34590,2024-04,552.98,4887.76,0,0
QLD,34590,2024-05,601.12,5883.84,0,0
QLD,34590,2024-06,490.67,4982.31,0,0
QLD,34590,2024-07,546.59,5377.09,0,0
QLD,34590,2024-08,445.46,4868.08,0,0
QLD,34590,2024-09,473.59,4723.75,0,0
QLD,34590,2024-10,511.1,5308.4,0,0
QLD,34590,2024-11,460.66,4969.31,0,0
QLD,34590,2024-12,482.73,5878.38,0,0
QLD,34590,2025-01,453.8,4342.46,0,0
QLD,34590,2025-02,498.51,5577.58,0,0
QLD,34590,2025-03,375.91,3997.46,0,0
QLD,34590,2025-04,399.68,4105.96,0,0
QLD,34590,2025-05,415.24,3985.03,0,0
QLD,34590,2025-06,388.09,3809.05,0,0
QLD,34590,2025-07,429.18,4167.5,406.9,7732.18
QLD,34590,2025-08,351.14,3584.91,378.04,7970.86
QLD,34590,2025-09,429.57,4244.93,458.25,11290.15
QLD,34590,2025-10,436.08,4462.62,485.99,13823.84
QLD,34590,2025-11,442.01,4518.73,528.49,15599.69
QLD,34590,2025-12,409.18,5096.31,596.74,20407
QLD,34590,2026-01,420.07,4406.9,490.35,15629.23
QLD,34590,2026-02,528.18,5268,575.8,19244.29
QLD,34590,2026-03,729.97,7787.11,961.96,34142.73
QLD,34590,2026-04,899.1,10264.2,1519.8,59766.89
QLD,34590,2026-05,639.07,5640.32,365.83,8994.67
QLD,34590,2026-06,806.39,7524.18,507.2,13796.55
QLD,34590,2026-07,794.7,7335.54,513.46,13995.02
QLD,34590,2026-08,455.59,4333.24,247.98,7171.22
QLD,34710,2023-01,3.93,34.55,0,0
QLD,34710,2023-02,4.91,44.85,0,0
QLD,34710,2023-03,3.91,38.34,0,0
QLD,34710,2023-04,3.98,45.11,0,0
QLD,34710,2023-05,1.98,15.13,0,0
QLD,34710,2023-06,0,0,0,0
QLD,34710,2023-07,6.84,87.21,0,0
QLD,34710,2023-08,1.95,21.21,0,0
QLD,34710,2023-09,0,0,0,0
QLD,34710,2023-10,2.95,31.53,0,0
QLD,34710,2023-11,9.77,141.53,0,0
QLD,34710,2023-12,4.95,53.83,0,0
QLD,34710,2024-01,0,0,0,0
QLD,34710,2024-02,1,13.28,0,0
QLD,34710,2024-03,10.75,203.49,0,0
QLD,34710,2024-04,10.77,120.74,0,0
QLD,34710,2024-05,5.86,76.53,0,0
QLD,34710,2024-06,4.93,46.99,0,0
QLD,34710,2024-07,1.95,13.23,0,0
QLD,34710,2024-08,3.93,56.94,0,0
QLD,34710,2024-09,6.84,76.1,0,0
QLD,34710,2024-10,2.93,42.14,0,0
QLD,34710,2024-11,0.98,18.92,0,0
QLD,34710,2024-12,8.79,110.5,0,0
QLD,34710,2025-01,5.89,91.02,0,0
QLD,34710,2025-02,0,0,0,0
QLD,34710,2025-03,2.95,31.71,0,0
QLD,34710,2025-04,9.79,91.35,0,0
QLD,34710,2025-05,9.79,108.09,0,0
QLD,34710,2025-06,7.84,115.45,0,0
QLD,34710,2025-07,5.91,52.52,0.98,34.2
QLD,34710,2025-08,4.89,62.6,1.95,50.56
QLD,34710,2025-09,2.93,34.97,1.95,25.01
QLD,34710,2025-10,0,0,0.98,9.38
QLD,34710,2025-11,13.7,127.9,5.86,94.41
QLD,34710,2025-12,16.66,187.74,6.89,220.81
QLD,34710,2026-01,3.93,33.52,0.98,12.51
QLD,34710,2026-02,2.95,70.01,1.95,37.52
QLD,34710,2026-03,6.84,96.47,6.84,190.16
QLD,34710,2026-04,10.82,158.58,15.7,561.63
QLD,34710,2026-05,6.84,56.16,2.95,78.86
QLD,34710,2026-06,13.73,226.7,7.86,202.48
QLD,34710,2026-07,9.84,141.26,6.86,181.4
QLD,34710,2026-08,2.95,39.95,2.98,102.09
QLD,34770,2023-01,126.4,1184.78,0,0
QLD,34770,2023-02,175.76,1819.55,0,0
QLD,34770,2023-03,200.07,1985.14,0,0
QLD,34770,2023-04,132.77,1206.65,0,0
QLD,34770,2023-05,197.68,1990.42,0,0
QLD,34770,2023-06,190.19,2026.43,0,0
QLD,34770,2023-07,193.83,2054.19,0,0
QLD,34770,2023-08,207.48,2145.9,0,0
QLD,34770,2023-09,177.93,2075.82,0,0
QLD,34770,2023-10,219.13,2446.43,0,0
QLD,34770,2023-11,247.09,2704.26,0,0
QLD,34770,2023-12,176.88,1934.54,0,0
QLD,34770,2024-01,157.76,1732.93,0,0
QLD,34770,2024-02,223.96,2482.05,0,0
QLD,34770,2024-03,240.68,2708.72,0,0
QLD,34770,2024-04,214.79,2311.24,0,0
QLD,34770,2024-05,286.9,3345.82,0,0
QLD,34770,2024-06,224.45,2489.7,0,0
QLD,34770,2024-07,267.81,2994.27,0,0
QLD,34770,2024-08,232.36,2771.92,0,0
QLD,34770,2024-09,223.12,2695.23,0,0
QLD,34770,2024-10,257.3,2766.89,0,0
QLD,34770,2024-11,237.54,2876.35,0,0
QLD,34770,2024-12,205.84,2419.9,0,0
QLD,34770,2025-01,183.07,1947.68,0,0
QLD,34770,2025-02,183.29,2037.64,0,0
QLD,34770,2025-03,173.75,2143.9,0,0
QLD,34770,2025-04,197.54,2183.82,0,0
QLD,34770,2025-05,220.24,2539.58,0,0
QLD,34770,2025-06,186.46,2053.55,0,0
QLD,34770,2025-07,176.66,1989.05,118.35,2286.7
QLD,34770,2025-08,156.05,1767.31,87.68,1693.84
QLD,34770,2025-09,163.85,1628.73,135.41,2987.53
QLD,34770,2025-10,187.87,2008.42,178.82,4235.05
QLD,34770,2025-11,146.91,1737.47,174.61,4379.85
QLD,34770,2025-12,168.23,2266.54,189.6,4836.41
QLD,34770,2026-01,149.53,1754.59,136.53,3864
QLD,34770,2026-02,162.09,1939.08,176.43,5170.74
QLD,34770,2026-03,207.59,2350.47,213.83,6323.32
QLD,34770,2026-04,292.48,3667.71,393.77,13474.04
QLD,34770,2026-05,172.15,1873.32,123.07,3048.58
QLD,34770,2026-06,196.06,2054.26,130.09,3428.17
QLD,34770,2026-07,211.18,2153.84,162.13,4092.31
QLD,34770,2026-08,109.71,1190.36,72.06,1924.63
QLD,34800,2023-01,0,0,0,0
QLD,34800,2023-02,0,0,0,0
QLD,34800,2023-03,0,0,0,0
QLD,34800,2023-04,0,0,0,0
QLD,34800,2023-05,2.67,38.49,0,0
QLD,34800,2023-06,0,0,0,0
QLD,34800,2023-07,0.89,9.73,0,0
QLD,34800,2023-08,1.78,46.54,0,0
QLD,34800,2023-09,0.89,5.56,0,0
QLD,34800,2023-10,0,0,0,0
QLD,34800,2023-11,0,0,0,0
QLD,34800,2023-12,0.89,5.88,0,0
QLD,34800,2024-01,0,0,0,0
QLD,34800,2024-02,0,0,0,0
QLD,34800,2024-03,0,0,0,0
QLD,34800,2024-04,0,0,0,0
QLD,34800,2024-05,0,0,0,0
QLD,34800,2024-06,0.89,10.22,0,0
QLD,34800,2024-07,0.89,3.92,0,0
QLD,34800,2024-08,0,0,0,0
QLD,34800,2024-09,1.78,93.48,0,0
QLD,34800,2024-10,0,0,0,0
QLD,34800,2024-11,0,0,0,0
QLD,34800,2024-12,0,0,0,0
QLD,34800,2025-01,0,0,0,0
QLD,34800,2025-02,0,0,0,0
QLD,34800,2025-03,1.78,45.49,0,0
QLD,34800,2025-04,0.89,11.76,0,0
QLD,34800,2025-05,0,0,0,0
QLD,34800,2025-06,2.67,52.9,0,0
QLD,34800,2025-07,0.89,6.68,0,0
QLD,34800,2025-08,0,0,0,0
QLD,34800,2025-09,0,0,0,0
QLD,34800,2025-10,0,0,0,0
QLD,34800,2025-11,0.89,20.56,0.89,46.05
QLD,34800,2025-12,0.89,5.88,1.78,23.76
QLD,34800,2026-01,0,0,0,0
QLD,34800,2026-02,0,0,0,0
QLD,34800,2026-03,0.89,7.27,0.89,21.38
QLD,34800,2026-04,2.67,22.94,2.67,138.94
QLD,34800,2026-05,0,0,0,0
QLD,34800,2026-06,0,0,0,0
QLD,34800,2026-07,0,0,0,0
QLD,34800,2026-08,0,0,0,0
QLD,34830,2023-01,0,0,0,0
QLD,34830,2023-02,0,0,0,0
QLD,34830,2023-03,0,0,0,0
QLD,34830,2023-04,0,0,0,0
QLD,34830,2023-05,0,0,0,0
QLD,34830,2023-06,0,0,0,0
QLD,34830,2023-07,0,0,0,0
QLD,34830,2023-08,0,0,0,0
QLD,34830,2023-09,0,0,0,0
QLD,34830,2023-10,0,0,0,0
QLD,34830,2023-11,0,0,0,0
QLD,34830,2023-12,0,0,0,0
QLD,34830,2024-01,0,0,0,0
QLD,34830,2024-02,0,0,0,0
QLD,34830,2024-03,0,0,0,0
QLD,34830,2024-04,0,0,0,0
QLD,34830,2024-05,0,0,0,0
QLD,34830,2024-06,0,0,0,0
QLD,34830,2024-07,0,0,0,0
QLD,34830,2024-08,0,0,0,0
QLD,34830,2024-09,0,0,0,0
QLD,34830,2024-10,0,0,0,0
QLD,34830,2024-11,0,0,0,0
QLD,34830,2024-12,0,0,0,0
QLD,34830,2025-01,0,0,0,0
QLD,34830,2025-02,0,0,0,0
QLD,34830,2025-03,0,0,0,0
QLD,34830,2025-04,0,0,0,0
QLD,34830,2025-05,0,0,0,0
QLD,34830,2025-06,0.06,0.21,0,0
QLD,34830,2025-07,0,0,0,0
QLD,34830,2025-08,0,0,0,0
QLD,34830,2025-09,0.06,0.36,0.06,0.83
QLD,34830,2025-10,0,0,0,0
QLD,34830,2025-11,0,0,0,0
QLD,34830,2025-12,0,0,0,0
QLD,34830,2026-01,0.06,0.31,0.06,0.83
QLD,34830,2026-02,0,0,0,0
QLD,34830,2026-03,0,0,0,0
QLD,34830,2026-04,0.06,1,0.06,2.95
QLD,34830,2026-05,0,0,0,0
QLD,34830,2026-06,0,0,0,0
QLD,34830,2026-07,0,0,0,0
QLD,34830,2026-08,0,0,0,0
QLD,34860,2023-01,2.99,33.45,0,0
QLD,34860,2023-02,14.95,205.74,0,0
QLD,34860,2023-03,9.52,124.01,0,0
QLD,34860,2023-04,5.01,36.71,0,0
QLD,34860,2023-05,12.89,125.51,0,0
QLD,34860,2023-06,19.99,216.89,0,0
QLD,34860,2023-07,11.64,113.97,0,0
QLD,34860,2023-08,21.08,267.77,0,0
QLD,34860,2023-09,14.14,147.67,0,0
QLD,34860,2023-10,5.14,68.26,0,0
QLD,34860,2023-11,6.01,56.99,0,0
QLD,34860,2023-12,7.31,64.23,0,0
QLD,34860,2024-01,9.3,103.07,0,0
QLD,34860,2024-02,12.85,149.94,0,0
QLD,34860,2024-03,4.08,35.08,0,0
QLD,34860,2024-04,16.42,175.94,0,0
QLD,34860,2024-05,18.79,227.2,0,0
QLD,34860,2024-06,10.91,162.46,0,0
QLD,34860,2024-07,24.16,240.37,0,0
QLD,34860,2024-08,21.18,239.77,0,0
QLD,34860,2024-09,15.27,158.97,0,0
QLD,34860,2024-10,23.91,271.86,0,0
QLD,34860,2024-11,21.94,354.85,0,0
QLD,34860,2024-12,23.23,321.98,0,0
QLD,34860,2025-01,9.03,79.15,0,0
QLD,34860,2025-02,27.29,266.47,0,0
QLD,34860,2025-03,8.23,68.81,0,0
QLD,34860,2025-04,17.03,247.57,0,0
QLD,34860,2025-05,18.99,219.92,0,0
QLD,34860,2025-06,13.72,141.24,0,0
QLD,34860,2025-07,24.92,258.5,11,185.52
QLD,34860,2025-08,11.04,134.99,4.94,61.83
QLD,34860,2025-09,4.06,40.02,4.85,109.8
QLD,34860,2025-10,15.88,396.55,5.07,128.97
QLD,34860,2025-11,19.02,279.86,11.97,326.24
QLD,34860,2025-12,3.07,59.78,6.06,183.57
QLD,34860,2026-01,2.96,66.22,2,71.2
QLD,34860,2026-02,10.01,180.53,5.03,123.39
QLD,34860,2026-03,7.01,145.19,12.7,419.99
QLD,34860,2026-04,24.08,299.25,27.11,848.46
QLD,34860,2026-05,12.84,177.46,3.87,99.47
QLD,34860,2026-06,14.72,179.42,7.79,186.63
QLD,34860,2026-07,10.92,88.69,7.96,228.36
QLD,34860,2026-08,11.65,126.3,10.04,202.59
QLD,34880,2023-01,16.75,145.84,0,0
QLD,34880,2023-02,19.32,208.46,0,0
QLD,34880,2023-03,26.52,317.8,0,0
QLD,34880,2023-04,20.48,206.65,0,0
QLD,34880,2023-05,23.35,263.14,0,0
QLD,34880,2023-06,32.91,395.59,0,0
QLD,34880,2023-07,28.89,328.64,0,0
QLD,34880,2023-08,27.16,396.02,0,0
QLD,34880,2023-09,24.33,366,0,0
QLD,34880,2023-10,29.51,326.72,0,0
QLD,34880,2023-11,27.65,354.27,0,0
QLD,34880,2023-12,38.22,511.69,0,0
QLD,34880,2024-01,28.92,391.85,0,0
QLD,34880,2024-02,35,419.85,0,0
QLD,34880,2024-03,40.05,609.79,0,0
QLD,34880,2024-04,28.7,380.14,0,0
QLD,34880,2024-05,37.35,574.36,0,0
QLD,34880,2024-06,26.2,365.91,0,0
QLD,34880,2024-07,38.24,696.22,0,0
QLD,34880,2024-08,30.91,567.45,0,0
QLD,34880,2024-09,43.4,615.59,0,0
QLD,34880,2024-10,29.69,351.46,0,0
QLD,34880,2024-11,36.04,561.54,0,0
QLD,34880,2024-12,34.04,397.88,0,0
QLD,34880,2025-01,16.26,231.29,0,0
QLD,34880,2025-02,43.2,570.37,0,0
QLD,34880,2025-03,42.42,533.59,0,0
QLD,34880,2025-04,25.33,329.29,0,0
QLD,34880,2025-05,36.14,396.67,0,0
QLD,34880,2025-06,24.89,352.91,0,0
QLD,34880,2025-07,30.87,408.77,16.13,325.65
QLD,34880,2025-08,22.77,371.09,14.31,327.64
QLD,34880,2025-09,34.71,415.24,14.54,261.84
QLD,34880,2025-10,32.35,544.22,23.2,631.82
QLD,34880,2025-11,31.61,431.73,32.69,772.55
QLD,34880,2025-12,24.91,305.18,31.5,734.35
QLD,34880,2026-01,18.07,183.29,18.56,453.43
QLD,34880,2026-02,36.27,414.15,35.61,1027.48
QLD,34880,2026-03,47.84,580.18,50.57,1357.34
QLD,34880,2026-04,42.29,537.54,51.29,1748.07
QLD,34880,2026-05,27.87,270.81,20.82,413.22
QLD,34880,2026-06,31.5,331.97,28.89,647.52
QLD,34880,2026-07,33.4,332.86,30.56,685.14
QLD,34880,2026-08,21.59,264.21,19.67,445
QLD,35010,2023-01,643.02,5247.05,0,0
QLD,35010,2023-02,740.26,6487.61,0,0
QLD,35010,2023-03,722.2,6322.78,0,0
QLD,35010,2023-04,566.12,5324.28,0,0
QLD,35010,2023-05,691.91,6301.73,0,0
QLD,35010,2023-06,682.7,6342.77,0,0
QLD,35010,2023-07,710.52,6338.31,0,0
QLD,35010,2023-08,674.2,6409.84,0,0
QLD,35010,2023-09,588.06,5769.53,0,0
QLD,35010,2023-10,691.43,6450.18,0,0
QLD,35010,2023-11,700.97,7266.45,0,0
QLD,35010,2023-12,633.03,7067.18,0,0
QLD,35010,2024-01,514.37,4710.64,0,0
QLD,35010,2024-02,698.46,6357.29,0,0
QLD,35010,2024-03,583.43,5778.85,0,0
QLD,35010,2024-04,806.19,7369.34,0,0
QLD,35010,2024-05,761.19,7419.57,0,0
QLD,35010,2024-06,607.35,5705.42,0,0
QLD,35010,2024-07,698.09,6787.6,0,0
QLD,35010,2024-08,656.32,6651.41,0,0
QLD,35010,2024-09,672.5,6356.73,0,0
QLD,35010,2024-10,674.6,6514.69,0,0
QLD,35010,2024-11,610.52,5861.86,0,0
QLD,35010,2024-12,637,6659.94,0,0
QLD,35010,2025-01,527.98,4855.3,0,0
QLD,35010,2025-02,667.93,6158.6,0,0
QLD,35010,2025-03,504.16,5217.66,0,0
QLD,35010,2025-04,567.81,5585.97,0,0
QLD,35010,2025-05,597.15,5511.9,0,0
QLD,35010,2025-06,471.54,4022.51,0,0
QLD,35010,2025-07,550.7,5163.47,633.06,11325.11
QLD,35010,2025-08,477.77,4585.04,528.89,10696.85
QLD,35010,2025-09,532.42,5103,562.56,12574.27
QLD,35010,2025-10,538.28,5462.63,685.28,16937.7
QLD,35010,2025-11,699.89,6616.53,750.82,20496.78
QLD,35010,2025-12,663.82,7318.61,774.1,23634.68
QLD,35010,2026-01,554.31,4943.81,660.81,19374.13
QLD,35010,2026-02,785.78,7494.75,984.05,29740.14
QLD,35010,2026-03,942.28,8868.7,1211.29,39947.14
QLD,35010,2026-04,1009.1,11089.65,1708.46,61308.34
QLD,35010,2026-05,804.39,6704.98,529.74,12080.7
QLD,35010,2026-06,937.57,8456.33,690.32,16958.26
QLD,35010,2026-07,902.21,8214.64,737.54,18787.31
QLD,35010,2026-08,506.29,4680.93,363.5,9320.4
QLD,35250,2023-01,0,0,0,0
QLD,35250,2023-02,0.01,0.24,0,0
QLD,35250,2023-03,0,0,0,0
QLD,35250,2023-04,0.16,1.23,0,0
QLD,35250,2023-05,0.01,0.16,0,0
QLD,35250,2023-06,0.01,0.05,0,0
QLD,35250,2023-07,0,0,0,0
QLD,35250,2023-08,0.18,1.95,0,0
QLD,35250,2023-09,0.01,0.09,0,0
QLD,35250,2023-10,0.01,0.09,0,0
QLD,35250,2023-11,0.02,0.22,0,0
QLD,35250,2023-12,0.04,1.34,0,0
QLD,35250,2024-01,0.02,0.31,0,0
QLD,35250,2024-02,0.01,0.08,0,0
QLD,35250,2024-03,0.16,3.25,0,0
QLD,35250,2024-04,0.01,0.31,0,0
QLD,35250,2024-05,0.02,0.27,0,0
QLD,35250,2024-06,0.01,0.1,0,0
QLD,35250,2024-07,0.18,2.28,0,0
QLD,35250,2024-08,0.03,0.61,0,0
QLD,35250,2024-09,0.03,0.44,0,0
QLD,35250,2024-10,0.06,1.2,0,0
QLD,35250,2024-11,0.01,0.09,0,0
QLD,35250,2024-12,0.02,0.73,0,0
QLD,35250,2025-01,0.02,0.19,0,0
QLD,35250,2025-02,0.01,0.12,0,0
QLD,35250,2025-03,0.01,0.18,0,0
QLD,35250,2025-04,0.01,0.18,0,0
QLD,35250,2025-05,0,0,0,0
QLD,35250,2025-06,0.01,0.24,0,0
QLD,35250,2025-07,0,0,0.01,0.15
QLD,35250,2025-08,0.17,1.8,0,0
QLD,35250,2025-09,0.33,2.31,0.16,3.02
QLD,35250,2025-10,0.68,14.89,0.2,11.36
QLD,35250,2025-11,0.02,0.34,0.03,0.75
QLD,35250,2025-12,0.03,0.5,0.01,0.49
QLD,35250,2026-01,0.01,0.07,0.01,0.13
QLD,35250,2026-02,0.01,0.1,0.01,0.55
QLD,35250,2026-03,0.02,0.13,0.03,0.58
QLD,35250,2026-04,0.03,0.44,0.23,12.09
QLD,35250,2026-05,0.03,0.31,0.01,0.5
QLD,35250,2026-06,0.34,11.88,0.18,13.72
QLD,35250,2026-07,0.01,0.02,0.01,0.11
QLD,35250,2026-08,0.51,3.76,0.5,14.4
QLD,35300,2023-01,5.75,36.95,0,0
QLD,35300,2023-02,12.46,203.87,0,0
QLD,35300,2023-03,8.63,121.67,0,0
QLD,35300,2023-04,5.75,87,0,0
QLD,35300,2023-05,2.88,28.64,0,0
QLD,35300,2023-06,36.68,406.57,0,0
QLD,35300,2023-07,28.76,287.28,0,0
QLD,35300,2023-08,18.26,185.8,0,0
QLD,35300,2023-09,2.88,28.88,0,0
QLD,35300,2023-10,22.05,209.31,0,0
QLD,35300,2023-11,20.22,189.29,0,0
QLD,35300,2023-12,17.26,162.44,0,0
QLD,35300,2024-01,3.83,44.94,0,0
QLD,35300,2024-02,11.5,143.46,0,0
QLD,35300,2024-03,15.34,230.54,0,0
QLD,35300,2024-04,8.63,98.04,0,0
QLD,35300,2024-05,16.3,159.97,0,0
QLD,35300,2024-06,11.5,145.24,0,0
QLD,35300,2024-07,13.42,177.36,0,0
QLD,35300,2024-08,8.63,150.59,0,0
QLD,35300,2024-09,35.8,361.32,0,0
QLD,35300,2024-10,9.59,134.69,0,0
QLD,35300,2024-11,46.98,529.29,0,0
QLD,35300,2024-12,17.26,194.19,0,0
QLD,35300,2025-01,4.79,139.33,0,0
QLD,35300,2025-02,18.22,193.12,0,0
QLD,35300,2025-03,20.13,200.31,0,0
QLD,35300,2025-04,20.13,311.12,0,0
QLD,35300,2025-05,9.59,93.62,0,0
QLD,35300,2025-06,25.88,281.74,0,0
QLD,35300,2025-07,11.5,204.3,0.96,57.52
QLD,35300,2025-08,17.26,198.23,1.92,105.69
QLD,35300,2025-09,39.31,438.89,7.67,172.95
QLD,35300,2025-10,3.83,8.15,3.83,48.84
QLD,35300,2025-11,15.34,152.74,14.38,275.63
QLD,35300,2025-12,20.13,221.19,0.96,24.54
QLD,35300,2026-01,1.92,50.1,0.96,9.59
QLD,35300,2026-02,8.63,107.4,8.63,229.17
QLD,35300,2026-03,27.8,368.77,8.63,244.66
QLD,35300,2026-04,24.93,343.11,24.93,734.86
QLD,35300,2026-05,6.71,65.93,1.92,34.23
QLD,35300,2026-06,13.42,149.9,22.05,514.82
QLD,35300,2026-07,9.59,109.19,12.46,259.37
QLD,35300,2026-08,3.83,37.42,2.88,78.23
QLD,35600,2023-01,2,22.4,0,0
QLD,35600,2023-02,2.97,27,0,0
QLD,35600,2023-03,2,16.18,0,0
QLD,35600,2023-04,4,45.94,0,0
QLD,35600,2023-05,6,47.57,0,0
QLD,35600,2023-06,0,0,0,0
QLD,35600,2023-07,3,32.92,0,0
QLD,35600,2023-08,2,12.45,0,0
QLD,35600,2023-09,6,56.3,0,0
QLD,35600,2023-10,12.9,142.39,0,0
QLD,35600,2023-11,0,0,0,0
QLD,35600,2023-12,2,22.26,0,0
QLD,35600,2024-01,0,0,0,0
QLD,35600,2024-02,2,11.62,0,0
QLD,35600,2024-03,0,0,0,0
QLD,35600,2024-04,2,38.38,0,0
QLD,35600,2024-05,11,140.26,0,0
QLD,35600,2024-06,1.97,22.2,0,0
QLD,35600,2024-07,8.97,64.17,0,0
QLD,35600,2024-08,6.97,72.7,0,0
QLD,35600,2024-09,8.97,111.29,0,0
QLD,35600,2024-10,5.93,56.99,0,0
QLD,35600,2024-11,3,22.78,0,0
QLD,35600,2024-12,10.97,118.28,0,0
QLD,35600,2025-01,3,85.8,0,0
QLD,35600,2025-02,5,147.2,0,0
QLD,35600,2025-03,1.97,10.86,0,0
QLD,35600,2025-04,1.97,24.65,0,0
QLD,35600,2025-05,8,88.88,0,0
QLD,35600,2025-06,6.97,59.07,0,0
QLD,35600,2025-07,5,41.6,0,0
QLD,35600,2025-08,2,22.88,4,64.52
QLD,35600,2025-09,4.97,60.71,0,0
QLD,35600,2025-10,7.97,142.82,8.97,312.77
QLD,35600,2025-11,10.84,164.12,3,42.14
QLD,35600,2025-12,6.97,72.3,5,207.61
QLD,35600,2026-01,1,26.4,0,0
QLD,35600,2026-02,3,39.16,3,70
QLD,35600,2026-03,2,52.22,0,0
QLD,35600,2026-04,13.97,385.89,16.97,848.19
QLD,35600,2026-05,9.9,110.6,4,79.3
QLD,35600,2026-06,7.9,95.4,3,76
QLD,35600,2026-07,5,39.29,0,0
QLD,35600,2026-08,4.93,94.76,4.93,103.64
QLD,35670,2023-01,0,0,0,0
QLD,35670,2023-02,0,0,0,0
QLD,35670,2023-03,0,0,0,0
QLD,35670,2023-04,0,0,0,0
QLD,35670,2023-05,0,0,0,0
QLD,35670,2023-06,0,0,0,0
QLD,35670,2023-07,0,0,0,0
QLD,35670,2023-08,0,0,0,0
QLD,35670,2023-09,0,0,0,0
QLD,35670,2023-10,0,0,0,0
QLD,35670,2023-11,0,0,0,0
QLD,35670,2023-12,0,0,0,0
QLD,35670,2024-01,0,0,0,0
QLD,35670,2024-02,0,0,0,0
QLD,35670,2024-03,0,0,0,0
QLD,35670,2024-04,0,0,0,0
QLD,35670,2024-05,0,0,0,0
QLD,35670,2024-06,0,0,0,0
QLD,35670,2024-07,0,0,0,0
QLD,35670,2024-08,0,0,0,0
QLD,35670,2024-09,0,0,0,0
QLD,35670,2024-10,0,0,0,0
QLD,35670,2024-11,0,0,0,0
QLD,35670,2024-12,0,0,0,0
QLD,35670,2025-01,0,0,0,0
QLD,35670,2025-02,0,0,0,0
QLD,35670,2025-03,0,0,0,0
QLD,35670,2025-04,0,0,0,0
QLD,35670,2025-05,0,0,0,0
QLD,35670,2025-06,0.11,0.37,0,0
QLD,35670,2025-07,0,0,0,0
QLD,35670,2025-08,0,0,0,0
QLD,35670,2025-09,0.11,0.65,0.11,1.49
QLD,35670,2025-10,0,0,0,0
QLD,35670,2025-11,0,0,0,0
QLD,35670,2025-12,0,0,0,0
QLD,35670,2026-01,0.11,0.56,0.11,1.49
QLD,35670,2026-02,0,0,0,0
QLD,35670,2026-03,0,0,0,0
QLD,35670,2026-04,0.11,1.79,0.11,5.28
QLD,35670,2026-05,0,0,0,0
QLD,35670,2026-06,0,0,0,0
QLD,35670,2026-07,0,0,0,0
QLD,35670,2026-08,0,0,0,0
QLD,35740,2023-01,61.73,507.67,0,0
QLD,35740,2023-02,79.87,713.16,0,0
QLD,35740,2023-03,94.67,950.74,0,0
QLD,35740,2023-04,58.46,565.15,0,0
QLD,35740,2023-05,107.19,920.25,0,0
QLD,35740,2023-06,73.48,662.53,0,0
QLD,35740,2023-07,93.31,893.4,0,0
QLD,35740,2023-08,127.19,1276.79,0,0
QLD,35740,2023-09,73.98,737.65,0,0
QLD,35740,2023-10,97.74,929.11,0,0
QLD,35740,2023-11,104.1,1083.4,0,0
QLD,35740,2023-12,82.77,811.61,0,0
QLD,35740,2024-01,44.86,448.54,0,0
QLD,35740,2024-02,79.02,734.91,0,0
QLD,35740,2024-03,50.46,505.4,0,0
QLD,35740,2024-04,65.15,576.9,0,0
QLD,35740,2024-05,82.57,904.92,0,0
QLD,35740,2024-06,74.06,692.37,0,0
QLD,35740,2024-07,68.98,630.56,0,0
QLD,35740,2024-08,59.69,604.23,0,0
QLD,35740,2024-09,75.74,788.57,0,0
QLD,35740,2024-10,76.72,856.8,0,0
QLD,35740,2024-11,68.95,800.01,0,0
QLD,35740,2024-12,89.75,986.42,0,0
QLD,35740,2025-01,73.35,697.34,0,0
QLD,35740,2025-02,85.07,832.05,0,0
QLD,35740,2025-03,73.25,722.27,0,0
QLD,35740,2025-04,81.47,855.43,0,0
QLD,35740,2025-05,97.34,950.35,0,0
QLD,35740,2025-06,77.69,591.01,0,0
QLD,35740,2025-07,98.84,1023.96,104,1871.43
QLD,35740,2025-08,74.17,798.47,75.03,1703.17
QLD,35740,2025-09,78.89,835.82,71.26,1732.46
QLD,35740,2025-10,91.38,984.33,105.37,2507.86
QLD,35740,2025-11,94.08,930.31,118.53,2874.74
QLD,35740,2025-12,127.18,1814.66,140.25,4062.07
QLD,35740,2026-01,47.86,515.98,76.28,1968.84
QLD,35740,2026-02,79.33,782.21,112.85,3267.48
QLD,35740,2026-03,133.53,1447.23,162.5,4939.75
QLD,35740,2026-04,172.92,2241.42,251.71,8151.67
QLD,35740,2026-05,69.91,831.32,63.33,1462.39
QLD,35740,2026-06,110.4,1032.29,94.43,2053.86
QLD,35740,2026-07,96.19,930.43,81.54,1955.25
QLD,35740,2026-08,80.99,844.63,55.79,1319.51
QLD,35760,2023-01,7.9,60.35,0,0
QLD,35760,2023-02,11.52,90.41,0,0
QLD,35760,2023-03,17.72,125.73,0,0
QLD,35760,2023-04,10.18,98.05,0,0
QLD,35760,2023-05,15.17,135.05,0,0
QLD,35760,2023-06,13.22,90.65,0,0
QLD,35760,2023-07,10.71,91.65,0,0
QLD,35760,2023-08,15.93,198.31,0,0
QLD,35760,2023-09,14.11,104.42,0,0
QLD,35760,2023-10,9.27,86.57,0,0
QLD,35760,2023-11,14.2,120.25,0,0
QLD,35760,2023-12,14.36,151.58,0,0
QLD,35760,2024-01,5.27,42.23,0,0
QLD,35760,2024-02,8.3,71.28,0,0
QLD,35760,2024-03,12.95,112.54,0,0
QLD,35760,2024-04,12.71,177.99,0,0
QLD,35760,2024-05,10.73,88.21,0,0
QLD,35760,2024-06,14,152.28,0,0
QLD,35760,2024-07,13.77,212.17,0,0
QLD,35760,2024-08,9.33,81.21,0,0
QLD,35760,2024-09,20.91,160.71,0,0
QLD,35760,2024-10,32.77,291.27,0,0
QLD,35760,2024-11,10.33,173.33,0,0
QLD,35760,2024-12,16.35,207.27,0,0
QLD,35760,2025-01,11.01,193.72,0,0
QLD,35760,2025-02,13.34,187.18,0,0
QLD,35760,2025-03,8.94,128.48,0,0
QLD,35760,2025-04,12.38,209.02,0,0
QLD,35760,2025-05,13.93,133.14,0,0
QLD,35760,2025-06,13.75,246,0,0
QLD,35760,2025-07,17.83,175.94,3.4,102.6
QLD,35760,2025-08,12.97,125.18,6.56,104.94
QLD,35760,2025-09,18.23,160.44,2.94,58.75
QLD,35760,2025-10,18.58,167.32,10.48,217.48
QLD,35760,2025-11,4.16,49.74,11.13,309.02
QLD,35760,2025-12,19.84,210.24,17.92,512.98
QLD,35760,2026-01,8.77,74.81,3.71,123.13
QLD,35760,2026-02,10.82,81.6,6.27,165.53
QLD,35760,2026-03,5.38,53.27,7,182.15
QLD,35760,2026-04,12.73,151.92,13.47,414.36
QLD,35760,2026-05,8.94,77.35,3.77,94.15
QLD,35760,2026-06,14.5,145.67,7.41,171.3
QLD,35760,2026-07,7.13,51.21,4.28,98.28
QLD,35760,2026-08,6.98,104.46,5.76,163.5
QLD,35780,2023-01,0,0,0,0
QLD,35780,2023-02,0,0,0,0
QLD,35780,2023-03,0,0,0,0
QLD,35780,2023-04,0,0,0,0
QLD,35780,2023-05,0,0,0,0
QLD,35780,2023-06,0,0,0,0
QLD,35780,2023-07,0,0,0,0
QLD,35780,2023-08,0,0,0,0
QLD,35780,2023-09,0,0,0,0
QLD,35780,2023-10,0,0,0,0
QLD,35780,2023-11,0,0,0,0
QLD,35780,2023-12,0,0,0,0
QLD,35780,2024-01,0,0,0,0
QLD,35780,2024-02,0,0,0,0
QLD,35780,2024-03,0,0,0,0
QLD,35780,2024-04,0,0,0,0
QLD,35780,2024-05,0,0,0,0
QLD,35780,2024-06,0,0,0,0
QLD,35780,2024-07,0,0,0,0
QLD,35780,2024-08,0,0,0,0
QLD,35780,2024-09,0,0,0,0
QLD,35780,2024-10,0.92,91.13,0,0
QLD,35780,2024-11,0,0,0,0
QLD,35780,2024-12,0,0,0,0
QLD,35780,2025-01,0,0,0,0
QLD,35780,2025-02,0,0,0,0
QLD,35780,2025-03,0,0,0,0
QLD,35780,2025-04,0,0,0,0
QLD,35780,2025-05,0,0,0,0
QLD,35780,2025-06,0,0,0,0
QLD,35780,2025-07,0,0,0,0
QLD,35780,2025-08,0,0,0,0
QLD,35780,2025-09,0.92,12.09,0,0
QLD,35780,2025-10,0,0,0,0
QLD,35780,2025-11,0,0,0,0
QLD,35780,2025-12,0,0,0,0
QLD,35780,2026-01,0,0,0,0
QLD,35780,2026-02,0.92,8.06,0.92,33.41
QLD,35780,2026-03,0,0,0,0
QLD,35780,2026-04,0,0,0,0
QLD,35780,2026-05,0,0,0,0
QLD,35780,2026-06,0,0,0,0
QLD,35780,2026-07,0.92,9.57,0.92,20.88
QLD,35780,2026-08,0,0,0,0
QLD,35790,2023-01,1.29,8.99,0,0
QLD,35790,2023-02,2.35,19.4,0,0
QLD,35790,2023-03,2.47,23.87,0,0
QLD,35790,2023-04,2.82,27.12,0,0
QLD,35790,2023-05,1.88,18,0,0
QLD,35790,2023-06,1.65,16.62,0,0
QLD,35790,2023-07,2.47,24.99,0,0
QLD,35790,2023-08,2.7,20.98,0,0
QLD,35790,2023-09,2.23,20.41,0,0
QLD,35790,2023-10,2.94,27.54,0,0
QLD,35790,2023-11,2.82,27.61,0,0
QLD,35790,2023-12,1.65,14.58,0,0
QLD,35790,2024-01,2.12,21.15,0,0
QLD,35790,2024-02,4,39.15,0,0
QLD,35790,2024-03,1.88,22.46,0,0
QLD,35790,2024-04,3.18,31.93,0,0
QLD,35790,2024-05,2.23,20.94,0,0
QLD,35790,2024-06,3.06,38.77,0,0
QLD,35790,2024-07,3.76,44.49,0,0
QLD,35790,2024-08,3.29,35.34,0,0
QLD,35790,2024-09,2,25.65,0,0
QLD,35790,2024-10,3.06,36.86,0,0
QLD,35790,2024-11,2.82,36.22,0,0
QLD,35790,2024-12,2.59,25.65,0,0
QLD,35790,2025-01,2.35,20.11,0,0
QLD,35790,2025-02,2.23,23.96,0,0
QLD,35790,2025-03,2.7,26.62,0,0
QLD,35790,2025-04,2.59,24.94,0,0
QLD,35790,2025-05,1.18,11.07,0,0
QLD,35790,2025-06,1.29,11.8,0,0
QLD,35790,2025-07,1.53,13.15,1.88,33.24
QLD,35790,2025-08,1.29,14.85,2.23,42.87
QLD,35790,2025-09,1.53,23.53,1.29,34.96
QLD,35790,2025-10,3.06,33.06,3.18,79.66
QLD,35790,2025-11,2.35,29.64,2.47,60.86
QLD,35790,2025-12,2.47,37.2,2.47,75.31
QLD,35790,2026-01,1.88,26.21,2.23,64.82
QLD,35790,2026-02,3.06,31.65,2.47,66.55
QLD,35790,2026-03,3.88,50.88,3.53,117.55
QLD,35790,2026-04,4,51.17,6.23,211.13
QLD,35790,2026-05,3.18,33.16,2.59,60.18
QLD,35790,2026-06,3.18,36.29,2.12,58.09
QLD,35790,2026-07,2.59,33.3,2.35,67.71
QLD,35790,2026-08,1.65,18.86,1.18,31.28
QLD,35800,2023-01,0,0,0,0
QLD,35800,2023-02,0,0,0,0
QLD,35800,2023-03,0,0,0,0
QLD,35800,2023-04,2,13.28,0,0
QLD,35800,2023-05,4,31.78,0,0
QLD,35800,2023-06,0,0,0,0
QLD,35800,2023-07,0,0,0,0
QLD,35800,2023-08,1,7.5,0,0
QLD,35800,2023-09,6,92.36,0,0
QLD,35800,2023-10,13,142.88,0,0
QLD,35800,2023-11,1,6.6,0,0
QLD,35800,2023-12,0,0,0,0
QLD,35800,2024-01,3,18.56,0,0
QLD,35800,2024-02,1,6.65,0,0
QLD,35800,2024-03,0,0,0,0
QLD,35800,2024-04,8,92.84,0,0
QLD,35800,2024-05,1,10.56,0,0
QLD,35800,2024-06,0,0,0,0
QLD,35800,2024-07,2,13.2,0,0
QLD,35800,2024-08,2,14.52,0,0
QLD,35800,2024-09,2,23.32,0,0
QLD,35800,2024-10,6,77,0,0
QLD,35800,2024-11,4,72.6,0,0
QLD,35800,2024-12,0,0,0,0
QLD,35800,2025-01,0,0,0,0
QLD,35800,2025-02,2,33,0,0
QLD,35800,2025-03,4,50.16,0,0
QLD,35800,2025-04,0,0,0,0
QLD,35800,2025-05,4,58.29,0,0
QLD,35800,2025-06,2,18.48,0,0
QLD,35800,2025-07,1,25.52,2,38.4
QLD,35800,2025-08,0,0,0,0
QLD,35800,2025-09,2,13.1,0,0
QLD,35800,2025-10,15,176.66,7,105.5
QLD,35800,2025-11,0,0,0,0
QLD,35800,2025-12,0,0,0,0
QLD,35800,2026-01,0,0,0,0
QLD,35800,2026-02,0,0,0,0
QLD,35800,2026-03,1,22.7,0,0
QLD,35800,2026-04,4,72.2,8,220.42
QLD,35800,2026-05,1,19.38,2,54.55
QLD,35800,2026-06,0,0,1,20
QLD,35800,2026-07,0,0,0,0
QLD,35800,2026-08,0,0,0,0
QLD,36070,2023-01,0,0,0,0
QLD,36070,2023-02,0,0,0,0
QLD,36070,2023-03,0,0,0,0
QLD,36070,2023-04,0.11,0.84,0,0
QLD,36070,2023-05,0,0,0,0
QLD,36070,2023-06,0,0,0,0
QLD,36070,2023-07,0,0,0,0
QLD,36070,2023-08,0.11,1.22,0,0
QLD,36070,2023-09,0,0,0,0
QLD,36070,2023-10,0,0,0,0
QLD,36070,2023-11,0,0,0,0
QLD,36070,2023-12,0,0,0,0
QLD,36070,2024-01,0,0,0,0
QLD,36070,2024-02,0,0,0,0
QLD,36070,2024-03,0.11,2.24,0,0
QLD,36070,2024-04,0,0,0,0
QLD,36070,2024-05,0,0,0,0
QLD,36070,2024-06,0,0,0,0
QLD,36070,2024-07,0.11,1.49,0,0
QLD,36070,2024-08,0,0,0,0
QLD,36070,2024-09,0,0,0,0
QLD,36070,2024-10,0,0,0,0
QLD,36070,2024-11,0,0,0,0
QLD,36070,2024-12,0,0,0,0
QLD,36070,2025-01,0,0,0,0
QLD,36070,2025-02,0,0,0,0
QLD,36070,2025-03,0,0,0,0
QLD,36070,2025-04,0,0,0,0
QLD,36070,2025-05,0,0,0,0
QLD,36070,2025-06,0,0,0,0
QLD,36070,2025-07,0,0,0,0
QLD,36070,2025-08,0.11,1.22,0,0
QLD,36070,2025-09,0.23,1.59,0.11,2.08
QLD,36070,2025-10,0.45,10.05,0.11,7.44
QLD,36070,2025-11,0,0,0,0
QLD,36070,2025-12,0,0,0,0
QLD,36070,2026-01,0,0,0,0
QLD,36070,2026-02,0,0,0,0
QLD,36070,2026-03,0,0,0,0
QLD,36070,2026-04,0,0,0.11,6.95
QLD,36070,2026-05,0,0,0,0
QLD,36070,2026-06,0.23,7.97,0.11,9.26
QLD,36070,2026-07,0,0,0,0
QLD,36070,2026-08,0.34,2.5,0.34,9.8
QLD,36150,2023-01,0,0,0,0
QLD,36150,2023-02,1,26.39,0,0
QLD,36150,2023-03,0,0,0,0
QLD,36150,2023-04,0,0,0,0
QLD,36150,2023-05,1,6.64,0,0
QLD,36150,2023-06,0,0,0,0
QLD,36150,2023-07,0,0,0,0
QLD,36150,2023-08,1,13.28,0,0
QLD,36150,2023-09,5,43.69,0,0
QLD,36150,2023-10,1,6.65,0,0
QLD,36150,2023-11,4,30.06,0,0
QLD,36150,2023-12,1,9.13,0,0
QLD,36150,2024-01,0,0,0,0
QLD,36150,2024-02,0,0,0,0
QLD,36150,2024-03,1,19.38,0,0
QLD,36150,2024-04,0,0,0,0
QLD,36150,2024-05,0,0,0,0
QLD,36150,2024-06,0,0,0,0
QLD,36150,2024-07,11,143.88,0,0
QLD,36150,2024-08,0,0,0,0
QLD,36150,2024-09,7,36.96,0,0
QLD,36150,2024-10,7,106.48,0,0
QLD,36150,2024-11,0,0,0,0
QLD,36150,2024-12,0,0,0,0
QLD,36150,2025-01,0,0,0,0
QLD,36150,2025-02,7,112.2,0,0
QLD,36150,2025-03,1,13.2,0,0
QLD,36150,2025-04,0,0,0,0
QLD,36150,2025-05,0,0,0,0
QLD,36150,2025-06,0,0,0,0
QLD,36150,2025-07,0,0,0,0
QLD,36150,2025-08,0,0,0,0
QLD,36150,2025-09,0,0,0,0
QLD,36150,2025-10,0,0,0,0
QLD,36150,2025-11,3,33.25,1,9.6
QLD,36150,2025-12,0,0,0,0
QLD,36150,2026-01,0,0,0,0
QLD,36150,2026-02,0,0,0,0
QLD,36150,2026-03,0,0,0,0
QLD,36150,2026-04,12,129.03,16,407.3
QLD,36150,2026-05,0,0,0,0
QLD,36150,2026-06,1,23.5,1,38.4
QLD,36150,2026-07,1,23.5,1,38.4
QLD,36150,2026-08,1,13.16,0,0
QLD,36250,2023-01,196,1591.58,0,0
QLD,36250,2023-02,235,1915.01,0,0
QLD,36250,2023-03,244,2022.47,0,0
QLD,36250,2023-04,169,1435.3,0,0
QLD,36250,2023-05,225,1733.6,0,0
QLD,36250,2023-06,238,2003.74,0,0
QLD,36250,2023-07,233,2006.21,0,0
QLD,36250,2023-08,290,2530.38,0,0
QLD,36250,2023-09,250,2020.02,0,0
QLD,36250,2023-10,225,1881.53,0,0
QLD,36250,2023-11,246,2129.68,0,0
QLD,36250,2023-12,183,1749.63,0,0
QLD,36250,2024-01,148,1270.97,0,0
QLD,36250,2024-02,251,2083.96,0,0
QLD,36250,2024-03,228,2009.63,0,0
QLD,36250,2024-04,265,2157.14,0,0
QLD,36250,2024-05,261,2135.31,0,0
QLD,36250,2024-06,258,2281.94,0,0
QLD,36250,2024-07,255,2056.71,0,0
QLD,36250,2024-08,205,1823.64,0,0
QLD,36250,2024-09,225,1943.41,0,0
QLD,36250,2024-10,243,2308.33,0,0
QLD,36250,2024-11,221,2078.24,0,0
QLD,36250,2024-12,176,1781.07,0,0
QLD,36250,2025-01,188,1585.97,0,0
QLD,36250,2025-02,212,1966.34,0,0
QLD,36250,2025-03,182,1502.2,0,0
QLD,36250,2025-04,180,1587.93,0,0
QLD,36250,2025-05,201,1822.09,0,0
QLD,36250,2025-06,173,1598.53,0,0
QLD,36250,2025-07,188,1688.08,298,5720.97
QLD,36250,2025-08,184,1778.67,186,3707.12
QLD,36250,2025-09,238,2177.84,274,6260.3
QLD,36250,2025-10,235,2234.25,308,8065.8
QLD,36250,2025-11,217,2186.23,287,7885.38
QLD,36250,2025-12,227,2637.54,355,11389.31
QLD,36250,2026-01,191,1714.98,253,7679.98
QLD,36250,2026-02,300,2787.67,328,10469.32
QLD,36250,2026-03,370,3694.83,468,15809.58
QLD,36250,2026-04,408,4409.22,758,27584.93
QLD,36250,2026-05,374,3217.92,197,4613.03
QLD,36250,2026-06,437,4035.94,270,7060.2
QLD,36250,2026-07,406,3573.49,263,6910.73
QLD,36250,2026-08,238,2231.27,135,3787.79
QLD,36300,2023-01,0,0,0,0
QLD,36300,2023-02,0,0,0,0
QLD,36300,2023-03,3.89,37.62,0,0
QLD,36300,2023-04,1.95,19.38,0,0
QLD,36300,2023-05,0.97,12.92,0,0
QLD,36300,2023-06,1.95,16.15,0,0
QLD,36300,2023-07,0,0,0,0
QLD,36300,2023-08,0,0,0,0
QLD,36300,2023-09,0,0,0,0
QLD,36300,2023-10,0,0,0,0
QLD,36300,2023-11,0,0,0,0
QLD,36300,2023-12,0,0,0,0
QLD,36300,2024-01,0,0,0,0
QLD,36300,2024-02,0,0,0,0
QLD,36300,2024-03,0,0,0,0
QLD,36300,2024-04,0,0,0,0
QLD,36300,2024-05,0.97,12.84,0,0
QLD,36300,2024-06,0.97,8.56,0,0
QLD,36300,2024-07,2.92,32.87,0,0
QLD,36300,2024-08,0,0,0,0
QLD,36300,2024-09,0,0,0,0
QLD,36300,2024-10,0.97,58.86,0,0
QLD,36300,2024-11,1.95,20.25,0,0
QLD,36300,2024-12,0,0,0,0
QLD,36300,2025-01,0,0,0,0
QLD,36300,2025-02,0,0,0,0
QLD,36300,2025-03,0.97,3.62,0,0
QLD,36300,2025-04,0.97,11.89,0,0
QLD,36300,2025-05,2.92,35.67,0,0
QLD,36300,2025-06,0,0,0,0
QLD,36300,2025-07,0.97,12.84,0,0
QLD,36300,2025-08,0,0,0.97,7.59
QLD,36300,2025-09,0,0,0,0
QLD,36300,2025-10,0,0,0,0
QLD,36300,2025-11,0,0,0,0
QLD,36300,2025-12,0,0,0,0
QLD,36300,2026-01,0,0,0,0
QLD,36300,2026-02,0,0,0,0
QLD,36300,2026-03,0,0,0,0
QLD,36300,2026-04,0.97,19.21,0.97,30.36
QLD,36300,2026-05,0,0,0,0
QLD,36300,2026-06,0,0,0,0
QLD,36300,2026-07,0,0,0,0
QLD,36300,2026-08,0,0,0,0
QLD,36370,2023-01,63.16,491.09,0,0
QLD,36370,2023-02,109.97,875.03,0,0
QLD,36370,2023-03,125.77,1166.42,0,0
QLD,36370,2023-04,82.46,611.68,0,0
QLD,36370,2023-05,109.1,1085.53,0,0
QLD,36370,2023-06,99.21,741.64,0,0
QLD,36370,2023-07,83.44,769.22,0,0
QLD,36370,2023-08,77.7,596.9,0,0
QLD,36370,2023-09,87.34,639.42,0,0
QLD,36370,2023-10,82.92,721.59,0,0
QLD,36370,2023-11,121.06,983.56,0,0
QLD,36370,2023-12,94.03,989.92,0,0
QLD,36370,2024-01,71.48,595.64,0,0
QLD,36370,2024-02,105.59,1065.45,0,0
QLD,36370,2024-03,94.21,806.89,0,0
QLD,36370,2024-04,121.23,1160.08,0,0
QLD,36370,2024-05,140.58,1373.64,0,0
QLD,36370,2024-06,98.53,1017.21,0,0
QLD,36370,2024-07,105.43,1141.28,0,0
QLD,36370,2024-08,126.21,1108.52,0,0
QLD,36370,2024-09,111.05,1062.1,0,0
QLD,36370,2024-10,108.88,1366.95,0,0
QLD,36370,2024-11,103.88,1039.06,0,0
QLD,36370,2024-12,69.83,767.7,0,0
QLD,36370,2025-01,81.63,750.63,0,0
QLD,36370,2025-02,98.03,941.35,0,0
QLD,36370,2025-03,108.82,1372.14,0,0
QLD,36370,2025-04,83.22,774.77,0,0
QLD,36370,2025-05,113.99,1100.07,0,0
QLD,36370,2025-06,80,808.92,0,0
QLD,36370,2025-07,94.02,1022.95,24.71,352.64
QLD,36370,2025-08,68.48,714.73,36.36,704.87
QLD,36370,2025-09,57.05,614.27,34.61,656.48
QLD,36370,2025-10,69.36,671.21,45.23,1001.49
QLD,36370,2025-11,85.16,958.99,71.16,1630.74
QLD,36370,2025-12,70.47,828.59,66.01,1830.62
QLD,36370,2026-01,45.26,401.18,34.5,850.69
QLD,36370,2026-02,67.84,635.28,65.76,1813.2
QLD,36370,2026-03,90.49,820.62,67.64,1729.83
QLD,36370,2026-04,148.41,1727.3,175.7,5435.39
QLD,36370,2026-05,68.96,664.5,38.58,820.4
QLD,36370,2026-06,87.65,871.49,48.26,1132.49
QLD,36370,2026-07,86.98,815.36,68.56,1577.63
QLD,36370,2026-08,53.56,480.77,35.08,860.42
QLD,36510,2023-01,49.32,461.39,0,0
QLD,36510,2023-02,67.23,639.02,0,0
QLD,36510,2023-03,73.55,723.49,0,0
QLD,36510,2023-04,62.3,569.06,0,0
QLD,36510,2023-05,72.67,721.05,0,0
QLD,36510,2023-06,77.85,773.85,0,0
QLD,36510,2023-07,66.99,650.03,0,0
QLD,36510,2023-08,77.83,789.82,0,0
QLD,36510,2023-09,73.62,835.05,0,0
QLD,36510,2023-10,61.04,619.27,0,0
QLD,36510,2023-11,73.59,760.57,0,0
QLD,36510,2023-12,85.3,969.13,0,0
QLD,36510,2024-01,44.65,412.56,0,0
QLD,36510,2024-02,77.05,795.99,0,0
QLD,36510,2024-03,58.1,582.97,0,0
QLD,36510,2024-04,94.73,873.08,0,0
QLD,36510,2024-05,97.97,1019.33,0,0
QLD,36510,2024-06,73.21,721.94,0,0
QLD,36510,2024-07,87.14,840.26,0,0
QLD,36510,2024-08,82.78,816.77,0,0
QLD,36510,2024-09,73.3,714.22,0,0
QLD,36510,2024-10,85.37,897.38,0,0
QLD,36510,2024-11,82.02,979.66,0,0
QLD,36510,2024-12,84.44,986.34,0,0
QLD,36510,2025-01,74.46,790.41,0,0
QLD,36510,2025-02,62.59,744.3,0,0
QLD,36510,2025-03,54.79,623.35,0,0
QLD,36510,2025-04,60.25,640.8,0,0
QLD,36510,2025-05,68.65,756.44,0,0
QLD,36510,2025-06,63.35,624.69,0,0
QLD,36510,2025-07,82.96,842.31,75.74,1518.78
QLD,36510,2025-08,66.66,677.4,58.45,1379.93
QLD,36510,2025-09,93.71,1142.72,86.01,2276.18
QLD,36510,2025-10,77.74,911.43,103.11,2741.78
QLD,36510,2025-11,99.03,1252.14,100.77,3048.72
QLD,36510,2025-12,96.83,1413.98,128.16,4317.56
QLD,36510,2026-01,63.83,682.2,97.02,2705.7
QLD,36510,2026-02,77.75,915.69,98.04,3126.75
QLD,36510,2026-03,106.53,1398.56,155,5370.52
QLD,36510,2026-04,129.13,1845.93,219.22,8274.83
QLD,36510,2026-05,64.79,690.71,64.17,1549.28
QLD,36510,2026-06,86.46,1044.47,95.05,2730.96
QLD,36510,2026-07,102.98,1214.4,101.23,2857.25
QLD,36510,2026-08,55.85,606.54,46.67,1292.7
QLD,36580,2023-01,47.09,458.43,0,0
QLD,36580,2023-02,45.08,384.18,0,0
QLD,36580,2023-03,57.82,486.57,0,0
QLD,36580,2023-04,45.41,409.32,0,0
QLD,36580,2023-05,53.69,549.63,0,0
QLD,36580,2023-06,55.09,574.24,0,0
QLD,36580,2023-07,60.68,599.44,0,0
QLD,36580,2023-08,38.76,479.79,0,0
QLD,36580,2023-09,40.95,384.39,0,0
QLD,36580,2023-10,56.86,581.61,0,0
QLD,36580,2023-11,73.64,812.92,0,0
QLD,36580,2023-12,54.69,542.11,0,0
QLD,36580,2024-01,37.35,345.31,0,0
QLD,36580,2024-02,53.44,440.57,0,0
QLD,36580,2024-03,43.22,461.28,0,0
QLD,36580,2024-04,49.47,487.59,0,0
QLD,36580,2024-05,50.3,506.28,0,0
QLD,36580,2024-06,43.21,429.37,0,0
QLD,36580,2024-07,61.15,642.17,0,0
QLD,36580,2024-08,45.68,456.25,0,0
QLD,36580,2024-09,52.41,591,0,0
QLD,36580,2024-10,56.87,556.63,0,0
QLD,36580,2024-11,48.54,478.51,0,0
QLD,36580,2024-12,44.46,502.13,0,0
QLD,36580,2025-01,42.65,452.34,0,0
QLD,36580,2025-02,49.62,484.05,0,0
QLD,36580,2025-03,39.19,406.98,0,0
QLD,36580,2025-04,46.86,564.01,0,0
QLD,36580,2025-05,43,450.77,0,0
QLD,36580,2025-06,28.6,268.28,0,0
QLD,36580,2025-07,46.1,407.15,51.77,906.16
QLD,36580,2025-08,45.02,583.19,38.59,957.42
QLD,36580,2025-09,56.11,612.94,48.9,1262.29
QLD,36580,2025-10,39.8,392.42,46.65,1262.36
QLD,36580,2025-11,40.69,596.89,38.44,1200.61
QLD,36580,2025-12,39.62,535.63,60.81,1924.93
QLD,36580,2026-01,43.23,478.65,38.97,1256.79
QLD,36580,2026-02,57.06,515.52,56.85,1739.05
QLD,36580,2026-03,74.29,671.1,86.26,3009.78
QLD,36580,2026-04,75.34,890.26,129.01,4903.07
QLD,36580,2026-05,64.31,574.24,36.59,880.82
QLD,36580,2026-06,73.01,770.76,41.82,1120
QLD,36580,2026-07,80.38,819.04,54.14,1509.44
QLD,36580,2026-08,45.98,475.58,30.12,814.15
QLD,36630,2023-01,29.22,298.4,0,0
QLD,36630,2023-02,48.52,368.17,0,0
QLD,36630,2023-03,64.93,673,0,0
QLD,36630,2023-04,23.09,188.03,0,0
QLD,36630,2023-05,46.26,396.88,0,0
QLD,36630,2023-06,37.1,360.67,0,0
QLD,36630,2023-07,35.76,299.85,0,0
QLD,36630,2023-08,49.56,445.33,0,0
QLD,36630,2023-09,42.72,394.78,0,0
QLD,36630,2023-10,52.22,509.03,0,0
QLD,36630,2023-11,47.02,557.52,0,0
QLD,36630,2023-12,55.23,688.24,0,0
QLD,36630,2024-01,27.26,223.12,0,0
QLD,36630,2024-02,46.48,419.52,0,0
QLD,36630,2024-03,52.84,440.05,0,0
QLD,36630,2024-04,53.57,507.73,0,0
QLD,36630,2024-05,64.81,637.88,0,0
QLD,36630,2024-06,65.33,663.27,0,0
QLD,36630,2024-07,58.83,500.7,0,0
QLD,36630,2024-08,46.2,485.98,0,0
QLD,36630,2024-09,63.56,605.11,0,0
QLD,36630,2024-10,49.01,442.24,0,0
QLD,36630,2024-11,49.07,467.33,0,0
QLD,36630,2024-12,52.4,509.29,0,0
QLD,36630,2025-01,32.24,302.24,0,0
QLD,36630,2025-02,49.48,532.8,0,0
QLD,36630,2025-03,36.32,350.67,0,0
QLD,36630,2025-04,53.38,494.26,0,0
QLD,36630,2025-05,44.66,428.05,0,0
QLD,36630,2025-06,23.88,226.63,0,0
QLD,36630,2025-07,43.12,458.12,27.87,459.48
QLD,36630,2025-08,45.02,516.15,22.68,470.4
QLD,36630,2025-09,58.12,596.98,30.7,527.31
QLD,36630,2025-10,51.85,504.76,36.38,776.02
QLD,36630,2025-11,33.54,346.99,45.99,820.63
QLD,36630,2025-12,35.41,532.5,40.32,1044.86
QLD,36630,2026-01,33.53,316.35,31.01,794.63
QLD,36630,2026-02,39.13,418.25,36.13,812.78
QLD,36630,2026-03,48.97,572.53,49.87,1465.99
QLD,36630,2026-04,81.25,1072.43,105.53,2959.89
QLD,36630,2026-05,37.75,443.16,14.64,297.35
QLD,36630,2026-06,41.47,413.29,27.17,560.81
QLD,36630,2026-07,32.95,417.43,25.12,553.91
QLD,36630,2026-08,24.21,220.43,28.48,488.69
QLD,36660,2023-01,37.61,300.51,0,0
QLD,36660,2023-02,54.79,454.55,0,0
QLD,36660,2023-03,58.8,472.92,0,0
QLD,36660,2023-04,43.76,425.54,0,0
QLD,36660,2023-05,72.49,631.59,0,0
QLD,36660,2023-06,58.52,679.98,0,0
QLD,36660,2023-07,40.26,533.73,0,0
QLD,36660,2023-08,79.15,705.99,0,0
QLD,36660,2023-09,63.55,604.32,0,0
QLD,36660,2023-10,46.01,441.37,0,0
QLD,36660,2023-11,69.29,672.01,0,0
QLD,36660,2023-12,71.61,846.67,0,0
QLD,36660,2024-01,40.87,357.07,0,0
QLD,36660,2024-02,53.02,523.62,0,0
QLD,36660,2024-03,60.7,602.39,0,0
QLD,36660,2024-04,64.56,583.05,0,0
QLD,36660,2024-05,65.6,709.36,0,0
QLD,36660,2024-06,54.63,567.75,0,0
QLD,36660,2024-07,64.41,585.64,0,0
QLD,36660,2024-08,71.12,690.62,0,0
QLD,36660,2024-09,72.73,730.42,0,0
QLD,36660,2024-10,68.57,901.02,0,0
QLD,36660,2024-11,52.58,484.19,0,0
QLD,36660,2024-12,36.59,313.2,0,0
QLD,36660,2025-01,50.61,517.39,0,0
QLD,36660,2025-02,58.54,609.94,0,0
QLD,36660,2025-03,51.97,514.36,0,0
QLD,36660,2025-04,65.42,590.35,0,0
QLD,36660,2025-05,51.78,442.02,0,0
QLD,36660,2025-06,68.93,604.4,0,0
QLD,36660,2025-07,55.91,487.28,33.58,608.17
QLD,36660,2025-08,45.21,440.67,13.36,256.31
QLD,36660,2025-09,55.88,689.62,35.76,860.36
QLD,36660,2025-10,47.86,700.63,36.5,820.02
QLD,36660,2025-11,50.26,563.88,38.12,988.04
QLD,36660,2025-12,51.81,641.39,40.48,1136.28
QLD,36660,2026-01,19.46,215.8,14.65,388.65
QLD,36660,2026-02,42.64,540.22,39.98,993.05
QLD,36660,2026-03,51.37,492.9,36.06,1041.99
QLD,36660,2026-04,64.34,752.28,81.1,2619.45
QLD,36660,2026-05,27.25,225.91,18.51,478.58
QLD,36660,2026-06,47.48,438.79,26.95,623.48
QLD,36660,2026-07,69.22,710.78,41.63,931.2
QLD,36660,2026-08,30.81,314.56,30.04,736.36
QLD,36720,2023-01,514.45,4122.49,0,0
QLD,36720,2023-02,615.95,5253.46,0,0
QLD,36720,2023-03,595.11,5272.32,0,0
QLD,36720,2023-04,429.47,3769.39,0,0
QLD,36720,2023-05,567.57,4957.42,0,0
QLD,36720,2023-06,606.16,5559.65,0,0
QLD,36720,2023-07,589.65,5604,0,0
QLD,36720,2023-08,654.18,5933.12,0,0
QLD,36720,2023-09,521.64,4733.46,0,0
QLD,36720,2023-10,588.83,5698.07,0,0
QLD,36720,2023-11,626.03,6119,0,0
QLD,36720,2023-12,580.23,6349.69,0,0
QLD,36720,2024-01,323.39,2996.37,0,0
QLD,36720,2024-02,532.87,4872.57,0,0
QLD,36720,2024-03,394.06,3833.31,0,0
QLD,36720,2024-04,560.07,5046.88,0,0
QLD,36720,2024-05,527.27,5254.78,0,0
QLD,36720,2024-06,515.83,4755.54,0,0
QLD,36720,2024-07,550.75,5572.36,0,0
QLD,36720,2024-08,434.15,4429.78,0,0
QLD,36720,2024-09,423.12,4329.77,0,0
QLD,36720,2024-10,426.17,4577.02,0,0
QLD,36720,2024-11,442.19,4872.75,0,0
QLD,36720,2024-12,495.23,5636.44,0,0
QLD,36720,2025-01,363.7,3435.96,0,0
QLD,36720,2025-02,459.68,4273.22,0,0
QLD,36720,2025-03,403.37,3990.44,0,0
QLD,36720,2025-04,426.03,4042.43,0,0
QLD,36720,2025-05,378.42,3686.38,0,0
QLD,36720,2025-06,407.93,3983.46,0,0
QLD,36720,2025-07,461.92,4427.6,409.23,7625.61
QLD,36720,2025-08,385.27,3770.25,311.05,6634.07
QLD,36720,2025-09,506.33,5130.54,430.6,9428.4
QLD,36720,2025-10,495.59,4928.32,539.96,12901.39
QLD,36720,2025-11,558.87,6342.62,600.85,15370.59
QLD,36720,2025-12,610.13,6887.04,759.78,21225.46
QLD,36720,2026-01,367.41,3514.31,470.31,12247.37
QLD,36720,2026-02,512.02,4884.87,681.62,19233.71
QLD,36720,2026-03,654.55,7103.54,823.56,25709.07
QLD,36720,2026-04,843.72,9749.25,1303.89,45140.31
QLD,36720,2026-05,492.23,4566.17,347.91,7601.37
QLD,36720,2026-06,707.81,6896.08,507.81,12000.41
QLD,36720,2026-07,623.24,6055.82,506.88,11849.66
QLD,36720,2026-08,422.92,4180.63,297.55,7254.94
QLD,36820,2023-01,21.8,243.31,0,0
QLD,36820,2023-02,24.97,214.4,0,0
QLD,36820,2023-03,37.95,325.85,0,0
QLD,36820,2023-04,30.47,245.37,0,0
QLD,36820,2023-05,26.67,274.62,0,0
QLD,36820,2023-06,36.11,402.66,0,0
QLD,36820,2023-07,31.32,303.01,0,0
QLD,36820,2023-08,41.97,487.82,0,0
QLD,36820,2023-09,27.14,416.14,0,0
QLD,36820,2023-10,35.96,493.53,0,0
QLD,36820,2023-11,37.63,430.77,0,0
QLD,36820,2023-12,31.8,404.86,0,0
QLD,36820,2024-01,34.63,381.91,0,0
QLD,36820,2024-02,33.65,323.27,0,0
QLD,36820,2024-03,31.45,425.41,0,0
QLD,36820,2024-04,39.97,438.9,0,0
QLD,36820,2024-05,26.13,330.51,0,0
QLD,36820,2024-06,37.45,505.53,0,0
QLD,36820,2024-07,37.45,428.91,0,0
QLD,36820,2024-08,37.29,555.55,0,0
QLD,36820,2024-09,39.81,430.74,0,0
QLD,36820,2024-10,37.79,401.83,0,0
QLD,36820,2024-11,46.8,596.27,0,0
QLD,36820,2024-12,41.8,524.73,0,0
QLD,36820,2025-01,20.48,317.29,0,0
QLD,36820,2025-02,40.45,423.05,0,0
QLD,36820,2025-03,29.78,428.16,0,0
QLD,36820,2025-04,31.15,436.62,0,0
QLD,36820,2025-05,20.8,309.98,0,0
QLD,36820,2025-06,24.13,219.23,0,0
QLD,36820,2025-07,35.97,580.75,27.97,578.6
QLD,36820,2025-08,27.65,261.68,13.15,167.53
QLD,36820,2025-09,33.47,298.96,14.33,251.13
QLD,36820,2025-10,66.61,756.42,50.12,1289.23
QLD,36820,2025-11,47.14,606.19,43.14,1137.34
QLD,36820,2025-12,51.29,586.2,56.78,1566.85
QLD,36820,2026-01,23.67,257.96,30.99,771.33
QLD,36820,2026-02,41.48,476.31,42.96,1221.32
QLD,36820,2026-03,34,509.78,43.64,1100.91
QLD,36820,2026-04,65.29,894.6,83.61,2721.88
QLD,36820,2026-05,43.96,434.99,31.47,711.47
QLD,36820,2026-06,54.95,671.9,42.61,971.73
QLD,36820,2026-07,46.8,609.82,42.64,1082.58
QLD,36820,2026-08,30.15,299.26,19.15,449.23
QLD,36910,2023-01,159.64,1327.62,0,0
QLD,36910,2023-02,233.35,2023.91,0,0
QLD,36910,2023-03,221.5,2102.94,0,0
QLD,36910,2023-04,142.96,1317.42,0,0
QLD,36910,2023-05,218.37,1902.05,0,0
QLD,36910,2023-06,211.29,2042.73,0,0
QLD,36910,2023-07,197.53,1815.84,0,0
QLD,36910,2023-08,251.6,2405.3,0,0
QLD,36910,2023-09,229.7,2330.7,0,0
QLD,36910,2023-10,252.75,2593.84,0,0
QLD,36910,2023-11,281.3,2912.66,0,0
QLD,36910,2023-12,258.68,2849.28,0,0
QLD,36910,2024-01,160.05,1354.31,0,0
QLD,36910,2024-02,261.55,2598.18,0,0
QLD,36910,2024-03,194.25,1992.6,0,0
QLD,36910,2024-04,205.72,1959.43,0,0
QLD,36910,2024-05,222.98,2205.79,0,0
QLD,36910,2024-06,198.45,2209.03,0,0
QLD,36910,2024-07,219.73,2487.71,0,0
QLD,36910,2024-08,229.02,2969.19,0,0
QLD,36910,2024-09,254.56,2798.16,0,0
QLD,36910,2024-10,228.42,2582.99,0,0
QLD,36910,2024-11,208.49,2164.51,0,0
QLD,36910,2024-12,194.1,2742.49,0,0
QLD,36910,2025-01,182.07,1961.28,0,0
QLD,36910,2025-02,200.36,2112.98,0,0
QLD,36910,2025-03,153.59,1654.97,0,0
QLD,36910,2025-04,175.69,1853.56,0,0
QLD,36910,2025-05,190.61,1907.85,0,0
QLD,36910,2025-06,120.5,1402.75,0,0
QLD,36910,2025-07,172.32,1856.21,134.55,2308.26
QLD,36910,2025-08,158.97,1778.73,119.28,2255.44
QLD,36910,2025-09,162.59,1873.39,138.77,3069.23
QLD,36910,2025-10,196.31,2403.49,159.65,3875.99
QLD,36910,2025-11,181.6,2228.76,154.18,4168.8
QLD,36910,2025-12,198.58,2616.07,184.32,5106.2
QLD,36910,2026-01,114.31,1116.86,131.72,3345.84
QLD,36910,2026-02,170.68,1864.22,167.81,4350.24
QLD,36910,2026-03,245.64,2985.34,245,6952.58
QLD,36910,2026-04,277.6,3598.11,387.84,12834.14
QLD,36910,2026-05,142.58,1450.21,81.21,1817.81
QLD,36910,2026-06,258.55,2618.75,185.54,4380.72
QLD,36910,2026-07,238.82,2388.67,171.94,4275.96
QLD,36910,2026-08,124.41,1132.68,64.15,1443.23
QLD,36950,2023-01,0,0,0,0
QLD,36950,2023-02,0,0,0,0
QLD,36950,2023-03,0,0,0,0
QLD,36950,2023-04,0,0,0,0
QLD,36950,2023-05,0,0,0,0
QLD,36950,2023-06,0,0,0,0
QLD,36950,2023-07,0,0,0,0
QLD,36950,2023-08,0,0,0,0
QLD,36950,2023-09,0.48,10.38,0,0
QLD,36950,2023-10,0,0,0,0
QLD,36950,2023-11,0,0,0,0
QLD,36950,2023-12,0,0,0,0
QLD,36950,2024-01,0,0,0,0
QLD,36950,2024-02,0,0,0,0
QLD,36950,2024-03,0,0,0,0
QLD,36950,2024-04,0,0,0,0
QLD,36950,2024-05,0,0,0,0
QLD,36950,2024-06,0,0,0,0
QLD,36950,2024-07,0,0,0,0
QLD,36950,2024-08,1.44,12.68,0,0
QLD,36950,2024-09,0,0,0,0
QLD,36950,2024-10,0.56,12.6,0,0
QLD,36950,2024-11,1.44,20.92,0,0
QLD,36950,2024-12,0,0,0,0
QLD,36950,2025-01,0,0,0,0
QLD,36950,2025-02,1.44,10.99,0,0
QLD,36950,2025-03,0,0,0,0
QLD,36950,2025-04,0,0,0,0
QLD,36950,2025-05,0,0,0,0
QLD,36950,2025-06,2.4,17.12,0,0
QLD,36950,2025-07,0.48,9.3,0,0
QLD,36950,2025-08,0,0,0,0
QLD,36950,2025-09,0.08,1.11,0,0
QLD,36950,2025-10,0,0,0,0
QLD,36950,2025-11,0,0,0,0
QLD,36950,2025-12,1.92,29.95,0.48,10.95
QLD,36950,2026-01,0,0,0,0
QLD,36950,2026-02,0.56,2.87,0.56,7.97
QLD,36950,2026-03,1.44,11.88,3.36,120.67
QLD,36950,2026-04,0.96,22.69,0.96,23.17
QLD,36950,2026-05,0.96,6.56,0,0
QLD,36950,2026-06,0,0,0.48,14.41
QLD,36950,2026-07,1.04,16.25,0.08,1.92
QLD,36950,2026-08,0,0,0,0
QLD,36960,2023-01,0,0,0,0
QLD,36960,2023-02,0,0,0,0
QLD,36960,2023-03,0,0,0,0
QLD,36960,2023-04,0,0,0,0
QLD,36960,2023-05,0,0,0,0
QLD,36960,2023-06,0,0,0,0
QLD,36960,2023-07,0,0,0,0
QLD,36960,2023-08,0,0,0,0
QLD,36960,2023-09,0.52,11.22,0,0
QLD,36960,2023-10,0,0,0,0
QLD,36960,2023-11,0,0,0,0
QLD,36960,2023-12,0,0,0,0
QLD,36960,2024-01,0,0,0,0
QLD,36960,2024-02,0,0,0,0
QLD,36960,2024-03,0,0,0,0
QLD,36960,2024-04,0,0,0,0
QLD,36960,2024-05,0,0,0,0
QLD,36960,2024-06,0,0,0,0
QLD,36960,2024-07,0,0,0,0
QLD,36960,2024-08,1.56,13.72,0,0
QLD,36960,2024-09,0,0,0,0
QLD,36960,2024-10,0.52,4.57,0,0
QLD,36960,2024-11,1.56,22.64,0,0
QLD,36960,2024-12,0,0,0,0
QLD,36960,2025-01,0,0,0,0
QLD,36960,2025-02,1.56,11.89,0,0
QLD,36960,2025-03,0,0,0,0
QLD,36960,2025-04,0,0,0,0
QLD,36960,2025-05,0,0,0,0
QLD,36960,2025-06,2.6,18.52,0,0
QLD,36960,2025-07,0.52,10.06,0,0
QLD,36960,2025-08,0,0,0,0
QLD,36960,2025-09,0,0,0,0
QLD,36960,2025-10,0,0,0,0
QLD,36960,2025-11,0,0,0,0
QLD,36960,2025-12,2.08,32.39,0.52,11.85
QLD,36960,2026-01,0,0,0,0
QLD,36960,2026-02,0.52,2.3,0.52,5.3
QLD,36960,2026-03,1.56,12.86,3.64,130.53
QLD,36960,2026-04,1.04,24.55,1.04,25.07
QLD,36960,2026-05,1.04,7.09,0,0
QLD,36960,2026-06,0,0,0.52,15.59
QLD,36960,2026-07,1.04,16.63,0,0
QLD,36960,2026-08,0,0,0,0
QLD,37010,2023-01,208.17,1887.54,0,0
QLD,37010,2023-02,292.29,2560.06,0,0
QLD,37010,2023-03,336.92,3035.96,0,0
QLD,37010,2023-04,230.09,2275.21,0,0
QLD,37010,2023-05,289.57,3333.78,0,0
QLD,37010,2023-06,287.23,3105.17,0,0
QLD,37010,2023-07,321.95,3236.31,0,0
QLD,37010,2023-08,376.19,3604.5,0,0
QLD,37010,2023-09,324.56,3127.34,0,0
QLD,37010,2023-10,323.7,3072.28,0,0
QLD,37010,2023-11,414.8,4239.54,0,0
QLD,37010,2023-12,272.17,2797.81,0,0
QLD,37010,2024-01,228.05,2492.09,0,0
QLD,37010,2024-02,335.8,3718.99,0,0
QLD,37010,2024-03,295.49,3049.31,0,0
QLD,37010,2024-04,298.08,3035.98,0,0
QLD,37010,2024-05,298.64,3118.04,0,0
QLD,37010,2024-06,331.3,3353.37,0,0
QLD,37010,2024-07,377.27,3718.42,0,0
QLD,37010,2024-08,347.67,3857.65,0,0
QLD,37010,2024-09,277.28,3227.65,0,0
QLD,37010,2024-10,315.46,3538.83,0,0
QLD,37010,2024-11,318.07,3383.93,0,0
QLD,37010,2024-12,251.72,2885.43,0,0
QLD,37010,2025-01,203.34,2126.59,0,0
QLD,37010,2025-02,260.62,2682,0,0
QLD,37010,2025-03,251.39,2658.07,0,0
QLD,37010,2025-04,272.64,2956.42,0,0
QLD,37010,2025-05,305.33,3382.48,0,0
QLD,37010,2025-06,262.16,2624.59,0,0
QLD,37010,2025-07,274.57,3006.05,248.65,4892.41
QLD,37010,2025-08,252.09,2509.46,198.69,3958.92
QLD,37010,2025-09,258.52,2666.81,216.23,4755.25
QLD,37010,2025-10,268.45,3129.79,263.09,6198.8
QLD,37010,2025-11,264.31,3100.07,298.96,7575.86
QLD,37010,2025-12,321.99,3643.22,325,8465.96
QLD,37010,2026-01,199.63,2040.92,209.66,5623.07
QLD,37010,2026-02,296.29,3312.87,306.99,8935.94
QLD,37010,2026-03,378.08,4175.93,413.97,13061.41
QLD,37010,2026-04,444.57,5676.52,657.36,23192.88
QLD,37010,2026-05,321.05,3106.72,239.67,5916.01
QLD,37010,2026-06,333.98,3437.24,275.9,7208.68
QLD,37010,2026-07,298.57,3185.75,243.36,6828.32
QLD,37010,2026-08,175.25,1747.47,141.58,3538.58
QLD,37300,2023-01,0,0,0,0
QLD,37300,2023-02,0,0,0,0
QLD,37300,2023-03,0,0,0,0
QLD,37300,2023-04,0,0,0,0
QLD,37300,2023-05,0,0,0,0
QLD,37300,2023-06,0,0,0,0
QLD,37300,2023-07,0,0,0,0
QLD,37300,2023-08,0,0,0,0
QLD,37300,2023-09,0,0,0,0
QLD,37300,2023-10,0,0,0,0
QLD,37300,2023-11,0,0,0,0
QLD,37300,2023-12,0,0,0,0
QLD,37300,2024-01,0,0,0,0
QLD,37300,2024-02,0,0,0,0
QLD,37300,2024-03,0,0,0,0
QLD,37300,2024-04,0,0,0,0
QLD,37300,2024-05,0,0,0,0
QLD,37300,2024-06,0,0,0,0
QLD,37300,2024-07,0,0,0,0
QLD,37300,2024-08,0,0,0,0
QLD,37300,2024-09,0,0,0,0
QLD,37300,2024-10,0,0,0,0
QLD,37300,2024-11,0,0,0,0
QLD,37300,2024-12,0,0,0,0
QLD,37300,2025-01,0,0,0,0
QLD,37300,2025-02,0,0,0,0
QLD,37300,2025-03,0,0,0,0
QLD,37300,2025-04,0,0,0,0
QLD,37300,2025-05,0,0,0,0
QLD,37300,2025-06,0.73,2.58,0,0
QLD,37300,2025-07,0,0,0,0
QLD,37300,2025-08,0,0,0,0
QLD,37300,2025-09,0.73,4.51,0.73,10.32
QLD,37300,2025-10,0,0,0,0
QLD,37300,2025-11,0,0,0,0
QLD,37300,2025-12,0,0,0,0
QLD,37300,2026-01,0.73,3.86,0.73,10.32
QLD,37300,2026-02,0,0,0,0
QLD,37300,2026-03,0,0,0,0
QLD,37300,2026-04,0.73,12.38,0.73,36.59
QLD,37300,2026-05,0,0,0,0
QLD,37300,2026-06,0,0,0,0
QLD,37300,2026-07,0,0,0,0
QLD,37300,2026-08,0,0,0,0
QLD,37310,2023-01,26.88,240.73,0,0
QLD,37310,2023-02,37.87,405.41,0,0
QLD,37310,2023-03,42.04,449.46,0,0
QLD,37310,2023-04,37.78,316.78,0,0
QLD,37310,2023-05,39.95,436.88,0,0
QLD,37310,2023-06,46.83,419.81,0,0
QLD,37310,2023-07,30.53,318.73,0,0
QLD,37310,2023-08,45.76,432.99,0,0
QLD,37310,2023-09,56.69,577.9,0,0
QLD,37310,2023-10,47.79,497.68,0,0
QLD,37310,2023-11,53.77,658.12,0,0
QLD,37310,2023-12,56.37,723.05,0,0
QLD,37310,2024-01,17.62,193.6,0,0
QLD,37310,2024-02,69.79,667.46,0,0
QLD,37310,2024-03,38.98,367.04,0,0
QLD,37310,2024-04,48.48,509.84,0,0
QLD,37310,2024-05,60,686.27,0,0
QLD,37310,2024-06,48.87,635.73,0,0
QLD,37310,2024-07,67.88,788.72,0,0
QLD,37310,2024-08,39.91,441.71,0,0
QLD,37310,2024-09,56.78,611.69,0,0
QLD,37310,2024-10,54.64,620.58,0,0
QLD,37310,2024-11,43.94,586.7,0,0
QLD,37310,2024-12,62.64,709.47,0,0
QLD,37310,2025-01,27.07,281.03,0,0
QLD,37310,2025-02,49.55,550.16,0,0
QLD,37310,2025-03,52.64,592.6,0,0
QLD,37310,2025-04,30.99,330.63,0,0
QLD,37310,2025-05,61.75,651.14,0,0
QLD,37310,2025-06,44.11,467.63,0,0
QLD,37310,2025-07,37.99,433.74,18.93,398.02
QLD,37310,2025-08,48.12,542.19,19.98,391.67
QLD,37310,2025-09,29.02,312.67,17.02,396.1
QLD,37310,2025-10,38.02,373.05,28.9,607.21
QLD,37310,2025-11,27.1,416.67,33.89,918.62
QLD,37310,2025-12,34.88,503.43,23.91,720.5
QLD,37310,2026-01,23.9,205.09,11.89,295.77
QLD,37310,2026-02,33.83,453.1,21.83,502.95
QLD,37310,2026-03,26.92,465.49,26.22,738.53
QLD,37310,2026-04,29.94,390.41,54.97,1903.21
QLD,37310,2026-05,28.19,260.89,5.1,131.8
QLD,37310,2026-06,40.31,552.83,29.26,674.86
QLD,37310,2026-07,24.86,308.37,17.86,414.09
QLD,37310,2026-08,26.45,240.91,25.82,427.97
QLD,37340,2023-01,42.58,414.31,0,0
QLD,37340,2023-02,64.3,720.49,0,0
QLD,37340,2023-03,55.26,561.27,0,0
QLD,37340,2023-04,54.39,502.84,0,0
QLD,37340,2023-05,64.36,756.79,0,0
QLD,37340,2023-06,59.39,656.87,0,0
QLD,37340,2023-07,57.26,632.54,0,0
QLD,37340,2023-08,55.2,560.05,0,0
QLD,37340,2023-09,60.42,687.96,0,0
QLD,37340,2023-10,55.55,615.44,0,0
QLD,37340,2023-11,72.17,860.16,0,0
QLD,37340,2023-12,79.26,1215.83,0,0
QLD,37340,2024-01,33.71,356.89,0,0
QLD,37340,2024-02,46.81,618.71,0,0
QLD,37340,2024-03,61.2,730.68,0,0
QLD,37340,2024-04,74.42,889.36,0,0
QLD,37340,2024-05,84.33,927.67,0,0
QLD,37340,2024-06,94.3,1179.83,0,0
QLD,37340,2024-07,124.95,1462.52,0,0
QLD,37340,2024-08,87.07,1037.23,0,0
QLD,37340,2024-09,61.23,771.02,0,0
QLD,37340,2024-10,80.2,1021.31,0,0
QLD,37340,2024-11,80.07,1062.23,0,0
QLD,37340,2024-12,75.3,921.91,0,0
QLD,37340,2025-01,48.52,622.26,0,0
QLD,37340,2025-02,65.23,835.38,0,0
QLD,37340,2025-03,81.17,935.88,0,0
QLD,37340,2025-04,76.3,900.86,0,0
QLD,37340,2025-05,66.17,757.52,0,0
QLD,37340,2025-06,60.55,732.37,0,0
QLD,37340,2025-07,55.42,680.17,42.55,830.58
QLD,37340,2025-08,65.23,800.22,54.39,1258.94
QLD,37340,2025-09,58.14,629.52,76.17,1663.61
QLD,37340,2025-10,79.14,908.08,75.26,1825.68
QLD,37340,2025-11,62.23,850.86,84.07,1986.95
QLD,37340,2025-12,74.26,987.04,89.95,2325.38
QLD,37340,2026-01,64.14,664.78,65.14,1566.47
QLD,37340,2026-02,75.01,857.14,94.82,2801.3
QLD,37340,2026-03,88.72,1000.1,131.37,3411.97
QLD,37340,2026-04,116.37,1662.23,181.73,5816.11
QLD,37340,2026-05,87.2,936.11,53.55,1284.5
QLD,37340,2026-06,77.14,818.79,51.46,1149.02
QLD,37340,2026-07,58.62,749.91,46.68,1193.04
QLD,37340,2026-08,45.39,479.63,38.58,1071.55
QLD,37400,2023-01,0,0,0,0
QLD,37400,2023-02,0,0,0,0
QLD,37400,2023-03,4,37.86,0,0
QLD,37400,2023-04,7,79.26,0,0
QLD,37400,2023-05,0,0,0,0
QLD,37400,2023-06,0,0,0,0
QLD,37400,2023-07,4,59.76,0,0
QLD,37400,2023-08,4,53.4,0,0
QLD,37400,2023-09,0,0,0,0
QLD,37400,2023-10,0,0,0,0
QLD,37400,2023-11,2,31.11,0,0
QLD,37400,2023-12,2,26.4,0,0
QLD,37400,2024-01,0,0,0,0
QLD,37400,2024-02,1,13.2,0,0
QLD,37400,2024-03,6,69.68,0,0
QLD,37400,2024-04,1,6.6,0,0
QLD,37400,2024-05,1,10.56,0,0
QLD,37400,2024-06,1,39.42,0,0
QLD,37400,2024-07,13,92.3,0,0
QLD,37400,2024-08,9,130.87,0,0
QLD,37400,2024-09,2,29.2,0,0
QLD,37400,2024-10,0,0,0,0
QLD,37400,2024-11,1,8.55,0,0
QLD,37400,2024-12,4,46.2,0,0
QLD,37400,2025-01,1,26.4,0,0
QLD,37400,2025-02,1,20.24,0,0
QLD,37400,2025-03,0,0,0,0
QLD,37400,2025-04,0,0,0,0
QLD,37400,2025-05,3,43.02,0,0
QLD,37400,2025-06,2,37.11,0,0
QLD,37400,2025-07,1,9.9,1,7.8
QLD,37400,2025-08,5,53.94,2,66.82
QLD,37400,2025-09,4,38.72,11,212.02
QLD,37400,2025-10,1,9.44,2,28.8
QLD,37400,2025-11,3,22.88,1,13.34
QLD,37400,2025-12,2,26.6,0,0
QLD,37400,2026-01,1,10.93,1,19.2
QLD,37400,2026-02,0,0,0,0
QLD,37400,2026-03,0,0,0,0
QLD,37400,2026-04,0,0,1,93.6
QLD,37400,2026-05,0,0,0,0
QLD,37400,2026-06,1,13.3,1,30
QLD,37400,2026-07,0,0,0,0
QLD,37400,2026-08,2,19.95,0,0
QLD,37550,2023-01,0,0,0,0
QLD,37550,2023-02,0,0,0,0
QLD,37550,2023-03,0,0,0,0
QLD,37550,2023-04,0,0,0,0
QLD,37550,2023-05,0,0,0,0
QLD,37550,2023-06,0,0,0,0
QLD,37550,2023-07,0,0,0,0
QLD,37550,2023-08,0,0,0,0
QLD,37550,2023-09,0,0,0,0
QLD,37550,2023-10,0,0,0,0
QLD,37550,2023-11,0,0,0,0
QLD,37550,2023-12,0,0,0,0
QLD,37550,2024-01,0,0,0,0
QLD,37550,2024-02,0,0,0,0
QLD,37550,2024-03,0,0,0,0
QLD,37550,2024-04,0,0,0,0
QLD,37550,2024-05,0,0,0,0
QLD,37550,2024-06,0,0,0,0
QLD,37550,2024-07,0,0,0,0
QLD,37550,2024-08,0,0,0,0
QLD,37550,2024-09,0,0,0,0
QLD,37550,2024-10,0,0,0,0
QLD,37550,2024-11,12,74.8,0,0
QLD,37550,2024-12,0,0,0,0
QLD,37550,2025-01,0,0,0,0
QLD,37550,2025-02,0,0,0,0
QLD,37550,2025-03,0,0,0,0
QLD,37550,2025-04,0,0,0,0
QLD,37550,2025-05,0,0,0,0
QLD,37550,2025-06,0,0,0,0
QLD,37550,2025-07,0,0,0,0
QLD,37550,2025-08,0,0,0,0
QLD,37550,2025-09,0,0,0,0
QLD,37550,2025-10,0,0,0,0
QLD,37550,2025-11,0,0,0,0
QLD,37550,2025-12,0,0,0,0
QLD,37550,2026-01,0,0,0,0
QLD,37550,2026-02,0,0,0,0
QLD,37550,2026-03,0,0,0,0
QLD,37550,2026-04,0,0,0,0
QLD,37550,2026-05,0,0,0,0
QLD,37550,2026-06,0,0,0,0
QLD,37550,2026-07,0,0,0,0
QLD,37550,2026-08,0,0,0,0
QLD,37570,2023-01,0.04,0.21,0,0
QLD,37570,2023-02,0,0,0,0
QLD,37570,2023-03,0.11,4.23,0,0
QLD,37570,2023-04,0.04,0.24,0,0
QLD,37570,2023-05,0.04,0.4,0,0
QLD,37570,2023-06,0.07,0.8,0,0
QLD,37570,2023-07,0.11,0.88,0,0
QLD,37570,2023-08,0.14,1.09,0,0
QLD,37570,2023-09,0.11,1.19,0,0
QLD,37570,2023-10,0.14,5.46,0,0
QLD,37570,2023-11,0.14,4.21,0,0
QLD,37570,2023-12,0.07,2.18,0,0
QLD,37570,2024-01,0,0,0,0
QLD,37570,2024-02,0.11,1.18,0,0
QLD,37570,2024-03,0.14,1.4,0,0
QLD,37570,2024-04,0.04,0.14,0,0
QLD,37570,2024-05,0.14,1.47,0,0
QLD,37570,2024-06,0.32,4.14,0,0
QLD,37570,2024-07,0.14,1.8,0,0
QLD,37570,2024-08,0.14,2.17,0,0
QLD,37570,2024-09,0,0,0,0
QLD,37570,2024-10,0.07,0.69,0,0
QLD,37570,2024-11,0.32,3.9,0,0
QLD,37570,2024-12,0.14,1.43,0,0
QLD,37570,2025-01,0,0,0,0
QLD,37570,2025-02,0.22,1.97,0,0
QLD,37570,2025-03,0.22,2.65,0,0
QLD,37570,2025-04,0.07,0.71,0,0
QLD,37570,2025-05,0,0,0,0
QLD,37570,2025-06,0.47,3.49,0,0
QLD,37570,2025-07,0.36,4.28,0,0
QLD,37570,2025-08,0.07,1.44,0.04,0.41
QLD,37570,2025-09,0.36,2.38,0,0
QLD,37570,2025-10,0.11,0.82,0.07,1
QLD,37570,2025-11,0,0,0,0
QLD,37570,2025-12,0.04,0.25,0.07,1.49
QLD,37570,2026-01,0.04,0.43,0.04,1.4
QLD,37570,2026-02,0.11,1.56,0.11,3.7
QLD,37570,2026-03,0.07,1.16,0.04,1.68
QLD,37570,2026-04,0.29,3.39,0.36,12.69
QLD,37570,2026-05,0.14,0.92,0,0
QLD,37570,2026-06,0.25,3.41,0.18,4.18
QLD,37570,2026-07,0.29,4.74,0.11,2.32
QLD,37570,2026-08,0.04,0.27,0,0
QLD,37600,2023-01,0.29,3.11,0,0
QLD,37600,2023-02,0.67,5.19,0,0
QLD,37600,2023-03,0.77,6.27,0,0
QLD,37600,2023-04,0.48,5.95,0,0
QLD,37600,2023-05,1.05,11.29,0,0
QLD,37600,2023-06,1.05,12.06,0,0
QLD,37600,2023-07,1.15,16.2,0,0
QLD,37600,2023-08,0.57,6.87,0,0
QLD,37600,2023-09,0.77,6.99,0,0
QLD,37600,2023-10,0.77,12.57,0,0
QLD,37600,2023-11,0.67,6.03,0,0
QLD,37600,2023-12,1.05,24.97,0,0
QLD,37600,2024-01,0.29,2.35,0,0
QLD,37600,2024-02,0.86,13.92,0,0
QLD,37600,2024-03,0.77,15.95,0,0
QLD,37600,2024-04,1.91,22.86,0,0
QLD,37600,2024-05,1.82,25.65,0,0
QLD,37600,2024-06,0.86,10.44,0,0
QLD,37600,2024-07,1.91,28.34,0,0
QLD,37600,2024-08,1.15,18.48,0,0
QLD,37600,2024-09,1.15,19.56,0,0
QLD,37600,2024-10,1.82,24.17,0,0
QLD,37600,2024-11,0.96,19.74,0,0
QLD,37600,2024-12,0.96,19.82,0,0
QLD,37600,2025-01,0.38,4.55,0,0
QLD,37600,2025-02,0.86,10.59,0,0
QLD,37600,2025-03,1.15,13.35,0,0
QLD,37600,2025-04,0.77,5.69,0,0
QLD,37600,2025-05,1.53,19.07,0,0
QLD,37600,2025-06,1.05,14.05,0,0
QLD,37600,2025-07,0.96,17.33,0.57,9
QLD,37600,2025-08,1.24,10.97,0.77,14.12
QLD,37600,2025-09,1.63,17.06,0.96,20.7
QLD,37600,2025-10,0.96,12.91,0.67,18.06
QLD,37600,2025-11,1.44,16.8,0.96,23.37
QLD,37600,2025-12,1.15,19.37,0.67,21.81
QLD,37600,2026-01,0.38,3.88,0.29,7.85
QLD,37600,2026-02,1.44,14.85,1.34,39.73
QLD,37600,2026-03,0.96,10.54,1.15,33.7
QLD,37600,2026-04,2.39,29.96,3.06,99.54
QLD,37600,2026-05,0.96,9.52,0.67,14.48
QLD,37600,2026-06,1.24,20.94,0.77,19.81
QLD,37600,2026-07,1.15,15.02,1.15,23.28
QLD,37600,2026-08,0.86,17.43,0.38,9.47
SA,40070,2023-01,8,74.35,0,0
SA,40070,2023-02,15,223.26,0,0
SA,40070,2023-03,10,220.04,0,0
SA,40070,2023-04,13,186.74,0,0
SA,40070,2023-05,9,319.47,0,0
SA,40070,2023-06,11,239.94,0,0
SA,40070,2023-07,8,188.47,0,0
SA,40070,2023-08,12,177.79,0,0
SA,40070,2023-09,14,153.45,0,0
SA,40070,2023-10,14,110.18,0,0
SA,40070,2023-11,12,248,0,0
SA,40070,2023-12,18,147.57,0,0
SA,40070,2024-01,6,47.18,0,0
SA,40070,2024-02,7,55.3,0,0
SA,40070,2024-03,8,126.66,0,0
SA,40070,2024-04,15,196.71,0,0
SA,40070,2024-05,8,225.83,0,0
SA,40070,2024-06,8,174.89,0,0
SA,40070,2024-07,7,57.9,0,0
SA,40070,2024-08,12,130.82,0,0
SA,40070,2024-09,12,387.98,0,0
SA,40070,2024-10,8,57.94,0,0
SA,40070,2024-11,13,159.16,0,0
SA,40070,2024-12,18,567.55,0,0
SA,40070,2025-01,3,70.82,0,0
SA,40070,2025-02,7,127.03,0,0
SA,40070,2025-03,15,378.94,0,0
SA,40070,2025-04,10,426.8,0,0
SA,40070,2025-05,9,209.66,0,0
SA,40070,2025-06,5,29.48,0,0
SA,40070,2025-07,8,124.56,15,320.7
SA,40070,2025-08,14,214.98,17,296.03
SA,40070,2025-09,11,115.41,17,361.34
SA,40070,2025-10,5,42.61,10,170.98
SA,40070,2025-11,6,62.13,19,426.98
SA,40070,2025-12,18,289.98,27,631.88
SA,40070,2026-01,7,65.52,7,159.3
SA,40070,2026-02,10,109.58,18,457.83
SA,40070,2026-03,14,178.03,23,766.78
SA,40070,2026-04,23,270.65,57,2015.52
SA,40070,2026-05,17,198.85,15,311.82
SA,40070,2026-06,17,276.44,14,402.82
SA,40070,2026-07,12,212.46,14,355.72
SA,40070,2026-08,4,46.04,3,79.2
SA,40120,2023-01,41.63,442.08,0,0
SA,40120,2023-02,57.27,739.03,0,0
SA,40120,2023-03,50.99,524.01,0,0
SA,40120,2023-04,44.16,437.06,0,0
SA,40120,2023-05,58.95,645.07,0,0
SA,40120,2023-06,60.36,616.13,0,0
SA,40120,2023-07,63.04,630.55,0,0
SA,40120,2023-08,73.67,825.92,0,0
SA,40120,2023-09,55.52,586.34,0,0
SA,40120,2023-10,78.01,928.46,0,0
SA,40120,2023-11,61.68,726.46,0,0
SA,40120,2023-12,71.04,979.06,0,0
SA,40120,2024-01,43.18,464.7,0,0
SA,40120,2024-02,38.71,400.74,0,0
SA,40120,2024-03,46.98,510.91,0,0
SA,40120,2024-04,47.98,513.38,0,0
SA,40120,2024-05,37.84,460.16,0,0
SA,40120,2024-06,35.6,416.73,0,0
SA,40120,2024-07,42.46,413.65,0,0
SA,40120,2024-08,46.97,551.9,0,0
SA,40120,2024-09,61.68,810.13,0,0
SA,40120,2024-10,62.35,664.13,0,0
SA,40120,2024-11,59.46,840.26,0,0
SA,40120,2024-12,65.42,779.48,0,0
SA,40120,2025-01,38.82,465.64,0,0
SA,40120,2025-02,43.54,539.59,0,0
SA,40120,2025-03,48.3,667.31,0,0
SA,40120,2025-04,33.91,390.46,0,0
SA,40120,2025-05,38.37,706.9,0,0
SA,40120,2025-06,33.16,339.85,0,0
SA,40120,2025-07,71.41,1150.27,143.61,3030.45
SA,40120,2025-08,48.92,687.55,94.83,2170.19
SA,40120,2025-09,67.23,840.31,112.03,2563.15
SA,40120,2025-10,63.21,867.4,123.86,3112.81
SA,40120,2025-11,66.87,882.14,127.03,3823.78
SA,40120,2025-12,94.48,1354.74,170.99,5124.76
SA,40120,2026-01,44.62,599.79,96.28,2779.45
SA,40120,2026-02,78.85,1038.81,140.81,4344.8
SA,40120,2026-03,96.39,1376.9,188.73,6170.15
SA,40120,2026-04,144.94,1925.25,310.13,10970.59
SA,40120,2026-05,72.97,902.02,82.07,2149.21
SA,40120,2026-06,56.19,738.8,83.42,2105.98
SA,40120,2026-07,57.2,660.68,90.01,2246.24
SA,40120,2026-08,39.54,527.99,40.6,1278.21
SA,40150,2023-01,11.82,148.45,0,0
SA,40150,2023-02,14.8,136.1,0,0
SA,40150,2023-03,20.69,197.96,0,0
SA,40150,2023-04,21.93,295.53,0,0
SA,40150,2023-05,19.84,207.66,0,0
SA,40150,2023-06,12.82,133.66,0,0
SA,40150,2023-07,35.74,462.89,0,0
SA,40150,2023-08,18.86,195.68,0,0
SA,40150,2023-09,16.01,174.54,0,0
SA,40150,2023-10,20.79,243.35,0,0
SA,40150,2023-11,19.83,283.64,0,0
SA,40150,2023-12,19.86,265.11,0,0
SA,40150,2024-01,18.84,198.6,0,0
SA,40150,2024-02,30.76,318.95,0,0
SA,40150,2024-03,27.72,298.74,0,0
SA,40150,2024-04,19.95,254.09,0,0
SA,40150,2024-05,24.64,316.99,0,0
SA,40150,2024-06,18.75,210.83,0,0
SA,40150,2024-07,29.89,324.96,0,0
SA,40150,2024-08,20.69,209.71,0,0
SA,40150,2024-09,18.75,268.85,0,0
SA,40150,2024-10,21.7,236.7,0,0
SA,40150,2024-11,35.61,535.55,0,0
SA,40150,2024-12,12.89,171.84,0,0
SA,40150,2025-01,24.76,256.53,0,0
SA,40150,2025-02,23.69,336.37,0,0
SA,40150,2025-03,22.81,239.84,0,0
SA,40150,2025-04,26.77,254.12,0,0
SA,40150,2025-05,17.08,256.6,0,0
SA,40150,2025-06,13.93,142.36,0,0
SA,40150,2025-07,20.72,325.36,36.5,645.59
SA,40150,2025-08,27.86,343.25,36.74,912.02
SA,40150,2025-09,33.56,331.6,30.71,722.46
SA,40150,2025-10,28.63,311.04,52.3,1210.23
SA,40150,2025-11,22.15,387,44.85,1311.37
SA,40150,2025-12,31.69,427,52.42,1628.29
SA,40150,2026-01,26.97,370.68,40.88,1269.41
SA,40150,2026-02,37.6,459.73,48.45,1618.17
SA,40150,2026-03,33.54,407.25,53.27,1879.66
SA,40150,2026-04,48.47,594.2,81.39,3176.05
SA,40150,2026-05,31.67,348.29,31.58,856.78
SA,40150,2026-06,27.63,312.5,29.6,798.6
SA,40150,2026-07,18.75,236.76,25.65,650.45
SA,40150,2026-08,11.06,132.43,10.95,270.32
SA,40220,2023-01,44.93,378.88,0,0
SA,40220,2023-02,39.83,341.28,0,0
SA,40220,2023-03,51.18,499.79,0,0
SA,40220,2023-04,49.83,447.04,0,0
SA,40220,2023-05,50.91,454.35,0,0
SA,40220,2023-06,58.24,544.55,0,0
SA,40220,2023-07,50.5,425.01,0,0
SA,40220,2023-08,59.93,576.71,0,0
SA,40220,2023-09,65.39,538.04,0,0
SA,40220,2023-10,55.31,534.94,0,0
SA,40220,2023-11,56.86,615.18,0,0
SA,40220,2023-12,56.33,583.04,0,0
SA,40220,2024-01,42.84,420.42,0,0
SA,40220,2024-02,70.83,651.82,0,0
SA,40220,2024-03,47.56,442.45,0,0
SA,40220,2024-04,40.69,355.02,0,0
SA,40220,2024-05,54.66,472.35,0,0
SA,40220,2024-06,54.6,476.1,0,0
SA,40220,2024-07,41.1,376.69,0,0
SA,40220,2024-08,38.95,338.76,0,0
SA,40220,2024-09,47.09,476.28,0,0
SA,40220,2024-10,64.49,620.7,0,0
SA,40220,2024-11,66.36,729.53,0,0
SA,40220,2024-12,64.46,766.01,0,0
SA,40220,2025-01,40.61,392.99,0,0
SA,40220,2025-02,50.02,508.75,0,0
SA,40220,2025-03,61.28,747.95,0,0
SA,40220,2025-04,42.23,572.52,0,0
SA,40220,2025-05,43.19,398.04,0,0
SA,40220,2025-06,24.08,197.63,0,0
SA,40220,2025-07,46.2,509.06,98.35,1564.8
SA,40220,2025-08,36.37,369.46,76.66,1532.65
SA,40220,2025-09,57.74,636.78,95.48,1986.12
SA,40220,2025-10,54.36,582.64,93.93,2204.21
SA,40220,2025-11,52.67,560.15,90.93,2127.68
SA,40220,2025-12,67.98,804.56,104.62,2692.58
SA,40220,2026-01,53.57,548.45,79.79,1979.99
SA,40220,2026-02,69.7,710,100.47,2584.12
SA,40220,2026-03,78.69,933.29,121.3,3461.08
SA,40220,2026-04,84.95,979.07,170.88,5326.06
SA,40220,2026-05,50.82,463.23,63.81,1275.98
SA,40220,2026-06,70.35,639.02,90.99,1951.01
SA,40220,2026-07,67.17,668.09,100.12,2217.92
SA,40220,2026-08,62.54,572.72,57.93,1305.73
SA,40250,2023-01,0,0,0,0
SA,40250,2023-02,0.26,3.17,0,0
SA,40250,2023-03,0.38,3.94,0,0
SA,40250,2023-04,0,0,0,0
SA,40250,2023-05,0.26,8.93,0,0
SA,40250,2023-06,0.13,3.84,0,0
SA,40250,2023-07,0.13,2.36,0,0
SA,40250,2023-08,0.13,0.79,0,0
SA,40250,2023-09,0.13,2.64,0,0
SA,40250,2023-10,0.13,0.74,0,0
SA,40250,2023-11,0.13,7,0,0
SA,40250,2023-12,0.13,4.24,0,0
SA,40250,2024-01,0,0,0,0
SA,40250,2024-02,0.13,1.8,0,0
SA,40250,2024-03,0.38,6.99,0,0
SA,40250,2024-04,0.26,2.74,0,0
SA,40250,2024-05,0.13,1.46,0,0
SA,40250,2024-06,0.51,20.75,0,0
SA,40250,2024-07,0.13,2.06,0,0
SA,40250,2024-08,0.13,1.35,0,0
SA,40250,2024-09,0.26,9.34,0,0
SA,40250,2024-10,0.51,13.09,0,0
SA,40250,2024-11,0,0,0,0
SA,40250,2024-12,0.13,4.25,0,0
SA,40250,2025-01,0,0,0,0
SA,40250,2025-02,0.13,0.73,0,0
SA,40250,2025-03,0.13,0.64,0,0
SA,40250,2025-04,0,0,0,0
SA,40250,2025-05,0.13,6.48,0,0
SA,40250,2025-06,0,0,0,0
SA,40250,2025-07,0.26,12.69,0.13,11.65
SA,40250,2025-08,0,0,0.13,1.17
SA,40250,2025-09,0,0,0,0
SA,40250,2025-10,0.13,2.61,0.13,7.85
SA,40250,2025-11,0.64,11.19,0.77,34.91
SA,40250,2025-12,0.77,16.7,0.89,32.23
SA,40250,2026-01,0,0,0,0
SA,40250,2026-02,0.13,5.05,0.13,7.85
SA,40250,2026-03,0,0,0,0
SA,40250,2026-04,0.13,1.56,0.13,6.13
SA,40250,2026-05,0,0,0,0
SA,40250,2026-06,0.38,5.02,0.13,5.11
SA,40250,2026-07,0.13,3.57,0,0
SA,40250,2026-08,0.13,1.11,0.13,4.58
SA,40310,2023-01,30.91,245.97,0,0
SA,40310,2023-02,34.34,296.04,0,0
SA,40310,2023-03,38.94,376.88,0,0
SA,40310,2023-04,27.71,233.6,0,0
SA,40310,2023-05,26.74,272.81,0,0
SA,40310,2023-06,35.76,415.26,0,0
SA,40310,2023-07,38.77,351.25,0,0
SA,40310,2023-08,50.07,518.1,0,0
SA,40310,2023-09,40.66,361.35,0,0
SA,40310,2023-10,38.83,445.69,0,0
SA,40310,2023-11,48.86,481.47,0,0
SA,40310,2023-12,40.79,503.74,0,0
SA,40310,2024-01,21.31,210.22,0,0
SA,40310,2024-02,45.3,471.2,0,0
SA,40310,2024-03,37.75,401.85,0,0
SA,40310,2024-04,31.43,331.27,0,0
SA,40310,2024-05,34.74,341.54,0,0
SA,40310,2024-06,30.78,300.48,0,0
SA,40310,2024-07,36.49,311.74,0,0
SA,40310,2024-08,42.8,463.46,0,0
SA,40310,2024-09,34.47,360.03,0,0
SA,40310,2024-10,31.88,253.84,0,0
SA,40310,2024-11,41.75,449.09,0,0
SA,40310,2024-12,32.82,409.84,0,0
SA,40310,2025-01,29.68,258.56,0,0
SA,40310,2025-02,31.65,360.74,0,0
SA,40310,2025-03,27.31,299.65,0,0
SA,40310,2025-04,30.77,384.3,0,0
SA,40310,2025-05,20.16,299.84,0,0
SA,40310,2025-06,10.81,150.51,0,0
SA,40310,2025-07,42.83,473.57,82.69,1419.17
SA,40310,2025-08,20.6,260.82,49.29,844.84
SA,40310,2025-09,40.21,462.57,61.58,1371.67
SA,40310,2025-10,48.36,616.29,70.92,1678.92
SA,40310,2025-11,51.29,606.03,61.65,1597.06
SA,40310,2025-12,50.26,685.5,80.98,2254.26
SA,40310,2026-01,31.26,299.33,49.32,1357.34
SA,40310,2026-02,59.16,615.46,95.13,2752.85
SA,40310,2026-03,71.45,972.26,98.55,2939.14
SA,40310,2026-04,79.63,1243.86,145.09,5025.91
SA,40310,2026-05,47.42,445.89,54.08,1182.26
SA,40310,2026-06,43.99,467.38,50.47,1205.53
SA,40310,2026-07,47.87,551.14,58.99,1514.14
SA,40310,2026-08,22.5,252.16,25.98,702.24
SA,40430,2023-01,11.18,77.19,0,0
SA,40430,2023-02,1.92,12.83,0,0
SA,40430,2023-03,5.76,36.46,0,0
SA,40430,2023-04,4.24,28.69,0,0
SA,40430,2023-05,1.21,13.5,0,0
SA,40430,2023-06,4.68,65.87,0,0
SA,40430,2023-07,9,76.16,0,0
SA,40430,2023-08,3.1,27.79,0,0
SA,40430,2023-09,4.12,33.78,0,0
SA,40430,2023-10,4.21,29.51,0,0
SA,40430,2023-11,8.94,61.88,0,0
SA,40430,2023-12,3.66,32.22,0,0
SA,40430,2024-01,2.19,25.2,0,0
SA,40430,2024-02,6.2,38.09,0,0
SA,40430,2024-03,2.22,29.17,0,0
SA,40430,2024-04,4.06,24.81,0,0
SA,40430,2024-05,5.87,43.45,0,0
SA,40430,2024-06,2.04,13.67,0,0
SA,40430,2024-07,4.28,36.63,0,0
SA,40430,2024-08,5.24,38.65,0,0
SA,40430,2024-09,3.26,27.18,0,0
SA,40430,2024-10,4.19,39.9,0,0
SA,40430,2024-11,6.49,62,0,0
SA,40430,2024-12,7.46,62.78,0,0
SA,40430,2025-01,5.87,49.72,0,0
SA,40430,2025-02,3.47,19.78,0,0
SA,40430,2025-03,6.06,60.78,0,0
SA,40430,2025-04,3,25.99,0,0
SA,40430,2025-05,2.07,14.08,0,0
SA,40430,2025-06,5.89,53.06,0,0
SA,40430,2025-07,2.91,47.29,8.33,119.56
SA,40430,2025-08,3.01,49.32,5.27,95.09
SA,40430,2025-09,2.94,28.87,5.05,61.58
SA,40430,2025-10,7.87,73.69,8.59,151.07
SA,40430,2025-11,7.38,66.31,13.28,274.98
SA,40430,2025-12,4.45,45.48,6.34,158.56
SA,40430,2026-01,3.89,22.55,4.08,82.92
SA,40430,2026-02,6.94,68.06,6.9,227.41
SA,40430,2026-03,7.39,74,8.5,260.38
SA,40430,2026-04,8.23,117.14,16.01,460.41
SA,40430,2026-05,6.94,82.62,11.1,227.98
SA,40430,2026-06,7.4,78.2,8.44,217.52
SA,40430,2026-07,1.57,19.78,3.06,60.06
SA,40430,2026-08,1.04,16.68,1.07,41.68
SA,40520,2023-01,8.92,63.92,0,0
SA,40520,2023-02,7.89,54.17,0,0
SA,40520,2023-03,10.57,97.14,0,0
SA,40520,2023-04,16.53,162.97,0,0
SA,40520,2023-05,18.6,156.04,0,0
SA,40520,2023-06,10.46,166.14,0,0
SA,40520,2023-07,9.52,88.14,0,0
SA,40520,2023-08,8.03,75.16,0,0
SA,40520,2023-09,5.7,44.45,0,0
SA,40520,2023-10,17.47,147.94,0,0
SA,40520,2023-11,18.93,180.08,0,0
SA,40520,2023-12,17.33,189.38,0,0
SA,40520,2024-01,9.58,80.61,0,0
SA,40520,2024-02,6.64,62.97,0,0
SA,40520,2024-03,8.52,91.15,0,0
SA,40520,2024-04,7.63,107.26,0,0
SA,40520,2024-05,11.71,135.07,0,0
SA,40520,2024-06,7.84,73.73,0,0
SA,40520,2024-07,19.32,192.34,0,0
SA,40520,2024-08,18.46,208.38,0,0
SA,40520,2024-09,20.41,237.12,0,0
SA,40520,2024-10,7.64,70.92,0,0
SA,40520,2024-11,14.63,204.57,0,0
SA,40520,2024-12,5.83,55.56,0,0
SA,40520,2025-01,5.62,49.5,0,0
SA,40520,2025-02,6.7,205.14,0,0
SA,40520,2025-03,16.96,215.6,0,0
SA,40520,2025-04,8.63,197.04,0,0
SA,40520,2025-05,6.79,107.54,0,0
SA,40520,2025-06,5.75,76.26,0,0
SA,40520,2025-07,13.98,140.04,17.8,362.24
SA,40520,2025-08,8.56,92.23,8.9,238.56
SA,40520,2025-09,12.26,114.53,16.32,293.34
SA,40520,2025-10,15.96,180.28,21.2,461.36
SA,40520,2025-11,19.56,259.45,38.32,908.79
SA,40520,2025-12,12.85,154.32,28.3,687.63
SA,40520,2026-01,1.07,20.84,8.66,283.61
SA,40520,2026-02,16.06,181.12,29.99,770.1
SA,40520,2026-03,18.33,197.57,27.09,851.18
SA,40520,2026-04,18.42,230.68,42.33,1301.63
SA,40520,2026-05,6.5,102.22,14.28,296.72
SA,40520,2026-06,10.63,135.2,14.58,338.62
SA,40520,2026-07,17.11,211.67,21.82,584.19
SA,40520,2026-08,7.73,112.25,12.65,298.37
SA,40700,2023-01,55.4,505.73,0,0
SA,40700,2023-02,42.46,347.67,0,0
SA,40700,2023-03,63.32,606.38,0,0
SA,40700,2023-04,38,393.36,0,0
SA,40700,2023-05,54.62,617.34,0,0
SA,40700,2023-06,44.24,502.78,0,0
SA,40700,2023-07,52.39,474.82,0,0
SA,40700,2023-08,58.62,501.76,0,0
SA,40700,2023-09,58.75,699.12,0,0
SA,40700,2023-10,50.24,513.9,0,0
SA,40700,2023-11,77.6,943.16,0,0
SA,40700,2023-12,62.7,755.93,0,0
SA,40700,2024-01,40.03,416.2,0,0
SA,40700,2024-02,46.6,490.07,0,0
SA,40700,2024-03,40.41,411.47,0,0
SA,40700,2024-04,38.09,375.26,0,0
SA,40700,2024-05,54.61,602.59,0,0
SA,40700,2024-06,46.38,538.14,0,0
SA,40700,2024-07,46.81,478.73,0,0
SA,40700,2024-08,50.62,538.89,0,0
SA,40700,2024-09,50.01,575.86,0,0
SA,40700,2024-10,38.12,445.49,0,0
SA,40700,2024-11,57.34,661.02,0,0
SA,40700,2024-12,67.06,939.68,0,0
SA,40700,2025-01,35.23,426.83,0,0
SA,40700,2025-02,35.11,394.19,0,0
SA,40700,2025-03,51.75,665.87,0,0
SA,40700,2025-04,38.17,489.15,0,0
SA,40700,2025-05,33.59,363.91,0,0
SA,40700,2025-06,24.92,277.28,0,0
SA,40700,2025-07,50.85,651.03,166.6,2913.93
SA,40700,2025-08,40.6,483.4,120.04,2562.39
SA,40700,2025-09,49.57,659.17,126.96,3151.83
SA,40700,2025-10,58.68,617,151.42,4003.65
SA,40700,2025-11,67.51,756.55,158.18,4412.68
SA,40700,2025-12,86.55,1079.15,168.59,4954.55
SA,40700,2026-01,42.69,434.42,91.66,2592.59
SA,40700,2026-02,69.59,832.78,152.89,4923.55
SA,40700,2026-03,92.56,1118.61,190.73,6169.2
SA,40700,2026-04,123.43,1491.12,304.94,11222.51
SA,40700,2026-05,66.9,695.47,81.35,1792.11
SA,40700,2026-06,62.16,647.23,88.05,2240.05
SA,40700,2026-07,58.54,633.11,102.26,2642.29
SA,40700,2026-08,29,340.42,45.64,1101.9
SA,40910,2023-01,71.22,612.93,0,0
SA,40910,2023-02,76.02,617.97,0,0
SA,40910,2023-03,68.86,604.23,0,0
SA,40910,2023-04,46.98,420.29,0,0
SA,40910,2023-05,58.67,514.91,0,0
SA,40910,2023-06,57.99,475.35,0,0
SA,40910,2023-07,71.74,653.79,0,0
SA,40910,2023-08,73.12,612.41,0,0
SA,40910,2023-09,76.27,695.91,0,0
SA,40910,2023-10,83.66,738.02,0,0
SA,40910,2023-11,73.42,729.37,0,0
SA,40910,2023-12,85.2,835.35,0,0
SA,40910,2024-01,44.56,397.2,0,0
SA,40910,2024-02,64.41,570.68,0,0
SA,40910,2024-03,44.11,428.59,0,0
SA,40910,2024-04,42.15,410.82,0,0
SA,40910,2024-05,67.8,611.5,0,0
SA,40910,2024-06,48.31,464.21,0,0
SA,40910,2024-07,74.55,792.34,0,0
SA,40910,2024-08,95.12,851.86,0,0
SA,40910,2024-09,87.78,823.78,0,0
SA,40910,2024-10,77.25,753.28,0,0
SA,40910,2024-11,91.7,864.15,0,0
SA,40910,2024-12,65.98,944.24,0,0
SA,40910,2025-01,44.86,506.96,0,0
SA,40910,2025-02,52.9,480.94,0,0
SA,40910,2025-03,49.85,556.92,0,0
SA,40910,2025-04,38.68,390.07,0,0
SA,40910,2025-05,38.43,435.61,0,0
SA,40910,2025-06,40.22,398.71,0,0
SA,40910,2025-07,73,726.35,187.58,3133.19
SA,40910,2025-08,62.89,640.35,119.41,2257.53
SA,40910,2025-09,75.15,847.33,161.78,3647.19
SA,40910,2025-10,65.79,681.51,152.49,3928.05
SA,40910,2025-11,75.83,756.79,171.62,4490.19
SA,40910,2025-12,86.39,975.12,191.64,5680.8
SA,40910,2026-01,58.53,631.85,125.07,3674
SA,40910,2026-02,83.66,905.07,176.56,5072.73
SA,40910,2026-03,87.98,1004.67,180.04,6038.16
SA,40910,2026-04,108.03,1309.8,288.93,10337.11
SA,40910,2026-05,67.35,664.52,85.21,1739.04
SA,40910,2026-06,63.38,606.83,87.43,2079.39
SA,40910,2026-07,49.51,500.19,77.05,1904.38
SA,40910,2026-08,33.9,335.11,38.11,972.38
SA,41010,2023-01,0.76,5.05,0,0
SA,41010,2023-02,4.59,30.65,0,0
SA,41010,2023-03,3.03,26,0,0
SA,41010,2023-04,0.79,7.57,0,0
SA,41010,2023-05,7.24,84.76,0,0
SA,41010,2023-06,6.47,56.2,0,0
SA,41010,2023-07,0.4,2.42,0,0
SA,41010,2023-08,2.11,16.04,0,0
SA,41010,2023-09,2.31,28.08,0,0
SA,41010,2023-10,0.59,3.42,0,0
SA,41010,2023-11,3.27,30.63,0,0
SA,41010,2023-12,0.79,14.29,0,0
SA,41010,2024-01,0.2,2.63,0,0
SA,41010,2024-02,3.07,21.37,0,0
SA,41010,2024-03,4.39,29.3,0,0
SA,41010,2024-04,1.19,8.1,0,0
SA,41010,2024-05,0.59,6.01,0,0
SA,41010,2024-06,1.72,12.04,0,0
SA,41010,2024-07,0.35,2.62,0,0
SA,41010,2024-08,4.2,30.65,0,0
SA,41010,2024-09,5.95,55.38,0,0
SA,41010,2024-10,1.52,10.03,0,0
SA,41010,2024-11,7.43,70.36,0,0
SA,41010,2024-12,6.11,53.7,0,0
SA,41010,2025-01,0.4,2.27,0,0
SA,41010,2025-02,1.72,12.75,0,0
SA,41010,2025-03,9.71,73.3,0,0
SA,41010,2025-04,1.92,59.35,0,0
SA,41010,2025-05,1.72,14.17,0,0
SA,41010,2025-06,1.16,9.13,0,0
SA,41010,2025-07,1.16,19.64,1.72,71.29
SA,41010,2025-08,0.2,3.23,1.55,26.38
SA,41010,2025-09,3.44,42.89,2.87,81.44
SA,41010,2025-10,2.31,28.81,6.67,125.08
SA,41010,2025-11,4.2,42.88,4.99,100.9
SA,41010,2025-12,4.23,38.68,6.14,111.19
SA,41010,2026-01,0.2,1.31,0,0
SA,41010,2026-02,2.31,25.6,2.51,60.23
SA,41010,2026-03,3.83,35.47,5.75,132.13
SA,41010,2026-04,2.87,29.55,4.79,159.98
SA,41010,2026-05,0.4,6.01,0.79,19.21
SA,41010,2026-06,2.51,25.83,4.03,90.11
SA,41010,2026-07,4.76,37.44,2.68,45.69
SA,41010,2026-08,2.11,18.02,2.68,52.52
SA,41060,2023-01,106.73,889.9,0,0
SA,41060,2023-02,159.39,1496.86,0,0
SA,41060,2023-03,142.89,1239.88,0,0
SA,41060,2023-04,125.93,1168.97,0,0
SA,41060,2023-05,122.49,1169.5,0,0
SA,41060,2023-06,141.25,1485.64,0,0
SA,41060,2023-07,125.47,1116.36,0,0
SA,41060,2023-08,185.09,1652.68,0,0
SA,41060,2023-09,170.65,1626.7,0,0
SA,41060,2023-10,162.5,1663.43,0,0
SA,41060,2023-11,151.09,1457.22,0,0
SA,41060,2023-12,155.61,1648.59,0,0
SA,41060,2024-01,93.69,861.08,0,0
SA,41060,2024-02,132.74,1280.27,0,0
SA,41060,2024-03,120.51,1188.17,0,0
SA,41060,2024-04,136.24,1330.98,0,0
SA,41060,2024-05,150.09,1324.86,0,0
SA,41060,2024-06,153.31,1408.18,0,0
SA,41060,2024-07,188.23,1778.54,0,0
SA,41060,2024-08,158.39,1449.66,0,0
SA,41060,2024-09,182.02,1691.78,0,0
SA,41060,2024-10,134.79,1322.48,0,0
SA,41060,2024-11,167.11,1600.79,0,0
SA,41060,2024-12,151.76,1650.05,0,0
SA,41060,2025-01,102,987.61,0,0
SA,41060,2025-02,121.79,1348.84,0,0
SA,41060,2025-03,135.14,1635.27,0,0
SA,41060,2025-04,113.83,1095.99,0,0
SA,41060,2025-05,113.75,1377.4,0,0
SA,41060,2025-06,64.1,706.89,0,0
SA,41060,2025-07,117.79,1292.59,300.96,4741.48
SA,41060,2025-08,112.87,1140.53,208.78,3947.47
SA,41060,2025-09,145.19,1587.67,252.08,5378.6
SA,41060,2025-10,135.53,1596.05,277.42,6495.15
SA,41060,2025-11,143.11,1603.72,269,7020.17
SA,41060,2025-12,211.17,2620.52,335.22,9437.38
SA,41060,2026-01,115.04,1190.08,219.47,6426.71
SA,41060,2026-02,143.11,1452.48,249.96,7334.11
SA,41060,2026-03,215.38,2454.46,365.1,11371.95
SA,41060,2026-04,205.78,2556.13,541.67,18837.74
SA,41060,2026-05,160.97,1579.2,172.76,3625.15
SA,41060,2026-06,153.88,1663.86,200.95,4635.68
SA,41060,2026-07,143.11,1353.28,185.52,4334.47
SA,41060,2026-08,101.78,1115.28,114.87,2806.78
SA,41140,2023-01,10.85,117.7,0,0
SA,41140,2023-02,9,109.44,0,0
SA,41140,2023-03,17.67,140.35,0,0
SA,41140,2023-04,8.86,98.85,0,0
SA,41140,2023-05,13.91,112.29,0,0
SA,41140,2023-06,11.93,110.89,0,0
SA,41140,2023-07,17.65,177.89,0,0
SA,41140,2023-08,18.8,185.82,0,0
SA,41140,2023-09,10.86,86.04,0,0
SA,41140,2023-10,19.79,260.81,0,0
SA,41140,2023-11,14.79,161.27,0,0
SA,41140,2023-12,15.86,218.62,0,0
SA,41140,2024-01,8.97,87.45,0,0
SA,41140,2024-02,11,110.32,0,0
SA,41140,2024-03,13.69,135.8,0,0
SA,41140,2024-04,18.88,213.5,0,0
SA,41140,2024-05,9.86,87.34,0,0
SA,41140,2024-06,11.83,198.52,0,0
SA,41140,2024-07,13.81,146.68,0,0
SA,41140,2024-08,23.64,258.89,0,0
SA,41140,2024-09,13.84,122.93,0,0
SA,41140,2024-10,16.58,176.3,0,0
SA,41140,2024-11,16.7,180.91,0,0
SA,41140,2024-12,8.9,96.08,0,0
SA,41140,2025-01,9.97,79.55,0,0
SA,41140,2025-02,11.9,145.65,0,0
SA,41140,2025-03,15.72,169.94,0,0
SA,41140,2025-04,11.65,123.05,0,0
SA,41140,2025-05,7.89,104.31,0,0
SA,41140,2025-06,0.01,0.13,0,0
SA,41140,2025-07,20.77,257.96,31.58,579.97
SA,41140,2025-08,10.85,135.28,17.81,343.68
SA,41140,2025-09,11.78,161.12,23.53,520.93
SA,41140,2025-10,7.9,74.4,16.64,340.28
SA,41140,2025-11,7.8,101.08,16.84,482.31
SA,41140,2025-12,12.9,170.84,19.87,524.99
SA,41140,2026-01,6.82,78.99,14.82,301.1
SA,41140,2026-02,11.76,166.59,26.41,735.8
SA,41140,2026-03,24.44,278.02,38.25,1063.21
SA,41140,2026-04,23.61,252.18,37.59,1121.96
SA,41140,2026-05,8.87,121,13.82,315.04
SA,41140,2026-06,13.86,129.99,17.78,344.66
SA,41140,2026-07,10.62,117.4,17.68,408.48
SA,41140,2026-08,6.02,63.17,8.83,202.59
SA,41190,2023-01,2.04,33.57,0,0
SA,41190,2023-02,5,47.25,0,0
SA,41190,2023-03,0.02,0.13,0,0
SA,41190,2023-04,1.02,13.41,0,0
SA,41190,2023-05,4.05,26.86,0,0
SA,41190,2023-06,2.02,9.68,0,0
SA,41190,2023-07,2,19.72,0,0
SA,41190,2023-08,3.03,40.42,0,0
SA,41190,2023-09,3.99,31.92,0,0
SA,41190,2023-10,3.06,31.24,0,0
SA,41190,2023-11,2.03,20.21,0,0
SA,41190,2023-12,8.01,59.97,0,0
SA,41190,2024-01,0.02,0.13,0,0
SA,41190,2024-02,0.1,1.23,0,0
SA,41190,2024-03,0.98,6.48,0,0
SA,41190,2024-04,2.04,13.9,0,0
SA,41190,2024-05,1.96,19.45,0,0
SA,41190,2024-06,2.01,24.72,0,0
SA,41190,2024-07,0.02,0.13,0,0
SA,41190,2024-08,2,17.12,0,0
SA,41190,2024-09,2.99,23.87,0,0
SA,41190,2024-10,6.97,59.21,0,0
SA,41190,2024-11,4.06,30.26,0,0
SA,41190,2024-12,0.06,0.56,0,0
SA,41190,2025-01,0,0,0,0
SA,41190,2025-02,2.08,24.31,0,0
SA,41190,2025-03,2,52.79,0,0
SA,41190,2025-04,2.95,31.99,0,0
SA,41190,2025-05,0.98,12.97,0,0
SA,41190,2025-06,0,0,0,0
SA,41190,2025-07,1.02,7.78,3.08,39.29
SA,41190,2025-08,2,17.83,5.95,65.99
SA,41190,2025-09,1.02,3.45,3.01,29.51
SA,41190,2025-10,0.04,0.34,2.08,71.31
SA,41190,2025-11,1,6.6,2.02,29.22
SA,41190,2025-12,0.09,1.02,0.09,1.89
SA,41190,2026-01,0.98,26.13,1,39.76
SA,41190,2026-02,4.01,44.7,4.01,123.54
SA,41190,2026-03,2.1,33.52,1.14,51.72
SA,41190,2026-04,8.93,104.3,8.93,245.93
SA,41190,2026-05,0.02,0.16,1.1,17.71
SA,41190,2026-06,0.14,3.15,1.18,24.57
SA,41190,2026-07,2.04,24.96,5,119.96
SA,41190,2026-08,2.02,19.3,1,13.99
SA,41330,2023-01,0.96,12,0,0
SA,41330,2023-02,0,0,0,0
SA,41330,2023-03,0.96,89.89,0,0
SA,41330,2023-04,0,0,0,0
SA,41330,2023-05,0,0,0,0
SA,41330,2023-06,0,0,0,0
SA,41330,2023-07,0,0,0,0
SA,41330,2023-08,0,0,0,0
SA,41330,2023-09,0,0,0,0
SA,41330,2023-10,4.82,22.81,0,0
SA,41330,2023-11,0,0,0,0
SA,41330,2023-12,0,0,0,0
SA,41330,2024-01,0.96,25.45,0,0
SA,41330,2024-02,0.96,15.27,0,0
SA,41330,2024-03,0,0,0,0
SA,41330,2024-04,0,0,0,0
SA,41330,2024-05,0.96,21.21,0,0
SA,41330,2024-06,4.82,28.85,0,0
SA,41330,2024-07,0,0,0,0
SA,41330,2024-08,1.93,11.45,0,0
SA,41330,2024-09,1.93,13.15,0,0
SA,41330,2024-10,0,0,0,0
SA,41330,2024-11,0.96,7.64,0,0
SA,41330,2024-12,0,0,0,0
SA,41330,2025-01,0,0,0,0
SA,41330,2025-02,0.96,15.27,0,0
SA,41330,2025-03,0,0,0,0
SA,41330,2025-04,0.96,6.36,0,0
SA,41330,2025-05,0,0,0,0
SA,41330,2025-06,7.71,86.11,0,0
SA,41330,2025-07,0,0,0,0
SA,41330,2025-08,0,0,1.93,26.03
SA,41330,2025-09,0,0,0,0
SA,41330,2025-10,0,0,0,0
SA,41330,2025-11,0,0,0,0
SA,41330,2025-12,0,0,0,0
SA,41330,2026-01,0,0,0,0
SA,41330,2026-02,0,0,0,0
SA,41330,2026-03,0.96,18.32,1.93,103.66
SA,41330,2026-04,0,0,0,0
SA,41330,2026-05,0,0,0,0
SA,41330,2026-06,0,0,0,0
SA,41330,2026-07,0,0,0,0
SA,41330,2026-08,0,0,0,0
SA,41560,2023-01,16.83,141.39,0,0
SA,41560,2023-02,25.86,214.02,0,0
SA,41560,2023-03,30.9,226.14,0,0
SA,41560,2023-04,22.83,217.43,0,0
SA,41560,2023-05,26.72,300.42,0,0
SA,41560,2023-06,19.71,155.29,0,0
SA,41560,2023-07,34.78,271.29,0,0
SA,41560,2023-08,41.66,363.32,0,0
SA,41560,2023-09,42.69,384.76,0,0
SA,41560,2023-10,29.81,245.33,0,0
SA,41560,2023-11,27.79,212.98,0,0
SA,41560,2023-12,55.03,453.88,0,0
SA,41560,2024-01,28.7,248.13,0,0
SA,41560,2024-02,26.74,232.65,0,0
SA,41560,2024-03,30.16,291.79,0,0
SA,41560,2024-04,19.85,172.4,0,0
SA,41560,2024-05,30.81,310.26,0,0
SA,41560,2024-06,33.79,283.3,0,0
SA,41560,2024-07,37.65,323.43,0,0
SA,41560,2024-08,22.86,225.02,0,0
SA,41560,2024-09,34.24,407.44,0,0
SA,41560,2024-10,22.33,240.03,0,0
SA,41560,2024-11,27.2,231.95,0,0
SA,41560,2024-12,26.93,262.28,0,0
SA,41560,2025-01,17.82,165.8,0,0
SA,41560,2025-02,30.21,393.82,0,0
SA,41560,2025-03,41.53,408.46,0,0
SA,41560,2025-04,18.96,145.05,0,0
SA,41560,2025-05,17.84,199.04,0,0
SA,41560,2025-06,19.85,180.36,0,0
SA,41560,2025-07,21.89,251.8,48.23,686.79
SA,41560,2025-08,32.83,319.14,49.16,723.54
SA,41560,2025-09,31.76,352.25,50.64,956.68
SA,41560,2025-10,38.73,384.7,63.4,1302.44
SA,41560,2025-11,37.86,390.7,51.8,1142.16
SA,41560,2025-12,35.17,408.17,55.08,1283.68
SA,41560,2026-01,24.82,215.02,33.6,830.02
SA,41560,2026-02,26.78,348.68,48.6,1346.93
SA,41560,2026-03,33.68,369.25,51.53,1254.8
SA,41560,2026-04,63.05,835.06,96.26,3079.77
SA,41560,2026-05,26.78,355.73,30.71,717.19
SA,41560,2026-06,24.2,275.06,33.1,849.17
SA,41560,2026-07,15.29,179.31,20.83,420.94
SA,41560,2026-08,13.84,132.71,10.85,256.33
SA,41750,2023-01,0.09,1.11,0,0
SA,41750,2023-02,0.69,12.7,0,0
SA,41750,2023-03,3.42,25.46,0,0
SA,41750,2023-04,0.18,1.19,0,0
SA,41750,2023-05,2.05,16.79,0,0
SA,41750,2023-06,1.06,5.91,0,0
SA,41750,2023-07,0.72,5.92,0,0
SA,41750,2023-08,1.51,10.74,0,0
SA,41750,2023-09,3.13,31.16,0,0
SA,41750,2023-10,0.51,5.2,0,0
SA,41750,2023-11,5.51,54.12,0,0
SA,41750,2023-12,2.89,29.44,0,0
SA,41750,2024-01,0.72,6.23,0,0
SA,41750,2024-02,1.72,12.48,0,0
SA,41750,2024-03,0.36,2.6,0,0
SA,41750,2024-04,0.63,6.35,0,0
SA,41750,2024-05,1.54,13.19,0,0
SA,41750,2024-06,1.87,24.58,0,0
SA,41750,2024-07,0.6,5.1,0,0
SA,41750,2024-08,1.79,12.32,0,0
SA,41750,2024-09,1.54,10.61,0,0
SA,41750,2024-10,1.24,15.81,0,0
SA,41750,2024-11,0.18,2.09,0,0
SA,41750,2024-12,2.38,17.9,0,0
SA,41750,2025-01,0.18,5.34,0,0
SA,41750,2025-02,2.36,21.82,0,0
SA,41750,2025-03,1.84,12.58,0,0
SA,41750,2025-04,0.33,4.49,0,0
SA,41750,2025-05,1.36,11.99,0,0
SA,41750,2025-06,0.18,7.05,0,0
SA,41750,2025-07,0.63,9.54,0.72,24.46
SA,41750,2025-08,0.63,5.27,0.8,11.62
SA,41750,2025-09,0.88,8,1.33,25.24
SA,41750,2025-10,0.8,8.77,3.11,37.56
SA,41750,2025-11,3.69,31.17,5.52,121.66
SA,41750,2025-12,5.47,60.43,8.28,188.9
SA,41750,2026-01,0.18,1.81,0.45,8.51
SA,41750,2026-02,3.13,37.69,4.13,118.87
SA,41750,2026-03,3.73,57.06,6.09,165.76
SA,41750,2026-04,5.25,59.5,7.24,226.45
SA,41750,2026-05,2.45,30.31,0.36,5.9
SA,41750,2026-06,0.18,2.05,0.61,15.02
SA,41750,2026-07,2.16,23.81,2.07,42.36
SA,41750,2026-08,2.18,25.34,2.09,46.41
SA,41830,2023-01,0.22,3.16,0,0
SA,41830,2023-02,0,0,0,0
SA,41830,2023-03,3.94,29.87,0,0
SA,41830,2023-04,1.97,19.23,0,0
SA,41830,2023-05,1.97,19.64,0,0
SA,41830,2023-06,4.96,57.5,0,0
SA,41830,2023-07,0,0,0,0
SA,41830,2023-08,1.68,8.96,0,0
SA,41830,2023-09,2.01,13.34,0,0
SA,41830,2023-10,2.39,19.09,0,0
SA,41830,2023-11,1,11.54,0,0
SA,41830,2023-12,1.01,18.43,0,0
SA,41830,2024-01,0,0,0,0
SA,41830,2024-02,1.98,15.67,0,0
SA,41830,2024-03,0.22,1.47,0,0
SA,41830,2024-04,1,6.63,0,0
SA,41830,2024-05,3.17,24.85,0,0
SA,41830,2024-06,0.92,5.73,0,0
SA,41830,2024-07,0.99,6.56,0,0
SA,41830,2024-08,1,11.36,0,0
SA,41830,2024-09,1.68,27.06,0,0
SA,41830,2024-10,1.67,11.15,0,0
SA,41830,2024-11,3.96,19.94,0,0
SA,41830,2024-12,2.01,14.59,0,0
SA,41830,2025-01,2.02,39.67,0,0
SA,41830,2025-02,1.97,20.83,0,0
SA,41830,2025-03,1.98,17.64,0,0
SA,41830,2025-04,0,0,0,0
SA,41830,2025-05,2.95,32.18,0,0
SA,41830,2025-06,0,0,0,0
SA,41830,2025-07,1,13.23,1.98,35.89
SA,41830,2025-08,0.99,3.04,0.67,6.87
SA,41830,2025-09,1.98,16.39,2.86,52.16
SA,41830,2025-10,2.97,20.04,1,26.86
SA,41830,2025-11,0.68,6.18,2.66,45.7
SA,41830,2025-12,4.04,41.51,5.44,167.26
SA,41830,2026-01,0.03,0.2,0.03,0.53
SA,41830,2026-02,4.94,40.82,4.63,120.46
SA,41830,2026-03,0.92,6.95,2.9,106.38
SA,41830,2026-04,13.97,205.75,16.64,533.52
SA,41830,2026-05,0.21,2.17,0,0
SA,41830,2026-06,0,0,0.99,18.93
SA,41830,2026-07,2.96,27.37,3.94,103.69
SA,41830,2026-08,0,0,0.7,7.11
SA,41960,2023-01,1.96,16.27,0,0
SA,41960,2023-02,1.96,19.52,0,0
SA,41960,2023-03,0.98,6.51,0,0
SA,41960,2023-04,0.98,6.51,0,0
SA,41960,2023-05,3.92,25.58,0,0
SA,41960,2023-06,1.96,7.78,0,0
SA,41960,2023-07,1.96,13,0,0
SA,41960,2023-08,0.98,18.71,0,0
SA,41960,2023-09,2.94,26.03,0,0
SA,41960,2023-10,2.94,26.03,0,0
SA,41960,2023-11,0.98,25.87,0,0
SA,41960,2023-12,3.92,42.24,0,0
SA,41960,2024-01,0.98,6.47,0,0
SA,41960,2024-02,4.9,60.37,0,0
SA,41960,2024-03,0,0,0,0
SA,41960,2024-04,2.94,40.1,0,0
SA,41960,2024-05,0,0,0,0
SA,41960,2024-06,0.98,6.47,0,0
SA,41960,2024-07,0.98,6.47,0,0
SA,41960,2024-08,1.96,12.94,0,0
SA,41960,2024-09,1.96,26.03,0,0
SA,41960,2024-10,0.98,6.47,0,0
SA,41960,2024-11,3.92,81.69,0,0
SA,41960,2024-12,1.96,19.4,0,0
SA,41960,2025-01,0,0,0,0
SA,41960,2025-02,4.9,38.38,0,0
SA,41960,2025-03,1.96,44.84,0,0
SA,41960,2025-04,0,0,0,0
SA,41960,2025-05,0,0,0,0
SA,41960,2025-06,0,0,0,0
SA,41960,2025-07,0.98,14.66,3.92,100.36
SA,41960,2025-08,0.98,16.76,1.96,24.69
SA,41960,2025-09,1.96,21.46,2.94,59.33
SA,41960,2025-10,1.96,16.43,4.9,107.23
SA,41960,2025-11,0.98,5.86,2.94,59.71
SA,41960,2025-12,1.96,27.62,1.96,44.88
SA,41960,2026-01,0,0,0.98,22.83
SA,41960,2026-02,2.94,28.86,2.94,58.41
SA,41960,2026-03,5.88,71.63,6.86,181.68
SA,41960,2026-04,1.96,20.48,1.96,91.72
SA,41960,2026-05,0.98,7.91,4.9,114.79
SA,41960,2026-06,6.86,153.81,9.8,279.09
SA,41960,2026-07,1.96,17.6,0.98,18.03
SA,41960,2026-08,0.98,14.9,0,0
SA,42030,2023-01,40.96,314.33,0,0
SA,42030,2023-02,57.4,467.41,0,0
SA,42030,2023-03,59.47,462.82,0,0
SA,42030,2023-04,38.42,328.15,0,0
SA,42030,2023-05,34.94,295.02,0,0
SA,42030,2023-06,42.6,361.81,0,0
SA,42030,2023-07,52.74,457.53,0,0
SA,42030,2023-08,63.17,570.27,0,0
SA,42030,2023-09,43.66,404.68,0,0
SA,42030,2023-10,44.42,425.91,0,0
SA,42030,2023-11,50.31,469.08,0,0
SA,42030,2023-12,43.25,406.92,0,0
SA,42030,2024-01,31.95,370.8,0,0
SA,42030,2024-02,52.54,451.97,0,0
SA,42030,2024-03,44.67,436.15,0,0
SA,42030,2024-04,42.89,434.83,0,0
SA,42030,2024-05,35.8,372.56,0,0
SA,42030,2024-06,39.53,366.42,0,0
SA,42030,2024-07,46.58,420.55,0,0
SA,42030,2024-08,31.72,275.73,0,0
SA,42030,2024-09,63.58,571.65,0,0
SA,42030,2024-10,28.29,280.32,0,0
SA,42030,2024-11,40.47,387.66,0,0
SA,42030,2024-12,30.77,303.21,0,0
SA,42030,2025-01,33.61,339.01,0,0
SA,42030,2025-02,38.28,379.78,0,0
SA,42030,2025-03,46.6,520.06,0,0
SA,42030,2025-04,24.38,255.78,0,0
SA,42030,2025-05,28.9,336.33,0,0
SA,42030,2025-06,25.42,194.35,0,0
SA,42030,2025-07,45.01,433.76,97.77,1602.71
SA,42030,2025-08,33,347.55,56.43,1106.84
SA,42030,2025-09,36.14,365.86,65.68,1391.47
SA,42030,2025-10,39.91,386.44,74.25,1593.6
SA,42030,2025-11,38.29,413.17,65.51,1615
SA,42030,2025-12,47.81,882.2,73.35,2074.14
SA,42030,2026-01,24.99,228.56,52.19,1445.76
SA,42030,2026-02,46.05,460.74,68.27,1908.84
SA,42030,2026-03,52,572.53,84.2,2564.24
SA,42030,2026-04,63.62,879.98,122.43,4295.8
SA,42030,2026-05,32.43,339.76,43.45,1006.83
SA,42030,2026-06,40.34,370.43,45.78,1042.38
SA,42030,2026-07,42.41,423.63,49.19,1213.09
SA,42030,2026-08,34.39,319.34,36.33,880.3
SA,42110,2023-01,4.91,38.21,0,0
SA,42110,2023-02,6.87,64.38,0,0
SA,42110,2023-03,4.95,49.81,0,0
SA,42110,2023-04,4.94,23.12,0,0
SA,42110,2023-05,5.95,47.92,0,0
SA,42110,2023-06,2.93,24.34,0,0
SA,42110,2023-07,3.95,24.68,0,0
SA,42110,2023-08,8.83,69.13,0,0
SA,42110,2023-09,3.16,19.29,0,0
SA,42110,2023-10,6.04,53.97,0,0
SA,42110,2023-11,4.91,47.61,0,0
SA,42110,2023-12,10.1,97.59,0,0
SA,42110,2024-01,3.87,36.54,0,0
SA,42110,2024-02,4,30.66,0,0
SA,42110,2024-03,4.03,31.62,0,0
SA,42110,2024-04,4.92,58.87,0,0
SA,42110,2024-05,8.95,66.9,0,0
SA,42110,2024-06,3.96,66.77,0,0
SA,42110,2024-07,4.81,45.49,0,0
SA,42110,2024-08,4.04,50.31,0,0
SA,42110,2024-09,8.93,72.42,0,0
SA,42110,2024-10,12.64,152.54,0,0
SA,42110,2024-11,6.04,92.04,0,0
SA,42110,2024-12,4.97,49.61,0,0
SA,42110,2025-01,9.87,100,0,0
SA,42110,2025-02,0.96,10.1,0,0
SA,42110,2025-03,5.97,53.8,0,0
SA,42110,2025-04,5.87,60.34,0,0
SA,42110,2025-05,2.98,27.03,0,0
SA,42110,2025-06,1.91,12.53,0,0
SA,42110,2025-07,3.97,43.13,6.96,111.33
SA,42110,2025-08,3.08,30.33,2.08,29.37
SA,42110,2025-09,3.04,32.06,6.97,110.27
SA,42110,2025-10,5.94,49.1,12.59,336.01
SA,42110,2025-11,6,71.51,15.79,390.87
SA,42110,2025-12,5.89,63.14,10.02,292.91
SA,42110,2026-01,3.94,45.41,5.89,131.74
SA,42110,2026-02,7.89,84.04,20.59,619.31
SA,42110,2026-03,4.03,48.82,8.02,259.78
SA,42110,2026-04,10.73,174.83,12.96,344.79
SA,42110,2026-05,4.93,42.58,5.99,132.77
SA,42110,2026-06,5.82,51.68,3.93,121.74
SA,42110,2026-07,2.06,20.73,4.11,84.06
SA,42110,2026-08,3.91,17.21,0.05,1.22
SA,42250,2023-01,7.6,77.15,0,0
SA,42250,2023-02,6.1,53.94,0,0
SA,42250,2023-03,13.57,142.58,0,0
SA,42250,2023-04,8.62,88.87,0,0
SA,42250,2023-05,13.1,208.43,0,0
SA,42250,2023-06,13.37,294.4,0,0
SA,42250,2023-07,9.57,103.9,0,0
SA,42250,2023-08,16.35,167.92,0,0
SA,42250,2023-09,13.37,145.3,0,0
SA,42250,2023-10,14.18,134.74,0,0
SA,42250,2023-11,13.57,162.46,0,0
SA,42250,2023-12,15.67,186.28,0,0
SA,42250,2024-01,4.46,36.92,0,0
SA,42250,2024-02,11.91,185.26,0,0
SA,42250,2024-03,8.41,85.19,0,0
SA,42250,2024-04,6.83,113.64,0,0
SA,42250,2024-05,11.72,112.63,0,0
SA,42250,2024-06,6.3,48.37,0,0
SA,42250,2024-07,11.88,107.77,0,0
SA,42250,2024-08,6.93,73.8,0,0
SA,42250,2024-09,8.58,117.22,0,0
SA,42250,2024-10,12.19,192.88,0,0
SA,42250,2024-11,10.43,116.05,0,0
SA,42250,2024-12,8.94,260.92,0,0
SA,42250,2025-01,5.11,51.65,0,0
SA,42250,2025-02,8.26,107.03,0,0
SA,42250,2025-03,9.41,121.95,0,0
SA,42250,2025-04,11.7,158.47,0,0
SA,42250,2025-05,8.12,75.2,0,0
SA,42250,2025-06,2.81,100.79,0,0
SA,42250,2025-07,8.45,121.36,7.46,84.51
SA,42250,2025-08,8.58,236.21,5.12,65.23
SA,42250,2025-09,11.39,133.24,16.69,300.28
SA,42250,2025-10,15.03,350.21,26.13,608.15
SA,42250,2025-11,12.08,209.65,21.07,436.97
SA,42250,2025-12,14.36,177.36,27.71,645.29
SA,42250,2026-01,4.2,39.54,7.8,163.08
SA,42250,2026-02,8.43,80.3,14.68,371.55
SA,42250,2026-03,17.89,233.48,25.31,633.96
SA,42250,2026-04,22.46,278.44,37.96,1150.23
SA,42250,2026-05,4.3,44.18,7.42,120.23
SA,42250,2026-06,9.25,104.15,6.93,166.37
SA,42250,2026-07,7.48,74.84,12.26,253.95
SA,42250,2026-08,4.14,30.65,5.12,120.26
SA,42600,2023-01,47.29,372.48,0,0
SA,42600,2023-02,35.03,293.58,0,0
SA,42600,2023-03,44.33,415.69,0,0
SA,42600,2023-04,37.09,402.73,0,0
SA,42600,2023-05,36.78,353.85,0,0
SA,42600,2023-06,42.18,409.57,0,0
SA,42600,2023-07,39.6,424.54,0,0
SA,42600,2023-08,40.57,363,0,0
SA,42600,2023-09,35.84,334.78,0,0
SA,42600,2023-10,52.81,497.22,0,0
SA,42600,2023-11,55.47,520.69,0,0
SA,42600,2023-12,57.14,619.9,0,0
SA,42600,2024-01,27.73,261.39,0,0
SA,42600,2024-02,39.41,382.65,0,0
SA,42600,2024-03,37.49,338.34,0,0
SA,42600,2024-04,38.39,364.41,0,0
SA,42600,2024-05,46.37,430.57,0,0
SA,42600,2024-06,31.57,320.86,0,0
SA,42600,2024-07,51.53,514.74,0,0
SA,42600,2024-08,38.67,419.18,0,0
SA,42600,2024-09,33.12,357.86,0,0
SA,42600,2024-10,49.99,588.34,0,0
SA,42600,2024-11,49.25,463.45,0,0
SA,42600,2024-12,57,598.65,0,0
SA,42600,2025-01,27.33,356.79,0,0
SA,42600,2025-02,38.35,397.48,0,0
SA,42600,2025-03,36.31,404.58,0,0
SA,42600,2025-04,34.22,328.68,0,0
SA,42600,2025-05,31.42,305.31,0,0
SA,42600,2025-06,21.25,272.54,0,0
SA,42600,2025-07,36.27,393.44,95.89,1496.33
SA,42600,2025-08,26.71,277.72,63.21,1195.03
SA,42600,2025-09,29.08,302.77,78.43,1692.19
SA,42600,2025-10,60.89,678.57,108.6,2692.14
SA,42600,2025-11,52.22,643.28,105.16,2831.01
SA,42600,2025-12,55.23,762.6,91.64,2471.49
SA,42600,2026-01,26.74,259.05,71.71,1749.65
SA,42600,2026-02,47.27,521.6,92.46,2630.65
SA,42600,2026-03,55.39,610.3,119,3569.54
SA,42600,2026-04,91.55,1038.42,208.99,6802.95
SA,42600,2026-05,46.35,453.74,51.45,1078.4
SA,42600,2026-06,54.81,519.45,67.16,1489.16
SA,42600,2026-07,51.12,499.76,73.11,1657.35
SA,42600,2026-08,22.88,225.47,26.33,599.51
SA,42750,2023-01,4,36.44,0,0
SA,42750,2023-02,4,26.35,0,0
SA,42750,2023-03,10,100,0,0
SA,42750,2023-04,7,50.8,0,0
SA,42750,2023-05,16,142.06,0,0
SA,42750,2023-06,12,120.08,0,0
SA,42750,2023-07,6,54.18,0,0
SA,42750,2023-08,6,73.75,0,0
SA,42750,2023-09,0,0,0,0
SA,42750,2023-10,9,98.38,0,0
SA,42750,2023-11,6,138.24,0,0
SA,42750,2023-12,10,90.04,0,0
SA,42750,2024-01,6,44.2,0,0
SA,42750,2024-02,8,61.41,0,0
SA,42750,2024-03,6,47.9,0,0
SA,42750,2024-04,11,167.79,0,0
SA,42750,2024-05,1,6.16,0,0
SA,42750,2024-06,5,34.62,0,0
SA,42750,2024-07,2,11.82,0,0
SA,42750,2024-08,8,70.43,0,0
SA,42750,2024-09,7,82.4,0,0
SA,42750,2024-10,10,132.24,0,0
SA,42750,2024-11,14,158.91,0,0
SA,42750,2024-12,12,106.09,0,0
SA,42750,2025-01,4,32.52,0,0
SA,42750,2025-02,4,43.56,0,0
SA,42750,2025-03,9,109.62,0,0
SA,42750,2025-04,2,9.24,0,0
SA,42750,2025-05,8,96.26,0,0
SA,42750,2025-06,8,121.28,0,0
SA,42750,2025-07,20,200.47,18,245.68
SA,42750,2025-08,12,169.21,16,391.7
SA,42750,2025-09,14,153.1,15,292.46
SA,42750,2025-10,12,171.28,12,281.76
SA,42750,2025-11,5,76.6,5,113.12
SA,42750,2025-12,18,222.88,34,778.62
SA,42750,2026-01,1,9.03,3,48.72
SA,42750,2026-02,9,164.28,9,252.94
SA,42750,2026-03,10,116.36,17,503.99
SA,42750,2026-04,20,324.86,27,994.43
SA,42750,2026-05,4,62.3,5,112.6
SA,42750,2026-06,6,92.77,7,179.74
SA,42750,2026-07,1,1.9,4,93.48
SA,42750,2026-08,5,51.75,8,161.2
SA,43080,2023-01,1.04,10.67,0,0
SA,43080,2023-02,1.04,6.97,0,0
SA,43080,2023-03,2.11,23.59,0,0
SA,43080,2023-04,1.05,7.17,0,0
SA,43080,2023-05,2.07,15.4,0,0
SA,43080,2023-06,2.11,15.97,0,0
SA,43080,2023-07,0.07,0.62,0,0
SA,43080,2023-08,0.17,1.9,0,0
SA,43080,2023-09,1.24,8.72,0,0
SA,43080,2023-10,1.1,7.54,0,0
SA,43080,2023-11,0.16,1.32,0,0
SA,43080,2023-12,1.27,10.12,0,0
SA,43080,2024-01,1.12,8.75,0,0
SA,43080,2024-02,1.07,14.36,0,0
SA,43080,2024-03,3.14,33.21,0,0
SA,43080,2024-04,2.04,27.99,0,0
SA,43080,2024-05,8.09,60.44,0,0
SA,43080,2024-06,1.17,11.8,0,0
SA,43080,2024-07,0.16,1.51,0,0
SA,43080,2024-08,3.07,17.74,0,0
SA,43080,2024-09,0.11,0.92,0,0
SA,43080,2024-10,3.1,27.42,0,0
SA,43080,2024-11,3.1,35.21,0,0
SA,43080,2024-12,0.2,2.2,0,0
SA,43080,2025-01,0.11,1.05,0,0
SA,43080,2025-02,0.11,1.22,0,0
SA,43080,2025-03,0.08,0.83,0,0
SA,43080,2025-04,1.09,7.67,0,0
SA,43080,2025-05,0.1,2.01,0,0
SA,43080,2025-06,0.09,0.85,0,0
SA,43080,2025-07,2.13,45.23,2.21,68.56
SA,43080,2025-08,1.09,8.05,1.17,12.84
SA,43080,2025-09,1.11,20.84,1.13,40.91
SA,43080,2025-10,0.09,0.81,0.17,3.58
SA,43080,2025-11,2.19,26.22,3.24,63.98
SA,43080,2025-12,1.13,11.84,4.18,79.8
SA,43080,2026-01,0.06,0.53,1.09,20.91
SA,43080,2026-02,0.15,1.24,0.18,4.29
SA,43080,2026-03,0.21,2.06,0.26,7.28
SA,43080,2026-04,2.21,19.07,3.3,111.09
SA,43080,2026-05,0.11,1.4,0.08,1.73
SA,43080,2026-06,3.11,50.9,2.06,66.74
SA,43080,2026-07,0.07,0.84,0.16,3.76
SA,43080,2026-08,0.11,0.99,0.12,2.36
SA,43220,2023-01,0,0,0,0
SA,43220,2023-02,2.04,20.21,0,0
SA,43220,2023-03,3,19.92,0,0
SA,43220,2023-04,1,10.38,0,0
SA,43220,2023-05,3.05,26.83,0,0
SA,43220,2023-06,0.02,0.12,0,0
SA,43220,2023-07,0.04,0.35,0,0
SA,43220,2023-08,0.02,0.16,0,0
SA,43220,2023-09,0.07,0.56,0,0
SA,43220,2023-10,2,79.64,0,0
SA,43220,2023-11,1.02,9.72,0,0
SA,43220,2023-12,0.07,0.59,0,0
SA,43220,2024-01,0,0,0,0
SA,43220,2024-02,1,13.2,0,0
SA,43220,2024-03,0.02,0.12,0,0
SA,43220,2024-04,2.02,20.52,0,0
SA,43220,2024-05,4.04,50.07,0,0
SA,43220,2024-06,3.04,56.75,0,0
SA,43220,2024-07,0,0,0,0
SA,43220,2024-08,0.04,0.3,0,0
SA,43220,2024-09,0.05,0.42,0,0
SA,43220,2024-10,0.05,0.36,0,0
SA,43220,2024-11,0.02,0.12,0,0
SA,43220,2024-12,1,6.6,0,0
SA,43220,2025-01,0,0,0,0
SA,43220,2025-02,0.02,0.23,0,0
SA,43220,2025-03,5.04,33.49,0,0
SA,43220,2025-04,0.05,0.57,0,0
SA,43220,2025-05,0.02,0.23,0,0
SA,43220,2025-06,0,0,0,0
SA,43220,2025-07,0,0,0,0
SA,43220,2025-08,0.02,0.12,0.09,0.89
SA,43220,2025-09,1.02,6.65,2.05,16.51
SA,43220,2025-10,0,0,2.02,22.72
SA,43220,2025-11,2.02,18.16,3.04,55.88
SA,43220,2025-12,1,7.48,3,62.42
SA,43220,2026-01,1.02,12.79,3.02,74.5
SA,43220,2026-02,0.05,0.54,1.05,23.49
SA,43220,2026-03,1.02,11.22,1,23.4
SA,43220,2026-04,0.11,1.25,1.11,49.75
SA,43220,2026-05,0,0,0,0
SA,43220,2026-06,0,0,1.02,42.1
SA,43220,2026-07,0,0,0.02,0.41
SA,43220,2026-08,4,42.75,0,0
SA,43360,2023-01,2.79,19.26,0,0
SA,43360,2023-02,0.08,0.72,0,0
SA,43360,2023-03,0.98,6.51,0,0
SA,43360,2023-04,3.75,26.91,0,0
SA,43360,2023-05,3.76,28.08,0,0
SA,43360,2023-06,2.88,20.92,0,0
SA,43360,2023-07,1.94,12.9,0,0
SA,43360,2023-08,1.04,6.89,0,0
SA,43360,2023-09,3.81,26.58,0,0
SA,43360,2023-10,8.37,76.27,0,0
SA,43360,2023-11,3.89,24.78,0,0
SA,43360,2023-12,3.83,23.5,0,0
SA,43360,2024-01,0.97,6.61,0,0
SA,43360,2024-02,2.77,18.39,0,0
SA,43360,2024-03,1.88,13.02,0,0
SA,43360,2024-04,3.77,25.32,0,0
SA,43360,2024-05,3.74,28.07,0,0
SA,43360,2024-06,1.95,19.14,0,0
SA,43360,2024-07,7.41,65.72,0,0
SA,43360,2024-08,3.71,37.41,0,0
SA,43360,2024-09,1.91,18.41,0,0
SA,43360,2024-10,2.82,21.71,0,0
SA,43360,2024-11,0.09,1.26,0,0
SA,43360,2024-12,3.75,46.05,0,0
SA,43360,2025-01,1.88,22.99,0,0
SA,43360,2025-02,1.17,21.23,0,0
SA,43360,2025-03,10.21,80.14,0,0
SA,43360,2025-04,8.54,71.42,0,0
SA,43360,2025-05,1.93,48.08,0,0
SA,43360,2025-06,1.91,20.78,0,0
SA,43360,2025-07,1.92,18.86,1.98,38.27
SA,43360,2025-08,1.93,15.86,1.04,20.83
SA,43360,2025-09,0.97,25,2.84,49.29
SA,43360,2025-10,2.82,94.42,4.79,168.33
SA,43360,2025-11,0.1,1.27,2.03,37.58
SA,43360,2025-12,2.91,28.12,8.5,246.23
SA,43360,2026-01,1.92,19.16,3.78,88.22
SA,43360,2026-02,1.02,5.49,1.96,36.8
SA,43360,2026-03,4.72,54.47,8.43,226.12
SA,43360,2026-04,3.82,40.59,3.05,104.92
SA,43360,2026-05,1.89,15.88,1.02,14.96
SA,43360,2026-06,1.02,6.35,3.81,96.87
SA,43360,2026-07,8.38,76.25,7.52,171.76
SA,43360,2026-08,3.81,24.83,2.87,60.18
SA,43650,2023-01,18.17,152.35,0,0
SA,43650,2023-02,23.15,207.35,0,0
SA,43650,2023-03,28.4,242.62,0,0
SA,43650,2023-04,21.84,231.01,0,0
SA,43650,2023-05,16.43,153.36,0,0
SA,43650,2023-06,25.09,256.11,0,0
SA,43650,2023-07,23.97,223.06,0,0
SA,43650,2023-08,38.33,354.3,0,0
SA,43650,2023-09,28.77,256.6,0,0
SA,43650,2023-10,25.21,265.31,0,0
SA,43650,2023-11,27.53,261.24,0,0
SA,43650,2023-12,25.26,235.03,0,0
SA,43650,2024-01,18.65,191.64,0,0
SA,43650,2024-02,32.81,324.6,0,0
SA,43650,2024-03,30.03,272.17,0,0
SA,43650,2024-04,23.35,246.86,0,0
SA,43650,2024-05,31.47,291.61,0,0
SA,43650,2024-06,20.98,272.68,0,0
SA,43650,2024-07,39.81,311.05,0,0
SA,43650,2024-08,20.65,204.35,0,0
SA,43650,2024-09,24.08,244.33,0,0
SA,43650,2024-10,27.59,308.48,0,0
SA,43650,2024-11,43.78,566.78,0,0
SA,43650,2024-12,29.66,346.15,0,0
SA,43650,2025-01,17.68,164.06,0,0
SA,43650,2025-02,22.42,229.39,0,0
SA,43650,2025-03,26.85,288.28,0,0
SA,43650,2025-04,24.72,251.32,0,0
SA,43650,2025-05,22.6,311.3,0,0
SA,43650,2025-06,18.86,238.63,0,0
SA,43650,2025-07,26.7,309.46,62.89,1098.86
SA,43650,2025-08,19.14,246.99,38.15,713.02
SA,43650,2025-09,32.29,379.31,58.32,1243.43
SA,43650,2025-10,46.14,511.1,56.46,1315.37
SA,43650,2025-11,30.87,333.7,49.26,1227.09
SA,43650,2025-12,37.32,472.83,54.6,1524.41
SA,43650,2026-01,26.41,254.54,35.9,1100.53
SA,43650,2026-02,45.27,491.12,55.72,1638.01
SA,43650,2026-03,51.36,663.07,67.56,2089.74
SA,43650,2026-04,60.21,737.06,87.33,2966.79
SA,43650,2026-05,47.81,406.45,32.13,757.27
SA,43650,2026-06,39.18,397.78,37.67,878.97
SA,43650,2026-07,35.67,453.21,26.03,703.88
SA,43650,2026-08,24.3,213.6,22.03,565.96
SA,43710,2023-01,0.83,10.13,0,0
SA,43710,2023-02,4.07,95.97,0,0
SA,43710,2023-03,9.89,74.21,0,0
SA,43710,2023-04,2.57,17.04,0,0
SA,43710,2023-05,9.68,93.21,0,0
SA,43710,2023-06,5.66,41.84,0,0
SA,43710,2023-07,6.5,54.06,0,0
SA,43710,2023-08,4.88,38.85,0,0
SA,43710,2023-09,9.68,97.36,0,0
SA,43710,2023-10,4.07,43.66,0,0
SA,43710,2023-11,5.79,60.17,0,0
SA,43710,2023-12,9.96,99.91,0,0
SA,43710,2024-01,7.38,62.35,0,0
SA,43710,2024-02,6.45,53.29,0,0
SA,43710,2024-03,2.56,14.37,0,0
SA,43710,2024-04,6.6,74.21,0,0
SA,43710,2024-05,6.72,59.32,0,0
SA,43710,2024-06,8.06,71.35,0,0
SA,43710,2024-07,4.84,41.16,0,0
SA,43710,2024-08,5.2,43.66,0,0
SA,43710,2024-09,4.85,36.38,0,0
SA,43710,2024-10,7.27,101.44,0,0
SA,43710,2024-11,1.62,18.81,0,0
SA,43710,2024-12,4.84,52.45,0,0
SA,43710,2025-01,1.61,47.96,0,0
SA,43710,2025-02,3.24,65.79,0,0
SA,43710,2025-03,8.4,73.05,0,0
SA,43710,2025-04,3.37,38.37,0,0
SA,43710,2025-05,4.17,34.99,0,0
SA,43710,2025-06,1.62,63.36,0,0
SA,43710,2025-07,5.64,85.99,7.4,232.8
SA,43710,2025-08,8.48,67.99,9.16,126.76
SA,43710,2025-09,4.08,38.46,9.97,167.15
SA,43710,2025-10,7.25,79.17,9.84,205.46
SA,43710,2025-11,7.6,93.77,15.69,382.17
SA,43710,2025-12,14.65,195.69,21.9,527.96
SA,43710,2026-01,1.62,16.4,4.06,77.52
SA,43710,2026-02,9.67,132.22,9.7,254.01
SA,43710,2026-03,18.25,236.95,20.54,613.85
SA,43710,2026-04,13.18,151.36,23.94,757.01
SA,43710,2026-05,4.95,38.24,3.21,53.05
SA,43710,2026-06,2.56,35.96,3.52,82.92
SA,43710,2026-07,11.41,133.72,11.55,262.69
SA,43710,2026-08,2.56,13.46,0.81,21.82
SA,43790,2023-01,9.09,74.07,0,0
SA,43790,2023-02,12.87,86.17,0,0
SA,43790,2023-03,14.02,120.88,0,0
SA,43790,2023-04,12.99,98.01,0,0
SA,43790,2023-05,8.34,190.41,0,0
SA,43790,2023-06,16.23,144.03,0,0
SA,43790,2023-07,8.62,58.57,0,0
SA,43790,2023-08,14.09,95.61,0,0
SA,43790,2023-09,15.2,145.03,0,0
SA,43790,2023-10,6.52,53,0,0
SA,43790,2023-11,15.71,149.66,0,0
SA,43790,2023-12,15.48,161.67,0,0
SA,43790,2024-01,4.09,35.09,0,0
SA,43790,2024-02,15.17,147.51,0,0
SA,43790,2024-03,18.02,156.91,0,0
SA,43790,2024-04,8.13,95.62,0,0
SA,43790,2024-05,10.1,83.84,0,0
SA,43790,2024-06,12.75,151.72,0,0
SA,43790,2024-07,8.93,105.23,0,0
SA,43790,2024-08,12.59,112.51,0,0
SA,43790,2024-09,14.44,187.81,0,0
SA,43790,2024-10,12.31,132.43,0,0
SA,43790,2024-11,7.63,68.63,0,0
SA,43790,2024-12,14.56,125.75,0,0
SA,43790,2025-01,3.26,34.77,0,0
SA,43790,2025-02,9.17,88.7,0,0
SA,43790,2025-03,12.14,111.77,0,0
SA,43790,2025-04,6.07,129.11,0,0
SA,43790,2025-05,2.34,17.66,0,0
SA,43790,2025-06,7.04,49.91,0,0
SA,43790,2025-07,15.31,183.42,16.11,260.53
SA,43790,2025-08,12.12,160.37,21.27,511.28
SA,43790,2025-09,20,329.57,29.42,670.53
SA,43790,2025-10,18.24,192.16,30.41,670.47
SA,43790,2025-11,21.99,323.33,37.62,917.93
SA,43790,2025-12,35.2,580.04,58.06,1712.17
SA,43790,2026-01,9.21,105.32,10.37,271.27
SA,43790,2026-02,11.04,124.16,25.95,666.34
SA,43790,2026-03,20.15,274.78,28.98,853.83
SA,43790,2026-04,40.67,608.18,82.57,2801.35
SA,43790,2026-05,4.97,58.89,6.93,165.24
SA,43790,2026-06,13.24,142.87,8.53,224.11
SA,43790,2026-07,5.08,63.68,10.29,237.98
SA,43790,2026-08,4.03,45.04,4.97,142.77
SA,44000,2023-01,0.02,0.15,0,0
SA,44000,2023-02,0.11,0.75,0,0
SA,44000,2023-03,0.07,0.63,0,0
SA,44000,2023-04,0,0,0,0
SA,44000,2023-05,0.2,2.41,0,0
SA,44000,2023-06,0.16,1.43,0,0
SA,44000,2023-07,0,0,0,0
SA,44000,2023-08,0.05,0.3,0,0
SA,44000,2023-09,0.05,0.68,0,0
SA,44000,2023-10,0,0,0,0
SA,44000,2023-11,0.07,0.55,0,0
SA,44000,2023-12,0,0,0,0
SA,44000,2024-01,0,0,0,0
SA,44000,2024-02,0.07,0.45,0,0
SA,44000,2024-03,0.11,0.7,0,0
SA,44000,2024-04,0,0,0,0
SA,44000,2024-05,0,0,0,0
SA,44000,2024-06,0.05,0.3,0,0
SA,44000,2024-07,0,0,0,0
SA,44000,2024-08,0.11,0.81,0,0
SA,44000,2024-09,0.14,1.27,0,0
SA,44000,2024-10,0.05,0.3,0,0
SA,44000,2024-11,0.2,1.93,0,0
SA,44000,2024-12,0.16,1.34,0,0
SA,44000,2025-01,0,0,0,0
SA,44000,2025-02,0.05,0.34,0,0
SA,44000,2025-03,0.27,2.07,0,0
SA,44000,2025-04,0.05,1.69,0,0
SA,44000,2025-05,0.05,0.39,0,0
SA,44000,2025-06,0.02,0.2,0,0
SA,44000,2025-07,0.02,0.47,0.05,1.94
SA,44000,2025-08,0,0,0.02,0.3
SA,44000,2025-09,0.09,1.16,0.07,2.2
SA,44000,2025-10,0.05,0.45,0.18,3.42
SA,44000,2025-11,0.11,1.17,0.11,2.13
SA,44000,2025-12,0.09,0.82,0.14,2.46
SA,44000,2026-01,0,0,0,0
SA,44000,2026-02,0.05,0.45,0.05,0.88
SA,44000,2026-03,0.09,0.83,0.14,3.08
SA,44000,2026-04,0.07,0.68,0.11,3.9
SA,44000,2026-05,0,0,0,0
SA,44000,2026-06,0.05,0.49,0.09,1.94
SA,44000,2026-07,0.14,1.05,0.07,0.96
SA,44000,2026-08,0.05,0.36,0.07,1.36
SA,44060,2023-01,102.51,809.42,0,0
SA,44060,2023-02,110.08,855.54,0,0
SA,44060,2023-03,119.02,963.68,0,0
SA,44060,2023-04,74.45,671.23,0,0
SA,44060,2023-05,109.6,879.96,0,0
SA,44060,2023-06,100.55,811.59,0,0
SA,44060,2023-07,139.08,1244.84,0,0
SA,44060,2023-08,122.32,1111.39,0,0
SA,44060,2023-09,103.02,889.08,0,0
SA,44060,2023-10,122.29,1031.45,0,0
SA,44060,2023-11,139.49,1216.43,0,0
SA,44060,2023-12,114.37,1051.02,0,0
SA,44060,2024-01,78.18,634.2,0,0
SA,44060,2024-02,99.72,853.1,0,0
SA,44060,2024-03,79.39,734.85,0,0
SA,44060,2024-04,113.96,1026.97,0,0
SA,44060,2024-05,103.78,942.42,0,0
SA,44060,2024-06,84.68,776.67,0,0
SA,44060,2024-07,96.3,875.35,0,0
SA,44060,2024-08,95.79,1008.88,0,0
SA,44060,2024-09,95.18,912.16,0,0
SA,44060,2024-10,111.76,1150.43,0,0
SA,44060,2024-11,117.7,1125.79,0,0
SA,44060,2024-12,117.56,1242.02,0,0
SA,44060,2025-01,78.48,772.3,0,0
SA,44060,2025-02,97.14,875.5,0,0
SA,44060,2025-03,111.58,1112.3,0,0
SA,44060,2025-04,79.11,823.47,0,0
SA,44060,2025-05,71.61,780.3,0,0
SA,44060,2025-06,56.09,576.92,0,0
SA,44060,2025-07,97.37,973.61,215.28,3467.37
SA,44060,2025-08,84.71,865.75,179.32,3230.29
SA,44060,2025-09,94.19,984.66,198.06,4199.03
SA,44060,2025-10,116.63,1152.06,248.65,5809.51
SA,44060,2025-11,119.32,1305.11,239.41,5967.35
SA,44060,2025-12,99.83,1139.36,225.26,6291.39
SA,44060,2026-01,87.57,799.55,174.45,4469.7
SA,44060,2026-02,113.56,1143.37,209.06,5723.48
SA,44060,2026-03,139.37,1489.26,263.12,7717.33
SA,44060,2026-04,191.96,2041.94,408.88,13476.14
SA,44060,2026-05,140.63,1277.7,143.9,2986.61
SA,44060,2026-06,114.66,1108.71,148.59,3220.2
SA,44060,2026-07,97.85,993.33,158.11,3627.22
SA,44060,2026-08,73.16,682.15,83.21,2006.57
SA,44210,2023-01,11.65,94.24,0,0
SA,44210,2023-02,8.77,65.97,0,0
SA,44210,2023-03,20.1,165.24,0,0
SA,44210,2023-04,9.17,84.8,0,0
SA,44210,2023-05,16.61,147.57,0,0
SA,44210,2023-06,14.21,129.87,0,0
SA,44210,2023-07,17.01,146.37,0,0
SA,44210,2023-08,25.33,267.13,0,0
SA,44210,2023-09,34.67,294.83,0,0
SA,44210,2023-10,20.79,177.01,0,0
SA,44210,2023-11,27.73,235.42,0,0
SA,44210,2023-12,36.01,338.07,0,0
SA,44210,2024-01,18.22,188.64,0,0
SA,44210,2024-02,12.02,150.51,0,0
SA,44210,2024-03,23.41,220.01,0,0
SA,44210,2024-04,9.94,98.83,0,0
SA,44210,2024-05,18.28,160.9,0,0
SA,44210,2024-06,26.92,278.72,0,0
SA,44210,2024-07,26.44,261.73,0,0
SA,44210,2024-08,18.94,147.64,0,0
SA,44210,2024-09,21.23,184.85,0,0
SA,44210,2024-10,19.59,172.22,0,0
SA,44210,2024-11,21.43,201.07,0,0
SA,44210,2024-12,31.73,338.22,0,0
SA,44210,2025-01,17.81,184.49,0,0
SA,44210,2025-02,15.19,151.92,0,0
SA,44210,2025-03,16.18,162.84,0,0
SA,44210,2025-04,14.73,171.53,0,0
SA,44210,2025-05,16.57,260.26,0,0
SA,44210,2025-06,9.47,106.53,0,0
SA,44210,2025-07,21.81,238.56,31.56,544.61
SA,44210,2025-08,15.11,221.1,26.03,483.79
SA,44210,2025-09,18.1,181.22,28.81,584.67
SA,44210,2025-10,16.49,180.74,30.98,625.75
SA,44210,2025-11,26.56,267.42,35.52,981.92
SA,44210,2025-12,23.85,297.36,37.66,1048.83
SA,44210,2026-01,15.11,152.59,24.6,562.2
SA,44210,2026-02,23.26,231.46,31.07,744.3
SA,44210,2026-03,28.62,329.15,39.4,1150.87
SA,44210,2026-04,41.76,565.68,65.64,2342.89
SA,44210,2026-05,18.93,204.6,17.34,347.22
SA,44210,2026-06,14.9,132.41,15.33,323.9
SA,44210,2026-07,15.53,173.42,26.69,632.35
SA,44210,2026-08,17.78,185.75,17.45,359.71
SA,44340,2023-01,79.66,700.46,0,0
SA,44340,2023-02,97.53,788.77,0,0
SA,44340,2023-03,106.49,978.05,0,0
SA,44340,2023-04,59.9,542.86,0,0
SA,44340,2023-05,87.74,773.15,0,0
SA,44340,2023-06,103.86,887.3,0,0
SA,44340,2023-07,110.34,900.58,0,0
SA,44340,2023-08,145.13,1270.45,0,0
SA,44340,2023-09,115.42,1088.55,0,0
SA,44340,2023-10,105.64,1003.85,0,0
SA,44340,2023-11,83.73,866.31,0,0
SA,44340,2023-12,88.58,984.27,0,0
SA,44340,2024-01,47.21,427.43,0,0
SA,44340,2024-02,82.18,791.15,0,0
SA,44340,2024-03,55.44,573.8,0,0
SA,44340,2024-04,79.68,745.41,0,0
SA,44340,2024-05,107.01,953.16,0,0
SA,44340,2024-06,60.36,566.6,0,0
SA,44340,2024-07,86.37,1006.45,0,0
SA,44340,2024-08,77.42,890.78,0,0
SA,44340,2024-09,89.13,948.58,0,0
SA,44340,2024-10,82.67,985.79,0,0
SA,44340,2024-11,78.89,999.69,0,0
SA,44340,2024-12,76.78,969.38,0,0
SA,44340,2025-01,45.03,512.72,0,0
SA,44340,2025-02,74.3,757.08,0,0
SA,44340,2025-03,92.68,1075.13,0,0
SA,44340,2025-04,66.19,760.87,0,0
SA,44340,2025-05,75.53,1023.57,0,0
SA,44340,2025-06,40.26,456.88,0,0
SA,44340,2025-07,82.08,1044.51,223.49,4140.57
SA,44340,2025-08,80.38,919.03,158.31,3017.29
SA,44340,2025-09,85.97,964.36,180.32,4028.7
SA,44340,2025-10,99.4,1220.22,194.69,4594.4
SA,44340,2025-11,93.25,1109.13,192.61,4927.64
SA,44340,2025-12,96.48,1284.68,197.13,5601.14
SA,44340,2026-01,61.9,701.38,133.98,3618.81
SA,44340,2026-02,91.15,1030.68,201.13,5780.8
SA,44340,2026-03,114.13,1313.4,229.56,6880.03
SA,44340,2026-04,171.52,2128.65,391.04,13620.34
SA,44340,2026-05,98.71,1142.2,120.63,2514.11
SA,44340,2026-06,81.13,877.83,127.92,3068.07
SA,44340,2026-07,96.01,1069.78,135.83,3114.04
SA,44340,2026-08,55.44,570.46,85.06,1990.56
SA,44550,2023-01,59.56,667.3,0,0
SA,44550,2023-02,89.22,790.56,0,0
SA,44550,2023-03,79.6,790.94,0,0
SA,44550,2023-04,55.38,503.19,0,0
SA,44550,2023-05,91.91,803.34,0,0
SA,44550,2023-06,76.13,837.21,0,0
SA,44550,2023-07,75.56,882.04,0,0
SA,44550,2023-08,98.56,889.06,0,0
SA,44550,2023-09,96.57,915.85,0,0
SA,44550,2023-10,74.43,705.37,0,0
SA,44550,2023-11,78.31,762.51,0,0
SA,44550,2023-12,73.83,996.92,0,0
SA,44550,2024-01,52.75,446.93,0,0
SA,44550,2024-02,71.21,691.38,0,0
SA,44550,2024-03,64.52,698.67,0,0
SA,44550,2024-04,55.58,507.4,0,0
SA,44550,2024-05,98.52,921.83,0,0
SA,44550,2024-06,65.01,672.28,0,0
SA,44550,2024-07,66.12,772.01,0,0
SA,44550,2024-08,88.77,909.04,0,0
SA,44550,2024-09,71.37,807.1,0,0
SA,44550,2024-10,78.85,884,0,0
SA,44550,2024-11,71.48,759.41,0,0
SA,44550,2024-12,81.49,984.7,0,0
SA,44550,2025-01,59,590.01,0,0
SA,44550,2025-02,51.05,649.02,0,0
SA,44550,2025-03,75.7,794.4,0,0
SA,44550,2025-04,66.04,649.87,0,0
SA,44550,2025-05,54.69,697.06,0,0
SA,44550,2025-06,40.13,420.59,0,0
SA,44550,2025-07,91.11,962.59,133.76,2298.38
SA,44550,2025-08,43.17,458.83,84.31,1561.84
SA,44550,2025-09,73.64,775.57,131.89,2861.35
SA,44550,2025-10,86.93,984.18,150.84,3547.26
SA,44550,2025-11,97.07,1021.21,134.44,3184.32
SA,44550,2025-12,92.26,1192.19,135.91,3753.24
SA,44550,2026-01,48.38,528.88,92.69,2489.57
SA,44550,2026-02,81.77,843.76,112.26,2951.97
SA,44550,2026-03,116.03,1331.29,164.77,5115.64
SA,44550,2026-04,134.46,1682.59,242.95,8220.98
SA,44550,2026-05,99,901.5,83.52,1735.81
SA,44550,2026-06,84.98,818.92,99.5,2308.08
SA,44550,2026-07,68.65,737.2,93,2184.31
SA,44550,2026-08,58.73,539.8,62,1538.08
SA,44620,2023-01,14.97,103.62,0,0
SA,44620,2023-02,19.76,161.21,0,0
SA,44620,2023-03,27.73,222.35,0,0
SA,44620,2023-04,17.08,198.58,0,0
SA,44620,2023-05,20.62,292.43,0,0
SA,44620,2023-06,22.73,224.02,0,0
SA,44620,2023-07,15.19,108.68,0,0
SA,44620,2023-08,23.05,226.8,0,0
SA,44620,2023-09,17.62,205.8,0,0
SA,44620,2023-10,23.84,194.3,0,0
SA,44620,2023-11,31.73,321.8,0,0
SA,44620,2023-12,24.94,226.54,0,0
SA,44620,2024-01,18.54,139.48,0,0
SA,44620,2024-02,19.51,263.91,0,0
SA,44620,2024-03,21.08,288.23,0,0
SA,44620,2024-04,20.86,228.59,0,0
SA,44620,2024-05,21.51,205.93,0,0
SA,44620,2024-06,25.76,257.99,0,0
SA,44620,2024-07,23.51,237.76,0,0
SA,44620,2024-08,18.86,146.85,0,0
SA,44620,2024-09,15.08,151,0,0
SA,44620,2024-10,24.4,240.84,0,0
SA,44620,2024-11,17.3,158.89,0,0
SA,44620,2024-12,9.08,153.35,0,0
SA,44620,2025-01,18.65,161.82,0,0
SA,44620,2025-02,8.08,75.45,0,0
SA,44620,2025-03,20.19,206.36,0,0
SA,44620,2025-04,10.51,133.94,0,0
SA,44620,2025-05,8.97,133.7,0,0
SA,44620,2025-06,7.32,72.27,0,0
SA,44620,2025-07,18.97,251.62,24.86,491.74
SA,44620,2025-08,14.08,225.07,19.65,252.99
SA,44620,2025-09,18.4,231.34,37.05,623.86
SA,44620,2025-10,16.94,187.6,44.35,663.33
SA,44620,2025-11,24.51,205.24,46.59,701.59
SA,44620,2025-12,32.84,303.22,48.56,939.81
SA,44620,2026-01,13.54,148.97,27.97,475.14
SA,44620,2026-02,23.08,260.9,28.84,618.07
SA,44620,2026-03,18.16,183.55,31.13,756.94
SA,44620,2026-04,23.91,316.49,34.86,837.11
SA,44620,2026-05,6.54,57.71,10.97,177.26
SA,44620,2026-06,14.19,130.98,18.86,382.02
SA,44620,2026-07,13.97,133.65,24.51,533.6
SA,44620,2026-08,17.54,177.71,10.65,197.33
SA,44830,2023-01,2.17,15.23,0,0
SA,44830,2023-02,2.47,21.86,0,0
SA,44830,2023-03,5.32,133.14,0,0
SA,44830,2023-04,2.33,15.66,0,0
SA,44830,2023-05,1.32,9.37,0,0
SA,44830,2023-06,3.22,28.56,0,0
SA,44830,2023-07,1.36,14.5,0,0
SA,44830,2023-08,5.19,37.9,0,0
SA,44830,2023-09,9.32,115.09,0,0
SA,44830,2023-10,1.31,9.84,0,0
SA,44830,2023-11,5.22,46.73,0,0
SA,44830,2023-12,3.19,22.76,0,0
SA,44830,2024-01,0.03,0.32,0,0
SA,44830,2024-02,9.59,79.48,0,0
SA,44830,2024-03,9.23,67.98,0,0
SA,44830,2024-04,7.25,57.96,0,0
SA,44830,2024-05,2.37,32.24,0,0
SA,44830,2024-06,8.35,69.05,0,0
SA,44830,2024-07,6.32,51.28,0,0
SA,44830,2024-08,3.28,34.4,0,0
SA,44830,2024-09,6.3,59.95,0,0
SA,44830,2024-10,1.15,18.57,0,0
SA,44830,2024-11,4.43,26.66,0,0
SA,44830,2024-12,2.22,16.44,0,0
SA,44830,2025-01,2.12,17.48,0,0
SA,44830,2025-02,3.54,29.06,0,0
SA,44830,2025-03,4.08,88.21,0,0
SA,44830,2025-04,4.09,37.41,0,0
SA,44830,2025-05,3.43,34.43,0,0
SA,44830,2025-06,0.22,2.54,0,0
SA,44830,2025-07,2.06,16.66,3.39,48.13
SA,44830,2025-08,3.04,19.16,3.11,39.92
SA,44830,2025-09,4.18,40.36,6.5,126.84
SA,44830,2025-10,4.1,47.31,7.18,147.03
SA,44830,2025-11,1.17,12.61,3.24,65.24
SA,44830,2025-12,5.03,60.93,5.72,142.31
SA,44830,2026-01,4.08,43.77,2.11,46.73
SA,44830,2026-02,2.46,29.38,4.5,127.86
SA,44830,2026-03,5.51,66.43,8.54,267.12
SA,44830,2026-04,5.84,79.54,9.21,386.32
SA,44830,2026-05,1.22,16.33,3.22,71.42
SA,44830,2026-06,3.38,31.75,2.23,72.78
SA,44830,2026-07,4.16,28.43,3.27,103.08
SA,44830,2026-08,2.09,23.16,5.22,110.95
SA,45040,2023-01,30.03,233.03,0,0
SA,45040,2023-02,27.98,210.18,0,0
SA,45040,2023-03,28.71,263.5,0,0
SA,45040,2023-04,34.39,275.37,0,0
SA,45040,2023-05,14.1,102.7,0,0
SA,45040,2023-06,31.14,279.36,0,0
SA,45040,2023-07,34.22,286.78,0,0
SA,45040,2023-08,37.01,373.23,0,0
SA,45040,2023-09,44.7,355.93,0,0
SA,45040,2023-10,60.55,494.81,0,0
SA,45040,2023-11,59.64,534.26,0,0
SA,45040,2023-12,34.04,376.26,0,0
SA,45040,2024-01,14.8,226.84,0,0
SA,45040,2024-02,38.28,427.51,0,0
SA,45040,2024-03,28.88,334.24,0,0
SA,45040,2024-04,30.14,242.84,0,0
SA,45040,2024-05,36.48,331.16,0,0
SA,45040,2024-06,30.32,338.14,0,0
SA,45040,2024-07,35.99,344.79,0,0
SA,45040,2024-08,27.04,206.37,0,0
SA,45040,2024-09,31.76,341.85,0,0
SA,45040,2024-10,37.81,439.42,0,0
SA,45040,2024-11,31.22,301.66,0,0
SA,45040,2024-12,32.54,414.85,0,0
SA,45040,2025-01,28.19,350.35,0,0
SA,45040,2025-02,20.4,226.67,0,0
SA,45040,2025-03,29.67,271.75,0,0
SA,45040,2025-04,18.28,184.12,0,0
SA,45040,2025-05,24.24,350.89,0,0
SA,45040,2025-06,11.09,298.13,0,0
SA,45040,2025-07,35.3,411.92,80.71,1319.01
SA,45040,2025-08,28.69,250.84,41.13,711.45
SA,45040,2025-09,28.86,362.21,44.87,1039.76
SA,45040,2025-10,34.19,411.46,54.85,1357.05
SA,45040,2025-11,30.27,318.65,54.35,1454.47
SA,45040,2025-12,43.62,683.12,66.61,1803.19
SA,45040,2026-01,21.7,224.37,33.39,913.49
SA,45040,2026-02,42.5,452.41,55.75,1519.04
SA,45040,2026-03,40.35,440.24,68.82,1854.01
SA,45040,2026-04,48.2,640.43,86.21,2833.46
SA,45040,2026-05,38.83,382.36,37.13,845.3
SA,45040,2026-06,39.82,282.93,28.95,670.38
SA,45040,2026-07,36.83,358.59,46.32,1102.37
SA,45040,2026-08,31.02,387.07,25.26,607.67
SA,45090,2023-01,4.75,33.24,0,0
SA,45090,2023-02,5.66,50.04,0,0
SA,45090,2023-03,7.63,65.97,0,0
SA,45090,2023-04,5.72,44.01,0,0
SA,45090,2023-05,5.66,51.16,0,0
SA,45090,2023-06,9.49,89.96,0,0
SA,45090,2023-07,9.46,100.96,0,0
SA,45090,2023-08,8.49,56.57,0,0
SA,45090,2023-09,9.44,156.67,0,0
SA,45090,2023-10,6.62,102.8,0,0
SA,45090,2023-11,15.1,128.48,0,0
SA,45090,2023-12,12.33,93.21,0,0
SA,45090,2024-01,3.77,35.53,0,0
SA,45090,2024-02,1.9,41.14,0,0
SA,45090,2024-03,3.79,44.9,0,0
SA,45090,2024-04,6.6,103.53,0,0
SA,45090,2024-05,3.77,32.38,0,0
SA,45090,2024-06,8.49,65.71,0,0
SA,45090,2024-07,2.83,19.47,0,0
SA,45090,2024-08,0,0,0,0
SA,45090,2024-09,4.72,71.02,0,0
SA,45090,2024-10,7.63,73.61,0,0
SA,45090,2024-11,7.6,93.6,0,0
SA,45090,2024-12,3.77,166.65,0,0
SA,45090,2025-01,2.83,21.59,0,0
SA,45090,2025-02,3.62,31.86,0,0
SA,45090,2025-03,6.6,66.49,0,0
SA,45090,2025-04,4.56,82.36,0,0
SA,45090,2025-05,8.56,54.2,0,0
SA,45090,2025-06,5.66,105.21,0,0
SA,45090,2025-07,6.62,117.25,11.33,200.9
SA,45090,2025-08,6.6,67.71,9.44,190.76
SA,45090,2025-09,3.77,44.13,6.66,148.49
SA,45090,2025-10,4.72,39.63,14.15,254.39
SA,45090,2025-11,7.55,95.66,15.11,288.52
SA,45090,2025-12,12.28,139.35,17,429.05
SA,45090,2026-01,6.62,112.28,9.46,269.8
SA,45090,2026-02,7.56,89.27,8.5,257.93
SA,45090,2026-03,11.4,112.51,15.29,406.42
SA,45090,2026-04,9.44,145.69,22.67,750.81
SA,45090,2026-05,2.83,34.96,9.56,206.28
SA,45090,2026-06,5.66,60.5,7.55,174.76
SA,45090,2026-07,8.5,73.1,16.13,360.75
SA,45090,2026-08,9.44,93.69,8.49,182.26
SA,45120,2023-01,3.09,20.36,0,0
SA,45120,2023-02,7.05,63.71,0,0
SA,45120,2023-03,0.49,4.15,0,0
SA,45120,2023-04,2.35,15.83,0,0
SA,45120,2023-05,9.23,80.84,0,0
SA,45120,2023-06,2.5,31.41,0,0
SA,45120,2023-07,3.16,26.26,0,0
SA,45120,2023-08,4.29,35.07,0,0
SA,45120,2023-09,9.33,72.99,0,0
SA,45120,2023-10,6.21,55.94,0,0
SA,45120,2023-11,4.28,42.15,0,0
SA,45120,2023-12,2.49,17.37,0,0
SA,45120,2024-01,3.21,28.34,0,0
SA,45120,2024-02,9.01,87.27,0,0
SA,45120,2024-03,4.12,33.47,0,0
SA,45120,2024-04,7.14,67.44,0,0
SA,45120,2024-05,6.14,59.53,0,0
SA,45120,2024-06,3.19,27.98,0,0
SA,45120,2024-07,4.11,41.39,0,0
SA,45120,2024-08,4.23,37.47,0,0
SA,45120,2024-09,2.18,29.36,0,0
SA,45120,2024-10,3.26,22.5,0,0
SA,45120,2024-11,4.14,43.42,0,0
SA,45120,2024-12,2.11,14.76,0,0
SA,45120,2025-01,3.19,25.15,0,0
SA,45120,2025-02,4.56,57.82,0,0
SA,45120,2025-03,4.09,31.69,0,0
SA,45120,2025-04,1.33,9.21,0,0
SA,45120,2025-05,3.22,54.71,0,0
SA,45120,2025-06,4.06,70.78,0,0
SA,45120,2025-07,2.18,21.51,8.11,94.51
SA,45120,2025-08,2.17,19.35,3.09,43.54
SA,45120,2025-09,3.14,20.48,5.28,84.39
SA,45120,2025-10,0,0,3.15,60.69
SA,45120,2025-11,9.49,108.57,9.6,232.87
SA,45120,2025-12,5.55,50.38,15.68,317.38
SA,45120,2026-01,3.16,21.09,5.32,115.83
SA,45120,2026-02,8.03,107.09,8.08,255.3
SA,45120,2026-03,2.42,35.3,16.57,642.52
SA,45120,2026-04,8.16,107,28.79,1061.85
SA,45120,2026-05,0.21,2.23,1.54,36.36
SA,45120,2026-06,5.11,45.33,4.21,90.83
SA,45120,2026-07,4.33,47.91,7.43,146.51
SA,45120,2026-08,3.15,29.12,3.35,65.63
SA,45290,2023-01,26.03,210.42,0,0
SA,45290,2023-02,43.07,388.75,0,0
SA,45290,2023-03,43.82,452.84,0,0
SA,45290,2023-04,30.33,292.95,0,0
SA,45290,2023-05,29.83,376.73,0,0
SA,45290,2023-06,41.55,414.3,0,0
SA,45290,2023-07,44.79,422.34,0,0
SA,45290,2023-08,44.12,440.55,0,0
SA,45290,2023-09,43.87,461.41,0,0
SA,45290,2023-10,41.57,387.96,0,0
SA,45290,2023-11,44.75,654.44,0,0
SA,45290,2023-12,57.84,663.17,0,0
SA,45290,2024-01,22.14,188.95,0,0
SA,45290,2024-02,34.18,313.51,0,0
SA,45290,2024-03,39.29,414.34,0,0
SA,45290,2024-04,34.72,301.76,0,0
SA,45290,2024-05,55.53,726.4,0,0
SA,45290,2024-06,34.58,353.62,0,0
SA,45290,2024-07,39.42,404.05,0,0
SA,45290,2024-08,34.95,530.85,0,0
SA,45290,2024-09,39.9,468.34,0,0
SA,45290,2024-10,34.26,348.59,0,0
SA,45290,2024-11,41.42,430.29,0,0
SA,45290,2024-12,53.45,620.4,0,0
SA,45290,2025-01,42.72,453.9,0,0
SA,45290,2025-02,43.18,517,0,0
SA,45290,2025-03,32.83,353.58,0,0
SA,45290,2025-04,37.88,386.34,0,0
SA,45290,2025-05,32.84,393.38,0,0
SA,45290,2025-06,16.8,178.73,0,0
SA,45290,2025-07,36.8,429,89.32,1581.87
SA,45290,2025-08,28.88,250.54,77.09,1390.99
SA,45290,2025-09,45.28,463.37,94.34,2164.82
SA,45290,2025-10,41.71,460.98,97.4,2487.06
SA,45290,2025-11,59.52,819.83,110.96,2902.99
SA,45290,2025-12,59.9,801.7,95.85,2809.67
SA,45290,2026-01,42.37,444.51,64.45,1725.3
SA,45290,2026-02,58.68,689.35,122.16,3646.81
SA,45290,2026-03,64.67,702.11,127.3,4081.44
SA,45290,2026-04,90.4,1110.09,198.88,7132.02
SA,45290,2026-05,44,458.6,63.71,1492.16
SA,45290,2026-06,46.76,483.23,50.68,1071.88
SA,45290,2026-07,46.59,529.64,65.31,1623.91
SA,45290,2026-08,20.21,193.06,28.79,723.6
SA,45340,2023-01,210.65,1664.43,0,0
SA,45340,2023-02,246.07,2013.32,0,0
SA,45340,2023-03,213.63,1737.49,0,0
SA,45340,2023-04,201.46,1686.74,0,0
SA,45340,2023-05,212,1749.94,0,0
SA,45340,2023-06,238.48,1984.95,0,0
SA,45340,2023-07,260.86,2288.05,0,0
SA,45340,2023-08,260.24,2378.22,0,0
SA,45340,2023-09,219.76,1978.87,0,0
SA,45340,2023-10,288.09,2473.34,0,0
SA,45340,2023-11,312.58,2822.84,0,0
SA,45340,2023-12,280.07,2566.36,0,0
SA,45340,2024-01,166.2,1491.71,0,0
SA,45340,2024-02,221.05,1947.81,0,0
SA,45340,2024-03,167.6,1697.27,0,0
SA,45340,2024-04,190.23,1835.04,0,0
SA,45340,2024-05,212.1,2056.6,0,0
SA,45340,2024-06,173.59,1677.88,0,0
SA,45340,2024-07,211.31,2035.82,0,0
SA,45340,2024-08,206.75,2108.96,0,0
SA,45340,2024-09,202.85,1872.99,0,0
SA,45340,2024-10,210.75,1993.75,0,0
SA,45340,2024-11,219,2115.85,0,0
SA,45340,2024-12,237.09,2677.8,0,0
SA,45340,2025-01,175.95,1685.04,0,0
SA,45340,2025-02,164.84,1841.36,0,0
SA,45340,2025-03,203.16,2084.73,0,0
SA,45340,2025-04,193.16,2027.85,0,0
SA,45340,2025-05,170.07,1762,0,0
SA,45340,2025-06,108.15,1008.33,0,0
SA,45340,2025-07,232.24,2447.29,421.72,6438.27
SA,45340,2025-08,167.95,1908.53,338.15,6069.26
SA,45340,2025-09,247.5,2552.88,386.54,7976.2
SA,45340,2025-10,212.38,2264.83,416.56,9442.08
SA,45340,2025-11,226.69,2430.27,432.7,10502.49
SA,45340,2025-12,259.12,3139.43,467.53,12956.06
SA,45340,2026-01,155.7,1663.31,310.06,8492.25
SA,45340,2026-02,241.9,2449.86,435.35,12324.07
SA,45340,2026-03,315.25,3372.03,517.48,15661.57
SA,45340,2026-04,382.12,4211.1,769.02,24923.93
SA,45340,2026-05,266.8,2447.59,299.21,6190.1
SA,45340,2026-06,255.33,2408.35,296.03,6504.47
SA,45340,2026-07,226.4,2063.16,326.34,7345.14
SA,45340,2026-08,160.92,1416.98,190.04,4371.2
SA,45400,2023-01,0.57,8.41,0,0
SA,45400,2023-02,0.96,6.44,0,0
SA,45400,2023-03,1.8,15.24,0,0
SA,45400,2023-04,2.68,17.78,0,0
SA,45400,2023-05,0.9,8.9,0,0
SA,45400,2023-06,1.05,7.18,0,0
SA,45400,2023-07,1.82,14.34,0,0
SA,45400,2023-08,0.08,0.57,0,0
SA,45400,2023-09,2.72,17.97,0,0
SA,45400,2023-10,1.16,7.69,0,0
SA,45400,2023-11,0.92,11.95,0,0
SA,45400,2023-12,0.04,0.27,0,0
SA,45400,2024-01,0.02,0.19,0,0
SA,45400,2024-02,1.8,23.24,0,0
SA,45400,2024-03,0.59,3.9,0,0
SA,45400,2024-04,0.04,0.3,0,0
SA,45400,2024-05,0.61,4.09,0,0
SA,45400,2024-06,2.35,14.87,0,0
SA,45400,2024-07,0.88,5.04,0,0
SA,45400,2024-08,1.8,72.76,0,0
SA,45400,2024-09,0.92,5.98,0,0
SA,45400,2024-10,1.02,6.32,0,0
SA,45400,2024-11,0.96,6.33,0,0
SA,45400,2024-12,0.88,4.65,0,0
SA,45400,2025-01,0.92,6.21,0,0
SA,45400,2025-02,2.72,18.6,0,0
SA,45400,2025-03,0,0,0,0
SA,45400,2025-04,0.04,0.44,0,0
SA,45400,2025-05,2.64,28.09,0,0
SA,45400,2025-06,0.9,5.81,0,0
SA,45400,2025-07,0.06,0.51,0.94,12.64
SA,45400,2025-08,0,0,0,0
SA,45400,2025-09,0.04,0.3,1.51,30.06
SA,45400,2025-10,0,0,0.04,1.16
SA,45400,2025-11,0.04,0.26,0,0
SA,45400,2025-12,0.02,0.2,2.11,57.95
SA,45400,2026-01,0.9,11.86,1,43.92
SA,45400,2026-02,0.04,0.24,0.02,0.18
SA,45400,2026-03,2.39,22.27,2.43,64.87
SA,45400,2026-04,2.62,34.54,4.46,160.4
SA,45400,2026-05,0.59,6.16,0.92,13.83
SA,45400,2026-06,0.88,8.36,0.88,27.03
SA,45400,2026-07,0.04,0.39,0.96,13.7
SA,45400,2026-08,0.04,0.4,0.92,25.41
SA,45540,2023-01,0,0,0,0
SA,45540,2023-02,3.79,30.69,0,0
SA,45540,2023-03,1.9,12.61,0,0
SA,45540,2023-04,1.9,12.05,0,0
SA,45540,2023-05,0.95,6.3,0,0
SA,45540,2023-06,9.53,71.77,0,0
SA,45540,2023-07,2.84,22.5,0,0
SA,45540,2023-08,3.79,27.65,0,0
SA,45540,2023-09,3.79,22.79,0,0
SA,45540,2023-10,1.95,18.3,0,0
SA,45540,2023-11,1.9,12.59,0,0
SA,45540,2023-12,1.9,13.34,0,0
SA,45540,2024-01,0.95,9.18,0,0
SA,45540,2024-02,1.9,18.85,0,0
SA,45540,2024-03,0.95,6.26,0,0
SA,45540,2024-04,1.9,14.65,0,0
SA,45540,2024-05,1.9,16.69,0,0
SA,45540,2024-06,0.95,20.03,0,0
SA,45540,2024-07,0,0,0,0
SA,45540,2024-08,1.9,16.27,0,0
SA,45540,2024-09,1.9,10.01,0,0
SA,45540,2024-10,7.64,75.26,0,0
SA,45540,2024-11,3.79,25.45,0,0
SA,45540,2024-12,0,0,0,0
SA,45540,2025-01,1.9,19.51,0,0
SA,45540,2025-02,3.79,25.92,0,0
SA,45540,2025-03,0,0,0,0
SA,45540,2025-04,1.9,21.7,0,0
SA,45540,2025-05,2.84,20.86,0,0
SA,45540,2025-06,0.95,6.26,0,0
SA,45540,2025-07,2.84,24.8,2.84,36.98
SA,45540,2025-08,0,0,1,9.6
SA,45540,2025-09,2.9,21.11,3.84,62.33
SA,45540,2025-10,0,0,1.9,56.7
SA,45540,2025-11,1.9,12.52,0,0
SA,45540,2025-12,0.95,10.01,4.74,106.17
SA,45540,2026-01,0.95,7.51,5.69,133.13
SA,45540,2026-02,1.9,11.71,1.95,18.44
SA,45540,2026-03,2.84,24.2,4.74,130.48
SA,45540,2026-04,1.9,15.44,5.69,122.7
SA,45540,2026-05,0.95,10.85,1.9,31.77
SA,45540,2026-06,1,6.65,1,27.98
SA,45540,2026-07,1.9,18.92,3.79,88.57
SA,45540,2026-08,1.9,19.37,1.9,41.53
SA,45680,2023-01,143.05,1191.48,0,0
SA,45680,2023-02,164.38,1341.1,0,0
SA,45680,2023-03,170.14,1498.45,0,0
SA,45680,2023-04,159.09,1342.81,0,0
SA,45680,2023-05,145.42,1289.04,0,0
SA,45680,2023-06,151.93,1493.64,0,0
SA,45680,2023-07,168.55,1441.96,0,0
SA,45680,2023-08,215.84,1891.19,0,0
SA,45680,2023-09,190.83,1691.68,0,0
SA,45680,2023-10,190.17,1828.99,0,0
SA,45680,2023-11,167.92,1582.89,0,0
SA,45680,2023-12,144.74,1515.95,0,0
SA,45680,2024-01,126.28,1115.94,0,0
SA,45680,2024-02,174.51,1590.09,0,0
SA,45680,2024-03,187.73,1620.1,0,0
SA,45680,2024-04,204.12,1946.27,0,0
SA,45680,2024-05,196.7,1964.47,0,0
SA,45680,2024-06,164.53,1652.91,0,0
SA,45680,2024-07,211.94,2217.3,0,0
SA,45680,2024-08,197.1,1868.54,0,0
SA,45680,2024-09,196.75,1998.68,0,0
SA,45680,2024-10,181.68,1736.13,0,0
SA,45680,2024-11,202.94,2392.73,0,0
SA,45680,2024-12,190.13,2243.99,0,0
SA,45680,2025-01,147.36,1396.26,0,0
SA,45680,2025-02,150.54,1479.66,0,0
SA,45680,2025-03,207.26,1984.13,0,0
SA,45680,2025-04,160.13,1692.67,0,0
SA,45680,2025-05,159.14,1705.16,0,0
SA,45680,2025-06,100.04,1020.11,0,0
SA,45680,2025-07,182.26,1836.18,312.85,4839.62
SA,45680,2025-08,162.21,1634.41,212.29,3973.14
SA,45680,2025-09,174.27,1746.24,264.98,6048.87
SA,45680,2025-10,158.56,1697.95,241.57,5869.3
SA,45680,2025-11,187.13,1743.44,232.26,6123.07
SA,45680,2025-12,197.37,2437.59,268.59,8067.36
SA,45680,2026-01,119.74,1146.47,189.29,5673.95
SA,45680,2026-02,189.04,1642.79,223.79,6573.32
SA,45680,2026-03,221.23,2306.24,347.24,11462.96
SA,45680,2026-04,220.41,2472.45,439.96,15286.7
SA,45680,2026-05,211.58,1919.68,148.52,3129.28
SA,45680,2026-06,185.44,1513.15,160.21,3712.18
SA,45680,2026-07,166.52,1343.29,157.18,3973.48
SA,45680,2026-08,110.4,981.53,92.91,2288.35
SA,45890,2023-01,142.76,1087.63,0,0
SA,45890,2023-02,162.52,1350.68,0,0
SA,45890,2023-03,165.08,1352.89,0,0
SA,45890,2023-04,142.58,1216.34,0,0
SA,45890,2023-05,157.18,1403.16,0,0
SA,45890,2023-06,158.65,1382.1,0,0
SA,45890,2023-07,160.89,1385.27,0,0
SA,45890,2023-08,192.49,2019.19,0,0
SA,45890,2023-09,163.14,1509.08,0,0
SA,45890,2023-10,156.3,1487.61,0,0
SA,45890,2023-11,209.12,2270.5,0,0
SA,45890,2023-12,205.38,2472.55,0,0
SA,45890,2024-01,113.63,987.34,0,0
SA,45890,2024-02,157.31,1531.24,0,0
SA,45890,2024-03,148.18,1345.44,0,0
SA,45890,2024-04,163.02,1580.35,0,0
SA,45890,2024-05,170.6,1802.05,0,0
SA,45890,2024-06,154.74,1573.13,0,0
SA,45890,2024-07,187.2,1745.2,0,0
SA,45890,2024-08,177.5,1564.05,0,0
SA,45890,2024-09,151.56,1522,0,0
SA,45890,2024-10,144.45,1329.4,0,0
SA,45890,2024-11,180.35,1846.61,0,0
SA,45890,2024-12,162.54,1703.97,0,0
SA,45890,2025-01,108.96,1016.07,0,0
SA,45890,2025-02,134.05,1393.33,0,0
SA,45890,2025-03,173.14,2196.49,0,0
SA,45890,2025-04,111.33,1227.81,0,0
SA,45890,2025-05,126.87,1605.98,0,0
SA,45890,2025-06,77.85,821.27,0,0
SA,45890,2025-07,152.58,1455.21,313.27,5162.5
SA,45890,2025-08,118.91,1289.76,211.94,4148.29
SA,45890,2025-09,135.48,1542.53,292.63,6438.27
SA,45890,2025-10,141.08,1672.42,308.41,7588.52
SA,45890,2025-11,159.83,1655.97,349.38,9478.05
SA,45890,2025-12,182.53,2513.38,376.7,11481.07
SA,45890,2026-01,109.7,1106.85,236.38,7231.1
SA,45890,2026-02,155.56,1646.57,285.92,9085.68
SA,45890,2026-03,196.73,2126.07,398.4,12938.59
SA,45890,2026-04,246.77,2983.35,600.81,21704.41
SA,45890,2026-05,134.5,1245.28,155.35,3358.04
SA,45890,2026-06,152.26,1492.14,185.25,4369.77
SA,45890,2026-07,148.04,1426.12,187.35,4581.68
SA,45890,2026-08,71.37,695.59,110.82,2759.69
SA,46090,2023-01,9,67.28,0,0
SA,46090,2023-02,15,107.87,0,0
SA,46090,2023-03,15,133.92,0,0
SA,46090,2023-04,14,111.97,0,0
SA,46090,2023-05,13,103.97,0,0
SA,46090,2023-06,16,150.95,0,0
SA,46090,2023-07,19,153.81,0,0
SA,46090,2023-08,13,121.75,0,0
SA,46090,2023-09,5,60.09,0,0
SA,46090,2023-10,7,57,0,0
SA,46090,2023-11,8,182.59,0,0
SA,46090,2023-12,7,115.16,0,0
SA,46090,2024-01,5,39.33,0,0
SA,46090,2024-02,17,138.77,0,0
SA,46090,2024-03,14,121.96,0,0
SA,46090,2024-04,18,153.08,0,0
SA,46090,2024-05,23,249.91,0,0
SA,46090,2024-06,12,102.12,0,0
SA,46090,2024-07,13,116.13,0,0
SA,46090,2024-08,11,109.41,0,0
SA,46090,2024-09,8,63.41,0,0
SA,46090,2024-10,14,110.7,0,0
SA,46090,2024-11,8,107.36,0,0
SA,46090,2024-12,9,81.84,0,0
SA,46090,2025-01,10,96.55,0,0
SA,46090,2025-02,6,52.9,0,0
SA,46090,2025-03,14,150.38,0,0
SA,46090,2025-04,16,232.76,0,0
SA,46090,2025-05,6,64.24,0,0
SA,46090,2025-06,0,0,0,0
SA,46090,2025-07,3,33.88,11,173.3
SA,46090,2025-08,6,139.07,11,180.8
SA,46090,2025-09,7,71.41,17,411.01
SA,46090,2025-10,10,118.14,16,325.68
SA,46090,2025-11,9,78.64,18,391.69
SA,46090,2025-12,7,95.48,19,585.56
SA,46090,2026-01,3,43.17,6,146.85
SA,46090,2026-02,10,87.91,21,436.04
SA,46090,2026-03,11,166.38,16,488.53
SA,46090,2026-04,11,119.44,36,1469.94
SA,46090,2026-05,8,88.7,7,176.08
SA,46090,2026-06,7,60.45,10,250.58
SA,46090,2026-07,13,113.79,22,523.17
SA,46090,2026-08,4,36.9,4,92.64
SA,46300,2023-01,6.97,37.6,0,0
SA,46300,2023-02,14.94,107.44,0,0
SA,46300,2023-03,18.92,136.41,0,0
SA,46300,2023-04,5.97,36.35,0,0
SA,46300,2023-05,14.94,175.51,0,0
SA,46300,2023-06,11.95,107.38,0,0
SA,46300,2023-07,22.9,253.16,0,0
SA,46300,2023-08,18.92,154.38,0,0
SA,46300,2023-09,12.94,104.44,0,0
SA,46300,2023-10,15.93,121.74,0,0
SA,46300,2023-11,9.96,85.1,0,0
SA,46300,2023-12,14.94,120.22,0,0
SA,46300,2024-01,5.97,52.08,0,0
SA,46300,2024-02,8.96,155.08,0,0
SA,46300,2024-03,4.98,46.58,0,0
SA,46300,2024-04,11.95,86.67,0,0
SA,46300,2024-05,5.97,89.81,0,0
SA,46300,2024-06,9.96,105.59,0,0
SA,46300,2024-07,7.97,75.36,0,0
SA,46300,2024-08,12.94,97.28,0,0
SA,46300,2024-09,8.96,102.52,0,0
SA,46300,2024-10,13.94,132.88,0,0
SA,46300,2024-11,2.99,26.69,0,0
SA,46300,2024-12,7.97,207.67,0,0
SA,46300,2025-01,1.99,14.02,0,0
SA,46300,2025-02,8.96,78.42,0,0
SA,46300,2025-03,9.96,203.29,0,0
SA,46300,2025-04,4.98,29.35,0,0
SA,46300,2025-05,5.97,48.19,0,0
SA,46300,2025-06,3.98,24.97,0,0
SA,46300,2025-07,5.97,100.33,10.95,172.25
SA,46300,2025-08,11.95,104.07,15.93,218.46
SA,46300,2025-09,18.92,221.4,16.93,454.89
SA,46300,2025-10,8.96,119.96,19.91,428.45
SA,46300,2025-11,11.95,121.17,29.87,708.65
SA,46300,2025-12,17.92,237.06,26.88,741.24
SA,46300,2026-01,4.98,43.99,12.94,308.72
SA,46300,2026-02,11.95,185.01,19.91,531.49
SA,46300,2026-03,9.96,129.81,15.93,415.95
SA,46300,2026-04,17.92,231.43,30.87,853.52
SA,46300,2026-05,0,0,1,23.3
SA,46300,2026-06,4.98,47.31,8.96,282.94
SA,46300,2026-07,9.96,143.64,10.95,301.39
SA,46300,2026-08,3.98,34.95,1.99,42.42
SA,46450,2023-01,15.13,105.83,0,0
SA,46450,2023-02,29.09,209.53,0,0
SA,46450,2023-03,18.02,134.6,0,0
SA,46450,2023-04,10.06,81.23,0,0
SA,46450,2023-05,20.22,183.48,0,0
SA,46450,2023-06,14.71,129.55,0,0
SA,46450,2023-07,16.13,144.35,0,0
SA,46450,2023-08,17.91,171.76,0,0
SA,46450,2023-09,12.82,122.26,0,0
SA,46450,2023-10,15.71,138.55,0,0
SA,46450,2023-11,21.73,227.3,0,0
SA,46450,2023-12,20.68,337.22,0,0
SA,46450,2024-01,7.08,63.27,0,0
SA,46450,2024-02,17.69,134.43,0,0
SA,46450,2024-03,23.13,214.59,0,0
SA,46450,2024-04,24.6,214.88,0,0
SA,46450,2024-05,20.8,284.32,0,0
SA,46450,2024-06,20.15,174.38,0,0
SA,46450,2024-07,20.67,177.02,0,0
SA,46450,2024-08,18.17,177.31,0,0
SA,46450,2024-09,21.05,184.56,0,0
SA,46450,2024-10,10,95.25,0,0
SA,46450,2024-11,17.69,162.99,0,0
SA,46450,2024-12,7.03,78.57,0,0
SA,46450,2025-01,7.92,58.15,0,0
SA,46450,2025-02,14.66,148.8,0,0
SA,46450,2025-03,11.83,115.92,0,0
SA,46450,2025-04,15.99,216.62,0,0
SA,46450,2025-05,7.18,88.45,0,0
SA,46450,2025-06,5.93,69.54,0,0
SA,46450,2025-07,9.91,83.11,15.84,228.93
SA,46450,2025-08,6.47,120.8,17.49,276.38
SA,46450,2025-09,12.11,90.76,19.87,399.86
SA,46450,2025-10,11.06,108.75,27.85,595.68
SA,46450,2025-11,17.65,240.74,26.79,619.6
SA,46450,2025-12,11.68,126.28,29.66,618.12
SA,46450,2026-01,3.95,38.31,7.85,186.14
SA,46450,2026-02,17.67,185.53,26.58,789.9
SA,46450,2026-03,30.55,269.66,35.06,961.42
SA,46450,2026-04,37.23,370.35,57.62,1855.97
SA,46450,2026-05,19.75,178.13,24.43,509.16
SA,46450,2026-06,30.92,292.36,22.3,525.01
SA,46450,2026-07,19.59,188.35,22.63,560.57
SA,46450,2026-08,13.81,129.09,12.54,316.93
SA,46510,2023-01,18.95,163.66,0,0
SA,46510,2023-02,31.72,307.93,0,0
SA,46510,2023-03,26.74,222.97,0,0
SA,46510,2023-04,12.72,113.5,0,0
SA,46510,2023-05,21.36,175.53,0,0
SA,46510,2023-06,23.08,310.78,0,0
SA,46510,2023-07,28.08,286.06,0,0
SA,46510,2023-08,22.3,224.68,0,0
SA,46510,2023-09,28.06,279.55,0,0
SA,46510,2023-10,21.32,193.02,0,0
SA,46510,2023-11,23.65,259.89,0,0
SA,46510,2023-12,21.02,233.73,0,0
SA,46510,2024-01,13.14,118.93,0,0
SA,46510,2024-02,23.9,295.23,0,0
SA,46510,2024-03,26.35,258.33,0,0
SA,46510,2024-04,24.63,265.84,0,0
SA,46510,2024-05,19.6,221.54,0,0
SA,46510,2024-06,23.31,368.12,0,0
SA,46510,2024-07,13.68,161.25,0,0
SA,46510,2024-08,19.79,202.22,0,0
SA,46510,2024-09,24.84,265.95,0,0
SA,46510,2024-10,21.18,232.94,0,0
SA,46510,2024-11,24.61,248.97,0,0
SA,46510,2024-12,26.3,288.98,0,0
SA,46510,2025-01,15.26,191.21,0,0
SA,46510,2025-02,18.67,207.54,0,0
SA,46510,2025-03,18.3,196.99,0,0
SA,46510,2025-04,14.28,147.29,0,0
SA,46510,2025-05,14.49,161.37,0,0
SA,46510,2025-06,16.25,157.99,0,0
SA,46510,2025-07,23.7,334.08,61.81,1043.1
SA,46510,2025-08,23.51,337.23,41.17,959.49
SA,46510,2025-09,16.2,175.57,44.05,1060.63
SA,46510,2025-10,19.21,218.39,61.23,1475.73
SA,46510,2025-11,23.08,253.16,59.39,1528.9
SA,46510,2025-12,27.49,419.72,60.98,1976.7
SA,46510,2026-01,18.4,200.64,38.52,1070.43
SA,46510,2026-02,28.58,320.32,61.08,1857.74
SA,46510,2026-03,31.8,398.93,66.67,2070.35
SA,46510,2026-04,55.18,732.96,111.55,3931.98
SA,46510,2026-05,23.85,251.05,21.7,543.4
SA,46510,2026-06,20.77,209.37,37.41,932.53
SA,46510,2026-07,23.26,237.59,36.42,876.33
SA,46510,2026-08,10.9,103.93,11.42,291.57
SA,46670,2023-01,6.04,47.77,0,0
SA,46670,2023-02,14.09,112.6,0,0
SA,46670,2023-03,13.34,121.89,0,0
SA,46670,2023-04,7.38,70.34,0,0
SA,46670,2023-05,9.28,94.61,0,0
SA,46670,2023-06,7.47,67.07,0,0
SA,46670,2023-07,12.36,145.75,0,0
SA,46670,2023-08,9.94,99.92,0,0
SA,46670,2023-09,9.21,67.2,0,0
SA,46670,2023-10,10.37,101.42,0,0
SA,46670,2023-11,15.87,230.83,0,0
SA,46670,2023-12,11.54,109.9,0,0
SA,46670,2024-01,6.31,60.63,0,0
SA,46670,2024-02,6.31,72.93,0,0
SA,46670,2024-03,5.49,67.67,0,0
SA,46670,2024-04,17.24,201.48,0,0
SA,46670,2024-05,15.16,231.56,0,0
SA,46670,2024-06,10.11,85.87,0,0
SA,46670,2024-07,21.47,291.95,0,0
SA,46670,2024-08,10.45,131.47,0,0
SA,46670,2024-09,9.47,74.15,0,0
SA,46670,2024-10,17.24,224.12,0,0
SA,46670,2024-11,15.28,256.41,0,0
SA,46670,2024-12,11.12,117.46,0,0
SA,46670,2025-01,6.3,55.01,0,0
SA,46670,2025-02,8.29,127.26,0,0
SA,46670,2025-03,9.89,111.79,0,0
SA,46670,2025-04,15.24,197.13,0,0
SA,46670,2025-05,6.14,60.09,0,0
SA,46670,2025-06,5.22,64.09,0,0
SA,46670,2025-07,12.88,157.34,19,391.61
SA,46670,2025-08,5.4,147.54,13.09,267.49
SA,46670,2025-09,9.64,102.78,11.63,230.15
SA,46670,2025-10,7.9,171.92,22.63,556.88
SA,46670,2025-11,12.35,206.63,25.63,655.59
SA,46670,2025-12,30.07,404.8,48.58,1281.37
SA,46670,2026-01,7.95,95.28,11.28,243.93
SA,46670,2026-02,6.82,82.89,12.88,391.15
SA,46670,2026-03,14.51,176.19,25.7,716.76
SA,46670,2026-04,31.42,461.52,87.25,2818.04
SA,46670,2026-05,9.47,95.24,12.63,271.44
SA,46670,2026-06,7.3,60.41,15.25,375.79
SA,46670,2026-07,12.71,147.96,23.89,624.19
SA,46670,2026-08,8.22,83.42,11.29,237.49
SA,46860,2023-01,0.4,2.88,0,0
SA,46860,2023-02,1.99,7.79,0,0
SA,46860,2023-03,3.17,22.53,0,0
SA,46860,2023-04,1.33,9.82,0,0
SA,46860,2023-05,3.32,27.42,0,0
SA,46860,2023-06,1.26,14.29,0,0
SA,46860,2023-07,5.23,34.69,0,0
SA,46860,2023-08,0.09,0.61,0,0
SA,46860,2023-09,3.32,40.46,0,0
SA,46860,2023-10,2.75,27,0,0
SA,46860,2023-11,2.33,12.1,0,0
SA,46860,2023-12,2.37,22.15,0,0
SA,46860,2024-01,0.09,0.84,0,0
SA,46860,2024-02,1.28,22.18,0,0
SA,46860,2024-03,3.19,41.53,0,0
SA,46860,2024-04,3.31,20.25,0,0
SA,46860,2024-05,1.34,11.37,0,0
SA,46860,2024-06,1.16,12.09,0,0
SA,46860,2024-07,1.64,12.29,0,0
SA,46860,2024-08,2.32,20.38,0,0
SA,46860,2024-09,1.17,3.33,0,0
SA,46860,2024-10,0.33,3.36,0,0
SA,46860,2024-11,3,43.61,0,0
SA,46860,2024-12,1.32,9.22,0,0
SA,46860,2025-01,2.15,21.08,0,0
SA,46860,2025-02,1.1,15.01,0,0
SA,46860,2025-03,2.88,32.27,0,0
SA,46860,2025-04,10.64,157.32,0,0
SA,46860,2025-05,7.17,57.29,0,0
SA,46860,2025-06,1.17,8.32,0,0
SA,46860,2025-07,2.21,59.19,4.19,120.67
SA,46860,2025-08,0.18,1.42,1.08,28.64
SA,46860,2025-09,1.1,16.72,1.26,18.05
SA,46860,2025-10,4.24,63.16,4.4,98.96
SA,46860,2025-11,2.01,23.85,5.22,152.22
SA,46860,2025-12,3.28,25.5,7.73,148.21
SA,46860,2026-01,0.22,2.21,0.43,11.07
SA,46860,2026-02,5.12,59.92,4.19,82.76
SA,46860,2026-03,2.52,33.28,5.81,140.95
SA,46860,2026-04,6.33,95.72,6.36,211.03
SA,46860,2026-05,2.17,25.58,2.11,42.11
SA,46860,2026-06,1.1,20.13,3.31,79.75
SA,46860,2026-07,2.78,25.05,3.79,70.17
SA,46860,2026-08,1.33,21.64,1.25,18.91
SA,46970,2023-01,0,0,0,0
SA,46970,2023-02,4,40.48,0,0
SA,46970,2023-03,3,23.32,0,0
SA,46970,2023-04,4,38.97,0,0
SA,46970,2023-05,4,36.52,0,0
SA,46970,2023-06,4,46.46,0,0
SA,46970,2023-07,3,33.21,0,0
SA,46970,2023-08,2,13.28,0,0
SA,46970,2023-09,6,66.64,0,0
SA,46970,2023-10,1,9.68,0,0
SA,46970,2023-11,0,0,0,0
SA,46970,2023-12,0,0,0,0
SA,46970,2024-01,0,0,0,0
SA,46970,2024-02,1,12.87,0,0
SA,46970,2024-03,3,28.9,0,0
SA,46970,2024-04,4,29.8,0,0
SA,46970,2024-05,4,129.44,0,0
SA,46970,2024-06,6,56.76,0,0
SA,46970,2024-07,1,10.56,0,0
SA,46970,2024-08,1,14.96,0,0
SA,46970,2024-09,1,13.2,0,0
SA,46970,2024-10,1,6.64,0,0
SA,46970,2024-11,1,10.56,0,0
SA,46970,2024-12,5,102.8,0,0
SA,46970,2025-01,8,77.88,0,0
SA,46970,2025-02,3,29.92,0,0
SA,46970,2025-03,3,29.04,0,0
SA,46970,2025-04,1,7.92,0,0
SA,46970,2025-05,3,36.96,0,0
SA,46970,2025-06,4,46.64,0,0
SA,46970,2025-07,1,13.2,0,0
SA,46970,2025-08,2,40.58,2,29.6
SA,46970,2025-09,1,5.28,0,0
SA,46970,2025-10,2,23.32,2,90
SA,46970,2025-11,2,18.48,1,63.84
SA,46970,2025-12,1,10.56,0,0
SA,46970,2026-01,0,0,1,18.94
SA,46970,2026-02,1,11.44,0,0
SA,46970,2026-03,0,0,1,24
SA,46970,2026-04,1,10.45,2,25.6
SA,46970,2026-05,1,13.3,0,0
SA,46970,2026-06,0,0,0,0
SA,46970,2026-07,5,69.83,5,129.9
SA,46970,2026-08,1,13.3,0,0
SA,47140,2023-01,133.2,1084.45,0,0
SA,47140,2023-02,170.24,1474.57,0,0
SA,47140,2023-03,172.73,1405.67,0,0
SA,47140,2023-04,125.36,996.44,0,0
SA,47140,2023-05,195.8,1778.25,0,0
SA,47140,2023-06,170.91,1475.77,0,0
SA,47140,2023-07,185.42,1537.36,0,0
SA,47140,2023-08,167.92,1671.58,0,0
SA,47140,2023-09,165.2,1404.17,0,0
SA,47140,2023-10,163.86,1420.07,0,0
SA,47140,2023-11,179.44,1843.69,0,0
SA,47140,2023-12,145.98,1586.84,0,0
SA,47140,2024-01,105.15,829.59,0,0
SA,47140,2024-02,159.98,1445.21,0,0
SA,47140,2024-03,145.44,1209.02,0,0
SA,47140,2024-04,170.86,1610.54,0,0
SA,47140,2024-05,170.57,1764.98,0,0
SA,47140,2024-06,133.69,1248.35,0,0
SA,47140,2024-07,197.47,1758.54,0,0
SA,47140,2024-08,179.86,1967.04,0,0
SA,47140,2024-09,173.64,1590.2,0,0
SA,47140,2024-10,175.23,1613.29,0,0
SA,47140,2024-11,157.29,1621.89,0,0
SA,47140,2024-12,159.52,1958.91,0,0
SA,47140,2025-01,118.65,1209.8,0,0
SA,47140,2025-02,124.07,1248.9,0,0
SA,47140,2025-03,137.56,1314.46,0,0
SA,47140,2025-04,116.42,1493.22,0,0
SA,47140,2025-05,114.96,1107.77,0,0
SA,47140,2025-06,62.76,762.91,0,0
SA,47140,2025-07,146.31,1526.36,296.29,4820.11
SA,47140,2025-08,88.7,944.2,208.8,4146.46
SA,47140,2025-09,135.97,1349.72,299.33,6599.42
SA,47140,2025-10,144.4,1448.4,298.64,7058.54
SA,47140,2025-11,137.55,1382.86,307.12,8488.12
SA,47140,2025-12,149.55,2572.92,290.27,9073.94
SA,47140,2026-01,101.73,974.41,218.96,6639.97
SA,47140,2026-02,161.93,1553.43,274.73,8584.75
SA,47140,2026-03,189.16,1966,379.67,12104.63
SA,47140,2026-04,215.7,2301.78,565.09,20210.63
SA,47140,2026-05,172.45,1646.79,169.15,3560.96
SA,47140,2026-06,128.91,1125.62,167.87,3713.69
SA,47140,2026-07,126.02,1229.65,183.87,4539.23
SA,47140,2026-08,73.34,771.05,91.98,2377.17
SA,47290,2023-01,0,0,0,0
SA,47290,2023-02,1.97,15.12,0,0
SA,47290,2023-03,0.97,26.98,0,0
SA,47290,2023-04,1,13.28,0,0
SA,47290,2023-05,3.28,40.13,0,0
SA,47290,2023-06,1.97,13.04,0,0
SA,47290,2023-07,2.97,42.89,0,0
SA,47290,2023-08,0,0,0,0
SA,47290,2023-09,2,13.08,0,0
SA,47290,2023-10,2.9,32.06,0,0
SA,47290,2023-11,2.93,32.51,0,0
SA,47290,2023-12,1.93,38.39,0,0
SA,47290,2024-01,2,18.52,0,0
SA,47290,2024-02,1.28,8.47,0,0
SA,47290,2024-03,0.32,2.08,0,0
SA,47290,2024-04,0,0,0,0
SA,47290,2024-05,0.32,3.14,0,0
SA,47290,2024-06,9.66,90.91,0,0
SA,47290,2024-07,10.07,77.54,0,0
SA,47290,2024-08,5.28,41.61,0,0
SA,47290,2024-09,0,0,0,0
SA,47290,2024-10,2.28,47.18,0,0
SA,47290,2024-11,4.21,38.59,0,0
SA,47290,2024-12,3.6,52.12,0,0
SA,47290,2025-01,0.32,2.78,0,0
SA,47290,2025-02,1.97,16.37,0,0
SA,47290,2025-03,3.32,84.36,0,0
SA,47290,2025-04,0.32,2.08,0,0
SA,47290,2025-05,2.97,19.57,0,0
SA,47290,2025-06,1.32,11.6,0,0
SA,47290,2025-07,1.63,15.83,2.95,40.95
SA,47290,2025-08,2,12.76,2,29.1
SA,47290,2025-09,1,26.4,1,39
SA,47290,2025-10,2.97,41.64,1.97,77.62
SA,47290,2025-11,1.63,10.67,2.26,39.3
SA,47290,2025-12,9.14,120.65,8.18,173.47
SA,47290,2026-01,1,6.6,1,23.4
SA,47290,2026-02,1.28,10.57,1.28,24.75
SA,47290,2026-03,7.93,86.6,6.9,145.15
SA,47290,2026-04,10.56,170.2,10.88,346.84
SA,47290,2026-05,0.97,6.37,0,0
SA,47290,2026-06,2.28,75.46,2.32,45.42
SA,47290,2026-07,1.97,15.79,1.97,49.48
SA,47290,2026-08,0.32,3,1,27
SA,47490,2023-01,0,0,0,0
SA,47490,2023-02,4.3,29.37,0,0
SA,47490,2023-03,3.82,25.05,0,0
SA,47490,2023-04,3.21,30.65,0,0
SA,47490,2023-05,1.6,14.63,0,0
SA,47490,2023-06,5.42,36.41,0,0
SA,47490,2023-07,1.6,9.82,0,0
SA,47490,2023-08,2.41,24.09,0,0
SA,47490,2023-09,3.23,21.13,0,0
SA,47490,2023-10,2.43,13.98,0,0
SA,47490,2023-11,4.01,48.62,0,0
SA,47490,2023-12,3.21,57.87,0,0
SA,47490,2024-01,0.8,10.65,0,0
SA,47490,2024-02,3.21,25.23,0,0
SA,47490,2024-03,2.47,23.37,0,0
SA,47490,2024-04,4.81,32.78,0,0
SA,47490,2024-05,2.41,24.35,0,0
SA,47490,2024-06,0.8,8.12,0,0
SA,47490,2024-07,1.67,12.98,0,0
SA,47490,2024-08,2.17,16.8,0,0
SA,47490,2024-09,5.61,50.62,0,0
SA,47490,2024-10,0.57,6,0,0
SA,47490,2024-11,2.41,22.23,0,0
SA,47490,2024-12,4.34,42.14,0,0
SA,47490,2025-01,1.6,9.17,0,0
SA,47490,2025-02,0.8,5.6,0,0
SA,47490,2025-03,2.45,15.46,0,0
SA,47490,2025-04,1.63,10.55,0,0
SA,47490,2025-05,0.8,4.57,0,0
SA,47490,2025-06,1.6,9.88,0,0
SA,47490,2025-07,1.6,15.88,0.8,24.63
SA,47490,2025-08,0.8,13.09,3.21,65.61
SA,47490,2025-09,2.17,20.52,2.97,43.6
SA,47490,2025-10,3.21,55.75,2.45,41.65
SA,47490,2025-11,1.63,14.56,4.81,118.15
SA,47490,2025-12,4.81,45.08,7.42,146.59
SA,47490,2026-01,1.8,31.69,1,72.96
SA,47490,2026-02,3.23,42.65,4.03,124.36
SA,47490,2026-03,3.25,31.8,4.86,117.87
SA,47490,2026-04,2.41,27.49,4.01,116.34
SA,47490,2026-05,1.6,24.35,3.21,77.75
SA,47490,2026-06,4.01,37.45,4.58,116.63
SA,47490,2026-07,0.8,8.38,1.6,53.89
SA,47490,2026-08,2.41,23.29,1.6,27.59
SA,47630,2023-01,2.09,18.01,0,0
SA,47630,2023-02,6.18,192.34,0,0
SA,47630,2023-03,8.11,81.55,0,0
SA,47630,2023-04,9.08,135.72,0,0
SA,47630,2023-05,5.24,51.75,0,0
SA,47630,2023-06,2.34,28.87,0,0
SA,47630,2023-07,5.33,45.27,0,0
SA,47630,2023-08,12.26,102.98,0,0
SA,47630,2023-09,17.07,143.5,0,0
SA,47630,2023-10,19.21,213.62,0,0
SA,47630,2023-11,5.68,51.66,0,0
SA,47630,2023-12,12.38,114.8,0,0
SA,47630,2024-01,4.18,42.23,0,0
SA,47630,2024-02,2.99,23.01,0,0
SA,47630,2024-03,3.05,31.73,0,0
SA,47630,2024-04,7.23,85.87,0,0
SA,47630,2024-05,5.12,54.19,0,0
SA,47630,2024-06,2.37,18.25,0,0
SA,47630,2024-07,5.05,44.79,0,0
SA,47630,2024-08,12.97,117.16,0,0
SA,47630,2024-09,8.17,72.8,0,0
SA,47630,2024-10,9.19,65.75,0,0
SA,47630,2024-11,6.28,59.53,0,0
SA,47630,2024-12,10.09,107.77,0,0
SA,47630,2025-01,1.13,27.42,0,0
SA,47630,2025-02,2.08,13.9,0,0
SA,47630,2025-03,5.25,44.81,0,0
SA,47630,2025-04,10.15,88.74,0,0
SA,47630,2025-05,9.2,70.54,0,0
SA,47630,2025-06,0.27,4.97,0,0
SA,47630,2025-07,3.24,78.75,6.4,138
SA,47630,2025-08,0.31,3.2,2.45,26.8
SA,47630,2025-09,2.15,27.15,4.21,70.61
SA,47630,2025-10,7.19,68.97,11.61,275.54
SA,47630,2025-11,9.3,208.07,12.55,325.78
SA,47630,2025-12,8.45,140.68,22.44,751.06
SA,47630,2026-01,1.27,22.56,5.3,123.71
SA,47630,2026-02,4.28,96.11,4.33,150.67
SA,47630,2026-03,9.32,158.93,10.4,313.9
SA,47630,2026-04,13.3,222.31,27.69,1000.63
SA,47630,2026-05,1.13,10.67,3.31,62.35
SA,47630,2026-06,2.27,28.51,2.36,63.45
SA,47630,2026-07,5.3,78.31,7.52,195.42
SA,47630,2026-08,6.45,85.65,7.37,189.13
SA,47700,2023-01,120.4,926.18,0,0
SA,47700,2023-02,125.79,962.34,0,0
SA,47700,2023-03,137.66,1092.66,0,0
SA,47700,2023-04,92.33,748.63,0,0
SA,47700,2023-05,104.58,840.3,0,0
SA,47700,2023-06,122.18,986.81,0,0
SA,47700,2023-07,123.12,1039.99,0,0
SA,47700,2023-08,137.9,1186.49,0,0
SA,47700,2023-09,135.16,1128,0,0
SA,47700,2023-10,135.43,1221.32,0,0
SA,47700,2023-11,157.71,1447.43,0,0
SA,47700,2023-12,114.72,1249.04,0,0
SA,47700,2024-01,100.93,830.99,0,0
SA,47700,2024-02,111.77,924.41,0,0
SA,47700,2024-03,89.12,761.31,0,0
SA,47700,2024-04,108.91,1003.99,0,0
SA,47700,2024-05,106.78,945.88,0,0
SA,47700,2024-06,93.29,835.3,0,0
SA,47700,2024-07,103.97,932.35,0,0
SA,47700,2024-08,127.94,1203.99,0,0
SA,47700,2024-09,113.12,1104.55,0,0
SA,47700,2024-10,115.45,1108.01,0,0
SA,47700,2024-11,106.13,1029.65,0,0
SA,47700,2024-12,100.32,1040.34,0,0
SA,47700,2025-01,88.58,823.71,0,0
SA,47700,2025-02,99.8,912.89,0,0
SA,47700,2025-03,118.45,1327.97,0,0
SA,47700,2025-04,104.12,1047.78,0,0
SA,47700,2025-05,64.85,632.02,0,0
SA,47700,2025-06,53.08,453.41,0,0
SA,47700,2025-07,112.95,1208.04,228.76,3580.18
SA,47700,2025-08,73.29,741.46,186.83,3244.18
SA,47700,2025-09,123.49,1293.64,227.9,4863.65
SA,47700,2025-10,107.85,1090.91,227.03,5278.45
SA,47700,2025-11,132.69,1359.6,229.15,5835.29
SA,47700,2025-12,123.36,1277.67,232.49,6602.14
SA,47700,2026-01,89.21,897.38,157.94,4583.92
SA,47700,2026-02,146.76,1522.63,252.62,7185.66
SA,47700,2026-03,159.01,1675.82,305.28,9436.81
SA,47700,2026-04,198.31,2373.4,475.86,16831.06
SA,47700,2026-05,148.82,1411.72,140.38,3105.91
SA,47700,2026-06,124.33,1209.35,153.04,3372.59
SA,47700,2026-07,116.04,1203.19,169.35,4148.27
SA,47700,2026-08,48.31,434.95,69.74,1729.79
SA,47800,2023-01,5.73,47.82,0,0
SA,47800,2023-02,6.8,67.17,0,0
SA,47800,2023-03,13.57,117.45,0,0
SA,47800,2023-04,9.86,79.05,0,0
SA,47800,2023-05,9.43,70.29,0,0
SA,47800,2023-06,10.35,98.23,0,0
SA,47800,2023-07,7.33,73.61,0,0
SA,47800,2023-08,3.71,33.11,0,0
SA,47800,2023-09,11.51,90.46,0,0
SA,47800,2023-10,5.62,84.22,0,0
SA,47800,2023-11,10.17,84.87,0,0
SA,47800,2023-12,4.83,43.17,0,0
SA,47800,2024-01,4,37.84,0,0
SA,47800,2024-02,7.32,56.09,0,0
SA,47800,2024-03,7.64,62.25,0,0
SA,47800,2024-04,5.66,43.96,0,0
SA,47800,2024-05,6.04,55.69,0,0
SA,47800,2024-06,6.18,44.58,0,0
SA,47800,2024-07,8.65,87.15,0,0
SA,47800,2024-08,13.42,137.39,0,0
SA,47800,2024-09,8.78,106.63,0,0
SA,47800,2024-10,5.44,46.35,0,0
SA,47800,2024-11,8.7,151.65,0,0
SA,47800,2024-12,8.44,158.61,0,0
SA,47800,2025-01,4.25,50.99,0,0
SA,47800,2025-02,6.78,93.89,0,0
SA,47800,2025-03,4.89,50.73,0,0
SA,47800,2025-04,2.29,32.3,0,0
SA,47800,2025-05,2.69,49.2,0,0
SA,47800,2025-06,0.68,10.84,0,0
SA,47800,2025-07,7.55,98.41,10.71,190.73
SA,47800,2025-08,5.73,70.85,8.73,170.6
SA,47800,2025-09,5.33,53.9,7.78,184.89
SA,47800,2025-10,4.33,81.32,11.51,223.2
SA,47800,2025-11,4.99,37.7,10.42,225.72
SA,47800,2025-12,11.07,128.57,19.44,452.33
SA,47800,2026-01,3.72,40.27,6.51,156.89
SA,47800,2026-02,12.43,177.1,18,625.15
SA,47800,2026-03,9.96,97.19,20.38,714.95
SA,47800,2026-04,24.26,286.62,35.38,1318.71
SA,47800,2026-05,6.72,85.25,6.14,140.97
SA,47800,2026-06,11.65,117.11,12.23,293.87
SA,47800,2026-07,1.06,7,3.63,69.5
SA,47800,2026-08,2.26,16.85,3.33,68.34
SA,47910,2023-01,3.07,16.93,0,0
SA,47910,2023-02,2.52,25.61,0,0
SA,47910,2023-03,3.18,21.05,0,0
SA,47910,2023-04,3.24,34.63,0,0
SA,47910,2023-05,2.29,19.03,0,0
SA,47910,2023-06,1.76,18.86,0,0
SA,47910,2023-07,3.83,28.75,0,0
SA,47910,2023-08,2.64,17.43,0,0
SA,47910,2023-09,5.26,34.47,0,0
SA,47910,2023-10,3.51,54.8,0,0
SA,47910,2023-11,3.68,32.99,0,0
SA,47910,2023-12,5.17,78.88,0,0
SA,47910,2024-01,0.92,7.92,0,0
SA,47910,2024-02,1.85,13.67,0,0
SA,47910,2024-03,0.27,1.46,0,0
SA,47910,2024-04,3.79,50.68,0,0
SA,47910,2024-05,1.75,11.91,0,0
SA,47910,2024-06,1.08,9.56,0,0
SA,47910,2024-07,1.64,18.55,0,0
SA,47910,2024-08,2.47,17.2,0,0
SA,47910,2024-09,1.64,12.26,0,0
SA,47910,2024-10,4.93,49.69,0,0
SA,47910,2024-11,0.22,2.52,0,0
SA,47910,2024-12,4.63,42.86,0,0
SA,47910,2025-01,1.2,12.98,0,0
SA,47910,2025-02,2.41,22.74,0,0
SA,47910,2025-03,2.91,24.52,0,0
SA,47910,2025-04,0.38,4.91,0,0
SA,47910,2025-05,2.47,18.59,0,0
SA,47910,2025-06,0.22,8.52,0,0
SA,47910,2025-07,1.75,18.06,3.9,72.61
SA,47910,2025-08,0.93,7.63,7.03,86.57
SA,47910,2025-09,4.51,39.17,7.14,111.85
SA,47910,2025-10,2.95,23.65,6.2,102.09
SA,47910,2025-11,1.8,24.14,5.85,173.76
SA,47910,2025-12,3.87,42.2,6.82,182.48
SA,47910,2026-01,1.22,20.24,2.53,49.2
SA,47910,2026-02,4.26,34.62,5.25,98.2
SA,47910,2026-03,6.14,81,9.48,248.9
SA,47910,2026-04,5.58,66.15,7.88,244.55
SA,47910,2026-05,1.59,38.27,1.42,22.55
SA,47910,2026-06,3.24,24.68,6.27,125.04
SA,47910,2026-07,2.45,23.37,4.38,108
SA,47910,2026-08,2.25,23.3,2.08,60.44
SA,47980,2023-01,40.17,369.33,0,0
SA,47980,2023-02,44.97,430.55,0,0
SA,47980,2023-03,43.8,438.1,0,0
SA,47980,2023-04,39.65,427.69,0,0
SA,47980,2023-05,34.89,365.45,0,0
SA,47980,2023-06,45.05,502.49,0,0
SA,47980,2023-07,46.75,525.68,0,0
SA,47980,2023-08,41.45,427.34,0,0
SA,47980,2023-09,39.03,380.35,0,0
SA,47980,2023-10,59.73,629.76,0,0
SA,47980,2023-11,57.72,743.07,0,0
SA,47980,2023-12,53.72,655.21,0,0
SA,47980,2024-01,31.38,321.16,0,0
SA,47980,2024-02,47.05,499.22,0,0
SA,47980,2024-03,31.19,360.16,0,0
SA,47980,2024-04,37.32,457.63,0,0
SA,47980,2024-05,34.62,468.14,0,0
SA,47980,2024-06,33.29,399.87,0,0
SA,47980,2024-07,31.53,429.22,0,0
SA,47980,2024-08,43.01,553.84,0,0
SA,47980,2024-09,30.43,353.5,0,0
SA,47980,2024-10,32.61,450.05,0,0
SA,47980,2024-11,51.93,598.4,0,0
SA,47980,2024-12,35.98,460.27,0,0
SA,47980,2025-01,43.44,457.93,0,0
SA,47980,2025-02,41.85,444.02,0,0
SA,47980,2025-03,45.77,607.94,0,0
SA,47980,2025-04,34.15,443.66,0,0
SA,47980,2025-05,21.02,292.51,0,0
SA,47980,2025-06,26.16,294.54,0,0
SA,47980,2025-07,50.39,541.03,140.59,2407.77
SA,47980,2025-08,53.19,591.13,109.23,2013.6
SA,47980,2025-09,48.44,509.46,97.87,2179.91
SA,47980,2025-10,46.24,510.34,93.1,2157.94
SA,47980,2025-11,49.37,655.35,113.29,3105.82
SA,47980,2025-12,51.72,641.09,99.67,2984.36
SA,47980,2026-01,35.59,371.6,77.96,2201.81
SA,47980,2026-02,57.37,677.53,108.81,3260.09
SA,47980,2026-03,58.99,707.95,134.05,4192.1
SA,47980,2026-04,95.05,1158.52,202.92,7068.3
SA,47980,2026-05,52.35,526.5,71.48,1391.07
SA,47980,2026-06,65.41,663.06,97.35,2265.69
SA,47980,2026-07,58.79,580.61,72.39,1615.75
SA,47980,2026-08,29.68,285.17,44.4,1074.05
SA,48050,2023-01,20.16,178.04,0,0
SA,48050,2023-02,35.23,257.23,0,0
SA,48050,2023-03,23.72,157.5,0,0
SA,48050,2023-04,18.15,141.73,0,0
SA,48050,2023-05,31.32,326.16,0,0
SA,48050,2023-06,32.49,370.19,0,0
SA,48050,2023-07,29.42,436.57,0,0
SA,48050,2023-08,42.21,384.01,0,0
SA,48050,2023-09,29.53,220.46,0,0
SA,48050,2023-10,26.69,283.83,0,0
SA,48050,2023-11,36.18,326.38,0,0
SA,48050,2023-12,26.69,392.38,0,0
SA,48050,2024-01,13.4,112.86,0,0
SA,48050,2024-02,27.75,227.47,0,0
SA,48050,2024-03,27.64,201.54,0,0
SA,48050,2024-04,25.62,242.75,0,0
SA,48050,2024-05,20.04,189.09,0,0
SA,48050,2024-06,18.15,150.61,0,0
SA,48050,2024-07,21.83,167.1,0,0
SA,48050,2024-08,24.9,229.37,0,0
SA,48050,2024-09,22.06,204.91,0,0
SA,48050,2024-10,30.6,285.99,0,0
SA,48050,2024-11,26.69,244.06,0,0
SA,48050,2024-12,26.57,293.86,0,0
SA,48050,2025-01,26.69,265.38,0,0
SA,48050,2025-02,21.11,209.37,0,0
SA,48050,2025-03,18.03,157.95,0,0
SA,48050,2025-04,23.84,236.17,0,0
SA,48050,2025-05,32.38,307.35,0,0
SA,48050,2025-06,7.93,116.42,0,0
SA,48050,2025-07,29.53,253.49,47.56,759.91
SA,48050,2025-08,20.16,202.37,39.14,783.12
SA,48050,2025-09,22.78,218.9,27.64,555.76
SA,48050,2025-10,39.02,396.13,53.37,1157.43
SA,48050,2025-11,31.32,311.89,37.35,865.81
SA,48050,2025-12,29.88,374.9,53.49,1416.95
SA,48050,2026-01,21.94,207.17,30.6,742.06
SA,48050,2026-02,34.28,327.26,43.88,1254.34
SA,48050,2026-03,50.64,563.83,74.71,2046.27
SA,48050,2026-04,49.92,521.1,79.68,2578.64
SA,48050,2026-05,41.98,376.26,34.39,671.66
SA,48050,2026-06,44.72,445.07,46.5,926.21
SA,48050,2026-07,39.86,353.66,48.4,1037.84
SA,48050,2026-08,24.9,200.64,19.21,426.38
SA,48130,2023-01,3.9,31.5,0,0
SA,48130,2023-02,5.91,50.49,0,0
SA,48130,2023-03,8.25,66.94,0,0
SA,48130,2023-04,10.64,90.22,0,0
SA,48130,2023-05,10.47,90.07,0,0
SA,48130,2023-06,6.14,57.18,0,0
SA,48130,2023-07,17.15,181.19,0,0
SA,48130,2023-08,8.89,71.48,0,0
SA,48130,2023-09,6.1,46.84,0,0
SA,48130,2023-10,13.98,116.93,0,0
SA,48130,2023-11,7.4,81.39,0,0
SA,48130,2023-12,13.62,255.85,0,0
SA,48130,2024-01,8.7,85.27,0,0
SA,48130,2024-02,14.93,134.39,0,0
SA,48130,2024-03,7.03,72.96,0,0
SA,48130,2024-04,11.11,99.06,0,0
SA,48130,2024-05,9.4,87.9,0,0
SA,48130,2024-06,9.07,79.84,0,0
SA,48130,2024-07,16.88,130.14,0,0
SA,48130,2024-08,16.95,156.99,0,0
SA,48130,2024-09,6.94,90.6,0,0
SA,48130,2024-10,2.7,23.5,0,0
SA,48130,2024-11,7.47,56.23,0,0
SA,48130,2024-12,9.24,97.6,0,0
SA,48130,2025-01,7.26,107.69,0,0
SA,48130,2025-02,5.03,47.63,0,0
SA,48130,2025-03,8.42,105.74,0,0
SA,48130,2025-04,8.94,72.13,0,0
SA,48130,2025-05,6.65,74.59,0,0
SA,48130,2025-06,2.12,20.77,0,0
SA,48130,2025-07,4.45,37.34,15.61,256.23
SA,48130,2025-08,8.59,120.08,9.77,183.78
SA,48130,2025-09,4.35,43.18,7.37,129.19
SA,48130,2025-10,8.28,106.43,12.77,246.64
SA,48130,2025-11,11.16,145.67,17.21,456.44
SA,48130,2025-12,7.05,75.93,11.06,273.27
SA,48130,2026-01,9.11,72.34,8.23,218.48
SA,48130,2026-02,5.51,86.96,14.78,456.01
SA,48130,2026-03,4.78,67.62,14.37,427.94
SA,48130,2026-04,16.06,217.77,30.15,1152.36
SA,48130,2026-05,3.42,33.57,6.45,148.49
SA,48130,2026-06,8.11,63.25,10.84,256.31
SA,48130,2026-07,10.09,89.03,9.35,198.36
SA,48130,2026-08,7.82,82.32,3.19,51.71
SA,48260,2023-01,4.09,32.92,0,0
SA,48260,2023-02,9.81,103.07,0,0
SA,48260,2023-03,8.18,92.06,0,0
SA,48260,2023-04,9.81,81.16,0,0
SA,48260,2023-05,9,61.63,0,0
SA,48260,2023-06,10.63,119.88,0,0
SA,48260,2023-07,9,77.02,0,0
SA,48260,2023-08,9.81,173.1,0,0
SA,48260,2023-09,10.63,93.49,0,0
SA,48260,2023-10,13.08,146.63,0,0
SA,48260,2023-11,9,127.74,0,0
SA,48260,2023-12,5.72,62.08,0,0
SA,48260,2024-01,6.54,57.06,0,0
SA,48260,2024-02,5.72,46.66,0,0
SA,48260,2024-03,9,93.23,0,0
SA,48260,2024-04,5.72,103.48,0,0
SA,48260,2024-05,9.81,106.7,0,0
SA,48260,2024-06,5.72,58.08,0,0
SA,48260,2024-07,9,121.32,0,0
SA,48260,2024-08,10.63,154,0,0
SA,48260,2024-09,7.36,86.28,0,0
SA,48260,2024-10,7.36,95.66,0,0
SA,48260,2024-11,9.81,119.22,0,0
SA,48260,2024-12,13.9,212.69,0,0
SA,48260,2025-01,6.54,58.01,0,0
SA,48260,2025-02,9.81,127.52,0,0
SA,48260,2025-03,9,92.28,0,0
SA,48260,2025-04,8.18,91.13,0,0
SA,48260,2025-05,7.36,81.07,0,0
SA,48260,2025-06,4.91,69.17,0,0
SA,48260,2025-07,4.91,61.24,23.71,389.48
SA,48260,2025-08,6.54,84.41,18.81,408.87
SA,48260,2025-09,9,108.1,22.08,525.54
SA,48260,2025-10,13.08,152.97,28.62,821.44
SA,48260,2025-11,9,110.84,19.63,624.47
SA,48260,2025-12,9.81,170.98,30.26,1060.53
SA,48260,2026-01,1.64,18.24,17.17,483.79
SA,48260,2026-02,14.72,168.79,23.71,730.87
SA,48260,2026-03,16.35,220.69,33.53,1131.02
SA,48260,2026-04,17.99,238.91,50.7,1958.05
SA,48260,2026-05,10.63,140.4,13.9,356.45
SA,48260,2026-06,10.63,112,14.72,447.81
SA,48260,2026-07,11.45,143.22,15.54,386.29
SA,48260,2026-08,3.27,38.1,6.54,148.33
SA,48340,2023-01,13.4,128.47,0,0
SA,48340,2023-02,5.15,36.97,0,0
SA,48340,2023-03,13.7,125.14,0,0
SA,48340,2023-04,10.29,78.39,0,0
SA,48340,2023-05,16.28,214.24,0,0
SA,48340,2023-06,13.88,120.05,0,0
SA,48340,2023-07,9.27,112.41,0,0
SA,48340,2023-08,8.59,75.75,0,0
SA,48340,2023-09,18.01,211.41,0,0
SA,48340,2023-10,4.99,34.28,0,0
SA,48340,2023-11,13.7,131.22,0,0
SA,48340,2023-12,13.38,112.33,0,0
SA,48340,2024-01,7.99,142.38,0,0
SA,48340,2024-02,7.58,60.08,0,0
SA,48340,2024-03,6.52,60.87,0,0
SA,48340,2024-04,7.32,73.72,0,0
SA,48340,2024-05,11.75,117.34,0,0
SA,48340,2024-06,6.95,75.42,0,0
SA,48340,2024-07,8.6,74.8,0,0
SA,48340,2024-08,8.2,88.22,0,0
SA,48340,2024-09,9.33,101.73,0,0
SA,48340,2024-10,11.4,119.62,0,0
SA,48340,2024-11,12.28,115.6,0,0
SA,48340,2024-12,9.98,213.69,0,0
SA,48340,2025-01,2.25,16.4,0,0
SA,48340,2025-02,11.64,108.76,0,0
SA,48340,2025-03,11.39,145.05,0,0
SA,48340,2025-04,3.86,52.71,0,0
SA,48340,2025-05,11.94,148.12,0,0
SA,48340,2025-06,7.86,57.02,0,0
SA,48340,2025-07,17.57,223.78,13.69,217.05
SA,48340,2025-08,9.32,85.67,6.23,119.85
SA,48340,2025-09,18.18,131.9,18.24,390.62
SA,48340,2025-10,17.03,152.74,21.52,468.27
SA,48340,2025-11,15.4,146.28,33.33,611.78
SA,48340,2025-12,12.81,103.76,14.76,377.01
SA,48340,2026-01,9.25,68.81,13.21,369.93
SA,48340,2026-02,14.49,136.54,11.5,260.56
SA,48340,2026-03,28.92,392.23,30.55,841.34
SA,48340,2026-04,26.62,308.55,38.15,1056.56
SA,48340,2026-05,10.15,93.14,2.62,51.22
SA,48340,2026-06,14.54,131.43,11.21,302.2
SA,48340,2026-07,17.52,160.04,23.21,511.81
SA,48340,2026-08,10.31,78.82,11.21,274.06
SA,48410,2023-01,43.94,380.77,0,0
SA,48410,2023-02,66.67,703.17,0,0
SA,48410,2023-03,88.28,789.16,0,0
SA,48410,2023-04,47.45,474.18,0,0
SA,48410,2023-05,62.57,573.26,0,0
SA,48410,2023-06,61.67,622.74,0,0
SA,48410,2023-07,65.46,648.53,0,0
SA,48410,2023-08,66,587.51,0,0
SA,48410,2023-09,59.78,579.52,0,0
SA,48410,2023-10,67.87,674.84,0,0
SA,48410,2023-11,69.82,887.6,0,0
SA,48410,2023-12,76.06,853.87,0,0
SA,48410,2024-01,42.99,391.81,0,0
SA,48410,2024-02,60.1,518.92,0,0
SA,48410,2024-03,49.14,474.66,0,0
SA,48410,2024-04,55.29,520.34,0,0
SA,48410,2024-05,63.62,748.84,0,0
SA,48410,2024-06,51.84,531.03,0,0
SA,48410,2024-07,69.14,857.44,0,0
SA,48410,2024-08,70.15,839.43,0,0
SA,48410,2024-09,45.73,473.2,0,0
SA,48410,2024-10,53.86,586.45,0,0
SA,48410,2024-11,62.94,704.61,0,0
SA,48410,2024-12,77.14,1048.61,0,0
SA,48410,2025-01,43.41,472.81,0,0
SA,48410,2025-02,55.81,592.26,0,0
SA,48410,2025-03,55.58,712.33,0,0
SA,48410,2025-04,36.63,513.82,0,0
SA,48410,2025-05,35.61,406.52,0,0
SA,48410,2025-06,37.31,535.63,0,0
SA,48410,2025-07,62.69,776.72,112.45,1930.84
SA,48410,2025-08,61.3,718.45,118.89,2317.25
SA,48410,2025-09,57.35,629.04,118.59,2522.43
SA,48410,2025-10,70.99,681.5,157.5,3824.34
SA,48410,2025-11,69.36,775.42,133.27,3550.46
SA,48410,2025-12,83.51,998.39,150.62,4049.22
SA,48410,2026-01,42.38,435.15,96.08,2680.38
SA,48410,2026-02,70.16,692.14,131.03,3745.03
SA,48410,2026-03,88.16,991.71,179.23,5709.02
SA,48410,2026-04,134.71,1722.5,296.09,10534.11
SA,48410,2026-05,89.81,939.26,89.86,1861.2
SA,48410,2026-06,55.96,564.27,75.98,1718.77
SA,48410,2026-07,59.09,603.52,78.88,1791.51
SA,48410,2026-08,41.04,368.17,46.82,1061.28
SA,48540,2023-01,9,112.9,0,0
SA,48540,2023-02,25,242.46,0,0
SA,48540,2023-03,26,208.82,0,0
SA,48540,2023-04,17,135.42,0,0
SA,48540,2023-05,31,226.14,0,0
SA,48540,2023-06,27,175.63,0,0
SA,48540,2023-07,15,145.94,0,0
SA,48540,2023-08,36,304.74,0,0
SA,48540,2023-09,25,185.89,0,0
SA,48540,2023-10,19,185.66,0,0
SA,48540,2023-11,25,553.52,0,0
SA,48540,2023-12,16,142.46,0,0
SA,48540,2024-01,10,74.68,0,0
SA,48540,2024-02,20,157.69,0,0
SA,48540,2024-03,17,154.78,0,0
SA,48540,2024-04,16,119.4,0,0
SA,48540,2024-05,23,178.62,0,0
SA,48540,2024-06,20,174.66,0,0
SA,48540,2024-07,19,175.55,0,0
SA,48540,2024-08,19,186.55,0,0
SA,48540,2024-09,21,181.36,0,0
SA,48540,2024-10,20,149.91,0,0
SA,48540,2024-11,16,217.72,0,0
SA,48540,2024-12,15,108.11,0,0
SA,48540,2025-01,8,92.16,0,0
SA,48540,2025-02,12,106,0,0
SA,48540,2025-03,18,148.33,0,0
SA,48540,2025-04,6,48.01,0,0
SA,48540,2025-05,19,255.08,0,0
SA,48540,2025-06,7,89.34,0,0
SA,48540,2025-07,16,161.35,14,286.03
SA,48540,2025-08,8,58.62,10,179.34
SA,48540,2025-09,23,223.16,37,609.85
SA,48540,2025-10,14,140.2,15,388.3
SA,48540,2025-11,22,195.47,33,702.46
SA,48540,2025-12,11,77.88,15,409.16
SA,48540,2026-01,11,104.13,14,179.72
SA,48540,2026-02,16,134.44,28,504.02
SA,48540,2026-03,12,148.62,28,728.52
SA,48540,2026-04,13,199.74,27,966.31
SA,48540,2026-05,12,120.86,16,346.77
SA,48540,2026-06,10,134.06,18,460.54
SA,48540,2026-07,19,184.58,25,540.78
SA,48540,2026-08,6,80.55,7,214
SA,48640,2023-01,0,0,0,0
SA,48640,2023-02,4.66,37.03,0,0
SA,48640,2023-03,0,0,0,0
SA,48640,2023-04,1,5.33,0,0
SA,48640,2023-05,0,0,0,0
SA,48640,2023-06,0,0,0,0
SA,48640,2023-07,1,6.64,0,0
SA,48640,2023-08,0,0,0,0
SA,48640,2023-09,0.92,12.08,0,0
SA,48640,2023-10,0.92,5.7,0,0
SA,48640,2023-11,2,16.28,0,0
SA,48640,2023-12,1,6.6,0,0
SA,48640,2024-01,0,0,0,0
SA,48640,2024-02,0,0,0,0
SA,48640,2024-03,3.75,31.53,0,0
SA,48640,2024-04,1,7.5,0,0
SA,48640,2024-05,0,0,0,0
SA,48640,2024-06,2,24.15,0,0
SA,48640,2024-07,1.92,14.66,0,0
SA,48640,2024-08,0,0,0,0
SA,48640,2024-09,0,0,0,0
SA,48640,2024-10,0,0,0,0
SA,48640,2024-11,2,29.48,0,0
SA,48640,2024-12,1,11.4,0,0
SA,48640,2025-01,0,0,0,0
SA,48640,2025-02,0,0,0,0
SA,48640,2025-03,2.83,17,0,0
SA,48640,2025-04,0.92,8.86,0,0
SA,48640,2025-05,0,0,0,0
SA,48640,2025-06,0,0,0,0
SA,48640,2025-07,0,0,1,19.32
SA,48640,2025-08,0,0,0,0
SA,48640,2025-09,0,0,1,12.8
SA,48640,2025-10,0,0,1.83,23.43
SA,48640,2025-11,0.92,17.72,1,20
SA,48640,2025-12,0,0,0,0
SA,48640,2026-01,0,0,0,0
SA,48640,2026-02,0.92,10.44,0.92,20.5
SA,48640,2026-03,2.83,36.22,2.83,103.04
SA,48640,2026-04,2,27.55,4,110.4
SA,48640,2026-05,0,0,0,0
SA,48640,2026-06,0,0,0,0
SA,48640,2026-07,4,41.33,2,60.8
SA,48640,2026-08,0,0,0,0
SA,48750,2023-01,9.09,75.71,0,0
SA,48750,2023-02,14.39,126.22,0,0
SA,48750,2023-03,16.41,139.12,0,0
SA,48750,2023-04,9.15,80.3,0,0
SA,48750,2023-05,15.46,128.94,0,0
SA,48750,2023-06,9.25,80.68,0,0
SA,48750,2023-07,12.44,140.25,0,0
SA,48750,2023-08,24.14,292.42,0,0
SA,48750,2023-09,16.3,153.24,0,0
SA,48750,2023-10,14.31,127.06,0,0
SA,48750,2023-11,16.45,183.76,0,0
SA,48750,2023-12,22.36,267.36,0,0
SA,48750,2024-01,7.13,69.47,0,0
SA,48750,2024-02,13.21,112.82,0,0
SA,48750,2024-03,6.25,77.66,0,0
SA,48750,2024-04,5.41,41.02,0,0
SA,48750,2024-05,10.17,76.02,0,0
SA,48750,2024-06,10.12,90.79,0,0
SA,48750,2024-07,13.32,137.66,0,0
SA,48750,2024-08,14.15,119.25,0,0
SA,48750,2024-09,10.06,78.93,0,0
SA,48750,2024-10,15.24,193.06,0,0
SA,48750,2024-11,12.28,116.29,0,0
SA,48750,2024-12,8.4,169.42,0,0
SA,48750,2025-01,10.26,86.34,0,0
SA,48750,2025-02,14.08,129.01,0,0
SA,48750,2025-03,4.3,37.28,0,0
SA,48750,2025-04,16.23,249.96,0,0
SA,48750,2025-05,10.42,99.57,0,0
SA,48750,2025-06,4.78,33.69,0,0
SA,48750,2025-07,15.32,121.32,21.68,322.56
SA,48750,2025-08,10.09,92.59,20.42,329.43
SA,48750,2025-09,13.37,117.41,20.41,347.52
SA,48750,2025-10,8.44,100.64,11.56,264.37
SA,48750,2025-11,11.5,108.17,23.27,601.56
SA,48750,2025-12,18,276.9,28.44,798.35
SA,48750,2026-01,7.19,83.88,15.24,315.98
SA,48750,2026-02,11.39,134.51,19.46,477.87
SA,48750,2026-03,15.39,160.03,33.46,1080.38
SA,48750,2026-04,22.15,300.43,42.35,1392.08
SA,48750,2026-05,17.32,144.35,20.25,367.66
SA,48750,2026-06,10.53,104.25,15.71,335.98
SA,48750,2026-07,11.59,104.36,16.75,386.19
SA,48750,2026-08,6.11,62.37,11.06,284.15
SA,48830,2023-01,17.12,161.4,0,0
SA,48830,2023-02,29.12,285.63,0,0
SA,48830,2023-03,27.13,262.02,0,0
SA,48830,2023-04,17.1,153.1,0,0
SA,48830,2023-05,34.23,302.21,0,0
SA,48830,2023-06,26.66,309.8,0,0
SA,48830,2023-07,26.2,238.11,0,0
SA,48830,2023-08,23.28,200.98,0,0
SA,48830,2023-09,18.23,200.99,0,0
SA,48830,2023-10,21.15,173.25,0,0
SA,48830,2023-11,35.16,334.95,0,0
SA,48830,2023-12,24.57,288.65,0,0
SA,48830,2024-01,18.25,174.34,0,0
SA,48830,2024-02,22.23,260.87,0,0
SA,48830,2024-03,17.51,168.12,0,0
SA,48830,2024-04,16.12,126.9,0,0
SA,48830,2024-05,20.18,178.16,0,0
SA,48830,2024-06,20.16,186.83,0,0
SA,48830,2024-07,14.31,124.23,0,0
SA,48830,2024-08,19.13,206.25,0,0
SA,48830,2024-09,24.44,227.51,0,0
SA,48830,2024-10,27.36,363.92,0,0
SA,48830,2024-11,21.44,206.02,0,0
SA,48830,2024-12,30.2,369.08,0,0
SA,48830,2025-01,20.2,244.32,0,0
SA,48830,2025-02,24.46,267.92,0,0
SA,48830,2025-03,27.43,297.65,0,0
SA,48830,2025-04,26.05,277.77,0,0
SA,48830,2025-05,17.1,158.94,0,0
SA,48830,2025-06,10.15,109.97,0,0
SA,48830,2025-07,29.12,292.31,44.46,714.98
SA,48830,2025-08,22.15,227.83,33.49,519.15
SA,48830,2025-09,23.2,251.23,33.3,560.82
SA,48830,2025-10,20.3,218.35,34.01,698.86
SA,48830,2025-11,22.28,281.02,32.35,781.4
SA,48830,2025-12,24.46,343.58,40.57,991.69
SA,48830,2026-01,12.18,138.95,19.33,406.29
SA,48830,2026-02,28.2,384.38,52.36,1107.14
SA,48830,2026-03,31.73,390.21,44.85,1037.2
SA,48830,2026-04,37.6,424.26,69.53,1965.09
SA,48830,2026-05,40.18,403.54,42.25,711.68
SA,48830,2026-06,49.46,459.62,55.54,888.33
SA,48830,2026-07,21.37,291.72,27.16,560.37
SA,48830,2026-08,17.16,199.83,21.13,456.34
TAS,60210,2023-01,3.38,23.32,0,0
TAS,60210,2023-02,6.43,51.37,0,0
TAS,60210,2023-03,4.22,60.21,0,0
TAS,60210,2023-04,8.38,70.53,0,0
TAS,60210,2023-05,12.12,80.3,0,0
TAS,60210,2023-06,11.33,99.27,0,0
TAS,60210,2023-07,5.75,54.17,0,0
TAS,60210,2023-08,3.32,20.39,0,0
TAS,60210,2023-09,10.75,84.75,0,0
TAS,60210,2023-10,11.07,85.45,0,0
TAS,60210,2023-11,15.12,115.66,0,0
TAS,60210,2023-12,2.8,25.1,0,0
TAS,60210,2024-01,1.48,13.93,0,0
TAS,60210,2024-02,16.75,117.89,0,0
TAS,60210,2024-03,7.85,63.4,0,0
TAS,60210,2024-04,9.38,88.26,0,0
TAS,60210,2024-05,14.13,133.13,0,0
TAS,60210,2024-06,3.12,22.64,0,0
TAS,60210,2024-07,4.38,36.44,0,0
TAS,60210,2024-08,8.23,65.18,0,0
TAS,60210,2024-09,3.32,37.19,0,0
TAS,60210,2024-10,8.12,70.23,0,0
TAS,60210,2024-11,6.48,46.62,0,0
TAS,60210,2024-12,6.38,57.26,0,0
TAS,60210,2025-01,4.17,32.02,0,0
TAS,60210,2025-02,12.28,79.32,0,0
TAS,60210,2025-03,7.33,51.84,0,0
TAS,60210,2025-04,9.95,85.7,0,0
TAS,60210,2025-05,5.43,41.27,0,0
TAS,60210,2025-06,8.9,68.18,0,0
TAS,60210,2025-07,3.8,32.54,4.32,88.32
TAS,60210,2025-08,4.85,37.69,5.85,119.72
TAS,60210,2025-09,5.38,51.26,2.9,45.69
TAS,60210,2025-10,8.22,77.74,4.43,95.63
TAS,60210,2025-11,4.9,126.93,5.85,108.83
TAS,60210,2025-12,12.12,108.99,7.17,167.94
TAS,60210,2026-01,2.32,19.59,6.64,110.22
TAS,60210,2026-02,7.85,60.34,2.38,35.55
TAS,60210,2026-03,10.75,113.23,11.22,216.47
TAS,60210,2026-04,12.54,130.11,14.23,370
TAS,60210,2026-05,4.27,31.69,1.48,25.1
TAS,60210,2026-06,8.43,67.71,6.48,94.76
TAS,60210,2026-07,7.33,61.94,4.43,71.38
TAS,60210,2026-08,4.95,46.85,2,39
TAS,60410,2023-01,5.61,38.81,0,0
TAS,60410,2023-02,13.09,98.56,0,0
TAS,60410,2023-03,17.46,119.93,0,0
TAS,60410,2023-04,10.8,83.69,0,0
TAS,60410,2023-05,14.33,109.51,0,0
TAS,60410,2023-06,11.22,90.65,0,0
TAS,60410,2023-07,13.3,151.47,0,0
TAS,60410,2023-08,20.79,185.86,0,0
TAS,60410,2023-09,10.4,83.43,0,0
TAS,60410,2023-10,10.8,87.41,0,0
TAS,60410,2023-11,17.04,148.13,0,0
TAS,60410,2023-12,17.24,179.27,0,0
TAS,60410,2024-01,8.11,122.52,0,0
TAS,60410,2024-02,14.75,128.35,0,0
TAS,60410,2024-03,8.73,74.21,0,0
TAS,60410,2024-04,9.98,94.29,0,0
TAS,60410,2024-05,9.78,82.38,0,0
TAS,60410,2024-06,4.99,48.31,0,0
TAS,60410,2024-07,19.53,228.53,0,0
TAS,60410,2024-08,7.48,75.4,0,0
TAS,60410,2024-09,12.67,135.56,0,0
TAS,60410,2024-10,11.44,97.35,0,0
TAS,60410,2024-11,15.59,146.41,0,0
TAS,60410,2024-12,10.19,87.67,0,0
TAS,60410,2025-01,4.78,40.71,0,0
TAS,60410,2025-02,15.17,153.28,0,0
TAS,60410,2025-03,13.3,119.57,0,0
TAS,60410,2025-04,24.33,200.86,0,0
TAS,60410,2025-05,12.68,104.79,0,0
TAS,60410,2025-06,10.6,92.73,0,0
TAS,60410,2025-07,14.97,183.3,10.18,185.22
TAS,60410,2025-08,12.89,187.89,9.35,151.19
TAS,60410,2025-09,15.17,155.58,12.25,198.89
TAS,60410,2025-10,14.98,141.03,11.02,202.66
TAS,60410,2025-11,9.56,86.72,10.18,188.61
TAS,60410,2025-12,16,153.06,14.97,320.96
TAS,60410,2026-01,11.02,100.88,6.23,117.44
TAS,60410,2026-02,10.8,108.01,15.38,359.48
TAS,60410,2026-03,13.71,121.69,15.58,332.09
TAS,60410,2026-04,22.86,254.09,33.24,980.63
TAS,60410,2026-05,10.8,112.65,2.7,47.67
TAS,60410,2026-06,17.67,164.08,11.22,215.93
TAS,60410,2026-07,18.49,192.96,15.79,328.16
TAS,60410,2026-08,11.85,108.08,2.5,67.2
TAS,60610,2023-01,6.9,54.54,0,0
TAS,60610,2023-02,19.64,158.79,0,0
TAS,60610,2023-03,11.21,80.28,0,0
TAS,60610,2023-04,5.88,41.87,0,0
TAS,60610,2023-05,20.81,173.29,0,0
TAS,60610,2023-06,8.75,73.78,0,0
TAS,60610,2023-07,19.45,244.65,0,0
TAS,60610,2023-08,19.89,143.13,0,0
TAS,60610,2023-09,6.44,48.01,0,0
TAS,60610,2023-10,9.35,63.32,0,0
TAS,60610,2023-11,23.5,267.64,0,0
TAS,60610,2023-12,26.65,230.09,0,0
TAS,60610,2024-01,8.02,90.46,0,0
TAS,60610,2024-02,12.62,112.29,0,0
TAS,60610,2024-03,10.62,88.7,0,0
TAS,60610,2024-04,12.63,94.96,0,0
TAS,60610,2024-05,12.36,198.38,0,0
TAS,60610,2024-06,18.88,132.88,0,0
TAS,60610,2024-07,17.18,178.32,0,0
TAS,60610,2024-08,8.88,71.84,0,0
TAS,60610,2024-09,7.92,87.39,0,0
TAS,60610,2024-10,13.07,125.2,0,0
TAS,60610,2024-11,23.92,187.88,0,0
TAS,60610,2024-12,6.78,61.76,0,0
TAS,60610,2025-01,8.03,63.24,0,0
TAS,60610,2025-02,16.2,136.95,0,0
TAS,60610,2025-03,10.05,105.75,0,0
TAS,60610,2025-04,17.18,121,0,0
TAS,60610,2025-05,21.74,183.45,0,0
TAS,60610,2025-06,10.32,88.21,0,0
TAS,60610,2025-07,15.89,140.7,13.88,165.91
TAS,60610,2025-08,2.88,26.47,1.88,44.97
TAS,60610,2025-09,5.9,57.12,8.32,104.83
TAS,60610,2025-10,19.75,144.55,12.45,175.61
TAS,60610,2025-11,9.33,79.25,11.76,210.94
TAS,60610,2025-12,5.75,113.69,3.19,50.33
TAS,60610,2026-01,6.89,78.15,5.89,144.32
TAS,60610,2026-02,21.76,193.5,10.32,187.23
TAS,60610,2026-03,9.19,103.05,16.94,390.52
TAS,60610,2026-04,12.63,129.24,15.07,443.05
TAS,60610,2026-05,5.45,38.71,5.44,106.19
TAS,60610,2026-06,6.89,58.46,6.46,84.67
TAS,60610,2026-07,7.9,55.45,5.46,61.7
TAS,60610,2026-08,3.9,31.51,1.88,35.25
TAS,60810,2023-01,18.46,223.43,0,0
TAS,60810,2023-02,22.69,190.99,0,0
TAS,60810,2023-03,27.74,210.33,0,0
TAS,60810,2023-04,17.16,132.7,0,0
TAS,60810,2023-05,19.52,170.75,0,0
TAS,60810,2023-06,10.73,73.7,0,0
TAS,60810,2023-07,18.44,250.81,0,0
TAS,60810,2023-08,27.75,201.55,0,0
TAS,60810,2023-09,20.26,161.04,0,0
TAS,60810,2023-10,24.93,288.63,0,0
TAS,60810,2023-11,18.55,153.05,0,0
TAS,60810,2023-12,20.33,192.94,0,0
TAS,60810,2024-01,10.1,77.24,0,0
TAS,60810,2024-02,18.4,137.14,0,0
TAS,60810,2024-03,19.37,165.91,0,0
TAS,60810,2024-04,27.59,211.9,0,0
TAS,60810,2024-05,17.02,175.08,0,0
TAS,60810,2024-06,14.57,157.98,0,0
TAS,60810,2024-07,12.49,106.61,0,0
TAS,60810,2024-08,11.7,93.29,0,0
TAS,60810,2024-09,18.36,179.94,0,0
TAS,60810,2024-10,20.79,197.18,0,0
TAS,60810,2024-11,26.53,294.34,0,0
TAS,60810,2024-12,19.76,212.04,0,0
TAS,60810,2025-01,18.43,172.45,0,0
TAS,60810,2025-02,10.39,89.05,0,0
TAS,60810,2025-03,14.45,151.08,0,0
TAS,60810,2025-04,10.34,95.35,0,0
TAS,60810,2025-05,9.31,74.52,0,0
TAS,60810,2025-06,14.45,167.82,0,0
TAS,60810,2025-07,14.48,142.11,14.51,271.14
TAS,60810,2025-08,8.4,66.18,10.24,169.01
TAS,60810,2025-09,26.2,325.24,17.28,261.65
TAS,60810,2025-10,17.26,181.05,11.33,159.41
TAS,60810,2025-11,20.64,176.72,12.26,240.72
TAS,60810,2025-12,20.64,196.46,15.54,321.33
TAS,60810,2026-01,20.24,185.65,21.24,293.95
TAS,60810,2026-02,13.39,110.43,10.18,188.67
TAS,60810,2026-03,18.43,184.7,18.49,411.22
TAS,60810,2026-04,15.59,270.92,23.69,626.4
TAS,60810,2026-05,9.92,104.97,6.32,129.79
TAS,60810,2026-06,32.24,260.36,14.29,241.87
TAS,60810,2026-07,16.34,151.07,8.37,141.27
TAS,60810,2026-08,9.49,103.29,4.08,84.11
TAS,61010,2023-01,2.11,14.99,0,0
TAS,61010,2023-02,4.35,33.03,0,0
TAS,61010,2023-03,7.19,52.05,0,0
TAS,61010,2023-04,3.6,27.53,0,0
TAS,61010,2023-05,2.78,21.63,0,0
TAS,61010,2023-06,3.04,42.87,0,0
TAS,61010,2023-07,5.02,51.09,0,0
TAS,61010,2023-08,5.17,45.16,0,0
TAS,61010,2023-09,3.2,25.58,0,0
TAS,61010,2023-10,3.83,30.46,0,0
TAS,61010,2023-11,4.52,40.54,0,0
TAS,61010,2023-12,4.16,44.9,0,0
TAS,61010,2024-01,2.3,31.58,0,0
TAS,61010,2024-02,3.96,34.81,0,0
TAS,61010,2024-03,4.92,49.42,0,0
TAS,61010,2024-04,5.11,46.17,0,0
TAS,61010,2024-05,4.84,39.04,0,0
TAS,61010,2024-06,2.36,19.99,0,0
TAS,61010,2024-07,4.28,34.22,0,0
TAS,61010,2024-08,3.42,35.48,0,0
TAS,61010,2024-09,2.98,31.88,0,0
TAS,61010,2024-10,4.65,40.55,0,0
TAS,61010,2024-11,6.13,55.95,0,0
TAS,61010,2024-12,3.37,32.93,0,0
TAS,61010,2025-01,1.52,11.28,0,0
TAS,61010,2025-02,3.87,44.41,0,0
TAS,61010,2025-03,4.58,43.3,0,0
TAS,61010,2025-04,5.31,43.21,0,0
TAS,61010,2025-05,4.37,38.5,0,0
TAS,61010,2025-06,3.78,32.1,0,0
TAS,61010,2025-07,3.9,47.2,2.28,43.68
TAS,61010,2025-08,4.99,56.77,3.28,55.11
TAS,61010,2025-09,5.06,52.57,3.67,77.72
TAS,61010,2025-10,7.27,64.8,5.24,96.61
TAS,61010,2025-11,4.02,33.12,3.67,73.6
TAS,61010,2025-12,4.15,44.85,3.41,70.11
TAS,61010,2026-01,2.88,28.37,1.96,34.15
TAS,61010,2026-02,2.93,24.7,4.4,97.52
TAS,61010,2026-03,2.74,25.09,3.75,71.36
TAS,61010,2026-04,7.73,90.96,9.58,253.48
TAS,61010,2026-05,3.73,30.85,2.5,43.26
TAS,61010,2026-06,4.64,43.36,3.03,70.57
TAS,61010,2026-07,3.85,37.64,2.73,47.91
TAS,61010,2026-08,2.49,23.88,1.55,30.62
TAS,61210,2023-01,2.43,18.74,0,0
TAS,61210,2023-02,3.11,33.95,0,0
TAS,61210,2023-03,2.96,24.97,0,0
TAS,61210,2023-04,1.37,42.79,0,0
TAS,61210,2023-05,6.09,56.66,0,0
TAS,61210,2023-06,8.74,58.68,0,0
TAS,61210,2023-07,5.2,57.59,0,0
TAS,61210,2023-08,0.39,2.84,0,0
TAS,61210,2023-09,1.19,14.51,0,0
TAS,61210,2023-10,10.59,75.22,0,0
TAS,61210,2023-11,14.52,119.72,0,0
TAS,61210,2023-12,7.13,99.95,0,0
TAS,61210,2024-01,3,23.32,0,0
TAS,61210,2024-02,7.13,56.39,0,0
TAS,61210,2024-03,17.11,126.71,0,0
TAS,61210,2024-04,5.11,42.4,0,0
TAS,61210,2024-05,5.87,47.64,0,0
TAS,61210,2024-06,6.37,45.62,0,0
TAS,61210,2024-07,6.93,172.3,0,0
TAS,61210,2024-08,3.37,62.09,0,0
TAS,61210,2024-09,7.39,58.61,0,0
TAS,61210,2024-10,2.3,21.84,0,0
TAS,61210,2024-11,6.37,53.37,0,0
TAS,61210,2024-12,15.74,110.37,0,0
TAS,61210,2025-01,4,30.8,0,0
TAS,61210,2025-02,4.94,70.19,0,0
TAS,61210,2025-03,6.31,101.03,0,0
TAS,61210,2025-04,4.97,34.97,0,0
TAS,61210,2025-05,5.74,45.22,0,0
TAS,61210,2025-06,4.56,38.05,0,0
TAS,61210,2025-07,6.39,57.2,3.4,46.74
TAS,61210,2025-08,3.37,49.63,1.37,67.23
TAS,61210,2025-09,3.39,29.14,1.56,20.53
TAS,61210,2025-10,4.74,49.21,3.19,57.05
TAS,61210,2025-11,5.57,77.84,4.74,101.42
TAS,61210,2025-12,4.74,54.23,3.93,111.18
TAS,61210,2026-01,0.37,3.78,0.42,6.89
TAS,61210,2026-02,0.74,14.08,2.57,43.51
TAS,61210,2026-03,2.93,30.3,4.67,108.33
TAS,61210,2026-04,6.11,63.24,7.3,189.56
TAS,61210,2026-05,3.19,29.56,3.2,62.29
TAS,61210,2026-06,3.39,65.89,1.2,33.18
TAS,61210,2026-07,8.37,80,3.19,58.7
TAS,61210,2026-08,1.39,12.15,2.37,40.45
TAS,61410,2023-01,45.46,316.08,0,0
TAS,61410,2023-02,60.96,449.55,0,0
TAS,61410,2023-03,56.79,432.39,0,0
TAS,61410,2023-04,52.23,392.62,0,0
TAS,61410,2023-05,64.68,570.41,0,0
TAS,61410,2023-06,64.23,520.31,0,0
TAS,61410,2023-07,59.08,560.98,0,0
TAS,61410,2023-08,55.26,587.07,0,0
TAS,61410,2023-09,72.47,582.09,0,0
TAS,61410,2023-10,59.36,495.65,0,0
TAS,61410,2023-11,99.8,1019.08,0,0
TAS,61410,2023-12,56.09,575.16,0,0
TAS,61410,2024-01,50.48,410.98,0,0
TAS,61410,2024-02,72.55,628.6,0,0
TAS,61410,2024-03,63.87,610.89,0,0
TAS,61410,2024-04,49.65,442.74,0,0
TAS,61410,2024-05,55.48,598.42,0,0
TAS,61410,2024-06,46.49,417.05,0,0
TAS,61410,2024-07,57.69,564.64,0,0
TAS,61410,2024-08,78.88,666.9,0,0
TAS,61410,2024-09,66.22,509.78,0,0
TAS,61410,2024-10,64.04,564,0,0
TAS,61410,2024-11,77.52,725.89,0,0
TAS,61410,2024-12,73.77,680.46,0,0
TAS,61410,2025-01,47.36,443.68,0,0
TAS,61410,2025-02,55.39,497.66,0,0
TAS,61410,2025-03,56.13,530.61,0,0
TAS,61410,2025-04,55.55,493.26,0,0
TAS,61410,2025-05,75.77,697.87,0,0
TAS,61410,2025-06,41.95,353.27,0,0
TAS,61410,2025-07,56.08,518.07,54.1,774.23
TAS,61410,2025-08,45.05,376.29,46.06,671.64
TAS,61410,2025-09,64.4,640.61,48.25,778.9
TAS,61410,2025-10,51.62,493.35,44.93,667.45
TAS,61410,2025-11,55.9,640.81,53.23,934
TAS,61410,2025-12,64.89,706.28,73.59,1546.6
TAS,61410,2026-01,32.8,361.43,27.6,464.52
TAS,61410,2026-02,58.4,593.05,56.38,1163.42
TAS,61410,2026-03,80.54,837.41,66.4,1551.57
TAS,61410,2026-04,77.08,916.25,118.32,3161.18
TAS,61410,2026-05,66.23,579.29,33.28,539.77
TAS,61410,2026-06,73.27,713.95,40.95,748.09
TAS,61410,2026-07,53.85,496.03,35.81,658.6
TAS,61410,2026-08,44.09,423.88,26.16,510.14
TAS,61510,2023-01,4.89,31.78,0,0
TAS,61510,2023-02,7.47,55.22,0,0
TAS,61510,2023-03,17.96,131.95,0,0
TAS,61510,2023-04,5.78,44.72,0,0
TAS,61510,2023-05,3.39,29.91,0,0
TAS,61510,2023-06,5.78,122.85,0,0
TAS,61510,2023-07,12.22,107.48,0,0
TAS,61510,2023-08,5.22,43.87,0,0
TAS,61510,2023-09,1.91,14.87,0,0
TAS,61510,2023-10,8.95,67.38,0,0
TAS,61510,2023-11,9.05,75.29,0,0
TAS,61510,2023-12,7.43,86.42,0,0
TAS,61510,2024-01,3.36,26.13,0,0
TAS,61510,2024-02,6.63,52.94,0,0
TAS,61510,2024-03,12.22,131.72,0,0
TAS,61510,2024-04,12.22,105.43,0,0
TAS,61510,2024-05,8.24,58.96,0,0
TAS,61510,2024-06,5.71,45.25,0,0
TAS,61510,2024-07,4.38,30.88,0,0
TAS,61510,2024-08,6.55,71.29,0,0
TAS,61510,2024-09,4.23,34.94,0,0
TAS,61510,2024-10,9.04,58.8,0,0
TAS,61510,2024-11,12.31,101.64,0,0
TAS,61510,2024-12,5.09,55.93,0,0
TAS,61510,2025-01,2.52,17.59,0,0
TAS,61510,2025-02,5.93,59.6,0,0
TAS,61510,2025-03,6.65,64.42,0,0
TAS,61510,2025-04,4.5,35.65,0,0
TAS,61510,2025-05,8.3,66.22,0,0
TAS,61510,2025-06,8.2,62.26,0,0
TAS,61510,2025-07,4.31,42.82,2.56,47.99
TAS,61510,2025-08,9.05,72.38,6.56,106.29
TAS,61510,2025-09,10.67,106.53,7.37,146.38
TAS,61510,2025-10,15.57,133.36,11.4,208.75
TAS,61510,2025-11,8.18,61.78,7.33,154.67
TAS,61510,2025-12,5.9,60.17,2.71,42.8
TAS,61510,2026-01,4.2,49.34,3.31,65.77
TAS,61510,2026-02,5.01,41.14,7.48,148.74
TAS,61510,2026-03,4.24,33.32,5.06,68.34
TAS,61510,2026-04,14.06,175.76,16.57,421.09
TAS,61510,2026-05,8.18,66.85,6.49,119.92
TAS,61510,2026-06,5.97,66.58,5.01,152.91
TAS,61510,2026-07,4.27,33.33,2.61,36.39
TAS,61510,2026-08,2.63,28.12,1.67,21.38
TAS,61610,2023-01,15.63,107.15,0,0
TAS,61610,2023-02,22.98,401.48,0,0
TAS,61610,2023-03,24.82,202.95,0,0
TAS,61610,2023-04,6.46,46.04,0,0
TAS,61610,2023-05,17.46,158.24,0,0
TAS,61610,2023-06,22.96,213.64,0,0
TAS,61610,2023-07,14.72,88.82,0,0
TAS,61610,2023-08,24.83,204.26,0,0
TAS,61610,2023-09,39.5,316.59,0,0
TAS,61610,2023-10,30.32,235.97,0,0
TAS,61610,2023-11,18.38,245,0,0
TAS,61610,2023-12,11.95,197.67,0,0
TAS,61610,2024-01,33.97,253.04,0,0
TAS,61610,2024-02,13.8,114.57,0,0
TAS,61610,2024-03,12.89,106.84,0,0
TAS,61610,2024-04,20.25,137.53,0,0
TAS,61610,2024-05,32.15,300.91,0,0
TAS,61610,2024-06,18.38,156.11,0,0
TAS,61610,2024-07,15.63,141.29,0,0
TAS,61610,2024-08,22.04,223.39,0,0
TAS,61610,2024-09,12.86,117.12,0,0
TAS,61610,2024-10,25.73,209.12,0,0
TAS,61610,2024-11,18.39,161.36,0,0
TAS,61610,2024-12,24.8,298.41,0,0
TAS,61610,2025-01,14.71,126.24,0,0
TAS,61610,2025-02,12.86,125.52,0,0
TAS,61610,2025-03,14.71,122.6,0,0
TAS,61610,2025-04,11.03,85.84,0,0
TAS,61610,2025-05,10.12,83.63,0,0
TAS,61610,2025-06,14.71,200.67,0,0
TAS,61610,2025-07,15.63,178.77,16.55,216.04
TAS,61610,2025-08,12.86,105.98,8.28,144.49
TAS,61610,2025-09,8.31,158.73,10.13,146.48
TAS,61610,2025-10,9.21,90.53,11.03,231.13
TAS,61610,2025-11,21.14,176.43,9.19,185.32
TAS,61610,2025-12,21.15,309.27,17.46,405.2
TAS,61610,2026-01,9.22,89.76,9.22,142.31
TAS,61610,2026-02,12.87,114.96,6.44,110.86
TAS,61610,2026-03,14.72,139.07,16.54,397.09
TAS,61610,2026-04,19.29,203.17,22.98,644.88
TAS,61610,2026-05,28.46,410.55,10.1,154.71
TAS,61610,2026-06,10.16,139.36,10.12,272.04
TAS,61610,2026-07,11.95,146.75,11.93,194.87
TAS,61610,2026-08,15.61,153.1,2.76,67.28
TAS,61810,2023-01,3,26.98,0,0
TAS,61810,2023-02,7,50.02,0,0
TAS,61810,2023-03,2.63,23.52,0,0
TAS,61810,2023-04,0,0,0,0
TAS,61810,2023-05,2.63,14.91,0,0
TAS,61810,2023-06,11,81,0,0
TAS,61810,2023-07,7.63,68.55,0,0
TAS,61810,2023-08,5.69,41.05,0,0
TAS,61810,2023-09,3.63,112.4,0,0
TAS,61810,2023-10,4.75,36.98,0,0
TAS,61810,2023-11,8.26,67.97,0,0
TAS,61810,2023-12,5.69,43.68,0,0
TAS,61810,2024-01,1,3.52,0,0
TAS,61810,2024-02,5,49.89,0,0
TAS,61810,2024-03,7.06,67.17,0,0
TAS,61810,2024-04,5,40.74,0,0
TAS,61810,2024-05,1.06,7.01,0,0
TAS,61810,2024-06,8.26,56.69,0,0
TAS,61810,2024-07,3,64.68,0,0
TAS,61810,2024-08,0,0,0,0
TAS,61810,2024-09,6.63,138.71,0,0
TAS,61810,2024-10,9.26,87.66,0,0
TAS,61810,2024-11,9,66.44,0,0
TAS,61810,2024-12,4.06,29.98,0,0
TAS,61810,2025-01,7.26,58.54,0,0
TAS,61810,2025-02,0,0,0,0
TAS,61810,2025-03,7.06,73.1,0,0
TAS,61810,2025-04,2,14.54,0,0
TAS,61810,2025-05,4,26.97,0,0
TAS,61810,2025-06,3,22.44,0,0
TAS,61810,2025-07,9.69,82.73,1.63,36.47
TAS,61810,2025-08,2,19.8,2,40.5
TAS,61810,2025-09,6.06,43.92,3,27.82
TAS,61810,2025-10,2.63,23.12,1,20.72
TAS,61810,2025-11,3,22.58,0.06,1.18
TAS,61810,2025-12,7.63,122.47,4.69,130.86
TAS,61810,2026-01,3.63,31.92,1.26,17.87
TAS,61810,2026-02,3,40.05,3,66.17
TAS,61810,2026-03,5.69,69.53,5.69,216.53
TAS,61810,2026-04,5.38,41.78,9.19,322.03
TAS,61810,2026-05,0.69,4.31,1.06,11.07
TAS,61810,2026-06,4.06,37.37,0.06,1.47
TAS,61810,2026-07,5,59.71,2,39
TAS,61810,2026-08,1,9.4,0,0
TAS,62010,2023-01,0,0,0,0
TAS,62010,2023-02,1,12.58,0,0
TAS,62010,2023-03,1,10.14,0,0
TAS,62010,2023-04,0,0,0,0
TAS,62010,2023-05,0,0,0,0
TAS,62010,2023-06,1,7.04,0,0
TAS,62010,2023-07,3,29.92,0,0
TAS,62010,2023-08,1,7.47,0,0
TAS,62010,2023-09,1,5.28,0,0
TAS,62010,2023-10,4,31.28,0,0
TAS,62010,2023-11,1,6.16,0,0
TAS,62010,2023-12,1,7.14,0,0
TAS,62010,2024-01,0,0,0,0
TAS,62010,2024-02,2,22.96,0,0
TAS,62010,2024-03,2,21.8,0,0
TAS,62010,2024-04,0,0,0,0
TAS,62010,2024-05,1,8.8,0,0
TAS,62010,2024-06,0,0,0,0
TAS,62010,2024-07,0,0,0,0
TAS,62010,2024-08,1,34.44,0,0
TAS,62010,2024-09,0,0,0,0
TAS,62010,2024-10,3,65.6,0,0
TAS,62010,2024-11,5,42.6,0,0
TAS,62010,2024-12,0,0,0,0
TAS,62010,2025-01,0,0,0,0
TAS,62010,2025-02,0,0,0,0
TAS,62010,2025-03,0,0,0,0
TAS,62010,2025-04,0,0,0,0
TAS,62010,2025-05,2,26.32,0,0
TAS,62010,2025-06,2,16.92,0,0
TAS,62010,2025-07,0,0,0,0
TAS,62010,2025-08,3,25.3,0,0
TAS,62010,2025-09,1,47,0,0
TAS,62010,2025-10,0,0,0,0
TAS,62010,2025-11,1,12.55,0,0
TAS,62010,2025-12,4,27.75,4,61.92
TAS,62010,2026-01,0,0,0,0
TAS,62010,2026-02,0,0,0,0
TAS,62010,2026-03,1,10.45,1,11.04
TAS,62010,2026-04,1,17.58,1,31.2
TAS,62010,2026-05,1,7.92,1,30.72
TAS,62010,2026-06,1,8.19,1,23.4
TAS,62010,2026-07,0,0,0,0
TAS,62010,2026-08,0,0,0,0
TAS,62210,2023-01,2,14.53,0,0
TAS,62210,2023-02,7.23,47.35,0,0
TAS,62210,2023-03,10.94,146.02,0,0
TAS,62210,2023-04,9.23,61.87,0,0
TAS,62210,2023-05,1.94,17.55,0,0
TAS,62210,2023-06,8.94,77.64,0,0
TAS,62210,2023-07,7.88,72.9,0,0
TAS,62210,2023-08,9.98,177.62,0,0
TAS,62210,2023-09,9.88,77.12,0,0
TAS,62210,2023-10,15.44,116.23,0,0
TAS,62210,2023-11,8.52,85.95,0,0
TAS,62210,2023-12,8.75,65.03,0,0
TAS,62210,2024-01,6.29,37.6,0,0
TAS,62210,2024-02,8.94,75.73,0,0
TAS,62210,2024-03,13.34,114.28,0,0
TAS,62210,2024-04,6.59,44.3,0,0
TAS,62210,2024-05,7.4,69.54,0,0
TAS,62210,2024-06,3.59,43.58,0,0
TAS,62210,2024-07,3.29,24.1,0,0
TAS,62210,2024-08,3.29,27.64,0,0
TAS,62210,2024-09,5.94,41.25,0,0
TAS,62210,2024-10,5.29,35.27,0,0
TAS,62210,2024-11,6.65,66.06,0,0
TAS,62210,2024-12,8.04,66.09,0,0
TAS,62210,2025-01,4.94,52.64,0,0
TAS,62210,2025-02,6.94,66.62,0,0
TAS,62210,2025-03,7.69,57,0,0
TAS,62210,2025-04,4.94,59.31,0,0
TAS,62210,2025-05,2.65,12.86,0,0
TAS,62210,2025-06,2.65,23.47,0,0
TAS,62210,2025-07,5.4,51.7,5.94,77.61
TAS,62210,2025-08,1,5.17,0.65,8.73
TAS,62210,2025-09,7.4,54.51,5.29,62.78
TAS,62210,2025-10,7.23,56.17,5.23,118.87
TAS,62210,2025-11,6.23,52.62,6.75,91.41
TAS,62210,2025-12,5.88,83.18,8.28,193.82
TAS,62210,2026-01,4.94,48.98,3,61.16
TAS,62210,2026-02,6.59,57.41,6.59,145.84
TAS,62210,2026-03,3.46,25.49,5.4,93.17
TAS,62210,2026-04,8.8,101.44,13.25,316.13
TAS,62210,2026-05,6.04,85.23,4.11,70.98
TAS,62210,2026-06,1.75,15.71,3.4,64.47
TAS,62210,2026-07,4.59,50.98,3.94,86.6
TAS,62210,2026-08,2.94,26.91,1.94,25.47
TAS,62410,2023-01,4.61,29.5,0,0
TAS,62410,2023-02,4.54,34.12,0,0
TAS,62410,2023-03,7.13,65.5,0,0
TAS,62410,2023-04,5.59,48.1,0,0
TAS,62410,2023-05,10.22,75.57,0,0
TAS,62410,2023-06,5.65,47.12,0,0
TAS,62410,2023-07,7.56,63.86,0,0
TAS,62410,2023-08,4.01,27.96,0,0
TAS,62410,2023-09,8.57,76.2,0,0
TAS,62410,2023-10,10.25,75.41,0,0
TAS,62410,2023-11,4.61,40.39,0,0
TAS,62410,2023-12,3.57,30.48,0,0
TAS,62410,2024-01,3.49,25.28,0,0
TAS,62410,2024-02,9.21,63.51,0,0
TAS,62410,2024-03,9.07,67.58,0,0
TAS,62410,2024-04,8.55,69.38,0,0
TAS,62410,2024-05,13.8,114.06,0,0
TAS,62410,2024-06,5.59,46.55,0,0
TAS,62410,2024-07,9.53,76.7,0,0
TAS,62410,2024-08,9.72,86.27,0,0
TAS,62410,2024-09,6.98,82.45,0,0
TAS,62410,2024-10,6.57,52.48,0,0
TAS,62410,2024-11,5.46,40.18,0,0
TAS,62410,2024-12,9.54,76.06,0,0
TAS,62410,2025-01,2.57,24.22,0,0
TAS,62410,2025-02,10.65,108.42,0,0
TAS,62410,2025-03,10.58,81.64,0,0
TAS,62410,2025-04,5.01,37.93,0,0
TAS,62410,2025-05,7.5,61.42,0,0
TAS,62410,2025-06,6.07,77.78,0,0
TAS,62410,2025-07,8.48,70.23,5,104.86
TAS,62410,2025-08,8.08,75.98,9.08,157.03
TAS,62410,2025-09,9.56,75.27,5.08,85.53
TAS,62410,2025-10,6.12,49.43,3.56,43.76
TAS,62410,2025-11,9.01,118.04,11.04,236.6
TAS,62410,2025-12,13.15,115.03,11.11,243.84
TAS,62410,2026-01,2.05,17.37,4.08,67.8
TAS,62410,2026-02,7.11,128.54,7.57,213.52
TAS,62410,2026-03,6.58,50.76,7.11,170.56
TAS,62410,2026-04,12.09,129.89,17.62,463.61
TAS,62410,2026-05,6.06,46.96,6.45,107.62
TAS,62410,2026-06,7.5,55.49,2.51,43.9
TAS,62410,2026-07,9.61,85.16,6.52,135.47
TAS,62410,2026-08,2.06,16.55,0.99,9.41
TAS,62610,2023-01,22.37,151.77,0,0
TAS,62610,2023-02,29.86,229.91,0,0
TAS,62610,2023-03,31.03,215.69,0,0
TAS,62610,2023-04,23.55,166.95,0,0
TAS,62610,2023-05,25.75,172.84,0,0
TAS,62610,2023-06,26.66,173.12,0,0
TAS,62610,2023-07,38.81,279.72,0,0
TAS,62610,2023-08,35.61,279.47,0,0
TAS,62610,2023-09,40.88,381.16,0,0
TAS,62610,2023-10,21.58,154.34,0,0
TAS,62610,2023-11,31.96,248.88,0,0
TAS,62610,2023-12,29.89,266.02,0,0
TAS,62610,2024-01,28.62,217.41,0,0
TAS,62610,2024-02,31.87,271.5,0,0
TAS,62610,2024-03,21.65,160.04,0,0
TAS,62610,2024-04,25.79,201.15,0,0
TAS,62610,2024-05,29.84,257.67,0,0
TAS,62610,2024-06,30.28,235.16,0,0
TAS,62610,2024-07,32.11,249.2,0,0
TAS,62610,2024-08,22.55,194.26,0,0
TAS,62610,2024-09,14.77,182.53,0,0
TAS,62610,2024-10,25.88,206.79,0,0
TAS,62610,2024-11,42.09,358.18,0,0
TAS,62610,2024-12,32.65,409.17,0,0
TAS,62610,2025-01,21.34,163.97,0,0
TAS,62610,2025-02,24.91,267.44,0,0
TAS,62610,2025-03,40.81,492.62,0,0
TAS,62610,2025-04,25.69,261.72,0,0
TAS,62610,2025-05,26.95,241.56,0,0
TAS,62610,2025-06,28.56,296.37,0,0
TAS,62610,2025-07,28.04,280.11,17.48,239.53
TAS,62610,2025-08,21.91,396.99,16.44,260.94
TAS,62610,2025-09,34,286.59,17.64,220.48
TAS,62610,2025-10,27.31,214.47,18.75,301.78
TAS,62610,2025-11,31.67,263.36,19.48,322.9
TAS,62610,2025-12,39.99,368.7,35.02,612.52
TAS,62610,2026-01,31.8,269.43,24.44,462.17
TAS,62610,2026-02,32.52,485.83,22.9,432.63
TAS,62610,2026-03,28.61,350.09,20.84,530.43
TAS,62610,2026-04,38.44,483.13,42.84,1108.03
TAS,62610,2026-05,35.54,305.71,17.22,299.8
TAS,62610,2026-06,27.18,227.11,20.61,318.33
TAS,62610,2026-07,22.01,188.73,12.83,221.94
TAS,62610,2026-08,13.66,113.02,8.26,149.41
TAS,62810,2023-01,31.78,218.14,0,0
TAS,62810,2023-02,35.22,295.73,0,0
TAS,62810,2023-03,39.89,347.84,0,0
TAS,62810,2023-04,30.14,239.16,0,0
TAS,62810,2023-05,40.64,413.15,0,0
TAS,62810,2023-06,32.68,380.71,0,0
TAS,62810,2023-07,29.54,228.64,0,0
TAS,62810,2023-08,42.88,340.86,0,0
TAS,62810,2023-09,44.43,368.49,0,0
TAS,62810,2023-10,41.53,339.56,0,0
TAS,62810,2023-11,51.15,623.85,0,0
TAS,62810,2023-12,35.55,314.42,0,0
TAS,62810,2024-01,24.85,210.79,0,0
TAS,62810,2024-02,32.26,289.88,0,0
TAS,62810,2024-03,42.17,387.57,0,0
TAS,62810,2024-04,36.38,463.38,0,0
TAS,62810,2024-05,34.7,314.25,0,0
TAS,62810,2024-06,34.37,298.65,0,0
TAS,62810,2024-07,26.57,508.88,0,0
TAS,62810,2024-08,31.67,292.24,0,0
TAS,62810,2024-09,43.8,417.96,0,0
TAS,62810,2024-10,41.67,506.44,0,0
TAS,62810,2024-11,39.78,321.34,0,0
TAS,62810,2024-12,43.16,434.99,0,0
TAS,62810,2025-01,36.36,315.11,0,0
TAS,62810,2025-02,35.17,325.44,0,0
TAS,62810,2025-03,35.03,296.67,0,0
TAS,62810,2025-04,29.96,374.43,0,0
TAS,62810,2025-05,35.63,326.35,0,0
TAS,62810,2025-06,22.79,228.92,0,0
TAS,62810,2025-07,34.06,328.37,43.85,721.17
TAS,62810,2025-08,38.09,329.5,37.99,600.18
TAS,62810,2025-09,40.07,360.14,38.65,552.51
TAS,62810,2025-10,38.87,373.26,44.86,752.66
TAS,62810,2025-11,49.17,487.1,39.79,716.87
TAS,62810,2025-12,43.94,589.05,40.08,798.71
TAS,62810,2026-01,32.78,284.95,22.53,412.23
TAS,62810,2026-02,27.34,338.99,35.86,703.96
TAS,62810,2026-03,44,455.17,44.46,957.48
TAS,62810,2026-04,66.24,638.91,97.02,2423.26
TAS,62810,2026-05,47.86,441.95,36.37,647.5
TAS,62810,2026-06,39.78,402.46,38.48,656.92
TAS,62810,2026-07,42.94,435.85,40.63,764
TAS,62810,2026-08,20.84,215.83,12.31,250.97
TAS,63010,2023-01,11.09,87.18,0,0
TAS,63010,2023-02,20.19,152.69,0,0
TAS,63010,2023-03,21.3,175.97,0,0
TAS,63010,2023-04,14,98.75,0,0
TAS,63010,2023-05,22.94,244.53,0,0
TAS,63010,2023-06,19.94,124.65,0,0
TAS,63010,2023-07,14.13,125,0,0
TAS,63010,2023-08,27,202.87,0,0
TAS,63010,2023-09,20.24,160.15,0,0
TAS,63010,2023-10,18.02,143.58,0,0
TAS,63010,2023-11,33.81,267.19,0,0
TAS,63010,2023-12,32.87,330.47,0,0
TAS,63010,2024-01,13.94,123.14,0,0
TAS,63010,2024-02,20.21,161.21,0,0
TAS,63010,2024-03,19.13,163.41,0,0
TAS,63010,2024-04,12.13,108.93,0,0
TAS,63010,2024-05,13.28,101.23,0,0
TAS,63010,2024-06,16.92,120.99,0,0
TAS,63010,2024-07,17.23,167.26,0,0
TAS,63010,2024-08,16.04,150.71,0,0
TAS,63010,2024-09,13.04,112.04,0,0
TAS,63010,2024-10,17.17,153.64,0,0
TAS,63010,2024-11,24.87,273.25,0,0
TAS,63010,2024-12,20.28,191.44,0,0
TAS,63010,2025-01,13.08,137.92,0,0
TAS,63010,2025-02,14.08,146.65,0,0
TAS,63010,2025-03,12.06,108.82,0,0
TAS,63010,2025-04,8.17,74.07,0,0
TAS,63010,2025-05,12.38,118.99,0,0
TAS,63010,2025-06,11.09,90,0,0
TAS,63010,2025-07,20.19,201.91,19.21,282.27
TAS,63010,2025-08,19.21,181.03,14.49,278.49
TAS,63010,2025-09,17.24,170.01,13.28,236
TAS,63010,2025-10,29.24,312.53,20.13,382.42
TAS,63010,2025-11,20.3,228.24,22.32,490.18
TAS,63010,2025-12,37.17,358.24,33.09,636.89
TAS,63010,2026-01,10.06,104.94,9.23,175.09
TAS,63010,2026-02,27.28,272.6,25.19,505.44
TAS,63010,2026-03,22.08,215.28,31.34,733.91
TAS,63010,2026-04,37.09,374.82,54.41,1405.19
TAS,63010,2026-05,23.08,223.62,15.02,259.8
TAS,63010,2026-06,19.28,194.09,16.41,272.08
TAS,63010,2026-07,31.09,284.02,22.98,396.88
TAS,63010,2026-08,21.19,188.95,9.24,174.21
TAS,63210,2023-01,4.59,36.2,0,0
TAS,63210,2023-02,3.91,34.98,0,0
TAS,63210,2023-03,6.96,45.16,0,0
TAS,63210,2023-04,5.27,33.07,0,0
TAS,63210,2023-05,6.61,38.57,0,0
TAS,63210,2023-06,8.82,73.7,0,0
TAS,63210,2023-07,3.54,29.65,0,0
TAS,63210,2023-08,12.88,137.88,0,0
TAS,63210,2023-09,9.5,66.59,0,0
TAS,63210,2023-10,5.15,37.87,0,0
TAS,63210,2023-11,5.7,48.21,0,0
TAS,63210,2023-12,5.48,52.62,0,0
TAS,63210,2024-01,3.33,25.68,0,0
TAS,63210,2024-02,6.55,54.65,0,0
TAS,63210,2024-03,1.49,17.18,0,0
TAS,63210,2024-04,8.76,77.77,0,0
TAS,63210,2024-05,6.25,145.35,0,0
TAS,63210,2024-06,3.69,42.58,0,0
TAS,63210,2024-07,6.62,55.62,0,0
TAS,63210,2024-08,4.85,46.5,0,0
TAS,63210,2024-09,6.49,51.34,0,0
TAS,63210,2024-10,4.02,90.78,0,0
TAS,63210,2024-11,1.73,13.94,0,0
TAS,63210,2024-12,4.94,53.35,0,0
TAS,63210,2025-01,4.58,33.95,0,0
TAS,63210,2025-02,4.51,28.89,0,0
TAS,63210,2025-03,5.6,53.32,0,0
TAS,63210,2025-04,6.38,57.48,0,0
TAS,63210,2025-05,3.4,29.76,0,0
TAS,63210,2025-06,3.58,35.09,0,0
TAS,63210,2025-07,2.58,21.29,2.64,27.45
TAS,63210,2025-08,4.52,28.98,7.34,80.13
TAS,63210,2025-09,7.27,67.03,3.39,49.26
TAS,63210,2025-10,4.37,36.81,5.41,141.3
TAS,63210,2025-11,3.8,34.64,4.36,65.27
TAS,63210,2025-12,8.8,158.32,8.67,251.82
TAS,63210,2026-01,4.34,47.81,2.36,57.84
TAS,63210,2026-02,5.51,58.24,2.26,35.75
TAS,63210,2026-03,10.52,92.17,9.62,187.18
TAS,63210,2026-04,8.74,72.69,14.85,402.39
TAS,63210,2026-05,4.12,47.37,2.4,49.37
TAS,63210,2026-06,1.38,13.69,2.36,75.07
TAS,63210,2026-07,8.46,114.47,8.45,160.61
TAS,63210,2026-08,3.62,40.22,1.12,22.79
TAS,63410,2023-01,0,0,0,0
TAS,63410,2023-02,0,0,0,0
TAS,63410,2023-03,0,0,0,0
TAS,63410,2023-04,3,31.4,0,0
TAS,63410,2023-05,6,48.4,0,0
TAS,63410,2023-06,0,0,0,0
TAS,63410,2023-07,1,29.25,0,0
TAS,63410,2023-08,0,0,0,0
TAS,63410,2023-09,0,0,0,0
TAS,63410,2023-10,0,0,0,0
TAS,63410,2023-11,0,0,0,0
TAS,63410,2023-12,0,0,0,0
TAS,63410,2024-01,0,0,0,0
TAS,63410,2024-02,0,0,0,0
TAS,63410,2024-03,2,41.22,0,0
TAS,63410,2024-04,0,0,0,0
TAS,63410,2024-05,0,0,0,0
TAS,63410,2024-06,0,0,0,0
TAS,63410,2024-07,0,0,0,0
TAS,63410,2024-08,0,0,0,0
TAS,63410,2024-09,1,19.8,0,0
TAS,63410,2024-10,1,3.08,0,0
TAS,63410,2024-11,0,0,0,0
TAS,63410,2024-12,0,0,0,0
TAS,63410,2025-01,1,7.29,0,0
TAS,63410,2025-02,1,10.66,0,0
TAS,63410,2025-03,0,0,0,0
TAS,63410,2025-04,0,0,0,0
TAS,63410,2025-05,0,0,0,0
TAS,63410,2025-06,0,0,0,0
TAS,63410,2025-07,0,0,0,0
TAS,63410,2025-08,0,0,0,0
TAS,63410,2025-09,0,0,0,0
TAS,63410,2025-10,0,0,0,0
TAS,63410,2025-11,0,0,0,0
TAS,63410,2025-12,2,19.8,2,96
TAS,63410,2026-01,1,9.5,1,20
TAS,63410,2026-02,4,30.94,0,0
TAS,63410,2026-03,0,0,0,0
TAS,63410,2026-04,0,0,0,0
TAS,63410,2026-05,0,0,0,0
TAS,63410,2026-06,1,8.19,0,0
TAS,63410,2026-07,2,23.34,0,0
TAS,63410,2026-08,0,0,0,0
TAS,63610,2023-01,37.07,288.62,0,0
TAS,63610,2023-02,42.5,378.56,0,0
TAS,63610,2023-03,45.71,360.52,0,0
TAS,63610,2023-04,38.78,305.16,0,0
TAS,63610,2023-05,36.34,273.92,0,0
TAS,63610,2023-06,34.33,265.67,0,0
TAS,63610,2023-07,26.26,197.91,0,0
TAS,63610,2023-08,36.99,283.71,0,0
TAS,63610,2023-09,48.25,389.21,0,0
TAS,63610,2023-10,30.36,256.21,0,0
TAS,63610,2023-11,52.94,425.94,0,0
TAS,63610,2023-12,37.49,422.45,0,0
TAS,63610,2024-01,28.14,233.85,0,0
TAS,63610,2024-02,44.47,432.03,0,0
TAS,63610,2024-03,28.63,259.35,0,0
TAS,63610,2024-04,25.45,225.03,0,0
TAS,63610,2024-05,36.98,293.82,0,0
TAS,63610,2024-06,25.65,214.42,0,0
TAS,63610,2024-07,35.15,282.33,0,0
TAS,63610,2024-08,33.24,295.2,0,0
TAS,63610,2024-09,35.04,296.55,0,0
TAS,63610,2024-10,38.08,359.53,0,0
TAS,63610,2024-11,31.32,268.39,0,0
TAS,63610,2024-12,41.49,410.49,0,0
TAS,63610,2025-01,23.51,199.88,0,0
TAS,63610,2025-02,42.71,388.65,0,0
TAS,63610,2025-03,46.81,444.03,0,0
TAS,63610,2025-04,33.81,291.57,0,0
TAS,63610,2025-05,44.93,391.97,0,0
TAS,63610,2025-06,31.07,289.29,0,0
TAS,63610,2025-07,44.67,560.17,42.86,604.51
TAS,63610,2025-08,44.65,489.95,46.48,698.65
TAS,63610,2025-09,48.61,438.36,41.98,739.28
TAS,63610,2025-10,52.81,490.58,40.94,631.7
TAS,63610,2025-11,39.48,395.49,31.85,563.2
TAS,63610,2025-12,47.79,461.42,40.77,866.3
TAS,63610,2026-01,21.05,205.62,19.17,354.04
TAS,63610,2026-02,56.29,599.8,58.88,1097.97
TAS,63610,2026-03,51.87,536.99,64.13,1270.33
TAS,63610,2026-04,74.52,713.34,108.39,2832.85
TAS,63610,2026-05,57.99,484.37,32.55,500.54
TAS,63610,2026-06,56.9,556.05,43.09,754.22
TAS,63610,2026-07,36.88,358.72,27.29,484.07
TAS,63610,2026-08,43.96,372.16,22.43,403.24
TAS,63810,2023-01,13.3,119.41,0,0
TAS,63810,2023-02,19.41,153.14,0,0
TAS,63810,2023-03,9.47,86.93,0,0
TAS,63810,2023-04,4.13,36.2,0,0
TAS,63810,2023-05,9.4,61.57,0,0
TAS,63810,2023-06,11.48,87.77,0,0
TAS,63810,2023-07,7.31,56.81,0,0
TAS,63810,2023-08,6.54,49.08,0,0
TAS,63810,2023-09,8.76,67.46,0,0
TAS,63810,2023-10,17.59,144.43,0,0
TAS,63810,2023-11,16.35,131.26,0,0
TAS,63810,2023-12,13.23,171.68,0,0
TAS,63810,2024-01,10.6,80.24,0,0
TAS,63810,2024-02,16.26,178.9,0,0
TAS,63810,2024-03,12.25,108.79,0,0
TAS,63810,2024-04,12.41,110.37,0,0
TAS,63810,2024-05,15.6,131.14,0,0
TAS,63810,2024-06,7.37,71.5,0,0
TAS,63810,2024-07,12.29,93.71,0,0
TAS,63810,2024-08,14.41,125.68,0,0
TAS,63810,2024-09,11.25,96.14,0,0
TAS,63810,2024-10,7.46,54.82,0,0
TAS,63810,2024-11,9.33,88.54,0,0
TAS,63810,2024-12,17.48,136.27,0,0
TAS,63810,2025-01,3.26,29.47,0,0
TAS,63810,2025-02,4.24,36.33,0,0
TAS,63810,2025-03,5.26,55.27,0,0
TAS,63810,2025-04,9.27,77.74,0,0
TAS,63810,2025-05,15.19,145.99,0,0
TAS,63810,2025-06,11.26,125.05,0,0
TAS,63810,2025-07,9.33,100.94,9.33,152.77
TAS,63810,2025-08,12.24,119.37,9.17,161.1
TAS,63810,2025-09,18.23,148.66,15.21,194.31
TAS,63810,2025-10,10.19,87.01,5.25,103.25
TAS,63810,2025-11,12.42,205.34,7.19,139.44
TAS,63810,2025-12,5.41,74.66,6.34,162.2
TAS,63810,2026-01,5.18,38.1,5.17,77.76
TAS,63810,2026-02,3.23,26.71,5.12,82.17
TAS,63810,2026-03,12.32,112.83,3.35,113.64
TAS,63810,2026-04,8.41,119.75,15.53,371.51
TAS,63810,2026-05,11.51,188.45,6.18,107.25
TAS,63810,2026-06,5.19,59.83,6.22,129.82
TAS,63810,2026-07,8.26,79.39,4.24,114.65
TAS,63810,2026-08,6.28,73.83,2.06,55.36
TAS,64010,2023-01,25.58,203.75,0,0
TAS,64010,2023-02,41.81,319.72,0,0
TAS,64010,2023-03,53.47,415.13,0,0
TAS,64010,2023-04,47.22,476,0,0
TAS,64010,2023-05,63.79,483.4,0,0
TAS,64010,2023-06,48.98,498.08,0,0
TAS,64010,2023-07,68.71,792.28,0,0
TAS,64010,2023-08,46.37,395.13,0,0
TAS,64010,2023-09,47.04,433.58,0,0
TAS,64010,2023-10,53.14,488.48,0,0
TAS,64010,2023-11,66.21,571.76,0,0
TAS,64010,2023-12,59.72,618.21,0,0
TAS,64010,2024-01,52.52,398.16,0,0
TAS,64010,2024-02,65.21,615.79,0,0
TAS,64010,2024-03,54.55,501.85,0,0
TAS,64010,2024-04,38.01,409,0,0
TAS,64010,2024-05,43.92,372.38,0,0
TAS,64010,2024-06,34.58,350.23,0,0
TAS,64010,2024-07,42.66,376.78,0,0
TAS,64010,2024-08,41.99,425.75,0,0
TAS,64010,2024-09,50.45,503.66,0,0
TAS,64010,2024-10,42.69,549.54,0,0
TAS,64010,2024-11,46.84,434.03,0,0
TAS,64010,2024-12,38.78,421.18,0,0
TAS,64010,2025-01,38.7,327.67,0,0
TAS,64010,2025-02,61.02,538.63,0,0
TAS,64010,2025-03,52.79,532.57,0,0
TAS,64010,2025-04,34.88,325.34,0,0
TAS,64010,2025-05,41.02,512.61,0,0
TAS,64010,2025-06,36.24,375.15,0,0
TAS,64010,2025-07,46.81,448.57,28.88,490.66
TAS,64010,2025-08,43.96,483.1,32.6,547.96
TAS,64010,2025-09,57.17,618.9,28.87,588.23
TAS,64010,2025-10,52.47,597.52,32.84,616.18
TAS,64010,2025-11,61.46,618.59,31.79,640.96
TAS,64010,2025-12,47.1,542.8,46,932.5
TAS,64010,2026-01,38.88,525.38,15.59,309.73
TAS,64010,2026-02,37.4,505.48,23.28,449.61
TAS,64010,2026-03,54.43,559.73,45.71,1007.95
TAS,64010,2026-04,59,726.77,80.74,2257.86
TAS,64010,2026-05,39.53,494.24,20.7,390.09
TAS,64010,2026-06,31.6,328.24,17.34,337.09
TAS,64010,2026-07,39.25,351.5,26.06,469.73
TAS,64010,2026-08,37.23,376.84,18.35,350.28
TAS,64210,2023-01,10.96,180.63,0,0
TAS,64210,2023-02,23.03,209.65,0,0
TAS,64210,2023-03,18.51,157.36,0,0
TAS,64210,2023-04,19.95,152.16,0,0
TAS,64210,2023-05,13.95,134.06,0,0
TAS,64210,2023-06,9.5,86.26,0,0
TAS,64210,2023-07,15.04,158.32,0,0
TAS,64210,2023-08,17.86,143.77,0,0
TAS,64210,2023-09,22.26,189.2,0,0
TAS,64210,2023-10,18.88,154.72,0,0
TAS,64210,2023-11,12.34,116.1,0,0
TAS,64210,2023-12,15.36,144.72,0,0
TAS,64210,2024-01,7.88,57.5,0,0
TAS,64210,2024-02,14.08,148.01,0,0
TAS,64210,2024-03,12.73,118.1,0,0
TAS,64210,2024-04,11.62,110.49,0,0
TAS,64210,2024-05,22.79,190.79,0,0
TAS,64210,2024-06,11.35,88.39,0,0
TAS,64210,2024-07,17.83,141.43,0,0
TAS,64210,2024-08,16.19,126.86,0,0
TAS,64210,2024-09,13.37,114.46,0,0
TAS,64210,2024-10,16.24,245.32,0,0
TAS,64210,2024-11,19.99,181.18,0,0
TAS,64210,2024-12,17.17,159.71,0,0
TAS,64210,2025-01,12.05,106.63,0,0
TAS,64210,2025-02,11.52,113.98,0,0
TAS,64210,2025-03,32.68,260.67,0,0
TAS,64210,2025-04,9.41,77.21,0,0
TAS,64210,2025-05,10.84,111.3,0,0
TAS,64210,2025-06,14.17,234.57,0,0
TAS,64210,2025-07,18.12,161.56,14.77,249.47
TAS,64210,2025-08,23.21,195.37,12.6,223.6
TAS,64210,2025-09,18.92,183.33,12.25,269.05
TAS,64210,2025-10,15.39,149.73,15.02,237.16
TAS,64210,2025-11,14.71,231.53,14.04,271.42
TAS,64210,2025-12,15.95,200.32,13.92,269.26
TAS,64210,2026-01,11.32,121.63,6.63,128.81
TAS,64210,2026-02,13.69,127.3,12.02,244.57
TAS,64210,2026-03,15.02,162.52,18.16,464.98
TAS,64210,2026-04,33.58,353.18,39.24,1126.84
TAS,64210,2026-05,16.37,170.03,11.13,172.87
TAS,64210,2026-06,12.76,127.06,10.26,211.55
TAS,64210,2026-07,13.42,102.61,11.48,198.29
TAS,64210,2026-08,15.17,148.94,10.73,189.58
TAS,64610,2023-01,5.97,49.72,0,0
TAS,64610,2023-02,19.57,176.71,0,0
TAS,64610,2023-03,20.35,176.43,0,0
TAS,64610,2023-04,9.38,71.58,0,0
TAS,64610,2023-05,7.06,151.81,0,0
TAS,64610,2023-06,5.07,132.06,0,0
TAS,64610,2023-07,8.81,71.84,0,0
TAS,64610,2023-08,7.97,75.35,0,0
TAS,64610,2023-09,12.72,99.12,0,0
TAS,64610,2023-10,13.42,88.12,0,0
TAS,64610,2023-11,14.68,127.91,0,0
TAS,64610,2023-12,4.33,31.84,0,0
TAS,64610,2024-01,7.61,57.45,0,0
TAS,64610,2024-02,8.73,94.73,0,0
TAS,64610,2024-03,8.76,68.39,0,0
TAS,64610,2024-04,13.74,96.36,0,0
TAS,64610,2024-05,16.16,159.31,0,0
TAS,64610,2024-06,10.07,180.36,0,0
TAS,64610,2024-07,13.46,105.98,0,0
TAS,64610,2024-08,8.62,80.46,0,0
TAS,64610,2024-09,10.83,86.32,0,0
TAS,64610,2024-10,15.75,187.09,0,0
TAS,64610,2024-11,15.95,216.98,0,0
TAS,64610,2024-12,16.39,176.15,0,0
TAS,64610,2025-01,8.73,73.92,0,0
TAS,64610,2025-02,14.12,158.56,0,0
TAS,64610,2025-03,10.88,93.78,0,0
TAS,64610,2025-04,7.54,105.05,0,0
TAS,64610,2025-05,16.53,161.4,0,0
TAS,64610,2025-06,8.5,74.23,0,0
TAS,64610,2025-07,10.31,115.24,7.07,158.3
TAS,64610,2025-08,8.02,93.3,5.38,103.38
TAS,64610,2025-09,7.05,61.46,7.17,147.11
TAS,64610,2025-10,9.62,80.1,6.84,137.86
TAS,64610,2025-11,10.83,111.33,8.83,166.81
TAS,64610,2025-12,7.06,94.89,5.3,154.18
TAS,64610,2026-01,10.72,123.68,4.88,101.07
TAS,64610,2026-02,10.97,80.7,1.99,46.82
TAS,64610,2026-03,6.85,48.43,9.77,184.68
TAS,64610,2026-04,13.52,132.46,18.79,498.92
TAS,64610,2026-05,4.01,26.58,5.99,107.15
TAS,64610,2026-06,7.95,72.78,3.32,51.2
TAS,64610,2026-07,9.2,108.03,3.21,80.76
TAS,64610,2026-08,6.34,38.03,0.22,5.16
TAS,64810,2023-01,3,20.16,0,0
TAS,64810,2023-02,12.96,90.55,0,0
TAS,64810,2023-03,13.98,92.32,0,0
TAS,64810,2023-04,15.96,122.23,0,0
TAS,64810,2023-05,13.94,209.33,0,0
TAS,64810,2023-06,17.93,156.87,0,0
TAS,64810,2023-07,11,93.23,0,0
TAS,64810,2023-08,20.94,162.2,0,0
TAS,64810,2023-09,19.96,153.26,0,0
TAS,64810,2023-10,14.97,147.69,0,0
TAS,64810,2023-11,15.97,127.84,0,0
TAS,64810,2023-12,13.94,105.56,0,0
TAS,64810,2024-01,15.94,141.61,0,0
TAS,64810,2024-02,20.92,194.42,0,0
TAS,64810,2024-03,10.98,107.52,0,0
TAS,64810,2024-04,26.94,204.54,0,0
TAS,64810,2024-05,20.94,177.46,0,0
TAS,64810,2024-06,15.97,153.61,0,0
TAS,64810,2024-07,17.96,155.14,0,0
TAS,64810,2024-08,24.96,203.18,0,0
TAS,64810,2024-09,18.94,179.95,0,0
TAS,64810,2024-10,19.96,205.44,0,0
TAS,64810,2024-11,21.92,197,0,0
TAS,64810,2024-12,18.95,159.93,0,0
TAS,64810,2025-01,19.93,205.96,0,0
TAS,64810,2025-02,24.92,251.56,0,0
TAS,64810,2025-03,33.93,303.6,0,0
TAS,64810,2025-04,22.92,196.59,0,0
TAS,64810,2025-05,20.98,190.68,0,0
TAS,64810,2025-06,16.95,131.04,0,0
TAS,64810,2025-07,21.95,198.08,11.98,211.03
TAS,64810,2025-08,18.97,168.93,10.99,150.33
TAS,64810,2025-09,25.91,228.6,16.96,240.86
TAS,64810,2025-10,16.93,161.98,15.93,276.77
TAS,64810,2025-11,15.95,171.72,14.95,322.41
TAS,64810,2025-12,23.96,337.92,22.95,436.98
TAS,64810,2026-01,7.97,70.23,5.99,107.83
TAS,64810,2026-02,19.91,179.18,15.94,361.16
TAS,64810,2026-03,15.97,157.64,15.99,375.86
TAS,64810,2026-04,16.95,154.9,28.94,686.14
TAS,64810,2026-05,11.96,150.27,5.98,95.47
TAS,64810,2026-06,23.93,233,15.97,310.46
TAS,64810,2026-07,15.97,135.62,12.99,239.55
TAS,64810,2026-08,29.94,345.16,13.95,280.49
TAS,65010,2023-01,1.82,14.11,0,0
TAS,65010,2023-02,2.1,16.23,0,0
TAS,65010,2023-03,9.18,63.76,0,0
TAS,65010,2023-04,3.22,23.15,0,0
TAS,65010,2023-05,7.57,57.37,0,0
TAS,65010,2023-06,4.38,32.8,0,0
TAS,65010,2023-07,1.99,25.87,0,0
TAS,65010,2023-08,4.64,40.3,0,0
TAS,65010,2023-09,7.06,125.75,0,0
TAS,65010,2023-10,4.11,43.28,0,0
TAS,65010,2023-11,6.02,48.26,0,0
TAS,65010,2023-12,7.75,103.48,0,0
TAS,65010,2024-01,2.43,30.97,0,0
TAS,65010,2024-02,5.87,47.06,0,0
TAS,65010,2024-03,4.25,35.28,0,0
TAS,65010,2024-04,2.81,25.86,0,0
TAS,65010,2024-05,4.93,37.74,0,0
TAS,65010,2024-06,1.68,15.81,0,0
TAS,65010,2024-07,4.84,50.41,0,0
TAS,65010,2024-08,3.92,35.88,0,0
TAS,65010,2024-09,4.71,137.9,0,0
TAS,65010,2024-10,4.69,33.25,0,0
TAS,65010,2024-11,6.21,196.42,0,0
TAS,65010,2024-12,4.68,56.02,0,0
TAS,65010,2025-01,1.79,11.88,0,0
TAS,65010,2025-02,5.19,54.78,0,0
TAS,65010,2025-03,2.02,19.5,0,0
TAS,65010,2025-04,7.12,57.27,0,0
TAS,65010,2025-05,5.27,42.39,0,0
TAS,65010,2025-06,5.47,43.28,0,0
TAS,65010,2025-07,4.47,48.79,1.22,27.05
TAS,65010,2025-08,4,51.79,3.09,53.14
TAS,65010,2025-09,8.16,74.87,4.51,96
TAS,65010,2025-10,4.96,43.98,4.63,113.62
TAS,65010,2025-11,3.41,31.37,2.15,41.53
TAS,65010,2025-12,7.85,112.84,6.96,211.66
TAS,65010,2026-01,3.73,25.32,2.84,46.35
TAS,65010,2026-02,5.1,41.84,4.17,98.02
TAS,65010,2026-03,4.57,39.68,5.14,117.59
TAS,65010,2026-04,6.22,67.31,8.31,225.83
TAS,65010,2026-05,4.22,33.83,2.41,46.68
TAS,65010,2026-06,4.92,44.69,2.62,41.17
TAS,65010,2026-07,5.37,54.23,4.77,75.81
TAS,65010,2026-08,5.61,47.24,2.48,28.77
TAS,65210,2023-01,1,7.88,0,0
TAS,65210,2023-02,3,21.43,0,0
TAS,65210,2023-03,5,29.64,0,0
TAS,65210,2023-04,2.02,8.11,0,0
TAS,65210,2023-05,3.02,40.93,0,0
TAS,65210,2023-06,1.02,5.87,0,0
TAS,65210,2023-07,1,6.64,0,0
TAS,65210,2023-08,3,22.3,0,0
TAS,65210,2023-09,4,26.91,0,0
TAS,65210,2023-10,2,13.28,0,0
TAS,65210,2023-11,5.02,44.14,0,0
TAS,65210,2023-12,3.04,26.14,0,0
TAS,65210,2024-01,2.04,13.6,0,0
TAS,65210,2024-02,2.02,22.31,0,0
TAS,65210,2024-03,2,14.52,0,0
TAS,65210,2024-04,12,93.9,0,0
TAS,65210,2024-05,4.02,30.74,0,0
TAS,65210,2024-06,9,85.34,0,0
TAS,65210,2024-07,3.02,19.61,0,0
TAS,65210,2024-08,7,65.6,0,0
TAS,65210,2024-09,3.04,30.15,0,0
TAS,65210,2024-10,3,22.41,0,0
TAS,65210,2024-11,4,33.1,0,0
TAS,65210,2024-12,3.02,22.26,0,0
TAS,65210,2025-01,0.02,0.14,0,0
TAS,65210,2025-02,1.02,8.38,0,0
TAS,65210,2025-03,3.02,23.21,0,0
TAS,65210,2025-04,4.04,26.78,0,0
TAS,65210,2025-05,3,22.88,0,0
TAS,65210,2025-06,2.02,19.06,0,0
TAS,65210,2025-07,6.02,69.58,6,139.12
TAS,65210,2025-08,4,42.87,4,83.5
TAS,65210,2025-09,6.02,56.49,3.02,41.51
TAS,65210,2025-10,7.04,69.54,5.04,119.78
TAS,65210,2025-11,5.02,35.09,8.02,211.36
TAS,65210,2025-12,6.02,63.21,9.02,277.43
TAS,65210,2026-01,6,51.14,4,59.36
TAS,65210,2026-02,12.02,99.52,11.04,208.74
TAS,65210,2026-03,8,66.26,6,144.64
TAS,65210,2026-04,12.04,119.92,14.04,416.66
TAS,65210,2026-05,7.02,67.56,5.02,96.85
TAS,65210,2026-06,5,40.55,2,41.04
TAS,65210,2026-07,4,38.74,1,15.6
TAS,65210,2026-08,4.02,38.41,2.02,55.01
TAS,65410,2023-01,1.66,11.35,0,0
TAS,65410,2023-02,3.97,31.81,0,0
TAS,65410,2023-03,5.64,53.06,0,0
TAS,65410,2023-04,16.66,114.6,0,0
TAS,65410,2023-05,21.61,163.81,0,0
TAS,65410,2023-06,8.31,66.03,0,0
TAS,65410,2023-07,9.33,103.49,0,0
TAS,65410,2023-08,9.66,73.75,0,0
TAS,65410,2023-09,9.33,121.19,0,0
TAS,65410,2023-10,11.98,125.44,0,0
TAS,65410,2023-11,32.62,257.47,0,0
TAS,65410,2023-12,10.97,180.01,0,0
TAS,65410,2024-01,8,77.06,0,0
TAS,65410,2024-02,12.97,121.5,0,0
TAS,65410,2024-03,9.97,67.97,0,0
TAS,65410,2024-04,14.97,109.07,0,0
TAS,65410,2024-05,7.28,57.39,0,0
TAS,65410,2024-06,7.66,70.05,0,0
TAS,65410,2024-07,11.64,142.99,0,0
TAS,65410,2024-08,9.66,110.72,0,0
TAS,65410,2024-09,6.66,57.33,0,0
TAS,65410,2024-10,18.3,202.92,0,0
TAS,65410,2024-11,10.66,90.71,0,0
TAS,65410,2024-12,13.31,194.4,0,0
TAS,65410,2025-01,15,140.52,0,0
TAS,65410,2025-02,13.64,124.56,0,0
TAS,65410,2025-03,5.3,48.59,0,0
TAS,65410,2025-04,6.64,62.52,0,0
TAS,65410,2025-05,6.31,50.57,0,0
TAS,65410,2025-06,6.98,64.35,0,0
TAS,65410,2025-07,10.66,92.52,13.66,223.19
TAS,65410,2025-08,16.66,144.24,8.66,94.09
TAS,65410,2025-09,12.66,181.85,5.98,120.29
TAS,65410,2025-10,13.31,119.34,12.33,165.9
TAS,65410,2025-11,8.98,52.44,11.31,162.3
TAS,65410,2025-12,16.31,163.44,14.64,295.86
TAS,65410,2026-01,9.66,96.89,4.66,64.07
TAS,65410,2026-02,12.31,111.72,20.98,399.06
TAS,65410,2026-03,16.64,169.77,16.95,355.67
TAS,65410,2026-04,9.97,96.21,13.3,331.51
TAS,65410,2026-05,10.33,95.7,12.33,231.67
TAS,65410,2026-06,5.66,59.17,9.33,249.94
TAS,65410,2026-07,9.66,119.07,8.33,150.42
TAS,65410,2026-08,4.66,57.42,4.66,103.22
TAS,65610,2023-01,9.04,61.76,0,0
TAS,65610,2023-02,2.31,15.91,0,0
TAS,65610,2023-03,3.23,22.97,0,0
TAS,65610,2023-04,3.1,23.68,0,0
TAS,65610,2023-05,7.53,56.81,0,0
TAS,65610,2023-06,1.21,9.52,0,0
TAS,65610,2023-07,2.04,18.01,0,0
TAS,65610,2023-08,5.09,33.45,0,0
TAS,65610,2023-09,2.05,13.63,0,0
TAS,65610,2023-10,15.13,116.75,0,0
TAS,65610,2023-11,7.39,57.32,0,0
TAS,65610,2023-12,5.3,116.01,0,0
TAS,65610,2024-01,2,13.7,0,0
TAS,65610,2024-02,3.3,23.78,0,0
TAS,65610,2024-03,8.31,69.19,0,0
TAS,65610,2024-04,0.31,2.27,0,0
TAS,65610,2024-05,3.51,57.83,0,0
TAS,65610,2024-06,1.1,8.92,0,0
TAS,65610,2024-07,1.26,7.85,0,0
TAS,65610,2024-08,1.1,8.67,0,0
TAS,65610,2024-09,1.09,7.45,0,0
TAS,65610,2024-10,2.37,16.69,0,0
TAS,65610,2024-11,1.1,7.87,0,0
TAS,65610,2024-12,0.21,1.47,0,0
TAS,65610,2025-01,0,0,0,0
TAS,65610,2025-02,3.25,25.33,0,0
TAS,65610,2025-03,1.35,9.69,0,0
TAS,65610,2025-04,9.21,60.51,0,0
TAS,65610,2025-05,2.21,14.95,0,0
TAS,65610,2025-06,2.16,17.95,0,0
TAS,65610,2025-07,2.09,15.63,2.07,18.85
TAS,65610,2025-08,0.1,0.85,0.1,1.63
TAS,65610,2025-09,1.09,7.72,0.16,1.96
TAS,65610,2025-10,3.21,25.81,3.05,33.28
TAS,65610,2025-11,1.14,7.91,0.21,3.15
TAS,65610,2025-12,2.21,27.31,1.26,24.02
TAS,65610,2026-01,0.1,1.07,3.06,60.24
TAS,65610,2026-02,0.21,3.97,4.14,62.86
TAS,65610,2026-03,3.26,25.96,1.47,23.35
TAS,65610,2026-04,1.31,32.06,1.37,17.59
TAS,65610,2026-05,0.05,0.3,2.04,25.26
TAS,65610,2026-06,2.09,15.41,2.04,26.23
TAS,65610,2026-07,1.1,12.43,1.05,19.99
TAS,65610,2026-08,1.09,8.66,0.1,1.82
TAS,65810,2023-01,17.28,132.4,0,0
TAS,65810,2023-02,25.68,213.7,0,0
TAS,65810,2023-03,31.24,262.3,0,0
TAS,65810,2023-04,18.13,137.53,0,0
TAS,65810,2023-05,23.87,176.96,0,0
TAS,65810,2023-06,20.32,176.13,0,0
TAS,65810,2023-07,20.26,222.8,0,0
TAS,65810,2023-08,25.27,204.77,0,0
TAS,65810,2023-09,25.32,219.71,0,0
TAS,65810,2023-10,24.48,217.28,0,0
TAS,65810,2023-11,29.96,244.74,0,0
TAS,65810,2023-12,30.28,327.02,0,0
TAS,65810,2024-01,17.49,150.39,0,0
TAS,65810,2024-02,33.54,291.07,0,0
TAS,65810,2024-03,21.07,175.11,0,0
TAS,65810,2024-04,16.64,184.58,0,0
TAS,65810,2024-05,21.68,184.15,0,0
TAS,65810,2024-06,18.01,152.5,0,0
TAS,65810,2024-07,17.06,158.62,0,0
TAS,65810,2024-08,21.22,214.31,0,0
TAS,65810,2024-09,12.02,108.92,0,0
TAS,65810,2024-10,19.44,230.28,0,0
TAS,65810,2024-11,25.89,235.93,0,0
TAS,65810,2024-12,20.96,192.37,0,0
TAS,65810,2025-01,17.39,155.27,0,0
TAS,65810,2025-02,24.09,217.3,0,0
TAS,65810,2025-03,27.63,244.56,0,0
TAS,65810,2025-04,27.83,214.25,0,0
TAS,65810,2025-05,14.76,124.56,0,0
TAS,65810,2025-06,15.97,164.92,0,0
TAS,65810,2025-07,21.69,217.86,20.65,348.02
TAS,65810,2025-08,19.03,175.97,22.07,356.9
TAS,65810,2025-09,24.1,358.73,18.83,328.82
TAS,65810,2025-10,27.68,263.07,17.19,338.59
TAS,65810,2025-11,23.18,210.46,12.65,197.27
TAS,65810,2025-12,15.44,216.24,19.94,445.72
TAS,65810,2026-01,16.85,145.91,7.6,145.88
TAS,65810,2026-02,13.76,150.28,15.54,317.41
TAS,65810,2026-03,20.89,213.58,20.21,485.76
TAS,65810,2026-04,37.78,481.38,55.19,1503.89
TAS,65810,2026-05,23.39,277.73,12.53,211.13
TAS,65810,2026-06,16.4,166.56,10.24,174.96
TAS,65810,2026-07,26.84,278.49,16.91,349.24
TAS,65810,2026-08,16.03,163.98,12.16,185
VIC,20110,2023-01,17.81,127.14,0,0
VIC,20110,2023-02,23.41,195.79,0,0
VIC,20110,2023-03,24.48,239.12,0,0
VIC,20110,2023-04,20.8,217.82,0,0
VIC,20110,2023-05,23.82,206.9,0,0
VIC,20110,2023-06,21.87,237.16,0,0
VIC,20110,2023-07,23.99,231.96,0,0
VIC,20110,2023-08,25.06,260.38,0,0
VIC,20110,2023-09,34.45,349.53,0,0
VIC,20110,2023-10,18.95,146.89,0,0
VIC,20110,2023-11,23.18,196.82,0,0
VIC,20110,2023-12,23,228.78,0,0
VIC,20110,2024-01,21.42,193.43,0,0
VIC,20110,2024-02,22.77,247.22,0,0
VIC,20110,2024-03,17.94,135.94,0,0
VIC,20110,2024-04,10.9,104.85,0,0
VIC,20110,2024-05,13.51,155.78,0,0
VIC,20110,2024-06,18.41,184.03,0,0
VIC,20110,2024-07,14.94,146.84,0,0
VIC,20110,2024-08,19.78,205.35,0,0
VIC,20110,2024-09,16.79,257.13,0,0
VIC,20110,2024-10,23.41,286.73,0,0
VIC,20110,2024-11,19.78,249.47,0,0
VIC,20110,2024-12,17.07,238.26,0,0
VIC,20110,2025-01,8.5,76.76,0,0
VIC,20110,2025-02,14.01,128.3,0,0
VIC,20110,2025-03,17.41,188.91,0,0
VIC,20110,2025-04,17.23,157.14,0,0
VIC,20110,2025-05,11.12,119.93,0,0
VIC,20110,2025-06,10.21,165.1,0,0
VIC,20110,2025-07,12.2,116.11,21.57,337.04
VIC,20110,2025-08,19.01,186.29,22.76,382.66
VIC,20110,2025-09,21.68,262.38,26.93,600.23
VIC,20110,2025-10,26.21,303.98,37.63,832.88
VIC,20110,2025-11,18.36,182.79,20.4,466.15
VIC,20110,2025-12,23.18,283.07,38.59,1017.45
VIC,20110,2026-01,10.01,88.99,14.01,308.76
VIC,20110,2026-02,12.63,137.78,26.97,649.78
VIC,20110,2026-03,23.85,271.04,39.52,1060.79
VIC,20110,2026-04,37.79,419.78,71.76,2106.6
VIC,20110,2026-05,13.26,155.42,12.16,272.21
VIC,20110,2026-06,19.78,228.91,21.05,531.66
VIC,20110,2026-07,18.71,196.33,17.49,374.56
VIC,20110,2026-08,8.63,76.3,5.54,120.73
VIC,20260,2023-01,14.05,131.31,0,0
VIC,20260,2023-02,10.54,101.1,0,0
VIC,20260,2023-03,13.58,105.65,0,0
VIC,20260,2023-04,14.6,107.76,0,0
VIC,20260,2023-05,12.73,99.9,0,0
VIC,20260,2023-06,14.51,90.96,0,0
VIC,20260,2023-07,16.82,117.21,0,0
VIC,20260,2023-08,19.28,161.93,0,0
VIC,20260,2023-09,7.43,68.19,0,0
VIC,20260,2023-10,7.25,81.63,0,0
VIC,20260,2023-11,19.69,156.56,0,0
VIC,20260,2023-12,9.44,86.53,0,0
VIC,20260,2024-01,4.55,35.08,0,0
VIC,20260,2024-02,8.49,68.1,0,0
VIC,20260,2024-03,17.02,146.48,0,0
VIC,20260,2024-04,10.34,71.15,0,0
VIC,20260,2024-05,8.64,60.08,0,0
VIC,20260,2024-06,8.11,96.13,0,0
VIC,20260,2024-07,14.46,169.75,0,0
VIC,20260,2024-08,10.12,82.4,0,0
VIC,20260,2024-09,12.61,138.69,0,0
VIC,20260,2024-10,10.57,91.64,0,0
VIC,20260,2024-11,11.86,110.4,0,0
VIC,20260,2024-12,7.49,77.19,0,0
VIC,20260,2025-01,3.84,36.9,0,0
VIC,20260,2025-02,7.37,64.57,0,0
VIC,20260,2025-03,7.43,60.93,0,0
VIC,20260,2025-04,9,121.64,0,0
VIC,20260,2025-05,7.18,86.14,0,0
VIC,20260,2025-06,12.43,82.84,0,0
VIC,20260,2025-07,2.84,23.68,7.09,99.07
VIC,20260,2025-08,6.61,45.96,8.85,143.72
VIC,20260,2025-09,5.75,57.81,12.79,287.74
VIC,20260,2025-10,5.12,41.68,11.61,262.18
VIC,20260,2025-11,6.24,58.2,14.44,364.47
VIC,20260,2025-12,9.37,101.28,13.69,345.95
VIC,20260,2026-01,5.94,40.03,5.46,157.6
VIC,20260,2026-02,7.35,50.17,14.41,419.29
VIC,20260,2026-03,7.36,88.88,13.97,424.88
VIC,20260,2026-04,5.74,78.67,14.29,497.48
VIC,20260,2026-05,5.73,50.02,4.17,119.15
VIC,20260,2026-06,8.36,77.88,10.69,297.72
VIC,20260,2026-07,1.89,15.24,6.91,144.88
VIC,20260,2026-08,1.08,9.72,2.06,44.69
VIC,20570,2023-01,81.86,588.72,0,0
VIC,20570,2023-02,106.2,862.25,0,0
VIC,20570,2023-03,101.11,804.14,0,0
VIC,20570,2023-04,92.8,726.1,0,0
VIC,20570,2023-05,122.81,958.9,0,0
VIC,20570,2023-06,93.98,840.27,0,0
VIC,20570,2023-07,134.23,1194.81,0,0
VIC,20570,2023-08,128.3,1228.88,0,0
VIC,20570,2023-09,141.4,1362.37,0,0
VIC,20570,2023-10,110.49,899.46,0,0
VIC,20570,2023-11,138.9,1190,0,0
VIC,20570,2023-12,115.63,1492.3,0,0
VIC,20570,2024-01,101.54,811.49,0,0
VIC,20570,2024-02,133.39,1381.74,0,0
VIC,20570,2024-03,117.05,1223.04,0,0
VIC,20570,2024-04,113.26,885.74,0,0
VIC,20570,2024-05,115.51,909.36,0,0
VIC,20570,2024-06,103.23,945.16,0,0
VIC,20570,2024-07,165.12,1224.51,0,0
VIC,20570,2024-08,102.3,1048.11,0,0
VIC,20570,2024-09,114.11,1096.44,0,0
VIC,20570,2024-10,107.48,968.94,0,0
VIC,20570,2024-11,117.9,1147.22,0,0
VIC,20570,2024-12,121.88,1296.99,0,0
VIC,20570,2025-01,66.66,619.75,0,0
VIC,20570,2025-02,77.31,709.68,0,0
VIC,20570,2025-03,118.6,1232.82,0,0
VIC,20570,2025-04,75.57,628.51,0,0
VIC,20570,2025-05,140.6,1153.51,0,0
VIC,20570,2025-06,117.27,900.75,0,0
VIC,20570,2025-07,103.8,952.38,117.78,1887.01
VIC,20570,2025-08,83.05,875.76,117.64,1938.27
VIC,20570,2025-09,94.89,942.74,127.54,2415.41
VIC,20570,2025-10,101.34,852.56,108.53,2330.12
VIC,20570,2025-11,114.48,915.5,131.38,2929.24
VIC,20570,2025-12,111.14,1068.02,141.63,3778.26
VIC,20570,2026-01,61.28,536.54,73.04,2019.04
VIC,20570,2026-02,108.74,869.28,135.66,3714.4
VIC,20570,2026-03,105.95,873.62,155.71,4851.26
VIC,20570,2026-04,143.52,1452.75,249.61,8674.53
VIC,20570,2026-05,112.03,753.54,66.64,1480.69
VIC,20570,2026-06,74,586.21,78.29,1775.82
VIC,20570,2026-07,66.9,451.38,55.62,1322.49
VIC,20570,2026-08,24.01,137.54,7.7,206.25
VIC,20660,2023-01,78.81,609.46,0,0
VIC,20660,2023-02,95.12,767.43,0,0
VIC,20660,2023-03,92.17,841.74,0,0
VIC,20660,2023-04,62.89,496.88,0,0
VIC,20660,2023-05,108.3,828.47,0,0
VIC,20660,2023-06,102.9,782.3,0,0
VIC,20660,2023-07,76.54,670.1,0,0
VIC,20660,2023-08,112.94,968.42,0,0
VIC,20660,2023-09,106.98,938.1,0,0
VIC,20660,2023-10,105.3,816.05,0,0
VIC,20660,2023-11,89.05,668.09,0,0
VIC,20660,2023-12,101.46,826.01,0,0
VIC,20660,2024-01,71.99,592.83,0,0
VIC,20660,2024-02,83.04,694.59,0,0
VIC,20660,2024-03,68.44,607.34,0,0
VIC,20660,2024-04,73.92,626.06,0,0
VIC,20660,2024-05,107.79,849.11,0,0
VIC,20660,2024-06,75.86,750.08,0,0
VIC,20660,2024-07,71.71,685.35,0,0
VIC,20660,2024-08,94.15,854.11,0,0
VIC,20660,2024-09,72.95,697.73,0,0
VIC,20660,2024-10,85.96,699.82,0,0
VIC,20660,2024-11,66.89,542.91,0,0
VIC,20660,2024-12,96.05,1001.21,0,0
VIC,20660,2025-01,42.81,353.76,0,0
VIC,20660,2025-02,68.57,614.36,0,0
VIC,20660,2025-03,84.13,742.84,0,0
VIC,20660,2025-04,78.59,555.84,0,0
VIC,20660,2025-05,64.39,514.02,0,0
VIC,20660,2025-06,59.98,481.04,0,0
VIC,20660,2025-07,72.24,651.99,104.89,1661.52
VIC,20660,2025-08,62.5,530.52,93.65,1583.77
VIC,20660,2025-09,59.26,545.74,92.99,1927.16
VIC,20660,2025-10,76,673.68,136.1,3065.31
VIC,20660,2025-11,67.83,695.96,101.55,2727.29
VIC,20660,2025-12,92.07,1203.11,168.87,4685.77
VIC,20660,2026-01,51.28,473.99,85,2250.02
VIC,20660,2026-02,90.95,890.76,150.8,4441.06
VIC,20660,2026-03,113.55,1114.66,215.43,7031.57
VIC,20660,2026-04,148.65,1475.45,291.17,10615.71
VIC,20660,2026-05,90.49,675.26,90.92,2040.08
VIC,20660,2026-06,80.27,631.95,87.06,2012.61
VIC,20660,2026-07,70.71,604.76,85.25,2030.79
VIC,20660,2026-08,17.99,157.67,17.83,444.46
VIC,20740,2023-01,68.96,525.6,0,0
VIC,20740,2023-02,79.84,687.61,0,0
VIC,20740,2023-03,66.12,553.41,0,0
VIC,20740,2023-04,45.85,350.97,0,0
VIC,20740,2023-05,69.95,570.32,0,0
VIC,20740,2023-06,63.94,511.75,0,0
VIC,20740,2023-07,73.67,664.87,0,0
VIC,20740,2023-08,76.57,631.86,0,0
VIC,20740,2023-09,72.38,719.83,0,0
VIC,20740,2023-10,79.84,685.53,0,0
VIC,20740,2023-11,64.98,758.3,0,0
VIC,20740,2023-12,83.95,730.23,0,0
VIC,20740,2024-01,53.34,451.86,0,0
VIC,20740,2024-02,70.8,592.08,0,0
VIC,20740,2024-03,65.61,670.24,0,0
VIC,20740,2024-04,39.61,327.03,0,0
VIC,20740,2024-05,76.03,731.33,0,0
VIC,20740,2024-06,53.86,441.88,0,0
VIC,20740,2024-07,51.21,496.97,0,0
VIC,20740,2024-08,46.48,400.82,0,0
VIC,20740,2024-09,65.67,583.11,0,0
VIC,20740,2024-10,66.27,556.24,0,0
VIC,20740,2024-11,51.14,532.29,0,0
VIC,20740,2024-12,76.8,730.96,0,0
VIC,20740,2025-01,53.57,422.44,0,0
VIC,20740,2025-02,58.39,472.3,0,0
VIC,20740,2025-03,75.8,655.73,0,0
VIC,20740,2025-04,51.47,449.43,0,0
VIC,20740,2025-05,60.17,626.7,0,0
VIC,20740,2025-06,36.71,360.74,0,0
VIC,20740,2025-07,58.79,504.61,69.88,1076.23
VIC,20740,2025-08,47.8,414.75,69.27,1127.44
VIC,20740,2025-09,47.07,398.62,64.04,1197.47
VIC,20740,2025-10,92.16,861.75,100.46,2146.88
VIC,20740,2025-11,44.33,403.03,80.46,1728.17
VIC,20740,2025-12,81.27,745.15,119.17,2751.19
VIC,20740,2026-01,52.39,419.23,69.8,1540.77
VIC,20740,2026-02,67.57,569.97,93.36,2461.79
VIC,20740,2026-03,73.37,617.19,110.54,2884.53
VIC,20740,2026-04,78.54,913.63,150.36,4574.52
VIC,20740,2026-05,49.12,354.35,58.66,1192.51
VIC,20740,2026-06,41.15,339.87,43.01,882.45
VIC,20740,2026-07,49.09,445.3,53.96,1141.87
VIC,20740,2026-08,22.85,177.21,12.13,309.2
VIC,20830,2023-01,60.97,602.67,0,0
VIC,20830,2023-02,68.8,548.77,0,0
VIC,20830,2023-03,51.12,470.52,0,0
VIC,20830,2023-04,71.92,557.99,0,0
VIC,20830,2023-05,67.88,552.02,0,0
VIC,20830,2023-06,59.24,700.07,0,0
VIC,20830,2023-07,60.42,506.48,0,0
VIC,20830,2023-08,64.01,572.02,0,0
VIC,20830,2023-09,88.09,765.45,0,0
VIC,20830,2023-10,61.81,642.15,0,0
VIC,20830,2023-11,64.54,605.77,0,0
VIC,20830,2023-12,91.23,809.1,0,0
VIC,20830,2024-01,51.11,386.76,0,0
VIC,20830,2024-02,49.56,494.25,0,0
VIC,20830,2024-03,46.33,440.33,0,0
VIC,20830,2024-04,43.98,406.09,0,0
VIC,20830,2024-05,58.9,596.52,0,0
VIC,20830,2024-06,54.07,501.92,0,0
VIC,20830,2024-07,55.15,557.27,0,0
VIC,20830,2024-08,54.18,445.49,0,0
VIC,20830,2024-09,57.32,725.53,0,0
VIC,20830,2024-10,80.66,863.35,0,0
VIC,20830,2024-11,66.14,726.53,0,0
VIC,20830,2024-12,104.11,1042.94,0,0
VIC,20830,2025-01,60.16,493.98,0,0
VIC,20830,2025-02,66.83,559.34,0,0
VIC,20830,2025-03,70.33,793.97,0,0
VIC,20830,2025-04,58.69,656.61,0,0
VIC,20830,2025-05,55.2,466.71,0,0
VIC,20830,2025-06,63.5,470.83,0,0
VIC,20830,2025-07,77.66,686.64,86.82,1462.38
VIC,20830,2025-08,61.77,622.22,74.71,1425.63
VIC,20830,2025-09,73.36,673.57,69.7,1626.21
VIC,20830,2025-10,90.59,829.79,105.07,2492.83
VIC,20830,2025-11,72.27,688.22,91.71,2394.14
VIC,20830,2025-12,83.53,830.44,104.83,2986.96
VIC,20830,2026-01,41.79,289.91,47.45,1305.98
VIC,20830,2026-02,84.08,779.86,99.31,2795.36
VIC,20830,2026-03,75.86,830.83,112,3283.84
VIC,20830,2026-04,107.94,1049.2,173.49,5824.09
VIC,20830,2026-05,101.35,703.11,75.89,1369.83
VIC,20830,2026-06,68.4,533.15,59.46,1253.6
VIC,20830,2026-07,45.28,363.07,41.49,985.93
VIC,20830,2026-08,16.33,98.97,6.44,129.08
VIC,20910,2023-01,47.4,358.59,0,0
VIC,20910,2023-02,71.51,578.31,0,0
VIC,20910,2023-03,83.7,744.39,0,0
VIC,20910,2023-04,64.91,557.67,0,0
VIC,20910,2023-05,99.8,843.19,0,0
VIC,20910,2023-06,59.39,518.07,0,0
VIC,20910,2023-07,48.49,467.09,0,0
VIC,20910,2023-08,84.89,744.64,0,0
VIC,20910,2023-09,82.09,711.1,0,0
VIC,20910,2023-10,98.4,1040.48,0,0
VIC,20910,2023-11,94.99,926.39,0,0
VIC,20910,2023-12,100.01,893.81,0,0
VIC,20910,2024-01,52.17,401.05,0,0
VIC,20910,2024-02,63.33,534.66,0,0
VIC,20910,2024-03,53.92,414.27,0,0
VIC,20910,2024-04,65.45,627.52,0,0
VIC,20910,2024-05,51.95,499.74,0,0
VIC,20910,2024-06,44.12,445.03,0,0
VIC,20910,2024-07,42.88,485.96,0,0
VIC,20910,2024-08,67.46,580.07,0,0
VIC,20910,2024-09,68.86,593.06,0,0
VIC,20910,2024-10,65.26,695.76,0,0
VIC,20910,2024-11,64.74,683.95,0,0
VIC,20910,2024-12,112.73,985.95,0,0
VIC,20910,2025-01,35.49,295.88,0,0
VIC,20910,2025-02,73.02,614.92,0,0
VIC,20910,2025-03,57.47,443.44,0,0
VIC,20910,2025-04,28.64,266.12,0,0
VIC,20910,2025-05,38.27,488.18,0,0
VIC,20910,2025-06,30.97,336.34,0,0
VIC,20910,2025-07,56.94,541.6,102.79,1694.39
VIC,20910,2025-08,44.36,425.98,73.56,1144.6
VIC,20910,2025-09,51.02,514.65,94.3,2075.74
VIC,20910,2025-10,67.44,804.49,102.53,2356.83
VIC,20910,2025-11,66.59,756.14,105.16,2558.43
VIC,20910,2025-12,67.33,773.46,116.58,3406.3
VIC,20910,2026-01,45.86,448.09,88.04,2273.4
VIC,20910,2026-02,63.96,619.01,113.66,3345.27
VIC,20910,2026-03,70.55,761.14,143.16,4547.83
VIC,20910,2026-04,113.31,1303.13,229.43,7791.84
VIC,20910,2026-05,39.34,346.48,54.04,1101.46
VIC,20910,2026-06,63.16,601.46,78.8,1702.21
VIC,20910,2026-07,49.66,431,61.77,1424.06
VIC,20910,2026-08,13.33,121.73,17.81,409.54
VIC,21010,2023-01,29.12,189.24,0,0
VIC,21010,2023-02,31.33,242.43,0,0
VIC,21010,2023-03,37.64,274.38,0,0
VIC,21010,2023-04,9.64,76.54,0,0
VIC,21010,2023-05,22.64,174.43,0,0
VIC,21010,2023-06,20.63,156.44,0,0
VIC,21010,2023-07,15.04,131.49,0,0
VIC,21010,2023-08,16.82,148.5,0,0
VIC,21010,2023-09,16.94,143.6,0,0
VIC,21010,2023-10,18.22,156.26,0,0
VIC,21010,2023-11,16.89,177.16,0,0
VIC,21010,2023-12,26.99,242.21,0,0
VIC,21010,2024-01,12.47,77.87,0,0
VIC,21010,2024-02,19.75,212.77,0,0
VIC,21010,2024-03,21.27,192.59,0,0
VIC,21010,2024-04,34.57,324.1,0,0
VIC,21010,2024-05,20.26,239.41,0,0
VIC,21010,2024-06,12.63,103.1,0,0
VIC,21010,2024-07,18.93,181.12,0,0
VIC,21010,2024-08,20.33,227.98,0,0
VIC,21010,2024-09,18.29,179.18,0,0
VIC,21010,2024-10,19.51,162.29,0,0
VIC,21010,2024-11,21.12,235.63,0,0
VIC,21010,2024-12,21.41,240.67,0,0
VIC,21010,2025-01,13.18,157.09,0,0
VIC,21010,2025-02,20,199.74,0,0
VIC,21010,2025-03,17.7,186.02,0,0
VIC,21010,2025-04,22.53,244.06,0,0
VIC,21010,2025-05,29.98,271.95,0,0
VIC,21010,2025-06,9.11,84.31,0,0
VIC,21010,2025-07,23.25,260.53,34.07,647.25
VIC,21010,2025-08,23.39,281.46,36.41,605.87
VIC,21010,2025-09,20.22,182.61,26.86,558.52
VIC,21010,2025-10,21.58,162.85,25.93,525.5
VIC,21010,2025-11,27.46,293.78,31.46,807.52
VIC,21010,2025-12,26.79,341.94,37.91,1197.67
VIC,21010,2026-01,17,132.08,29.87,585.55
VIC,21010,2026-02,22.44,251.72,34.56,873.43
VIC,21010,2026-03,31.81,332.42,44.09,1189.51
VIC,21010,2026-04,25.28,348.24,43.99,1310.92
VIC,21010,2026-05,18.28,178.55,7.7,176.45
VIC,21010,2026-06,13.28,181.17,16.75,427.19
VIC,21010,2026-07,14.12,128.99,18.18,363.26
VIC,21010,2026-08,3,29.45,3,71
VIC,21110,2023-01,62.48,550.03,0,0
VIC,21110,2023-02,94.91,813.88,0,0
VIC,21110,2023-03,100.26,951.23,0,0
VIC,21110,2023-04,69.23,581.48,0,0
VIC,21110,2023-05,82.46,794.94,0,0
VIC,21110,2023-06,80.17,794.16,0,0
VIC,21110,2023-07,78.11,662.47,0,0
VIC,21110,2023-08,108.14,961.74,0,0
VIC,21110,2023-09,97.47,900.44,0,0
VIC,21110,2023-10,98.83,923.31,0,0
VIC,21110,2023-11,114.69,1093.26,0,0
VIC,21110,2023-12,107.28,1223.26,0,0
VIC,21110,2024-01,61.15,527.51,0,0
VIC,21110,2024-02,100.8,924.18,0,0
VIC,21110,2024-03,104.23,1007.02,0,0
VIC,21110,2024-04,82.9,873.27,0,0
VIC,21110,2024-05,90.75,776.53,0,0
VIC,21110,2024-06,65.06,610.52,0,0
VIC,21110,2024-07,87.79,855.55,0,0
VIC,21110,2024-08,90.98,858.18,0,0
VIC,21110,2024-09,92.81,787.26,0,0
VIC,21110,2024-10,97.66,920.28,0,0
VIC,21110,2024-11,89.49,948.96,0,0
VIC,21110,2024-12,95.14,1022.32,0,0
VIC,21110,2025-01,56.6,621.89,0,0
VIC,21110,2025-02,79.92,756.2,0,0
VIC,21110,2025-03,74.72,826,0,0
VIC,21110,2025-04,63.66,578.7,0,0
VIC,21110,2025-05,66.98,672.87,0,0
VIC,21110,2025-06,41.99,401.38,0,0
VIC,21110,2025-07,75.13,811.55,145.5,2738.92
VIC,21110,2025-08,82.34,905.88,119.68,2627.87
VIC,21110,2025-09,89.05,1099.48,137.1,3401.4
VIC,21110,2025-10,91.36,1084.15,156.54,4312.6
VIC,21110,2025-11,99.49,1047.52,180.64,5378.94
VIC,21110,2025-12,121.65,1346.26,195.8,6668.94
VIC,21110,2026-01,49.94,451.23,115.45,3491.6
VIC,21110,2026-02,101.96,916.94,161.61,5151.34
VIC,21110,2026-03,128.68,1328.77,251.27,9003.45
VIC,21110,2026-04,286.04,3089.66,555.87,21829.7
VIC,21110,2026-05,73.68,633.57,85.45,2091.11
VIC,21110,2026-06,96.98,925.72,114.36,3165.55
VIC,21110,2026-07,84.36,750.31,106.86,2646.72
VIC,21110,2026-08,23.31,252.53,31.48,816.71
VIC,21180,2023-01,74.86,612.17,0,0
VIC,21180,2023-02,140.42,1150.19,0,0
VIC,21180,2023-03,109.83,1103.77,0,0
VIC,21180,2023-04,100.85,997.35,0,0
VIC,21180,2023-05,109.74,1198.02,0,0
VIC,21180,2023-06,112.47,1266.92,0,0
VIC,21180,2023-07,126.8,1204.34,0,0
VIC,21180,2023-08,130.4,1123.4,0,0
VIC,21180,2023-09,133.42,1402.55,0,0
VIC,21180,2023-10,133.76,1152.18,0,0
VIC,21180,2023-11,132.4,1260.04,0,0
VIC,21180,2023-12,128.07,1997.1,0,0
VIC,21180,2024-01,102.22,909,0,0
VIC,21180,2024-02,117.51,1107.11,0,0
VIC,21180,2024-03,109.55,1110.75,0,0
VIC,21180,2024-04,122.72,1043.38,0,0
VIC,21180,2024-05,125.63,1323.48,0,0
VIC,21180,2024-06,120.92,1378.67,0,0
VIC,21180,2024-07,107.22,1138.59,0,0
VIC,21180,2024-08,113.26,1023.08,0,0
VIC,21180,2024-09,134.34,1321.61,0,0
VIC,21180,2024-10,160.69,1449.56,0,0
VIC,21180,2024-11,137,1418.45,0,0
VIC,21180,2024-12,141.75,1483.04,0,0
VIC,21180,2025-01,113.4,891.04,0,0
VIC,21180,2025-02,132.85,1331.22,0,0
VIC,21180,2025-03,143.81,1357.36,0,0
VIC,21180,2025-04,112.71,1225.22,0,0
VIC,21180,2025-05,134.22,1351.14,0,0
VIC,21180,2025-06,78.27,731.12,0,0
VIC,21180,2025-07,90.56,1099.83,98.79,1547.71
VIC,21180,2025-08,91.43,1066.08,118.15,2287.85
VIC,21180,2025-09,86.84,807.36,137.8,3064.23
VIC,21180,2025-10,104.62,1187.92,180.37,4780.81
VIC,21180,2025-11,96.15,987.96,178.31,4987.19
VIC,21180,2025-12,128.08,1470.15,224.07,7453.55
VIC,21180,2026-01,82.56,752.66,116.92,3734.62
VIC,21180,2026-02,120.38,1295.88,201.72,7292.28
VIC,21180,2026-03,115.04,1147.52,244.87,9238.83
VIC,21180,2026-04,151.3,1607.1,423.9,17127.15
VIC,21180,2026-05,92.63,780.78,85.44,1895.96
VIC,21180,2026-06,71.91,643.39,83.41,2178.78
VIC,21180,2026-07,104.27,944.75,117.83,3293.51
VIC,21180,2026-08,27.59,261.43,27.35,761.19
VIC,21270,2023-01,2.32,19.49,0,0
VIC,21270,2023-02,6.23,40.68,0,0
VIC,21270,2023-03,4.69,44.09,0,0
VIC,21270,2023-04,3.17,109.56,0,0
VIC,21270,2023-05,3.94,33.84,0,0
VIC,21270,2023-06,8.57,63.98,0,0
VIC,21270,2023-07,8.8,121.38,0,0
VIC,21270,2023-08,9.64,118.83,0,0
VIC,21270,2023-09,9.24,66.94,0,0
VIC,21270,2023-10,7.73,100.89,0,0
VIC,21270,2023-11,2.29,48.71,0,0
VIC,21270,2023-12,10.73,76.12,0,0
VIC,21270,2024-01,1.97,16.58,0,0
VIC,21270,2024-02,4.94,98.62,0,0
VIC,21270,2024-03,4.12,35.93,0,0
VIC,21270,2024-04,5.84,70.87,0,0
VIC,21270,2024-05,8.28,73.66,0,0
VIC,21270,2024-06,4.79,34.42,0,0
VIC,21270,2024-07,5.83,67.75,0,0
VIC,21270,2024-08,3.01,22.74,0,0
VIC,21270,2024-09,6.74,52.42,0,0
VIC,21270,2024-10,5.82,44.57,0,0
VIC,21270,2024-11,9.77,77.14,0,0
VIC,21270,2024-12,5.74,112.68,0,0
VIC,21270,2025-01,5.78,50.65,0,0
VIC,21270,2025-02,4.86,52.29,0,0
VIC,21270,2025-03,5.04,33.27,0,0
VIC,21270,2025-04,2.14,18.31,0,0
VIC,21270,2025-05,3.01,31.63,0,0
VIC,21270,2025-06,1.89,24.93,0,0
VIC,21270,2025-07,4.79,44.05,3.31,83.5
VIC,21270,2025-08,4.87,172.29,7.95,223.03
VIC,21270,2025-09,4.8,57.64,7.92,184.6
VIC,21270,2025-10,8.79,108.69,6.11,159.41
VIC,21270,2025-11,2.96,25.94,7.85,141.43
VIC,21270,2025-12,3.04,47.3,5.96,183.58
VIC,21270,2026-01,0.94,9.08,1.95,45.2
VIC,21270,2026-02,5.79,48.76,8.7,221.37
VIC,21270,2026-03,4.35,64.63,7.27,187.07
VIC,21270,2026-04,3.03,41.17,12.63,547.2
VIC,21270,2026-05,1.01,30.49,0.01,0.13
VIC,21270,2026-06,0.96,7.19,1.31,21.61
VIC,21270,2026-07,2.74,22.11,4.6,157.21
VIC,21270,2026-08,2.97,21.08,1,15.36
VIC,21370,2023-01,33.24,299.44,0,0
VIC,21370,2023-02,51.04,613.3,0,0
VIC,21370,2023-03,44.46,582.88,0,0
VIC,21370,2023-04,37.31,375.43,0,0
VIC,21370,2023-05,63.25,535.84,0,0
VIC,21370,2023-06,56.53,497.93,0,0
VIC,21370,2023-07,47.16,419.08,0,0
VIC,21370,2023-08,67.43,692.06,0,0
VIC,21370,2023-09,62.38,719.72,0,0
VIC,21370,2023-10,59.99,705.89,0,0
VIC,21370,2023-11,46.21,461.82,0,0
VIC,21370,2023-12,29.98,370.19,0,0
VIC,21370,2024-01,30.28,283.4,0,0
VIC,21370,2024-02,38.21,415.25,0,0
VIC,21370,2024-03,43.44,420.76,0,0
VIC,21370,2024-04,42.49,479.33,0,0
VIC,21370,2024-05,48.65,542.16,0,0
VIC,21370,2024-06,27.32,326.24,0,0
VIC,21370,2024-07,46.61,490.11,0,0
VIC,21370,2024-08,38.34,378.14,0,0
VIC,21370,2024-09,44,595.62,0,0
VIC,21370,2024-10,48.43,438.38,0,0
VIC,21370,2024-11,48.63,603.2,0,0
VIC,21370,2024-12,41.47,379.2,0,0
VIC,21370,2025-01,34.12,350.82,0,0
VIC,21370,2025-02,39.36,423.65,0,0
VIC,21370,2025-03,41.86,444.3,0,0
VIC,21370,2025-04,34.9,349.19,0,0
VIC,21370,2025-05,41.49,475.16,0,0
VIC,21370,2025-06,26.47,271.1,0,0
VIC,21370,2025-07,26.86,261.85,45.73,811.17
VIC,21370,2025-08,27.83,231.8,27.57,413.77
VIC,21370,2025-09,29.53,327.38,28.68,571.07
VIC,21370,2025-10,29.38,322.14,44.81,1003.65
VIC,21370,2025-11,36.33,468.07,40.33,913.51
VIC,21370,2025-12,51.71,550.84,74.54,1819.69
VIC,21370,2026-01,28.69,214.34,37.49,853.27
VIC,21370,2026-02,36.17,275.79,44.3,1083.86
VIC,21370,2026-03,38.85,428.47,68.29,2012.08
VIC,21370,2026-04,56.31,556.63,90.07,3252.71
VIC,21370,2026-05,39.43,274,35.76,697.82
VIC,21370,2026-06,49.17,430.86,22.19,417.47
VIC,21370,2026-07,23.63,235.31,25.07,534.95
VIC,21370,2026-08,11.31,66.12,7.08,166.07
VIC,21450,2023-01,81.69,633.46,0,0
VIC,21450,2023-02,136.73,1515.61,0,0
VIC,21450,2023-03,96.84,764.68,0,0
VIC,21450,2023-04,92.04,752.19,0,0
VIC,21450,2023-05,173.67,1486.67,0,0
VIC,21450,2023-06,107.41,1071.32,0,0
VIC,21450,2023-07,110.58,1475.08,0,0
VIC,21450,2023-08,120.59,1081.6,0,0
VIC,21450,2023-09,120.63,1069.97,0,0
VIC,21450,2023-10,136.77,1166.28,0,0
VIC,21450,2023-11,133.33,1114.89,0,0
VIC,21450,2023-12,173.67,1915.61,0,0
VIC,21450,2024-01,117.97,968.39,0,0
VIC,21450,2024-02,102.79,958.09,0,0
VIC,21450,2024-03,131.72,1133.41,0,0
VIC,21450,2024-04,124.19,1042.23,0,0
VIC,21450,2024-05,132.25,1208.03,0,0
VIC,21450,2024-06,110.34,981.58,0,0
VIC,21450,2024-07,110.81,1138.75,0,0
VIC,21450,2024-08,134.23,1325.74,0,0
VIC,21450,2024-09,143.11,1483.55,0,0
VIC,21450,2024-10,135.19,1250.36,0,0
VIC,21450,2024-11,131.31,1328.34,0,0
VIC,21450,2024-12,154.24,1444.95,0,0
VIC,21450,2025-01,123.45,1053.57,0,0
VIC,21450,2025-02,106.44,946.63,0,0
VIC,21450,2025-03,124.74,1218.09,0,0
VIC,21450,2025-04,113.58,904.74,0,0
VIC,21450,2025-05,108.34,788.65,0,0
VIC,21450,2025-06,109.42,955.23,0,0
VIC,21450,2025-07,138.69,1178.24,122.45,1864.35
VIC,21450,2025-08,112.03,901.52,115.84,2133.22
VIC,21450,2025-09,134.29,1135.92,149.2,3221.25
VIC,21450,2025-10,147.39,1334.19,180.62,4742.94
VIC,21450,2025-11,166.18,1396.44,179.83,4986.66
VIC,21450,2025-12,175.32,1985.65,248.56,7988.1
VIC,21450,2026-01,116.88,891.23,127.78,3814.9
VIC,21450,2026-02,188.55,1433.04,180.45,5958.87
VIC,21450,2026-03,181.57,1535.83,231.11,8337.92
VIC,21450,2026-04,253.81,2780.74,503.34,19623.05
VIC,21450,2026-05,176.63,1168.19,113.04,2353.71
VIC,21450,2026-06,119.77,974.48,107.03,2660.95
VIC,21450,2026-07,96.53,764.09,83.6,2201.82
VIC,21450,2026-08,43.73,356.57,30.82,865.46
VIC,21610,2023-01,322.28,2656.75,0,0
VIC,21610,2023-02,365.31,3088.72,0,0
VIC,21610,2023-03,303.08,2465.92,0,0
VIC,21610,2023-04,305.73,2515.31,0,0
VIC,21610,2023-05,417.97,3295.02,0,0
VIC,21610,2023-06,374.85,3113.55,0,0
VIC,21610,2023-07,347.33,2850.26,0,0
VIC,21610,2023-08,396.81,3270.16,0,0
VIC,21610,2023-09,394.05,3317.77,0,0
VIC,21610,2023-10,403.26,3708.09,0,0
VIC,21610,2023-11,482.77,4211.31,0,0
VIC,21610,2023-12,515.2,5319.36,0,0
VIC,21610,2024-01,334.9,2631.35,0,0
VIC,21610,2024-02,484.22,3932.98,0,0
VIC,21610,2024-03,424.27,3460.56,0,0
VIC,21610,2024-04,365.45,3087.21,0,0
VIC,21610,2024-05,409.37,3833.1,0,0
VIC,21610,2024-06,377.05,3167.59,0,0
VIC,21610,2024-07,407.54,3323.23,0,0
VIC,21610,2024-08,470.54,4174.15,0,0
VIC,21610,2024-09,497.33,4501.3,0,0
VIC,21610,2024-10,540.67,4922.58,0,0
VIC,21610,2024-11,522.46,4451.46,0,0
VIC,21610,2024-12,515.87,4762.66,0,0
VIC,21610,2025-01,395.95,3159.03,0,0
VIC,21610,2025-02,443.8,3736.44,0,0
VIC,21610,2025-03,509.44,3996.47,0,0
VIC,21610,2025-04,381.48,3068.27,0,0
VIC,21610,2025-05,398.48,3416.01,0,0
VIC,21610,2025-06,281.4,2387.71,0,0
VIC,21610,2025-07,374.82,3036.86,373.04,6205.91
VIC,21610,2025-08,464.3,3865.85,405.77,7852.28
VIC,21610,2025-09,504.85,4142.12,537.74,12177.2
VIC,21610,2025-10,534.32,4382.52,623.1,16870.22
VIC,21610,2025-11,508.92,4549.47,680.11,20100.55
VIC,21610,2025-12,532.68,5187.91,891.24,30204.15
VIC,21610,2026-01,358.17,2714.59,412.12,13848.26
VIC,21610,2026-02,508.08,3976.79,660.76,23548.68
VIC,21610,2026-03,468.83,4063.82,924.14,35568.44
VIC,21610,2026-04,630.05,6289.45,1709.76,69458.52
VIC,21610,2026-05,474.74,3277.5,325.9,7203.93
VIC,21610,2026-06,355.79,2839.27,372.23,9672.85
VIC,21610,2026-07,395.44,2879.43,367.13,9989.02
VIC,21610,2026-08,150.5,1070.97,111.55,3181.6
VIC,21670,2023-01,9.73,86.77,0,0
VIC,21670,2023-02,12.11,79.69,0,0
VIC,21670,2023-03,18.46,137.08,0,0
VIC,21670,2023-04,9.29,76.72,0,0
VIC,21670,2023-05,18.69,207.2,0,0
VIC,21670,2023-06,25.86,296.27,0,0
VIC,21670,2023-07,14,104.41,0,0
VIC,21670,2023-08,25.61,225.33,0,0
VIC,21670,2023-09,15.45,118.91,0,0
VIC,21670,2023-10,11.29,134.52,0,0
VIC,21670,2023-11,18.65,163.47,0,0
VIC,21670,2023-12,19.15,167.86,0,0
VIC,21670,2024-01,8.09,62.23,0,0
VIC,21670,2024-02,14.67,158.67,0,0
VIC,21670,2024-03,14.47,118.28,0,0
VIC,21670,2024-04,4.46,23.62,0,0
VIC,21670,2024-05,13.89,112.73,0,0
VIC,21670,2024-06,9.64,86.45,0,0
VIC,21670,2024-07,19.29,181.62,0,0
VIC,21670,2024-08,10.58,81.59,0,0
VIC,21670,2024-09,12.73,127.43,0,0
VIC,21670,2024-10,12.46,108.33,0,0
VIC,21670,2024-11,9.3,82.3,0,0
VIC,21670,2024-12,12.79,138.92,0,0
VIC,21670,2025-01,6.4,59.64,0,0
VIC,21670,2025-02,13.26,107.24,0,0
VIC,21670,2025-03,11.57,98.97,0,0
VIC,21670,2025-04,8.56,89.83,0,0
VIC,21670,2025-05,11.43,93.78,0,0
VIC,21670,2025-06,12.82,94.99,0,0
VIC,21670,2025-07,9.76,88.16,9.94,167.71
VIC,21670,2025-08,5.96,59.54,16.88,249.5
VIC,21670,2025-09,7.73,68.97,15.26,280.82
VIC,21670,2025-10,6.32,44.96,19.05,386.38
VIC,21670,2025-11,9.42,82.4,20.21,517.05
VIC,21670,2025-12,7.78,60.38,22.02,544.9
VIC,21670,2026-01,1.99,21.52,5.56,166.25
VIC,21670,2026-02,13.64,113.97,22.32,502.92
VIC,21670,2026-03,14.42,138.5,21.32,657.16
VIC,21670,2026-04,12,131.26,34.97,1217.8
VIC,21670,2026-05,8.32,73.69,11.56,277.78
VIC,21670,2026-06,9.21,69.86,6.42,113.6
VIC,21670,2026-07,11.48,73.2,11.18,254.82
VIC,21670,2026-08,1,6.58,1.96,48.28
VIC,21750,2023-01,13.05,94.35,0,0
VIC,21750,2023-02,27.03,225.6,0,0
VIC,21750,2023-03,24.19,210.18,0,0
VIC,21750,2023-04,16.19,119.16,0,0
VIC,21750,2023-05,18.13,169.06,0,0
VIC,21750,2023-06,30.02,372.19,0,0
VIC,21750,2023-07,23.17,214.53,0,0
VIC,21750,2023-08,30.95,273.53,0,0
VIC,21750,2023-09,23.11,163.47,0,0
VIC,21750,2023-10,23.84,222.73,0,0
VIC,21750,2023-11,31.78,320.99,0,0
VIC,21750,2023-12,30.55,488.63,0,0
VIC,21750,2024-01,17.22,137.58,0,0
VIC,21750,2024-02,28.83,246.27,0,0
VIC,21750,2024-03,19.22,182.19,0,0
VIC,21750,2024-04,18.14,193.35,0,0
VIC,21750,2024-05,26.09,200.76,0,0
VIC,21750,2024-06,20.14,151.76,0,0
VIC,21750,2024-07,16.98,127.63,0,0
VIC,21750,2024-08,30.88,296.38,0,0
VIC,21750,2024-09,20.14,179.31,0,0
VIC,21750,2024-10,16.18,130.4,0,0
VIC,21750,2024-11,19.05,226.69,0,0
VIC,21750,2024-12,19.93,201.24,0,0
VIC,21750,2025-01,8.89,124.82,0,0
VIC,21750,2025-02,13.05,111.96,0,0
VIC,21750,2025-03,23.11,167.57,0,0
VIC,21750,2025-04,16.88,227.45,0,0
VIC,21750,2025-05,18.07,257.49,0,0
VIC,21750,2025-06,9.09,65.79,0,0
VIC,21750,2025-07,26.07,235.23,17.96,473.26
VIC,21750,2025-08,13.07,92.69,12.04,241.87
VIC,21750,2025-09,17.78,170.38,19.19,498.47
VIC,21750,2025-10,16.08,212.61,17.02,471.23
VIC,21750,2025-11,25.87,297.54,31.09,956.33
VIC,21750,2025-12,19.81,163.59,28.63,926.69
VIC,21750,2026-01,16.13,98.55,10.15,213.82
VIC,21750,2026-02,30.53,184.85,30.07,858.62
VIC,21750,2026-03,29.13,333.28,37.06,1122.46
VIC,21750,2026-04,29.59,309.08,49.27,1694.6
VIC,21750,2026-05,28.93,209.48,10.78,280.98
VIC,21750,2026-06,23.69,203.03,15.65,370.84
VIC,21750,2026-07,26.92,206.23,20.59,470.44
VIC,21750,2026-08,8.07,65.8,7.05,170.43
VIC,21830,2023-01,16.16,121.79,0,0
VIC,21830,2023-02,28.25,376.29,0,0
VIC,21830,2023-03,19.93,254.94,0,0
VIC,21830,2023-04,11.14,121.83,0,0
VIC,21830,2023-05,20.87,212.28,0,0
VIC,21830,2023-06,17.49,272.03,0,0
VIC,21830,2023-07,19.06,215.97,0,0
VIC,21830,2023-08,19.72,210.55,0,0
VIC,21830,2023-09,21.16,196.44,0,0
VIC,21830,2023-10,30.88,399.25,0,0
VIC,21830,2023-11,38.39,981.93,0,0
VIC,21830,2023-12,23.05,526.72,0,0
VIC,21830,2024-01,10.46,153.11,0,0
VIC,21830,2024-02,18.34,267.19,0,0
VIC,21830,2024-03,13.4,247.08,0,0
VIC,21830,2024-04,12.63,88.77,0,0
VIC,21830,2024-05,21.76,177.67,0,0
VIC,21830,2024-06,13.83,127.36,0,0
VIC,21830,2024-07,19.42,159.27,0,0
VIC,21830,2024-08,12.14,276.84,0,0
VIC,21830,2024-09,19.55,315.02,0,0
VIC,21830,2024-10,7.18,85.54,0,0
VIC,21830,2024-11,6.86,89.14,0,0
VIC,21830,2024-12,13.04,227.31,0,0
VIC,21830,2025-01,3.53,32.29,0,0
VIC,21830,2025-02,13.5,148.93,0,0
VIC,21830,2025-03,14.39,156.75,0,0
VIC,21830,2025-04,9.53,92.97,0,0
VIC,21830,2025-05,6.69,75.05,0,0
VIC,21830,2025-06,4.24,39.24,0,0
VIC,21830,2025-07,10.37,137.68,7.85,203.13
VIC,21830,2025-08,3.38,44.51,7.29,158.89
VIC,21830,2025-09,8.52,193.19,11.91,313.27
VIC,21830,2025-10,10.83,165.2,13.78,375.66
VIC,21830,2025-11,5.72,54.08,11.08,280.53
VIC,21830,2025-12,8.67,106.11,23.89,1079.26
VIC,21830,2026-01,0.13,1.49,19.71,932.73
VIC,21830,2026-02,5.18,50.14,11.86,463.34
VIC,21830,2026-03,6.61,55.77,10.14,301.28
VIC,21830,2026-04,16.29,232.72,27.24,983.27
VIC,21830,2026-05,6.16,49.37,8.44,210.96
VIC,21830,2026-06,6.65,150.53,11.98,264.52
VIC,21830,2026-07,14.66,115.51,11.74,347.08
VIC,21830,2026-08,4.97,35.36,2.95,87.35
VIC,21890,2023-01,86.41,664.93,0,0
VIC,21890,2023-02,106.26,816.6,0,0
VIC,21890,2023-03,95.75,627.11,0,0
VIC,21890,2023-04,88.29,719.19,0,0
VIC,21890,2023-05,93.69,789.76,0,0
VIC,21890,2023-06,110.11,950.26,0,0
VIC,21890,2023-07,107.84,812.02,0,0
VIC,21890,2023-08,115.44,974.98,0,0
VIC,21890,2023-09,129.95,885.33,0,0
VIC,21890,2023-10,93.05,784.1,0,0
VIC,21890,2023-11,102.53,734.2,0,0
VIC,21890,2023-12,119.73,908.37,0,0
VIC,21890,2024-01,69.88,510.77,0,0
VIC,21890,2024-02,102.26,741.41,0,0
VIC,21890,2024-03,86.12,644.13,0,0
VIC,21890,2024-04,92.22,659.04,0,0
VIC,21890,2024-05,123.25,892.41,0,0
VIC,21890,2024-06,83.53,669.3,0,0
VIC,21890,2024-07,77.23,720.58,0,0
VIC,21890,2024-08,88.55,805.19,0,0
VIC,21890,2024-09,111.23,1115.64,0,0
VIC,21890,2024-10,92.67,680.38,0,0
VIC,21890,2024-11,74.23,603.63,0,0
VIC,21890,2024-12,70.85,866.8,0,0
VIC,21890,2025-01,71.78,429.24,0,0
VIC,21890,2025-02,56.14,464.8,0,0
VIC,21890,2025-03,68.61,549.58,0,0
VIC,21890,2025-04,64.55,622.99,0,0
VIC,21890,2025-05,72.06,729.74,0,0
VIC,21890,2025-06,55.61,516.8,0,0
VIC,21890,2025-07,70.52,694.99,87.58,1329.16
VIC,21890,2025-08,79,660.44,66.96,1136.11
VIC,21890,2025-09,64.04,507.34,74.22,1569.84
VIC,21890,2025-10,87.34,645.28,109.22,2494.15
VIC,21890,2025-11,78.9,630.09,104.22,2462.41
VIC,21890,2025-12,88.67,955.28,119.04,3156.52
VIC,21890,2026-01,56.14,434.77,70.03,1873.29
VIC,21890,2026-02,79.37,938.56,112.87,3133.8
VIC,21890,2026-03,88.53,739.99,144.86,4393.72
VIC,21890,2026-04,96.48,951.53,236.16,8683.6
VIC,21890,2026-05,77.12,661.29,84.82,1654.52
VIC,21890,2026-06,60.38,645.96,69.55,1791.25
VIC,21890,2026-07,56.02,433.99,58.44,1339.71
VIC,21890,2026-08,12.53,109.94,11.35,259.01
VIC,22110,2023-01,38,268.42,0,0
VIC,22110,2023-02,58.97,467.05,0,0
VIC,22110,2023-03,70.67,585.16,0,0
VIC,22110,2023-04,52.37,373.07,0,0
VIC,22110,2023-05,60.67,496.27,0,0
VIC,22110,2023-06,63.67,822.02,0,0
VIC,22110,2023-07,62.7,504.8,0,0
VIC,22110,2023-08,81,654.62,0,0
VIC,22110,2023-09,69.7,641.02,0,0
VIC,22110,2023-10,62,552.28,0,0
VIC,22110,2023-11,75.7,648.95,0,0
VIC,22110,2023-12,54.67,463,0,0
VIC,22110,2024-01,35,272.14,0,0
VIC,22110,2024-02,56.97,442.87,0,0
VIC,22110,2024-03,59.14,480.66,0,0
VIC,22110,2024-04,54.1,497.75,0,0
VIC,22110,2024-05,80.1,683.51,0,0
VIC,22110,2024-06,54.3,587.38,0,0
VIC,22110,2024-07,52.97,460.64,0,0
VIC,22110,2024-08,64,611.08,0,0
VIC,22110,2024-09,58,492.53,0,0
VIC,22110,2024-10,62,558.62,0,0
VIC,22110,2024-11,48,375.07,0,0
VIC,22110,2024-12,55.94,605.63,0,0
VIC,22110,2025-01,54,492.41,0,0
VIC,22110,2025-02,65,486.88,0,0
VIC,22110,2025-03,57.1,419.97,0,0
VIC,22110,2025-04,56.7,491.48,0,0
VIC,22110,2025-05,47,318.5,0,0
VIC,22110,2025-06,35,436.56,0,0
VIC,22110,2025-07,47.7,441.53,66,942.16
VIC,22110,2025-08,55.4,494.46,61.67,1011.15
VIC,22110,2025-09,55.7,467.17,54,950.97
VIC,22110,2025-10,62.97,585.59,88.94,1642.05
VIC,22110,2025-11,63,607.96,81.97,1608.19
VIC,22110,2025-12,58,635.52,96.97,2234.47
VIC,22110,2026-01,27,226.87,41,879.79
VIC,22110,2026-02,59.7,558.35,71.7,1425.21
VIC,22110,2026-03,66,607.63,80,1685.49
VIC,22110,2026-04,84.97,911.98,133.64,3232.48
VIC,22110,2026-05,51.1,304.67,53.7,1006.53
VIC,22110,2026-06,54,420.46,45,884.03
VIC,22110,2026-07,33,249.04,34,686.59
VIC,22110,2026-08,6,55.52,9,135.65
VIC,22170,2023-01,116.22,956.6,0,0
VIC,22170,2023-02,117.17,994.89,0,0
VIC,22170,2023-03,119.39,883.81,0,0
VIC,22170,2023-04,66.69,515.49,0,0
VIC,22170,2023-05,114.91,1104.31,0,0
VIC,22170,2023-06,122.57,1086.38,0,0
VIC,22170,2023-07,104.76,881.13,0,0
VIC,22170,2023-08,116.55,990.87,0,0
VIC,22170,2023-09,107.26,1079.25,0,0
VIC,22170,2023-10,117.72,1081.57,0,0
VIC,22170,2023-11,142.03,1254.38,0,0
VIC,22170,2023-12,126.18,1379.21,0,0
VIC,22170,2024-01,76.82,662.25,0,0
VIC,22170,2024-02,145.55,1131.87,0,0
VIC,22170,2024-03,127.84,1073.14,0,0
VIC,22170,2024-04,109.86,1047.62,0,0
VIC,22170,2024-05,93.14,932.58,0,0
VIC,22170,2024-06,81.06,659.6,0,0
VIC,22170,2024-07,102.99,939.9,0,0
VIC,22170,2024-08,93.67,916.75,0,0
VIC,22170,2024-09,115.81,1126.83,0,0
VIC,22170,2024-10,108.86,1011.9,0,0
VIC,22170,2024-11,149.5,1191.62,0,0
VIC,22170,2024-12,95.38,934.74,0,0
VIC,22170,2025-01,72.51,663.5,0,0
VIC,22170,2025-02,87.28,876.64,0,0
VIC,22170,2025-03,82.86,943.08,0,0
VIC,22170,2025-04,67.15,707.03,0,0
VIC,22170,2025-05,74.15,756.11,0,0
VIC,22170,2025-06,50.6,441.58,0,0
VIC,22170,2025-07,71.31,650.66,108.44,1720.09
VIC,22170,2025-08,81.15,822.64,90.64,1677.28
VIC,22170,2025-09,83.16,706.59,111.5,2394
VIC,22170,2025-10,112.18,1104.05,138.33,3323.32
VIC,22170,2025-11,81.8,764.76,133.97,3451.6
VIC,22170,2025-12,93.05,957.54,159.61,4657.25
VIC,22170,2026-01,63.91,542.98,105.14,2690.86
VIC,22170,2026-02,68.45,583.67,120.27,3605.42
VIC,22170,2026-03,108.03,1219.63,194.7,6353.26
VIC,22170,2026-04,129.73,1460.97,279.99,10226.04
VIC,22170,2026-05,92.42,839.01,81.01,1688.51
VIC,22170,2026-06,63.81,642.98,84.51,1919.15
VIC,22170,2026-07,77.35,734.45,96.29,2139.43
VIC,22170,2026-08,14.84,110.08,13.38,314.89
VIC,22250,2023-01,10.96,83.86,0,0
VIC,22250,2023-02,14.96,189.77,0,0
VIC,22250,2023-03,11.01,110.07,0,0
VIC,22250,2023-04,5.98,65.97,0,0
VIC,22250,2023-05,18,199.93,0,0
VIC,22250,2023-06,9.01,159.62,0,0
VIC,22250,2023-07,20,185.71,0,0
VIC,22250,2023-08,12.98,223.36,0,0
VIC,22250,2023-09,15.97,141.83,0,0
VIC,22250,2023-10,9,71.33,0,0
VIC,22250,2023-11,9.96,89.29,0,0
VIC,22250,2023-12,12.02,255.77,0,0
VIC,22250,2024-01,12.01,91.31,0,0
VIC,22250,2024-02,7.99,81.59,0,0
VIC,22250,2024-03,8.96,85.03,0,0
VIC,22250,2024-04,7.02,55.15,0,0
VIC,22250,2024-05,15.97,165.26,0,0
VIC,22250,2024-06,9.93,97.67,0,0
VIC,22250,2024-07,13.93,103.81,0,0
VIC,22250,2024-08,8.99,71.46,0,0
VIC,22250,2024-09,11.95,122.94,0,0
VIC,22250,2024-10,10.94,108.32,0,0
VIC,22250,2024-11,8.93,200.27,0,0
VIC,22250,2024-12,24.91,498.13,0,0
VIC,22250,2025-01,11.99,105.65,0,0
VIC,22250,2025-02,9.96,104.47,0,0
VIC,22250,2025-03,11.94,148.71,0,0
VIC,22250,2025-04,5.96,56.38,0,0
VIC,22250,2025-05,5.01,32.27,0,0
VIC,22250,2025-06,4.97,36.73,0,0
VIC,22250,2025-07,3,32.59,3.02,58.17
VIC,22250,2025-08,9.96,203.58,7.01,133.2
VIC,22250,2025-09,5.99,170.21,6,169.06
VIC,22250,2025-10,11.02,137.02,12.02,311.43
VIC,22250,2025-11,3.99,27.69,10.92,337.78
VIC,22250,2025-12,4.98,76.17,17.95,486.12
VIC,22250,2026-01,0,0.02,0.99,15.56
VIC,22250,2026-02,6.02,38.54,9.02,268.21
VIC,22250,2026-03,9,184.9,14.98,512.87
VIC,22250,2026-04,12.98,180.27,37.88,1502.14
VIC,22250,2026-05,2.99,26.07,5.97,109.59
VIC,22250,2026-06,0.99,10.38,4.99,123.38
VIC,22250,2026-07,6.99,75.42,5.99,164.24
VIC,22250,2026-08,1.99,25.46,1.98,37.71
VIC,22310,2023-01,81.15,636.33,0,0
VIC,22310,2023-02,84.77,616.29,0,0
VIC,22310,2023-03,82.79,711.39,0,0
VIC,22310,2023-04,59.66,620.53,0,0
VIC,22310,2023-05,65.63,620.28,0,0
VIC,22310,2023-06,55.68,554.7,0,0
VIC,22310,2023-07,68.1,564.43,0,0
VIC,22310,2023-08,79.2,694.22,0,0
VIC,22310,2023-09,87.17,829.31,0,0
VIC,22310,2023-10,77.55,622.64,0,0
VIC,22310,2023-11,109.2,978.35,0,0
VIC,22310,2023-12,105.19,1011.85,0,0
VIC,22310,2024-01,70.19,540.47,0,0
VIC,22310,2024-02,89.27,670.74,0,0
VIC,22310,2024-03,57.55,519.01,0,0
VIC,22310,2024-04,67.98,548.4,0,0
VIC,22310,2024-05,77.18,689.22,0,0
VIC,22310,2024-06,69.72,683.68,0,0
VIC,22310,2024-07,66.88,571.71,0,0
VIC,22310,2024-08,74.1,596.93,0,0
VIC,22310,2024-09,71.75,671.52,0,0
VIC,22310,2024-10,83.73,775.25,0,0
VIC,22310,2024-11,63.19,714.43,0,0
VIC,22310,2024-12,85.87,801.04,0,0
VIC,22310,2025-01,61.9,534.03,0,0
VIC,22310,2025-02,69.14,559.03,0,0
VIC,22310,2025-03,67.82,615.93,0,0
VIC,22310,2025-04,49.71,426.16,0,0
VIC,22310,2025-05,35.9,353.13,0,0
VIC,22310,2025-06,29.56,315.68,0,0
VIC,22310,2025-07,52.17,512.41,96.62,1559.1
VIC,22310,2025-08,57.32,499.58,77.85,1701.13
VIC,22310,2025-09,56.93,507.8,90.26,1903.65
VIC,22310,2025-10,75.43,879.7,108.36,2554.48
VIC,22310,2025-11,67.49,633.09,137.84,3638.87
VIC,22310,2025-12,81.33,870.28,170.64,5620.23
VIC,22310,2026-01,58.15,506.36,84.24,2401.13
VIC,22310,2026-02,86.98,817.21,130.02,3965.86
VIC,22310,2026-03,97.58,899.44,209.32,7082.12
VIC,22310,2026-04,165.51,1762.26,302.06,11265.06
VIC,22310,2026-05,79.59,624.55,84.59,1723.96
VIC,22310,2026-06,71.42,609.3,98.69,2232.78
VIC,22310,2026-07,60.93,573.95,73.96,1818.58
VIC,22310,2026-08,15.15,158.82,21.97,628.94
VIC,22410,2023-01,15.28,158.23,0,0
VIC,22410,2023-02,29.06,203.24,0,0
VIC,22410,2023-03,15.61,169.39,0,0
VIC,22410,2023-04,8.88,63.09,0,0
VIC,22410,2023-05,17.09,134.52,0,0
VIC,22410,2023-06,12.99,116.31,0,0
VIC,22410,2023-07,18.24,484.31,0,0
VIC,22410,2023-08,18.8,144.04,0,0
VIC,22410,2023-09,20.75,471.57,0,0
VIC,22410,2023-10,12.44,121.52,0,0
VIC,22410,2023-11,20.12,188.16,0,0
VIC,22410,2023-12,14.73,215.28,0,0
VIC,22410,2024-01,8.48,55.41,0,0
VIC,22410,2024-02,13.93,105.29,0,0
VIC,22410,2024-03,7.87,68.02,0,0
VIC,22410,2024-04,23.47,251.68,0,0
VIC,22410,2024-05,14.38,155.7,0,0
VIC,22410,2024-06,4.93,32.63,0,0
VIC,22410,2024-07,11.18,131.32,0,0
VIC,22410,2024-08,9.48,77.52,0,0
VIC,22410,2024-09,12.51,104.8,0,0
VIC,22410,2024-10,6.12,94.04,0,0
VIC,22410,2024-11,7.85,72.11,0,0
VIC,22410,2024-12,14.52,109.88,0,0
VIC,22410,2025-01,12.66,102.21,0,0
VIC,22410,2025-02,13.74,165.69,0,0
VIC,22410,2025-03,17.52,130.87,0,0
VIC,22410,2025-04,16.38,117.74,0,0
VIC,22410,2025-05,13.03,86.98,0,0
VIC,22410,2025-06,10.01,161.09,0,0
VIC,22410,2025-07,4.09,31.35,13.26,189.7
VIC,22410,2025-08,8.03,101.33,9.94,171.19
VIC,22410,2025-09,6.01,60.44,4.91,98.86
VIC,22410,2025-10,5.53,49.26,9.5,161.95
VIC,22410,2025-11,15.92,256,14.97,388.95
VIC,22410,2025-12,8.04,91.39,7.13,171.51
VIC,22410,2026-01,9.99,115.53,13.99,420.09
VIC,22410,2026-02,13.48,136.37,14.37,300.18
VIC,22410,2026-03,10.9,108.99,14.8,429.59
VIC,22410,2026-04,8.51,72.83,20.39,694.64
VIC,22410,2026-05,5.95,54.82,10.99,209.14
VIC,22410,2026-06,7.74,61.96,12.29,253.39
VIC,22410,2026-07,8.03,78.9,2.09,47.35
VIC,22410,2026-08,1,9.5,1,9.47
VIC,22490,2023-01,20.89,182.72,0,0
VIC,22490,2023-02,27.9,254.73,0,0
VIC,22490,2023-03,30.91,278.26,0,0
VIC,22490,2023-04,22.42,199.96,0,0
VIC,22490,2023-05,28.69,244.84,0,0
VIC,22490,2023-06,21.53,202.07,0,0
VIC,22490,2023-07,37.3,307.09,0,0
VIC,22490,2023-08,27.82,282.44,0,0
VIC,22490,2023-09,24.61,233.03,0,0
VIC,22490,2023-10,29.54,306.86,0,0
VIC,22490,2023-11,34.82,340.95,0,0
VIC,22490,2023-12,35.22,403.52,0,0
VIC,22490,2024-01,21.7,226.07,0,0
VIC,22490,2024-02,29.77,288.33,0,0
VIC,22490,2024-03,35.28,357.86,0,0
VIC,22490,2024-04,21.46,181.53,0,0
VIC,22490,2024-05,30.58,299.11,0,0
VIC,22490,2024-06,26.32,267.59,0,0
VIC,22490,2024-07,29.81,340.19,0,0
VIC,22490,2024-08,35.85,367.36,0,0
VIC,22490,2024-09,30.32,432.19,0,0
VIC,22490,2024-10,28.47,312.75,0,0
VIC,22490,2024-11,34.95,366.17,0,0
VIC,22490,2024-12,28.49,363.84,0,0
VIC,22490,2025-01,14.21,135.07,0,0
VIC,22490,2025-02,19.44,186.96,0,0
VIC,22490,2025-03,17.9,193.03,0,0
VIC,22490,2025-04,16.39,162.35,0,0
VIC,22490,2025-05,20.62,190.2,0,0
VIC,22490,2025-06,20.93,157.31,0,0
VIC,22490,2025-07,27.68,272.34,33.05,602.37
VIC,22490,2025-08,25.46,260.92,30.1,599.71
VIC,22490,2025-09,26.58,257.64,36.98,881.8
VIC,22490,2025-10,28.6,266.29,41.59,1001.52
VIC,22490,2025-11,22.43,229.33,31.27,827.36
VIC,22490,2025-12,30.55,359.22,47,1422.52
VIC,22490,2026-01,22.78,216.85,27.03,846.67
VIC,22490,2026-02,31.8,242.38,43.7,1278.39
VIC,22490,2026-03,42.88,347.45,62.81,2172.29
VIC,22490,2026-04,45.8,512.19,83.56,3264.05
VIC,22490,2026-05,32.55,295.23,28.54,826.1
VIC,22490,2026-06,28.2,208.61,26.94,620.61
VIC,22490,2026-07,20.06,162.64,17.75,534.61
VIC,22490,2026-08,7.8,56.8,3.2,110.04
VIC,22620,2023-01,91.98,673.37,0,0
VIC,22620,2023-02,137.89,980.75,0,0
VIC,22620,2023-03,150.45,1168.86,0,0
VIC,22620,2023-04,89.32,694.17,0,0
VIC,22620,2023-05,155.11,1469.52,0,0
VIC,22620,2023-06,118.5,1156.66,0,0
VIC,22620,2023-07,152.96,1090.46,0,0
VIC,22620,2023-08,139.59,1045.22,0,0
VIC,22620,2023-09,133.07,1087.68,0,0
VIC,22620,2023-10,127.63,1039.19,0,0
VIC,22620,2023-11,152.16,1200.14,0,0
VIC,22620,2023-12,117.88,1292.6,0,0
VIC,22620,2024-01,109.1,818.97,0,0
VIC,22620,2024-02,135.9,1147.2,0,0
VIC,22620,2024-03,116.96,1178.74,0,0
VIC,22620,2024-04,101.86,818.62,0,0
VIC,22620,2024-05,155.51,1467.41,0,0
VIC,22620,2024-06,104.19,901.97,0,0
VIC,22620,2024-07,120.49,997.96,0,0
VIC,22620,2024-08,129.58,1350.88,0,0
VIC,22620,2024-09,139.82,1453.58,0,0
VIC,22620,2024-10,138.67,1149.77,0,0
VIC,22620,2024-11,152.54,1399.18,0,0
VIC,22620,2024-12,135.48,1353.38,0,0
VIC,22620,2025-01,98.52,715.78,0,0
VIC,22620,2025-02,161.18,1293.38,0,0
VIC,22620,2025-03,132.75,1083.11,0,0
VIC,22620,2025-04,143.49,1138.3,0,0
VIC,22620,2025-05,142.63,1174.98,0,0
VIC,22620,2025-06,94.12,706.21,0,0
VIC,22620,2025-07,136,1248.45,143.32,2436.04
VIC,22620,2025-08,116.21,928.61,124.47,1980.87
VIC,22620,2025-09,101.87,939.41,133.97,2765.46
VIC,22620,2025-10,140.52,1238.94,158.33,3512.16
VIC,22620,2025-11,146.34,1244.47,154.1,3489.61
VIC,22620,2025-12,128.45,1327.09,146.14,3717.63
VIC,22620,2026-01,106.23,753.67,93.57,2256.8
VIC,22620,2026-02,128.53,1084.15,143.8,3914.59
VIC,22620,2026-03,155.69,1334.18,213.46,6526.75
VIC,22620,2026-04,143.27,1533.07,279.08,9575.3
VIC,22620,2026-05,105.92,867.17,92.19,2050.97
VIC,22620,2026-06,102.03,962.77,111.27,2578.2
VIC,22620,2026-07,111.92,930.28,127.38,3100.97
VIC,22620,2026-08,38.68,295.47,27.42,631.15
VIC,22670,2023-01,74.62,596.43,0,0
VIC,22670,2023-02,102.16,1139.39,0,0
VIC,22670,2023-03,84.61,1124.26,0,0
VIC,22670,2023-04,75.66,921.1,0,0
VIC,22670,2023-05,82.14,1078.83,0,0
VIC,22670,2023-06,104.66,1921.01,0,0
VIC,22670,2023-07,78.64,727.16,0,0
VIC,22670,2023-08,120.18,1105.42,0,0
VIC,22670,2023-09,98.19,1057.09,0,0
VIC,22670,2023-10,106.71,1698.08,0,0
VIC,22670,2023-11,107.7,1385.79,0,0
VIC,22670,2023-12,136.11,1874.42,0,0
VIC,22670,2024-01,77.66,700.74,0,0
VIC,22670,2024-02,99.25,1070.79,0,0
VIC,22670,2024-03,93.12,971.16,0,0
VIC,22670,2024-04,93.15,944.87,0,0
VIC,22670,2024-05,122.85,1044.17,0,0
VIC,22670,2024-06,86.17,956.46,0,0
VIC,22670,2024-07,105.65,1405.81,0,0
VIC,22670,2024-08,94.21,1003.51,0,0
VIC,22670,2024-09,115.71,1206.42,0,0
VIC,22670,2024-10,116.66,1165.06,0,0
VIC,22670,2024-11,114.65,1538.9,0,0
VIC,22670,2024-12,135.15,2043.41,0,0
VIC,22670,2025-01,70.66,698.81,0,0
VIC,22670,2025-02,79.13,781.28,0,0
VIC,22670,2025-03,86.13,1033.55,0,0
VIC,22670,2025-04,82.55,775.7,0,0
VIC,22670,2025-05,85.68,1061,0,0
VIC,22670,2025-06,53.61,641.26,0,0
VIC,22670,2025-07,69.59,789.95,105.69,1870.62
VIC,22670,2025-08,71.09,915.65,96.14,2116.31
VIC,22670,2025-09,76.64,763.97,122.76,2907.12
VIC,22670,2025-10,99.12,1304.2,155.27,4242.34
VIC,22670,2025-11,89.18,1049.43,170.87,5248.16
VIC,22670,2025-12,125.68,1841.67,239.83,8502.61
VIC,22670,2026-01,83.64,750.45,130.76,4330.83
VIC,22670,2026-02,89.16,1023.16,179.82,6619.45
VIC,22670,2026-03,112.16,1110.27,264.86,10729.68
VIC,22670,2026-04,153.26,1762.81,436.76,17661.63
VIC,22670,2026-05,79.08,748.61,81.58,1972.25
VIC,22670,2026-06,67.66,698.2,93.21,2672.25
VIC,22670,2026-07,82.12,685.86,110.67,3122.88
VIC,22670,2026-08,20.03,229.87,23.05,682.31
VIC,22750,2023-01,251.54,1821.26,0,0
VIC,22750,2023-02,292.17,2468.93,0,0
VIC,22750,2023-03,327.7,2485.91,0,0
VIC,22750,2023-04,249.88,2086.1,0,0
VIC,22750,2023-05,286.83,2499.61,0,0
VIC,22750,2023-06,242.99,2120.38,0,0
VIC,22750,2023-07,277.28,2317.77,0,0
VIC,22750,2023-08,285.16,2263.85,0,0
VIC,22750,2023-09,292.12,2555.02,0,0
VIC,22750,2023-10,310.64,2614.52,0,0
VIC,22750,2023-11,330.95,2711.42,0,0
VIC,22750,2023-12,287.61,3093.44,0,0
VIC,22750,2024-01,243.88,1922.31,0,0
VIC,22750,2024-02,271.94,2167.78,0,0
VIC,22750,2024-03,221.8,2172.98,0,0
VIC,22750,2024-04,234.28,1938.28,0,0
VIC,22750,2024-05,270.29,2163.03,0,0
VIC,22750,2024-06,213.88,1835.2,0,0
VIC,22750,2024-07,253.46,2196.93,0,0
VIC,22750,2024-08,296.16,2514.5,0,0
VIC,22750,2024-09,263.55,2202.91,0,0
VIC,22750,2024-10,273.65,2309.34,0,0
VIC,22750,2024-11,276.55,2350.85,0,0
VIC,22750,2024-12,262.09,2190.54,0,0
VIC,22750,2025-01,187.85,1524.58,0,0
VIC,22750,2025-02,248.47,1902.79,0,0
VIC,22750,2025-03,266.04,2065.67,0,0
VIC,22750,2025-04,250.64,1819.42,0,0
VIC,22750,2025-05,253.66,1811.94,0,0
VIC,22750,2025-06,195.47,1518.94,0,0
VIC,22750,2025-07,255.54,1911.3,281.96,4297.15
VIC,22750,2025-08,289.52,2059.99,212.36,3722.25
VIC,22750,2025-09,257.5,2367.12,268.08,5756.93
VIC,22750,2025-10,325.92,2420.25,327.39,7518.14
VIC,22750,2025-11,301.54,2240.35,311.47,7679.81
VIC,22750,2025-12,313.11,2794.28,352.74,9898.42
VIC,22750,2026-01,224.78,1659.09,204.59,5535.51
VIC,22750,2026-02,308.93,2244.86,286.92,8035.2
VIC,22750,2026-03,332.89,2598.08,342.14,10136.38
VIC,22750,2026-04,365.4,3385.27,543.76,18563.8
VIC,22750,2026-05,317.89,2218.84,216.46,4380.97
VIC,22750,2026-06,265.88,1883.4,216.06,4709.92
VIC,22750,2026-07,302.16,2307.15,193.59,4324.81
VIC,22750,2026-08,66.2,472.68,46.31,1080.64
VIC,22830,2023-01,56.08,527.99,0,0
VIC,22830,2023-02,88.54,802.6,0,0
VIC,22830,2023-03,97.84,1041.45,0,0
VIC,22830,2023-04,85.02,855.72,0,0
VIC,22830,2023-05,83.37,797.72,0,0
VIC,22830,2023-06,70.96,688.97,0,0
VIC,22830,2023-07,58.15,674.65,0,0
VIC,22830,2023-08,76.92,690.78,0,0
VIC,22830,2023-09,64.04,498.79,0,0
VIC,22830,2023-10,81.28,638.81,0,0
VIC,22830,2023-11,98.67,950.86,0,0
VIC,22830,2023-12,61.1,622.01,0,0
VIC,22830,2024-01,58.04,456.91,0,0
VIC,22830,2024-02,77.02,727.37,0,0
VIC,22830,2024-03,54.88,486.15,0,0
VIC,22830,2024-04,65.96,777,0,0
VIC,22830,2024-05,66.82,708.49,0,0
VIC,22830,2024-06,58.04,590.2,0,0
VIC,22830,2024-07,71.95,840.97,0,0
VIC,22830,2024-08,69.52,709.18,0,0
VIC,22830,2024-09,83.03,848.31,0,0
VIC,22830,2024-10,73.65,675.32,0,0
VIC,22830,2024-11,79.84,943.03,0,0
VIC,22830,2024-12,70.3,832.36,0,0
VIC,22830,2025-01,50.74,474.12,0,0
VIC,22830,2025-02,68,757.79,0,0
VIC,22830,2025-03,82.51,801.32,0,0
VIC,22830,2025-04,70.97,719.42,0,0
VIC,22830,2025-05,51.05,425.61,0,0
VIC,22830,2025-06,64.01,598.22,0,0
VIC,22830,2025-07,71.33,694.44,66.38,1048.98
VIC,22830,2025-08,50.93,484.77,57.75,1074.62
VIC,22830,2025-09,53.11,536.33,53.02,1143.46
VIC,22830,2025-10,78.34,727.62,81.71,1942.96
VIC,22830,2025-11,78.6,760.81,66.68,1998.87
VIC,22830,2025-12,99.8,1151.78,100.91,3254.38
VIC,22830,2026-01,39.58,354.65,33.34,878.6
VIC,22830,2026-02,77.02,629.17,88.11,2574.01
VIC,22830,2026-03,94.84,1059.07,117.74,3772.77
VIC,22830,2026-04,99.68,1204.63,156.45,5629.12
VIC,22830,2026-05,84.54,662.51,34.65,735.99
VIC,22830,2026-06,45.32,391.71,47.05,1189.75
VIC,22830,2026-07,53.18,421.99,57.18,1355.79
VIC,22830,2026-08,19.14,148.98,6.14,144.11
VIC,22910,2023-01,20.7,155.24,0,0
VIC,22910,2023-02,35.07,392.82,0,0
VIC,22910,2023-03,33.46,367.74,0,0
VIC,22910,2023-04,17.33,178.87,0,0
VIC,22910,2023-05,26.57,270.94,0,0
VIC,22910,2023-06,28.69,224.23,0,0
VIC,22910,2023-07,30.01,244.2,0,0
VIC,22910,2023-08,31.73,323.22,0,0
VIC,22910,2023-09,24.44,212.67,0,0
VIC,22910,2023-10,20.07,218.51,0,0
VIC,22910,2023-11,24.33,242.69,0,0
VIC,22910,2023-12,26.68,261.08,0,0
VIC,22910,2024-01,18.57,154.87,0,0
VIC,22910,2024-02,22.71,214.27,0,0
VIC,22910,2024-03,23.38,192.22,0,0
VIC,22910,2024-04,20.86,172.61,0,0
VIC,22910,2024-05,26.75,261.63,0,0
VIC,22910,2024-06,25.83,223.94,0,0
VIC,22910,2024-07,18.56,140.63,0,0
VIC,22910,2024-08,27.91,255.14,0,0
VIC,22910,2024-09,22.78,343.52,0,0
VIC,22910,2024-10,21.91,180.73,0,0
VIC,22910,2024-11,16.22,187.26,0,0
VIC,22910,2024-12,19.28,273.53,0,0
VIC,22910,2025-01,15.86,158.49,0,0
VIC,22910,2025-02,15.82,125.86,0,0
VIC,22910,2025-03,16.99,157.26,0,0
VIC,22910,2025-04,12.87,127.96,0,0
VIC,22910,2025-05,14.08,155.21,0,0
VIC,22910,2025-06,13.65,156.05,0,0
VIC,22910,2025-07,31.88,301.91,34.73,587.93
VIC,22910,2025-08,14.48,162.67,28.87,489.13
VIC,22910,2025-09,14.91,140.55,24.83,454.72
VIC,22910,2025-10,22.81,210.95,35,703.95
VIC,22910,2025-11,16.51,233.79,37.55,805.95
VIC,22910,2025-12,33.34,458.03,39.99,1032.95
VIC,22910,2026-01,10.33,109.45,10.34,261.87
VIC,22910,2026-02,18.2,161.04,30.36,738.34
VIC,22910,2026-03,25.28,260.86,37.49,987.29
VIC,22910,2026-04,31.63,411.53,60.71,1946.19
VIC,22910,2026-05,17.4,159.59,18.51,434.99
VIC,22910,2026-06,12.52,117.59,16.41,399.42
VIC,22910,2026-07,22.62,214.82,19.45,404.64
VIC,22910,2026-08,2.58,20.36,2.01,40.27
VIC,22980,2023-01,0,0,0,0
VIC,22980,2023-02,1,6.64,0,0
VIC,22980,2023-03,5.01,38.75,0,0
VIC,22980,2023-04,8.69,67.59,0,0
VIC,22980,2023-05,2.02,10.08,0,0
VIC,22980,2023-06,8.85,95.79,0,0
VIC,22980,2023-07,8.99,85.47,0,0
VIC,22980,2023-08,12.38,89.58,0,0
VIC,22980,2023-09,2.87,25.75,0,0
VIC,22980,2023-10,3.01,30.81,0,0
VIC,22980,2023-11,7.09,60.5,0,0
VIC,22980,2023-12,1.02,6.77,0,0
VIC,22980,2024-01,1.99,19.43,0,0
VIC,22980,2024-02,3.85,25.53,0,0
VIC,22980,2024-03,8.84,56.72,0,0
VIC,22980,2024-04,4,25.96,0,0
VIC,22980,2024-05,3.87,39.52,0,0
VIC,22980,2024-06,5.84,47.18,0,0
VIC,22980,2024-07,6.02,67.68,0,0
VIC,22980,2024-08,8.98,62.37,0,0
VIC,22980,2024-09,3.99,31.64,0,0
VIC,22980,2024-10,5.85,54.87,0,0
VIC,22980,2024-11,8.02,62.56,0,0
VIC,22980,2024-12,5.99,47.01,0,0
VIC,22980,2025-01,1,6.6,0,0
VIC,22980,2025-02,4.83,64.18,0,0
VIC,22980,2025-03,3.85,26.74,0,0
VIC,22980,2025-04,4.7,40.54,0,0
VIC,22980,2025-05,3.85,28.82,0,0
VIC,22980,2025-06,1.99,19.28,0,0
VIC,22980,2025-07,4.85,36.54,5,79.18
VIC,22980,2025-08,1,8.36,5.69,92.85
VIC,22980,2025-09,1.99,24.06,6,130.07
VIC,22980,2025-10,3.56,33.98,4.41,91.38
VIC,22980,2025-11,1.84,9.23,3.83,68.55
VIC,22980,2025-12,6.71,154.38,5.86,197.7
VIC,22980,2026-01,0,0,1,15
VIC,22980,2026-02,2.84,31.66,3.99,80.89
VIC,22980,2026-03,0,0,3.99,140.47
VIC,22980,2026-04,6.98,95.21,4.99,225.62
VIC,22980,2026-05,0.99,44.87,0,0
VIC,22980,2026-06,1,9.5,2.85,65.82
VIC,22980,2026-07,1.99,17.15,1,27.96
VIC,22980,2026-08,0.99,8.97,0.99,15.91
VIC,23110,2023-01,43.97,351.99,0,0
VIC,23110,2023-02,62.96,516.37,0,0
VIC,23110,2023-03,62.37,723.55,0,0
VIC,23110,2023-04,45.97,399.07,0,0
VIC,23110,2023-05,105.13,522.43,0,0
VIC,23110,2023-06,107.97,849.66,0,0
VIC,23110,2023-07,112.8,782,0,0
VIC,23110,2023-08,85.45,538.75,0,0
VIC,23110,2023-09,86.53,616.84,0,0
VIC,23110,2023-10,73.21,500.16,0,0
VIC,23110,2023-11,86.97,694.27,0,0
VIC,23110,2023-12,105.61,1214.23,0,0
VIC,23110,2024-01,50.89,428,0,0
VIC,23110,2024-02,70.53,569.32,0,0
VIC,23110,2024-03,94.05,638.13,0,0
VIC,23110,2024-04,111.45,856.62,0,0
VIC,23110,2024-05,68.89,581.74,0,0
VIC,23110,2024-06,68.65,636.03,0,0
VIC,23110,2024-07,64.72,514.24,0,0
VIC,23110,2024-08,68.89,1175.33,0,0
VIC,23110,2024-09,58.56,560.92,0,0
VIC,23110,2024-10,89.94,732.71,0,0
VIC,23110,2024-11,102.88,744.67,0,0
VIC,23110,2024-12,87.29,1000.57,0,0
VIC,23110,2025-01,43.81,303.21,0,0
VIC,23110,2025-02,119.62,728.83,0,0
VIC,23110,2025-03,76.29,621.18,0,0
VIC,23110,2025-04,51.97,380.61,0,0
VIC,23110,2025-05,40.8,409.52,0,0
VIC,23110,2025-06,34.89,321.37,0,0
VIC,23110,2025-07,37.81,279.91,62.29,997.56
VIC,23110,2025-08,50.73,435.52,54.89,902.88
VIC,23110,2025-09,59.05,824.99,73.29,1515.74
VIC,23110,2025-10,60.37,540.41,70.29,1488.09
VIC,23110,2025-11,50.73,445.69,76.37,2132.49
VIC,23110,2025-12,57.89,708.22,94.94,2667.96
VIC,23110,2026-01,29.89,323.6,54.53,1597.33
VIC,23110,2026-02,62.97,559.99,86.53,2715.45
VIC,23110,2026-03,58.21,542.57,105.77,3428.68
VIC,23110,2026-04,66.61,697.46,175.06,6285.28
VIC,23110,2026-05,47.29,380.73,57.45,1220.25
VIC,23110,2026-06,47.64,405.4,54.56,1320.96
VIC,23110,2026-07,46.73,448.44,47.21,1103.65
VIC,23110,2026-08,15.16,157.14,7.08,196.25
VIC,23190,2023-01,14.63,129.83,0,0
VIC,23190,2023-02,12.79,102.51,0,0
VIC,23190,2023-03,12.97,96.7,0,0
VIC,23190,2023-04,11.63,159.92,0,0
VIC,23190,2023-05,18.57,152.59,0,0
VIC,23190,2023-06,18.42,166.27,0,0
VIC,23190,2023-07,24.82,227.76,0,0
VIC,23190,2023-08,17.71,204.31,0,0
VIC,23190,2023-09,16.84,199.57,0,0
VIC,23190,2023-10,18.47,219.72,0,0
VIC,23190,2023-11,18.45,256.15,0,0
VIC,23190,2023-12,18.63,140.28,0,0
VIC,23190,2024-01,11.69,152.13,0,0
VIC,23190,2024-02,15.92,107.5,0,0
VIC,23190,2024-03,19.89,235.46,0,0
VIC,23190,2024-04,10.13,161.82,0,0
VIC,23190,2024-05,12.63,123.47,0,0
VIC,23190,2024-06,13.63,135,0,0
VIC,23190,2024-07,14.02,117,0,0
VIC,23190,2024-08,14.79,153.99,0,0
VIC,23190,2024-09,15.74,137.02,0,0
VIC,23190,2024-10,21.94,215.55,0,0
VIC,23190,2024-11,7.74,64.42,0,0
VIC,23190,2024-12,13.92,187.9,0,0
VIC,23190,2025-01,9.89,81.41,0,0
VIC,23190,2025-02,14.58,130.71,0,0
VIC,23190,2025-03,19.34,192.41,0,0
VIC,23190,2025-04,8.87,79.48,0,0
VIC,23190,2025-05,12.94,135.67,0,0
VIC,23190,2025-06,6.95,63.63,0,0
VIC,23190,2025-07,11.73,92.97,6.89,121.74
VIC,23190,2025-08,15.87,247.49,12.76,320.62
VIC,23190,2025-09,12.69,268.36,9.61,190.71
VIC,23190,2025-10,14.84,237.68,14.73,348.22
VIC,23190,2025-11,11.79,267.59,8.89,195.49
VIC,23190,2025-12,4.79,147.56,11.05,363.91
VIC,23190,2026-01,6.02,60.08,0,0
VIC,23190,2026-02,3.79,31.32,6.63,177.97
VIC,23190,2026-03,8.85,98.03,14.66,370.96
VIC,23190,2026-04,21.58,238.95,32.26,989.91
VIC,23190,2026-05,5.13,37.41,6.15,102.06
VIC,23190,2026-06,7.95,67.51,8.08,209.07
VIC,23190,2026-07,12.79,99.35,8.73,228.28
VIC,23190,2026-08,8,50.83,3,74.2
VIC,23270,2023-01,195.61,1584.74,0,0
VIC,23270,2023-02,220.43,2170.02,0,0
VIC,23270,2023-03,194.25,1898.3,0,0
VIC,23270,2023-04,172.73,1592.38,0,0
VIC,23270,2023-05,233.25,2252.94,0,0
VIC,23270,2023-06,242.9,2537.63,0,0
VIC,23270,2023-07,261.39,2499.62,0,0
VIC,23270,2023-08,273.33,2687.81,0,0
VIC,23270,2023-09,253.45,2325.47,0,0
VIC,23270,2023-10,266.21,2939.9,0,0
VIC,23270,2023-11,289.69,2819.42,0,0
VIC,23270,2023-12,332.37,3609.71,0,0
VIC,23270,2024-01,217.33,1837.52,0,0
VIC,23270,2024-02,242.36,2305.43,0,0
VIC,23270,2024-03,240.48,2547.65,0,0
VIC,23270,2024-04,279.1,2643.34,0,0
VIC,23270,2024-05,313.92,2926.78,0,0
VIC,23270,2024-06,296.53,2778.1,0,0
VIC,23270,2024-07,305.05,2731.81,0,0
VIC,23270,2024-08,337.03,3583.16,0,0
VIC,23270,2024-09,321.64,3668.72,0,0
VIC,23270,2024-10,265.99,2689.29,0,0
VIC,23270,2024-11,274.63,2630.32,0,0
VIC,23270,2024-12,412.03,4927.76,0,0
VIC,23270,2025-01,237.12,2065,0,0
VIC,23270,2025-02,258.59,2538.13,0,0
VIC,23270,2025-03,316.7,3182.6,0,0
VIC,23270,2025-04,254.81,2651.24,0,0
VIC,23270,2025-05,337.41,3075.13,0,0
VIC,23270,2025-06,265.71,2206.99,0,0
VIC,23270,2025-07,315.57,2637.22,171.77,2813.01
VIC,23270,2025-08,304.46,2503.87,173.05,3394.98
VIC,23270,2025-09,302.62,2592.08,214.25,5197.22
VIC,23270,2025-10,348.73,3410.12,328.09,8701.83
VIC,23270,2025-11,309.23,2963.42,319.91,9381.38
VIC,23270,2025-12,323.98,3573.48,473.33,16025.67
VIC,23270,2026-01,272.11,2132.96,220.54,7326.24
VIC,23270,2026-02,332.63,2756.86,353.43,12218.83
VIC,23270,2026-03,306.63,2708.18,454.86,17663.07
VIC,23270,2026-04,428.14,4250.78,961.45,39686.41
VIC,23270,2026-05,247.26,1882.67,133.94,3230.15
VIC,23270,2026-06,270.36,1908.61,190.25,5016.96
VIC,23270,2026-07,266.06,2162.23,221.48,6332.47
VIC,23270,2026-08,91.1,659.77,58.68,1574.56
VIC,23350,2023-01,23.13,185.52,0,0
VIC,23350,2023-02,24.33,327.28,0,0
VIC,23350,2023-03,32.26,249.14,0,0
VIC,23350,2023-04,26.85,209.73,0,0
VIC,23350,2023-05,33.05,279.57,0,0
VIC,23350,2023-06,21.16,168.8,0,0
VIC,23350,2023-07,28.27,242.11,0,0
VIC,23350,2023-08,52.23,443.84,0,0
VIC,23350,2023-09,29.43,308.82,0,0
VIC,23350,2023-10,35.62,338.74,0,0
VIC,23350,2023-11,26.86,244.55,0,0
VIC,23350,2023-12,36.18,404.58,0,0
VIC,23350,2024-01,20.47,162.39,0,0
VIC,23350,2024-02,32.33,286.48,0,0
VIC,23350,2024-03,35.17,304.89,0,0
VIC,23350,2024-04,26.28,241.41,0,0
VIC,23350,2024-05,29.52,284.17,0,0
VIC,23350,2024-06,20.77,190.98,0,0
VIC,23350,2024-07,19.9,216.8,0,0
VIC,23350,2024-08,27.62,280.58,0,0
VIC,23350,2024-09,27.16,299.74,0,0
VIC,23350,2024-10,25.09,244.66,0,0
VIC,23350,2024-11,35.48,516.16,0,0
VIC,23350,2024-12,33.87,453.13,0,0
VIC,23350,2025-01,19.27,172.09,0,0
VIC,23350,2025-02,26.85,254.58,0,0
VIC,23350,2025-03,32.81,324.2,0,0
VIC,23350,2025-04,17.97,156.53,0,0
VIC,23350,2025-05,19.54,176.8,0,0
VIC,23350,2025-06,23.08,218.97,0,0
VIC,23350,2025-07,26.05,232.09,44.45,834.39
VIC,23350,2025-08,28.27,286.77,31.06,604.86
VIC,23350,2025-09,29.27,287.13,34.75,769.33
VIC,23350,2025-10,29.3,420.07,42.4,928.64
VIC,23350,2025-11,33.16,323.37,48.23,1157.1
VIC,23350,2025-12,36.14,451.93,55.77,1316.58
VIC,23350,2026-01,23.44,221.06,22.37,466.21
VIC,23350,2026-02,43.73,445.12,52.31,1277.99
VIC,23350,2026-03,50.61,520.24,72.22,1870
VIC,23350,2026-04,57.92,717.44,94.87,3004.37
VIC,23350,2026-05,25.92,227.9,26.95,507.81
VIC,23350,2026-06,28.13,266.5,26.58,533.98
VIC,23350,2026-07,28.48,256.88,26.47,581.48
VIC,23350,2026-08,11,103.84,5.8,124.96
VIC,23430,2023-01,87.08,703.76,0,0
VIC,23430,2023-02,117.74,1045.51,0,0
VIC,23430,2023-03,106.97,1040.93,0,0
VIC,23430,2023-04,87.36,850.16,0,0
VIC,23430,2023-05,120.74,901.58,0,0
VIC,23430,2023-06,109.93,960.48,0,0
VIC,23430,2023-07,119.44,1204.84,0,0
VIC,23430,2023-08,116.28,1206.75,0,0
VIC,23430,2023-09,111.26,978.17,0,0
VIC,23430,2023-10,127.95,1098.82,0,0
VIC,23430,2023-11,142.64,1393.13,0,0
VIC,23430,2023-12,133.15,1751.49,0,0
VIC,23430,2024-01,94.36,780.08,0,0
VIC,23430,2024-02,110.43,861.15,0,0
VIC,23430,2024-03,101.54,970.13,0,0
VIC,23430,2024-04,102.45,902.09,0,0
VIC,23430,2024-05,142.44,1149.68,0,0
VIC,23430,2024-06,125.28,1186.56,0,0
VIC,23430,2024-07,95.91,782.07,0,0
VIC,23430,2024-08,103.71,885.46,0,0
VIC,23430,2024-09,123.23,1016.84,0,0
VIC,23430,2024-10,122.11,1298.14,0,0
VIC,23430,2024-11,102.6,1158.92,0,0
VIC,23430,2024-12,112.13,1487.96,0,0
VIC,23430,2025-01,73.28,646.95,0,0
VIC,23430,2025-02,93.99,1294.01,0,0
VIC,23430,2025-03,84.25,841.27,0,0
VIC,23430,2025-04,81.17,740.92,0,0
VIC,23430,2025-05,74.44,861.15,0,0
VIC,23430,2025-06,65.46,682.25,0,0
VIC,23430,2025-07,74.24,737.74,117.34,1928.93
VIC,23430,2025-08,75.06,735.93,116.82,2093.47
VIC,23430,2025-09,87.39,914.61,140.3,3203.81
VIC,23430,2025-10,103.47,993.44,162.95,3973.25
VIC,23430,2025-11,107.69,1105.15,167.3,4266.57
VIC,23430,2025-12,113.14,1224.48,207.73,6349.48
VIC,23430,2026-01,76.87,777.06,111.07,3339.34
VIC,23430,2026-02,104.36,1076.42,162.52,5351.45
VIC,23430,2026-03,128.75,1219.13,250.73,8421.21
VIC,23430,2026-04,169.8,1917.64,398.01,14766.55
VIC,23430,2026-05,90.42,809.22,92.43,2147.25
VIC,23430,2026-06,87.23,768.34,104.26,2534.34
VIC,23430,2026-07,81.6,817.27,91.42,2247.29
VIC,23430,2026-08,28.59,242.16,23.43,604.35
VIC,23670,2023-01,123.02,1050.18,0,0
VIC,23670,2023-02,133.42,1114,0,0
VIC,23670,2023-03,146.19,1076.69,0,0
VIC,23670,2023-04,126.95,1166.8,0,0
VIC,23670,2023-05,121.63,1074.59,0,0
VIC,23670,2023-06,96.08,870.48,0,0
VIC,23670,2023-07,139.5,1186.76,0,0
VIC,23670,2023-08,126.7,1315.82,0,0
VIC,23670,2023-09,120.83,1177.84,0,0
VIC,23670,2023-10,126.94,1287.74,0,0
VIC,23670,2023-11,163.84,1635.87,0,0
VIC,23670,2023-12,194.17,1742.05,0,0
VIC,23670,2024-01,134.37,1053.94,0,0
VIC,23670,2024-02,144.52,1189.74,0,0
VIC,23670,2024-03,125.55,1196.56,0,0
VIC,23670,2024-04,154.24,1296.82,0,0
VIC,23670,2024-05,158.24,1309.28,0,0
VIC,23670,2024-06,127.59,1106.17,0,0
VIC,23670,2024-07,110.49,1215.63,0,0
VIC,23670,2024-08,124.14,1061.88,0,0
VIC,23670,2024-09,144.44,1397.66,0,0
VIC,23670,2024-10,156.92,1680.57,0,0
VIC,23670,2024-11,139.81,1470.58,0,0
VIC,23670,2024-12,153.32,1880.25,0,0
VIC,23670,2025-01,115.03,891.26,0,0
VIC,23670,2025-02,133.48,1058.68,0,0
VIC,23670,2025-03,107.01,912.53,0,0
VIC,23670,2025-04,97.65,849.84,0,0
VIC,23670,2025-05,97.65,976.67,0,0
VIC,23670,2025-06,73.12,632.93,0,0
VIC,23670,2025-07,130.25,1189.81,198.55,3636.55
VIC,23670,2025-08,131.12,1179.85,196.63,3662.91
VIC,23670,2025-09,147.84,1461.06,219.3,4995.59
VIC,23670,2025-10,158.2,1558.47,285.17,7224.49
VIC,23670,2025-11,142.19,1393.84,262,7484.59
VIC,23670,2025-12,183.34,1996.53,308.42,10062.71
VIC,23670,2026-01,117.54,1031.4,174.53,5372.97
VIC,23670,2026-02,157.72,1316,250.75,8306.93
VIC,23670,2026-03,234.36,2167.68,456.88,16196.97
VIC,23670,2026-04,248.75,2481.51,671.58,26501.61
VIC,23670,2026-05,112.93,894.25,115.36,2672.15
VIC,23670,2026-06,115.27,1102.93,154.92,3947.11
VIC,23670,2026-07,121.29,1197.79,161.75,4285.69
VIC,23670,2026-08,26.43,202.68,30.74,821.68
VIC,23810,2023-01,57.79,453.3,0,0
VIC,23810,2023-02,77.04,558.78,0,0
VIC,23810,2023-03,68.43,649.83,0,0
VIC,23810,2023-04,80.33,697.46,0,0
VIC,23810,2023-05,82.73,622.71,0,0
VIC,23810,2023-06,65.21,626.38,0,0
VIC,23810,2023-07,66.51,553.39,0,0
VIC,23810,2023-08,67.84,549.19,0,0
VIC,23810,2023-09,63.75,506.2,0,0
VIC,23810,2023-10,71.76,662.95,0,0
VIC,23810,2023-11,72.87,622.71,0,0
VIC,23810,2023-12,94.61,1024.58,0,0
VIC,23810,2024-01,41.16,316.94,0,0
VIC,23810,2024-02,86.98,879.44,0,0
VIC,23810,2024-03,69.4,498.23,0,0
VIC,23810,2024-04,50.59,615.69,0,0
VIC,23810,2024-05,75.62,724.9,0,0
VIC,23810,2024-06,71.32,715.04,0,0
VIC,23810,2024-07,61.64,656.81,0,0
VIC,23810,2024-08,85.19,714.67,0,0
VIC,23810,2024-09,70.83,636.13,0,0
VIC,23810,2024-10,85.96,840.16,0,0
VIC,23810,2024-11,97.11,889.47,0,0
VIC,23810,2024-12,133.99,1354.13,0,0
VIC,23810,2025-01,64.77,538.52,0,0
VIC,23810,2025-02,85.75,620.52,0,0
VIC,23810,2025-03,82.37,687.96,0,0
VIC,23810,2025-04,62.1,508.38,0,0
VIC,23810,2025-05,51.58,390.18,0,0
VIC,23810,2025-06,56.26,450.76,0,0
VIC,23810,2025-07,58.15,421.01,76.67,1227.1
VIC,23810,2025-08,64.43,513.19,92.78,1667.11
VIC,23810,2025-09,63.13,488.79,91.02,1839.35
VIC,23810,2025-10,76.51,631.73,113.21,2436.72
VIC,23810,2025-11,78.28,887.49,96.93,2587.44
VIC,23810,2025-12,77.09,718.19,93.83,2504.13
VIC,23810,2026-01,45.74,268.7,44.82,1195.94
VIC,23810,2026-02,97.85,805.05,92.06,2483.16
VIC,23810,2026-03,99.77,845.04,106.31,2884.96
VIC,23810,2026-04,132.71,944.12,176.3,4767.82
VIC,23810,2026-05,78.85,503.48,67.97,1448.49
VIC,23810,2026-06,66.3,425.77,48.74,986.9
VIC,23810,2026-07,56.26,414,37.41,929.16
VIC,23810,2026-08,16.47,94.52,18.52,449.01
VIC,23940,2023-01,5.52,39.26,0,0
VIC,23940,2023-02,10.54,87.67,0,0
VIC,23940,2023-03,11.68,200.27,0,0
VIC,23940,2023-04,7.34,47.24,0,0
VIC,23940,2023-05,18.86,282.67,0,0
VIC,23940,2023-06,11.93,93.77,0,0
VIC,23940,2023-07,10.15,93.55,0,0
VIC,23940,2023-08,15.17,156.62,0,0
VIC,23940,2023-09,7.91,154.55,0,0
VIC,23940,2023-10,10.35,88.8,0,0
VIC,23940,2023-11,8.06,81.18,0,0
VIC,23940,2023-12,6.47,59.62,0,0
VIC,23940,2024-01,11.93,188.1,0,0
VIC,23940,2024-02,8.29,66.71,0,0
VIC,23940,2024-03,4.78,44.08,0,0
VIC,23940,2024-04,7.24,56.61,0,0
VIC,23940,2024-05,9.52,83.54,0,0
VIC,23940,2024-06,6.29,64.4,0,0
VIC,23940,2024-07,5.79,72.61,0,0
VIC,23940,2024-08,5.31,49.5,0,0
VIC,23940,2024-09,9.69,73.27,0,0
VIC,23940,2024-10,8.58,67.42,0,0
VIC,23940,2024-11,5.19,55.33,0,0
VIC,23940,2024-12,8.73,86.68,0,0
VIC,23940,2025-01,5.73,66.71,0,0
VIC,23940,2025-02,11.27,115.38,0,0
VIC,23940,2025-03,8.96,106.48,0,0
VIC,23940,2025-04,7.49,50.79,0,0
VIC,23940,2025-05,14.91,136.32,0,0
VIC,23940,2025-06,6.54,35.99,0,0
VIC,23940,2025-07,5.93,58.95,12.05,210.9
VIC,23940,2025-08,6.37,45.19,7.56,110.26
VIC,23940,2025-09,7.29,62.09,4.52,94.47
VIC,23940,2025-10,13.94,103.75,18.63,336.8
VIC,23940,2025-11,8.72,68.44,11.13,253.1
VIC,23940,2025-12,11.62,166.83,15.42,372.82
VIC,23940,2026-01,6.48,54.01,10.47,285.62
VIC,23940,2026-02,3.52,31.59,8.28,239.39
VIC,23940,2026-03,4.45,45.21,9.9,360.22
VIC,23940,2026-04,11.4,109.06,27.56,1119.09
VIC,23940,2026-05,3.45,24.43,4.76,108.61
VIC,23940,2026-06,6.45,58.22,6.1,143.5
VIC,23940,2026-07,6.02,57.07,6.38,166.12
VIC,23940,2026-08,2.03,20.07,1.53,25.07
VIC,24130,2023-01,42.78,304.56,0,0
VIC,24130,2023-02,82.56,674.63,0,0
VIC,24130,2023-03,69.54,634.77,0,0
VIC,24130,2023-04,63.46,525.41,0,0
VIC,24130,2023-05,62.56,526.14,0,0
VIC,24130,2023-06,68.8,609.03,0,0
VIC,24130,2023-07,67.54,679.59,0,0
VIC,24130,2023-08,77.02,653.2,0,0
VIC,24130,2023-09,80.56,790.89,0,0
VIC,24130,2023-10,66.76,767.58,0,0
VIC,24130,2023-11,72.54,733.27,0,0
VIC,24130,2023-12,79.68,854.62,0,0
VIC,24130,2024-01,40.25,390.13,0,0
VIC,24130,2024-02,52.7,507.57,0,0
VIC,24130,2024-03,60.47,670.88,0,0
VIC,24130,2024-04,61.83,717.79,0,0
VIC,24130,2024-05,67.42,673.7,0,0
VIC,24130,2024-06,52.87,534.42,0,0
VIC,24130,2024-07,54.42,689.55,0,0
VIC,24130,2024-08,55.07,521.05,0,0
VIC,24130,2024-09,42.92,439.29,0,0
VIC,24130,2024-10,41.17,376.7,0,0
VIC,24130,2024-11,51.79,566.52,0,0
VIC,24130,2024-12,52.44,728.27,0,0
VIC,24130,2025-01,41.18,430.97,0,0
VIC,24130,2025-02,44.61,472.78,0,0
VIC,24130,2025-03,57.24,692.61,0,0
VIC,24130,2025-04,40.15,425.57,0,0
VIC,24130,2025-05,52.03,425.77,0,0
VIC,24130,2025-06,27.43,378.86,0,0
VIC,24130,2025-07,63.68,666.19,94.14,1921.45
VIC,24130,2025-08,47.39,446.39,70.74,1338.91
VIC,24130,2025-09,51.84,571.95,72.49,1719.03
VIC,24130,2025-10,57.49,586.17,85.34,2076.43
VIC,24130,2025-11,64.53,660,71.46,1902.18
VIC,24130,2025-12,64.13,837.5,101.6,2878.01
VIC,24130,2026-01,35.75,340.56,50.74,1381.28
VIC,24130,2026-02,63.9,723.96,89.12,2690.58
VIC,24130,2026-03,65.26,731.29,123.06,3942.52
VIC,24130,2026-04,90.07,1102.45,187.41,6812.72
VIC,24130,2026-05,63.34,675.57,63.81,1443.62
VIC,24130,2026-06,56.9,530.47,72.35,1744.4
VIC,24130,2026-07,58.48,580.22,64.31,1721.92
VIC,24130,2026-08,8.96,102.63,12.09,276.46
VIC,24210,2023-01,67.97,565.2,0,0
VIC,24210,2023-02,83.72,733.94,0,0
VIC,24210,2023-03,71.82,762.17,0,0
VIC,24210,2023-04,72.52,582.83,0,0
VIC,24210,2023-05,105.53,878.56,0,0
VIC,24210,2023-06,72.91,680.33,0,0
VIC,24210,2023-07,79.33,652.68,0,0
VIC,24210,2023-08,91.27,912.23,0,0
VIC,24210,2023-09,84.01,781.08,0,0
VIC,24210,2023-10,84.27,819.66,0,0
VIC,24210,2023-11,110.64,1025.6,0,0
VIC,24210,2023-12,83.79,923.09,0,0
VIC,24210,2024-01,61.16,554.72,0,0
VIC,24210,2024-02,93.91,809.98,0,0
VIC,24210,2024-03,71.98,613.3,0,0
VIC,24210,2024-04,73.47,669.75,0,0
VIC,24210,2024-05,94.67,809.58,0,0
VIC,24210,2024-06,93.94,878.79,0,0
VIC,24210,2024-07,82.82,732.02,0,0
VIC,24210,2024-08,84.61,754.04,0,0
VIC,24210,2024-09,83.33,916.36,0,0
VIC,24210,2024-10,100.48,820.2,0,0
VIC,24210,2024-11,113.27,831.02,0,0
VIC,24210,2024-12,87.9,864,0,0
VIC,24210,2025-01,59.76,569.14,0,0
VIC,24210,2025-02,74.05,670.74,0,0
VIC,24210,2025-03,81,770.18,0,0
VIC,24210,2025-04,77.75,749.32,0,0
VIC,24210,2025-05,85.51,799.24,0,0
VIC,24210,2025-06,29.76,296.57,0,0
VIC,24210,2025-07,69.85,674.97,122.59,2247.77
VIC,24210,2025-08,57.56,737.09,115.97,2670.13
VIC,24210,2025-09,77.04,798.25,137.05,3311.33
VIC,24210,2025-10,98.16,1015.98,183.4,5117.67
VIC,24210,2025-11,89.2,900.44,168.67,4909.62
VIC,24210,2025-12,133.97,1511.28,263.1,9614.22
VIC,24210,2026-01,47.31,513.65,102.75,3628.21
VIC,24210,2026-02,100.13,1073.37,193.01,6939.18
VIC,24210,2026-03,116.63,1236.04,280.18,11015.58
VIC,24210,2026-04,228.95,2404.73,548.31,22841.31
VIC,24210,2026-05,74.92,717.94,78.09,2063.49
VIC,24210,2026-06,76.19,728.31,103.47,2854.97
VIC,24210,2026-07,75.64,706.22,86.96,2598.68
VIC,24210,2026-08,26.88,250.65,22.35,614.06
VIC,24250,2023-01,9.4,87.44,0,0
VIC,24250,2023-02,17.13,166.67,0,0
VIC,24250,2023-03,11.79,185.63,0,0
VIC,24250,2023-04,13.45,107.43,0,0
VIC,24250,2023-05,11.44,114.92,0,0
VIC,24250,2023-06,14.65,154.34,0,0
VIC,24250,2023-07,9.56,124.57,0,0
VIC,24250,2023-08,16.41,166.28,0,0
VIC,24250,2023-09,24.4,222.81,0,0
VIC,24250,2023-10,29.79,358,0,0
VIC,24250,2023-11,27.53,291.48,0,0
VIC,24250,2023-12,17.26,199.89,0,0
VIC,24250,2024-01,9.76,78.6,0,0
VIC,24250,2024-02,16.83,142.76,0,0
VIC,24250,2024-03,14.13,146.53,0,0
VIC,24250,2024-04,14.33,185.31,0,0
VIC,24250,2024-05,18.29,237.21,0,0
VIC,24250,2024-06,8.63,93.32,0,0
VIC,24250,2024-07,14.16,156.93,0,0
VIC,24250,2024-08,12.11,117.67,0,0
VIC,24250,2024-09,17.45,190.21,0,0
VIC,24250,2024-10,15.04,257.27,0,0
VIC,24250,2024-11,16.52,194.58,0,0
VIC,24250,2024-12,15.19,204.04,0,0
VIC,24250,2025-01,10.56,98.26,0,0
VIC,24250,2025-02,9.89,96.45,0,0
VIC,24250,2025-03,9.83,94.25,0,0
VIC,24250,2025-04,13.26,222.36,0,0
VIC,24250,2025-05,15.64,149.35,0,0
VIC,24250,2025-06,9.64,92.85,0,0
VIC,24250,2025-07,12.38,209.42,24.01,581.72
VIC,24250,2025-08,10.52,92.01,12.9,274.77
VIC,24250,2025-09,11.89,149.18,9.89,312.7
VIC,24250,2025-10,15.31,204.24,25.82,490.96
VIC,24250,2025-11,17.38,194.41,20.16,479.27
VIC,24250,2025-12,19.15,319.38,34.66,894.56
VIC,24250,2026-01,6.75,100.19,9.63,318.71
VIC,24250,2026-02,20.81,280.38,31.22,889.73
VIC,24250,2026-03,18.38,304.17,19.38,724.38
VIC,24250,2026-04,30.13,388.89,36.67,1250.78
VIC,24250,2026-05,6.93,69.18,5.88,143.94
VIC,24250,2026-06,14.77,154.63,11.38,256.73
VIC,24250,2026-07,3.57,36.6,5.38,116.22
VIC,24250,2026-08,2,17.1,1,23.4
VIC,24330,2023-01,28.3,208.11,0,0
VIC,24330,2023-02,42.88,286.13,0,0
VIC,24330,2023-03,44.73,525.6,0,0
VIC,24330,2023-04,29.53,224,0,0
VIC,24330,2023-05,44.21,325.77,0,0
VIC,24330,2023-06,39.97,298.92,0,0
VIC,24330,2023-07,41.46,323.43,0,0
VIC,24330,2023-08,50.9,473.07,0,0
VIC,24330,2023-09,52.05,490.5,0,0
VIC,24330,2023-10,39.8,347.11,0,0
VIC,24330,2023-11,41.95,311.62,0,0
VIC,24330,2023-12,51.74,714,0,0
VIC,24330,2024-01,32.54,269.14,0,0
VIC,24330,2024-02,44.31,450.15,0,0
VIC,24330,2024-03,49.47,431.6,0,0
VIC,24330,2024-04,47.62,518.24,0,0
VIC,24330,2024-05,39.21,305.21,0,0
VIC,24330,2024-06,33.37,321.88,0,0
VIC,24330,2024-07,28.87,301.77,0,0
VIC,24330,2024-08,49.8,474.93,0,0
VIC,24330,2024-09,38.45,448.06,0,0
VIC,24330,2024-10,52.06,457.26,0,0
VIC,24330,2024-11,29.61,261.4,0,0
VIC,24330,2024-12,41.3,395.35,0,0
VIC,24330,2025-01,27.95,185.74,0,0
VIC,24330,2025-02,57.06,663.34,0,0
VIC,24330,2025-03,49.97,796.02,0,0
VIC,24330,2025-04,29.53,295.21,0,0
VIC,24330,2025-05,38.37,252.96,0,0
VIC,24330,2025-06,23.03,287.66,0,0
VIC,24330,2025-07,31.95,319.7,42.04,692.96
VIC,24330,2025-08,45.03,390.03,49.38,1012.84
VIC,24330,2025-09,41.54,364.35,46.55,925.85
VIC,24330,2025-10,43.38,433.3,48.06,1196.47
VIC,24330,2025-11,38.87,356.85,57.47,1616.17
VIC,24330,2025-12,38.38,444.07,62.5,1896.2
VIC,24330,2026-01,30.7,292.29,46.4,1422.46
VIC,24330,2026-02,42.21,444.51,70.07,2354.15
VIC,24330,2026-03,42.73,387.72,78.17,2620.5
VIC,24330,2026-04,59.97,456.42,120.54,4260.04
VIC,24330,2026-05,41.79,291.43,39.97,899.29
VIC,24330,2026-06,30.62,252.98,28.45,614.23
VIC,24330,2026-07,30.7,242.23,35.31,747.81
VIC,24330,2026-08,7.35,70.11,8.26,257.8
VIC,24410,2023-01,71.39,523.26,0,0
VIC,24410,2023-02,110.06,879.91,0,0
VIC,24410,2023-03,97.58,747.8,0,0
VIC,24410,2023-04,69.01,595.83,0,0
VIC,24410,2023-05,95.72,837.81,0,0
VIC,24410,2023-06,75.59,638.62,0,0
VIC,24410,2023-07,94.51,774.91,0,0
VIC,24410,2023-08,83.44,763.89,0,0
VIC,24410,2023-09,103.77,885.16,0,0
VIC,24410,2023-10,109.38,997.49,0,0
VIC,24410,2023-11,105.72,966.4,0,0
VIC,24410,2023-12,102.06,922.92,0,0
VIC,24410,2024-01,78.69,609.07,0,0
VIC,24410,2024-02,96.41,798.02,0,0
VIC,24410,2024-03,110.54,941.75,0,0
VIC,24410,2024-04,89.64,699.14,0,0
VIC,24410,2024-05,99.17,798.99,0,0
VIC,24410,2024-06,82.11,782.86,0,0
VIC,24410,2024-07,72.27,589.13,0,0
VIC,24410,2024-08,87.59,904.13,0,0
VIC,24410,2024-09,68.12,590.64,0,0
VIC,24410,2024-10,81.93,812.78,0,0
VIC,24410,2024-11,77.64,703.31,0,0
VIC,24410,2024-12,99.66,1058.21,0,0
VIC,24410,2025-01,73.3,602.12,0,0
VIC,24410,2025-02,98.15,806.15,0,0
VIC,24410,2025-03,74.34,702.03,0,0
VIC,24410,2025-04,58.39,485.39,0,0
VIC,24410,2025-05,50.44,458.26,0,0
VIC,24410,2025-06,62.73,610.69,0,0
VIC,24410,2025-07,83.09,766.92,127,2095.86
VIC,24410,2025-08,63.35,657.22,104.99,1951.56
VIC,24410,2025-09,83.36,942.1,113.28,2675.1
VIC,24410,2025-10,81.22,823.47,115.05,2923.42
VIC,24410,2025-11,70.58,882.02,139.78,3735.86
VIC,24410,2025-12,89.95,852.59,173.3,5211.55
VIC,24410,2026-01,68.73,623.36,107.76,3084.71
VIC,24410,2026-02,97.03,840.48,167.71,5143.49
VIC,24410,2026-03,116.49,1158.08,224.78,7593.96
VIC,24410,2026-04,142.27,1366.59,323.47,12065.82
VIC,24410,2026-05,61.85,546.07,76.36,1692.06
VIC,24410,2026-06,77.93,747.61,95.64,2328.34
VIC,24410,2026-07,64.09,568.09,82.18,1949.29
VIC,24410,2026-08,16.79,145.78,18.92,498.6
VIC,24600,2023-01,9.74,59.04,0,0
VIC,24600,2023-02,11.47,304.9,0,0
VIC,24600,2023-03,17.68,143.83,0,0
VIC,24600,2023-04,21.3,184.5,0,0
VIC,24600,2023-05,10.85,162.73,0,0
VIC,24600,2023-06,13.01,363.29,0,0
VIC,24600,2023-07,18.16,634.16,0,0
VIC,24600,2023-08,15.4,240.7,0,0
VIC,24600,2023-09,9.82,221.34,0,0
VIC,24600,2023-10,8.49,92.54,0,0
VIC,24600,2023-11,11.94,109.15,0,0
VIC,24600,2023-12,18.83,432.94,0,0
VIC,24600,2024-01,12.9,131.55,0,0
VIC,24600,2024-02,12.59,304.83,0,0
VIC,24600,2024-03,10.56,93.06,0,0
VIC,24600,2024-04,18.74,342,0,0
VIC,24600,2024-05,16.59,309.21,0,0
VIC,24600,2024-06,6.99,73.97,0,0
VIC,24600,2024-07,12.95,191.16,0,0
VIC,24600,2024-08,9.13,249,0,0
VIC,24600,2024-09,9.12,175.68,0,0
VIC,24600,2024-10,27.62,153.11,0,0
VIC,24600,2024-11,8.74,135.33,0,0
VIC,24600,2024-12,14.97,310.3,0,0
VIC,24600,2025-01,5.35,65.31,0,0
VIC,24600,2025-02,14.22,259.37,0,0
VIC,24600,2025-03,15.92,183.26,0,0
VIC,24600,2025-04,8.05,70,0,0
VIC,24600,2025-05,11.08,162.79,0,0
VIC,24600,2025-06,7.97,196.25,0,0
VIC,24600,2025-07,14.87,171.48,12.26,189.89
VIC,24600,2025-08,12.89,179.14,7.69,143.33
VIC,24600,2025-09,11.28,345.16,10.26,201.13
VIC,24600,2025-10,13.26,180.19,15.15,315.34
VIC,24600,2025-11,13.11,103.69,15.02,355.03
VIC,24600,2025-12,11.99,187.68,12.92,344.21
VIC,24600,2026-01,4.74,40.34,7.9,161.21
VIC,24600,2026-02,13.59,131.44,16.89,354.44
VIC,24600,2026-03,9.54,53.23,19.32,497.19
VIC,24600,2026-04,20.65,379.77,30.06,956.25
VIC,24600,2026-05,9.52,100.48,8.67,213.92
VIC,24600,2026-06,9.08,67.09,9.1,207.89
VIC,24600,2026-07,7.97,84.13,7.36,211.55
VIC,24600,2026-08,3.92,52.6,4.26,133.64
VIC,24650,2023-01,203.73,1476.85,0,0
VIC,24650,2023-02,253.53,1759.94,0,0
VIC,24650,2023-03,188.4,1419.85,0,0
VIC,24650,2023-04,158.81,1208.07,0,0
VIC,24650,2023-05,187.94,1375.37,0,0
VIC,24650,2023-06,198.31,1658.52,0,0
VIC,24650,2023-07,207.03,1679.8,0,0
VIC,24650,2023-08,233.09,1914.49,0,0
VIC,24650,2023-09,251.38,1974.17,0,0
VIC,24650,2023-10,266.69,2116.49,0,0
VIC,24650,2023-11,274.32,2365.9,0,0
VIC,24650,2023-12,290.19,2638.94,0,0
VIC,24650,2024-01,201.26,1764.52,0,0
VIC,24650,2024-02,202.24,1715.15,0,0
VIC,24650,2024-03,231,1964.66,0,0
VIC,24650,2024-04,250.26,2097.57,0,0
VIC,24650,2024-05,250.54,2237.66,0,0
VIC,24650,2024-06,256.15,2182.21,0,0
VIC,24650,2024-07,264.73,2632.83,0,0
VIC,24650,2024-08,260.82,2330.36,0,0
VIC,24650,2024-09,306.01,2793.28,0,0
VIC,24650,2024-10,302.07,2762.28,0,0
VIC,24650,2024-11,250.43,2335.02,0,0
VIC,24650,2024-12,317.8,2912.26,0,0
VIC,24650,2025-01,197.49,1595.88,0,0
VIC,24650,2025-02,211.73,1801.18,0,0
VIC,24650,2025-03,280.47,2408.47,0,0
VIC,24650,2025-04,220.32,1773.63,0,0
VIC,24650,2025-05,249.23,1987.1,0,0
VIC,24650,2025-06,196.59,1413.39,0,0
VIC,24650,2025-07,265.6,2016.95,145.4,2440.6
VIC,24650,2025-08,239.82,1765.77,165.28,3075.32
VIC,24650,2025-09,230.87,1878.71,207.82,4770.85
VIC,24650,2025-10,277.31,2453.33,263.69,7095.48
VIC,24650,2025-11,218.67,2182.69,281,8586.57
VIC,24650,2025-12,269.07,2579.89,375.38,13079.96
VIC,24650,2026-01,188.09,1479.84,176.26,5898.88
VIC,24650,2026-02,278.29,2242.62,316.55,11548.25
VIC,24650,2026-03,305.82,2426.98,448.49,17173.6
VIC,24650,2026-04,290.14,2728.26,759.71,31641.97
VIC,24650,2026-05,258.03,1668.26,115.76,2687.32
VIC,24650,2026-06,223.88,1599.25,143.39,4011.73
VIC,24650,2026-07,251.67,1815.39,177.88,5143.2
VIC,24650,2026-08,116.83,851.32,53.12,1535
VIC,24700,2023-01,50.21,352.35,0,0
VIC,24700,2023-02,65.56,510.34,0,0
VIC,24700,2023-03,94.07,799.2,0,0
VIC,24700,2023-04,64.96,731.97,0,0
VIC,24700,2023-05,91.87,834.74,0,0
VIC,24700,2023-06,62.77,450.24,0,0
VIC,24700,2023-07,105.09,916.57,0,0
VIC,24700,2023-08,117.09,878.68,0,0
VIC,24700,2023-09,89.63,667.27,0,0
VIC,24700,2023-10,92.25,715.98,0,0
VIC,24700,2023-11,87.2,757.33,0,0
VIC,24700,2023-12,99.71,856.38,0,0
VIC,24700,2024-01,64.43,448.89,0,0
VIC,24700,2024-02,79.04,722.97,0,0
VIC,24700,2024-03,93.43,795.2,0,0
VIC,24700,2024-04,78.43,720.89,0,0
VIC,24700,2024-05,96.62,874.77,0,0
VIC,24700,2024-06,114.28,898.72,0,0
VIC,24700,2024-07,87.13,725.32,0,0
VIC,24700,2024-08,95.52,843.02,0,0
VIC,24700,2024-09,98.62,987.22,0,0
VIC,24700,2024-10,87.66,731.36,0,0
VIC,24700,2024-11,91.61,785.79,0,0
VIC,24700,2024-12,100.01,919.73,0,0
VIC,24700,2025-01,65.72,648.54,0,0
VIC,24700,2025-02,68.73,557.16,0,0
VIC,24700,2025-03,90.95,1054.98,0,0
VIC,24700,2025-04,75.09,571.69,0,0
VIC,24700,2025-05,70.96,542.02,0,0
VIC,24700,2025-06,80.32,674.48,0,0
VIC,24700,2025-07,50.49,443.92,79.97,1101.53
VIC,24700,2025-08,63.54,582.76,73.48,1271.52
VIC,24700,2025-09,121.53,748.13,83.53,1827.93
VIC,24700,2025-10,110.66,1036.25,108.91,2486.28
VIC,24700,2025-11,84.86,850.94,104.58,2556.83
VIC,24700,2025-12,161.34,1235.54,138.33,3766.32
VIC,24700,2026-01,46.17,468.18,73.1,1983.17
VIC,24700,2026-02,66,595.89,101.58,3063.47
VIC,24700,2026-03,79.36,741.62,142.33,4304.75
VIC,24700,2026-04,88.85,910.74,221.43,7550.76
VIC,24700,2026-05,84.14,633.49,64.41,1321.73
VIC,24700,2026-06,61.97,606.93,60.98,1316.34
VIC,24700,2026-07,83.62,733.57,81.76,1959.79
VIC,24700,2026-08,29.12,224.33,10.74,222.89
VIC,24780,2023-01,74,572.38,0,0
VIC,24780,2023-02,82,749.11,0,0
VIC,24780,2023-03,72,579.13,0,0
VIC,24780,2023-04,37,306.72,0,0
VIC,24780,2023-05,77,698.36,0,0
VIC,24780,2023-06,103.29,946.98,0,0
VIC,24780,2023-07,78,824.1,0,0
VIC,24780,2023-08,61,661.72,0,0
VIC,24780,2023-09,70.26,665.28,0,0
VIC,24780,2023-10,78,738.72,0,0
VIC,24780,2023-11,67,1376.24,0,0
VIC,24780,2023-12,55,708.05,0,0
VIC,24780,2024-01,33,295.07,0,0
VIC,24780,2024-02,49,427.85,0,0
VIC,24780,2024-03,75,790.24,0,0
VIC,24780,2024-04,53,523.57,0,0
VIC,24780,2024-05,60.29,591.3,0,0
VIC,24780,2024-06,52,551.94,0,0
VIC,24780,2024-07,58,674.5,0,0
VIC,24780,2024-08,66,624.24,0,0
VIC,24780,2024-09,73,580.81,0,0
VIC,24780,2024-10,69,746.85,0,0
VIC,24780,2024-11,59,498.38,0,0
VIC,24780,2024-12,72,907.96,0,0
VIC,24780,2025-01,36,330.67,0,0
VIC,24780,2025-02,53,588.45,0,0
VIC,24780,2025-03,57,637.52,0,0
VIC,24780,2025-04,50,639.86,0,0
VIC,24780,2025-05,48,587.12,0,0
VIC,24780,2025-06,37,428.01,0,0
VIC,24780,2025-07,28,303.35,30,525.36
VIC,24780,2025-08,30,258.28,26,373.5
VIC,24780,2025-09,27,401.15,16,380.82
VIC,24780,2025-10,35,345.36,23,457.46
VIC,24780,2025-11,41,390.33,54,1062.59
VIC,24780,2025-12,46,549.46,66,1573.24
VIC,24780,2026-01,13,137.95,21,513.66
VIC,24780,2026-02,31,328.02,38,1124.66
VIC,24780,2026-03,36,459.63,48,1357.37
VIC,24780,2026-04,73,690.57,123,4365.27
VIC,24780,2026-05,37,284.68,24,420.09
VIC,24780,2026-06,32,295.9,34,766.47
VIC,24780,2026-07,25,232.98,29,530.28
VIC,24780,2026-08,11,67.57,4,106.98
VIC,24850,2023-01,37.82,346.94,0,0
VIC,24850,2023-02,63.8,570.44,0,0
VIC,24850,2023-03,47.61,400.47,0,0
VIC,24850,2023-04,51.24,453.15,0,0
VIC,24850,2023-05,63.9,515.44,0,0
VIC,24850,2023-06,65.06,537.52,0,0
VIC,24850,2023-07,99.26,853.59,0,0
VIC,24850,2023-08,87.67,741.07,0,0
VIC,24850,2023-09,67.05,565.14,0,0
VIC,24850,2023-10,60.03,550.02,0,0
VIC,24850,2023-11,57.91,525.92,0,0
VIC,24850,2023-12,76.72,689.94,0,0
VIC,24850,2024-01,54.28,469.87,0,0
VIC,24850,2024-02,57.78,576.37,0,0
VIC,24850,2024-03,56.79,491.89,0,0
VIC,24850,2024-04,55.77,440.99,0,0
VIC,24850,2024-05,101.53,961.78,0,0
VIC,24850,2024-06,76.6,731.68,0,0
VIC,24850,2024-07,74.13,667.69,0,0
VIC,24850,2024-08,65.03,615.2,0,0
VIC,24850,2024-09,54.85,647.74,0,0
VIC,24850,2024-10,71.48,661.71,0,0
VIC,24850,2024-11,72.37,603.09,0,0
VIC,24850,2024-12,84.73,899.46,0,0
VIC,24850,2025-01,46.88,394.02,0,0
VIC,24850,2025-02,61.81,593.39,0,0
VIC,24850,2025-03,51.55,601.76,0,0
VIC,24850,2025-04,97.32,825.62,0,0
VIC,24850,2025-05,65.22,477.49,0,0
VIC,24850,2025-06,47.3,347.78,0,0
VIC,24850,2025-07,60.41,464.43,61.94,1052.32
VIC,24850,2025-08,46.26,366.03,37.03,687.93
VIC,24850,2025-09,97.11,714.78,52.55,1180.48
VIC,24850,2025-10,83.73,727.93,55.49,1294.12
VIC,24850,2025-11,104.77,1006.41,96.24,2664.34
VIC,24850,2025-12,91.63,815.18,93.8,3067.12
VIC,24850,2026-01,43.42,377.75,45.78,1398.4
VIC,24850,2026-02,75.34,623.98,88.09,2787.23
VIC,24850,2026-03,98.51,867.68,121.39,4275.01
VIC,24850,2026-04,93.64,1102.47,168.73,6319.52
VIC,24850,2026-05,80.28,511.46,54.64,1206.12
VIC,24850,2026-06,75.51,554.3,51.27,1296.18
VIC,24850,2026-07,75.02,528.83,51.05,1180.13
VIC,24850,2026-08,20.85,157.11,15.11,407.89
VIC,24900,2023-01,22.41,220.7,0,0
VIC,24900,2023-02,48.78,436.55,0,0
VIC,24900,2023-03,41.2,370.67,0,0
VIC,24900,2023-04,28.23,262.56,0,0
VIC,24900,2023-05,54.74,544.25,0,0
VIC,24900,2023-06,37.96,304.65,0,0
VIC,24900,2023-07,48.74,602.98,0,0
VIC,24900,2023-08,46.44,486.44,0,0
VIC,24900,2023-09,37.74,365.01,0,0
VIC,24900,2023-10,38.48,354.79,0,0
VIC,24900,2023-11,38.6,396.76,0,0
VIC,24900,2023-12,38.72,440.97,0,0
VIC,24900,2024-01,27.24,263.93,0,0
VIC,24900,2024-02,46.31,454.91,0,0
VIC,24900,2024-03,48.5,441.55,0,0
VIC,24900,2024-04,30.16,396.86,0,0
VIC,24900,2024-05,51.65,504.13,0,0
VIC,24900,2024-06,39.16,348.96,0,0
VIC,24900,2024-07,32.14,434.08,0,0
VIC,24900,2024-08,55.66,532.9,0,0
VIC,24900,2024-09,42.97,498.5,0,0
VIC,24900,2024-10,45.68,507.47,0,0
VIC,24900,2024-11,43.62,448.7,0,0
VIC,24900,2024-12,44.8,673.11,0,0
VIC,24900,2025-01,31.04,279.34,0,0
VIC,24900,2025-02,29.47,245.21,0,0
VIC,24900,2025-03,41.06,476.48,0,0
VIC,24900,2025-04,30.21,397.9,0,0
VIC,24900,2025-05,33.47,273.54,0,0
VIC,24900,2025-06,33.14,514.13,0,0
VIC,24900,2025-07,37.63,456.89,55.81,876.85
VIC,24900,2025-08,38.97,306.64,28.6,478.7
VIC,24900,2025-09,30.99,273.47,24.47,444.64
VIC,24900,2025-10,45.35,349.7,40.38,1038.14
VIC,24900,2025-11,36.82,327.02,41.87,930.09
VIC,24900,2025-12,45.01,459.95,40.93,966.95
VIC,24900,2026-01,28.78,187.25,25.42,517.22
VIC,24900,2026-02,55.85,486.03,50.14,1282.79
VIC,24900,2026-03,65.59,491.73,77.18,2111.92
VIC,24900,2026-04,48.46,579.36,87.04,2855.11
VIC,24900,2026-05,39.09,313.64,20.89,399.32
VIC,24900,2026-06,32.98,269.15,29.38,633.94
VIC,24900,2026-07,34.3,361.35,27.98,594.11
VIC,24900,2026-08,9.37,95.94,8.79,183.12
VIC,24970,2023-01,95.06,701.81,0,0
VIC,24970,2023-02,122.59,980.53,0,0
VIC,24970,2023-03,100.42,1010.68,0,0
VIC,24970,2023-04,86.52,877.81,0,0
VIC,24970,2023-05,123.53,1131.99,0,0
VIC,24970,2023-06,106.22,1167.15,0,0
VIC,24970,2023-07,113.82,936.13,0,0
VIC,24970,2023-08,147.6,1401.48,0,0
VIC,24970,2023-09,140.95,1548.85,0,0
VIC,24970,2023-10,136.06,1133.85,0,0
VIC,24970,2023-11,170.96,1844.63,0,0
VIC,24970,2023-12,147.32,1508.46,0,0
VIC,24970,2024-01,110.02,964.54,0,0
VIC,24970,2024-02,117.25,1038.11,0,0
VIC,24970,2024-03,110.97,975.15,0,0
VIC,24970,2024-04,116.76,964.87,0,0
VIC,24970,2024-05,121.06,1100.49,0,0
VIC,24970,2024-06,102.32,1095.28,0,0
VIC,24970,2024-07,121.56,1190.23,0,0
VIC,24970,2024-08,148.18,1426.26,0,0
VIC,24970,2024-09,144.09,1496.07,0,0
VIC,24970,2024-10,147.79,1314.9,0,0
VIC,24970,2024-11,141.52,1480.03,0,0
VIC,24970,2024-12,153.84,1733.75,0,0
VIC,24970,2025-01,82.89,704.7,0,0
VIC,24970,2025-02,105.53,931.49,0,0
VIC,24970,2025-03,116.3,1031.91,0,0
VIC,24970,2025-04,85.4,871.94,0,0
VIC,24970,2025-05,93.66,797.91,0,0
VIC,24970,2025-06,66.26,577.82,0,0
VIC,24970,2025-07,92.8,888.23,204.19,3443.81
VIC,24970,2025-08,109.53,1023.97,171.95,3653.45
VIC,24970,2025-09,107.26,1093.74,216.82,5453.01
VIC,24970,2025-10,137.13,1432.39,281.92,7670.3
VIC,24970,2025-11,160.78,1688,272.18,8277.8
VIC,24970,2025-12,237.64,2536.72,430.61,15114.05
VIC,24970,2026-01,114.35,1046.54,201.04,6724.97
VIC,24970,2026-02,164.76,1680.9,309.41,11166.99
VIC,24970,2026-03,212.82,2066.89,480.92,18864.08
VIC,24970,2026-04,367.75,3790.35,831.35,34225.18
VIC,24970,2026-05,107.8,1046.81,118.23,2769.06
VIC,24970,2026-06,163.51,1441.1,161.81,4624.38
VIC,24970,2026-07,115.49,1029.11,153.72,4297.33
VIC,24970,2026-08,46.33,403.02,34.27,932.37
VIC,25060,2023-01,50.84,395.06,0,0
VIC,25060,2023-02,75.86,583.21,0,0
VIC,25060,2023-03,67.75,675.33,0,0
VIC,25060,2023-04,52.97,535.09,0,0
VIC,25060,2023-05,68.17,494.94,0,0
VIC,25060,2023-06,49.78,426.15,0,0
VIC,25060,2023-07,63.82,534.02,0,0
VIC,25060,2023-08,71.94,613.85,0,0
VIC,25060,2023-09,68.22,623.75,0,0
VIC,25060,2023-10,76.82,624.94,0,0
VIC,25060,2023-11,54.42,565.99,0,0
VIC,25060,2023-12,76.39,806.09,0,0
VIC,25060,2024-01,46.05,468.13,0,0
VIC,25060,2024-02,60.44,449.9,0,0
VIC,25060,2024-03,66.09,604.44,0,0
VIC,25060,2024-04,63.5,660.72,0,0
VIC,25060,2024-05,61.7,533.3,0,0
VIC,25060,2024-06,52.08,608.12,0,0
VIC,25060,2024-07,63.24,591.35,0,0
VIC,25060,2024-08,63.82,598.22,0,0
VIC,25060,2024-09,51.56,474.26,0,0
VIC,25060,2024-10,50.3,493.16,0,0
VIC,25060,2024-11,56.75,517.16,0,0
VIC,25060,2024-12,60.37,606.04,0,0
VIC,25060,2025-01,26.78,245.45,0,0
VIC,25060,2025-02,53.77,435.91,0,0
VIC,25060,2025-03,53.96,590.53,0,0
VIC,25060,2025-04,35.69,338.99,0,0
VIC,25060,2025-05,58.14,557.89,0,0
VIC,25060,2025-06,34.69,417.84,0,0
VIC,25060,2025-07,35.36,529.41,49.79,824.07
VIC,25060,2025-08,34.04,338.12,55.27,1163.46
VIC,25060,2025-09,46.9,639.06,63.13,1449.75
VIC,25060,2025-10,46.77,520.95,73.97,1758.37
VIC,25060,2025-11,61.23,679.09,72,2050.37
VIC,25060,2025-12,73.63,832.6,112.33,3497.74
VIC,25060,2026-01,41.59,488.71,57.7,1657.9
VIC,25060,2026-02,59.78,587.95,83.49,2597.98
VIC,25060,2026-03,70.52,713.74,116.82,4050.56
VIC,25060,2026-04,99.24,1019.67,193.43,6982.36
VIC,25060,2026-05,38.24,365.24,44.9,947.89
VIC,25060,2026-06,66.04,649.74,60.97,1592.52
VIC,25060,2026-07,50.27,471.3,60.9,1587.31
VIC,25060,2026-08,17.42,164.65,16.55,417.32
VIC,25150,2023-01,17.45,154.38,0,0
VIC,25150,2023-02,52.34,410.7,0,0
VIC,25150,2023-03,41.05,353.56,0,0
VIC,25150,2023-04,24.59,273.7,0,0
VIC,25150,2023-05,34.5,406.16,0,0
VIC,25150,2023-06,35.62,387.87,0,0
VIC,25150,2023-07,33.46,351.8,0,0
VIC,25150,2023-08,46.08,492.25,0,0
VIC,25150,2023-09,44.97,424.18,0,0
VIC,25150,2023-10,48.78,459.67,0,0
VIC,25150,2023-11,39.85,387.48,0,0
VIC,25150,2023-12,46.09,513.59,0,0
VIC,25150,2024-01,30.93,268.77,0,0
VIC,25150,2024-02,33.47,325.76,0,0
VIC,25150,2024-03,45.35,420.19,0,0
VIC,25150,2024-04,44.22,454.53,0,0
VIC,25150,2024-05,44.75,409.92,0,0
VIC,25150,2024-06,33.99,301.97,0,0
VIC,25150,2024-07,54.79,417.35,0,0
VIC,25150,2024-08,37.51,365.38,0,0
VIC,25150,2024-09,32.64,475.27,0,0
VIC,25150,2024-10,36.73,360.69,0,0
VIC,25150,2024-11,31.81,345.53,0,0
VIC,25150,2024-12,41.54,469.36,0,0
VIC,25150,2025-01,25.9,256.61,0,0
VIC,25150,2025-02,40.92,455.12,0,0
VIC,25150,2025-03,27.08,272.03,0,0
VIC,25150,2025-04,29.24,293.63,0,0
VIC,25150,2025-05,33.32,264.59,0,0
VIC,25150,2025-06,28.73,209.07,0,0
VIC,25150,2025-07,37.98,370.08,47.21,801.04
VIC,25150,2025-08,24.78,239.29,35.25,644.23
VIC,25150,2025-09,33.21,315.58,51.88,1069.07
VIC,25150,2025-10,51.05,484.09,50.41,1163.6
VIC,25150,2025-11,31.7,320.24,47.88,1212.2
VIC,25150,2025-12,57.38,649.44,61.61,1903.82
VIC,25150,2026-01,31.99,306.18,33.33,1104.68
VIC,25150,2026-02,55.97,497.91,82.41,2386.2
VIC,25150,2026-03,46.12,431.52,88.87,2916.01
VIC,25150,2026-04,59.2,674.98,112.86,3885.65
VIC,25150,2026-05,33.65,257.69,32.07,703.29
VIC,25150,2026-06,34.19,316.93,35.95,802.8
VIC,25150,2026-07,37.85,306.75,30.18,687.9
VIC,25150,2026-08,11.81,77.19,6.66,133.62
VIC,25340,2023-01,150.07,1206.38,0,0
VIC,25340,2023-02,170.9,1470.07,0,0
VIC,25340,2023-03,191.63,1917.2,0,0
VIC,25340,2023-04,159.59,1503.62,0,0
VIC,25340,2023-05,207.68,1817.41,0,0
VIC,25340,2023-06,182.38,1696.3,0,0
VIC,25340,2023-07,175.21,1831.64,0,0
VIC,25340,2023-08,211.95,2066.93,0,0
VIC,25340,2023-09,175.12,1805.67,0,0
VIC,25340,2023-10,197.95,1775.34,0,0
VIC,25340,2023-11,194.55,1976.44,0,0
VIC,25340,2023-12,193.42,2116.54,0,0
VIC,25340,2024-01,132.34,1201.56,0,0
VIC,25340,2024-02,180.73,1649.81,0,0
VIC,25340,2024-03,179.55,1709.67,0,0
VIC,25340,2024-04,147.85,1389.32,0,0
VIC,25340,2024-05,186.3,1890.77,0,0
VIC,25340,2024-06,128.04,1414.26,0,0
VIC,25340,2024-07,143.34,1553.47,0,0
VIC,25340,2024-08,145.66,1546.83,0,0
VIC,25340,2024-09,159.63,1769.55,0,0
VIC,25340,2024-10,161.38,1826.26,0,0
VIC,25340,2024-11,162.81,1920.36,0,0
VIC,25340,2024-12,186.38,2200.22,0,0
VIC,25340,2025-01,110.39,998.81,0,0
VIC,25340,2025-02,158.76,1570.53,0,0
VIC,25340,2025-03,150.08,1554.76,0,0
VIC,25340,2025-04,118.25,1195.22,0,0
VIC,25340,2025-05,93.12,1029.95,0,0
VIC,25340,2025-06,78.39,893.68,0,0
VIC,25340,2025-07,126.81,1339.68,252.76,3834.4
VIC,25340,2025-08,92.17,955.63,183.59,3129.14
VIC,25340,2025-09,138.91,1491.66,182.03,3672.45
VIC,25340,2025-10,179.33,2063.2,272.72,6354.84
VIC,25340,2025-11,154,1929.35,243.51,6046.25
VIC,25340,2025-12,196.34,2426.1,284.85,7884.58
VIC,25340,2026-01,99.99,946.83,184.33,4774.19
VIC,25340,2026-02,146.13,1494.77,252.64,6828.98
VIC,25340,2026-03,156.81,1738.34,300.46,9094.69
VIC,25340,2026-04,260.9,3286.34,460.56,15699.89
VIC,25340,2026-05,163.56,1640.16,169.86,3433.92
VIC,25340,2026-06,126.34,1377.89,153.85,3321.25
VIC,25340,2026-07,135.86,1352.72,154.77,3285.88
VIC,25340,2026-08,37.12,349.54,34.04,838.14
VIC,25430,2023-01,23.54,164.07,0,0
VIC,25430,2023-02,28.93,203.79,0,0
VIC,25430,2023-03,25.76,199.47,0,0
VIC,25430,2023-04,20.02,139.4,0,0
VIC,25430,2023-05,24.41,190.27,0,0
VIC,25430,2023-06,31.21,236.36,0,0
VIC,25430,2023-07,32.72,231.89,0,0
VIC,25430,2023-08,36.87,291.85,0,0
VIC,25430,2023-09,23.55,221.15,0,0
VIC,25430,2023-10,29.19,221.3,0,0
VIC,25430,2023-11,33.31,240.84,0,0
VIC,25430,2023-12,29.11,211.29,0,0
VIC,25430,2024-01,20.49,142.14,0,0
VIC,25430,2024-02,40.53,342.51,0,0
VIC,25430,2024-03,22.34,178.91,0,0
VIC,25430,2024-04,27.17,225.25,0,0
VIC,25430,2024-05,29.04,256.73,0,0
VIC,25430,2024-06,14.04,113.14,0,0
VIC,25430,2024-07,22.73,225.86,0,0
VIC,25430,2024-08,25.94,256.51,0,0
VIC,25430,2024-09,34.93,310.93,0,0
VIC,25430,2024-10,27.26,243.11,0,0
VIC,25430,2024-11,24.71,220.38,0,0
VIC,25430,2024-12,22.04,202.97,0,0
VIC,25430,2025-01,16.94,135.87,0,0
VIC,25430,2025-02,21.06,157.84,0,0
VIC,25430,2025-03,19.96,158.21,0,0
VIC,25430,2025-04,22.59,181.81,0,0
VIC,25430,2025-05,27.79,213.29,0,0
VIC,25430,2025-06,14.56,98.44,0,0
VIC,25430,2025-07,20.88,157.54,37.03,526.91
VIC,25430,2025-08,17.46,158.43,28.12,537.1
VIC,25430,2025-09,31.76,243.54,41.66,698.14
VIC,25430,2025-10,30.61,242.59,35.7,565.67
VIC,25430,2025-11,21.93,178.65,33.41,668.12
VIC,25430,2025-12,27.45,248.38,38.79,874.02
VIC,25430,2026-01,26.84,214.84,32.9,567
VIC,25430,2026-02,33.69,293.64,39.87,922.81
VIC,25430,2026-03,27.17,312.71,44.34,1085.56
VIC,25430,2026-04,32.89,360.04,65.4,1924.75
VIC,25430,2026-05,28.26,251.52,28.87,589.49
VIC,25430,2026-06,18.78,166.77,28.87,570.68
VIC,25430,2026-07,25.23,211.95,29.48,590.38
VIC,25430,2026-08,6.03,40.54,6.95,152.25
VIC,25490,2023-01,11.1,95.78,0,0
VIC,25490,2023-02,16.6,199.44,0,0
VIC,25490,2023-03,18.92,203,0,0
VIC,25490,2023-04,12.3,97.47,0,0
VIC,25490,2023-05,18.34,171.39,0,0
VIC,25490,2023-06,14.48,225.78,0,0
VIC,25490,2023-07,14.3,134.34,0,0
VIC,25490,2023-08,31.1,301.37,0,0
VIC,25490,2023-09,23.5,302.79,0,0
VIC,25490,2023-10,15.62,144.88,0,0
VIC,25490,2023-11,21.78,237.04,0,0
VIC,25490,2023-12,25.29,391.33,0,0
VIC,25490,2024-01,10.98,94.14,0,0
VIC,25490,2024-02,12.19,171.14,0,0
VIC,25490,2024-03,23.61,323.07,0,0
VIC,25490,2024-04,12.57,144.09,0,0
VIC,25490,2024-05,19.61,278.31,0,0
VIC,25490,2024-06,13.42,143.66,0,0
VIC,25490,2024-07,21.94,190.6,0,0
VIC,25490,2024-08,18.82,208.73,0,0
VIC,25490,2024-09,19.94,207.22,0,0
VIC,25490,2024-10,13.82,239.26,0,0
VIC,25490,2024-11,14.24,111.42,0,0
VIC,25490,2024-12,10.68,150.82,0,0
VIC,25490,2025-01,5.16,40.43,0,0
VIC,25490,2025-02,9.43,84.49,0,0
VIC,25490,2025-03,13.15,157.2,0,0
VIC,25490,2025-04,11.58,114.47,0,0
VIC,25490,2025-05,8.44,99.98,0,0
VIC,25490,2025-06,9.9,91.64,0,0
VIC,25490,2025-07,12.06,161.98,21.02,421.93
VIC,25490,2025-08,7.81,111.89,14.63,254.76
VIC,25490,2025-09,7.41,56.78,8.23,136.79
VIC,25490,2025-10,10.19,176.15,16.48,360.66
VIC,25490,2025-11,17.18,229.65,25.87,498.92
VIC,25490,2025-12,24.93,278.12,36.09,1034.29
VIC,25490,2026-01,9.46,76.78,11.02,255.95
VIC,25490,2026-02,9.86,106.73,14.22,375.3
VIC,25490,2026-03,11.54,211.1,20.22,606.37
VIC,25490,2026-04,17.17,186.4,28.45,894.87
VIC,25490,2026-05,7.93,76.66,11.25,183.65
VIC,25490,2026-06,4.42,50.05,10.91,213.8
VIC,25490,2026-07,9.31,69.96,11.4,272.64
VIC,25490,2026-08,2.62,19.27,0.07,1.38
VIC,25620,2023-01,15.66,122.77,0,0
VIC,25620,2023-02,24.56,193.23,0,0
VIC,25620,2023-03,24.89,235.01,0,0
VIC,25620,2023-04,16.48,137.51,0,0
VIC,25620,2023-05,25.86,303.01,0,0
VIC,25620,2023-06,15.88,163.34,0,0
VIC,25620,2023-07,24.47,213.36,0,0
VIC,25620,2023-08,23.54,236.03,0,0
VIC,25620,2023-09,17.01,126.37,0,0
VIC,25620,2023-10,18.46,199.78,0,0
VIC,25620,2023-11,18.73,171.25,0,0
VIC,25620,2023-12,32.8,317.27,0,0
VIC,25620,2024-01,12.68,107.87,0,0
VIC,25620,2024-02,19.45,178.46,0,0
VIC,25620,2024-03,18.46,159.16,0,0
VIC,25620,2024-04,13.85,126.03,0,0
VIC,25620,2024-05,17.29,131.68,0,0
VIC,25620,2024-06,9.81,115,0,0
VIC,25620,2024-07,14.94,140.63,0,0
VIC,25620,2024-08,16.48,145.09,0,0
VIC,25620,2024-09,23.05,220.89,0,0
VIC,25620,2024-10,18.14,240.95,0,0
VIC,25620,2024-11,16.47,268.46,0,0
VIC,25620,2024-12,14.54,148.79,0,0
VIC,25620,2025-01,11.75,111.49,0,0
VIC,25620,2025-02,11.41,142.88,0,0
VIC,25620,2025-03,14.43,258.87,0,0
VIC,25620,2025-04,14.81,197.68,0,0
VIC,25620,2025-05,15.62,261.63,0,0
VIC,25620,2025-06,13.46,151.84,0,0
VIC,25620,2025-07,17.83,232.28,28.66,645.62
VIC,25620,2025-08,14.91,139.03,20.38,399.19
VIC,25620,2025-09,20.46,168.82,26.41,608.68
VIC,25620,2025-10,32.48,370.65,37.44,932.09
VIC,25620,2025-11,20.98,207.2,29.71,716.33
VIC,25620,2025-12,10.59,160.81,24.44,868.5
VIC,25620,2026-01,4.46,39.63,12.91,356.33
VIC,25620,2026-02,12.85,146.17,29.51,948.06
VIC,25620,2026-03,27.62,272.13,42.99,1335.21
VIC,25620,2026-04,42.43,574.24,76.84,2600.67
VIC,25620,2026-05,12.55,132.69,14.44,351.57
VIC,25620,2026-06,11.34,119.75,13.05,250.51
VIC,25620,2026-07,9.82,93.15,9.18,227.53
VIC,25620,2026-08,1.8,15.44,1.19,44.23
VIC,25710,2023-01,56.72,429.05,0,0
VIC,25710,2023-02,69.56,582.81,0,0
VIC,25710,2023-03,62.47,530.18,0,0
VIC,25710,2023-04,39.12,354.51,0,0
VIC,25710,2023-05,55.6,567.16,0,0
VIC,25710,2023-06,51.55,473.85,0,0
VIC,25710,2023-07,50.44,528.04,0,0
VIC,25710,2023-08,61.36,518.3,0,0
VIC,25710,2023-09,69.98,656.5,0,0
VIC,25710,2023-10,57.32,549.14,0,0
VIC,25710,2023-11,57.53,496.45,0,0
VIC,25710,2023-12,63.78,645.42,0,0
VIC,25710,2024-01,43.01,429.95,0,0
VIC,25710,2024-02,53.93,472.41,0,0
VIC,25710,2024-03,47.23,401.98,0,0
VIC,25710,2024-04,39.84,381.28,0,0
VIC,25710,2024-05,58.54,567.12,0,0
VIC,25710,2024-06,38.68,364.6,0,0
VIC,25710,2024-07,52.15,521.04,0,0
VIC,25710,2024-08,50.35,519.15,0,0
VIC,25710,2024-09,43.63,412.39,0,0
VIC,25710,2024-10,62.93,669.45,0,0
VIC,25710,2024-11,38.5,388.72,0,0
VIC,25710,2024-12,49.4,563.87,0,0
VIC,25710,2025-01,33.12,324.98,0,0
VIC,25710,2025-02,40.01,385.65,0,0
VIC,25710,2025-03,38.87,432.46,0,0
VIC,25710,2025-04,41.63,460.66,0,0
VIC,25710,2025-05,36.31,486.8,0,0
VIC,25710,2025-06,20.54,183.73,0,0
VIC,25710,2025-07,36.3,436.25,75.77,1324.92
VIC,25710,2025-08,23.53,231.44,63.79,1144.64
VIC,25710,2025-09,40.84,445,63.55,1567.32
VIC,25710,2025-10,57.19,682.87,89.46,2283.62
VIC,25710,2025-11,51.5,483.58,80.98,2042.66
VIC,25710,2025-12,59.8,725.82,100.26,2977.9
VIC,25710,2026-01,21.9,238.97,45.49,1356.4
VIC,25710,2026-02,59.71,604.2,103.88,3068.2
VIC,25710,2026-03,66.66,718.47,156.52,5491.18
VIC,25710,2026-04,120.08,1477.23,241.11,9041.96
VIC,25710,2026-05,57.19,591.89,72.66,1582.35
VIC,25710,2026-06,48.97,560.24,63.78,1710.2
VIC,25710,2026-07,40.41,443.51,55.63,1374.85
VIC,25710,2026-08,10.44,93.26,11.17,255.34
VIC,25810,2023-01,10.02,75.74,0,0
VIC,25810,2023-02,14.21,151.69,0,0
VIC,25810,2023-03,12.65,98.16,0,0
VIC,25810,2023-04,10.51,95.1,0,0
VIC,25810,2023-05,12.94,134.75,0,0
VIC,25810,2023-06,10.46,95.27,0,0
VIC,25810,2023-07,11.75,163.75,0,0
VIC,25810,2023-08,14.58,170.67,0,0
VIC,25810,2023-09,10.88,151.75,0,0
VIC,25810,2023-10,8.35,57.02,0,0
VIC,25810,2023-11,21.34,167.17,0,0
VIC,25810,2023-12,19.12,179.12,0,0
VIC,25810,2024-01,7.1,64.62,0,0
VIC,25810,2024-02,10.25,98.22,0,0
VIC,25810,2024-03,10.2,105.29,0,0
VIC,25810,2024-04,6.66,67.25,0,0
VIC,25810,2024-05,7.55,87.28,0,0
VIC,25810,2024-06,9.69,163.74,0,0
VIC,25810,2024-07,5.56,50.61,0,0
VIC,25810,2024-08,8.19,65.96,0,0
VIC,25810,2024-09,11.47,104.59,0,0
VIC,25810,2024-10,10.46,129.77,0,0
VIC,25810,2024-11,12.77,149.54,0,0
VIC,25810,2024-12,7.78,203.28,0,0
VIC,25810,2025-01,7.76,74.46,0,0
VIC,25810,2025-02,8.36,98.18,0,0
VIC,25810,2025-03,7.27,98.88,0,0
VIC,25810,2025-04,16.82,188.74,0,0
VIC,25810,2025-05,9.27,69.35,0,0
VIC,25810,2025-06,2.14,25.15,0,0
VIC,25810,2025-07,9.92,88.77,7.27,141.59
VIC,25810,2025-08,6.51,57.42,9.59,164.39
VIC,25810,2025-09,12.21,198.47,7.09,209.56
VIC,25810,2025-10,8.22,65.06,13.24,320.3
VIC,25810,2025-11,6.85,75.21,13.53,323.89
VIC,25810,2025-12,7.48,58.31,16.57,430.23
VIC,25810,2026-01,4.43,37.61,4.91,124.92
VIC,25810,2026-02,8.66,90.87,11.31,237.23
VIC,25810,2026-03,8.47,176.92,16.67,615.37
VIC,25810,2026-04,4.39,45.65,10.75,418.26
VIC,25810,2026-05,3.56,29.02,4.22,86.56
VIC,25810,2026-06,4.02,34.26,7.69,206.19
VIC,25810,2026-07,9.87,84.92,6.31,136.8
VIC,25810,2026-08,0.04,0.29,0.48,14.45
VIC,25900,2023-01,11.98,73.23,0,0
VIC,25900,2023-02,22.43,251.69,0,0
VIC,25900,2023-03,23.06,263.55,0,0
VIC,25900,2023-04,23.99,197.85,0,0
VIC,25900,2023-05,19.41,127.6,0,0
VIC,25900,2023-06,29.25,389.41,0,0
VIC,25900,2023-07,21.37,203.08,0,0
VIC,25900,2023-08,25.71,227.03,0,0
VIC,25900,2023-09,22.47,258.41,0,0
VIC,25900,2023-10,23.74,315.09,0,0
VIC,25900,2023-11,27.09,329.01,0,0
VIC,25900,2023-12,34.51,450.18,0,0
VIC,25900,2024-01,11.8,80.32,0,0
VIC,25900,2024-02,26.36,243.28,0,0
VIC,25900,2024-03,25.29,246.02,0,0
VIC,25900,2024-04,17.76,273.94,0,0
VIC,25900,2024-05,25.31,379.99,0,0
VIC,25900,2024-06,16.49,308.99,0,0
VIC,25900,2024-07,25.35,208.61,0,0
VIC,25900,2024-08,18.17,141.19,0,0
VIC,25900,2024-09,15.73,165.89,0,0
VIC,25900,2024-10,19.89,195.83,0,0
VIC,25900,2024-11,32.63,324.09,0,0
VIC,25900,2024-12,29.79,329.74,0,0
VIC,25900,2025-01,16.75,141.72,0,0
VIC,25900,2025-02,17.77,157.02,0,0
VIC,25900,2025-03,25.44,273.8,0,0
VIC,25900,2025-04,34.23,151.16,0,0
VIC,25900,2025-05,16.4,126.67,0,0
VIC,25900,2025-06,15.01,290.22,0,0
VIC,25900,2025-07,31.27,235.48,27.57,428.44
VIC,25900,2025-08,19.51,169.39,22.82,386.3
VIC,25900,2025-09,20.34,209.34,22.89,395.1
VIC,25900,2025-10,22.68,298.65,33.85,544.7
VIC,25900,2025-11,17.72,219.6,21.5,489.7
VIC,25900,2025-12,31.24,324.86,43.79,1079.82
VIC,25900,2026-01,15.17,93.45,18.54,390.08
VIC,25900,2026-02,24.08,186.6,24.83,711.75
VIC,25900,2026-03,22.93,270.91,45.45,1184.95
VIC,25900,2026-04,29.72,261.43,52.95,1662.04
VIC,25900,2026-05,16.56,194.81,15.72,299.83
VIC,25900,2026-06,16.09,153.51,14.18,233.46
VIC,25900,2026-07,17.54,180.43,19.91,522.01
VIC,25900,2026-08,3.15,22.9,3.46,89.18
VIC,25990,2023-01,9.83,72.97,0,0
VIC,25990,2023-02,7.83,51.9,0,0
VIC,25990,2023-03,10.75,94.61,0,0
VIC,25990,2023-04,6.11,46.53,0,0
VIC,25990,2023-05,10.17,109,0,0
VIC,25990,2023-06,7.01,66.53,0,0
VIC,25990,2023-07,9.99,81.81,0,0
VIC,25990,2023-08,10.9,97.54,0,0
VIC,25990,2023-09,12.74,116.26,0,0
VIC,25990,2023-10,10.97,104.7,0,0
VIC,25990,2023-11,10.31,95.85,0,0
VIC,25990,2023-12,8.64,102.25,0,0
VIC,25990,2024-01,5.32,44.59,0,0
VIC,25990,2024-02,9.11,93.3,0,0
VIC,25990,2024-03,7.23,84.43,0,0
VIC,25990,2024-04,8.66,69.86,0,0
VIC,25990,2024-05,11.32,93.34,0,0
VIC,25990,2024-06,9.43,78.21,0,0
VIC,25990,2024-07,11.8,120.9,0,0
VIC,25990,2024-08,9.83,82.32,0,0
VIC,25990,2024-09,12.44,105.89,0,0
VIC,25990,2024-10,10.18,100.64,0,0
VIC,25990,2024-11,11.2,92.16,0,0
VIC,25990,2024-12,8.91,113.29,0,0
VIC,25990,2025-01,8.73,87.89,0,0
VIC,25990,2025-02,5.47,45.82,0,0
VIC,25990,2025-03,5.69,58.26,0,0
VIC,25990,2025-04,10.48,105.83,0,0
VIC,25990,2025-05,8.62,69.78,0,0
VIC,25990,2025-06,3.06,26.72,0,0
VIC,25990,2025-07,7.75,63.78,11.54,185.89
VIC,25990,2025-08,3.7,32.67,9.04,161.62
VIC,25990,2025-09,5.43,55.91,7.65,157.31
VIC,25990,2025-10,8.64,89.32,11.83,338.17
VIC,25990,2025-11,11.47,142.11,17.49,505.11
VIC,25990,2025-12,8.31,157.43,13.25,360.84
VIC,25990,2026-01,9.08,99.44,8.94,231.92
VIC,25990,2026-02,7.97,76.45,12.07,363.06
VIC,25990,2026-03,9.69,117.87,25.23,775.05
VIC,25990,2026-04,11.75,110.21,22.33,796.37
VIC,25990,2026-05,4.22,30.33,2.76,73.45
VIC,25990,2026-06,5.22,38.81,7.92,194.98
VIC,25990,2026-07,5.31,44.81,8.44,178.67
VIC,25990,2026-08,1.56,6.76,0.9,28.85
VIC,26080,2023-01,4.15,30,0,0
VIC,26080,2023-02,8.3,64.36,0,0
VIC,26080,2023-03,9.69,76.46,0,0
VIC,26080,2023-04,9.69,73.22,0,0
VIC,26080,2023-05,11.07,98.51,0,0
VIC,26080,2023-06,9.69,71.57,0,0
VIC,26080,2023-07,6.23,71.42,0,0
VIC,26080,2023-08,11.77,104.05,0,0
VIC,26080,2023-09,9.69,64.99,0,0
VIC,26080,2023-10,7.61,60.84,0,0
VIC,26080,2023-11,10.38,80.96,0,0
VIC,26080,2023-12,11.77,112.09,0,0
VIC,26080,2024-01,5.54,45.57,0,0
VIC,26080,2024-02,6.92,40.78,0,0
VIC,26080,2024-03,7.61,53.7,0,0
VIC,26080,2024-04,8.3,89.41,0,0
VIC,26080,2024-05,4.84,38.18,0,0
VIC,26080,2024-06,8.3,67.71,0,0
VIC,26080,2024-07,9,62.25,0,0
VIC,26080,2024-08,5.54,40.98,0,0
VIC,26080,2024-09,6.92,59.26,0,0
VIC,26080,2024-10,13.15,126.86,0,0
VIC,26080,2024-11,6.23,52.71,0,0
VIC,26080,2024-12,13.15,234.77,0,0
VIC,26080,2025-01,6.23,53.16,0,0
VIC,26080,2025-02,7.61,94.52,0,0
VIC,26080,2025-03,4.84,32.47,0,0
VIC,26080,2025-04,1.38,20.71,0,0
VIC,26080,2025-05,5.54,39.28,0,0
VIC,26080,2025-06,1.38,15.16,0,0
VIC,26080,2025-07,7.61,71.84,8.3,146.8
VIC,26080,2025-08,5.54,40.18,4.84,93.18
VIC,26080,2025-09,8.3,70.8,10.38,221.45
VIC,26080,2025-10,3.46,30.54,9,169.86
VIC,26080,2025-11,4.15,33.8,9.69,190.03
VIC,26080,2025-12,9,94.32,11.77,326.66
VIC,26080,2026-01,2.77,22.91,6.92,193.32
VIC,26080,2026-02,6.23,42.59,8.3,156.84
VIC,26080,2026-03,8.3,71.59,15.23,317.39
VIC,26080,2026-04,9,123.82,17.3,503.08
VIC,26080,2026-05,9,74.14,4.84,87.36
VIC,26080,2026-06,8.3,85.98,10.38,226.95
VIC,26080,2026-07,6.92,58.81,7.61,145.73
VIC,26080,2026-08,1.38,7.23,1.38,25.54
VIC,26170,2023-01,31.53,270.15,0,0
VIC,26170,2023-02,39.11,368.26,0,0
VIC,26170,2023-03,34.88,321.09,0,0
VIC,26170,2023-04,27.98,324.5,0,0
VIC,26170,2023-05,52.2,420.42,0,0
VIC,26170,2023-06,37.42,303.11,0,0
VIC,26170,2023-07,28.64,295.37,0,0
VIC,26170,2023-08,30.27,392.65,0,0
VIC,26170,2023-09,41.46,449.23,0,0
VIC,26170,2023-10,23.93,210.71,0,0
VIC,26170,2023-11,34.41,296.55,0,0
VIC,26170,2023-12,30.48,365.75,0,0
VIC,26170,2024-01,31.5,264.95,0,0
VIC,26170,2024-02,32.92,288.7,0,0
VIC,26170,2024-03,32.14,302.77,0,0
VIC,26170,2024-04,31.38,319.11,0,0
VIC,26170,2024-05,34.63,298.29,0,0
VIC,26170,2024-06,28.95,217.77,0,0
VIC,26170,2024-07,33.69,313.6,0,0
VIC,26170,2024-08,38.9,390.96,0,0
VIC,26170,2024-09,34.43,378.68,0,0
VIC,26170,2024-10,33.98,367.6,0,0
VIC,26170,2024-11,41.35,378.65,0,0
VIC,26170,2024-12,41.33,511.36,0,0
VIC,26170,2025-01,22.54,199.93,0,0
VIC,26170,2025-02,28,238.79,0,0
VIC,26170,2025-03,56.58,567.71,0,0
VIC,26170,2025-04,47.11,598.54,0,0
VIC,26170,2025-05,30.2,411.95,0,0
VIC,26170,2025-06,22.41,388.62,0,0
VIC,26170,2025-07,34.87,376.22,47.85,981.68
VIC,26170,2025-08,28.66,421.1,45.68,955.23
VIC,26170,2025-09,32.58,329.14,51.26,1180.07
VIC,26170,2025-10,34.37,274.94,62.95,1139.51
VIC,26170,2025-11,38.15,408.23,54.81,1442.45
VIC,26170,2025-12,45.97,610.57,64.59,1671.16
VIC,26170,2026-01,24.36,222.36,31.33,817.75
VIC,26170,2026-02,31.5,418.4,46.27,1413.7
VIC,26170,2026-03,29.24,403.5,56.1,1701.11
VIC,26170,2026-04,49.64,539.39,89.58,2776.29
VIC,26170,2026-05,31.41,277.13,21.78,361.43
VIC,26170,2026-06,28.17,224.39,36.25,768.44
VIC,26170,2026-07,23.19,216.98,22.41,482.65
VIC,26170,2026-08,12.8,145,8.97,198.57
VIC,26260,2023-01,7.89,72.9,0,0
VIC,26260,2023-02,12.66,99.35,0,0
VIC,26260,2023-03,6.06,68.55,0,0
VIC,26260,2023-04,13.29,121.32,0,0
VIC,26260,2023-05,22.67,177.22,0,0
VIC,26260,2023-06,5.82,50.06,0,0
VIC,26260,2023-07,3.1,51.76,0,0
VIC,26260,2023-08,10.91,83.98,0,0
VIC,26260,2023-09,8.94,64.02,0,0
VIC,26260,2023-10,10.79,88.37,0,0
VIC,26260,2023-11,9.08,97.27,0,0
VIC,26260,2023-12,14.97,131.82,0,0
VIC,26260,2024-01,9.83,80.98,0,0
VIC,26260,2024-02,6.99,57.91,0,0
VIC,26260,2024-03,6.92,59.36,0,0
VIC,26260,2024-04,7.86,87.42,0,0
VIC,26260,2024-05,8.83,168.12,0,0
VIC,26260,2024-06,14.75,230.71,0,0
VIC,26260,2024-07,7.84,70.14,0,0
VIC,26260,2024-08,7.72,75.51,0,0
VIC,26260,2024-09,11.62,108.43,0,0
VIC,26260,2024-10,22.16,216.39,0,0
VIC,26260,2024-11,17.48,222.64,0,0
VIC,26260,2024-12,7.77,80.79,0,0
VIC,26260,2025-01,10.94,153.78,0,0
VIC,26260,2025-02,13.69,207.05,0,0
VIC,26260,2025-03,12.97,116.03,0,0
VIC,26260,2025-04,7.88,55.19,0,0
VIC,26260,2025-05,7,92.43,0,0
VIC,26260,2025-06,4.78,40.77,0,0
VIC,26260,2025-07,7.77,95.15,12.8,273.81
VIC,26260,2025-08,3.98,25.84,9.87,167.29
VIC,26260,2025-09,5.9,47.92,2.9,77.69
VIC,26260,2025-10,11.88,137.82,11.92,228.54
VIC,26260,2025-11,4.88,46.58,9.84,188.16
VIC,26260,2025-12,6.72,64.93,10.78,220.51
VIC,26260,2026-01,1.01,26.06,2.93,73.88
VIC,26260,2026-02,2.89,15.88,3.9,101.01
VIC,26260,2026-03,2,19.1,4.01,83.61
VIC,26260,2026-04,11.88,134.33,14.75,409.65
VIC,26260,2026-05,6.93,64.85,5.94,138.37
VIC,26260,2026-06,1,9.74,3.97,86.44
VIC,26260,2026-07,12.99,108.2,10.93,238.23
VIC,26260,2026-08,5.93,28.45,1.93,32.35
VIC,26350,2023-01,24.23,240.45,0,0
VIC,26350,2023-02,43.12,438.38,0,0
VIC,26350,2023-03,36.63,459.1,0,0
VIC,26350,2023-04,27.72,244.76,0,0
VIC,26350,2023-05,35.94,306.06,0,0
VIC,26350,2023-06,22.51,173.3,0,0
VIC,26350,2023-07,34.41,289.71,0,0
VIC,26350,2023-08,42.21,320.59,0,0
VIC,26350,2023-09,38.69,435.84,0,0
VIC,26350,2023-10,45.74,417.57,0,0
VIC,26350,2023-11,44.2,361.81,0,0
VIC,26350,2023-12,59.73,699.94,0,0
VIC,26350,2024-01,14.85,125.42,0,0
VIC,26350,2024-02,37.5,432.46,0,0
VIC,26350,2024-03,43.07,372.75,0,0
VIC,26350,2024-04,39.66,316.69,0,0
VIC,26350,2024-05,43.06,473.83,0,0
VIC,26350,2024-06,22.4,228.51,0,0
VIC,26350,2024-07,36.39,310.38,0,0
VIC,26350,2024-08,34.78,387.49,0,0
VIC,26350,2024-09,31.28,332.49,0,0
VIC,26350,2024-10,24.74,350.05,0,0
VIC,26350,2024-11,38.86,365.02,0,0
VIC,26350,2024-12,35.96,430.43,0,0
VIC,26350,2025-01,24.66,246.68,0,0
VIC,26350,2025-02,23.33,232.59,0,0
VIC,26350,2025-03,40.6,446.99,0,0
VIC,26350,2025-04,22.37,247.39,0,0
VIC,26350,2025-05,26.94,333.84,0,0
VIC,26350,2025-06,11.72,113.07,0,0
VIC,26350,2025-07,26.48,323.37,60.82,1071.46
VIC,26350,2025-08,25.65,297.01,34.44,722.97
VIC,26350,2025-09,30.58,386.43,42.66,964.5
VIC,26350,2025-10,29.66,282.04,56.65,1327.73
VIC,26350,2025-11,38.12,365.05,54.33,1517.51
VIC,26350,2025-12,31.82,379.22,58.18,1631.28
VIC,26350,2026-01,24.6,211.41,33.25,977.17
VIC,26350,2026-02,36.43,319.17,47.31,1358.21
VIC,26350,2026-03,41.12,467.38,74.74,2689.75
VIC,26350,2026-04,69.52,776.98,127.41,4971.43
VIC,26350,2026-05,33.38,303.73,32.95,681.33
VIC,26350,2026-06,44.14,470.52,53.62,1221.18
VIC,26350,2026-07,28.69,287.02,34.71,826.08
VIC,26350,2026-08,6.71,69.21,7.82,184.04
VIC,26430,2023-01,11.21,170.57,0,0
VIC,26430,2023-02,17.3,166.76,0,0
VIC,26430,2023-03,16.22,132.98,0,0
VIC,26430,2023-04,12.35,111.67,0,0
VIC,26430,2023-05,17.47,190.36,0,0
VIC,26430,2023-06,19.01,216.45,0,0
VIC,26430,2023-07,14.53,127.77,0,0
VIC,26430,2023-08,21.2,196.88,0,0
VIC,26430,2023-09,18.18,161.13,0,0
VIC,26430,2023-10,11.33,105.91,0,0
VIC,26430,2023-11,17.36,151.24,0,0
VIC,26430,2023-12,12.28,127.2,0,0
VIC,26430,2024-01,6.3,48.1,0,0
VIC,26430,2024-02,21.57,233.92,0,0
VIC,26430,2024-03,13.28,120.47,0,0
VIC,26430,2024-04,15.45,138.73,0,0
VIC,26430,2024-05,25.65,220.41,0,0
VIC,26430,2024-06,17.23,157.67,0,0
VIC,26430,2024-07,16.32,217.01,0,0
VIC,26430,2024-08,12.37,92.39,0,0
VIC,26430,2024-09,8.23,80.59,0,0
VIC,26430,2024-10,19.19,224.06,0,0
VIC,26430,2024-11,9.45,82.88,0,0
VIC,26430,2024-12,21.1,249.21,0,0
VIC,26430,2025-01,15.18,120.77,0,0
VIC,26430,2025-02,9.3,107.24,0,0
VIC,26430,2025-03,16.21,186.1,0,0
VIC,26430,2025-04,19.3,193.5,0,0
VIC,26430,2025-05,12.34,154.8,0,0
VIC,26430,2025-06,10.3,91.53,0,0
VIC,26430,2025-07,12.37,160.39,16.4,281.05
VIC,26430,2025-08,17.28,177.87,26.4,465.85
VIC,26430,2025-09,12.27,148.88,16.35,420.62
VIC,26430,2025-10,16.51,136.83,19.4,370.68
VIC,26430,2025-11,18.28,167.49,24.18,607.71
VIC,26430,2025-12,17.43,201.78,29.25,728.71
VIC,26430,2026-01,6.32,47.42,6.46,163.26
VIC,26430,2026-02,21.26,234.11,25.42,748.99
VIC,26430,2026-03,25.15,264.74,30.36,898.76
VIC,26430,2026-04,33.21,437.52,52.45,1591.85
VIC,26430,2026-05,12.37,123.18,16.17,343.47
VIC,26430,2026-06,19.1,165.61,18.35,409.02
VIC,26430,2026-07,9.16,94.97,12.14,286.71
VIC,26430,2026-08,2.03,37.27,1.97,37.41
VIC,26490,2023-01,51.82,428.93,0,0
VIC,26490,2023-02,56.53,469.59,0,0
VIC,26490,2023-03,66.7,517.08,0,0
VIC,26490,2023-04,47.08,362.91,0,0
VIC,26490,2023-05,56.23,459.69,0,0
VIC,26490,2023-06,39.85,356.53,0,0
VIC,26490,2023-07,42.73,331.68,0,0
VIC,26490,2023-08,53.99,501.39,0,0
VIC,26490,2023-09,48.89,441.45,0,0
VIC,26490,2023-10,57.49,553.61,0,0
VIC,26490,2023-11,67.82,640.06,0,0
VIC,26490,2023-12,61.52,527.9,0,0
VIC,26490,2024-01,38.49,323.03,0,0
VIC,26490,2024-02,44.77,363.96,0,0
VIC,26490,2024-03,52.55,463.6,0,0
VIC,26490,2024-04,31.67,285,0,0
VIC,26490,2024-05,50.25,455.43,0,0
VIC,26490,2024-06,32.81,326.64,0,0
VIC,26490,2024-07,44.94,497.08,0,0
VIC,26490,2024-08,47.55,403.93,0,0
VIC,26490,2024-09,37.51,402.3,0,0
VIC,26490,2024-10,38.22,370.66,0,0
VIC,26490,2024-11,51.19,534.33,0,0
VIC,26490,2024-12,36.46,344.24,0,0
VIC,26490,2025-01,32.8,305.73,0,0
VIC,26490,2025-02,40.7,353.67,0,0
VIC,26490,2025-03,47.35,428.07,0,0
VIC,26490,2025-04,41.92,357.04,0,0
VIC,26490,2025-05,39.3,358.16,0,0
VIC,26490,2025-06,38.71,371.59,0,0
VIC,26490,2025-07,39.02,378.51,68.66,1190.01
VIC,26490,2025-08,32.78,359.17,36.09,671.53
VIC,26490,2025-09,41.19,371.75,63.69,1409.82
VIC,26490,2025-10,47.7,434.57,69.36,1610.77
VIC,26490,2025-11,48.79,471.85,63.44,1489.98
VIC,26490,2025-12,55.17,639.98,76.53,2292.7
VIC,26490,2026-01,27.6,238.93,40.07,970.29
VIC,26490,2026-02,66.34,616.14,70.69,1928.62
VIC,26490,2026-03,59.06,545.91,75.14,2339.48
VIC,26490,2026-04,84.16,881.6,121.72,4051.28
VIC,26490,2026-05,47.55,403.17,44.06,862.43
VIC,26490,2026-06,53.57,465.39,56.46,1187.34
VIC,26490,2026-07,43.49,327.81,39.36,813.63
VIC,26490,2026-08,7.87,63.12,4.34,95.97
VIC,26610,2023-01,8,64.86,0,0
VIC,26610,2023-02,16,138.98,0,0
VIC,26610,2023-03,14,116.44,0,0
VIC,26610,2023-04,11,149.35,0,0
VIC,26610,2023-05,22.99,354.74,0,0
VIC,26610,2023-06,27.98,331.55,0,0
VIC,26610,2023-07,27.99,381.5,0,0
VIC,26610,2023-08,27.99,277.96,0,0
VIC,26610,2023-09,10,80.2,0,0
VIC,26610,2023-10,22.99,278.88,0,0
VIC,26610,2023-11,17.97,355.31,0,0
VIC,26610,2023-12,8,125.77,0,0
VIC,26610,2024-01,8,49.55,0,0
VIC,26610,2024-02,10,84.47,0,0
VIC,26610,2024-03,17,320.61,0,0
VIC,26610,2024-04,27.99,424.21,0,0
VIC,26610,2024-05,19,201.83,0,0
VIC,26610,2024-06,19.99,229.57,0,0
VIC,26610,2024-07,12,252.72,0,0
VIC,26610,2024-08,17.99,170.17,0,0
VIC,26610,2024-09,13.99,237.6,0,0
VIC,26610,2024-10,12,106.46,0,0
VIC,26610,2024-11,17,73.58,0,0
VIC,26610,2024-12,14,142.81,0,0
VIC,26610,2025-01,8,59.37,0,0
VIC,26610,2025-02,22.97,298.45,0,0
VIC,26610,2025-03,20,214.65,0,0
VIC,26610,2025-04,5,56.73,0,0
VIC,26610,2025-05,6,44.85,0,0
VIC,26610,2025-06,10,123.61,0,0
VIC,26610,2025-07,7,88.14,4,35.68
VIC,26610,2025-08,13,170.09,13.99,278.47
VIC,26610,2025-09,9,93.3,3,109.16
VIC,26610,2025-10,20.99,321.19,18.99,531.21
VIC,26610,2025-11,15,161.78,13,360.61
VIC,26610,2025-12,27.99,609.45,37.99,1461.72
VIC,26610,2026-01,7,59.3,11,271.77
VIC,26610,2026-02,10,105.41,11,369.51
VIC,26610,2026-03,15.99,209.5,22.99,744.9
VIC,26610,2026-04,33.95,478.06,50.9,1926.87
VIC,26610,2026-05,7,70.57,2,65.89
VIC,26610,2026-06,9,121.22,9,337.96
VIC,26610,2026-07,6,76.56,6,212.71
VIC,26610,2026-08,8,65.54,3,99.78
VIC,26670,2023-01,8.27,54.77,0,0
VIC,26670,2023-02,11.36,99.37,0,0
VIC,26670,2023-03,10.31,88.24,0,0
VIC,26670,2023-04,6.8,61.27,0,0
VIC,26670,2023-05,15.95,141.75,0,0
VIC,26670,2023-06,11.78,114.15,0,0
VIC,26670,2023-07,10.48,88.72,0,0
VIC,26670,2023-08,15.41,119.79,0,0
VIC,26670,2023-09,13.14,111.77,0,0
VIC,26670,2023-10,11.9,104.37,0,0
VIC,26670,2023-11,20.08,155.84,0,0
VIC,26670,2023-12,26.16,223.11,0,0
VIC,26670,2024-01,9.34,71.09,0,0
VIC,26670,2024-02,13.98,106,0,0
VIC,26670,2024-03,22.11,185.74,0,0
VIC,26670,2024-04,20.16,159.58,0,0
VIC,26670,2024-05,11.48,109.78,0,0
VIC,26670,2024-06,13.52,117.33,0,0
VIC,26670,2024-07,9.21,118.27,0,0
VIC,26670,2024-08,5.45,58.74,0,0
VIC,26670,2024-09,6.18,67.86,0,0
VIC,26670,2024-10,6.33,57,0,0
VIC,26670,2024-11,11.48,111.53,0,0
VIC,26670,2024-12,4.12,42.38,0,0
VIC,26670,2025-01,7.51,80.94,0,0
VIC,26670,2025-02,7.15,72.25,0,0
VIC,26670,2025-03,8.9,92.43,0,0
VIC,26670,2025-04,9.53,107.81,0,0
VIC,26670,2025-05,3.27,33.82,0,0
VIC,26670,2025-06,6.36,88.92,0,0
VIC,26670,2025-07,11.02,106.69,13.72,330.27
VIC,26670,2025-08,5.8,50.39,5.27,84.72
VIC,26670,2025-09,10.16,109.1,12.28,280.59
VIC,26670,2025-10,13.47,148,16.15,295.11
VIC,26670,2025-11,11.81,108.54,15.32,293.49
VIC,26670,2025-12,13.13,114.4,17.98,416.17
VIC,26670,2026-01,3.63,35.61,9.39,245.66
VIC,26670,2026-02,8.87,98.57,13.87,354.39
VIC,26670,2026-03,10.45,106.25,11.33,365.64
VIC,26670,2026-04,17.9,279.66,29.24,936.91
VIC,26670,2026-05,6.86,49.72,2.82,55.42
VIC,26670,2026-06,10.91,104.51,10.12,181.89
VIC,26670,2026-07,14.21,127.13,10.56,267.94
VIC,26670,2026-08,3.21,26.37,1.44,47
VIC,26700,2023-01,25.97,223.45,0,0
VIC,26700,2023-02,35.55,286.39,0,0
VIC,26700,2023-03,43.11,323.53,0,0
VIC,26700,2023-04,41.71,317.13,0,0
VIC,26700,2023-05,53.38,480.53,0,0
VIC,26700,2023-06,40.45,339.65,0,0
VIC,26700,2023-07,47.24,360.69,0,0
VIC,26700,2023-08,61.05,678.24,0,0
VIC,26700,2023-09,41.22,488.24,0,0
VIC,26700,2023-10,46.57,517.65,0,0
VIC,26700,2023-11,50.56,543.49,0,0
VIC,26700,2023-12,42.02,508.5,0,0
VIC,26700,2024-01,24.14,216.1,0,0
VIC,26700,2024-02,43.28,422.77,0,0
VIC,26700,2024-03,51.29,451.11,0,0
VIC,26700,2024-04,44.32,372.42,0,0
VIC,26700,2024-05,47.27,511.1,0,0
VIC,26700,2024-06,32.3,358.38,0,0
VIC,26700,2024-07,39.97,472.38,0,0
VIC,26700,2024-08,32.94,312.11,0,0
VIC,26700,2024-09,35.49,283.7,0,0
VIC,26700,2024-10,40.3,412.56,0,0
VIC,26700,2024-11,27.03,259.17,0,0
VIC,26700,2024-12,58.98,561.94,0,0
VIC,26700,2025-01,26.96,238.56,0,0
VIC,26700,2025-02,30.15,342.84,0,0
VIC,26700,2025-03,28.72,321.19,0,0
VIC,26700,2025-04,27.14,288.57,0,0
VIC,26700,2025-05,32.59,342.25,0,0
VIC,26700,2025-06,16.92,359.62,0,0
VIC,26700,2025-07,31.16,305.28,64.64,981.92
VIC,26700,2025-08,32.23,322.79,39.31,661.9
VIC,26700,2025-09,35.34,332.96,49.61,879.08
VIC,26700,2025-10,46.94,481.42,54.09,1089.23
VIC,26700,2025-11,48.92,483.05,49.97,1158.82
VIC,26700,2025-12,57.65,833.86,82.59,2326.43
VIC,26700,2026-01,30.15,337.26,30.81,759.49
VIC,26700,2026-02,52.12,411.62,56.34,1359.31
VIC,26700,2026-03,60.18,680.68,95.84,2638.35
VIC,26700,2026-04,60.68,683.67,92.1,2662.24
VIC,26700,2026-05,38.67,351.66,29.32,671.41
VIC,26700,2026-06,28.78,257.74,35.28,702.71
VIC,26700,2026-07,28.94,260.54,32.83,625.88
VIC,26700,2026-08,6.06,66.31,5.05,88.2
VIC,26730,2023-01,19.36,179.33,0,0
VIC,26730,2023-02,18.96,286.5,0,0
VIC,26730,2023-03,24.2,173.45,0,0
VIC,26730,2023-04,20.61,139.88,0,0
VIC,26730,2023-05,27.28,296.49,0,0
VIC,26730,2023-06,27.2,218.28,0,0
VIC,26730,2023-07,27.62,335.41,0,0
VIC,26730,2023-08,24.49,244.32,0,0
VIC,26730,2023-09,33.16,245.2,0,0
VIC,26730,2023-10,30.48,412.48,0,0
VIC,26730,2023-11,21.82,181.27,0,0
VIC,26730,2023-12,35.17,430.47,0,0
VIC,26730,2024-01,20.05,133.75,0,0
VIC,26730,2024-02,25.85,268.43,0,0
VIC,26730,2024-03,22.03,241.18,0,0
VIC,26730,2024-04,17.26,218.74,0,0
VIC,26730,2024-05,39.12,245.54,0,0
VIC,26730,2024-06,29.98,256.49,0,0
VIC,26730,2024-07,30.45,234.82,0,0
VIC,26730,2024-08,16.65,137.02,0,0
VIC,26730,2024-09,27.96,223.24,0,0
VIC,26730,2024-10,18.75,161.93,0,0
VIC,26730,2024-11,27.34,239.26,0,0
VIC,26730,2024-12,38.81,327.4,0,0
VIC,26730,2025-01,16.72,146.68,0,0
VIC,26730,2025-02,13.66,219.69,0,0
VIC,26730,2025-03,22.92,200.78,0,0
VIC,26730,2025-04,17.85,139.85,0,0
VIC,26730,2025-05,14.9,94.84,0,0
VIC,26730,2025-06,14.07,140.33,0,0
VIC,26730,2025-07,17.69,179.82,20.01,341.23
VIC,26730,2025-08,17.9,173.25,23.15,356.72
VIC,26730,2025-09,12.35,90,15.94,289.75
VIC,26730,2025-10,22.57,279.37,26.45,581.16
VIC,26730,2025-11,36.9,378.6,38.6,765.27
VIC,26730,2025-12,30.76,277.66,46.48,1181.32
VIC,26730,2026-01,11.48,67.32,12.19,356.21
VIC,26730,2026-02,29.67,220.29,30.72,822.98
VIC,26730,2026-03,26.82,223.64,28.87,773.43
VIC,26730,2026-04,58.39,552.01,55.58,1641.38
VIC,26730,2026-05,13.9,80.91,11.35,255.57
VIC,26730,2026-06,20.61,136.19,18.94,453.91
VIC,26730,2026-07,19.2,134.33,14.25,344.67
VIC,26730,2026-08,6.46,34.71,1,23.96
VIC,26810,2023-01,23.79,251.63,0,0
VIC,26810,2023-02,58.48,483.8,0,0
VIC,26810,2023-03,57.77,623.12,0,0
VIC,26810,2023-04,60.83,501.4,0,0
VIC,26810,2023-05,55.85,429.62,0,0
VIC,26810,2023-06,65.2,805.99,0,0
VIC,26810,2023-07,42.6,416.89,0,0
VIC,26810,2023-08,63.64,744.39,0,0
VIC,26810,2023-09,57.21,659,0,0
VIC,26810,2023-10,54.5,466.7,0,0
VIC,26810,2023-11,40.99,435.42,0,0
VIC,26810,2023-12,61.26,628.34,0,0
VIC,26810,2024-01,34.33,271.18,0,0
VIC,26810,2024-02,47.67,381.61,0,0
VIC,26810,2024-03,39.6,352.84,0,0
VIC,26810,2024-04,25.24,286.52,0,0
VIC,26810,2024-05,55.99,478.46,0,0
VIC,26810,2024-06,41.91,428.84,0,0
VIC,26810,2024-07,53.44,559.88,0,0
VIC,26810,2024-08,49.21,440.03,0,0
VIC,26810,2024-09,38.93,379.62,0,0
VIC,26810,2024-10,56.52,583.96,0,0
VIC,26810,2024-11,57,525.49,0,0
VIC,26810,2024-12,52.43,463.88,0,0
VIC,26810,2025-01,31.46,269.48,0,0
VIC,26810,2025-02,42.67,397.23,0,0
VIC,26810,2025-03,44.27,410.9,0,0
VIC,26810,2025-04,39.4,459.2,0,0
VIC,26810,2025-05,36.03,418.82,0,0
VIC,26810,2025-06,30.23,310.27,0,0
VIC,26810,2025-07,47.68,461.87,64.26,935.57
VIC,26810,2025-08,27.16,258.71,35.16,622.59
VIC,26810,2025-09,28.79,462.59,53.84,1168.5
VIC,26810,2025-10,37.79,529.58,64.1,1543.29
VIC,26810,2025-11,36.02,441.65,65.93,1565.63
VIC,26810,2025-12,47.44,646.23,95.8,2701.85
VIC,26810,2026-01,21.71,178.71,31.03,764
VIC,26810,2026-02,49.61,518.1,67.34,1897.11
VIC,26810,2026-03,57.21,691.55,76.9,2255.9
VIC,26810,2026-04,77.22,987.01,133.06,4057.71
VIC,26810,2026-05,31.42,306.71,30.34,640.81
VIC,26810,2026-06,39.6,378.9,44.2,1050.86
VIC,26810,2026-07,34.94,247.28,23.35,471.76
VIC,26810,2026-08,15.35,140.25,12.09,223.12
VIC,26890,2023-01,5.55,39.13,0,0
VIC,26890,2023-02,1.63,11.43,0,0
VIC,26890,2023-03,0.37,2.86,0,0
VIC,26890,2023-04,5.98,81.91,0,0
VIC,26890,2023-05,6.54,48.87,0,0
VIC,26890,2023-06,2.45,28.44,0,0
VIC,26890,2023-07,17.79,119.04,0,0
VIC,26890,2023-08,10.61,74.56,0,0
VIC,26890,2023-09,2.85,25.68,0,0
VIC,26890,2023-10,5.41,43.45,0,0
VIC,26890,2023-11,6.81,72.37,0,0
VIC,26890,2023-12,15.55,128.16,0,0
VIC,26890,2024-01,3.27,26.06,0,0
VIC,26890,2024-02,2.16,107.8,0,0
VIC,26890,2024-03,1.31,17.05,0,0
VIC,26890,2024-04,0,0,0,0
VIC,26890,2024-05,3.31,102.11,0,0
VIC,26890,2024-06,0.31,2.99,0,0
VIC,26890,2024-07,0.33,4.57,0,0
VIC,26890,2024-08,2.21,21.12,0,0
VIC,26890,2024-09,2.23,47.02,0,0
VIC,26890,2024-10,1.22,9.18,0,0
VIC,26890,2024-11,1.48,9.24,0,0
VIC,26890,2024-12,3.15,42.68,0,0
VIC,26890,2025-01,0.33,4,0,0
VIC,26890,2025-02,1.35,9.55,0,0
VIC,26890,2025-03,6.64,73.53,0,0
VIC,26890,2025-04,3.24,43.31,0,0
VIC,26890,2025-05,1.21,15.77,0,0
VIC,26890,2025-06,2.04,26.75,0,0
VIC,26890,2025-07,2.18,21.04,4.33,74.43
VIC,26890,2025-08,3.22,29.13,1.31,22.57
VIC,26890,2025-09,0.27,5.35,0.47,12.36
VIC,26890,2025-10,1.11,10.62,3.18,39.2
VIC,26890,2025-11,2.66,26.43,1.6,34.47
VIC,26890,2025-12,1.19,9.64,1.42,46.88
VIC,26890,2026-01,0.07,0.74,0,0
VIC,26890,2026-02,2.2,32.65,4.31,58.83
VIC,26890,2026-03,0.15,1.08,0.42,7.69
VIC,26890,2026-04,1.35,10.39,4.56,137.76
VIC,26890,2026-05,1.01,9.66,2.07,38.11
VIC,26890,2026-06,1.04,19.33,1.04,23.95
VIC,26890,2026-07,2.15,18.96,2.18,51.88
VIC,26890,2026-08,0.01,0.05,0.01,0.09
VIC,26980,2023-01,93.06,692.06,0,0
VIC,26980,2023-02,114.14,846.66,0,0
VIC,26980,2023-03,137.93,1225.98,0,0
VIC,26980,2023-04,102.02,790.68,0,0
VIC,26980,2023-05,87.76,886.19,0,0
VIC,26980,2023-06,105.01,998.02,0,0
VIC,26980,2023-07,121.52,1135.4,0,0
VIC,26980,2023-08,108.46,852.52,0,0
VIC,26980,2023-09,123.69,1171.38,0,0
VIC,26980,2023-10,131.26,1181.82,0,0
VIC,26980,2023-11,149.93,1307.76,0,0
VIC,26980,2023-12,148.75,1391.73,0,0
VIC,26980,2024-01,94.24,870.18,0,0
VIC,26980,2024-02,116.89,1044.13,0,0
VIC,26980,2024-03,109.14,929.06,0,0
VIC,26980,2024-04,98.74,776.72,0,0
VIC,26980,2024-05,115.34,972.83,0,0
VIC,26980,2024-06,87.46,917.39,0,0
VIC,26980,2024-07,116.65,1068.65,0,0
VIC,26980,2024-08,119.24,1107.8,0,0
VIC,26980,2024-09,92.33,1054.86,0,0
VIC,26980,2024-10,96.3,778.36,0,0
VIC,26980,2024-11,113.19,1027.32,0,0
VIC,26980,2024-12,141.99,1446.52,0,0
VIC,26980,2025-01,99.85,858.51,0,0
VIC,26980,2025-02,89.24,782.73,0,0
VIC,26980,2025-03,110.01,982.29,0,0
VIC,26980,2025-04,83.44,913.89,0,0
VIC,26980,2025-05,88.54,700.08,0,0
VIC,26980,2025-06,51.99,474.25,0,0
VIC,26980,2025-07,112.38,1066.29,172.14,2930.21
VIC,26980,2025-08,98.29,956.2,142.69,2910.3
VIC,26980,2025-09,111.91,1021.89,177.7,4200.52
VIC,26980,2025-10,122.8,1076.1,194.35,5014.79
VIC,26980,2025-11,110.31,1049.1,204.82,6101.11
VIC,26980,2025-12,155.69,1578.5,294.93,9719.44
VIC,26980,2026-01,96.83,841.58,168.49,5395.59
VIC,26980,2026-02,143.71,1289.82,260.19,8844.21
VIC,26980,2026-03,144,1292.32,336.07,12375.64
VIC,26980,2026-04,307.34,3019.83,638.5,25380.07
VIC,26980,2026-05,104.36,807.82,116.03,2653.68
VIC,26980,2026-06,121.98,1082.59,140.2,3668.84
VIC,26980,2026-07,99.89,839.91,121.33,2980.58
VIC,26980,2026-08,31.11,238.9,23.39,598.12
VIC,27070,2023-01,141.81,1139.86,0,0
VIC,27070,2023-02,182.96,1503.86,0,0
VIC,27070,2023-03,142.45,1174.07,0,0
VIC,27070,2023-04,137.43,1389.8,0,0
VIC,27070,2023-05,172.76,1542.11,0,0
VIC,27070,2023-06,181.47,1662.36,0,0
VIC,27070,2023-07,247.41,2181.2,0,0
VIC,27070,2023-08,222.49,1807.36,0,0
VIC,27070,2023-09,200.93,1821.69,0,0
VIC,27070,2023-10,221.96,2147.58,0,0
VIC,27070,2023-11,245.7,2058.39,0,0
VIC,27070,2023-12,238.85,2213.08,0,0
VIC,27070,2024-01,160.82,1279.11,0,0
VIC,27070,2024-02,167.37,1482.13,0,0
VIC,27070,2024-03,189.34,1821.34,0,0
VIC,27070,2024-04,162.56,1534.64,0,0
VIC,27070,2024-05,262.38,2297.11,0,0
VIC,27070,2024-06,189.87,1710.04,0,0
VIC,27070,2024-07,197.16,1820.23,0,0
VIC,27070,2024-08,219.01,1976,0,0
VIC,27070,2024-09,212.55,2095.79,0,0
VIC,27070,2024-10,187.48,1652.42,0,0
VIC,27070,2024-11,201.42,1916.94,0,0
VIC,27070,2024-12,244.2,2657.83,0,0
VIC,27070,2025-01,159.55,1361.05,0,0
VIC,27070,2025-02,190.37,1701.68,0,0
VIC,27070,2025-03,193.41,1814.24,0,0
VIC,27070,2025-04,202.58,1749.18,0,0
VIC,27070,2025-05,191.59,1886.81,0,0
VIC,27070,2025-06,196.25,1462.37,0,0
VIC,27070,2025-07,173.72,1578.58,154.55,2553.75
VIC,27070,2025-08,166.41,1399.5,138.49,2768.08
VIC,27070,2025-09,189.9,1644.81,212.09,4913.63
VIC,27070,2025-10,258.02,2403.19,288.2,7139.05
VIC,27070,2025-11,246.42,2459.42,313.04,9330.54
VIC,27070,2025-12,277.65,2802.95,423.58,13977.27
VIC,27070,2026-01,159.99,1448.81,205.61,6671.84
VIC,27070,2026-02,226.89,2072.61,336.25,12050.51
VIC,27070,2026-03,223.34,2100.96,417.91,15871.79
VIC,27070,2026-04,287.29,2878.94,765.55,31446.73
VIC,27070,2026-05,197.55,1625.06,147.49,3279.16
VIC,27070,2026-06,213.57,1715.2,170.68,4417.16
VIC,27070,2026-07,178.93,1536.95,173.73,4714.75
VIC,27070,2026-08,63.3,463.13,41.75,1140.17
VIC,27170,2023-01,45.68,345.84,0,0
VIC,27170,2023-02,55.26,425.14,0,0
VIC,27170,2023-03,68.68,517.86,0,0
VIC,27170,2023-04,54.34,554.12,0,0
VIC,27170,2023-05,61.6,615.79,0,0
VIC,27170,2023-06,48.34,464.09,0,0
VIC,27170,2023-07,61.59,497.8,0,0
VIC,27170,2023-08,73.52,581.53,0,0
VIC,27170,2023-09,49.51,483.8,0,0
VIC,27170,2023-10,66.18,695.09,0,0
VIC,27170,2023-11,51.26,424.33,0,0
VIC,27170,2023-12,75.52,749.76,0,0
VIC,27170,2024-01,44.68,348.07,0,0
VIC,27170,2024-02,71.18,581.57,0,0
VIC,27170,2024-03,51.93,459.78,0,0
VIC,27170,2024-04,46.26,596.9,0,0
VIC,27170,2024-05,63.52,633.73,0,0
VIC,27170,2024-06,43.43,604.66,0,0
VIC,27170,2024-07,40.09,346.41,0,0
VIC,27170,2024-08,58.93,520.46,0,0
VIC,27170,2024-09,39.09,341.51,0,0
VIC,27170,2024-10,57.68,596.12,0,0
VIC,27170,2024-11,61.84,532.1,0,0
VIC,27170,2024-12,55.18,741.2,0,0
VIC,27170,2025-01,39.01,354.91,0,0
VIC,27170,2025-02,48.09,456.14,0,0
VIC,27170,2025-03,51.1,605.24,0,0
VIC,27170,2025-04,23.84,213.54,0,0
VIC,27170,2025-05,28.42,308.65,0,0
VIC,27170,2025-06,45.93,383.78,0,0
VIC,27170,2025-07,58.52,431.16,77.68,1284.32
VIC,27170,2025-08,38.01,349.66,47.42,806.96
VIC,27170,2025-09,67.11,676.59,74.76,1575.02
VIC,27170,2025-10,59.19,565.2,76.76,1625.95
VIC,27170,2025-11,48.68,497.42,61.35,1408.18
VIC,27170,2025-12,60.36,566.76,86.78,2284.43
VIC,27170,2026-01,36.84,285.41,41.68,964.93
VIC,27170,2026-02,41.43,329.81,62.43,1462.01
VIC,27170,2026-03,60.44,558.12,72.86,1920.75
VIC,27170,2026-04,72.61,756.69,123.28,3855.49
VIC,27170,2026-05,49.27,343.39,39.01,739.09
VIC,27170,2026-06,42.6,383.06,42.51,933.62
VIC,27170,2026-07,58.27,504.85,46.84,1048.06
VIC,27170,2026-08,18.09,160.12,7.34,162.98
VIC,27260,2023-01,236.03,1876.18,0,0
VIC,27260,2023-02,302.46,2290,0,0
VIC,27260,2023-03,267.71,2279.13,0,0
VIC,27260,2023-04,246.19,1945.72,0,0
VIC,27260,2023-05,346.55,2694.83,0,0
VIC,27260,2023-06,384.69,3209.4,0,0
VIC,27260,2023-07,343.01,2911.22,0,0
VIC,27260,2023-08,391.08,3413.77,0,0
VIC,27260,2023-09,453.23,3734.45,0,0
VIC,27260,2023-10,430.77,3424.57,0,0
VIC,27260,2023-11,459.36,4556.63,0,0
VIC,27260,2023-12,486.94,4844.4,0,0
VIC,27260,2024-01,338.95,2588.94,0,0
VIC,27260,2024-02,445.76,3432.51,0,0
VIC,27260,2024-03,376.29,3475.35,0,0
VIC,27260,2024-04,362.83,3224.9,0,0
VIC,27260,2024-05,430.26,3829.1,0,0
VIC,27260,2024-06,435.42,3589.62,0,0
VIC,27260,2024-07,427.47,3607.47,0,0
VIC,27260,2024-08,453.73,3813.95,0,0
VIC,27260,2024-09,508.11,4942.56,0,0
VIC,27260,2024-10,466.13,4395.05,0,0
VIC,27260,2024-11,425.43,3775.79,0,0
VIC,27260,2024-12,574.87,5373.58,0,0
VIC,27260,2025-01,434.18,3686.49,0,0
VIC,27260,2025-02,441.6,3651.44,0,0
VIC,27260,2025-03,420.24,3714.16,0,0
VIC,27260,2025-04,384.87,3030.27,0,0
VIC,27260,2025-05,424.79,3724.13,0,0
VIC,27260,2025-06,348.64,2570.26,0,0
VIC,27260,2025-07,514.45,3747.48,300.92,5132.58
VIC,27260,2025-08,478.61,3841.79,293.25,5838.62
VIC,27260,2025-09,471.02,3977.02,445.84,11262.44
VIC,27260,2025-10,457.5,3737.02,482.52,13724.64
VIC,27260,2025-11,499.85,4062.32,668.97,20424.72
VIC,27260,2025-12,560.11,5228.03,859.59,30418.74
VIC,27260,2026-01,351.45,2564.46,387.68,13600.13
VIC,27260,2026-02,487.49,3891.89,660.86,24947.45
VIC,27260,2026-03,608.02,4848.64,1156.9,46151.72
VIC,27260,2026-04,603.91,5742.09,1906.91,79420.79
VIC,27260,2026-05,452.57,3012.78,217.58,5441.48
VIC,27260,2026-06,430.85,3090.21,328.7,9056.39
VIC,27260,2026-07,442.06,3136.16,371.19,10924.54
VIC,27260,2026-08,162.31,1041.76,74.61,2186.54
VIC,27350,2023-01,20.37,138.87,0,0
VIC,27350,2023-02,27.32,242.78,0,0
VIC,27350,2023-03,28.86,180.62,0,0
VIC,27350,2023-04,21.76,154.27,0,0
VIC,27350,2023-05,27.81,265.11,0,0
VIC,27350,2023-06,27.12,260.87,0,0
VIC,27350,2023-07,32.28,384.87,0,0
VIC,27350,2023-08,33.85,246.4,0,0
VIC,27350,2023-09,25.92,215.73,0,0
VIC,27350,2023-10,27.34,204.54,0,0
VIC,27350,2023-11,41.77,502.08,0,0
VIC,27350,2023-12,43.64,369.41,0,0
VIC,27350,2024-01,23.63,186.14,0,0
VIC,27350,2024-02,35.55,269.52,0,0
VIC,27350,2024-03,24.89,187.84,0,0
VIC,27350,2024-04,21.38,166.27,0,0
VIC,27350,2024-05,34.21,246.91,0,0
VIC,27350,2024-06,33.03,345.39,0,0
VIC,27350,2024-07,22.78,297.14,0,0
VIC,27350,2024-08,28.89,206.87,0,0
VIC,27350,2024-09,28.65,291.95,0,0
VIC,27350,2024-10,25.5,224.36,0,0
VIC,27350,2024-11,27.52,212.65,0,0
VIC,27350,2024-12,26.46,300.53,0,0
VIC,27350,2025-01,12.82,122.5,0,0
VIC,27350,2025-02,24.34,145.72,0,0
VIC,27350,2025-03,29.02,420.12,0,0
VIC,27350,2025-04,19.42,168.77,0,0
VIC,27350,2025-05,13.76,99.58,0,0
VIC,27350,2025-06,26.69,175.93,0,0
VIC,27350,2025-07,25.51,292.35,35.74,438.74
VIC,27350,2025-08,14.2,146.17,27.24,466.11
VIC,27350,2025-09,20.21,302.79,22.68,494.13
VIC,27350,2025-10,41.88,372.86,41.9,901.96
VIC,27350,2025-11,28.41,360.02,29.58,693.6
VIC,27350,2025-12,32.58,623.44,36.73,1015.08
VIC,27350,2026-01,21.21,183.9,22.72,475.83
VIC,27350,2026-02,22.97,229.03,37.53,878.13
VIC,27350,2026-03,38.32,471.17,50.46,1349.33
VIC,27350,2026-04,36.84,398.7,69.52,2024.96
VIC,27350,2026-05,25.94,184.74,18.46,340.22
VIC,27350,2026-06,20.85,162.8,21.95,450.19
VIC,27350,2026-07,17.51,127.37,21.72,452.34
VIC,27350,2026-08,8.09,54.46,4.87,99.78
VIC,27450,2023-01,132.87,1139.7,0,0
VIC,27450,2023-02,167.79,1456.11,0,0
VIC,27450,2023-03,169.05,1422.96,0,0
VIC,27450,2023-04,122.78,1098.42,0,0
VIC,27450,2023-05,132.82,1233.76,0,0
VIC,27450,2023-06,121.27,1136.44,0,0
VIC,27450,2023-07,134.59,1155.98,0,0
VIC,27450,2023-08,163.8,1458.34,0,0
VIC,27450,2023-09,149.16,1272.37,0,0
VIC,27450,2023-10,152.42,1558.58,0,0
VIC,27450,2023-11,147.49,1395.53,0,0
VIC,27450,2023-12,145.16,1472.9,0,0
VIC,27450,2024-01,96.94,833.14,0,0
VIC,27450,2024-02,129.92,1114.14,0,0
VIC,27450,2024-03,101.95,912.68,0,0
VIC,27450,2024-04,211.41,1766.59,0,0
VIC,27450,2024-05,145.64,1397.9,0,0
VIC,27450,2024-06,114.95,929.16,0,0
VIC,27450,2024-07,129.9,1165.9,0,0
VIC,27450,2024-08,121.73,1209.98,0,0
VIC,27450,2024-09,101.77,1016.43,0,0
VIC,27450,2024-10,114.23,1083.38,0,0
VIC,27450,2024-11,122.68,1193.78,0,0
VIC,27450,2024-12,109.48,1189.25,0,0
VIC,27450,2025-01,116.54,1015.65,0,0
VIC,27450,2025-02,142.97,1248.99,0,0
VIC,27450,2025-03,116.26,1226.69,0,0
VIC,27450,2025-04,99.78,987.31,0,0
VIC,27450,2025-05,96.07,990.59,0,0
VIC,27450,2025-06,55.96,464.28,0,0
VIC,27450,2025-07,82.77,827.21,174.65,2989.65
VIC,27450,2025-08,77,912.8,142.84,2824.45
VIC,27450,2025-09,83.94,882.7,130.31,2732.39
VIC,27450,2025-10,124.97,1233.42,162.13,3917.23
VIC,27450,2025-11,108.61,1272.72,167.96,4328.77
VIC,27450,2025-12,130.86,1472.09,246.32,7343.27
VIC,27450,2026-01,87.79,865.71,156.01,4395.43
VIC,27450,2026-02,117.03,1169.52,203.1,6077.59
VIC,27450,2026-03,161.75,1707.01,264.04,8688.04
VIC,27450,2026-04,264.47,2994.81,495.18,17933.37
VIC,27450,2026-05,88.48,866.34,113.65,2448.8
VIC,27450,2026-06,108.61,1002.55,138.23,2859.13
VIC,27450,2026-07,79.7,826.99,114.2,2623.45
VIC,27450,2026-08,27.89,257.12,18.29,441.57
VIC,27630,2023-01,3.71,37.85,0,0
VIC,27630,2023-02,3.92,28.08,0,0
VIC,27630,2023-03,10.34,86.74,0,0
VIC,27630,2023-04,6.25,55.78,0,0
VIC,27630,2023-05,5.99,47.41,0,0
VIC,27630,2023-06,10.19,90.3,0,0
VIC,27630,2023-07,10.1,94.19,0,0
VIC,27630,2023-08,7.78,88.32,0,0
VIC,27630,2023-09,23.71,172.56,0,0
VIC,27630,2023-10,6.99,51.31,0,0
VIC,27630,2023-11,12.72,100.83,0,0
VIC,27630,2023-12,1.99,14.31,0,0
VIC,27630,2024-01,2.02,15.14,0,0
VIC,27630,2024-02,5.18,46.08,0,0
VIC,27630,2024-03,4.04,27.3,0,0
VIC,27630,2024-04,6.05,61.43,0,0
VIC,27630,2024-05,6.38,61.79,0,0
VIC,27630,2024-06,1.22,7.5,0,0
VIC,27630,2024-07,4.02,88.27,0,0
VIC,27630,2024-08,4.01,28.67,0,0
VIC,27630,2024-09,3.07,42.95,0,0
VIC,27630,2024-10,6.27,40.49,0,0
VIC,27630,2024-11,10,108.92,0,0
VIC,27630,2024-12,1.14,9.42,0,0
VIC,27630,2025-01,1.02,6.76,0,0
VIC,27630,2025-02,3.22,24.39,0,0
VIC,27630,2025-03,3.25,22.16,0,0
VIC,27630,2025-04,5.27,40.93,0,0
VIC,27630,2025-05,2.35,23.23,0,0
VIC,27630,2025-06,2.04,13.75,0,0
VIC,27630,2025-07,4.22,34.02,6.67,80.93
VIC,27630,2025-08,3.11,34.21,4.42,65.47
VIC,27630,2025-09,1.06,14.99,5.03,100.63
VIC,27630,2025-10,4.4,64.61,5.55,104.63
VIC,27630,2025-11,2.22,25.75,4.24,117.77
VIC,27630,2025-12,5.18,54.68,5.36,160.94
VIC,27630,2026-01,3.08,33.24,3.98,151.35
VIC,27630,2026-02,2.21,18.39,3.1,74.92
VIC,27630,2026-03,4.64,40.38,6.77,171.5
VIC,27630,2026-04,6.06,52.98,7.2,222.51
VIC,27630,2026-05,0.07,0.7,4.15,69.91
VIC,27630,2026-06,2,9.84,3.88,75.73
VIC,27630,2026-07,2.38,24.82,1.4,27.12
VIC,27630,2026-08,2.99,8.6,0,0
WA,50080,2023-01,20.01,124.97,0,0
WA,50080,2023-02,30.04,199.37,0,0
WA,50080,2023-03,19.04,251.72,0,0
WA,50080,2023-04,22.01,185.22,0,0
WA,50080,2023-05,41.04,387.95,0,0
WA,50080,2023-06,21.03,120.86,0,0
WA,50080,2023-07,34.02,334.04,0,0
WA,50080,2023-08,40.03,270.26,0,0
WA,50080,2023-09,47.02,382.92,0,0
WA,50080,2023-10,35.01,267.65,0,0
WA,50080,2023-11,30.04,248.37,0,0
WA,50080,2023-12,15.01,139.33,0,0
WA,50080,2024-01,10.02,68,0,0
WA,50080,2024-02,34.01,194.51,0,0
WA,50080,2024-03,17.03,107.13,0,0
WA,50080,2024-04,21.01,137.98,0,0
WA,50080,2024-05,23.03,169.65,0,0
WA,50080,2024-06,30.01,189.42,0,0
WA,50080,2024-07,23.01,190.42,0,0
WA,50080,2024-08,18.01,126.21,0,0
WA,50080,2024-09,20.01,163.29,0,0
WA,50080,2024-10,15.01,229.77,0,0
WA,50080,2024-11,33.01,220.37,0,0
WA,50080,2024-12,19.01,197.85,0,0
WA,50080,2025-01,22,148.21,0,0
WA,50080,2025-02,34,358.32,0,0
WA,50080,2025-03,33.01,300.89,0,0
WA,50080,2025-04,14.02,199.51,0,0
WA,50080,2025-05,17.02,105.35,0,0
WA,50080,2025-06,10.01,76.06,0,0
WA,50080,2025-07,14,79.59,12,112.87
WA,50080,2025-08,14.01,101.81,24.01,299.2
WA,50080,2025-09,19.02,178.18,20.01,307.95
WA,50080,2025-10,23.01,243.47,34.01,415.31
WA,50080,2025-11,20.01,242.05,27.02,442.98
WA,50080,2025-12,25.05,329.98,40.05,709.18
WA,50080,2026-01,17,146.47,14,242.92
WA,50080,2026-02,16.01,155.49,22.01,397.95
WA,50080,2026-03,20.02,231.32,37.03,650.77
WA,50080,2026-04,40,466.17,44,922.45
WA,50080,2026-05,24.02,224.55,21.01,318.18
WA,50080,2026-06,25.01,230.95,17.01,329.24
WA,50080,2026-07,28.02,260.6,28.01,450.58
WA,50080,2026-08,8.01,91.57,11.01,216.51
WA,50210,2023-01,111.97,705.71,0,0
WA,50210,2023-02,160.96,1261.21,0,0
WA,50210,2023-03,127.96,854.19,0,0
WA,50210,2023-04,114.96,939.59,0,0
WA,50210,2023-05,113.97,845.67,0,0
WA,50210,2023-06,125.97,881.84,0,0
WA,50210,2023-07,122.97,870.43,0,0
WA,50210,2023-08,117.98,837.9,0,0
WA,50210,2023-09,123.96,855.27,0,0
WA,50210,2023-10,212.97,1464.83,0,0
WA,50210,2023-11,159.97,1095.86,0,0
WA,50210,2023-12,170.96,1297.67,0,0
WA,50210,2024-01,121.98,862.98,0,0
WA,50210,2024-02,170.97,1141.35,0,0
WA,50210,2024-03,140.97,942.03,0,0
WA,50210,2024-04,97.98,786.03,0,0
WA,50210,2024-05,144.96,1031.44,0,0
WA,50210,2024-06,160.96,1086.56,0,0
WA,50210,2024-07,122.97,863,0,0
WA,50210,2024-08,117.97,859.65,0,0
WA,50210,2024-09,142.97,1119.1,0,0
WA,50210,2024-10,138.97,1035.1,0,0
WA,50210,2024-11,133.96,1074.86,0,0
WA,50210,2024-12,194.95,1534.1,0,0
WA,50210,2025-01,124.97,931.46,0,0
WA,50210,2025-02,124.96,938.89,0,0
WA,50210,2025-03,145.97,1220.81,0,0
WA,50210,2025-04,146.96,1059.14,0,0
WA,50210,2025-05,129.96,970.64,0,0
WA,50210,2025-06,77.97,555.87,0,0
WA,50210,2025-07,96.98,912.77,104.97,1714.96
WA,50210,2025-08,74.98,646.71,146.96,2554
WA,50210,2025-09,91.98,894.9,161.96,2941.21
WA,50210,2025-10,129.97,1155.51,212.96,3943.48
WA,50210,2025-11,147.96,1385.79,242.93,5147.63
WA,50210,2025-12,118.98,1225.04,207.97,5408.52
WA,50210,2026-01,116.98,985.05,195.96,4744.48
WA,50210,2026-02,144.97,1339.74,247.96,6176.2
WA,50210,2026-03,205.95,1929.42,287.94,8632.41
WA,50210,2026-04,231.95,2184.28,351.93,11197.3
WA,50210,2026-05,209.96,1619.67,252.96,4655.71
WA,50210,2026-06,190.96,1510.2,195.96,4070.85
WA,50210,2026-07,177.96,1418.58,208.96,4245.16
WA,50210,2026-08,139.96,1186.13,119.97,2606.57
WA,50250,2023-01,0,0,0,0
WA,50250,2023-02,0,0,0,0
WA,50250,2023-03,0,0,0,0
WA,50250,2023-04,0,0,0,0
WA,50250,2023-05,1,66.4,0,0
WA,50250,2023-06,0,0,0,0
WA,50250,2023-07,2,7.65,0,0
WA,50250,2023-08,3,69.16,0,0
WA,50250,2023-09,0,0,0,0
WA,50250,2023-10,1,24.65,0,0
WA,50250,2023-11,2,136.65,0,0
WA,50250,2023-12,0,0,0,0
WA,50250,2024-01,0,0,0,0
WA,50250,2024-02,0,0,0,0
WA,50250,2024-03,1,99.6,0,0
WA,50250,2024-04,0,0,0,0
WA,50250,2024-05,0,0,0,0
WA,50250,2024-06,0,0,0,0
WA,50250,2024-07,0,0,0,0
WA,50250,2024-08,0,0,0,0
WA,50250,2024-09,0,0,0,0
WA,50250,2024-10,1,9.68,0,0
WA,50250,2024-11,0,0,0,0
WA,50250,2024-12,0,0,0,0
WA,50250,2025-01,0,0,0,0
WA,50250,2025-02,0,0,0,0
WA,50250,2025-03,1,27.56,0,0
WA,50250,2025-04,2,23.94,0,0
WA,50250,2025-05,0,0,0,0
WA,50250,2025-06,0,0,0,0
WA,50250,2025-07,1,94.05,1,91.2
WA,50250,2025-08,1,99.12,1,94.48
WA,50250,2025-09,1,39.6,0,0
WA,50250,2025-10,1,26.4,0,0
WA,50250,2025-11,1,19,0,0
WA,50250,2025-12,0,0,0,0
WA,50250,2026-01,0,0,0,0
WA,50250,2026-02,0,0,0,0
WA,50250,2026-03,2,36.1,2,90
WA,50250,2026-04,1,43.26,2,122.8
WA,50250,2026-05,0,0,0,0
WA,50250,2026-06,1,9.03,0,0
WA,50250,2026-07,0,0,0,0
WA,50250,2026-08,0,0,0,0
WA,50280,2023-01,24,149.16,0,0
WA,50280,2023-02,32,263.93,0,0
WA,50280,2023-03,31,223.46,0,0
WA,50280,2023-04,25,177.61,0,0
WA,50280,2023-05,27,234.08,0,0
WA,50280,2023-06,22,292.23,0,0
WA,50280,2023-07,20,182.99,0,0
WA,50280,2023-08,18,159.14,0,0
WA,50280,2023-09,18,144,0,0
WA,50280,2023-10,33,392.83,0,0
WA,50280,2023-11,18,205.64,0,0
WA,50280,2023-12,40,464.48,0,0
WA,50280,2024-01,14,99.84,0,0
WA,50280,2024-02,26,203.03,0,0
WA,50280,2024-03,21,165.92,0,0
WA,50280,2024-04,24,176.74,0,0
WA,50280,2024-05,20,172.74,0,0
WA,50280,2024-06,15,138,0,0
WA,50280,2024-07,18,146.88,0,0
WA,50280,2024-08,21,188.82,0,0
WA,50280,2024-09,32,233.34,0,0
WA,50280,2024-10,17,128.09,0,0
WA,50280,2024-11,32,284.83,0,0
WA,50280,2024-12,31,279.12,0,0
WA,50280,2025-01,20,144.5,0,0
WA,50280,2025-02,19,247.15,0,0
WA,50280,2025-03,30,355.16,0,0
WA,50280,2025-04,13,123.93,0,0
WA,50280,2025-05,21,142.17,0,0
WA,50280,2025-06,18,144.79,0,0
WA,50280,2025-07,19,199.05,18,251.92
WA,50280,2025-08,18,147.42,14,184.02
WA,50280,2025-09,21,254.44,18,257.69
WA,50280,2025-10,21,229.56,31,442.06
WA,50280,2025-11,24,250.43,21,332.54
WA,50280,2025-12,35,535.43,38,868
WA,50280,2026-01,20,168.98,30,440.83
WA,50280,2026-02,29,327.27,32,757.34
WA,50280,2026-03,18,228.52,24,564.13
WA,50280,2026-04,61,802.34,75,2100.03
WA,50280,2026-05,28,212.8,17,263.04
WA,50280,2026-06,33,418.06,29,616.54
WA,50280,2026-07,42,503.03,44,855.77
WA,50280,2026-08,19,270,15,309.35
WA,50350,2023-01,7.65,61.29,0,0
WA,50350,2023-02,14.54,162.54,0,0
WA,50350,2023-03,21.43,142.16,0,0
WA,50350,2023-04,9.95,62.73,0,0
WA,50350,2023-05,22.96,285.36,0,0
WA,50350,2023-06,11.48,65.21,0,0
WA,50350,2023-07,14.54,96.46,0,0
WA,50350,2023-08,12.24,143.64,0,0
WA,50350,2023-09,13.77,162.96,0,0
WA,50350,2023-10,19.9,130.46,0,0
WA,50350,2023-11,27.55,181.45,0,0
WA,50350,2023-12,22.19,178.89,0,0
WA,50350,2024-01,12.24,75.57,0,0
WA,50350,2024-02,21.43,184.66,0,0
WA,50350,2024-03,19.13,180.99,0,0
WA,50350,2024-04,15.3,125.56,0,0
WA,50350,2024-05,19.13,131.17,0,0
WA,50350,2024-06,16.07,114.97,0,0
WA,50350,2024-07,18.37,135.45,0,0
WA,50350,2024-08,18.37,129.78,0,0
WA,50350,2024-09,11.48,111.61,0,0
WA,50350,2024-10,14.54,110.48,0,0
WA,50350,2024-11,13.77,98.25,0,0
WA,50350,2024-12,13.01,101.72,0,0
WA,50350,2025-01,14.54,107.11,0,0
WA,50350,2025-02,11.48,75.89,0,0
WA,50350,2025-03,16.83,171.82,0,0
WA,50350,2025-04,9.18,71.72,0,0
WA,50350,2025-05,13.77,104.4,0,0
WA,50350,2025-06,13.77,100.42,0,0
WA,50350,2025-07,15.3,119.25,11.48,200.03
WA,50350,2025-08,10.71,79.38,15.3,235.35
WA,50350,2025-09,13.01,147.83,22.19,345.04
WA,50350,2025-10,20.66,179.39,26.02,389.13
WA,50350,2025-11,10.71,95.07,16.83,292.07
WA,50350,2025-12,17.6,138.25,28.31,463.88
WA,50350,2026-01,12.24,112.18,21.43,445.41
WA,50350,2026-02,13.01,117.14,16.83,408.52
WA,50350,2026-03,15.3,136.89,22.19,581.38
WA,50350,2026-04,14.54,166.96,27.55,892.76
WA,50350,2026-05,21.43,227.19,26.78,458.36
WA,50350,2026-06,24.49,280.35,27.55,458.32
WA,50350,2026-07,29.84,223.94,32.14,608.35
WA,50350,2026-08,20.66,164.34,13.01,286.56
WA,50420,2023-01,56.23,473.64,0,0
WA,50420,2023-02,62.69,486.93,0,0
WA,50420,2023-03,62.36,480.74,0,0
WA,50420,2023-04,48.63,340.18,0,0
WA,50420,2023-05,65.55,476.81,0,0
WA,50420,2023-06,41.61,326.37,0,0
WA,50420,2023-07,50.49,350.16,0,0
WA,50420,2023-08,55.26,398.71,0,0
WA,50420,2023-09,70.84,492.14,0,0
WA,50420,2023-10,87.18,711.25,0,0
WA,50420,2023-11,74.95,560.87,0,0
WA,50420,2023-12,60.31,409.7,0,0
WA,50420,2024-01,49.45,340.88,0,0
WA,50420,2024-02,50.7,452.07,0,0
WA,50420,2024-03,62.71,476.53,0,0
WA,50420,2024-04,59.01,400.22,0,0
WA,50420,2024-05,61.06,600.77,0,0
WA,50420,2024-06,48.51,395.99,0,0
WA,50420,2024-07,62.87,441.3,0,0
WA,50420,2024-08,67.8,530.97,0,0
WA,50420,2024-09,46.3,380.46,0,0
WA,50420,2024-10,47.37,477.5,0,0
WA,50420,2024-11,59.84,449.67,0,0
WA,50420,2024-12,64.58,670.62,0,0
WA,50420,2025-01,58.46,421.57,0,0
WA,50420,2025-02,63.23,478.62,0,0
WA,50420,2025-03,62.39,524.1,0,0
WA,50420,2025-04,53.04,517.48,0,0
WA,50420,2025-05,63.68,460.19,0,0
WA,50420,2025-06,36.96,265.11,0,0
WA,50420,2025-07,32.44,260.85,44.72,636.28
WA,50420,2025-08,33.36,250.1,72.22,1091.95
WA,50420,2025-09,41.74,366.32,91.36,1444.11
WA,50420,2025-10,63.71,643.44,113.73,2123.92
WA,50420,2025-11,63.38,524.96,101.76,1933.05
WA,50420,2025-12,59.46,666.7,105.13,2348.35
WA,50420,2026-01,46.53,395.92,69.73,1487.12
WA,50420,2026-02,71,691.76,106.94,2600.88
WA,50420,2026-03,66.65,593.58,128.69,3458.48
WA,50420,2026-04,75.56,718.7,148.99,4084.3
WA,50420,2026-05,84.1,746.25,86.56,1611.15
WA,50420,2026-06,80.83,700.03,83.36,1558.77
WA,50420,2026-07,92.24,827.41,99.91,1956.8
WA,50420,2026-08,41.22,443.32,41.69,826.34
WA,50490,2023-01,28,173.66,0,0
WA,50490,2023-02,40,361.64,0,0
WA,50490,2023-03,25,161.07,0,0
WA,50490,2023-04,24,245.74,0,0
WA,50490,2023-05,31,287.82,0,0
WA,50490,2023-06,40,753.86,0,0
WA,50490,2023-07,22,246.64,0,0
WA,50490,2023-08,34,291.91,0,0
WA,50490,2023-09,24,153.88,0,0
WA,50490,2023-10,38,481.13,0,0
WA,50490,2023-11,53,436.67,0,0
WA,50490,2023-12,41,424.14,0,0
WA,50490,2024-01,28,209.58,0,0
WA,50490,2024-02,39,416.02,0,0
WA,50490,2024-03,43,328.67,0,0
WA,50490,2024-04,37,294.94,0,0
WA,50490,2024-05,35,251.86,0,0
WA,50490,2024-06,32,241.55,0,0
WA,50490,2024-07,42,334.48,0,0
WA,50490,2024-08,29,431.55,0,0
WA,50490,2024-09,32,661.62,0,0
WA,50490,2024-10,35,264.04,0,0
WA,50490,2024-11,23,201.11,0,0
WA,50490,2024-12,28,424.65,0,0
WA,50490,2025-01,41,294.63,0,0
WA,50490,2025-02,34,246.01,0,0
WA,50490,2025-03,38,276.15,0,0
WA,50490,2025-04,14,137.75,0,0
WA,50490,2025-05,24,201.14,0,0
WA,50490,2025-06,27,251.31,0,0
WA,50490,2025-07,15,124.61,17,315.68
WA,50490,2025-08,18,234.46,35,510.85
WA,50490,2025-09,27,210.18,50,791.96
WA,50490,2025-10,36,299.29,70,1198.17
WA,50490,2025-11,33,396.56,47,897.09
WA,50490,2025-12,43,723.68,50,1242.37
WA,50490,2026-01,27,225.22,52,1353.34
WA,50490,2026-02,41,357.4,53,1326.22
WA,50490,2026-03,45,496.06,65,1807.12
WA,50490,2026-04,55,487.39,87,2520.07
WA,50490,2026-05,48,485.26,59,1221.33
WA,50490,2026-06,46,435.76,49,1046.18
WA,50490,2026-07,47,407.33,51,974.64
WA,50490,2026-08,33,333.91,34,699
WA,50560,2023-01,2.05,13.5,0,0
WA,50560,2023-02,4.03,19.27,0,0
WA,50560,2023-03,5.08,25.73,0,0
WA,50560,2023-04,4.12,26.37,0,0
WA,50560,2023-05,4,31.29,0,0
WA,50560,2023-06,0.02,0.13,0,0
WA,50560,2023-07,0.07,0.47,0,0
WA,50560,2023-08,7.07,55.09,0,0
WA,50560,2023-09,2.09,13.83,0,0
WA,50560,2023-10,1.02,6.73,0,0
WA,50560,2023-11,1.09,7.27,0,0
WA,50560,2023-12,3.09,51.02,0,0
WA,50560,2024-01,1.05,7.03,0,0
WA,50560,2024-02,1.03,6.8,0,0
WA,50560,2024-03,1.06,9.24,0,0
WA,50560,2024-04,3.04,27.17,0,0
WA,50560,2024-05,4.07,30.09,0,0
WA,50560,2024-06,0.05,0.35,0,0
WA,50560,2024-07,2.08,19.91,0,0
WA,50560,2024-08,3.11,23.77,0,0
WA,50560,2024-09,2.05,21.03,0,0
WA,50560,2024-10,3.06,24.36,0,0
WA,50560,2024-11,5.1,45.37,0,0
WA,50560,2024-12,1.08,11.16,0,0
WA,50560,2025-01,2.03,13.39,0,0
WA,50560,2025-02,4.07,22.86,0,0
WA,50560,2025-03,2.07,12.86,0,0
WA,50560,2025-04,2.04,27.53,0,0
WA,50560,2025-05,3.07,53.31,0,0
WA,50560,2025-06,3.06,17.19,0,0
WA,50560,2025-07,2.08,21.57,1.01,23.23
WA,50560,2025-08,0.04,0.31,2.09,47.14
WA,50560,2025-09,3.05,34.72,3.04,75
WA,50560,2025-10,2.02,16.37,2.03,19.92
WA,50560,2025-11,1.07,17.69,2.08,41.56
WA,50560,2025-12,1.01,6.26,1.05,24.53
WA,50560,2026-01,4.05,31.56,2.07,65.6
WA,50560,2026-02,0.05,0.49,2.04,51.55
WA,50560,2026-03,2.03,15.22,4.07,81.44
WA,50560,2026-04,4.06,58.28,5.07,177.53
WA,50560,2026-05,0.07,0.63,0.03,0.85
WA,50560,2026-06,4.02,38.72,4.04,94.96
WA,50560,2026-07,1.11,14.63,2.08,74.83
WA,50560,2026-08,0.06,0.5,0.06,1.1
WA,50630,2023-01,2.05,13.99,0,0
WA,50630,2023-02,2.99,20.67,0,0
WA,50630,2023-03,1.17,7.73,0,0
WA,50630,2023-04,2.11,13.98,0,0
WA,50630,2023-05,5.04,40.49,0,0
WA,50630,2023-06,3.05,21.06,0,0
WA,50630,2023-07,6.97,48.38,0,0
WA,50630,2023-08,6.04,40.47,0,0
WA,50630,2023-09,2.99,19.85,0,0
WA,50630,2023-10,0,0,0,0
WA,50630,2023-11,3.99,38.16,0,0
WA,50630,2023-12,1,6.63,0,0
WA,50630,2024-01,0,0,0,0
WA,50630,2024-02,1,6.62,0,0
WA,50630,2024-03,1.11,24.85,0,0
WA,50630,2024-04,1.99,18.19,0,0
WA,50630,2024-05,3.05,19.37,0,0
WA,50630,2024-06,1.05,8.17,0,0
WA,50630,2024-07,1.05,10.68,0,0
WA,50630,2024-08,5.16,35.99,0,0
WA,50630,2024-09,1.05,7,0,0
WA,50630,2024-10,6.04,42.97,0,0
WA,50630,2024-11,3.99,83.88,0,0
WA,50630,2024-12,1.99,13.15,0,0
WA,50630,2025-01,2.99,19.78,0,0
WA,50630,2025-02,0,0,0,0
WA,50630,2025-03,2.05,20.36,0,0
WA,50630,2025-04,1.05,7.34,0,0
WA,50630,2025-05,1,6.58,0,0
WA,50630,2025-06,2.05,10.9,0,0
WA,50630,2025-07,0.12,1.56,0.17,2.55
WA,50630,2025-08,1,12.27,1,23.11
WA,50630,2025-09,2.99,22.36,2.05,30.96
WA,50630,2025-10,1,3.07,2.05,46.59
WA,50630,2025-11,2.99,36.92,4.98,73.33
WA,50630,2025-12,1.05,26.3,2.99,48.34
WA,50630,2026-01,0,0,0,0
WA,50630,2026-02,1,6.58,2.05,96.85
WA,50630,2026-03,2.11,33.08,1,37.74
WA,50630,2026-04,4.1,55.06,4.1,98.9
WA,50630,2026-05,1,8.05,1.99,32.28
WA,50630,2026-06,2.05,18.9,1.99,29.19
WA,50630,2026-07,5.1,47.87,4.1,123.46
WA,50630,2026-08,1.05,7.78,0,0
WA,50770,2023-01,2.22,14.66,0,0
WA,50770,2023-02,0.29,2.07,0,0
WA,50770,2023-03,0.4,6.5,0,0
WA,50770,2023-04,1.32,9.85,0,0
WA,50770,2023-05,3.12,24.91,0,0
WA,50770,2023-06,1.18,7.73,0,0
WA,50770,2023-07,0.14,0.94,0,0
WA,50770,2023-08,2.05,16.07,0,0
WA,50770,2023-09,1.11,8.19,0,0
WA,50770,2023-10,2.34,33.36,0,0
WA,50770,2023-11,2.28,15.65,0,0
WA,50770,2023-12,1.24,8.01,0,0
WA,50770,2024-01,3.16,29.6,0,0
WA,50770,2024-02,2.39,16.4,0,0
WA,50770,2024-03,0.4,2.72,0,0
WA,50770,2024-04,0.32,2.52,0,0
WA,50770,2024-05,2.14,14.28,0,0
WA,50770,2024-06,2.27,32.45,0,0
WA,50770,2024-07,1.4,9.95,0,0
WA,50770,2024-08,2.09,19.46,0,0
WA,50770,2024-09,2.21,16.11,0,0
WA,50770,2024-10,0.13,0.9,0,0
WA,50770,2024-11,1.22,8.34,0,0
WA,50770,2024-12,1.21,40.94,0,0
WA,50770,2025-01,2.27,25.17,0,0
WA,50770,2025-02,2.36,13.28,0,0
WA,50770,2025-03,1.2,10.73,0,0
WA,50770,2025-04,1.07,12.79,0,0
WA,50770,2025-05,2.26,15.2,0,0
WA,50770,2025-06,0.07,0.58,0,0
WA,50770,2025-07,0.12,0.82,0.14,1.53
WA,50770,2025-08,0.1,1.05,0.13,2.14
WA,50770,2025-09,0.09,0.73,1.08,28.66
WA,50770,2025-10,2.14,21.21,2.21,26.47
WA,50770,2025-11,2.06,16.53,3.09,47.07
WA,50770,2025-12,2.24,56.91,2.34,94.36
WA,50770,2026-01,0.15,0.91,0.08,1.15
WA,50770,2026-02,0.23,4.77,0.2,4.89
WA,50770,2026-03,1.24,8.58,1.2,13.24
WA,50770,2026-04,2.2,51.73,4.16,180.16
WA,50770,2026-05,1.08,8.86,0.13,2.59
WA,50770,2026-06,2.17,13.57,0.21,4.53
WA,50770,2026-07,0.23,2.05,0.22,3.92
WA,50770,2026-08,3.11,47,3.06,58.47
WA,50840,2023-01,4.88,31,0,0
WA,50840,2023-02,7.75,54.92,0,0
WA,50840,2023-03,12.66,205.42,0,0
WA,50840,2023-04,10.69,70.34,0,0
WA,50840,2023-05,3.91,25.94,0,0
WA,50840,2023-06,3.91,27.51,0,0
WA,50840,2023-07,6.94,49.35,0,0
WA,50840,2023-08,6.88,47.71,0,0
WA,50840,2023-09,7.81,76.8,0,0
WA,50840,2023-10,14.69,172.15,0,0
WA,50840,2023-11,11.75,97.17,0,0
WA,50840,2023-12,8.78,63.95,0,0
WA,50840,2024-01,4.85,31.97,0,0
WA,50840,2024-02,10.69,76.63,0,0
WA,50840,2024-03,13.66,89.72,0,0
WA,50840,2024-04,7.75,56.14,0,0
WA,50840,2024-05,3.91,29.81,0,0
WA,50840,2024-06,8.78,81.32,0,0
WA,50840,2024-07,12.69,130.04,0,0
WA,50840,2024-08,3.94,36.11,0,0
WA,50840,2024-09,7.85,59.15,0,0
WA,50840,2024-10,2.94,19.43,0,0
WA,50840,2024-11,6.78,57.01,0,0
WA,50840,2024-12,5.85,45.35,0,0
WA,50840,2025-01,6.81,58,0,0
WA,50840,2025-02,10.66,111.55,0,0
WA,50840,2025-03,6.81,134.48,0,0
WA,50840,2025-04,1.97,15.13,0,0
WA,50840,2025-05,8.78,72.46,0,0
WA,50840,2025-06,0.97,6.4,0,0
WA,50840,2025-07,1.94,11.94,2.91,30.24
WA,50840,2025-08,1.94,22.6,2.91,54.37
WA,50840,2025-09,2.91,23.02,4.85,82.33
WA,50840,2025-10,3.88,51.25,6.81,88.1
WA,50840,2025-11,3.94,50.57,3.91,87.7
WA,50840,2025-12,8.75,88.58,11.66,240.04
WA,50840,2026-01,3.88,22.63,1.94,27.91
WA,50840,2026-02,4.85,130.03,3.88,103.92
WA,50840,2026-03,7.78,64.08,6.85,150.03
WA,50840,2026-04,6.81,89.08,6.81,122.29
WA,50840,2026-05,1.94,14.91,2.91,61.73
WA,50840,2026-06,5.85,77.16,5.85,142.03
WA,50840,2026-07,4.85,43.65,4.85,85.86
WA,50840,2026-08,3.88,36.96,2.91,43.42
WA,50910,2023-01,0,0,0,0
WA,50910,2023-02,2.9,38.65,0,0
WA,50910,2023-03,0,0,0,0
WA,50910,2023-04,1.93,12.83,0,0
WA,50910,2023-05,1.93,48.38,0,0
WA,50910,2023-06,0,0,0,0
WA,50910,2023-07,0.97,12.68,0,0
WA,50910,2023-08,1.93,13.64,0,0
WA,50910,2023-09,0,0,0,0
WA,50910,2023-10,0.97,6.42,0,0
WA,50910,2023-11,0,0,0,0
WA,50910,2023-12,0.97,12.76,0,0
WA,50910,2024-01,0,0,0,0
WA,50910,2024-02,0.97,6.38,0,0
WA,50910,2024-03,0,0,0,0
WA,50910,2024-04,0.97,7.65,0,0
WA,50910,2024-05,0.97,3.61,0,0
WA,50910,2024-06,1.93,15.56,0,0
WA,50910,2024-07,1.93,12.76,0,0
WA,50910,2024-08,0.97,12.29,0,0
WA,50910,2024-09,0,0,0,0
WA,50910,2024-10,0,0,0,0
WA,50910,2024-11,0.97,6.38,0,0
WA,50910,2024-12,0.97,13.18,0,0
WA,50910,2025-01,0,0,0,0
WA,50910,2025-02,0,0,0,0
WA,50910,2025-03,0,0,0,0
WA,50910,2025-04,0.97,11.05,0,0
WA,50910,2025-05,0.97,30.61,0,0
WA,50910,2025-06,0,0,0,0
WA,50910,2025-07,0,0,0,0
WA,50910,2025-08,0,0,0,0
WA,50910,2025-09,0,0,0,0
WA,50910,2025-10,1.93,105.75,1.93,58.75
WA,50910,2025-11,0,0,0,0
WA,50910,2025-12,0,0,0,0
WA,50910,2026-01,0,0,0,0
WA,50910,2026-02,0,0,0,0
WA,50910,2026-03,0,0,0,0
WA,50910,2026-04,3.87,59.67,0.97,49.48
WA,50910,2026-05,2.9,29.48,1.93,37.11
WA,50910,2026-06,0,0,0,0
WA,50910,2026-07,0,0,0,0
WA,50910,2026-08,0,0,0,0
WA,50980,2023-01,2.99,35.61,0,0
WA,50980,2023-02,1,6.61,0,0
WA,50980,2023-03,1,6.24,0,0
WA,50980,2023-04,1,97.97,0,0
WA,50980,2023-05,1,27.2,0,0
WA,50980,2023-06,3.99,122.35,0,0
WA,50980,2023-07,2.99,82.17,0,0
WA,50980,2023-08,1,6.38,0,0
WA,50980,2023-09,1.99,27.36,0,0
WA,50980,2023-10,0,0,0,0
WA,50980,2023-11,5.99,43.9,0,0
WA,50980,2023-12,1,95.16,0,0
WA,50980,2024-01,1,99.33,0,0
WA,50980,2024-02,3,19.53,0,0
WA,50980,2024-03,2,100.2,0,0
WA,50980,2024-04,2,11.16,0,0
WA,50980,2024-05,1,6.35,0,0
WA,50980,2024-06,41.92,361.71,0,0
WA,50980,2024-07,51.87,436.26,0,0
WA,50980,2024-08,41.89,376.16,0,0
WA,50980,2024-09,19.96,214.25,0,0
WA,50980,2024-10,24.94,471.61,0,0
WA,50980,2024-11,15.95,189.53,0,0
WA,50980,2024-12,27.92,417,0,0
WA,50980,2025-01,7.98,51.8,0,0
WA,50980,2025-02,13.97,112.9,0,0
WA,50980,2025-03,19.96,267.8,0,0
WA,50980,2025-04,23.93,216.34,0,0
WA,50980,2025-05,7.98,84.27,0,0
WA,50980,2025-06,13.97,195.82,0,0
WA,50980,2025-07,24.93,284.3,2.99,103.67
WA,50980,2025-08,4.99,52.28,1,13.76
WA,50980,2025-09,12.98,260.7,1.99,47.55
WA,50980,2025-10,7.98,65.43,1,49.24
WA,50980,2025-11,6.98,60.17,6.98,177.54
WA,50980,2025-12,25.95,251.75,23.97,359.32
WA,50980,2026-01,3.99,42.41,2.99,49.58
WA,50980,2026-02,7.99,96.22,4.99,107.61
WA,50980,2026-03,3,36.58,4,139.52
WA,50980,2026-04,18.95,187.64,14.97,451.03
WA,50980,2026-05,3,33.53,1,22.08
WA,50980,2026-06,4.99,51.84,3.99,132.35
WA,50980,2026-07,1,13.3,2.99,93.99
WA,50980,2026-08,2,14.72,1,15.79
WA,51080,2023-01,2,15.77,0,0
WA,51080,2023-02,0,0,0,0
WA,51080,2023-03,2,21.58,0,0
WA,51080,2023-04,0,0,0,0
WA,51080,2023-05,2,13.28,0,0
WA,51080,2023-06,0,0,0,0
WA,51080,2023-07,0,0,0,0
WA,51080,2023-08,0,0,0,0
WA,51080,2023-09,1,6.64,0,0
WA,51080,2023-10,0,0,0,0
WA,51080,2023-11,0,0,0,0
WA,51080,2023-12,0,0,0,0
WA,51080,2024-01,0,0,0,0
WA,51080,2024-02,4,26.48,0,0
WA,51080,2024-03,1,7.92,0,0
WA,51080,2024-04,2,19.8,0,0
WA,51080,2024-05,2,33,0,0
WA,51080,2024-06,2,21.8,0,0
WA,51080,2024-07,1,6.64,0,0
WA,51080,2024-08,0,0,0,0
WA,51080,2024-09,2,29.4,0,0
WA,51080,2024-10,0,0,0,0
WA,51080,2024-11,0,0,0,0
WA,51080,2024-12,0,0,0,0
WA,51080,2025-01,0,0,0,0
WA,51080,2025-02,4,29.04,0,0
WA,51080,2025-03,0,0,0,0
WA,51080,2025-04,1,6.6,0,0
WA,51080,2025-05,0,0,0,0
WA,51080,2025-06,5,98.8,0,0
WA,51080,2025-07,1,11.44,1,15.6
WA,51080,2025-08,0,0,0,0
WA,51080,2025-09,2,38,0,0
WA,51080,2025-10,1,6.6,0,0
WA,51080,2025-11,0,0,0,0
WA,51080,2025-12,1,22.8,0,0
WA,51080,2026-01,0,0,0,0
WA,51080,2026-02,0,0,1,7.38
WA,51080,2026-03,0,0,0,0
WA,51080,2026-04,2,30.4,1,15.6
WA,51080,2026-05,0,0,0,0
WA,51080,2026-06,0,0,0,0
WA,51080,2026-07,0,0,0,0
WA,51080,2026-08,0,0,0,0
WA,51120,2023-01,0,0,0,0
WA,51120,2023-02,1,10.12,0,0
WA,51120,2023-03,1,6.64,0,0
WA,51120,2023-04,1,6.44,0,0
WA,51120,2023-05,1,2.34,0,0
WA,51120,2023-06,6,39.84,0,0
WA,51120,2023-07,0,0,0,0
WA,51120,2023-08,1,15.77,0,0
WA,51120,2023-09,1,14.62,0,0
WA,51120,2023-10,1,7.47,0,0
WA,51120,2023-11,5,33.2,0,0
WA,51120,2023-12,0,0,0,0
WA,51120,2024-01,0,0,0,0
WA,51120,2024-02,2,19.92,0,0
WA,51120,2024-03,3,32.63,0,0
WA,51120,2024-04,1,39.6,0,0
WA,51120,2024-05,0,0,0,0
WA,51120,2024-06,0,0,0,0
WA,51120,2024-07,0,0,0,0
WA,51120,2024-08,0,0,0,0
WA,51120,2024-09,0,0,0,0
WA,51120,2024-10,1,6.6,0,0
WA,51120,2024-11,0,0,0,0
WA,51120,2024-12,0,0,0,0
WA,51120,2025-01,0,0,0,0
WA,51120,2025-02,2,13.2,0,0
WA,51120,2025-03,1,10.45,0,0
WA,51120,2025-04,0,0,0,0
WA,51120,2025-05,0,0,0,0
WA,51120,2025-06,1,6.6,0,0
WA,51120,2025-07,1,13.2,0,0
WA,51120,2025-08,0,0,0,0
WA,51120,2025-09,0,0,0,0
WA,51120,2025-10,2,19,0,0
WA,51120,2025-11,1,9.5,0,0
WA,51120,2025-12,0,0,0,0
WA,51120,2026-01,0,0,1,50
WA,51120,2026-02,2,15.22,1,30.72
WA,51120,2026-03,1,19,0,0
WA,51120,2026-04,0,0,0,0
WA,51120,2026-05,0,0,0,0
WA,51120,2026-06,0,0,0,0
WA,51120,2026-07,1,14.08,1,25.6
WA,51120,2026-08,0,0,0,0
WA,51190,2023-01,30.67,204.28,0,0
WA,51190,2023-02,42.27,290.36,0,0
WA,51190,2023-03,27.4,195.67,0,0
WA,51190,2023-04,30.67,332.04,0,0
WA,51190,2023-05,39.92,353.27,0,0
WA,51190,2023-06,32.09,220.33,0,0
WA,51190,2023-07,30.67,220.43,0,0
WA,51190,2023-08,34.44,229.42,0,0
WA,51190,2023-09,32.87,218.01,0,0
WA,51190,2023-10,47.25,348.54,0,0
WA,51190,2023-11,47.75,311.83,0,0
WA,51190,2023-12,39.92,271.03,0,0
WA,51190,2024-01,41.48,321.4,0,0
WA,51190,2024-02,28.96,187.94,0,0
WA,51190,2024-03,23.48,149.45,0,0
WA,51190,2024-04,49.31,349.03,0,0
WA,51190,2024-05,49.31,345.75,0,0
WA,51190,2024-06,36.79,258.45,0,0
WA,51190,2024-07,42.56,344.78,0,0
WA,51190,2024-08,53.22,366.93,0,0
WA,51190,2024-09,43.83,324.4,0,0
WA,51190,2024-10,56.36,524.66,0,0
WA,51190,2024-11,39.92,390.44,0,0
WA,51190,2024-12,43.83,371.97,0,0
WA,51190,2025-01,27.4,184.78,0,0
WA,51190,2025-02,36.01,312.99,0,0
WA,51190,2025-03,35.22,303.97,0,0
WA,51190,2025-04,32.09,216.51,0,0
WA,51190,2025-05,30.53,236.42,0,0
WA,51190,2025-06,21.92,169.89,0,0
WA,51190,2025-07,28.18,313.49,22.7,314.33
WA,51190,2025-08,15.65,198.75,21.92,299.95
WA,51190,2025-09,23.48,236.87,30.53,501.14
WA,51190,2025-10,30.53,377,39.92,662.54
WA,51190,2025-11,36.93,359.48,42.27,726.33
WA,51190,2025-12,45.4,429.36,45.4,968.43
WA,51190,2026-01,31.31,255.93,25.83,592.97
WA,51190,2026-02,28.96,250.94,37.57,668.18
WA,51190,2026-03,39.14,416.61,43.05,884.86
WA,51190,2026-04,39.14,380.59,56.36,1402.3
WA,51190,2026-05,32.87,266.31,28.96,546.28
WA,51190,2026-06,35.22,307.57,37.57,609.06
WA,51190,2026-07,44.62,384.39,38.35,634.22
WA,51190,2026-08,25.83,252.12,28.18,529.2
WA,51260,2023-01,46.97,349.73,0,0
WA,51260,2023-02,64.97,467.54,0,0
WA,51260,2023-03,84.95,575.01,0,0
WA,51260,2023-04,43.97,324.41,0,0
WA,51260,2023-05,67.96,603.48,0,0
WA,51260,2023-06,45.98,413.66,0,0
WA,51260,2023-07,44.97,560.8,0,0
WA,51260,2023-08,64.96,487.33,0,0
WA,51260,2023-09,54.97,695.01,0,0
WA,51260,2023-10,56.97,347.34,0,0
WA,51260,2023-11,74.98,569.72,0,0
WA,51260,2023-12,76.97,753.76,0,0
WA,51260,2024-01,53.97,426.02,0,0
WA,51260,2024-02,61.96,444.28,0,0
WA,51260,2024-03,70.97,627.04,0,0
WA,51260,2024-04,74.96,530.22,0,0
WA,51260,2024-05,73.97,596.68,0,0
WA,51260,2024-06,57.97,481.74,0,0
WA,51260,2024-07,53.98,442.57,0,0
WA,51260,2024-08,58.96,458.93,0,0
WA,51260,2024-09,63.96,509.57,0,0
WA,51260,2024-10,97.96,786.52,0,0
WA,51260,2024-11,106.95,788.25,0,0
WA,51260,2024-12,76.96,683.81,0,0
WA,51260,2025-01,39.98,383.97,0,0
WA,51260,2025-02,54.97,507.92,0,0
WA,51260,2025-03,51.98,474.69,0,0
WA,51260,2025-04,34.99,283.96,0,0
WA,51260,2025-05,41.97,360.84,0,0
WA,51260,2025-06,38.98,309.25,0,0
WA,51260,2025-07,45.98,397.99,43.98,642.71
WA,51260,2025-08,35.98,279.36,44.97,696.46
WA,51260,2025-09,51.97,576.4,63.96,1125.34
WA,51260,2025-10,73.94,721.68,80.94,1459.12
WA,51260,2025-11,61.95,546.76,82.94,1442.95
WA,51260,2025-12,72.96,735.4,102.93,1869.89
WA,51260,2026-01,40.98,330.74,60.96,1258.92
WA,51260,2026-02,59.96,604.14,63.96,1345.78
WA,51260,2026-03,76.97,777.85,84.96,1963.81
WA,51260,2026-04,81.96,1124.7,107.96,2899.75
WA,51260,2026-05,65.95,656.37,39.97,713.13
WA,51260,2026-06,61.97,526.69,44,751.87
WA,51260,2026-07,63.95,545.87,57.96,1072.21
WA,51260,2026-08,35.98,383.61,29.98,629.87
WA,51310,2023-01,23.91,169.53,0,0
WA,51310,2023-02,27.44,222.32,0,0
WA,51310,2023-03,25.96,175.16,0,0
WA,51310,2023-04,16.69,135.11,0,0
WA,51310,2023-05,25.42,212.34,0,0
WA,51310,2023-06,23.07,187.74,0,0
WA,51310,2023-07,26.59,260.51,0,0
WA,51310,2023-08,35.16,264.24,0,0
WA,51310,2023-09,31.46,234.79,0,0
WA,51310,2023-10,23.27,191.8,0,0
WA,51310,2023-11,37.42,308.83,0,0
WA,51310,2023-12,26.37,242.34,0,0
WA,51310,2024-01,23.55,202.66,0,0
WA,51310,2024-02,24.97,205.83,0,0
WA,51310,2024-03,18.33,138.7,0,0
WA,51310,2024-04,20.5,170.01,0,0
WA,51310,2024-05,27.25,238.91,0,0
WA,51310,2024-06,19.78,160.03,0,0
WA,51310,2024-07,23.92,266.09,0,0
WA,51310,2024-08,18.22,162.73,0,0
WA,51310,2024-09,24.75,221.17,0,0
WA,51310,2024-10,24.53,236.78,0,0
WA,51310,2024-11,32.66,277.98,0,0
WA,51310,2024-12,24.15,236.13,0,0
WA,51310,2025-01,20.48,162.87,0,0
WA,51310,2025-02,14.59,124.87,0,0
WA,51310,2025-03,26.73,262.92,0,0
WA,51310,2025-04,24.6,225.39,0,0
WA,51310,2025-05,16.54,205.85,0,0
WA,51310,2025-06,13.43,103.73,0,0
WA,51310,2025-07,14.83,133.86,27.3,477.81
WA,51310,2025-08,13.68,136.03,35.32,574.69
WA,51310,2025-09,25.52,283.15,43.4,862.32
WA,51310,2025-10,25.02,264.63,54.85,1060.11
WA,51310,2025-11,25.07,264.27,42.71,738.08
WA,51310,2025-12,27.58,316.67,45.47,1115.74
WA,51310,2026-01,14.14,145.84,27.85,595.54
WA,51310,2026-02,24.29,238.73,47.06,1260.73
WA,51310,2026-03,21.99,249.23,46.59,1217.56
WA,51310,2026-04,41.35,461.09,71.66,2014.92
WA,51310,2026-05,29.15,331.25,36.05,758.73
WA,51310,2026-06,36.38,409.69,45.3,953.19
WA,51310,2026-07,38.86,386,34.71,720.47
WA,51310,2026-08,27.37,319.47,26.68,538.1
WA,51330,2023-01,70.64,485.4,0,0
WA,51330,2023-02,96.26,728.64,0,0
WA,51330,2023-03,91.8,634.53,0,0
WA,51330,2023-04,65.73,442.64,0,0
WA,51330,2023-05,88.55,663.5,0,0
WA,51330,2023-06,72.87,599.5,0,0
WA,51330,2023-07,99.94,839.73,0,0
WA,51330,2023-08,83.49,601.11,0,0
WA,51330,2023-09,86.04,725.69,0,0
WA,51330,2023-10,106.79,837.41,0,0
WA,51330,2023-11,112.85,930.64,0,0
WA,51330,2023-12,141.98,1391.55,0,0
WA,51330,2024-01,96.52,768.31,0,0
WA,51330,2024-02,112.51,955.25,0,0
WA,51330,2024-03,95.25,789.65,0,0
WA,51330,2024-04,91.95,718.07,0,0
WA,51330,2024-05,121.59,951.38,0,0
WA,51330,2024-06,101.13,795.33,0,0
WA,51330,2024-07,91.73,744.97,0,0
WA,51330,2024-08,86.46,919.89,0,0
WA,51330,2024-09,93.52,738.45,0,0
WA,51330,2024-10,90.05,824.63,0,0
WA,51330,2024-11,117.15,1060.83,0,0
WA,51330,2024-12,97.7,923.68,0,0
WA,51330,2025-01,80.94,543.56,0,0
WA,51330,2025-02,92.84,755.65,0,0
WA,51330,2025-03,80.48,781.45,0,0
WA,51330,2025-04,80.87,679.26,0,0
WA,51330,2025-05,98.25,891.49,0,0
WA,51330,2025-06,57.5,508.92,0,0
WA,51330,2025-07,63.35,516.49,96.8,1663.26
WA,51330,2025-08,73.47,682.76,163.03,2716.1
WA,51330,2025-09,85.48,811.11,181.33,3356.08
WA,51330,2025-10,111.64,1142.24,241.11,4815.69
WA,51330,2025-11,125.62,1209.9,216.46,4607.96
WA,51330,2025-12,115.51,1058.76,203.71,4899.08
WA,51330,2026-01,87.54,876.76,152.3,3856.21
WA,51330,2026-02,130.27,1275.88,206.68,5744
WA,51330,2026-03,145.39,1443.1,266.11,7912.48
WA,51330,2026-04,177.14,1821.39,363.76,12592
WA,51330,2026-05,146.85,1335.23,171.3,3327.63
WA,51330,2026-06,135.28,1343.2,163.27,3648.72
WA,51330,2026-07,148.28,1420.27,170.04,3886.7
WA,51330,2026-08,94.83,900.46,79.83,1768.48
WA,51400,2023-01,19.5,131.26,0,0
WA,51400,2023-02,26.77,181.64,0,0
WA,51400,2023-03,15.66,107.86,0,0
WA,51400,2023-04,21.5,182.03,0,0
WA,51400,2023-05,17.13,179.28,0,0
WA,51400,2023-06,13.94,97.95,0,0
WA,51400,2023-07,12.51,88.78,0,0
WA,51400,2023-08,16.6,105.63,0,0
WA,51400,2023-09,20.16,240.85,0,0
WA,51400,2023-10,23.07,174.38,0,0
WA,51400,2023-11,21.3,140.05,0,0
WA,51400,2023-12,18.13,124.35,0,0
WA,51400,2024-01,23.55,167.69,0,0
WA,51400,2024-02,15.08,98.87,0,0
WA,51400,2024-03,17.57,123.28,0,0
WA,51400,2024-04,24.74,169.02,0,0
WA,51400,2024-05,22.73,169.13,0,0
WA,51400,2024-06,18.25,147.49,0,0
WA,51400,2024-07,20.77,163.96,0,0
WA,51400,2024-08,19.81,136.58,0,0
WA,51400,2024-09,19.21,141.95,0,0
WA,51400,2024-10,25.71,220.18,0,0
WA,51400,2024-11,15.14,147,0,0
WA,51400,2024-12,25.21,197.53,0,0
WA,51400,2025-01,12.63,91.12,0,0
WA,51400,2025-02,19.03,161.6,0,0
WA,51400,2025-03,15.81,140.61,0,0
WA,51400,2025-04,13.93,99.15,0,0
WA,51400,2025-05,18.5,156.98,0,0
WA,51400,2025-06,9.11,69.79,0,0
WA,51400,2025-07,11.86,119.42,16.33,205.08
WA,51400,2025-08,13.37,146.95,14.12,190.55
WA,51400,2025-09,11.56,113.99,15.52,272.68
WA,51400,2025-10,14.53,187.71,17.14,325.98
WA,51400,2025-11,18.26,175.09,16.79,294.13
WA,51400,2025-12,19.65,190,28.68,591.93
WA,51400,2026-01,17.72,148.67,15.22,320.94
WA,51400,2026-02,14.08,119.84,16.47,295.91
WA,51400,2026-03,21.92,340.07,23.01,558.7
WA,51400,2026-04,22.92,248.08,26.71,682.55
WA,51400,2026-05,14.17,126.52,12.07,218.73
WA,51400,2026-06,18.82,174.59,18.46,315.45
WA,51400,2026-07,24.43,196.59,18.69,330.76
WA,51400,2026-08,14.19,130.05,12.84,245.36
WA,51470,2023-01,0,0,0,0
WA,51470,2023-02,0.73,28.19,0,0
WA,51470,2023-03,2,13.27,0,0
WA,51470,2023-04,0,0,0,0
WA,51470,2023-05,1,13.28,0,0
WA,51470,2023-06,0,0,0,0
WA,51470,2023-07,0,0,0,0
WA,51470,2023-08,3,19.92,0,0
WA,51470,2023-09,0,0,0,0
WA,51470,2023-10,1.73,49.62,0,0
WA,51470,2023-11,0,0,0,0
WA,51470,2023-12,1,6.64,0,0
WA,51470,2024-01,0,0,0,0
WA,51470,2024-02,2,19.8,0,0
WA,51470,2024-03,0,0,0,0
WA,51470,2024-04,2.47,16.37,0,0
WA,51470,2024-05,0.73,29.23,0,0
WA,51470,2024-06,0,0,0,0
WA,51470,2024-07,1,6.64,0,0
WA,51470,2024-08,1,6.6,0,0
WA,51470,2024-09,0,0,0,0
WA,51470,2024-10,4.73,80.8,0,0
WA,51470,2024-11,2,13.2,0,0
WA,51470,2024-12,0,0,0,0
WA,51470,2025-01,0.73,7.09,0,0
WA,51470,2025-02,1,3.96,0,0
WA,51470,2025-03,1,6.6,0,0
WA,51470,2025-04,0,0,0,0
WA,51470,2025-05,0.73,4.51,0,0
WA,51470,2025-06,0,0,0,0
WA,51470,2025-07,0,0,0,0
WA,51470,2025-08,0,0,0,0
WA,51470,2025-09,0,0,0,0
WA,51470,2025-10,0,0,0,0
WA,51470,2025-11,0,0,0,0
WA,51470,2025-12,0,0,0,0
WA,51470,2026-01,0,0,0,0
WA,51470,2026-02,0,0,0,0
WA,51470,2026-03,0,0,0,0
WA,51470,2026-04,0,0,0,0
WA,51470,2026-05,0,0,1,19.2
WA,51470,2026-06,0,0,1,9.6
WA,51470,2026-07,0,0,0,0
WA,51470,2026-08,0,0,0,0
WA,51540,2023-01,1.96,16.67,0,0
WA,51540,2023-02,0,0,0,0
WA,51540,2023-03,0.98,6.52,0,0
WA,51540,2023-04,0,0,0,0
WA,51540,2023-05,0.98,3.26,0,0
WA,51540,2023-06,0,0,0,0
WA,51540,2023-07,0,0,0,0
WA,51540,2023-08,1.96,13.05,0,0
WA,51540,2023-09,0,0,0,0
WA,51540,2023-10,0.98,22.76,0,0
WA,51540,2023-11,0,0,0,0
WA,51540,2023-12,0.98,12.85,0,0
WA,51540,2024-01,0,0,0,0
WA,51540,2024-02,0,0,0,0
WA,51540,2024-03,8.82,95.09,0,0
WA,51540,2024-04,7.84,88.31,0,0
WA,51540,2024-05,1.96,16.85,0,0
WA,51540,2024-06,9.79,86.21,0,0
WA,51540,2024-07,2.94,52.09,0,0
WA,51540,2024-08,6.86,124.35,0,0
WA,51540,2024-09,10.77,124.77,0,0
WA,51540,2024-10,3.92,90.5,0,0
WA,51540,2024-11,6.86,64.28,0,0
WA,51540,2024-12,1.96,13.66,0,0
WA,51540,2025-01,4.9,35.16,0,0
WA,51540,2025-02,0.98,19.21,0,0
WA,51540,2025-03,15.67,141.89,0,0
WA,51540,2025-04,2.94,38.36,0,0
WA,51540,2025-05,0.98,35.97,0,0
WA,51540,2025-06,0.98,17.98,0,0
WA,51540,2025-07,0,0,0,0
WA,51540,2025-08,1.96,34.63,0.98,95.28
WA,51540,2025-09,1.96,44.96,0,0
WA,51540,2025-10,0.98,25.73,0.98,13.52
WA,51540,2025-11,1.96,18.02,1.96,27.03
WA,51540,2025-12,2.94,26.9,0.98,10.81
WA,51540,2026-01,0,0,0,0
WA,51540,2026-02,0.98,12.99,0,0
WA,51540,2026-03,0.98,17.98,2.94,135.49
WA,51540,2026-04,3.92,91.72,1.96,74.89
WA,51540,2026-05,0,0,0,0
WA,51540,2026-06,0,0,0,0
WA,51540,2026-07,1.96,28.13,0.98,39.49
WA,51540,2026-08,0,0,0.98,17.63
WA,51610,2023-01,3.09,30.46,0,0
WA,51610,2023-02,2.04,12.96,0,0
WA,51610,2023-03,4.37,44.29,0,0
WA,51610,2023-04,2.53,16.6,0,0
WA,51610,2023-05,2.84,21.36,0,0
WA,51610,2023-06,0.95,6.81,0,0
WA,51610,2023-07,1.14,8.58,0,0
WA,51610,2023-08,3.19,21.25,0,0
WA,51610,2023-09,1.36,11.39,0,0
WA,51610,2023-10,2.26,15.32,0,0
WA,51610,2023-11,2.3,38.48,0,0
WA,51610,2023-12,1.39,9.62,0,0
WA,51610,2024-01,1.85,12.66,0,0
WA,51610,2024-02,2.01,13.08,0,0
WA,51610,2024-03,0.99,4.92,0,0
WA,51610,2024-04,1.77,14.01,0,0
WA,51610,2024-05,2.65,19.83,0,0
WA,51610,2024-06,1.8,12.73,0,0
WA,51610,2024-07,1.81,11.11,0,0
WA,51610,2024-08,0.99,8.91,0,0
WA,51610,2024-09,0.75,8.69,0,0
WA,51610,2024-10,1.78,14.73,0,0
WA,51610,2024-11,2.21,15.76,0,0
WA,51610,2024-12,4.16,257.64,0,0
WA,51610,2025-01,1.33,9.1,0,0
WA,51610,2025-02,0.71,5.33,0,0
WA,51610,2025-03,0.55,4.26,0,0
WA,51610,2025-04,1.14,11.14,0,0
WA,51610,2025-05,2.69,23.04,0,0
WA,51610,2025-06,1.32,16.79,0,0
WA,51610,2025-07,1.39,9.91,0.73,8.55
WA,51610,2025-08,1.76,14.35,1.95,33.94
WA,51610,2025-09,1.15,13.03,1.59,21.73
WA,51610,2025-10,2.21,19.65,2.44,35.72
WA,51610,2025-11,0.94,8.6,2.64,43.7
WA,51610,2025-12,1.34,9.75,0.71,15.34
WA,51610,2026-01,0.67,4.33,0.27,5.14
WA,51610,2026-02,1.8,16.24,2.43,35.75
WA,51610,2026-03,1.56,18.53,1.61,36.48
WA,51610,2026-04,2.07,21.58,2.71,75.27
WA,51610,2026-05,1.36,16.09,1.17,26.9
WA,51610,2026-06,0.09,0.69,0.77,13.78
WA,51610,2026-07,2.03,17.82,1.84,34.13
WA,51610,2026-08,0.93,7.2,0.7,16.26
WA,51680,2023-01,8.18,54.94,0,0
WA,51680,2023-02,8.42,62.31,0,0
WA,51680,2023-03,10.06,162.98,0,0
WA,51680,2023-04,12.24,101.06,0,0
WA,51680,2023-05,12.87,105.35,0,0
WA,51680,2023-06,7.32,54.26,0,0
WA,51680,2023-07,9.4,66.99,0,0
WA,51680,2023-08,12.38,81.15,0,0
WA,51680,2023-09,6.67,64.73,0,0
WA,51680,2023-10,17.12,126.65,0,0
WA,51680,2023-11,13.11,119.53,0,0
WA,51680,2023-12,18.86,153.91,0,0
WA,51680,2024-01,10.14,84.9,0,0
WA,51680,2024-02,13.13,96.14,0,0
WA,51680,2024-03,19.62,196.26,0,0
WA,51680,2024-04,18.83,182.32,0,0
WA,51680,2024-05,14.26,116.88,0,0
WA,51680,2024-06,12.87,105.01,0,0
WA,51680,2024-07,17.45,138.28,0,0
WA,51680,2024-08,10.66,83.42,0,0
WA,51680,2024-09,11.28,118.37,0,0
WA,51680,2024-10,12.11,140.23,0,0
WA,51680,2024-11,8.54,110.87,0,0
WA,51680,2024-12,9.18,199.92,0,0
WA,51680,2025-01,9.78,77.14,0,0
WA,51680,2025-02,12.62,105.98,0,0
WA,51680,2025-03,15.38,161.6,0,0
WA,51680,2025-04,13.65,131.61,0,0
WA,51680,2025-05,11.26,76.79,0,0
WA,51680,2025-06,6.69,54.18,0,0
WA,51680,2025-07,8.54,88.68,7.43,96.99
WA,51680,2025-08,14.1,158.03,19.32,306.25
WA,51680,2025-09,9.26,116.34,19.06,323.52
WA,51680,2025-10,7.04,92.1,14.85,285.56
WA,51680,2025-11,9.03,109.38,14.87,309.8
WA,51680,2025-12,15.72,173.61,18.57,423.39
WA,51680,2026-01,16.98,192.84,19.32,475.44
WA,51680,2026-02,12.25,125.86,19.18,507.2
WA,51680,2026-03,10.89,123.32,15.44,418.08
WA,51680,2026-04,24.57,341.52,38.58,1279.71
WA,51680,2026-05,13.25,110.5,15.36,328.88
WA,51680,2026-06,18.46,185.77,19.57,459.18
WA,51680,2026-07,9.63,85.43,7.04,144.65
WA,51680,2026-08,14.23,125.32,9.79,184.16
WA,51750,2023-01,10.18,102.64,0,0
WA,51750,2023-02,12.73,105.12,0,0
WA,51750,2023-03,10.18,79.26,0,0
WA,51750,2023-04,8.27,90.6,0,0
WA,51750,2023-05,7,112.98,0,0
WA,51750,2023-06,10.82,77.33,0,0
WA,51750,2023-07,7.64,57.92,0,0
WA,51750,2023-08,14,108.73,0,0
WA,51750,2023-09,11.45,96.01,0,0
WA,51750,2023-10,12.73,119.52,0,0
WA,51750,2023-11,15.91,128.66,0,0
WA,51750,2023-12,11.45,105.12,0,0
WA,51750,2024-01,10.82,75.35,0,0
WA,51750,2024-02,10.82,83.55,0,0
WA,51750,2024-03,7.64,56.95,0,0
WA,51750,2024-04,8.91,80.21,0,0
WA,51750,2024-05,12.09,92.2,0,0
WA,51750,2024-06,9.55,79.92,0,0
WA,51750,2024-07,9.55,73.23,0,0
WA,51750,2024-08,14,126.63,0,0
WA,51750,2024-09,8.27,77.69,0,0
WA,51750,2024-10,8.27,90.83,0,0
WA,51750,2024-11,14,133.95,0,0
WA,51750,2024-12,10.82,87.71,0,0
WA,51750,2025-01,10.18,82.4,0,0
WA,51750,2025-02,5.09,41.97,0,0
WA,51750,2025-03,14,131.34,0,0
WA,51750,2025-04,4.45,45.51,0,0
WA,51750,2025-05,7,55.4,0,0
WA,51750,2025-06,7.64,81.12,0,0
WA,51750,2025-07,7,73.04,8.91,123.33
WA,51750,2025-08,5.09,41.5,10.82,210.26
WA,51750,2025-09,7,81.39,15.27,235.57
WA,51750,2025-10,8.91,67.3,21,402.41
WA,51750,2025-11,9.55,96.7,21.64,390.37
WA,51750,2025-12,10.82,130.88,17.82,389.64
WA,51750,2026-01,7.64,61.31,16.55,334.46
WA,51750,2026-02,10.82,95.74,17.82,423.44
WA,51750,2026-03,10.82,112.92,17.18,475.88
WA,51750,2026-04,12.09,119.37,24.82,664.16
WA,51750,2026-05,10.82,111.95,9.55,186.78
WA,51750,2026-06,12.73,118.6,14.64,318.7
WA,51750,2026-07,12.73,139.44,19.09,411.79
WA,51750,2026-08,8.27,71.77,8.91,213.47
WA,51820,2023-01,141.93,982.58,0,0
WA,51820,2023-02,181.62,1315.09,0,0
WA,51820,2023-03,159.69,1097.13,0,0
WA,51820,2023-04,126.51,955.59,0,0
WA,51820,2023-05,127.49,935.66,0,0
WA,51820,2023-06,138.97,1503.95,0,0
WA,51820,2023-07,141.82,1017.24,0,0
WA,51820,2023-08,113.31,828.56,0,0
WA,51820,2023-09,132.98,986.62,0,0
WA,51820,2023-10,163.55,1225.35,0,0
WA,51820,2023-11,161.25,1357.43,0,0
WA,51820,2023-12,142.85,1207.16,0,0
WA,51820,2024-01,160.02,1066.3,0,0
WA,51820,2024-02,132.4,986.27,0,0
WA,51820,2024-03,136.52,1080.47,0,0
WA,51820,2024-04,150.14,1068.47,0,0
WA,51820,2024-05,237,1612.2,0,0
WA,51820,2024-06,159.03,1269.02,0,0
WA,51820,2024-07,160.92,1217.52,0,0
WA,51820,2024-08,149.5,1004.87,0,0
WA,51820,2024-09,158.27,1108.55,0,0
WA,51820,2024-10,158.08,1309.9,0,0
WA,51820,2024-11,171.37,1406.72,0,0
WA,51820,2024-12,200.38,1555.43,0,0
WA,51820,2025-01,161.62,1162.37,0,0
WA,51820,2025-02,162.59,1181.67,0,0
WA,51820,2025-03,144.78,1016.7,0,0
WA,51820,2025-04,149.07,1339.2,0,0
WA,51820,2025-05,129.99,1161.37,0,0
WA,51820,2025-06,122.53,1085.74,0,0
WA,51820,2025-07,117.13,888.31,108.81,1676.65
WA,51820,2025-08,112.01,1014.9,197.83,3191.34
WA,51820,2025-09,114.78,1062.42,200.05,3611.82
WA,51820,2025-10,131.97,1261.24,263.22,4850.53
WA,51820,2025-11,159.99,1721.84,255.31,5130.48
WA,51820,2025-12,175.91,1898.58,261.99,6325.82
WA,51820,2026-01,134.57,1207.35,222.68,5287.44
WA,51820,2026-02,152.74,1381.04,249.06,6270.81
WA,51820,2026-03,182.74,1688.43,301.03,7663.68
WA,51820,2026-04,221.66,2237.8,394.67,11296.83
WA,51820,2026-05,206.55,1798.89,236.05,4338.95
WA,51820,2026-06,166.37,1529.45,190.86,3629.48
WA,51820,2026-07,226.09,1933.2,231.2,4678.66
WA,51820,2026-08,161.18,1426.69,123.2,2415.37
WA,51890,2023-01,18.33,118.74,0,0
WA,51890,2023-02,5.79,43.36,0,0
WA,51890,2023-03,8.68,60.87,0,0
WA,51890,2023-04,4.82,50.22,0,0
WA,51890,2023-05,12.54,82.51,0,0
WA,51890,2023-06,14.47,75.52,0,0
WA,51890,2023-07,10.61,72.28,0,0
WA,51890,2023-08,4.82,34.43,0,0
WA,51890,2023-09,1.93,12.81,0,0
WA,51890,2023-10,9.65,99.98,0,0
WA,51890,2023-11,9.65,64.21,0,0
WA,51890,2023-12,5.79,41.61,0,0
WA,51890,2024-01,9.65,64.58,0,0
WA,51890,2024-02,16.4,109.68,0,0
WA,51890,2024-03,8.68,68.58,0,0
WA,51890,2024-04,9.65,100.25,0,0
WA,51890,2024-05,12.54,77.52,0,0
WA,51890,2024-06,12.54,83.78,0,0
WA,51890,2024-07,15.44,109.19,0,0
WA,51890,2024-08,8.68,64.66,0,0
WA,51890,2024-09,13.51,89.69,0,0
WA,51890,2024-10,9.65,67.16,0,0
WA,51890,2024-11,11.58,66.39,0,0
WA,51890,2024-12,10.61,100.07,0,0
WA,51890,2025-01,16.4,210.96,0,0
WA,51890,2025-02,7.72,60.37,0,0
WA,51890,2025-03,4.82,38.63,0,0
WA,51890,2025-04,7.72,60.32,0,0
WA,51890,2025-05,11.58,72.57,0,0
WA,51890,2025-06,4.82,50.98,0,0
WA,51890,2025-07,7.72,59.71,5.79,77.85
WA,51890,2025-08,5.79,45.02,4.82,54.99
WA,51890,2025-09,0,0,1.93,31.35
WA,51890,2025-10,7.72,82.18,8.68,155.13
WA,51890,2025-11,4.82,42.54,7.72,133.9
WA,51890,2025-12,4.82,66.51,4.82,111.81
WA,51890,2026-01,3.86,25.47,2.89,36.08
WA,51890,2026-02,10.61,84.57,10.61,215.86
WA,51890,2026-03,5.79,44.16,8.68,175.53
WA,51890,2026-04,7.72,77.21,7.72,155.54
WA,51890,2026-05,4.82,64.45,4.82,84.7
WA,51890,2026-06,7.72,53.24,7.72,177.62
WA,51890,2026-07,10.61,90.53,8.68,160.87
WA,51890,2026-08,5.79,47.68,3.86,87.52
WA,51960,2023-01,1,6.65,0,0
WA,51960,2023-02,4,26.57,0,0
WA,51960,2023-03,5,26.12,0,0
WA,51960,2023-04,4,26.44,0,0
WA,51960,2023-05,2.07,14.7,0,0
WA,51960,2023-06,4.02,58.75,0,0
WA,51960,2023-07,7.12,43.87,0,0
WA,51960,2023-08,1,6.64,0,0
WA,51960,2023-09,1,6.6,0,0
WA,51960,2023-10,3,19.88,0,0
WA,51960,2023-11,3.07,21.83,0,0
WA,51960,2023-12,1.02,12.28,0,0
WA,51960,2024-01,1,6.6,0,0
WA,51960,2024-02,0,0,0,0
WA,51960,2024-03,1,6.6,0,0
WA,51960,2024-04,5.02,27.88,0,0
WA,51960,2024-05,0,0,0,0
WA,51960,2024-06,0,0,0,0
WA,51960,2024-07,4.14,27.26,0,0
WA,51960,2024-08,2.02,12.88,0,0
WA,51960,2024-09,0,0,0,0
WA,51960,2024-10,1.02,6.75,0,0
WA,51960,2024-11,1.19,7.77,0,0
WA,51960,2024-12,2.05,15.8,0,0
WA,51960,2025-01,3,21.56,0,0
WA,51960,2025-02,3.02,53.49,0,0
WA,51960,2025-03,1.07,11.17,0,0
WA,51960,2025-04,4,26.45,0,0
WA,51960,2025-05,4,26.4,0,0
WA,51960,2025-06,0,0,0,0
WA,51960,2025-07,1.02,6.75,0,0
WA,51960,2025-08,0.02,0.15,0,0
WA,51960,2025-09,0,0,1,10.4
WA,51960,2025-10,1,6.65,3,29.25
WA,51960,2025-11,2,20.37,1,20
WA,51960,2025-12,0.02,0.29,0.02,0.73
WA,51960,2026-01,0,0,0,0
WA,51960,2026-02,0,0,0,0
WA,51960,2026-03,1,9.97,1,15.6
WA,51960,2026-04,2,14.72,2,58.97
WA,51960,2026-05,1,6.65,0,0
WA,51960,2026-06,0.05,0.53,0.05,1.82
WA,51960,2026-07,0,0,0.02,1.5
WA,51960,2026-08,0,0,0,0
WA,52030,2023-01,0.24,3.15,0,0
WA,52030,2023-02,0.27,10.29,0,0
WA,52030,2023-03,1,88.14,0,0
WA,52030,2023-04,0,0,0,0
WA,52030,2023-05,1,10.45,0,0
WA,52030,2023-06,2.24,16.33,0,0
WA,52030,2023-07,1,5.81,0,0
WA,52030,2023-08,3,21.07,0,0
WA,52030,2023-09,1,39.84,0,0
WA,52030,2023-10,0.27,3.53,0,0
WA,52030,2023-11,2,19.84,0,0
WA,52030,2023-12,1.24,7.16,0,0
WA,52030,2024-01,2,13.09,0,0
WA,52030,2024-02,1,6.64,0,0
WA,52030,2024-03,0,0,0,0
WA,52030,2024-04,1.53,13.23,0,0
WA,52030,2024-05,1.27,17.32,0,0
WA,52030,2024-06,4,31.36,0,0
WA,52030,2024-07,3,19.62,0,0
WA,52030,2024-08,0,0,0,0
WA,52030,2024-09,3,19.8,0,0
WA,52030,2024-10,0.27,1.76,0,0
WA,52030,2024-11,2,24.64,0,0
WA,52030,2024-12,0,0,0,0
WA,52030,2025-01,1.27,9.19,0,0
WA,52030,2025-02,1,6.6,0,0
WA,52030,2025-03,0,0,0,0
WA,52030,2025-04,1,6.6,0,0
WA,52030,2025-05,5.27,48,0,0
WA,52030,2025-06,1,26.4,0,0
WA,52030,2025-07,1,6.6,0,0
WA,52030,2025-08,1,3.08,1,9
WA,52030,2025-09,2,22.53,1,9
WA,52030,2025-10,1,9.68,1,9.6
WA,52030,2025-11,3,28.16,2,37.2
WA,52030,2025-12,1,13.3,2,39.3
WA,52030,2026-01,0.24,1.07,0,0
WA,52030,2026-02,1,6.65,1,9.47
WA,52030,2026-03,4,33.59,3,52.8
WA,52030,2026-04,3,33.46,4,115.4
WA,52030,2026-05,3,27.03,4,67.07
WA,52030,2026-06,3,29.58,3,52.8
WA,52030,2026-07,2,15.2,3,47.84
WA,52030,2026-08,1,10.56,1,14.4
WA,52100,2023-01,1,13.26,0,0
WA,52100,2023-02,0.1,1.35,0,0
WA,52100,2023-03,1,6.64,0,0
WA,52100,2023-04,6.07,43.25,0,0
WA,52100,2023-05,1.07,14.81,0,0
WA,52100,2023-06,0,0,0,0
WA,52100,2023-07,2.03,12.06,0,0
WA,52100,2023-08,1.07,13.75,0,0
WA,52100,2023-09,1,26.56,0,0
WA,52100,2023-10,0.03,0.22,0,0
WA,52100,2023-11,1,6.64,0,0
WA,52100,2023-12,0.03,0.44,0,0
WA,52100,2024-01,0,0,0,0
WA,52100,2024-02,1.03,6.87,0,0
WA,52100,2024-03,1,14.08,0,0
WA,52100,2024-04,0.03,0.27,0,0
WA,52100,2024-05,3.03,19.93,0,0
WA,52100,2024-06,0.07,0.54,0,0
WA,52100,2024-07,0.07,0.44,0,0
WA,52100,2024-08,0.03,0.43,0,0
WA,52100,2024-09,1,7.04,0,0
WA,52100,2024-10,2,16.28,0,0
WA,52100,2024-11,2.03,33.22,0,0
WA,52100,2024-12,0.03,0.46,0,0
WA,52100,2025-01,0,0,0,0
WA,52100,2025-02,0,0,0,0
WA,52100,2025-03,0,0,0,0
WA,52100,2025-04,1.03,21.51,0,0
WA,52100,2025-05,0.03,1.07,0,0
WA,52100,2025-06,0,0,0,0
WA,52100,2025-07,0,0,0,0
WA,52100,2025-08,1,6.6,1,30.72
WA,52100,2025-09,0,0,0,0
WA,52100,2025-10,0.07,3.68,0.07,2.05
WA,52100,2025-11,4,57,0,0
WA,52100,2025-12,0,0,0,0
WA,52100,2026-01,1,65.8,1,51.2
WA,52100,2026-02,0,0,0,0
WA,52100,2026-03,1,7.48,1,15.6
WA,52100,2026-04,0.13,2.08,0.03,1.72
WA,52100,2026-05,0.1,1.03,0.07,1.29
WA,52100,2026-06,0,0,0,0
WA,52100,2026-07,3,30.4,1,51.2
WA,52100,2026-08,1,20.9,1,30.72
WA,52170,2023-01,3.64,24.63,0,0
WA,52170,2023-02,8.8,69.77,0,0
WA,52170,2023-03,8.74,63.02,0,0
WA,52170,2023-04,5.29,42.31,0,0
WA,52170,2023-05,4.41,30.87,0,0
WA,52170,2023-06,7.05,66.35,0,0
WA,52170,2023-07,5.28,52.46,0,0
WA,52170,2023-08,3.73,25.61,0,0
WA,52170,2023-09,7.92,63.32,0,0
WA,52170,2023-10,8.8,83.1,0,0
WA,52170,2023-11,15.68,141.75,0,0
WA,52170,2023-12,7.92,95.06,0,0
WA,52170,2024-01,4.5,34.42,0,0
WA,52170,2024-02,4.5,41.6,0,0
WA,52170,2024-03,4.43,33.22,0,0
WA,52170,2024-04,5.31,43.41,0,0
WA,52170,2024-05,10.49,88.71,0,0
WA,52170,2024-06,7.02,57.97,0,0
WA,52170,2024-07,7.02,62.85,0,0
WA,52170,2024-08,7.98,62.95,0,0
WA,52170,2024-09,11.25,122.26,0,0
WA,52170,2024-10,6.14,76.24,0,0
WA,52170,2024-11,7.98,69.34,0,0
WA,52170,2024-12,7.9,140.53,0,0
WA,52170,2025-01,5.34,50.93,0,0
WA,52170,2025-02,8.62,79.63,0,0
WA,52170,2025-03,11.38,90.94,0,0
WA,52170,2025-04,2.65,29.21,0,0
WA,52170,2025-05,4.41,51.4,0,0
WA,52170,2025-06,4.43,49.32,0,0
WA,52170,2025-07,5.27,64.78,6.16,157.4
WA,52170,2025-08,6.92,99.72,10.46,203.69
WA,52170,2025-09,4.41,69.46,11.41,241.17
WA,52170,2025-10,3.61,47.75,11.54,205.38
WA,52170,2025-11,7.88,89.33,9.01,200.96
WA,52170,2025-12,7.9,95.89,14.02,322.52
WA,52170,2026-01,7.83,86.46,12.29,291.99
WA,52170,2026-02,5.35,60.43,12.32,272.2
WA,52170,2026-03,7.05,73.46,18.26,458.87
WA,52170,2026-04,10.49,116.39,19.29,630.53
WA,52170,2026-05,7.05,71.51,13.83,276.04
WA,52170,2026-06,5.4,37.87,9.69,174.22
WA,52170,2026-07,3.7,27.18,6.4,99.62
WA,52170,2026-08,5.29,60.53,5.31,109.63
WA,52240,2023-01,0,0,0,0
WA,52240,2023-02,0,0,0,0
WA,52240,2023-03,3,20.58,0,0
WA,52240,2023-04,1,6.64,0,0
WA,52240,2023-05,0,0,0,0
WA,52240,2023-06,0,0,0,0
WA,52240,2023-07,2,10.6,0,0
WA,52240,2023-08,0,0,0,0
WA,52240,2023-09,0,0,0,0
WA,52240,2023-10,1,10.56,0,0
WA,52240,2023-11,1,11.62,0,0
WA,52240,2023-12,1,6.64,0,0
WA,52240,2024-01,0,0,0,0
WA,52240,2024-02,1,33.2,0,0
WA,52240,2024-03,1,6.64,0,0
WA,52240,2024-04,0,0,0,0
WA,52240,2024-05,0,0,0,0
WA,52240,2024-06,2,30.14,0,0
WA,52240,2024-07,0,0,0,0
WA,52240,2024-08,1,26.4,0,0
WA,52240,2024-09,0,0,0,0
WA,52240,2024-10,1,6.6,0,0
WA,52240,2024-11,0,0,0,0
WA,52240,2024-12,1,6.6,0,0
WA,52240,2025-01,3,26.84,0,0
WA,52240,2025-02,1,9.24,0,0
WA,52240,2025-03,1,6.6,0,0
WA,52240,2025-04,0,0,0,0
WA,52240,2025-05,4,26.45,0,0
WA,52240,2025-06,0,0,0,0
WA,52240,2025-07,2,16.28,0,0
WA,52240,2025-08,1,6.6,1,13.8
WA,52240,2025-09,4,65.28,2,35.2
WA,52240,2025-10,0,0,0,0
WA,52240,2025-11,1,7.48,1,16.5
WA,52240,2025-12,3,53.2,0,0
WA,52240,2026-01,0,0,0,0
WA,52240,2026-02,0,0,0,0
WA,52240,2026-03,2,30.4,0,0
WA,52240,2026-04,1,6.37,0,0
WA,52240,2026-05,0,0,0,0
WA,52240,2026-06,0,0,0,0
WA,52240,2026-07,1,6.65,0,0
WA,52240,2026-08,0,0,0,0
WA,52310,2023-01,1,7.88,0,0
WA,52310,2023-02,1,7.88,0,0
WA,52310,2023-03,3,12.03,0,0
WA,52310,2023-04,0,0,0,0
WA,52310,2023-05,0,0,0,0
WA,52310,2023-06,1,6.64,0,0
WA,52310,2023-07,0,0,0,0
WA,52310,2023-08,2,14.56,0,0
WA,52310,2023-09,0,0,0,0
WA,52310,2023-10,1,6.64,0,0
WA,52310,2023-11,2,16.48,0,0
WA,52310,2023-12,0,0,0,0
WA,52310,2024-01,0,0,0,0
WA,52310,2024-02,1,6.24,0,0
WA,52310,2024-03,0,0,0,0
WA,52310,2024-04,0,0,0,0
WA,52310,2024-05,0,0,0,0
WA,52310,2024-06,3,20.71,0,0
WA,52310,2024-07,1,11.44,0,0
WA,52310,2024-08,1,6.64,0,0
WA,52310,2024-09,0,0,0,0
WA,52310,2024-10,0,0,0,0
WA,52310,2024-11,1,6.65,0,0
WA,52310,2024-12,2,13.25,0,0
WA,52310,2025-01,0,0,0,0
WA,52310,2025-02,1,6.6,0,0
WA,52310,2025-03,0,0,0,0
WA,52310,2025-04,1,6.6,0,0
WA,52310,2025-05,0,0,0,0
WA,52310,2025-06,1,6.6,0,0
WA,52310,2025-07,2,19.8,1,11.04
WA,52310,2025-08,1,6.6,0,0
WA,52310,2025-09,0,0,0,0
WA,52310,2025-10,2,15.84,1,38.4
WA,52310,2025-11,0,0,2,32.32
WA,52310,2025-12,1,13.3,1,25.6
WA,52310,2026-01,0,0,0,0
WA,52310,2026-02,2,25.53,2,76.86
WA,52310,2026-03,1,11.4,2,38.1
WA,52310,2026-04,3,37.79,2,69.84
WA,52310,2026-05,1,19,1,40.32
WA,52310,2026-06,0,0,0,0
WA,52310,2026-07,1,22.32,1,41.93
WA,52310,2026-08,1,15.2,1,13.3
WA,52380,2023-01,0.98,33.77,0,0
WA,52380,2023-02,0,0,0,0
WA,52380,2023-03,0,0,0,0
WA,52380,2023-04,0,0,0,0
WA,52380,2023-05,0,0,0,0
WA,52380,2023-06,0,0,0,0
WA,52380,2023-07,0.98,6.47,0,0
WA,52380,2023-08,0,0,0,0
WA,52380,2023-09,0,0,0,0
WA,52380,2023-10,8.82,58.68,0,0
WA,52380,2023-11,0.98,6.52,0,0
WA,52380,2023-12,0.98,24.22,0,0
WA,52380,2024-01,0,0,0,0
WA,52380,2024-02,0,0,0,0
WA,52380,2024-03,0,0,0,0
WA,52380,2024-04,0,0,0,0
WA,52380,2024-05,0.98,20.27,0,0
WA,52380,2024-06,4.9,97.76,0,0
WA,52380,2024-07,0,0,0,0
WA,52380,2024-08,0,0,0,0
WA,52380,2024-09,0,0,0,0
WA,52380,2024-10,0,0,0,0
WA,52380,2024-11,0,0,0,0
WA,52380,2024-12,1.96,24.16,0,0
WA,52380,2025-01,0,0,0,0
WA,52380,2025-02,0,0,0,0
WA,52380,2025-03,0,0,0,0
WA,52380,2025-04,0,0,0,0
WA,52380,2025-05,0,0,0,0
WA,52380,2025-06,0,0,0,0
WA,52380,2025-07,0,0,0,0
WA,52380,2025-08,0,0,0,0
WA,52380,2025-09,0,0,0,0
WA,52380,2025-10,0,0,0,0
WA,52380,2025-11,0,0,0,0
WA,52380,2025-12,0,0,0,0
WA,52380,2026-01,0,0,0,0
WA,52380,2026-02,0,0,0,0
WA,52380,2026-03,0,0,0,0
WA,52380,2026-04,0,0,0,0
WA,52380,2026-05,0.98,39.18,0,0
WA,52380,2026-06,0,0,0,0
WA,52380,2026-07,0,0,0,0
WA,52380,2026-08,0,0,0,0
WA,52450,2023-01,0,0,0,0
WA,52450,2023-02,1,6.65,0,0
WA,52450,2023-03,1,2.22,0,0
WA,52450,2023-04,1,6.64,0,0
WA,52450,2023-05,2,46.48,0,0
WA,52450,2023-06,0,0,0,0
WA,52450,2023-07,2,13.24,0,0
WA,52450,2023-08,0,0,0,0
WA,52450,2023-09,1,6.64,0,0
WA,52450,2023-10,2,12.8,0,0
WA,52450,2023-11,2,13.29,0,0
WA,52450,2023-12,3,21.2,0,0
WA,52450,2024-01,0,0,0,0
WA,52450,2024-02,0,0,0,0
WA,52450,2024-03,0,0,0,0
WA,52450,2024-04,3,29.38,0,0
WA,52450,2024-05,0,0,0,0
WA,52450,2024-06,2,18.6,0,0
WA,52450,2024-07,1,6.6,0,0
WA,52450,2024-08,0,0,0,0
WA,52450,2024-09,0,0,0,0
WA,52450,2024-10,1,6.6,0,0
WA,52450,2024-11,3,19.8,0,0
WA,52450,2024-12,4,65.61,0,0
WA,52450,2025-01,2,100.6,0,0
WA,52450,2025-02,0,0,0,0
WA,52450,2025-03,1,26.4,0,0
WA,52450,2025-04,0,0,0,0
WA,52450,2025-05,0,0,0,0
WA,52450,2025-06,1,6.6,0,0
WA,52450,2025-07,1,6.6,0,0
WA,52450,2025-08,0,0,0,0
WA,52450,2025-09,0,0,0,0
WA,52450,2025-10,2,26.55,0,0
WA,52450,2025-11,1,16.54,1,27.36
WA,52450,2025-12,0,0,0,0
WA,52450,2026-01,0,0,0,0
WA,52450,2026-02,0,0,0,0
WA,52450,2026-03,1,27.55,1,40.96
WA,52450,2026-04,1,11.4,2,62.4
WA,52450,2026-05,0,0,0,0
WA,52450,2026-06,0,0,0,0
WA,52450,2026-07,2,40.85,2,33.7
WA,52450,2026-08,0,0,0,0
WA,52520,2023-01,0,0,0,0
WA,52520,2023-02,1,8.71,0,0
WA,52520,2023-03,0,0,0,0
WA,52520,2023-04,1,19.95,0,0
WA,52520,2023-05,0,0,0,0
WA,52520,2023-06,1.61,31.1,0,0
WA,52520,2023-07,2,26.59,0,0
WA,52520,2023-08,0,0,0,0
WA,52520,2023-09,4.61,37.28,0,0
WA,52520,2023-10,0,0,0,0
WA,52520,2023-11,0.61,4.08,0,0
WA,52520,2023-12,0,0,0,0
WA,52520,2024-01,0,0,0,0
WA,52520,2024-02,0,0,0,0
WA,52520,2024-03,0,0,0,0
WA,52520,2024-04,0,0,0,0
WA,52520,2024-05,1,6.64,0,0
WA,52520,2024-06,1,6.6,0,0
WA,52520,2024-07,1,32,0,0
WA,52520,2024-08,2,54.86,0,0
WA,52520,2024-09,0.61,4.05,0,0
WA,52520,2024-10,1,9.24,0,0
WA,52520,2024-11,0,0,0,0
WA,52520,2024-12,2,37.84,0,0
WA,52520,2025-01,0,0,0,0
WA,52520,2025-02,0,0,0,0
WA,52520,2025-03,1,8.8,0,0
WA,52520,2025-04,0,0,0,0
WA,52520,2025-05,0,0,0,0
WA,52520,2025-06,1,13.3,0,0
WA,52520,2025-07,0,0,0,0
WA,52520,2025-08,0,0,0,0
WA,52520,2025-09,0,0,0,0
WA,52520,2025-10,1,15.84,1,13.5
WA,52520,2025-11,0,0,0,0
WA,52520,2025-12,2,22.7,3,59.2
WA,52520,2026-01,0,0,0,0
WA,52520,2026-02,0,0,0,0
WA,52520,2026-03,0.61,30.7,1.61,84.53
WA,52520,2026-04,1,9.5,1,19.97
WA,52520,2026-05,0,0,0,0
WA,52520,2026-06,0.61,8.46,0.61,22.11
WA,52520,2026-07,3,32.68,1,18
WA,52520,2026-08,0,0,0,0
WA,52590,2023-01,2.28,20.37,0,0
WA,52590,2023-02,7.41,52.95,0,0
WA,52590,2023-03,6.28,46.3,0,0
WA,52590,2023-04,10.41,84.48,0,0
WA,52590,2023-05,9.14,527.08,0,0
WA,52590,2023-06,2,14.02,0,0
WA,52590,2023-07,9.41,123.42,0,0
WA,52590,2023-08,4.41,82.76,0,0
WA,52590,2023-09,2.14,14.82,0,0
WA,52590,2023-10,2.41,16.85,0,0
WA,52590,2023-11,6.28,50.62,0,0
WA,52590,2023-12,5.14,50.37,0,0
WA,52590,2024-01,10.28,105.17,0,0
WA,52590,2024-02,6.28,52.87,0,0
WA,52590,2024-03,5.28,42.59,0,0
WA,52590,2024-04,5.41,43.08,0,0
WA,52590,2024-05,5.14,43.04,0,0
WA,52590,2024-06,7.14,56.41,0,0
WA,52590,2024-07,4.14,74.8,0,0
WA,52590,2024-08,5.28,35.66,0,0
WA,52590,2024-09,5.41,47.41,0,0
WA,52590,2024-10,6.83,48.44,0,0
WA,52590,2024-11,6.55,49.1,0,0
WA,52590,2024-12,7.55,52.95,0,0
WA,52590,2025-01,5.28,41.6,0,0
WA,52590,2025-02,8.41,85.02,0,0
WA,52590,2025-03,3.55,27.44,0,0
WA,52590,2025-04,4.55,49.4,0,0
WA,52590,2025-05,9.28,68.4,0,0
WA,52590,2025-06,4.28,40.11,0,0
WA,52590,2025-07,2.28,26.22,2.28,37.14
WA,52590,2025-08,4.41,47.3,5.14,87.1
WA,52590,2025-09,4.28,46.05,5.14,61.62
WA,52590,2025-10,7.41,49.94,10.55,166.35
WA,52590,2025-11,4.14,45.15,7.41,114.1
WA,52590,2025-12,11.55,218.37,10.41,267.69
WA,52590,2026-01,5,68.44,6.14,170.59
WA,52590,2026-02,3.55,34.87,6.41,120.8
WA,52590,2026-03,5.28,68.19,7.41,159.64
WA,52590,2026-04,7.14,188.27,8.55,231.96
WA,52590,2026-05,5,50.25,6,126.3
WA,52590,2026-06,9.41,126.14,10.41,183.97
WA,52590,2026-07,10.41,151.11,13.41,278.56
WA,52590,2026-08,5,65.57,4,122.18
WA,52660,2023-01,18.85,124.7,0,0
WA,52660,2023-02,19,139.85,0,0
WA,52660,2023-03,16,113.68,0,0
WA,52660,2023-04,11.85,95.16,0,0
WA,52660,2023-05,27,177.14,0,0
WA,52660,2023-06,19,138.6,0,0
WA,52660,2023-07,8.85,59.65,0,0
WA,52660,2023-08,18,120.22,0,0
WA,52660,2023-09,12,76.38,0,0
WA,52660,2023-10,17.71,158.48,0,0
WA,52660,2023-11,25,178.78,0,0
WA,52660,2023-12,36,313.74,0,0
WA,52660,2024-01,21,137.08,0,0
WA,52660,2024-02,23,166.5,0,0
WA,52660,2024-03,19,119.52,0,0
WA,52660,2024-04,20,151.95,0,0
WA,52660,2024-05,17,139.15,0,0
WA,52660,2024-06,15,103.95,0,0
WA,52660,2024-07,23.71,203.29,0,0
WA,52660,2024-08,40,262.26,0,0
WA,52660,2024-09,18,119.92,0,0
WA,52660,2024-10,23,154.74,0,0
WA,52660,2024-11,15,116.96,0,0
WA,52660,2024-12,15,119.1,0,0
WA,52660,2025-01,16,115.62,0,0
WA,52660,2025-02,16,131.6,0,0
WA,52660,2025-03,22,155.72,0,0
WA,52660,2025-04,13,107.28,0,0
WA,52660,2025-05,10,91.5,0,0
WA,52660,2025-06,14,124.08,0,0
WA,52660,2025-07,8,64.14,9,154.6
WA,52660,2025-08,10,103.9,10,188.22
WA,52660,2025-09,11,117.93,15,275.9
WA,52660,2025-10,18,155.86,15,224.78
WA,52660,2025-11,22.85,210.89,22,371.78
WA,52660,2025-12,11,102.84,13,243.44
WA,52660,2026-01,12,126.52,14,306.78
WA,52660,2026-02,14,133.16,19,402.77
WA,52660,2026-03,8,80.06,14,231.94
WA,52660,2026-04,27,272.41,31,733.79
WA,52660,2026-05,10,85.06,11,202.69
WA,52660,2026-06,19,176.77,18,283.7
WA,52660,2026-07,17,177.24,16,388.28
WA,52660,2026-08,14,130.19,8,170.58
WA,52730,2023-01,3,21.75,0,0
WA,52730,2023-02,5,64.42,0,0
WA,52730,2023-03,9,58.21,0,0
WA,52730,2023-04,1,14.8,0,0
WA,52730,2023-05,8,84.87,0,0
WA,52730,2023-06,6,41.2,0,0
WA,52730,2023-07,7,49.82,0,0
WA,52730,2023-08,10,69.97,0,0
WA,52730,2023-09,6,36.99,0,0
WA,52730,2023-10,5,35.31,0,0
WA,52730,2023-11,8,62.22,0,0
WA,52730,2023-12,4,53.52,0,0
WA,52730,2024-01,6,49.28,0,0
WA,52730,2024-02,1,5.81,0,0
WA,52730,2024-03,4,28.2,0,0
WA,52730,2024-04,1,13.2,0,0
WA,52730,2024-05,3,24.04,0,0
WA,52730,2024-06,8,68.92,0,0
WA,52730,2024-07,4,34.32,0,0
WA,52730,2024-08,7,57.64,0,0
WA,52730,2024-09,3,28.93,0,0
WA,52730,2024-10,4,26.4,0,0
WA,52730,2024-11,7,49.18,0,0
WA,52730,2024-12,8,91.82,0,0
WA,52730,2025-01,4,26.4,0,0
WA,52730,2025-02,2,44.88,0,0
WA,52730,2025-03,12,178.2,0,0
WA,52730,2025-04,5,41.8,0,0
WA,52730,2025-05,4,121.75,0,0
WA,52730,2025-06,2,21.12,0,0
WA,52730,2025-07,2,15.4,0,0
WA,52730,2025-08,3,48.04,6,114.6
WA,52730,2025-09,1,6.6,3,67.7
WA,52730,2025-10,7,85.72,7,162.4
WA,52730,2025-11,9,87.36,10,140.57
WA,52730,2025-12,6,68.94,7,166.74
WA,52730,2026-01,5,57.24,6,90.3
WA,52730,2026-02,4,42.17,4,74.6
WA,52730,2026-03,11,118.4,12,235.76
WA,52730,2026-04,20,265,23,636.5
WA,52730,2026-05,5,40.85,3,41.6
WA,52730,2026-06,3,42.88,4,101.6
WA,52730,2026-07,8,96.46,8,156.2
WA,52730,2026-08,2,19.95,4,58.42
WA,52800,2023-01,0.01,0.11,0,0
WA,52800,2023-02,1,6.66,0,0
WA,52800,2023-03,0,0,0,0
WA,52800,2023-04,0,0.31,0,0
WA,52800,2023-05,2,169.26,0,0
WA,52800,2023-06,0.01,0.27,0,0
WA,52800,2023-07,1.01,16.8,0,0
WA,52800,2023-08,4,82.5,0,0
WA,52800,2023-09,10.01,65.68,0,0
WA,52800,2023-10,0,0,0,0
WA,52800,2023-11,11.01,99.83,0,0
WA,52800,2023-12,1,36.3,0,0
WA,52800,2024-01,0,0.31,0,0
WA,52800,2024-02,0,0.02,0,0
WA,52800,2024-03,1,6.44,0,0
WA,52800,2024-04,0,0.02,0,0
WA,52800,2024-05,0,0.02,0,0
WA,52800,2024-06,0.08,0.65,0,0
WA,52800,2024-07,1.13,100.54,0,0
WA,52800,2024-08,10.12,113.64,0,0
WA,52800,2024-09,15.05,92.83,0,0
WA,52800,2024-10,0.13,1.87,0,0
WA,52800,2024-11,1.05,27.55,0,0
WA,52800,2024-12,0.08,1.26,0,0
WA,52800,2025-01,2.02,12.92,0,0
WA,52800,2025-02,0.03,0.18,0,0
WA,52800,2025-03,0.04,0.66,0,0
WA,52800,2025-04,0.07,0.58,0,0
WA,52800,2025-05,0.02,0.21,0,0
WA,52800,2025-06,0.03,0.42,0,0
WA,52800,2025-07,6.07,159.22,3.01,125.17
WA,52800,2025-08,1.02,36.4,0,0.04
WA,52800,2025-09,2.03,98.12,0.01,0.15
WA,52800,2025-10,3.02,19.93,0,0.16
WA,52800,2025-11,12.02,138.84,2.02,35.6
WA,52800,2025-12,0.05,0.59,0.03,0.55
WA,52800,2026-01,0.01,0.09,0.01,0.1
WA,52800,2026-02,0.01,0.14,0.01,0.22
WA,52800,2026-03,0,0,0,0.18
WA,52800,2026-04,1.06,14.08,0.05,1.48
WA,52800,2026-05,5,66.54,0,0
WA,52800,2026-06,2.01,43.81,0.01,0.25
WA,52800,2026-07,1,6.65,0.01,0.21
WA,52800,2026-08,1,7.92,0,0
WA,52870,2023-01,9.38,81.27,0,0
WA,52870,2023-02,9.14,75.86,0,0
WA,52870,2023-03,11.2,77.06,0,0
WA,52870,2023-04,12.11,90.95,0,0
WA,52870,2023-05,13.27,137.17,0,0
WA,52870,2023-06,9.32,67.03,0,0
WA,52870,2023-07,1.22,8.12,0,0
WA,52870,2023-08,9.18,62.65,0,0
WA,52870,2023-09,10.13,117.79,0,0
WA,52870,2023-10,11.21,85.71,0,0
WA,52870,2023-11,15.24,116.29,0,0
WA,52870,2023-12,13.16,116.44,0,0
WA,52870,2024-01,10.21,107.7,0,0
WA,52870,2024-02,9.35,67.23,0,0
WA,52870,2024-03,6.22,47.15,0,0
WA,52870,2024-04,14.22,136.42,0,0
WA,52870,2024-05,9.28,78.05,0,0
WA,52870,2024-06,10.27,74.23,0,0
WA,52870,2024-07,6.33,53.83,0,0
WA,52870,2024-08,3.18,30.8,0,0
WA,52870,2024-09,10.29,73.72,0,0
WA,52870,2024-10,15.25,98.29,0,0
WA,52870,2024-11,8.34,66.71,0,0
WA,52870,2024-12,15.23,111.73,0,0
WA,52870,2025-01,8.34,51.12,0,0
WA,52870,2025-02,6.17,56.32,0,0
WA,52870,2025-03,4.12,35.79,0,0
WA,52870,2025-04,5.18,49.8,0,0
WA,52870,2025-05,10.24,83.89,0,0
WA,52870,2025-06,4.11,28.04,0,0
WA,52870,2025-07,5.18,153.98,5.15,157.7
WA,52870,2025-08,6.13,66.35,7.11,102.98
WA,52870,2025-09,7.01,73.47,10.13,157.93
WA,52870,2025-10,6.16,62.13,7.19,170.85
WA,52870,2025-11,12.1,124.38,11.16,206.04
WA,52870,2025-12,9.12,225.84,12.12,402.09
WA,52870,2026-01,5.1,44.6,7.08,99.22
WA,52870,2026-02,10.23,141.5,11.23,241.53
WA,52870,2026-03,10.16,130.06,9.2,241.21
WA,52870,2026-04,13.19,262.41,17.2,533.68
WA,52870,2026-05,11.1,83.52,5.1,93.44
WA,52870,2026-06,2.19,27.16,2.21,49.05
WA,52870,2026-07,7.23,46.75,5.19,98.96
WA,52870,2026-08,8.13,73.35,5.08,77.79
WA,52940,2023-01,0,0,0,0
WA,52940,2023-02,1,6.64,0,0
WA,52940,2023-03,0,0,0,0
WA,52940,2023-04,0,0,0,0
WA,52940,2023-05,2,13.29,0,0
WA,52940,2023-06,2,15.77,0,0
WA,52940,2023-07,1,6.64,0,0
WA,52940,2023-08,0,0,0,0
WA,52940,2023-09,0,0,0,0
WA,52940,2023-10,0,0,0,0
WA,52940,2023-11,1,6.6,0,0
WA,52940,2023-12,2,13.28,0,0
WA,52940,2024-01,2,4.68,0,0
WA,52940,2024-02,0,0,0,0
WA,52940,2024-03,0,0,0,0
WA,52940,2024-04,2,13.25,0,0
WA,52940,2024-05,0,0,0,0
WA,52940,2024-06,0,0,0,0
WA,52940,2024-07,1,6.64,0,0
WA,52940,2024-08,1,6.64,0,0
WA,52940,2024-09,1,6.6,0,0
WA,52940,2024-10,1,3.52,0,0
WA,52940,2024-11,2,13.2,0,0
WA,52940,2024-12,0,0,0,0
WA,52940,2025-01,0,0,0,0
WA,52940,2025-02,3,16.77,0,0
WA,52940,2025-03,0,0,0,0
WA,52940,2025-04,1,6.6,0,0
WA,52940,2025-05,0,0,0,0
WA,52940,2025-06,0,0,0,0
WA,52940,2025-07,0,0,0,0
WA,52940,2025-08,1,19,1,36.48
WA,52940,2025-09,0,0,0,0
WA,52940,2025-10,1,8.8,2,28.8
WA,52940,2025-11,0,0,0,0
WA,52940,2025-12,1,39.9,2,78.24
WA,52940,2026-01,0,0,0,0
WA,52940,2026-02,3,25.6,1,14.4
WA,52940,2026-03,0,0,0,0
WA,52940,2026-04,0,0,0,0
WA,52940,2026-05,1,6.18,0,0
WA,52940,2026-06,1,6.6,2,35.2
WA,52940,2026-07,0,0,0,0
WA,52940,2026-08,0,0,0,0
WA,53010,2023-01,0.01,0.06,0,0
WA,53010,2023-02,0.07,0.36,0,0
WA,53010,2023-03,1.04,2.38,0,0
WA,53010,2023-04,1.03,6.87,0,0
WA,53010,2023-05,0.06,0.17,0,0
WA,53010,2023-06,0.17,1.54,0,0
WA,53010,2023-07,0.06,1.35,0,0
WA,53010,2023-08,2.11,17.02,0,0
WA,53010,2023-09,0.07,0.49,0,0
WA,53010,2023-10,0.02,0.15,0,0
WA,53010,2023-11,0.1,0.71,0,0
WA,53010,2023-12,0.14,1.35,0,0
WA,53010,2024-01,0.02,0.13,0,0
WA,53010,2024-02,0.07,0.48,0,0
WA,53010,2024-03,1.06,14.16,0,0
WA,53010,2024-04,0.03,0.19,0,0
WA,53010,2024-05,0.05,0.99,0,0
WA,53010,2024-06,6.14,96.95,0,0
WA,53010,2024-07,0.07,0.38,0,0
WA,53010,2024-08,0.06,0.37,0,0
WA,53010,2024-09,1.11,8.81,0,0
WA,53010,2024-10,2.05,20.32,0,0
WA,53010,2024-11,0.08,0.71,0,0
WA,53010,2024-12,0.04,0.21,0,0
WA,53010,2025-01,0.03,0.31,0,0
WA,53010,2025-02,1.03,6.92,0,0
WA,53010,2025-03,0.08,1.34,0,0
WA,53010,2025-04,1.05,7.39,0,0
WA,53010,2025-05,1.03,23.19,0,0
WA,53010,2025-06,3.09,62.25,0,0
WA,53010,2025-07,0.07,0.78,0.05,0.68
WA,53010,2025-08,0.03,0.49,0.03,0.31
WA,53010,2025-09,0,0,0.06,0.56
WA,53010,2025-10,2.03,29.42,2.03,48.12
WA,53010,2025-11,0.02,0.1,0.02,0.23
WA,53010,2025-12,0.02,0.33,0.03,1.1
WA,53010,2026-01,0.02,0.31,0,0
WA,53010,2026-02,0.05,0.33,0.05,1.15
WA,53010,2026-03,0,0.09,0.01,0.24
WA,53010,2026-04,0.1,1.46,0.13,4.7
WA,53010,2026-05,1.03,6.76,0.05,0.79
WA,53010,2026-06,0.02,0.35,0.02,0.46
WA,53010,2026-07,0,0.04,0,0.06
WA,53010,2026-08,0,0.03,0,0
WA,53080,2023-01,0,0,0,0
WA,53080,2023-02,0,0,0,0
WA,53080,2023-03,0,0,0,0
WA,53080,2023-04,0,0,0,0
WA,53080,2023-05,2.93,19.49,0,0
WA,53080,2023-06,0.98,20.63,0,0
WA,53080,2023-07,4.88,29.69,0,0
WA,53080,2023-08,0,0,0,0
WA,53080,2023-09,0,0,0,0
WA,53080,2023-10,0,0,0,0
WA,53080,2023-11,2.93,97.43,0,0
WA,53080,2023-12,0.98,27.84,0,0
WA,53080,2024-01,0,0,0,0
WA,53080,2024-02,0,0,0,0
WA,53080,2024-03,0,0,0,0
WA,53080,2024-04,0.98,91.86,0,0
WA,53080,2024-05,0,0,0,0
WA,53080,2024-06,0,0,0,0
WA,53080,2024-07,5.86,36.06,0,0
WA,53080,2024-08,0.98,5.16,0,0
WA,53080,2024-09,0,0,0,0
WA,53080,2024-10,0.98,6.45,0,0
WA,53080,2024-11,7.81,48.99,0,0
WA,53080,2024-12,1.95,16.76,0,0
WA,53080,2025-01,0,0,0,0
WA,53080,2025-02,0.98,10.31,0,0
WA,53080,2025-03,2.93,25.79,0,0
WA,53080,2025-04,0,0,0,0
WA,53080,2025-05,0,0,0,0
WA,53080,2025-06,0,0,0,0
WA,53080,2025-07,0.98,6.45,0,0
WA,53080,2025-08,0.98,6.45,0,0
WA,53080,2025-09,0,0,0,0
WA,53080,2025-10,0,0,0,0
WA,53080,2025-11,0,0,0,0
WA,53080,2025-12,0.98,11.95,0.98,30.47
WA,53080,2026-01,0,0,0,0
WA,53080,2026-02,0,0,0,0
WA,53080,2026-03,0,0,0,0
WA,53080,2026-04,0,0,0,0
WA,53080,2026-05,0,0,0,0
WA,53080,2026-06,1.95,22.27,1.95,76.18
WA,53080,2026-07,0,0,0.98,62.82
WA,53080,2026-08,0,0,0,0
WA,53150,2023-01,10,96.61,0,0
WA,53150,2023-02,12,82.19,0,0
WA,53150,2023-03,6,39.87,0,0
WA,53150,2023-04,7,55.08,0,0
WA,53150,2023-05,5,53.04,0,0
WA,53150,2023-06,4,23.92,0,0
WA,53150,2023-07,4,24.78,0,0
WA,53150,2023-08,7,47.44,0,0
WA,53150,2023-09,7,53.11,0,0
WA,53150,2023-10,2,19.95,0,0
WA,53150,2023-11,7,54.97,0,0
WA,53150,2023-12,7,58.65,0,0
WA,53150,2024-01,6,61.27,0,0
WA,53150,2024-02,4,26.36,0,0
WA,53150,2024-03,13,106.01,0,0
WA,53150,2024-04,9,98.89,0,0
WA,53150,2024-05,3,29.86,0,0
WA,53150,2024-06,12,85.17,0,0
WA,53150,2024-07,11,85.8,0,0
WA,53150,2024-08,7,50.89,0,0
WA,53150,2024-09,7,56.74,0,0
WA,53150,2024-10,10,75.34,0,0
WA,53150,2024-11,10,76.82,0,0
WA,53150,2024-12,12,93.76,0,0
WA,53150,2025-01,5,37.67,0,0
WA,53150,2025-02,10,117.44,0,0
WA,53150,2025-03,6,39.65,0,0
WA,53150,2025-04,5,47.48,0,0
WA,53150,2025-05,6,43.56,0,0
WA,53150,2025-06,6,47.52,0,0
WA,53150,2025-07,5,49.2,13,205.02
WA,53150,2025-08,7,52.2,11,153.1
WA,53150,2025-09,7,47.96,12,209.94
WA,53150,2025-10,6,42.48,15,240.94
WA,53150,2025-11,4,49.32,10,153.67
WA,53150,2025-12,7,77.69,14,260.95
WA,53150,2026-01,5,33.76,5,107.68
WA,53150,2026-02,3,22.18,10,211.78
WA,53150,2026-03,9,97.34,17,350.06
WA,53150,2026-04,12,126.12,15,443.23
WA,53150,2026-05,9,76.66,11,176.94
WA,53150,2026-06,13,125.42,13,255.6
WA,53150,2026-07,10,114.34,10,168.68
WA,53150,2026-08,2,23.42,5,96.1
WA,53220,2023-01,1,6.4,0,0
WA,53220,2023-02,1.02,11.69,0,0
WA,53220,2023-03,0.03,0.31,0,0
WA,53220,2023-04,1.08,14.07,0,0
WA,53220,2023-05,0.02,0.71,0,0
WA,53220,2023-06,2.01,47.83,0,0
WA,53220,2023-07,2.09,14.86,0,0
WA,53220,2023-08,2.39,29.31,0,0
WA,53220,2023-09,5.66,92.79,0,0
WA,53220,2023-10,2.39,23.85,0,0
WA,53220,2023-11,1.32,10.73,0,0
WA,53220,2023-12,1.01,99.34,0,0
WA,53220,2024-01,0.08,1.55,0,0
WA,53220,2024-02,3.02,44.73,0,0
WA,53220,2024-03,0.03,0.56,0,0
WA,53220,2024-04,0.02,0.22,0,0
WA,53220,2024-05,0.24,3.11,0,0
WA,53220,2024-06,0.73,10.26,0,0
WA,53220,2024-07,0.54,4.1,0,0
WA,53220,2024-08,1.39,40.33,0,0
WA,53220,2024-09,1.96,20.58,0,0
WA,53220,2024-10,2.04,14.25,0,0
WA,53220,2024-11,0.08,0.5,0,0
WA,53220,2024-12,1.24,9.52,0,0
WA,53220,2025-01,0.08,1.31,0,0
WA,53220,2025-02,1.09,99.91,0,0
WA,53220,2025-03,0.09,0.9,0,0
WA,53220,2025-04,4,26.4,0,0
WA,53220,2025-05,2.16,55.12,0,0
WA,53220,2025-06,6,49.72,0,0
WA,53220,2025-07,0.17,2.29,4.01,39.33
WA,53220,2025-08,1,13.2,2.01,47.59
WA,53220,2025-09,1.08,14.87,1,25.6
WA,53220,2025-10,1.73,11.28,0.01,0.63
WA,53220,2025-11,0.13,3.89,0.06,2.79
WA,53220,2025-12,4.21,340.87,1.07,53.77
WA,53220,2026-01,0.08,0.95,0.23,2.53
WA,53220,2026-02,0.09,2.42,0.16,5.69
WA,53220,2026-03,1.08,12.66,1,20
WA,53220,2026-04,3.16,27.05,4.1,149.3
WA,53220,2026-05,0,0,0,0
WA,53220,2026-06,0.03,0.4,0.01,0.41
WA,53220,2026-07,7.16,49.05,2,39.6
WA,53220,2026-08,0.01,0.09,0.01,0.37
WA,53290,2023-01,0,0,0,0
WA,53290,2023-02,0,0,0,0
WA,53290,2023-03,0,0,0,0
WA,53290,2023-04,0,0,0,0
WA,53290,2023-05,1.99,42.59,0,0
WA,53290,2023-06,3.95,40.18,0,0
WA,53290,2023-07,0,0,0,0
WA,53290,2023-08,2.96,44.56,0,0
WA,53290,2023-09,0.99,12.3,0,0
WA,53290,2023-10,1.98,22.14,0,0
WA,53290,2023-11,6.92,83.56,0,0
WA,53290,2023-12,6.93,50.38,0,0
WA,53290,2024-01,5.93,47.33,0,0
WA,53290,2024-02,11.86,142.89,0,0
WA,53290,2024-03,6.92,135.54,0,0
WA,53290,2024-04,0.99,8.69,0,0
WA,53290,2024-05,2.96,39.89,0,0
WA,53290,2024-06,1.99,25.14,0,0
WA,53290,2024-07,0,0,0,0
WA,53290,2024-08,11.86,111.08,0,0
WA,53290,2024-09,33.6,304.95,0,0
WA,53290,2024-10,13.83,188.56,0,0
WA,53290,2024-11,21.74,142.38,0,0
WA,53290,2024-12,34.58,257.86,0,0
WA,53290,2025-01,19.77,170.07,0,0
WA,53290,2025-02,32.6,235.72,0,0
WA,53290,2025-03,21.75,153.84,0,0
WA,53290,2025-04,16.8,145.84,0,0
WA,53290,2025-05,12.84,117.37,0,0
WA,53290,2025-06,0,0,0,0
WA,53290,2025-07,0.99,13.04,0,0
WA,53290,2025-08,1.98,15.94,0.99,22.53
WA,53290,2025-09,11.88,117.19,19.77,362.94
WA,53290,2025-10,3.95,55.48,2.96,211.74
WA,53290,2025-11,7.9,122.95,14.82,432.61
WA,53290,2025-12,3.95,51.21,2.96,148.67
WA,53290,2026-01,3.95,36.99,4.94,289.87
WA,53290,2026-02,6.92,78.13,4.94,81.8
WA,53290,2026-03,4.94,71.23,14.82,287.7
WA,53290,2026-04,3.95,20.82,6.92,220.12
WA,53290,2026-05,6.93,124.69,1.98,27.27
WA,53290,2026-06,0,0,0,0
WA,53290,2026-07,1.98,32.85,2.96,100.14
WA,53290,2026-08,0.99,14.9,0.99,30.35
WA,53360,2023-01,0.04,0.35,0,0
WA,53360,2023-02,0,0,0,0
WA,53360,2023-03,0.02,0.14,0,0
WA,53360,2023-04,0,0,0,0
WA,53360,2023-05,0.02,0.07,0,0
WA,53360,2023-06,0,0,0,0
WA,53360,2023-07,0,0,0,0
WA,53360,2023-08,1.04,6.9,0,0
WA,53360,2023-09,0,0,0,0
WA,53360,2023-10,5.02,44.11,0,0
WA,53360,2023-11,16,161.85,0,0
WA,53360,2023-12,17.02,224.9,0,0
WA,53360,2024-01,2,20.68,0,0
WA,53360,2024-02,1,39.36,0,0
WA,53360,2024-03,7.18,90.55,0,0
WA,53360,2024-04,9.16,94.51,0,0
WA,53360,2024-05,0.04,0.35,0,0
WA,53360,2024-06,0.21,1.81,0,0
WA,53360,2024-07,1.06,7.69,0,0
WA,53360,2024-08,7.14,58.05,0,0
WA,53360,2024-09,11.23,107.75,0,0
WA,53360,2024-10,0.08,1.9,0,0
WA,53360,2024-11,3.14,36.55,0,0
WA,53360,2024-12,8.04,77.73,0,0
WA,53360,2025-01,10.1,79.93,0,0
WA,53360,2025-02,0.02,0.4,0,0
WA,53360,2025-03,2.33,38.12,0,0
WA,53360,2025-04,2.06,14,0,0
WA,53360,2025-05,0.02,0.75,0,0
WA,53360,2025-06,2.02,94.43,0,0
WA,53360,2025-07,4,57.96,0,0
WA,53360,2025-08,1.04,6.89,0.02,2
WA,53360,2025-09,0.04,0.94,0,0
WA,53360,2025-10,0.02,0.54,0.02,0.28
WA,53360,2025-11,0.04,0.38,0.04,0.57
WA,53360,2025-12,9.06,85.81,5.02,102.01
WA,53360,2026-01,0,0,4,82.8
WA,53360,2026-02,0.02,0.27,0,0
WA,53360,2026-03,1.02,14.79,1.06,24.92
WA,53360,2026-04,3.08,32.32,0.04,1.57
WA,53360,2026-05,1,13.3,0,0
WA,53360,2026-06,2,29.92,1,16.56
WA,53360,2026-07,4.04,51.41,4.02,95
WA,53360,2026-08,1,13.3,0.02,0.37
WA,53430,2023-01,28.07,257.95,0,0
WA,53430,2023-02,34.02,265.89,0,0
WA,53430,2023-03,35.43,238.39,0,0
WA,53430,2023-04,15.31,99.5,0,0
WA,53430,2023-05,20.48,167.41,0,0
WA,53430,2023-06,24.42,189.11,0,0
WA,53430,2023-07,19.37,128.34,0,0
WA,53430,2023-08,42.78,336.04,0,0
WA,53430,2023-09,23.13,268.7,0,0
WA,53430,2023-10,21.37,146.47,0,0
WA,53430,2023-11,31.07,238.79,0,0
WA,53430,2023-12,57.84,463.6,0,0
WA,53430,2024-01,26.55,184.43,0,0
WA,53430,2024-02,22.13,159.79,0,0
WA,53430,2024-03,25.66,223.78,0,0
WA,53430,2024-04,25.07,172.5,0,0
WA,53430,2024-05,32.66,246.36,0,0
WA,53430,2024-06,25.37,166.99,0,0
WA,53430,2024-07,31.01,250.37,0,0
WA,53430,2024-08,19.25,133.56,0,0
WA,53430,2024-09,20.78,156.52,0,0
WA,53430,2024-10,26.42,292.64,0,0
WA,53430,2024-11,36.43,319.47,0,0
WA,53430,2024-12,28.55,261.66,0,0
WA,53430,2025-01,24.96,195.52,0,0
WA,53430,2025-02,29.55,219.94,0,0
WA,53430,2025-03,27.54,356.59,0,0
WA,53430,2025-04,28.48,254.91,0,0
WA,53430,2025-05,27.07,221.24,0,0
WA,53430,2025-06,19.95,151.08,0,0
WA,53430,2025-07,15.3,102.7,17.07,250.71
WA,53430,2025-08,18.65,179.47,40.25,579.18
WA,53430,2025-09,17.77,162.68,36.02,511.32
WA,53430,2025-10,35.31,314.5,54.2,838.33
WA,53430,2025-11,27.9,291.25,46.26,677.08
WA,53430,2025-12,18.19,162.04,42.32,728.8
WA,53430,2026-01,22.95,214.25,36.49,646.69
WA,53430,2026-02,27.72,258.03,47.49,1054.26
WA,53430,2026-03,26.6,281.96,49.2,1191.39
WA,53430,2026-04,48.61,419.45,77.91,1927.72
WA,53430,2026-05,36.31,291.9,40.73,653.28
WA,53430,2026-06,37.43,344.87,39.02,650.49
WA,53430,2026-07,35.78,341.64,43.37,813.19
WA,53430,2026-08,27.42,244.85,20.19,431.92
WA,53570,2023-01,9.72,84.78,0,0
WA,53570,2023-02,14.59,116.5,0,0
WA,53570,2023-03,9.72,67.82,0,0
WA,53570,2023-04,4.59,31.13,0,0
WA,53570,2023-05,6.86,95.85,0,0
WA,53570,2023-06,7,66.43,0,0
WA,53570,2023-07,10.59,77.73,0,0
WA,53570,2023-08,9.59,75.06,0,0
WA,53570,2023-09,7.86,52.97,0,0
WA,53570,2023-10,7.59,68.33,0,0
WA,53570,2023-11,11.72,119.11,0,0
WA,53570,2023-12,7.86,49.1,0,0
WA,53570,2024-01,4.72,31.12,0,0
WA,53570,2024-02,12.72,100.89,0,0
WA,53570,2024-03,5.72,137.58,0,0
WA,53570,2024-04,21.59,198.15,0,0
WA,53570,2024-05,11.86,104.36,0,0
WA,53570,2024-06,7.86,62.05,0,0
WA,53570,2024-07,12.86,183.58,0,0
WA,53570,2024-08,15.72,258.39,0,0
WA,53570,2024-09,14.59,145.74,0,0
WA,53570,2024-10,16.17,127.05,0,0
WA,53570,2024-11,14.45,164.29,0,0
WA,53570,2024-12,9.45,93.66,0,0
WA,53570,2025-01,7.72,188.31,0,0
WA,53570,2025-02,7.59,157.36,0,0
WA,53570,2025-03,10.45,111.38,0,0
WA,53570,2025-04,4.45,39.39,0,0
WA,53570,2025-05,9.72,88.72,0,0
WA,53570,2025-06,7.72,88.78,0,0
WA,53570,2025-07,3.72,31.18,4.72,57.5
WA,53570,2025-08,7.59,67.06,3.86,70.2
WA,53570,2025-09,7.72,98.59,11.86,339.26
WA,53570,2025-10,6.59,106.52,13.45,308.17
WA,53570,2025-11,3.86,98.25,8.59,248.7
WA,53570,2025-12,8.45,100.98,6.59,182.03
WA,53570,2026-01,6,72.74,8.86,170.12
WA,53570,2026-02,8.45,114.28,8.59,292.47
WA,53570,2026-03,14.72,151.18,16.59,481.2
WA,53570,2026-04,11.86,175.08,24.45,1022.81
WA,53570,2026-05,8,110.42,11,229.98
WA,53570,2026-06,14.59,163.66,16.59,361.23
WA,53570,2026-07,15.59,168.19,13.59,316.74
WA,53570,2026-08,3,29.2,2,43.2
WA,53640,2023-01,0.17,1.14,0,0
WA,53640,2023-02,4,26.56,0,0
WA,53640,2023-03,1,6.64,0,0
WA,53640,2023-04,0,0,0,0
WA,53640,2023-05,6.45,43.49,0,0
WA,53640,2023-06,0.17,1.16,0,0
WA,53640,2023-07,1,6.64,0,0
WA,53640,2023-08,2,107.47,0,0
WA,53640,2023-09,0,0,0,0
WA,53640,2023-10,2.17,21.81,0,0
WA,53640,2023-11,0.17,2.04,0,0
WA,53640,2023-12,4,29.86,0,0
WA,53640,2024-01,1,6.64,0,0
WA,53640,2024-02,1.45,9.6,0,0
WA,53640,2024-03,3,19.88,0,0
WA,53640,2024-04,2,13.2,0,0
WA,53640,2024-05,1,6.6,0,0
WA,53640,2024-06,1.35,20.49,0,0
WA,53640,2024-07,0.17,1.84,0,0
WA,53640,2024-08,0.9,6.37,0,0
WA,53640,2024-09,2.9,41.71,0,0
WA,53640,2024-10,1.52,13.36,0,0
WA,53640,2024-11,1.87,20.02,0,0
WA,53640,2024-12,0,0,0,0
WA,53640,2025-01,0.72,9.54,0,0
WA,53640,2025-02,0.35,2.46,0,0
WA,53640,2025-03,1.45,57.88,0,0
WA,53640,2025-04,1.59,22.82,0,0
WA,53640,2025-05,4.07,36.08,0,0
WA,53640,2025-06,3,53.2,0,0
WA,53640,2025-07,0,0,0.9,17.04
WA,53640,2025-08,0,0,0.17,2.35
WA,53640,2025-09,0,0,0,0
WA,53640,2025-10,0.35,5,0.35,11.69
WA,53640,2025-11,0.35,5.12,0.35,12.25
WA,53640,2025-12,0.17,7.6,0.17,8.18
WA,53640,2026-01,0,0,0,0
WA,53640,2026-02,0.17,1.65,0.17,2.23
WA,53640,2026-03,0.17,2.64,0,0
WA,53640,2026-04,0.35,6.45,0.17,4.07
WA,53640,2026-05,1,17.1,1,51.2
WA,53640,2026-06,0,0,0,0
WA,53640,2026-07,0.17,5.95,0.17,11.45
WA,53640,2026-08,0.35,3.69,0.17,2.88
WA,53710,2023-01,1.36,7.92,0,0
WA,53710,2023-02,0.3,1.83,0,0
WA,53710,2023-03,3.47,31.36,0,0
WA,53710,2023-04,1.31,11.1,0,0
WA,53710,2023-05,1.28,8.52,0,0
WA,53710,2023-06,0.36,2.42,0,0
WA,53710,2023-07,1.36,9.08,0,0
WA,53710,2023-08,0.28,2.23,0,0
WA,53710,2023-09,0.19,1.38,0,0
WA,53710,2023-10,0.28,3.03,0,0
WA,53710,2023-11,0.39,3.42,0,0
WA,53710,2023-12,0.22,6.67,0,0
WA,53710,2024-01,0.14,1.37,0,0
WA,53710,2024-02,1.17,7.64,0,0
WA,53710,2024-03,0.2,1.41,0,0
WA,53710,2024-04,3.14,22.18,0,0
WA,53710,2024-05,1.58,15.26,0,0
WA,53710,2024-06,0.33,2.31,0,0
WA,53710,2024-07,0.25,1.64,0,0
WA,53710,2024-08,0.33,2.05,0,0
WA,53710,2024-09,2.33,30.31,0,0
WA,53710,2024-10,0.36,2.49,0,0
WA,53710,2024-11,0.28,1.97,0,0
WA,53710,2024-12,0.42,5.97,0,0
WA,53710,2025-01,0.28,2.48,0,0
WA,53710,2025-02,0.17,1.34,0,0
WA,53710,2025-03,2.25,14.89,0,0
WA,53710,2025-04,2.28,14.96,0,0
WA,53710,2025-05,0.28,2.18,0,0
WA,53710,2025-06,0.28,2.6,0,0
WA,53710,2025-07,2.11,13.48,1.11,16.98
WA,53710,2025-08,1.19,11.21,1.22,18.14
WA,53710,2025-09,0.08,1.04,0.08,1.81
WA,53710,2025-10,1.17,24.02,1.25,44.88
WA,53710,2025-11,0.28,3.19,0.28,5.7
WA,53710,2025-12,0.19,3.35,0.28,5.33
WA,53710,2026-01,0.06,0.37,0.14,3.1
WA,53710,2026-02,0.08,0.79,0.2,5.02
WA,53710,2026-03,0.36,3.55,0.33,7.69
WA,53710,2026-04,2.39,24.35,3.47,96.99
WA,53710,2026-05,0.2,2.15,0.25,6.03
WA,53710,2026-06,0.11,1.08,0.28,5.39
WA,53710,2026-07,2.22,15.19,0.25,4.68
WA,53710,2026-08,0.08,0.65,0.14,3.32
WA,53780,2023-01,95.65,778.05,0,0
WA,53780,2023-02,140.59,1018.14,0,0
WA,53780,2023-03,112.75,789.84,0,0
WA,53780,2023-04,83.26,640.9,0,0
WA,53780,2023-05,132.62,945.45,0,0
WA,53780,2023-06,130.51,898.56,0,0
WA,53780,2023-07,139.36,1021.03,0,0
WA,53780,2023-08,113.64,813.52,0,0
WA,53780,2023-09,110.01,778.65,0,0
WA,53780,2023-10,184.67,1304.31,0,0
WA,53780,2023-11,165.41,1187.32,0,0
WA,53780,2023-12,171.9,1413.9,0,0
WA,53780,2024-01,129.06,971.71,0,0
WA,53780,2024-02,148.49,1077.81,0,0
WA,53780,2024-03,127.3,933.43,0,0
WA,53780,2024-04,115.82,850.98,0,0
WA,53780,2024-05,131.7,1032.25,0,0
WA,53780,2024-06,136.64,1012.14,0,0
WA,53780,2024-07,118.77,957.88,0,0
WA,53780,2024-08,119.07,934.74,0,0
WA,53780,2024-09,112.38,934.37,0,0
WA,53780,2024-10,147.69,1179.57,0,0
WA,53780,2024-11,140.05,1066.61,0,0
WA,53780,2024-12,148.51,1523.53,0,0
WA,53780,2025-01,125.17,907.27,0,0
WA,53780,2025-02,142.73,1019.14,0,0
WA,53780,2025-03,101.92,843.75,0,0
WA,53780,2025-04,104.47,803.53,0,0
WA,53780,2025-05,111.98,959.24,0,0
WA,53780,2025-06,82.71,667.95,0,0
WA,53780,2025-07,78.04,605.22,105.79,1703.57
WA,53780,2025-08,91.05,777.9,170.7,2643.39
WA,53780,2025-09,107.11,947.97,193.88,3639.33
WA,53780,2025-10,132.91,1190.01,256.98,4969.72
WA,53780,2025-11,147.24,1358.91,237.62,5006.88
WA,53780,2025-12,150.14,1436.24,245.93,6120.05
WA,53780,2026-01,123.83,1122.73,196.49,4826.35
WA,53780,2026-02,154.52,1447,246.41,6671.54
WA,53780,2026-03,164.63,1602.89,306.09,8831.21
WA,53780,2026-04,196.69,2031.19,377.54,12831.23
WA,53780,2026-05,194.82,1779.64,205.45,4150.9
WA,53780,2026-06,162.34,1527.22,183.63,4030.71
WA,53780,2026-07,178.28,1706.94,189.93,4211.36
WA,53780,2026-08,113.91,999.23,97.12,2098.42
WA,53800,2023-01,42.24,306.86,0,0
WA,53800,2023-02,40.39,303.41,0,0
WA,53800,2023-03,50.54,508.74,0,0
WA,53800,2023-04,56.95,355.06,0,0
WA,53800,2023-05,31.54,216.67,0,0
WA,53800,2023-06,28.72,206.71,0,0
WA,53800,2023-07,23.63,174.24,0,0
WA,53800,2023-08,66.87,411.59,0,0
WA,53800,2023-09,27.35,248.59,0,0
WA,53800,2023-10,43.26,319.19,0,0
WA,53800,2023-11,52.22,482.61,0,0
WA,53800,2023-12,34.19,236.76,0,0
WA,53800,2024-01,44.63,319.57,0,0
WA,53800,2024-02,32.56,241.74,0,0
WA,53800,2024-03,37.82,213.89,0,0
WA,53800,2024-04,24.71,191.06,0,0
WA,53800,2024-05,34.78,282.25,0,0
WA,53800,2024-06,30.82,241.28,0,0
WA,53800,2024-07,35.67,235.76,0,0
WA,53800,2024-08,37.82,301.08,0,0
WA,53800,2024-09,31.1,264.46,0,0
WA,53800,2024-10,28.56,215.03,0,0
WA,53800,2024-11,33.18,229.08,0,0
WA,53800,2024-12,46.94,1216.98,0,0
WA,53800,2025-01,19.38,137.51,0,0
WA,53800,2025-02,20.15,224,0,0
WA,53800,2025-03,33.35,253.94,0,0
WA,53800,2025-04,24.62,199.22,0,0
WA,53800,2025-05,44.74,332.59,0,0
WA,53800,2025-06,17.4,252.53,0,0
WA,53800,2025-07,35.18,431.86,24.13,343.88
WA,53800,2025-08,21.86,162.65,19.48,302.2
WA,53800,2025-09,26.61,264.73,31.94,497.05
WA,53800,2025-10,29.32,248.62,34.04,516.53
WA,53800,2025-11,25.87,181.2,34.79,562.54
WA,53800,2025-12,22.37,219.1,21.14,351.29
WA,53800,2026-01,13.05,106.84,16.54,284.63
WA,53800,2026-02,32.68,254.78,34.91,620.49
WA,53800,2026-03,26.1,232.11,37.06,782.61
WA,53800,2026-04,45.51,493.59,49.72,1191.81
WA,53800,2026-05,27.22,221.95,30.46,630.08
WA,53800,2026-06,22.91,166.37,36.08,639.15
WA,53800,2026-07,37.4,368.24,40.78,799.05
WA,53800,2026-08,23.88,251.58,18.16,413.74
WA,53920,2023-01,0.11,0.97,0,0
WA,53920,2023-02,0.04,1.38,0,0
WA,53920,2023-03,0,0,0,0
WA,53920,2023-04,0,0,0,0
WA,53920,2023-05,0.11,3.23,0,0
WA,53920,2023-06,0.15,4.45,0,0
WA,53920,2023-07,0,0,0,0
WA,53920,2023-08,0.23,2.73,0,0
WA,53920,2023-09,0,0,0,0
WA,53920,2023-10,0,0,0,0
WA,53920,2023-11,0.08,2.28,0,0
WA,53920,2023-12,0,0,0,0
WA,53920,2024-01,0,0,0,0
WA,53920,2024-02,0,0,0,0
WA,53920,2024-03,0,0,0,0
WA,53920,2024-04,0.04,0.4,0,0
WA,53920,2024-05,0,0,0,0
WA,53920,2024-06,0.23,2.14,0,0
WA,53920,2024-07,1.03,71.55,0,0
WA,53920,2024-08,2.28,64.41,0,0
WA,53920,2024-09,2.1,15.07,0,0
WA,53920,2024-10,12.08,91.5,0,0
WA,53920,2024-11,1.3,101.19,0,0
WA,53920,2024-12,0,0,0,0
WA,53920,2025-01,1.18,8.21,0,0
WA,53920,2025-02,0.04,0.25,0,0
WA,53920,2025-03,0.08,1.75,0,0
WA,53920,2025-04,0,0,0,0
WA,53920,2025-05,0.04,0.25,0,0
WA,53920,2025-06,0.15,2.49,0,0
WA,53920,2025-07,0.08,0.55,0,0
WA,53920,2025-08,1.03,39.62,0,0
WA,53920,2025-09,1.07,37.59,0,0
WA,53920,2025-10,0.04,1.5,0,0
WA,53920,2025-11,0.04,1.03,0,0
WA,53920,2025-12,0.04,0.5,0,0
WA,53920,2026-01,0,0,0,0
WA,53920,2026-02,0,0,0,0
WA,53920,2026-03,0,0,0,0
WA,53920,2026-04,3.06,59.07,3.13,104.93
WA,53920,2026-05,0,0,0,0
WA,53920,2026-06,0,0,0,0
WA,53920,2026-07,0.04,0.27,0.04,0.68
WA,53920,2026-08,0,0,0,0
WA,53990,2023-01,32,250.17,0,0
WA,53990,2023-02,39,282.59,0,0
WA,53990,2023-03,41,294.86,0,0
WA,53990,2023-04,30,261.52,0,0
WA,53990,2023-05,33,305.54,0,0
WA,53990,2023-06,26,159.05,0,0
WA,53990,2023-07,25,183.45,0,0
WA,53990,2023-08,35,234.98,0,0
WA,53990,2023-09,25,200.14,0,0
WA,53990,2023-10,26,343.98,0,0
WA,53990,2023-11,37,351.82,0,0
WA,53990,2023-12,44,333.44,0,0
WA,53990,2024-01,46,312.26,0,0
WA,53990,2024-02,45,305.46,0,0
WA,53990,2024-03,30,218.14,0,0
WA,53990,2024-04,39,308.18,0,0
WA,53990,2024-05,47,320.9,0,0
WA,53990,2024-06,41,269.28,0,0
WA,53990,2024-07,50,357.99,0,0
WA,53990,2024-08,50,355.7,0,0
WA,53990,2024-09,43,309.3,0,0
WA,53990,2024-10,32,227.68,0,0
WA,53990,2024-11,55,409.03,0,0
WA,53990,2024-12,44,719.78,0,0
WA,53990,2025-01,33,287.33,0,0
WA,53990,2025-02,47,341.19,0,0
WA,53990,2025-03,33,260.15,0,0
WA,53990,2025-04,39,250.43,0,0
WA,53990,2025-05,33,240.34,0,0
WA,53990,2025-06,27,193.84,0,0
WA,53990,2025-07,25,235.08,31,473.55
WA,53990,2025-08,31,305.29,29,505.87
WA,53990,2025-09,26,227.15,44,657.22
WA,53990,2025-10,40,412.83,48,790.18
WA,53990,2025-11,35,325.7,44,766.61
WA,53990,2025-12,26,269.79,39,889.94
WA,53990,2026-01,17,179.92,21,440.36
WA,53990,2026-02,35,317.5,34,665.73
WA,53990,2026-03,30,318.45,36,832.77
WA,53990,2026-04,38,427.22,46,1187.45
WA,53990,2026-05,38,345.22,40,848.83
WA,53990,2026-06,35,320.9,34,635.34
WA,53990,2026-07,55,531.31,56,1067.78
WA,53990,2026-08,22,237.92,25,507.49
WA,54060,2023-01,4,28.68,0,0
WA,54060,2023-02,9,115.45,0,0
WA,54060,2023-03,5,36.76,0,0
WA,54060,2023-04,5,36.24,0,0
WA,54060,2023-05,4,26.4,0,0
WA,54060,2023-06,2,14.11,0,0
WA,54060,2023-07,6,41.34,0,0
WA,54060,2023-08,3,17.18,0,0
WA,54060,2023-09,3,20.75,0,0
WA,54060,2023-10,1,6.64,0,0
WA,54060,2023-11,6,42.74,0,0
WA,54060,2023-12,6,41.46,0,0
WA,54060,2024-01,3,19.88,0,0
WA,54060,2024-02,0,0,0,0
WA,54060,2024-03,6,41.5,0,0
WA,54060,2024-04,4,31.46,0,0
WA,54060,2024-05,6,40.75,0,0
WA,54060,2024-06,4,34.94,0,0
WA,54060,2024-07,6,43.52,0,0
WA,54060,2024-08,5,42.49,0,0
WA,54060,2024-09,6,42.73,0,0
WA,54060,2024-10,3,22.88,0,0
WA,54060,2024-11,4,36.32,0,0
WA,54060,2024-12,2,14.52,0,0
WA,54060,2025-01,5,46.32,0,0
WA,54060,2025-02,5,43.56,0,0
WA,54060,2025-03,8,52.36,0,0
WA,54060,2025-04,6,47.08,0,0
WA,54060,2025-05,4,32.12,0,0
WA,54060,2025-06,3,29.61,0,0
WA,54060,2025-07,4,23.54,1,9.2
WA,54060,2025-08,8,47.49,8,120.5
WA,54060,2025-09,2,29.04,2,34.8
WA,54060,2025-10,1,3.08,1,18
WA,54060,2025-11,4,26.06,4,66.56
WA,54060,2025-12,2,19.8,4,79.52
WA,54060,2026-01,4,36.25,3,66.7
WA,54060,2026-02,2,29.48,3,72.96
WA,54060,2026-03,9,77.53,11,199.89
WA,54060,2026-04,9,87.02,10,337.32
WA,54060,2026-05,5,45.21,5,83.2
WA,54060,2026-06,9,89.72,9,167.9
WA,54060,2026-07,2,9.71,5,85.4
WA,54060,2026-08,4,27.27,3,67.2
WA,54130,2023-01,0.83,5.44,0,0
WA,54130,2023-02,0,0,0,0
WA,54130,2023-03,0.01,0.11,0,0
WA,54130,2023-04,0,0,0,0
WA,54130,2023-05,1.55,16.8,0,0
WA,54130,2023-06,0.85,5.85,0,0
WA,54130,2023-07,0,0,0,0
WA,54130,2023-08,0,0,0,0
WA,54130,2023-09,0,0,0,0
WA,54130,2023-10,0.83,5.48,0,0
WA,54130,2023-11,0.85,9.84,0,0
WA,54130,2023-12,0,0,0,0
WA,54130,2024-01,0,0,0,0
WA,54130,2024-02,1.55,43.21,0,0
WA,54130,2024-03,0.01,0.09,0,0
WA,54130,2024-04,0.01,0.09,0,0
WA,54130,2024-05,1.05,15.32,0,0
WA,54130,2024-06,1.65,25.11,0,0
WA,54130,2024-07,0.84,8.88,0,0
WA,54130,2024-08,2.1,14.92,0,0
WA,54130,2024-09,2.1,18.09,0,0
WA,54130,2024-10,2.49,25.89,0,0
WA,54130,2024-11,4.17,64,0,0
WA,54130,2024-12,0.03,0.27,0,0
WA,54130,2025-01,0.28,3.66,0,0
WA,54130,2025-02,1.67,11.75,0,0
WA,54130,2025-03,1.57,29.05,0,0
WA,54130,2025-04,4.42,44.59,0,0
WA,54130,2025-05,1.93,29.32,0,0
WA,54130,2025-06,0,0,0,0
WA,54130,2025-07,0,0,1.1,20.96
WA,54130,2025-08,0,0,0.83,11.15
WA,54130,2025-09,0,0,0,0
WA,54130,2025-10,3.65,36.95,1.65,55.51
WA,54130,2025-11,1.65,24.33,1.65,58.15
WA,54130,2025-12,1.83,58.9,0.83,38.82
WA,54130,2026-01,0,0,0,0
WA,54130,2026-02,0.83,7.85,0.83,10.57
WA,54130,2026-03,1.83,22.06,1,18.8
WA,54130,2026-04,2.65,53.4,0.83,19.33
WA,54130,2026-05,0.01,0.21,0.03,0.49
WA,54130,2026-06,0,0,0,0
WA,54130,2026-07,0.83,28.25,0.83,54.35
WA,54130,2026-08,1.65,17.51,0.83,13.68
WA,54170,2023-01,166.65,1230.22,0,0
WA,54170,2023-02,186.66,1383.72,0,0
WA,54170,2023-03,207.99,1562.67,0,0
WA,54170,2023-04,158.76,1196.65,0,0
WA,54170,2023-05,143.54,1144.97,0,0
WA,54170,2023-06,140.7,1031.89,0,0
WA,54170,2023-07,140.04,977.15,0,0
WA,54170,2023-08,164.02,1097.65,0,0
WA,54170,2023-09,143.43,964.71,0,0
WA,54170,2023-10,183.13,1310.2,0,0
WA,54170,2023-11,239.22,1678.58,0,0
WA,54170,2023-12,172.84,1463.93,0,0
WA,54170,2024-01,121.61,885.73,0,0
WA,54170,2024-02,165.24,1169.94,0,0
WA,54170,2024-03,169.41,1196.8,0,0
WA,54170,2024-04,164.95,1215.93,0,0
WA,54170,2024-05,164.59,1179.8,0,0
WA,54170,2024-06,141.81,1050.17,0,0
WA,54170,2024-07,171.21,1289.55,0,0
WA,54170,2024-08,124,1084.71,0,0
WA,54170,2024-09,123.79,939.67,0,0
WA,54170,2024-10,154.57,1130.01,0,0
WA,54170,2024-11,213.49,1625.56,0,0
WA,54170,2024-12,182.72,1438.97,0,0
WA,54170,2025-01,139.45,1084.88,0,0
WA,54170,2025-02,156.74,1164.28,0,0
WA,54170,2025-03,174.98,1411.64,0,0
WA,54170,2025-04,130.68,963.69,0,0
WA,54170,2025-05,125.84,972.9,0,0
WA,54170,2025-06,119.45,909.44,0,0
WA,54170,2025-07,111.25,865.89,137.78,1982.99
WA,54170,2025-08,110.14,878.16,212.8,3361.47
WA,54170,2025-09,122.9,1131.8,230.68,3900.98
WA,54170,2025-10,166.29,1471.3,309.09,5282.27
WA,54170,2025-11,171.7,1641.66,308.9,5801.05
WA,54170,2025-12,167.58,1716.16,276.38,5726.28
WA,54170,2026-01,161.83,1419.81,260.65,5544.4
WA,54170,2026-02,191.45,1735.43,300.82,7137.32
WA,54170,2026-03,197.77,1826.58,350,8516.49
WA,54170,2026-04,235.5,2407.88,402.08,11020.9
WA,54170,2026-05,232.42,2058.74,278.03,5171.93
WA,54170,2026-06,183.77,1699.43,210.65,4089.6
WA,54170,2026-07,224.95,2108.75,243.4,4818.94
WA,54170,2026-08,147.8,1430.29,138.11,2735.27
WA,54200,2023-01,62.07,481.88,0,0
WA,54200,2023-02,76.08,544.09,0,0
WA,54200,2023-03,77.93,535.64,0,0
WA,54200,2023-04,60.29,412.09,0,0
WA,54200,2023-05,57.25,477.06,0,0
WA,54200,2023-06,72.54,618.62,0,0
WA,54200,2023-07,69.35,537.77,0,0
WA,54200,2023-08,64.32,644.48,0,0
WA,54200,2023-09,49.3,376.06,0,0
WA,54200,2023-10,61.18,446.74,0,0
WA,54200,2023-11,64.46,450.83,0,0
WA,54200,2023-12,63.53,479.42,0,0
WA,54200,2024-01,62.85,425.4,0,0
WA,54200,2024-02,60.35,417.38,0,0
WA,54200,2024-03,52.24,472.95,0,0
WA,54200,2024-04,79.92,632.85,0,0
WA,54200,2024-05,65.47,592.61,0,0
WA,54200,2024-06,65.21,500.74,0,0
WA,54200,2024-07,57.24,425.94,0,0
WA,54200,2024-08,61.86,480.28,0,0
WA,54200,2024-09,55.5,367.43,0,0
WA,54200,2024-10,68.29,602.04,0,0
WA,54200,2024-11,63.94,520.64,0,0
WA,54200,2024-12,53.84,427.36,0,0
WA,54200,2025-01,65.82,493.35,0,0
WA,54200,2025-02,44.08,327.1,0,0
WA,54200,2025-03,47.11,499.63,0,0
WA,54200,2025-04,45.72,364.08,0,0
WA,54200,2025-05,58.29,468.24,0,0
WA,54200,2025-06,58.48,485.55,0,0
WA,54200,2025-07,33.68,320.31,38.5,564.62
WA,54200,2025-08,35.74,320.85,53.1,861.51
WA,54200,2025-09,49.85,437.87,98.85,1643.11
WA,54200,2025-10,63.82,589.77,112.15,1982.9
WA,54200,2025-11,56.93,479.06,101.58,1853.22
WA,54200,2025-12,66.55,775.2,96.29,2315.66
WA,54200,2026-01,66.85,609.57,96.17,2078.95
WA,54200,2026-02,64.3,704.15,90.7,2246.33
WA,54200,2026-03,71,817.6,112.01,2836.1
WA,54200,2026-04,93.63,1024.13,160.69,4810.73
WA,54200,2026-05,95.43,1017.74,94.16,1813.77
WA,54200,2026-06,91.14,892.16,100.53,2041.77
WA,54200,2026-07,96.89,993.18,116.1,2289.76
WA,54200,2026-08,50.51,538.93,56.43,1077.26
WA,54280,2023-01,9,71.76,0,0
WA,54280,2023-02,22,183.06,0,0
WA,54280,2023-03,62.09,417.48,0,0
WA,54280,2023-04,12,79.56,0,0
WA,54280,2023-05,24,358.77,0,0
WA,54280,2023-06,30,229.12,0,0
WA,54280,2023-07,32,199.66,0,0
WA,54280,2023-08,18,123.47,0,0
WA,54280,2023-09,22,172,0,0
WA,54280,2023-10,34,206.1,0,0
WA,54280,2023-11,24,298.28,0,0
WA,54280,2023-12,24,232.48,0,0
WA,54280,2024-01,15,92.09,0,0
WA,54280,2024-02,7,65.57,0,0
WA,54280,2024-03,9,58.18,0,0
WA,54280,2024-04,33,209.45,0,0
WA,54280,2024-05,18,131.16,0,0
WA,54280,2024-06,11,88.64,0,0
WA,54280,2024-07,20,129.8,0,0
WA,54280,2024-08,28,391.96,0,0
WA,54280,2024-09,5,59.4,0,0
WA,54280,2024-10,26,187.53,0,0
WA,54280,2024-11,14,200.1,0,0
WA,54280,2024-12,30,247.58,0,0
WA,54280,2025-01,6,41.36,0,0
WA,54280,2025-02,25,257.58,0,0
WA,54280,2025-03,23,161.53,0,0
WA,54280,2025-04,12,124.19,0,0
WA,54280,2025-05,20,139.28,0,0
WA,54280,2025-06,14,92.45,0,0
WA,54280,2025-07,6,45.76,0,0
WA,54280,2025-08,14,110.88,4,74.2
WA,54280,2025-09,16,155.33,22,320.3
WA,54280,2025-10,1,6.6,1,19.8
WA,54280,2025-11,18,187.73,19,513.14
WA,54280,2025-12,5,70.18,3,89.2
WA,54280,2026-01,5,43.53,4,103.46
WA,54280,2026-02,7,54.15,7,122.4
WA,54280,2026-03,7,92.47,8,250.27
WA,54280,2026-04,20,230.94,22.09,574.39
WA,54280,2026-05,5,35.32,11,136.36
WA,54280,2026-06,5,48.74,6,122.44
WA,54280,2026-07,6,66.03,10,254
WA,54280,2026-08,7,56.05,12,165
WA,54310,2023-01,2,17.84,0,0
WA,54310,2023-02,3,37.74,0,0
WA,54310,2023-03,3,62.82,0,0
WA,54310,2023-04,8,90.78,0,0
WA,54310,2023-05,7,166.83,0,0
WA,54310,2023-06,27,212.46,0,0
WA,54310,2023-07,13,123.75,0,0
WA,54310,2023-08,12,163.3,0,0
WA,54310,2023-09,14,205.71,0,0
WA,54310,2023-10,9,108.32,0,0
WA,54310,2023-11,5,83.17,0,0
WA,54310,2023-12,5,218.82,0,0
WA,54310,2024-01,6,21.12,0,0
WA,54310,2024-02,2,10.56,0,0
WA,54310,2024-03,3,151.25,0,0
WA,54310,2024-04,4,34.11,0,0
WA,54310,2024-05,9,63.76,0,0
WA,54310,2024-06,2,66,0,0
WA,54310,2024-07,4,52.4,0,0
WA,54310,2024-08,3,36.54,0,0
WA,54310,2024-09,11,73.83,0,0
WA,54310,2024-10,7,181.6,0,0
WA,54310,2024-11,2,69.96,0,0
WA,54310,2024-12,9,85.8,0,0
WA,54310,2025-01,5,52.8,0,0
WA,54310,2025-02,7,102.34,0,0
WA,54310,2025-03,6,220.17,0,0
WA,54310,2025-04,7,62.85,0,0
WA,54310,2025-05,1,13.2,0,0
WA,54310,2025-06,1,13.2,0,0
WA,54310,2025-07,4,39.6,0,0
WA,54310,2025-08,7,122.76,2,38.64
WA,54310,2025-09,4,65.92,0,0
WA,54310,2025-10,5,154.71,1,61.44
WA,54310,2025-11,3,119.71,1,11.04
WA,54310,2025-12,7,79.45,6,121.12
WA,54310,2026-01,7,80.22,8,104.32
WA,54310,2026-02,8,163.34,4,120.24
WA,54310,2026-03,3,53.15,1,15.6
WA,54310,2026-04,3,37.23,5,194.52
WA,54310,2026-05,4,42.12,1,11.04
WA,54310,2026-06,2,19.95,3,35.88
WA,54310,2026-07,4,57.11,1,20.48
WA,54310,2026-08,0,0,0,0
WA,54340,2023-01,1.99,13.22,0,0
WA,54340,2023-02,8.96,61.64,0,0
WA,54340,2023-03,2.99,21.18,0,0
WA,54340,2023-04,1,6.57,0,0
WA,54340,2023-05,1.99,10.1,0,0
WA,54340,2023-06,4.98,37.84,0,0
WA,54340,2023-07,1.99,12.98,0,0
WA,54340,2023-08,2.99,115.15,0,0
WA,54340,2023-09,1,6.57,0,0
WA,54340,2023-10,0,0,0,0
WA,54340,2023-11,4.98,35.72,0,0
WA,54340,2023-12,1.99,11.82,0,0
WA,54340,2024-01,3.98,26.23,0,0
WA,54340,2024-02,3.98,34.97,0,0
WA,54340,2024-03,6.97,51.04,0,0
WA,54340,2024-04,1,6.57,0,0
WA,54340,2024-05,1,6.57,0,0
WA,54340,2024-06,4.98,41.49,0,0
WA,54340,2024-07,0,0,0,0
WA,54340,2024-08,5.97,39.51,0,0
WA,54340,2024-09,1.99,28.9,0,0
WA,54340,2024-10,4.98,39.54,0,0
WA,54340,2024-11,5.97,45.97,0,0
WA,54340,2024-12,3.98,24.52,0,0
WA,54340,2025-01,1.99,32.89,0,0
WA,54340,2025-02,1.99,15.76,0,0
WA,54340,2025-03,1.99,13.14,0,0
WA,54340,2025-04,1,98.96,0,0
WA,54340,2025-05,1,6.57,0,0
WA,54340,2025-06,3.98,32.09,0,0
WA,54340,2025-07,3.98,33.86,0,0
WA,54340,2025-08,1,6.57,1,17.91
WA,54340,2025-09,0,0,1,9.95
WA,54340,2025-10,1,12.26,1.99,25.38
WA,54340,2025-11,0,0,0,0
WA,54340,2025-12,0,0,1,19.11
WA,54340,2026-01,0,0,0,0
WA,54340,2026-02,0,0,0,0
WA,54340,2026-03,1,18.43,1.99,48.66
WA,54340,2026-04,1,9.93,2.99,53.22
WA,54340,2026-05,1,15.13,0,0
WA,54340,2026-06,0,0,0,0
WA,54340,2026-07,1,9.06,1,12.94
WA,54340,2026-08,1,6.62,0,0
WA,54410,2023-01,0,0,0,0
WA,54410,2023-02,0,0,0,0
WA,54410,2023-03,2,35.37,0,0
WA,54410,2023-04,1,6.6,0,0
WA,54410,2023-05,3,11.91,0,0
WA,54410,2023-06,4,26.56,0,0
WA,54410,2023-07,0,0,0,0
WA,54410,2023-08,0,0,0,0
WA,54410,2023-09,1,6.22,0,0
WA,54410,2023-10,0,0,0,0
WA,54410,2023-11,2,54.12,0,0
WA,54410,2023-12,0,0,0,0
WA,54410,2024-01,1,6.6,0,0
WA,54410,2024-02,0,0,0,0
WA,54410,2024-03,0,0,0,0
WA,54410,2024-04,0,0,0,0
WA,54410,2024-05,0,0,0,0
WA,54410,2024-06,2,13.2,0,0
WA,54410,2024-07,2,13.2,0,0
WA,54410,2024-08,0,0,0,0
WA,54410,2024-09,0,0,0,0
WA,54410,2024-10,0,0,0,0
WA,54410,2024-11,0,0,0,0
WA,54410,2024-12,1,14.25,0,0
WA,54410,2025-01,0,0,0,0
WA,54410,2025-02,3,18.04,0,0
WA,54410,2025-03,1,6.6,0,0
WA,54410,2025-04,1,13.2,0,0
WA,54410,2025-05,0,0,0,0
WA,54410,2025-06,1,6.6,0,0
WA,54410,2025-07,0,0,0,0
WA,54410,2025-08,0,0,0,0
WA,54410,2025-09,0,0,0,0
WA,54410,2025-10,1,13.3,1,31.2
WA,54410,2025-11,0,0,0,0
WA,54410,2025-12,1,31.62,0,0
WA,54410,2026-01,0,0,1,16
WA,54410,2026-02,0,0,0,0
WA,54410,2026-03,0,0,0,0
WA,54410,2026-04,0,0,0,0
WA,54410,2026-05,0,0,0,0
WA,54410,2026-06,0,0,0,0
WA,54410,2026-07,0,0,0,0
WA,54410,2026-08,0,0,0,0
WA,54480,2023-01,0,0,0,0
WA,54480,2023-02,0,0,0,0
WA,54480,2023-03,0,0,0,0
WA,54480,2023-04,0,0,0,0
WA,54480,2023-05,0,0,0,0
WA,54480,2023-06,0,0,0,0
WA,54480,2023-07,0,0,0,0
WA,54480,2023-08,0,0,0,0
WA,54480,2023-09,0,0,0,0
WA,54480,2023-10,0,0,0,0
WA,54480,2023-11,0,0,0,0
WA,54480,2023-12,0,0,0,0
WA,54480,2024-01,0,0,0,0
WA,54480,2024-02,1,6.6,0,0
WA,54480,2024-03,1,13.33,0,0
WA,54480,2024-04,0,0,0,0
WA,54480,2024-05,0,0,0,0
WA,54480,2024-06,1,15.2,0,0
WA,54480,2024-07,0,0,0,0
WA,54480,2024-08,0,0,0,0
WA,54480,2024-09,3,36,0,0
WA,54480,2024-10,1,8.8,0,0
WA,54480,2024-11,0,0,0,0
WA,54480,2024-12,0,0,0,0
WA,54480,2025-01,0,0,0,0
WA,54480,2025-02,0,0,0,0
WA,54480,2025-03,0,0,0,0
WA,54480,2025-04,1,6.6,0,0
WA,54480,2025-05,1,21.12,0,0
WA,54480,2025-06,2,43.92,0,0
WA,54480,2025-07,0,0,0,0
WA,54480,2025-08,0,0,0,0
WA,54480,2025-09,1,22.8,0,0
WA,54480,2025-10,0,0,0,0
WA,54480,2025-11,0,0,0,0
WA,54480,2025-12,1,32.77,1,46.8
WA,54480,2026-01,0,0,0,0
WA,54480,2026-02,0,0,0,0
WA,54480,2026-03,0,0,0,0
WA,54480,2026-04,0,0,0,0
WA,54480,2026-05,0,0,0,0
WA,54480,2026-06,0,0,0,0
WA,54480,2026-07,0,0,0,0
WA,54480,2026-08,0,0,0,0
WA,54550,2023-01,1,14.11,0,0
WA,54550,2023-02,1,6,0,0
WA,54550,2023-03,5,67.22,0,0
WA,54550,2023-04,0,0,0,0
WA,54550,2023-05,0,0,0,0
WA,54550,2023-06,1.75,12.73,0,0
WA,54550,2023-07,1,13.12,0,0
WA,54550,2023-08,1,5,0,0
WA,54550,2023-09,1,6.64,0,0
WA,54550,2023-10,1,17.34,0,0
WA,54550,2023-11,1,6.64,0,0
WA,54550,2023-12,0,0,0,0
WA,54550,2024-01,0,0,0,0
WA,54550,2024-02,1,6.64,0,0
WA,54550,2024-03,3.75,25.29,0,0
WA,54550,2024-04,0,0,0,0
WA,54550,2024-05,2.75,17.95,0,0
WA,54550,2024-06,1.75,20.17,0,0
WA,54550,2024-07,1,6.6,0,0
WA,54550,2024-08,0,0,0,0
WA,54550,2024-09,0,0,0,0
WA,54550,2024-10,0,0,0,0
WA,54550,2024-11,3,22.88,0,0
WA,54550,2024-12,0.75,74.9,0,0
WA,54550,2025-01,1,7.92,0,0
WA,54550,2025-02,2,22.88,0,0
WA,54550,2025-03,0.75,4.97,0,0
WA,54550,2025-04,0,0,0,0
WA,54550,2025-05,4,68.4,0,0
WA,54550,2025-06,0,0,0,0
WA,54550,2025-07,0,0,0,0
WA,54550,2025-08,0,0,0,0
WA,54550,2025-09,0,0,0,0
WA,54550,2025-10,0,0,0,0
WA,54550,2025-11,2,20.62,1,25.6
WA,54550,2025-12,1,7.99,1,31.2
WA,54550,2026-01,0.75,10.6,0.75,20.59
WA,54550,2026-02,1,7.6,0,0
WA,54550,2026-03,3,34.8,1,4.79
WA,54550,2026-04,1,6.65,0,0
WA,54550,2026-05,0,0,0,0
WA,54550,2026-06,0,0,0,0
WA,54550,2026-07,0,0,0,0
WA,54550,2026-08,0,0,0,0
WA,54620,2023-01,0,0,0,0
WA,54620,2023-02,1.96,14.15,0,0
WA,54620,2023-03,0,0,0,0
WA,54620,2023-04,0,0,0,0
WA,54620,2023-05,2.87,6.02,0,0
WA,54620,2023-06,0,0,0,0
WA,54620,2023-07,0,0,0,0
WA,54620,2023-08,1,2.22,0,0
WA,54620,2023-09,0,0,0,0
WA,54620,2023-10,0,0,0,0
WA,54620,2023-11,1.91,20.65,0,0
WA,54620,2023-12,0,0,0,0
WA,54620,2024-01,0,0,0,0
WA,54620,2024-02,0,0,0,0
WA,54620,2024-03,0,0,0,0
WA,54620,2024-04,1,13.2,0,0
WA,54620,2024-05,0,0,0,0
WA,54620,2024-06,2.87,50.53,0,0
WA,54620,2024-07,0,0,0,0
WA,54620,2024-08,0,0,0,0
WA,54620,2024-09,0,0,0,0
WA,54620,2024-10,0,0,0,0
WA,54620,2024-11,1,5.28,0,0
WA,54620,2024-12,0,0,0,0
WA,54620,2025-01,0,0,0,0
WA,54620,2025-02,1,6.6,0,0
WA,54620,2025-03,3,39.16,0,0
WA,54620,2025-04,0,0,0,0
WA,54620,2025-05,4.96,32.72,0,0
WA,54620,2025-06,0.96,6.32,0,0
WA,54620,2025-07,0,0,0,0
WA,54620,2025-08,1,26.25,1,56.4
WA,54620,2025-09,0,0,0,0
WA,54620,2025-10,0,0,0,0
WA,54620,2025-11,1,9.5,0,0
WA,54620,2025-12,0.96,6.32,0,0
WA,54620,2026-01,0,0,0,0
WA,54620,2026-02,0,0,1,7.38
WA,54620,2026-03,0,0,0,0
WA,54620,2026-04,0,0,0,0
WA,54620,2026-05,0,0,0,0
WA,54620,2026-06,0,0,0,0
WA,54620,2026-07,0,0,0,0
WA,54620,2026-08,0,0,0,0
WA,54690,2023-01,0,0,0,0
WA,54690,2023-02,1,6.65,0,0
WA,54690,2023-03,0,0,0,0
WA,54690,2023-04,0,0,0,0
WA,54690,2023-05,1,23.4,0,0
WA,54690,2023-06,0,0,0,0
WA,54690,2023-07,1,6.64,0,0
WA,54690,2023-08,3,22.94,0,0
WA,54690,2023-09,0,0,0,0
WA,54690,2023-10,0,0,0,0
WA,54690,2023-11,1,6.6,0,0
WA,54690,2023-12,0,0,0,0
WA,54690,2024-01,0,0,0,0
WA,54690,2024-02,0,0,0,0
WA,54690,2024-03,2,16.15,0,0
WA,54690,2024-04,0,0,0,0
WA,54690,2024-05,0,0,0,0
WA,54690,2024-06,0,0,0,0
WA,54690,2024-07,0,0,0,0
WA,54690,2024-08,0,0,0,0
WA,54690,2024-09,0,0,0,0
WA,54690,2024-10,0,0,0,0
WA,54690,2024-11,2,13.2,0,0
WA,54690,2024-12,0,0,0,0
WA,54690,2025-01,0,0,0,0
WA,54690,2025-02,0,0,0,0
WA,54690,2025-03,0,0,0,0
WA,54690,2025-04,0,0,0,0
WA,54690,2025-05,1,6.6,0,0
WA,54690,2025-06,0,0,0,0
WA,54690,2025-07,0,0,0,0
WA,54690,2025-08,0,0,0,0
WA,54690,2025-09,0,0,0,0
WA,54690,2025-10,0,0,0,0
WA,54690,2025-11,0,0,0,0
WA,54690,2025-12,0,0,2,38.4
WA,54690,2026-01,0,0,0,0
WA,54690,2026-02,2,19,0,0
WA,54690,2026-03,0,0,0,0
WA,54690,2026-04,0,0,0,0
WA,54690,2026-05,0,0,0,0
WA,54690,2026-06,0,0,0,0
WA,54690,2026-07,0,0,0,0
WA,54690,2026-08,0,0,0,0
WA,54760,2023-01,0,0,0,0
WA,54760,2023-02,0.04,0.37,0,0
WA,54760,2023-03,0,0,0,0
WA,54760,2023-04,3,6.66,0,0
WA,54760,2023-05,4.28,13.9,0,0
WA,54760,2023-06,0.38,4.61,0,0
WA,54760,2023-07,0,0,0,0
WA,54760,2023-08,1.15,2.55,0,0
WA,54760,2023-09,0,0,0,0
WA,54760,2023-10,0,0,0,0
WA,54760,2023-11,0.16,1.21,0,0
WA,54760,2023-12,0,0,0,0
WA,54760,2024-01,1,9.96,0,0
WA,54760,2024-02,0,0,0,0
WA,54760,2024-03,0,0,0,0
WA,54760,2024-04,4.08,37.46,0,0
WA,54760,2024-05,1,13.28,0,0
WA,54760,2024-06,2.28,32.88,0,0
WA,54760,2024-07,4,41.34,0,0
WA,54760,2024-08,0,0,0,0
WA,54760,2024-09,0,0,0,0
WA,54760,2024-10,0,0,0,0
WA,54760,2024-11,0,0,0,0
WA,54760,2024-12,0,0,0,0
WA,54760,2025-01,0,0,0,0
WA,54760,2025-02,1,6.6,0,0
WA,54760,2025-03,0,0,0,0
WA,54760,2025-04,0,0,0,0
WA,54760,2025-05,4.04,26.68,0,0
WA,54760,2025-06,0.04,0.28,0,0
WA,54760,2025-07,1,6.65,0,0
WA,54760,2025-08,0,0,0,0
WA,54760,2025-09,1,40.04,1,98.7
WA,54760,2025-10,1,36.1,2,65.2
WA,54760,2025-11,1,6.6,0,0
WA,54760,2025-12,0.04,0.28,0,0
WA,54760,2026-01,1,7.92,1,19.2
WA,54760,2026-02,0,0,0,0
WA,54760,2026-03,1,13.05,0,0
WA,54760,2026-04,1,22.8,1,15
WA,54760,2026-05,1,6.6,1,15
WA,54760,2026-06,0,0,0,0
WA,54760,2026-07,0,0,0,0
WA,54760,2026-08,0,0,0,0
WA,54830,2023-01,73,500.44,0,0
WA,54830,2023-02,62,410.13,0,0
WA,54830,2023-03,48,373.82,0,0
WA,54830,2023-04,50,413.64,0,0
WA,54830,2023-05,93,667.83,0,0
WA,54830,2023-06,79,579.39,0,0
WA,54830,2023-07,54,356.85,0,0
WA,54830,2023-08,57,418,0,0
WA,54830,2023-09,88,549.61,0,0
WA,54830,2023-10,63,387.52,0,0
WA,54830,2023-11,58,394.58,0,0
WA,54830,2023-12,77,516.71,0,0
WA,54830,2024-01,75,474.99,0,0
WA,54830,2024-02,62,450.5,0,0
WA,54830,2024-03,57,390.13,0,0
WA,54830,2024-04,83,636.96,0,0
WA,54830,2024-05,96,667.55,0,0
WA,54830,2024-06,62,526.9,0,0
WA,54830,2024-07,54,435.19,0,0
WA,54830,2024-08,76,538.9,0,0
WA,54830,2024-09,70,497.21,0,0
WA,54830,2024-10,88,642.67,0,0
WA,54830,2024-11,67,452.43,0,0
WA,54830,2024-12,74,524.4,0,0
WA,54830,2025-01,73,533.5,0,0
WA,54830,2025-02,74,560.24,0,0
WA,54830,2025-03,61,511.88,0,0
WA,54830,2025-04,92,602.46,0,0
WA,54830,2025-05,57,424.84,0,0
WA,54830,2025-06,67,456.56,0,0
WA,54830,2025-07,51,517.06,41,752.36
WA,54830,2025-08,74,539.74,78,1175.77
WA,54830,2025-09,63,483.33,76,1262.68
WA,54830,2025-10,64,507.78,86,1559.52
WA,54830,2025-11,71,547.96,112,2030.67
WA,54830,2025-12,66,625.61,100,2383.61
WA,54830,2026-01,55,481.76,98,2099.64
WA,54830,2026-02,88,689.79,102,2555.06
WA,54830,2026-03,100,813.89,123,3229.88
WA,54830,2026-04,112,971.81,172,4809.94
WA,54830,2026-05,103,721.8,94,1639.17
WA,54830,2026-06,103,878.44,107,2116.65
WA,54830,2026-07,124,975.9,115,2376.91
WA,54830,2026-08,85,626.92,59,1250.01
WA,54900,2023-01,0,0,0,0
WA,54900,2023-02,0,0,0,0
WA,54900,2023-03,1,7.88,0,0
WA,54900,2023-04,0,0,0,0
WA,54900,2023-05,3.8,8.43,0,0
WA,54900,2023-06,7.54,89.13,0,0
WA,54900,2023-07,0.97,12.93,0,0
WA,54900,2023-08,2.82,40.46,0,0
WA,54900,2023-09,0,0,0,0
WA,54900,2023-10,0,0,0,0
WA,54900,2023-11,3.84,22.84,0,0
WA,54900,2023-12,2.92,33.48,0,0
WA,54900,2024-01,0,0,0,0
WA,54900,2024-02,0,0,0,0
WA,54900,2024-03,0,0,0,0
WA,54900,2024-04,0.92,6.92,0,0
WA,54900,2024-05,1.97,53.3,0,0
WA,54900,2024-06,3.82,45.17,0,0
WA,54900,2024-07,0,0,0,0
WA,54900,2024-08,0.97,6.42,0,0
WA,54900,2024-09,0.97,14.79,0,0
WA,54900,2024-10,0,0,0,0
WA,54900,2024-11,0.97,6.42,0,0
WA,54900,2024-12,0,0,0,0
WA,54900,2025-01,0,0,0,0
WA,54900,2025-02,0,0,0,0
WA,54900,2025-03,0,0,0,0
WA,54900,2025-04,0,0,0,0
WA,54900,2025-05,0,0,0,0
WA,54900,2025-06,0.97,22.19,0,0
WA,54900,2025-07,0,0,0,0
WA,54900,2025-08,0,0,0,0
WA,54900,2025-09,0,0,1.95,18.69
WA,54900,2025-10,0,0,0,0
WA,54900,2025-11,0,0,0,0
WA,54900,2025-12,0,0,0,0
WA,54900,2026-01,0,0,0,0
WA,54900,2026-02,0,0,0,0
WA,54900,2026-03,0,0,0,0
WA,54900,2026-04,0,0,0,0
WA,54900,2026-05,0,0,1,15
WA,54900,2026-06,0,0,0,0
WA,54900,2026-07,0,0,0,0
WA,54900,2026-08,0,0,0,0
WA,54970,2023-01,0,0,0,0
WA,54970,2023-02,0,0,0,0
WA,54970,2023-03,2,16.6,0,0
WA,54970,2023-04,0,0,0,0
WA,54970,2023-05,0,0,0,0
WA,54970,2023-06,0,0,0,0
WA,54970,2023-07,1,6.6,0,0
WA,54970,2023-08,0,0,0,0
WA,54970,2023-09,1,39.15,0,0
WA,54970,2023-10,0,0,0,0
WA,54970,2023-11,1,6.64,0,0
WA,54970,2023-12,0,0,0,0
WA,54970,2024-01,0,0,0,0
WA,54970,2024-02,0,0,0,0
WA,54970,2024-03,0,0,0,0
WA,54970,2024-04,1,5.28,0,0
WA,54970,2024-05,0,0,0,0
WA,54970,2024-06,0,0,0,0
WA,54970,2024-07,0,0,0,0
WA,54970,2024-08,0,0,0,0
WA,54970,2024-09,0,0,0,0
WA,54970,2024-10,0,0,0,0
WA,54970,2024-11,0,0,0,0
WA,54970,2024-12,0,0,0,0
WA,54970,2025-01,0,0,0,0
WA,54970,2025-02,0,0,0,0
WA,54970,2025-03,0,0,0,0
WA,54970,2025-04,0,0,0,0
WA,54970,2025-05,0,0,0,0
WA,54970,2025-06,0,0,0,0
WA,54970,2025-07,0,0,0,0
WA,54970,2025-08,0,0,0,0
WA,54970,2025-09,0,0,0,0
WA,54970,2025-10,0,0,0,0
WA,54970,2025-11,0,0,0,0
WA,54970,2025-12,0,0,0,0
WA,54970,2026-01,0,0,0,0
WA,54970,2026-02,0,0,0,0
WA,54970,2026-03,0,0,0,0
WA,54970,2026-04,1,36.72,0,0
WA,54970,2026-05,0,0,0,0
WA,54970,2026-06,0,0,0,0
WA,54970,2026-07,0,0,0,0
WA,54970,2026-08,0,0,0,0
WA,55040,2023-01,0,0,0,0
WA,55040,2023-02,0,0,0,0
WA,55040,2023-03,0,0,0,0
WA,55040,2023-04,0,0,0,0
WA,55040,2023-05,0,0,0,0
WA,55040,2023-06,5,32.12,0,0
WA,55040,2023-07,4,26.4,0,0
WA,55040,2023-08,0,0,0,0
WA,55040,2023-09,0,0,0,0
WA,55040,2023-10,2,13.28,0,0
WA,55040,2023-11,1,6.64,0,0
WA,55040,2023-12,1,6.6,0,0
WA,55040,2024-01,0,0,0,0
WA,55040,2024-02,0,0,0,0
WA,55040,2024-03,0,0,0,0
WA,55040,2024-04,0,0,0,0
WA,55040,2024-05,0,0,0,0
WA,55040,2024-06,0,0,0,0
WA,55040,2024-07,0,0,0,0
WA,55040,2024-08,1,13.3,0,0
WA,55040,2024-09,0,0,0,0
WA,55040,2024-10,0,0,0,0
WA,55040,2024-11,0,0,0,0
WA,55040,2024-12,0,0,0,0
WA,55040,2025-01,0,0,0,0
WA,55040,2025-02,0,0,0,0
WA,55040,2025-03,1,2.92,0,0
WA,55040,2025-04,0,0,0,0
WA,55040,2025-05,1,9.68,0,0
WA,55040,2025-06,0,0,0,0
WA,55040,2025-07,0,0,0,0
WA,55040,2025-08,0,0,0,0
WA,55040,2025-09,0,0,0,0
WA,55040,2025-10,0,0,0,0
WA,55040,2025-11,0,0,0,0
WA,55040,2025-12,1,11.88,0,0
WA,55040,2026-01,0,0,0,0
WA,55040,2026-02,1,4,0,0
WA,55040,2026-03,0,0,0,0
WA,55040,2026-04,0,0,0,0
WA,55040,2026-05,0,0,0,0
WA,55040,2026-06,0,0,0,0
WA,55040,2026-07,0,0,0,0
WA,55040,2026-08,0,0,0,0
WA,55110,2023-01,118,806.93,0,0
WA,55110,2023-02,153,984.84,0,0
WA,55110,2023-03,168,1105.35,0,0
WA,55110,2023-04,101,698.5,0,0
WA,55110,2023-05,151,1140.61,0,0
WA,55110,2023-06,112,817.98,0,0
WA,55110,2023-07,112,785.9,0,0
WA,55110,2023-08,175,1274.76,0,0
WA,55110,2023-09,176,1163.23,0,0
WA,55110,2023-10,132,973.2,0,0
WA,55110,2023-11,122,856.32,0,0
WA,55110,2023-12,187,1391.87,0,0
WA,55110,2024-01,140,911.9,0,0
WA,55110,2024-02,101,700.4,0,0
WA,55110,2024-03,109,792.98,0,0
WA,55110,2024-04,160,1096.6,0,0
WA,55110,2024-05,163,1193.95,0,0
WA,55110,2024-06,87,637.94,0,0
WA,55110,2024-07,102,732.07,0,0
WA,55110,2024-08,152,1108.8,0,0
WA,55110,2024-09,105,977.89,0,0
WA,55110,2024-10,109,788.69,0,0
WA,55110,2024-11,139,968.96,0,0
WA,55110,2024-12,95,866.03,0,0
WA,55110,2025-01,93,681.28,0,0
WA,55110,2025-02,111,876.24,0,0
WA,55110,2025-03,121,840.28,0,0
WA,55110,2025-04,94,660.56,0,0
WA,55110,2025-05,97,772.29,0,0
WA,55110,2025-06,94,681.52,0,0
WA,55110,2025-07,85,766.82,121,1820.3
WA,55110,2025-08,67,614.32,134,1994.73
WA,55110,2025-09,85,689.08,123,1883.14
WA,55110,2025-10,115,988.42,166,2755.79
WA,55110,2025-11,124,1210.62,173,3091.43
WA,55110,2025-12,107,985.6,133,2774.23
WA,55110,2026-01,92,835.42,150,3307.81
WA,55110,2026-02,155,1444.32,175,3873.86
WA,55110,2026-03,169,1535.8,210,4865.52
WA,55110,2026-04,150,1387.55,211,5430.06
WA,55110,2026-05,163,1275.77,163,2855.52
WA,55110,2026-06,156,1369.77,147,2871.78
WA,55110,2026-07,214,1659.6,202,3591.44
WA,55110,2026-08,138,1096.18,112,2034.21
WA,55180,2023-01,6.9,51.63,0,0
WA,55180,2023-02,1,6.63,0,0
WA,55180,2023-03,7.9,56.96,0,0
WA,55180,2023-04,9.86,64.91,0,0
WA,55180,2023-05,4,50.94,0,0
WA,55180,2023-06,6.91,164.01,0,0
WA,55180,2023-07,8.72,44.65,0,0
WA,55180,2023-08,3,26.83,0,0
WA,55180,2023-09,6,44.34,0,0
WA,55180,2023-10,5.99,99.33,0,0
WA,55180,2023-11,5.95,47.39,0,0
WA,55180,2023-12,9.9,167.44,0,0
WA,55180,2024-01,0.95,6.15,0,0
WA,55180,2024-02,19.89,230.85,0,0
WA,55180,2024-03,6,39.54,0,0
WA,55180,2024-04,8,62.18,0,0
WA,55180,2024-05,8.95,86.52,0,0
WA,55180,2024-06,5,77.93,0,0
WA,55180,2024-07,2,26.25,0,0
WA,55180,2024-08,4,38.98,0,0
WA,55180,2024-09,6.95,81.49,0,0
WA,55180,2024-10,6.86,81.63,0,0
WA,55180,2024-11,10.72,101.65,0,0
WA,55180,2024-12,6.95,148.06,0,0
WA,55180,2025-01,6.95,54.13,0,0
WA,55180,2025-02,7,144.38,0,0
WA,55180,2025-03,12.9,111.8,0,0
WA,55180,2025-04,9.95,90.28,0,0
WA,55180,2025-05,5.9,177.55,0,0
WA,55180,2025-06,3,19.79,0,0
WA,55180,2025-07,4,37.16,5.91,107.41
WA,55180,2025-08,2.91,43.7,2.95,56.43
WA,55180,2025-09,4,42.64,6,208.55
WA,55180,2025-10,6.86,98.4,5.86,112.06
WA,55180,2025-11,5.86,62.55,5.86,95.58
WA,55180,2025-12,5.86,75.28,10.81,200.97
WA,55180,2026-01,3,35.49,3,52.62
WA,55180,2026-02,4.95,146.88,4,92.93
WA,55180,2026-03,4.91,134.85,4.95,103.25
WA,55180,2026-04,11.81,215.91,16.76,562.24
WA,55180,2026-05,7.86,77.68,8.9,142.73
WA,55180,2026-06,4.95,95.43,6.95,161.31
WA,55180,2026-07,3,32.18,3.95,110.57
WA,55180,2026-08,2.91,25.06,0.95,9.25
WA,55250,2023-01,0,0,0,0
WA,55250,2023-02,0,0,0,0
WA,55250,2023-03,0,0,0,0
WA,55250,2023-04,0,0,0,0
WA,55250,2023-05,0,0,0,0
WA,55250,2023-06,0,0,0,0
WA,55250,2023-07,1,6.6,0,0
WA,55250,2023-08,7,46.2,0,0
WA,55250,2023-09,0,0,0,0
WA,55250,2023-10,0,0,0,0
WA,55250,2023-11,0,0,0,0
WA,55250,2023-12,0,0,0,0
WA,55250,2024-01,0,0,0,0
WA,55250,2024-02,0,0,0,0
WA,55250,2024-03,0,0,0,0
WA,55250,2024-04,0,0,0,0
WA,55250,2024-05,0,0,0,0
WA,55250,2024-06,4,26.56,0,0
WA,55250,2024-07,6,40.39,0,0
WA,55250,2024-08,1,6.64,0,0
WA,55250,2024-09,0,0,0,0
WA,55250,2024-10,0,0,0,0
WA,55250,2024-11,0,0,0,0
WA,55250,2024-12,0,0,0,0
WA,55250,2025-01,0,0,0,0
WA,55250,2025-02,0,0,0,0
WA,55250,2025-03,0,0,0,0
WA,55250,2025-04,1,6.65,0,0
WA,55250,2025-05,0,0,0,0
WA,55250,2025-06,0,0,0,0
WA,55250,2025-07,0,0,0,0
WA,55250,2025-08,1,24.64,1,72.96
WA,55250,2025-09,0,0,0,0
WA,55250,2025-10,0,0,0,0
WA,55250,2025-11,0,0,0,0
WA,55250,2025-12,0,0,0,0
WA,55250,2026-01,0,0,0,0
WA,55250,2026-02,0,0,0,0
WA,55250,2026-03,0,0,0,0
WA,55250,2026-04,0,0,1,62.4
WA,55250,2026-05,0,0,0,0
WA,55250,2026-06,0,0,0,0
WA,55250,2026-07,0,0,0,0
WA,55250,2026-08,0,0,0,0
WA,55320,2023-01,113.49,808.39,0,0
WA,55320,2023-02,113.75,1028.54,0,0
WA,55320,2023-03,106,767.18,0,0
WA,55320,2023-04,71.03,536.44,0,0
WA,55320,2023-05,99.47,838.57,0,0
WA,55320,2023-06,74.27,590.85,0,0
WA,55320,2023-07,79.48,771.13,0,0
WA,55320,2023-08,114.31,936.75,0,0
WA,55320,2023-09,90.41,667.96,0,0
WA,55320,2023-10,98.58,776.74,0,0
WA,55320,2023-11,130.1,1175.75,0,0
WA,55320,2023-12,131.96,1316.18,0,0
WA,55320,2024-01,89.13,682.36,0,0
WA,55320,2024-02,107.89,905.39,0,0
WA,55320,2024-03,101.99,768.61,0,0
WA,55320,2024-04,88.23,983.16,0,0
WA,55320,2024-05,105.72,777.99,0,0
WA,55320,2024-06,87.23,696.95,0,0
WA,55320,2024-07,105.18,872.31,0,0
WA,55320,2024-08,92.82,764.56,0,0
WA,55320,2024-09,91.6,848.75,0,0
WA,55320,2024-10,91.15,863.28,0,0
WA,55320,2024-11,132.39,1060.79,0,0
WA,55320,2024-12,107.44,949.21,0,0
WA,55320,2025-01,112.82,874.54,0,0
WA,55320,2025-02,112.19,873.83,0,0
WA,55320,2025-03,113.84,1034.15,0,0
WA,55320,2025-04,93.99,829,0,0
WA,55320,2025-05,96.56,806.49,0,0
WA,55320,2025-06,60.32,641.08,0,0
WA,55320,2025-07,81.16,721.09,119.44,1982.61
WA,55320,2025-08,86.01,945.5,200.68,3141.56
WA,55320,2025-09,94.86,938.5,203.39,3781.39
WA,55320,2025-10,107.22,970.03,218.42,3885.72
WA,55320,2025-11,118.38,1220.86,194.04,4076.62
WA,55320,2025-12,128.08,1299.15,209.27,4935.66
WA,55320,2026-01,85.02,900.57,163.84,4013.85
WA,55320,2026-02,111.03,1076.17,182.71,4592.86
WA,55320,2026-03,140.98,1423.77,271.92,7505.67
WA,55320,2026-04,187.44,2039.95,338.37,10542.95
WA,55320,2026-05,152.45,1381.99,192.36,3727.42
WA,55320,2026-06,147.39,1424.3,181.11,3860.76
WA,55320,2026-07,141.19,1444.96,167.14,3616.2
WA,55320,2026-08,99.02,955.65,92.36,2112.24
WA,55390,2023-01,0,0,0,0
WA,55390,2023-02,0,0,0,0
WA,55390,2023-03,0.31,1.53,0,0
WA,55390,2023-04,0,0,0,0
WA,55390,2023-05,0,0,0,0
WA,55390,2023-06,0,0,0,0
WA,55390,2023-07,0,0,0,0
WA,55390,2023-08,0,0,0,0
WA,55390,2023-09,0,0,0,0
WA,55390,2023-10,0,0,0,0
WA,55390,2023-11,0,0,0,0
WA,55390,2023-12,0,0,0,0
WA,55390,2024-01,0,0,0,0
WA,55390,2024-02,0,0,0,0
WA,55390,2024-03,0,0,0,0
WA,55390,2024-04,0,0,0,0
WA,55390,2024-05,0,0,0,0
WA,55390,2024-06,0,0,0,0
WA,55390,2024-07,0,0,0,0
WA,55390,2024-08,0,0,0,0
WA,55390,2024-09,0,0,0,0
WA,55390,2024-10,0,0,0,0
WA,55390,2024-11,0,0,0,0
WA,55390,2024-12,0,0,0,0
WA,55390,2025-01,0,0,0,0
WA,55390,2025-02,0,0,0,0
WA,55390,2025-03,0,0,0,0
WA,55390,2025-04,0,0,0,0
WA,55390,2025-05,0,0,0,0
WA,55390,2025-06,0,0,0,0
WA,55390,2025-07,0,0,0,0
WA,55390,2025-08,0,0,1,22.4
WA,55390,2025-09,0,0,0,0
WA,55390,2025-10,0,0,0,0
WA,55390,2025-11,0,0,0,0
WA,55390,2025-12,0,0,0,0
WA,55390,2026-01,0,0,0,0
WA,55390,2026-02,0,0,0,0
WA,55390,2026-03,0,0,0,0
WA,55390,2026-04,0,0,0.31,14.45
WA,55390,2026-05,0,0,0,0
WA,55390,2026-06,0,0,0,0
WA,55390,2026-07,0,0,0,0
WA,55390,2026-08,0,0,0,0
WA,55460,2023-01,2,18.26,0,0
WA,55460,2023-02,3,19.94,0,0
WA,55460,2023-03,10,84.54,0,0
WA,55460,2023-04,1,6.64,0,0
WA,55460,2023-05,0,0,0,0
WA,55460,2023-06,2,11.05,0,0
WA,55460,2023-07,0,0,0,0
WA,55460,2023-08,4,119.8,0,0
WA,55460,2023-09,3,39.9,0,0
WA,55460,2023-10,4.82,31.98,0,0
WA,55460,2023-11,0,0,0,0
WA,55460,2023-12,3,53.14,0,0
WA,55460,2024-01,0,0,0,0
WA,55460,2024-02,1.82,16.83,0,0
WA,55460,2024-03,5,30.4,0,0
WA,55460,2024-04,2,26.4,0,0
WA,55460,2024-05,2,13.28,0,0
WA,55460,2024-06,0,0,0,0
WA,55460,2024-07,7,45.51,0,0
WA,55460,2024-08,1,12.32,0,0
WA,55460,2024-09,1,19.36,0,0
WA,55460,2024-10,3,19.8,0,0
WA,55460,2024-11,3,26.5,0,0
WA,55460,2024-12,7,66.25,0,0
WA,55460,2025-01,2,86.65,0,0
WA,55460,2025-02,10,86.06,0,0
WA,55460,2025-03,1.82,44.99,0,0
WA,55460,2025-04,0,0,0,0
WA,55460,2025-05,3,62.3,0,0
WA,55460,2025-06,1,14.25,0,0
WA,55460,2025-07,1,9.68,1,13.5
WA,55460,2025-08,0,0,0,0
WA,55460,2025-09,0,0,1,9.6
WA,55460,2025-10,0,0,1,19.2
WA,55460,2025-11,0,0,0,0
WA,55460,2025-12,0,0,0,0
WA,55460,2026-01,0,0,0,0
WA,55460,2026-02,0,0,0,0
WA,55460,2026-03,0,0,1,9.47
WA,55460,2026-04,1,10.46,1.82,25.23
WA,55460,2026-05,0,0,0,0
WA,55460,2026-06,0,0,0,0
WA,55460,2026-07,1,9.68,2,60.96
WA,55460,2026-08,0,0,1,9.6
WA,55530,2023-01,0,0,0,0
WA,55530,2023-02,0,0,0,0
WA,55530,2023-03,1,6.64,0,0
WA,55530,2023-04,0,0,0,0
WA,55530,2023-05,0,0,0,0
WA,55530,2023-06,4,26.98,0,0
WA,55530,2023-07,1,10.36,0,0
WA,55530,2023-08,0,0,0,0
WA,55530,2023-09,1,25.5,0,0
WA,55530,2023-10,1,9.96,0,0
WA,55530,2023-11,0,0,0,0
WA,55530,2023-12,0,0,0,0
WA,55530,2024-01,0,0,0,0
WA,55530,2024-02,0,0,0,0
WA,55530,2024-03,1,6.64,0,0
WA,55530,2024-04,0,0,0,0
WA,55530,2024-05,0,0,0,0
WA,55530,2024-06,0,0,0,0
WA,55530,2024-07,1,3.52,0,0
WA,55530,2024-08,1,19,0,0
WA,55530,2024-09,0,0,0,0
WA,55530,2024-10,0,0,0,0
WA,55530,2024-11,0,0,0,0
WA,55530,2024-12,1,59.84,0,0
WA,55530,2025-01,1,6.6,0,0
WA,55530,2025-02,1,48.45,0,0
WA,55530,2025-03,1,16.72,0,0
WA,55530,2025-04,0,0,0,0
WA,55530,2025-05,1,38.95,0,0
WA,55530,2025-06,0,0,0,0
WA,55530,2025-07,0,0,0,0
WA,55530,2025-08,0,0,0,0
WA,55530,2025-09,0,0,0,0
WA,55530,2025-10,0,0,0,0
WA,55530,2025-11,0,0,0,0
WA,55530,2025-12,1,13.2,1,13
WA,55530,2026-01,0,0,0,0
WA,55530,2026-02,0,0,0,0
WA,55530,2026-03,1,6.12,0,0
WA,55530,2026-04,1,13.08,0,0
WA,55530,2026-05,0,0,0,0
WA,55530,2026-06,0,0,0,0
WA,55530,2026-07,0,0,0,0
WA,55530,2026-08,1,3.08,0,0
WA,55600,2023-01,0.76,10.13,0,0
WA,55600,2023-02,3.92,26.83,0,0
WA,55600,2023-03,4.92,37.05,0,0
WA,55600,2023-04,4.9,39.02,0,0
WA,55600,2023-05,0,0,0,0
WA,55600,2023-06,7.62,62.88,0,0
WA,55600,2023-07,3.94,26.12,0,0
WA,55600,2023-08,3.94,57.97,0,0
WA,55600,2023-09,0,0,0,0
WA,55600,2023-10,0,0,0,0
WA,55600,2023-11,1,6.65,0,0
WA,55600,2023-12,1.74,13.73,0,0
WA,55600,2024-01,0,0,0,0
WA,55600,2024-02,0,0,0,0
WA,55600,2024-03,0.98,6.47,0,0
WA,55600,2024-04,3.92,32.33,0,0
WA,55600,2024-05,0.98,6.51,0,0
WA,55600,2024-06,0.98,6.47,0,0
WA,55600,2024-07,1.96,12.97,0,0
WA,55600,2024-08,0.98,6.47,0,0
WA,55600,2024-09,0.98,6.47,0,0
WA,55600,2024-10,2.94,88.25,0,0
WA,55600,2024-11,0.98,6.47,0,0
WA,55600,2024-12,0.98,6.47,0,0
WA,55600,2025-01,0.98,6.47,0,0
WA,55600,2025-02,0,0,0,0
WA,55600,2025-03,1.96,29.31,0,0
WA,55600,2025-04,0.98,6.47,0,0
WA,55600,2025-05,0.98,6.47,0,0
WA,55600,2025-06,0,0,0,0
WA,55600,2025-07,0,0,0,0
WA,55600,2025-08,0.98,28.9,0.98,36.97
WA,55600,2025-09,1.98,38.77,1,46
WA,55600,2025-10,0.98,7.76,1.96,28.21
WA,55600,2025-11,0,0,0,0
WA,55600,2025-12,0.98,12.93,1.96,25.05
WA,55600,2026-01,1.74,4.73,0,0
WA,55600,2026-02,0,0,0,0
WA,55600,2026-03,0.98,9.49,3.92,85.33
WA,55600,2026-04,2.96,76.36,1.96,42.03
WA,55600,2026-05,0.98,9.49,0.98,18.81
WA,55600,2026-06,0.98,7.45,0.98,18.81
WA,55600,2026-07,1.96,23.67,0.98,18.81
WA,55600,2026-08,0.98,18.15,0,0
WA,55670,2023-01,0,0,0,0
WA,55670,2023-02,0.96,5.96,0,0
WA,55670,2023-03,0,0,0,0
WA,55670,2023-04,1.96,14.75,0,0
WA,55670,2023-05,0.96,12.72,0,0
WA,55670,2023-06,0,0,0,0
WA,55670,2023-07,0,0,0,0
WA,55670,2023-08,0,0,0,0
WA,55670,2023-09,0,0,0,0
WA,55670,2023-10,2.87,21.88,0,0
WA,55670,2023-11,0.96,5.57,0,0
WA,55670,2023-12,0,0,0,0
WA,55670,2024-01,0,0,0,0
WA,55670,2024-02,0,0,0,0
WA,55670,2024-03,1.92,12.72,0,0
WA,55670,2024-04,0.96,6.36,0,0
WA,55670,2024-05,0,0,0,0
WA,55670,2024-06,0.96,6.37,0,0
WA,55670,2024-07,0,0,0,0
WA,55670,2024-08,0,0,0,0
WA,55670,2024-09,0,0,0,0
WA,55670,2024-10,1.92,12.64,0,0
WA,55670,2024-11,0.96,6.32,0,0
WA,55670,2024-12,0,0,0,0
WA,55670,2025-01,0,0,0,0
WA,55670,2025-02,0,0,0,0
WA,55670,2025-03,0,0,0,0
WA,55670,2025-04,0,0,0,0
WA,55670,2025-05,0,0,0,0
WA,55670,2025-06,0,0,0,0
WA,55670,2025-07,0,0,0,0
WA,55670,2025-08,0,0,0,0
WA,55670,2025-09,0,0,0,0
WA,55670,2025-10,0.96,6.32,0,0
WA,55670,2025-11,0,0,0,0
WA,55670,2025-12,0,0,0,0
WA,55670,2026-01,0,0,0,0
WA,55670,2026-02,0.96,9.1,0,0
WA,55670,2026-03,0,0,0,0
WA,55670,2026-04,0,0,0,0
WA,55670,2026-05,0.96,13.65,0.96,22.41
WA,55670,2026-06,0.96,22.75,0,0
WA,55670,2026-07,0,0,0,0
WA,55670,2026-08,0,0,0,0
WA,55740,2023-01,8,66.06,0,0
WA,55740,2023-02,8,52.6,0,0
WA,55740,2023-03,5,33.23,0,0
WA,55740,2023-04,4,25.52,0,0
WA,55740,2023-05,9,106.09,0,0
WA,55740,2023-06,4,27.54,0,0
WA,55740,2023-07,4,31.92,0,0
WA,55740,2023-08,7,66.71,0,0
WA,55740,2023-09,4,43.6,0,0
WA,55740,2023-10,11,96.39,0,0
WA,55740,2023-11,9,81.9,0,0
WA,55740,2023-12,7,57.73,0,0
WA,55740,2024-01,9,72.82,0,0
WA,55740,2024-02,7,51.02,0,0
WA,55740,2024-03,8,87.22,0,0
WA,55740,2024-04,4,33.76,0,0
WA,55740,2024-05,11,98.79,0,0
WA,55740,2024-06,7,49.2,0,0
WA,55740,2024-07,6,48.05,0,0
WA,55740,2024-08,9,83.42,0,0
WA,55740,2024-09,10,111.42,0,0
WA,55740,2024-10,11,87.94,0,0
WA,55740,2024-11,16,140.34,0,0
WA,55740,2024-12,9,111.02,0,0
WA,55740,2025-01,5,33.05,0,0
WA,55740,2025-02,8,59.4,0,0
WA,55740,2025-03,11,86.57,0,0
WA,55740,2025-04,6,56.21,0,0
WA,55740,2025-05,5,51.92,0,0
WA,55740,2025-06,5,39.24,0,0
WA,55740,2025-07,2,13.2,12,175.65
WA,55740,2025-08,7,46.25,17,236.04
WA,55740,2025-09,5,50.16,9,130.1
WA,55740,2025-10,5,54.1,12,253.15
WA,55740,2025-11,9,90.6,18,346.1
WA,55740,2025-12,9,113.36,18,467.21
WA,55740,2026-01,7,111.5,9,333.76
WA,55740,2026-02,5,60.73,15,345.86
WA,55740,2026-03,8,71.92,17,423.32
WA,55740,2026-04,9,108.46,15,457.64
WA,55740,2026-05,3,25.95,11,199.19
WA,55740,2026-06,5,46.02,3,77.7
WA,55740,2026-07,6,62.49,9,168.5
WA,55740,2026-08,7,102.08,6,151.6
WA,55810,2023-01,0,0,0,0
WA,55810,2023-02,0,0,0,0
WA,55810,2023-03,0,0,0,0
WA,55810,2023-04,0,0,0,0
WA,55810,2023-05,0,0,0,0
WA,55810,2023-06,0,0,0,0
WA,55810,2023-07,0,0,0,0
WA,55810,2023-08,0,0,0,0
WA,55810,2023-09,0,0,0,0
WA,55810,2023-10,0,0,0,0
WA,55810,2023-11,0,0,0,0
WA,55810,2023-12,1,11.4,0,0
WA,55810,2024-01,1,23.1,0,0
WA,55810,2024-02,0,0,0,0
WA,55810,2024-03,0,0,0,0
WA,55810,2024-04,0,0,0,0
WA,55810,2024-05,0,0,0,0
WA,55810,2024-06,1,6.64,0,0
WA,55810,2024-07,0,0,0,0
WA,55810,2024-08,10,66.32,0,0
WA,55810,2024-09,0,0,0,0
WA,55810,2024-10,5,82.55,0,0
WA,55810,2024-11,2,16.28,0,0
WA,55810,2024-12,0,0,0,0
WA,55810,2025-01,0,0,0,0
WA,55810,2025-02,4,62.12,0,0
WA,55810,2025-03,0,0,0,0
WA,55810,2025-04,0,0,0,0
WA,55810,2025-05,0,0,0,0
WA,55810,2025-06,1,10.56,0,0
WA,55810,2025-07,0,0,0,0
WA,55810,2025-08,0,0,0,0
WA,55810,2025-09,0,0,0,0
WA,55810,2025-10,0,0,0,0
WA,55810,2025-11,0,0,0,0
WA,55810,2025-12,0,0,0,0
WA,55810,2026-01,0,0,0,0
WA,55810,2026-02,0,0,0,0
WA,55810,2026-03,0,0,0,0
WA,55810,2026-04,0,0,0,0
WA,55810,2026-05,0,0,0,0
WA,55810,2026-06,0,0,0,0
WA,55810,2026-07,0,0,0,0
WA,55810,2026-08,0,0,0,0
WA,55880,2023-01,0,0,0,0
WA,55880,2023-02,0,0,0,0
WA,55880,2023-03,0,0,0,0
WA,55880,2023-04,0,0,0,0
WA,55880,2023-05,0,0,0,0
WA,55880,2023-06,0,0,0,0
WA,55880,2023-07,0,0,0,0
WA,55880,2023-08,0,0,0,0
WA,55880,2023-09,2,13.28,0,0
WA,55880,2023-10,0,0,0,0
WA,55880,2023-11,0,0,0,0
WA,55880,2023-12,0,0,0,0
WA,55880,2024-01,0,0,0,0
WA,55880,2024-02,1,6.6,0,0
WA,55880,2024-03,0,0,0,0
WA,55880,2024-04,0,0,0,0
WA,55880,2024-05,0,0,0,0
WA,55880,2024-06,0,0,0,0
WA,55880,2024-07,0,0,0,0
WA,55880,2024-08,0,0,0,0
WA,55880,2024-09,1,6.6,0,0
WA,55880,2024-10,0,0,0,0
WA,55880,2024-11,1,3.96,0,0
WA,55880,2024-12,0,0,0,0
WA,55880,2025-01,0,0,0,0
WA,55880,2025-02,3.48,35.36,0,0
WA,55880,2025-03,0,0,0,0
WA,55880,2025-04,0,0,0,0
WA,55880,2025-05,0,0,0,0
WA,55880,2025-06,0,0,0,0
WA,55880,2025-07,0,0,0,0
WA,55880,2025-08,2,19,0,0
WA,55880,2025-09,1,19,1,33.1
WA,55880,2025-10,3,33.25,0,0
WA,55880,2025-11,0,0,0,0
WA,55880,2025-12,0,0,0,0
WA,55880,2026-01,1,9.97,0,0
WA,55880,2026-02,0.48,6.86,0,0
WA,55880,2026-03,3,57,0,0
WA,55880,2026-04,0,0,0,0
WA,55880,2026-05,0,0,0,0
WA,55880,2026-06,1,21.38,1,40.96
WA,55880,2026-07,0,0,2,49.92
WA,55880,2026-08,0,0,0,0
WA,55950,2023-01,0,0,0,0
WA,55950,2023-02,0,0,0,0
WA,55950,2023-03,0,0,0,0
WA,55950,2023-04,0.98,6.52,0,0
WA,55950,2023-05,1.96,13.05,0,0
WA,55950,2023-06,0,0,0,0
WA,55950,2023-07,0,0,0,0
WA,55950,2023-08,0,0,0,0
WA,55950,2023-09,6.88,68.9,0,0
WA,55950,2023-10,0.98,7.75,0,0
WA,55950,2023-11,0,0,0,0
WA,55950,2023-12,0,0,0,0
WA,55950,2024-01,1.96,81.19,0,0
WA,55950,2024-02,0.98,17.73,0,0
WA,55950,2024-03,0,0,0,0
WA,55950,2024-04,0,0,0,0
WA,55950,2024-05,0,0,0,0
WA,55950,2024-06,0,0,0,0
WA,55950,2024-07,0,0,0,0
WA,55950,2024-08,0.98,12.1,0,0
WA,55950,2024-09,0.98,6.53,0,0
WA,55950,2024-10,0.98,6.48,0,0
WA,55950,2024-11,0,0,0,0
WA,55950,2024-12,0,0,0,0
WA,55950,2025-01,0,0,0,0
WA,55950,2025-02,1.5,16.72,0,0
WA,55950,2025-03,0,0,0,0
WA,55950,2025-04,0,0,0,0
WA,55950,2025-05,0,0,0,0
WA,55950,2025-06,1.96,12.97,0,0
WA,55950,2025-07,0,0,0,0
WA,55950,2025-08,0,0,0,0
WA,55950,2025-09,0,0,0,0
WA,55950,2025-10,0,0,0,0
WA,55950,2025-11,0,0,0,0
WA,55950,2025-12,0.98,7.78,0.98,9.73
WA,55950,2026-01,0,0,0,0
WA,55950,2026-02,0.52,7.39,0,0
WA,55950,2026-03,0,0,0,0
WA,55950,2026-04,0.98,18.66,0.98,18.86
WA,55950,2026-05,0,0,0,0
WA,55950,2026-06,0,0,0,0
WA,55950,2026-07,2.95,26.13,2.95,85.07
WA,55950,2026-08,2.95,32.66,1.96,56.7
WA,56090,2023-01,48.55,376.77,0,0
WA,56090,2023-02,44.45,356.9,0,0
WA,56090,2023-03,58.43,423.41,0,0
WA,56090,2023-04,45.45,381.22,0,0
WA,56090,2023-05,38.65,308.47,0,0
WA,56090,2023-06,41.29,343.84,0,0
WA,56090,2023-07,41.55,334.84,0,0
WA,56090,2023-08,48.71,336.52,0,0
WA,56090,2023-09,46.02,358.81,0,0
WA,56090,2023-10,42.82,371.76,0,0
WA,56090,2023-11,34.71,273.51,0,0
WA,56090,2023-12,47.76,362.36,0,0
WA,56090,2024-01,42.45,313.45,0,0
WA,56090,2024-02,43.82,352.95,0,0
WA,56090,2024-03,41.65,353.64,0,0
WA,56090,2024-04,62.63,485.25,0,0
WA,56090,2024-05,57.17,521.32,0,0
WA,56090,2024-06,40.24,302.61,0,0
WA,56090,2024-07,34.87,285.08,0,0
WA,56090,2024-08,46.13,394.22,0,0
WA,56090,2024-09,28.35,253.1,0,0
WA,56090,2024-10,50.86,395.79,0,0
WA,56090,2024-11,40.97,325.46,0,0
WA,56090,2024-12,47.18,387.19,0,0
WA,56090,2025-01,43.82,370.45,0,0
WA,56090,2025-02,36.08,355.47,0,0
WA,56090,2025-03,44.65,390.95,0,0
WA,56090,2025-04,28.66,239.12,0,0
WA,56090,2025-05,36.24,286.97,0,0
WA,56090,2025-06,33.71,276.98,0,0
WA,56090,2025-07,32.35,322.08,37.98,602.55
WA,56090,2025-08,31.51,281.48,49.5,771.68
WA,56090,2025-09,25.98,249.83,39.54,645.91
WA,56090,2025-10,44.98,472.2,60.86,1103.52
WA,56090,2025-11,39.08,438.33,63.54,1196.7
WA,56090,2025-12,34.66,373.48,51.6,1030.88
WA,56090,2026-01,35.09,362.32,65.08,1441.39
WA,56090,2026-02,42.5,430.6,68.86,1504.64
WA,56090,2026-03,48.17,449.46,64.64,1564.56
WA,56090,2026-04,87.07,1061.78,122.57,3740.7
WA,56090,2026-05,50.86,484.34,53.54,1000.92
WA,56090,2026-06,52.23,530.54,70.96,1452.89
WA,56090,2026-07,60.96,680.64,62.27,1364.91
WA,56090,2026-08,40.5,403.38,29.46,638.3
WA,56160,2023-01,0.02,0.68,0,0
WA,56160,2023-02,0.14,4.8,0,0
WA,56160,2023-03,0.4,10.68,0,0
WA,56160,2023-04,0,0,0,0
WA,56160,2023-05,0,0,0,0
WA,56160,2023-06,0.14,0.92,0,0
WA,56160,2023-07,0.02,0.13,0,0
WA,56160,2023-08,0.28,1.97,0,0
WA,56160,2023-09,0,0,0,0
WA,56160,2023-10,0.18,1.17,0,0
WA,56160,2023-11,0.02,0.13,0,0
WA,56160,2023-12,0.16,1.52,0,0
WA,56160,2024-01,0.14,1.85,0,0
WA,56160,2024-02,0,0,0,0
WA,56160,2024-03,0,0,0,0
WA,56160,2024-04,0.14,0.92,0,0
WA,56160,2024-05,0.02,0.41,0,0
WA,56160,2024-06,0.36,3.68,0,0
WA,56160,2024-07,0.14,0.92,0,0
WA,56160,2024-08,0,0,0,0
WA,56160,2024-09,0,0,0,0
WA,56160,2024-10,0.28,1.84,0,0
WA,56160,2024-11,0.14,0.92,0,0
WA,56160,2024-12,0.04,0.48,0,0
WA,56160,2025-01,0,0,0,0
WA,56160,2025-02,0,0,0,0
WA,56160,2025-03,0,0,0,0
WA,56160,2025-04,0,0,0,0
WA,56160,2025-05,0,0,0,0
WA,56160,2025-06,0,0,0,0
WA,56160,2025-07,0.14,0.37,0,0
WA,56160,2025-08,0,0,0.14,1.27
WA,56160,2025-09,0.26,1.69,0.4,8.9
WA,56160,2025-10,0,0,0,0
WA,56160,2025-11,0,0,0,0
WA,56160,2025-12,0,0,0,0
WA,56160,2026-01,0.14,1.35,0.14,1.34
WA,56160,2026-02,0.14,1.35,0.14,1.34
WA,56160,2026-03,0,0,0,0
WA,56160,2026-04,0,0,0.26,12.49
WA,56160,2026-05,0.16,2.13,0.14,2.67
WA,56160,2026-06,0,0,0,0
WA,56160,2026-07,0.14,5.56,0,0
WA,56160,2026-08,0,0,0,0
WA,56230,2023-01,25,182.2,0,0
WA,56230,2023-02,39,257.86,0,0
WA,56230,2023-03,35.22,310.38,0,0
WA,56230,2023-04,25.22,178.62,0,0
WA,56230,2023-05,38,291.56,0,0
WA,56230,2023-06,27,185.5,0,0
WA,56230,2023-07,29.22,324.16,0,0
WA,56230,2023-08,23,184.01,0,0
WA,56230,2023-09,48,326.65,0,0
WA,56230,2023-10,36,318.16,0,0
WA,56230,2023-11,30,210.59,0,0
WA,56230,2023-12,33,282.6,0,0
WA,56230,2024-01,30,209.54,0,0
WA,56230,2024-02,29,216.92,0,0
WA,56230,2024-03,21,182.07,0,0
WA,56230,2024-04,37,247.75,0,0
WA,56230,2024-05,43,410.68,0,0
WA,56230,2024-06,29,267.08,0,0
WA,56230,2024-07,28,182.74,0,0
WA,56230,2024-08,42,329.85,0,0
WA,56230,2024-09,34,268.11,0,0
WA,56230,2024-10,34.22,291.12,0,0
WA,56230,2024-11,44,350.24,0,0
WA,56230,2024-12,32,263.47,0,0
WA,56230,2025-01,36.22,282.32,0,0
WA,56230,2025-02,29.22,261.38,0,0
WA,56230,2025-03,38,352.14,0,0
WA,56230,2025-04,31,265.07,0,0
WA,56230,2025-05,23,164.13,0,0
WA,56230,2025-06,26.44,199.17,0,0
WA,56230,2025-07,20.44,207.69,20.22,273.94
WA,56230,2025-08,25,266.99,33,671.76
WA,56230,2025-09,32,317.8,26,513.1
WA,56230,2025-10,38,341.32,55,980.05
WA,56230,2025-11,33,342.79,48,981.16
WA,56230,2025-12,35,401.9,47,938.3
WA,56230,2026-01,33.22,311.53,30,595.65
WA,56230,2026-02,38.44,315.42,37.44,909.9
WA,56230,2026-03,48,473.19,55,1275.39
WA,56230,2026-04,55.22,737.47,66.22,1894.35
WA,56230,2026-05,57,473.76,46,746.32
WA,56230,2026-06,59,554.43,58,1118.26
WA,56230,2026-07,61,564.02,59,1047.54
WA,56230,2026-08,30.44,305.22,33.44,738.95
WA,56300,2023-01,0.1,0.91,0,0
WA,56300,2023-02,1.98,15.17,0,0
WA,56300,2023-03,3.06,17.04,0,0
WA,56300,2023-04,1.13,7.51,0,0
WA,56300,2023-05,0.99,4.94,0,0
WA,56300,2023-06,3.06,23.34,0,0
WA,56300,2023-07,0.28,0.99,0,0
WA,56300,2023-08,0,0.01,0,0
WA,56300,2023-09,0.99,14.46,0,0
WA,56300,2023-10,0.99,6.65,0,0
WA,56300,2023-11,4.99,30.23,0,0
WA,56300,2023-12,5.04,42.89,0,0
WA,56300,2024-01,1.03,6.86,0,0
WA,56300,2024-02,2.08,20.28,0,0
WA,56300,2024-03,4.94,43.47,0,0
WA,56300,2024-04,2.97,14.41,0,0
WA,56300,2024-05,3.01,19.35,0,0
WA,56300,2024-06,1.98,18.32,0,0
WA,56300,2024-07,1.98,19.43,0,0
WA,56300,2024-08,0,0.02,0,0
WA,56300,2024-09,1.04,14.94,0,0
WA,56300,2024-10,6.06,42.87,0,0
WA,56300,2024-11,2.26,15.67,0,0
WA,56300,2024-12,2.03,13.48,0,0
WA,56300,2025-01,1.04,13.35,0,0
WA,56300,2025-02,0.99,4.46,0,0
WA,56300,2025-03,3.06,29.84,0,0
WA,56300,2025-04,3.01,19.92,0,0
WA,56300,2025-05,0.1,7.42,0,0
WA,56300,2025-06,0.99,6.53,0,0
WA,56300,2025-07,2.96,47.38,4.04,85.71
WA,56300,2025-08,1.08,10.74,1.03,18.54
WA,56300,2025-09,0.99,9.6,0.99,15.58
WA,56300,2025-10,0.14,1.84,1.13,33.84
WA,56300,2025-11,0.14,1.34,0.14,2.24
WA,56300,2025-12,2.12,19.39,3.15,138.63
WA,56300,2026-01,1.98,29.57,1.98,55.73
WA,56300,2026-02,1.03,12.14,0.99,15.47
WA,56300,2026-03,5.03,130.32,3.01,44.5
WA,56300,2026-04,4.14,55.82,5.18,155.06
WA,56300,2026-05,0.14,1.75,0.1,2.58
WA,56300,2026-06,4,51.14,5.98,109.03
WA,56300,2026-07,0.99,11.76,1.04,37.98
WA,56300,2026-08,1.08,7.34,0.05,0.45
WA,56370,2023-01,0,0,0,0
WA,56370,2023-02,3,33.2,0,0
WA,56370,2023-03,1,29.75,0,0
WA,56370,2023-04,0,0,0,0
WA,56370,2023-05,4,17.73,0,0
WA,56370,2023-06,1,2.34,0,0
WA,56370,2023-07,0,0,0,0
WA,56370,2023-08,2,12.76,0,0
WA,56370,2023-09,1,6.64,0,0
WA,56370,2023-10,0,0,0,0
WA,56370,2023-11,0,0,0,0
WA,56370,2023-12,1,13.2,0,0
WA,56370,2024-01,0,0,0,0
WA,56370,2024-02,0,0,0,0
WA,56370,2024-03,0,0,0,0
WA,56370,2024-04,0,0,0,0
WA,56370,2024-05,0,0,0,0
WA,56370,2024-06,0,0,0,0
WA,56370,2024-07,0,0,0,0
WA,56370,2024-08,0,0,0,0
WA,56370,2024-09,0,0,0,0
WA,56370,2024-10,0,0,0,0
WA,56370,2024-11,5,50.06,0,0
WA,56370,2024-12,0,0,0,0
WA,56370,2025-01,0,0,0,0
WA,56370,2025-02,2,16.28,0,0
WA,56370,2025-03,2,15.77,0,0
WA,56370,2025-04,3,26.4,0,0
WA,56370,2025-05,0,0,0,0
WA,56370,2025-06,0,0,0,0
WA,56370,2025-07,1,18.36,0,0
WA,56370,2025-08,1,13.5,1,20
WA,56370,2025-09,0,0,0,0
WA,56370,2025-10,0,0,0,0
WA,56370,2025-11,0,0,0,0
WA,56370,2025-12,0,0,1,75.2
WA,56370,2026-01,1,81.6,0,0
WA,56370,2026-02,0,0,0,0
WA,56370,2026-03,0,0,0,0
WA,56370,2026-04,0,0,0,0
WA,56370,2026-05,2,47.5,0,0
WA,56370,2026-06,0,0,0,0
WA,56370,2026-07,1,8.93,0,0
WA,56370,2026-08,0,0,0,0
WA,56460,2023-01,0,0,0,0
WA,56460,2023-02,3.98,28.05,0,0
WA,56460,2023-03,7.96,69.6,0,0
WA,56460,2023-04,7.96,52.84,0,0
WA,56460,2023-05,5.97,44.41,0,0
WA,56460,2023-06,4.97,44.34,0,0
WA,56460,2023-07,2.98,26.42,0,0
WA,56460,2023-08,1.99,24.55,0,0
WA,56460,2023-09,6.97,51.34,0,0
WA,56460,2023-10,3.98,28.08,0,0
WA,56460,2023-11,3.98,34.68,0,0
WA,56460,2023-12,4.97,38.11,0,0
WA,56460,2024-01,0.99,6.61,0,0
WA,56460,2024-02,1.99,19.79,0,0
WA,56460,2024-03,3.98,29.54,0,0
WA,56460,2024-04,2.98,51.13,0,0
WA,56460,2024-05,3.98,29.24,0,0
WA,56460,2024-06,5.98,53.34,0,0
WA,56460,2024-07,2.98,19.73,0,0
WA,56460,2024-08,4.97,32.87,0,0
WA,56460,2024-09,5.97,38.08,0,0
WA,56460,2024-10,1.99,17.07,0,0
WA,56460,2024-11,0,0,0,0
WA,56460,2024-12,6.96,49.07,0,0
WA,56460,2025-01,2.98,19.79,0,0
WA,56460,2025-02,0.99,6.56,0,0
WA,56460,2025-03,6.97,46.04,0,0
WA,56460,2025-04,1.99,105.91,0,0
WA,56460,2025-05,2.98,19.69,0,0
WA,56460,2025-06,10.94,91.51,0,0
WA,56460,2025-07,0.99,6.56,0.99,15.52
WA,56460,2025-08,2.98,25.43,1.99,35.81
WA,56460,2025-09,0.99,6.61,0.99,17.9
WA,56460,2025-10,2.98,45.83,3.98,82.05
WA,56460,2025-11,10.95,105.47,10.95,245.42
WA,56460,2025-12,3.98,67.03,6.97,207.38
WA,56460,2026-01,0.99,13.23,0.99,15.52
WA,56460,2026-02,0.99,6.56,0,0
WA,56460,2026-03,2.99,46.38,4.98,103.73
WA,56460,2026-04,5.97,124.16,6.96,270.95
WA,56460,2026-05,0.99,14.65,0.99,9.42
WA,56460,2026-06,3.98,34.93,3.98,91.59
WA,56460,2026-07,1.99,21.26,2.98,60.46
WA,56460,2026-08,1.99,18.38,1.99,40.74
WA,56580,2023-01,13.4,116.59,0,0
WA,56580,2023-02,19.33,154.4,0,0
WA,56580,2023-03,17.85,149.15,0,0
WA,56580,2023-04,15.06,157.39,0,0
WA,56580,2023-05,15.66,153.78,0,0
WA,56580,2023-06,16.63,153.69,0,0
WA,56580,2023-07,9.94,92.18,0,0
WA,56580,2023-08,22.88,199.47,0,0
WA,56580,2023-09,17.82,172.87,0,0
WA,56580,2023-10,19.14,204.5,0,0
WA,56580,2023-11,21.22,190.57,0,0
WA,56580,2023-12,26.69,232.67,0,0
WA,56580,2024-01,17.36,126.88,0,0
WA,56580,2024-02,17.44,150.02,0,0
WA,56580,2024-03,13.39,109.77,0,0
WA,56580,2024-04,9.65,119.34,0,0
WA,56580,2024-05,18.15,176.23,0,0
WA,56580,2024-06,11.22,98.54,0,0
WA,56580,2024-07,15.05,135.14,0,0
WA,56580,2024-08,16.72,146.24,0,0
WA,56580,2024-09,22.83,191.4,0,0
WA,56580,2024-10,16.7,150.07,0,0
WA,56580,2024-11,20.97,202.95,0,0
WA,56580,2024-12,19.77,196.58,0,0
WA,56580,2025-01,13.44,126.13,0,0
WA,56580,2025-02,16.37,186.37,0,0
WA,56580,2025-03,16.92,160.13,0,0
WA,56580,2025-04,8.96,85.92,0,0
WA,56580,2025-05,17.53,222.73,0,0
WA,56580,2025-06,14.7,138,0,0
WA,56580,2025-07,7.8,71.91,14.95,245.42
WA,56580,2025-08,11.32,112.91,23.05,413.32
WA,56580,2025-09,12.54,151.41,25.45,537.8
WA,56580,2025-10,13.42,142.58,37.21,732.74
WA,56580,2025-11,15.43,171.4,39.27,794.99
WA,56580,2025-12,28.7,359.7,36.57,872.26
WA,56580,2026-01,11.05,118.03,22.02,558.97
WA,56580,2026-02,15.39,146.98,36.01,833.51
WA,56580,2026-03,29.04,306.19,45.07,1206.17
WA,56580,2026-04,29.8,334.79,60.93,1842.32
WA,56580,2026-05,20.51,223.53,23.83,464.72
WA,56580,2026-06,21.09,192.33,26.21,527.93
WA,56580,2026-07,23.92,268.77,29.48,724.46
WA,56580,2026-08,11.79,123.29,13.55,315
WA,56620,2023-01,0,0,0,0
WA,56620,2023-02,0.13,1.64,0,0
WA,56620,2023-03,0.8,5.02,0,0
WA,56620,2023-04,0,0,0,0
WA,56620,2023-05,0.13,4.62,0,0
WA,56620,2023-06,0.07,1.99,0,0
WA,56620,2023-07,0.07,1.22,0,0
WA,56620,2023-08,0.07,0.41,0,0
WA,56620,2023-09,0.07,1.37,0,0
WA,56620,2023-10,0.07,0.38,0,0
WA,56620,2023-11,0.07,3.63,0,0
WA,56620,2023-12,0.07,2.2,0,0
WA,56620,2024-01,0,0,0,0
WA,56620,2024-02,0.07,0.93,0,0
WA,56620,2024-03,0.2,3.62,0,0
WA,56620,2024-04,0.13,1.42,0,0
WA,56620,2024-05,0.07,0.75,0,0
WA,56620,2024-06,0.26,10.75,0,0
WA,56620,2024-07,0.07,1.07,0,0
WA,56620,2024-08,0.07,0.7,0,0
WA,56620,2024-09,0.13,4.84,0,0
WA,56620,2024-10,0.26,6.78,0,0
WA,56620,2024-11,0,0,0,0
WA,56620,2024-12,0.07,2.2,0,0
WA,56620,2025-01,0,0,0,0
WA,56620,2025-02,0.07,0.38,0,0
WA,56620,2025-03,0.07,0.33,0,0
WA,56620,2025-04,0,0,0,0
WA,56620,2025-05,0.07,3.35,0,0
WA,56620,2025-06,0,0,0,0
WA,56620,2025-07,0.13,6.57,0.07,6.04
WA,56620,2025-08,0,0,0.07,0.6
WA,56620,2025-09,0,0,0,0
WA,56620,2025-10,0.07,1.35,0.07,4.07
WA,56620,2025-11,0.33,5.8,0.4,18.08
WA,56620,2025-12,0.4,8.65,0.46,16.69
WA,56620,2026-01,0,0,0,0
WA,56620,2026-02,0.07,2.62,0.07,4.07
WA,56620,2026-03,0,0,0,0
WA,56620,2026-04,0.07,0.81,0.66,31.27
WA,56620,2026-05,0,0,0,0
WA,56620,2026-06,0.2,2.6,0.07,2.65
WA,56620,2026-07,0.07,1.85,0,0
WA,56620,2026-08,0.07,0.57,0.07,2.37
WA,56730,2023-01,17.64,150.7,0,0
WA,56730,2023-02,21.7,133.72,0,0
WA,56730,2023-03,20.58,214.79,0,0
WA,56730,2023-04,11.86,88.48,0,0
WA,56730,2023-05,15.72,192.18,0,0
WA,56730,2023-06,13.75,105.15,0,0
WA,56730,2023-07,11.75,83.98,0,0
WA,56730,2023-08,11.78,100.98,0,0
WA,56730,2023-09,11.81,80.34,0,0
WA,56730,2023-10,15.72,145.75,0,0
WA,56730,2023-11,17.67,141.25,0,0
WA,56730,2023-12,9.83,255.6,0,0
WA,56730,2024-01,6.86,61.17,0,0
WA,56730,2024-02,11.83,76.08,0,0
WA,56730,2024-03,6.86,50.68,0,0
WA,56730,2024-04,9.86,62.98,0,0
WA,56730,2024-05,19.53,220.17,0,0
WA,56730,2024-06,13.78,98.51,0,0
WA,56730,2024-07,15.81,103.92,0,0
WA,56730,2024-08,12.78,81.11,0,0
WA,56730,2024-09,14.72,110.67,0,0
WA,56730,2024-10,14.64,102.28,0,0
WA,56730,2024-11,12.72,93.19,0,0
WA,56730,2024-12,18.7,255.54,0,0
WA,56730,2025-01,7.83,77.57,0,0
WA,56730,2025-02,12.83,111.19,0,0
WA,56730,2025-03,8.86,84.86,0,0
WA,56730,2025-04,10.78,68.57,0,0
WA,56730,2025-05,10.83,78.36,0,0
WA,56730,2025-06,17.72,140.84,0,0
WA,56730,2025-07,6.89,145.02,5.94,169.76
WA,56730,2025-08,8.81,71.13,10.78,156.47
WA,56730,2025-09,3.92,46.04,4.92,93.83
WA,56730,2025-10,8.89,78,16.75,323.07
WA,56730,2025-11,15.72,169.47,18.78,341.31
WA,56730,2025-12,10.81,148.95,12.78,244.4
WA,56730,2026-01,2.94,19.48,4.86,108.9
WA,56730,2026-02,4.92,48.77,6.86,151.84
WA,56730,2026-03,16.7,163.41,14.78,357.83
WA,56730,2026-04,15.72,136.31,22.64,661.18
WA,56730,2026-05,9.86,98.82,11.81,259.32
WA,56730,2026-06,4.94,37.74,7.83,156.97
WA,56730,2026-07,15.78,140.2,18.75,367.59
WA,56730,2026-08,4.92,39.25,4.86,116.61
WA,56790,2023-01,4.33,29.79,0,0
WA,56790,2023-02,3.21,31.2,0,0
WA,56790,2023-03,2.47,16.32,0,0
WA,56790,2023-04,5.26,20.37,0,0
WA,56790,2023-05,5.3,38.56,0,0
WA,56790,2023-06,5.09,37.3,0,0
WA,56790,2023-07,7.12,64.99,0,0
WA,56790,2023-08,5.33,68.97,0,0
WA,56790,2023-09,4.14,22.86,0,0
WA,56790,2023-10,7.23,48.87,0,0
WA,56790,2023-11,7.23,47.52,0,0
WA,56790,2023-12,4.14,26.92,0,0
WA,56790,2024-01,3.19,20.96,0,0
WA,56790,2024-02,3.21,21.19,0,0
WA,56790,2024-03,4.09,21.37,0,0
WA,56790,2024-04,3.19,17.11,0,0
WA,56790,2024-05,2.28,15.32,0,0
WA,56790,2024-06,3.19,34.06,0,0
WA,56790,2024-07,6.19,43.98,0,0
WA,56790,2024-08,0.09,0.85,0,0
WA,56790,2024-09,4.07,33.85,0,0
WA,56790,2024-10,2.19,14.75,0,0
WA,56790,2024-11,6.23,47.31,0,0
WA,56790,2024-12,3.44,52.8,0,0
WA,56790,2025-01,1.14,7.55,0,0
WA,56790,2025-02,3.07,25.57,0,0
WA,56790,2025-03,4.05,29.84,0,0
WA,56790,2025-04,7.12,42.95,0,0
WA,56790,2025-05,1.28,15.61,0,0
WA,56790,2025-06,1.14,8.36,0,0
WA,56790,2025-07,7.14,54.34,4.07,91.63
WA,56790,2025-08,3.19,23.97,1.21,21.89
WA,56790,2025-09,2.12,19.08,2.16,35.71
WA,56790,2025-10,8.23,86.66,7.26,87.16
WA,56790,2025-11,4.09,31.73,3.28,63.72
WA,56790,2025-12,0.14,0.99,0.07,1.55
WA,56790,2026-01,2.07,16.72,3.02,53.25
WA,56790,2026-02,3.19,30.5,3.26,92.81
WA,56790,2026-03,1.16,11.46,1.16,17.21
WA,56790,2026-04,2.21,15.89,3.28,62.6
WA,56790,2026-05,3.14,53.67,2.12,27.12
WA,56790,2026-06,4,68.34,5.07,174.04
WA,56790,2026-07,5.21,36.06,3.19,52.04
WA,56790,2026-08,3.09,30.11,2.07,56.62
WA,56860,2023-01,0,0,0,0
WA,56860,2023-02,0,0,0,0
WA,56860,2023-03,0,0,0,0
WA,56860,2023-04,0,0,0,0
WA,56860,2023-05,0,0,0,0
WA,56860,2023-06,1,6.64,0,0
WA,56860,2023-07,0,0,0,0
WA,56860,2023-08,0,0,0,0
WA,56860,2023-09,0,0,0,0
WA,56860,2023-10,0,0,0,0
WA,56860,2023-11,0,0,0,0
WA,56860,2023-12,0,0,0,0
WA,56860,2024-01,0,0,0,0
WA,56860,2024-02,1,6.6,0,0
WA,56860,2024-03,1,17.16,0,0
WA,56860,2024-04,0,0,0,0
WA,56860,2024-05,1,19.11,0,0
WA,56860,2024-06,2,13.2,0,0
WA,56860,2024-07,0,0,0,0
WA,56860,2024-08,0,0,0,0
WA,56860,2024-09,0,0,0,0
WA,56860,2024-10,0,0,0,0
WA,56860,2024-11,1,6.6,0,0
WA,56860,2024-12,1,6.16,0,0
WA,56860,2025-01,0,0,0,0
WA,56860,2025-02,0,0,0,0
WA,56860,2025-03,0,0,0,0
WA,56860,2025-04,0,0,0,0
WA,56860,2025-05,0,0,0,0
WA,56860,2025-06,1,13.2,0,0
WA,56860,2025-07,0,0,0,0
WA,56860,2025-08,0,0,0,0
WA,56860,2025-09,0,0,0,0
WA,56860,2025-10,0,0,0,0
WA,56860,2025-11,0,0,0,0
WA,56860,2025-12,0,0,0,0
WA,56860,2026-01,0,0,0,0
WA,56860,2026-02,0,0,0,0
WA,56860,2026-03,0,0,0,0
WA,56860,2026-04,0,0,0,0
WA,56860,2026-05,0,0,0,0
WA,56860,2026-06,0,0,0,0
WA,56860,2026-07,0,0,0,0
WA,56860,2026-08,0,0,0,0
WA,56930,2023-01,0.6,3.91,0,0
WA,56930,2023-02,1.5,11.85,0,0
WA,56930,2023-03,1.5,10.76,0,0
WA,56930,2023-04,0.9,7.07,0,0
WA,56930,2023-05,0.75,4.97,0,0
WA,56930,2023-06,1.2,11.36,0,0
WA,56930,2023-07,0.9,8.99,0,0
WA,56930,2023-08,0.6,4.06,0,0
WA,56930,2023-09,1.35,10.75,0,0
WA,56930,2023-10,1.5,14.13,0,0
WA,56930,2023-11,2.69,24.42,0,0
WA,56930,2023-12,1.35,16.3,0,0
WA,56930,2024-01,0.75,5.75,0,0
WA,56930,2024-02,0.75,6.98,0,0
WA,56930,2024-03,0.75,5.61,0,0
WA,56930,2024-04,0.9,7.31,0,0
WA,56930,2024-05,1.8,15.23,0,0
WA,56930,2024-06,1.2,9.87,0,0
WA,56930,2024-07,1.2,10.76,0,0
WA,56930,2024-08,1.35,10.56,0,0
WA,56930,2024-09,1.95,21.2,0,0
WA,56930,2024-10,1.05,13.04,0,0
WA,56930,2024-11,1.35,11.65,0,0
WA,56930,2024-12,1.35,24.37,0,0
WA,56930,2025-01,0.9,8.62,0,0
WA,56930,2025-02,1.5,13.84,0,0
WA,56930,2025-03,1.95,15.46,0,0
WA,56930,2025-04,0.45,4.95,0,0
WA,56930,2025-05,0.75,8.82,0,0
WA,56930,2025-06,0.75,8.35,0,0
WA,56930,2025-07,0.9,11.1,1.05,27.19
WA,56930,2025-08,1.2,17.38,1.8,34.98
WA,56930,2025-09,0.75,11.89,1.95,41.47
WA,56930,2025-10,0.6,8.13,1.95,34.49
WA,56930,2025-11,1.35,15.32,1.5,33.76
WA,56930,2025-12,1.35,16.34,2.39,55.16
WA,56930,2026-01,1.35,14.96,2.09,50.01
WA,56930,2026-02,0.9,10.24,2.09,46.16
WA,56930,2026-03,1.2,12.46,3.14,78.8
WA,56930,2026-04,1.8,19.99,3.29,108.23
WA,56930,2026-05,1.2,12.12,2.39,47.81
WA,56930,2026-06,0.9,6.18,1.65,29.35
WA,56930,2026-07,0.6,4.21,1.05,15.84
WA,56930,2026-08,0.9,10.36,0.9,18.42
WA,57000,2023-01,5,45.92,0,0
WA,57000,2023-02,0.04,0.26,0,0
WA,57000,2023-03,0,0,0,0
WA,57000,2023-04,0.04,0.37,0,0
WA,57000,2023-05,0.04,0.56,0,0
WA,57000,2023-06,0,0,0,0
WA,57000,2023-07,0,0,0,0
WA,57000,2023-08,7,46.48,0,0
WA,57000,2023-09,2,19.92,0,0
WA,57000,2023-10,0.13,0.96,0,0
WA,57000,2023-11,0.04,0.24,0,0
WA,57000,2023-12,0,0,0,0
WA,57000,2024-01,0,0,0,0
WA,57000,2024-02,0,0,0,0
WA,57000,2024-03,1.08,28.72,0,0
WA,57000,2024-04,0.04,0.28,0,0
WA,57000,2024-05,0,0,0,0
WA,57000,2024-06,0.04,0.28,0,0
WA,57000,2024-07,0,0,0,0
WA,57000,2024-08,0,0,0,0
WA,57000,2024-09,0,0,0,0
WA,57000,2024-10,16.08,178.96,0,0
WA,57000,2024-11,0.04,0.28,0,0
WA,57000,2024-12,0,0,0,0
WA,57000,2025-01,0,0,0,0
WA,57000,2025-02,1,29.92,0,0
WA,57000,2025-03,0,0,0,0
WA,57000,2025-04,0,0,0,0
WA,57000,2025-05,0,0,0,0
WA,57000,2025-06,0,0,0,0
WA,57000,2025-07,0,0,0,0
WA,57000,2025-08,0,0,0,0
WA,57000,2025-09,0,0,0,0
WA,57000,2025-10,1.04,15.48,0,0
WA,57000,2025-11,0,0,0,0
WA,57000,2025-12,0,0,0,0
WA,57000,2026-01,0,0,0,0
WA,57000,2026-02,0.04,0.4,0,0
WA,57000,2026-03,0,0,0,0
WA,57000,2026-04,0,0,0,0
WA,57000,2026-05,0.04,0.6,0.04,0.99
WA,57000,2026-06,0.04,1,0,0
WA,57000,2026-07,0,0,0,0
WA,57000,2026-08,0,0,0,0
WA,57080,2023-01,5.97,39.81,0,0
WA,57080,2023-02,7.57,83.99,0,0
WA,57080,2023-03,9.52,102.99,0,0
WA,57080,2023-04,8.06,204.15,0,0
WA,57080,2023-05,13.91,150.24,0,0
WA,57080,2023-06,5.21,50.97,0,0
WA,57080,2023-07,6.33,99.29,0,0
WA,57080,2023-08,9.19,146.48,0,0
WA,57080,2023-09,4.99,77.58,0,0
WA,57080,2023-10,7.01,201.49,0,0
WA,57080,2023-11,6.93,61.62,0,0
WA,57080,2023-12,11.22,155.14,0,0
WA,57080,2024-01,6.59,74.95,0,0
WA,57080,2024-02,7.58,59.91,0,0
WA,57080,2024-03,7.52,130.99,0,0
WA,57080,2024-04,6.3,226.43,0,0
WA,57080,2024-05,7.07,183.41,0,0
WA,57080,2024-06,9.1,209.1,0,0
WA,57080,2024-07,7.64,83.66,0,0
WA,57080,2024-08,6.67,122.92,0,0
WA,57080,2024-09,9.47,132.18,0,0
WA,57080,2024-10,9.14,96.83,0,0
WA,57080,2024-11,7.99,70.96,0,0
WA,57080,2024-12,8.03,95.62,0,0
WA,57080,2025-01,5.99,51.92,0,0
WA,57080,2025-02,8.88,82.17,0,0
WA,57080,2025-03,7.58,110.97,0,0
WA,57080,2025-04,6.45,94.5,0,0
WA,57080,2025-05,7.89,112.36,0,0
WA,57080,2025-06,7.9,74.95,0,0
WA,57080,2025-07,1.72,13.08,4.87,80.37
WA,57080,2025-08,7.62,135.84,10.57,169.7
WA,57080,2025-09,5.68,54.63,11.51,218.75
WA,57080,2025-10,6.12,102.11,13.46,279.34
WA,57080,2025-11,6.81,80.77,14.84,278.67
WA,57080,2025-12,13.07,221.16,17.08,420.77
WA,57080,2026-01,6.16,93.62,10.19,273.29
WA,57080,2026-02,5.88,53.87,14.45,317.57
WA,57080,2026-03,12.72,123.35,20.16,478.21
WA,57080,2026-04,12.08,136.54,26.19,822.25
WA,57080,2026-05,9.38,87.5,11.07,223.85
WA,57080,2026-06,8.24,103.78,10.14,193.25
WA,57080,2026-07,9.1,93.24,10.35,231.46
WA,57080,2026-08,5.2,98.68,5.64,110.02
WA,57140,2023-01,3.44,27.44,0,0
WA,57140,2023-02,1.38,6.12,0,0
WA,57140,2023-03,2.07,17.62,0,0
WA,57140,2023-04,2.07,14.22,0,0
WA,57140,2023-05,0,0,0,0
WA,57140,2023-06,0.69,4.57,0,0
WA,57140,2023-07,0,0,0,0
WA,57140,2023-08,0,0,0,0
WA,57140,2023-09,0.69,4.57,0,0
WA,57140,2023-10,0,0,0,0
WA,57140,2023-11,0.69,4.57,0,0
WA,57140,2023-12,1.38,8.62,0,0
WA,57140,2024-01,0,0,0,0
WA,57140,2024-02,0.69,4.58,0,0
WA,57140,2024-03,0.69,7.27,0,0
WA,57140,2024-04,0.69,4.55,0,0
WA,57140,2024-05,0,0,0,0
WA,57140,2024-06,0.69,4.49,0,0
WA,57140,2024-07,4.82,40.06,0,0
WA,57140,2024-08,1.38,9.12,0,0
WA,57140,2024-09,1.38,9.09,0,0
WA,57140,2024-10,1.38,9.16,0,0
WA,57140,2024-11,0.69,4.55,0,0
WA,57140,2024-12,0.69,4.55,0,0
WA,57140,2025-01,0,0,0,0
WA,57140,2025-02,1.38,11.82,0,0
WA,57140,2025-03,1.38,8.18,0,0
WA,57140,2025-04,1.38,6.97,0,0
WA,57140,2025-05,0.69,5.15,0,0
WA,57140,2025-06,0.69,15.84,0,0
WA,57140,2025-07,1.38,11.82,0,0
WA,57140,2025-08,0,0,0,0
WA,57140,2025-09,1.38,23.55,1.38,34.55
WA,57140,2025-10,0.69,9.7,1.38,26.01
WA,57140,2025-11,0.69,7.85,0.69,21.49
WA,57140,2025-12,1.38,9.53,0.69,7.05
WA,57140,2026-01,0,0,0.69,16.53
WA,57140,2026-02,0.69,5.23,0.69,18.18
WA,57140,2026-03,2.07,23.55,1.38,32.23
WA,57140,2026-04,1.38,68.05,1.38,74.93
WA,57140,2026-05,0.69,4.58,0,0
WA,57140,2026-06,0,0,0,0
WA,57140,2026-07,2.07,28.27,2.07,46.83
WA,57140,2026-08,0.69,5.64,0,0
WA,57210,2023-01,2.99,15.97,0,0
WA,57210,2023-02,7.96,51.97,0,0
WA,57210,2023-03,5.96,42.3,0,0
WA,57210,2023-04,1.99,16.65,0,0
WA,57210,2023-05,10.96,74.67,0,0
WA,57210,2023-06,3.97,37.86,0,0
WA,57210,2023-07,3.98,25.52,0,0
WA,57210,2023-08,6.97,49.85,0,0
WA,57210,2023-09,3.98,33.06,0,0
WA,57210,2023-10,2.99,19.83,0,0
WA,57210,2023-11,6.96,46,0,0
WA,57210,2023-12,3.99,36.88,0,0
WA,57210,2024-01,3.98,34.52,0,0
WA,57210,2024-02,2.99,21.79,0,0
WA,57210,2024-03,6.97,65.83,0,0
WA,57210,2024-04,0.99,6.55,0,0
WA,57210,2024-05,5.97,46.57,0,0
WA,57210,2024-06,2.99,36.17,0,0
WA,57210,2024-07,2.99,27.24,0,0
WA,57210,2024-08,3.99,26.35,0,0
WA,57210,2024-09,3.99,28.55,0,0
WA,57210,2024-10,2.99,19.75,0,0
WA,57210,2024-11,4.99,32.12,0,0
WA,57210,2024-12,3.99,33.39,0,0
WA,57210,2025-01,0,0,0,0
WA,57210,2025-02,2,14.52,0,0
WA,57210,2025-03,2.99,23.2,0,0
WA,57210,2025-04,3.98,25.82,0,0
WA,57210,2025-05,4.98,32.86,0,0
WA,57210,2025-06,1.99,12.23,0,0
WA,57210,2025-07,0,0,0,0
WA,57210,2025-08,1.99,23.74,1.99,25.02
WA,57210,2025-09,2.98,31.89,1.99,22.41
WA,57210,2025-10,2.99,26.96,3.99,73.19
WA,57210,2025-11,1.99,21.4,3.98,50.87
WA,57210,2025-12,6.95,99.51,6.95,187.78
WA,57210,2026-01,1,9.5,1,12.8
WA,57210,2026-02,0.99,9.43,0.99,14
WA,57210,2026-03,4.98,50.74,5.97,127.3
WA,57210,2026-04,2,35.15,2,73
WA,57210,2026-05,2.98,34.87,0.99,19.06
WA,57210,2026-06,1.99,16.09,0.99,15.88
WA,57210,2026-07,3.98,50.25,1.99,59.92
WA,57210,2026-08,1.99,18.29,0.99,19.06
WA,57280,2023-01,0,0,0,0
WA,57280,2023-02,0,0,0,0
WA,57280,2023-03,0,0,0,0
WA,57280,2023-04,9.92,106.1,0,0
WA,57280,2023-05,2,17.43,0,0
WA,57280,2023-06,0,0,0,0
WA,57280,2023-07,2.92,35.99,0,0
WA,57280,2023-08,12.62,175.07,0,0
WA,57280,2023-09,1.35,17.47,0,0
WA,57280,2023-10,15.62,189.97,0,0
WA,57280,2023-11,5.69,60.18,0,0
WA,57280,2023-12,2,21.49,0,0
WA,57280,2024-01,8.92,78.09,0,0
WA,57280,2024-02,9.99,90.54,0,0
WA,57280,2024-03,0,0,0,0
WA,57280,2024-04,1,12.9,0,0
WA,57280,2024-05,3.77,49.21,0,0
WA,57280,2024-06,12.31,217.48,0,0
WA,57280,2024-07,9.47,90.59,0,0
WA,57280,2024-08,4.62,236.32,0,0
WA,57280,2024-09,2.06,104.82,0,0
WA,57280,2024-10,2,29.92,0,0
WA,57280,2024-11,4.92,72.4,0,0
WA,57280,2024-12,4.77,132.89,0,0
WA,57280,2025-01,3.92,36.47,0,0
WA,57280,2025-02,0.92,36.85,0,0
WA,57280,2025-03,3.92,30.02,0,0
WA,57280,2025-04,3,36,0,0
WA,57280,2025-05,4.85,58.15,0,0
WA,57280,2025-06,0,0,0,0
WA,57280,2025-07,5.85,71.18,0,0
WA,57280,2025-08,6,53.24,1,9.2
WA,57280,2025-09,2.92,56.87,0,0
WA,57280,2025-10,17.28,137.91,2,55.2
WA,57280,2025-11,2.92,78.75,0,0
WA,57280,2025-12,1.85,96.43,2,33.12
WA,57280,2026-01,1.92,22.63,6.77,74.75
WA,57280,2026-02,4.92,56.36,5.85,105.34
WA,57280,2026-03,1.92,16.1,0,0
WA,57280,2026-04,2.85,118.76,5.91,170.03
WA,57280,2026-05,3,36.8,2,55.2
WA,57280,2026-06,1,13.95,2,97.68
WA,57280,2026-07,1.85,67.04,0,0
WA,57280,2026-08,0,0,0,0
WA,57350,2023-01,0,0,0,0
WA,57350,2023-02,0,0,0,0
WA,57350,2023-03,2,31,0,0
WA,57350,2023-04,0,0,0,0
WA,57350,2023-05,1,2.22,0,0
WA,57350,2023-06,0,0,0,0
WA,57350,2023-07,0,0,0,0
WA,57350,2023-08,0,0,0,0
WA,57350,2023-09,0,0,0,0
WA,57350,2023-10,0,0,0,0
WA,57350,2023-11,4,26.56,0,0
WA,57350,2023-12,0,0,0,0
WA,57350,2024-01,1,2.34,0,0
WA,57350,2024-02,1,11.44,0,0
WA,57350,2024-03,1,6.6,0,0
WA,57350,2024-04,1,8.8,0,0
WA,57350,2024-05,1,6.64,0,0
WA,57350,2024-06,0,0,0,0
WA,57350,2024-07,0,0,0,0
WA,57350,2024-08,1,6.6,0,0
WA,57350,2024-09,0,0,0,0
WA,57350,2024-10,1,6.6,0,0
WA,57350,2024-11,0,0,0,0
WA,57350,2024-12,0,0,0,0
WA,57350,2025-01,1,10.12,0,0
WA,57350,2025-02,0,0,0,0
WA,57350,2025-03,2,15.62,0,0
WA,57350,2025-04,1,6.23,0,0
WA,57350,2025-05,1,8.8,0,0
WA,57350,2025-06,0,0,0,0
WA,57350,2025-07,0,0,0,0
WA,57350,2025-08,0,0,1,13.5
WA,57350,2025-09,1,6.6,0,0
WA,57350,2025-10,1,3.52,1,36
WA,57350,2025-11,0,0,1,9.9
WA,57350,2025-12,0,0,0,0
WA,57350,2026-01,0,0,1,15
WA,57350,2026-02,1,14.25,0,0
WA,57350,2026-03,1,4.75,1,7.8
WA,57350,2026-04,1,19,0,0
WA,57350,2026-05,0,0,1,19.2
WA,57350,2026-06,1,9.87,1,28.8
WA,57350,2026-07,0,0,0,0
WA,57350,2026-08,0,0,0,0
WA,57420,2023-01,0,0,0,0
WA,57420,2023-02,0,0,0,0
WA,57420,2023-03,0.99,7.78,0,0
WA,57420,2023-04,0,0,0,0
WA,57420,2023-05,0.01,0.21,0,0
WA,57420,2023-06,2.02,27.27,0,0
WA,57420,2023-07,0,0,0,0
WA,57420,2023-08,5.04,40.34,0,0
WA,57420,2023-09,0.01,0.15,0,0
WA,57420,2023-10,1.02,6.83,0,0
WA,57420,2023-11,2.06,14.12,0,0
WA,57420,2023-12,0.07,0.53,0,0
WA,57420,2024-01,0.07,0.58,0,0
WA,57420,2024-02,0.14,1.74,0,0
WA,57420,2024-03,1.07,8.16,0,0
WA,57420,2024-04,1,6.66,0,0
WA,57420,2024-05,3.98,26.53,0,0
WA,57420,2024-06,4.01,26.72,0,0
WA,57420,2024-07,6.99,51.26,0,0
WA,57420,2024-08,2.14,14.55,0,0
WA,57420,2024-09,6.4,43.2,0,0
WA,57420,2024-10,11.16,79.26,0,0
WA,57420,2024-11,4.22,27.91,0,0
WA,57420,2024-12,4.39,68.92,0,0
WA,57420,2025-01,1.23,12.57,0,0
WA,57420,2025-02,2.38,15.98,0,0
WA,57420,2025-03,3.24,33.35,0,0
WA,57420,2025-04,1.19,8.29,0,0
WA,57420,2025-05,0.16,1.43,0,0
WA,57420,2025-06,0,0,0,0
WA,57420,2025-07,2.01,33.94,1,19.95
WA,57420,2025-08,0.02,0.19,0.01,0.27
WA,57420,2025-09,0.12,1.29,0.23,4.2
WA,57420,2025-10,0.05,0.68,0.04,2.58
WA,57420,2025-11,6.1,40.22,0.18,5.27
WA,57420,2025-12,1.05,7.22,1.04,16.81
WA,57420,2026-01,0.05,0.45,0.06,3.53
WA,57420,2026-02,1.08,34.39,1.06,47.08
WA,57420,2026-03,0.06,0.87,0.18,3.51
WA,57420,2026-04,0.05,0.25,1.08,22
WA,57420,2026-05,2.06,26.51,3,45.92
WA,57420,2026-06,0,0,0,0
WA,57420,2026-07,1.02,7.05,0.04,1.22
WA,57420,2026-08,0.01,0.18,0.01,0.37
WA,57490,2023-01,183,1200.53,0,0
WA,57490,2023-02,209,1412.27,0,0
WA,57490,2023-03,180,1366.85,0,0
WA,57490,2023-04,121,898.26,0,0
WA,57490,2023-05,237,1698.22,0,0
WA,57490,2023-06,185,1226.28,0,0
WA,57490,2023-07,162,1072.97,0,0
WA,57490,2023-08,178,1221.09,0,0
WA,57490,2023-09,200,1300.37,0,0
WA,57490,2023-10,143,1051.4,0,0
WA,57490,2023-11,152,1141.87,0,0
WA,57490,2023-12,165,1203.87,0,0
WA,57490,2024-01,204,1319.14,0,0
WA,57490,2024-02,154,1068.95,0,0
WA,57490,2024-03,142,1072.87,0,0
WA,57490,2024-04,153,1171.79,0,0
WA,57490,2024-05,223,1551.66,0,0
WA,57490,2024-06,114,842.04,0,0
WA,57490,2024-07,136,1057.65,0,0
WA,57490,2024-08,187,1396.34,0,0
WA,57490,2024-09,135,927.34,0,0
WA,57490,2024-10,151,1095.07,0,0
WA,57490,2024-11,196,1496.22,0,0
WA,57490,2024-12,185,1324.62,0,0
WA,57490,2025-01,170,1232.13,0,0
WA,57490,2025-02,139,1016.66,0,0
WA,57490,2025-03,208,1387.8,0,0
WA,57490,2025-04,146,1057.33,0,0
WA,57490,2025-05,139,983.31,0,0
WA,57490,2025-06,153,1169.79,0,0
WA,57490,2025-07,137,1110.14,139,2050.73
WA,57490,2025-08,140,1130.02,207,3082.35
WA,57490,2025-09,135,1152.49,244,3895.32
WA,57490,2025-10,168,1481.88,309,4907.77
WA,57490,2025-11,169,1625.18,281,5145.42
WA,57490,2025-12,170,1723.07,215,4604.82
WA,57490,2026-01,210,1706.77,285,5639.5
WA,57490,2026-02,230,1951.97,321,6743.95
WA,57490,2026-03,207,1781.82,299,7012.08
WA,57490,2026-04,237,2091.27,367,9062.45
WA,57490,2026-05,221,1768.15,239,4163.84
WA,57490,2026-06,228,1884.62,226,4299.33
WA,57490,2026-07,267,2152.46,278,5171.43
WA,57490,2026-08,167,1385.42,139,2577.07
WA,57630,2023-01,0,0,0,0
WA,57630,2023-02,0,0,0,0
WA,57630,2023-03,0,0,0,0
WA,57630,2023-04,0,0,0,0
WA,57630,2023-05,0,0,0,0
WA,57630,2023-06,0,0,0,0
WA,57630,2023-07,0,0,0,0
WA,57630,2023-08,0,0,0,0
WA,57630,2023-09,0,0,0,0
WA,57630,2023-10,0,0,0,0
WA,57630,2023-11,0,0,0,0
WA,57630,2023-12,0,0,0,0
WA,57630,2024-01,0,0,0,0
WA,57630,2024-02,0,0,0,0
WA,57630,2024-03,0,0,0,0
WA,57630,2024-04,0,0,0,0
WA,57630,2024-05,0,0,0,0
WA,57630,2024-06,0,0,0,0
WA,57630,2024-07,0,0,0,0
WA,57630,2024-08,4,26.4,0,0
WA,57630,2024-09,0,0,0,0
WA,57630,2024-10,0,0,0,0
WA,57630,2024-11,2,13.2,0,0
WA,57630,2024-12,0,0,0,0
WA,57630,2025-01,0,0,0,0
WA,57630,2025-02,0,0,0,0
WA,57630,2025-03,0,0,0,0
WA,57630,2025-04,0,0,0,0
WA,57630,2025-05,0,0,0,0
WA,57630,2025-06,2,21.12,0,0
WA,57630,2025-07,0,0,0,0
WA,57630,2025-08,0,0,0,0
WA,57630,2025-09,0,0,0,0
WA,57630,2025-10,0,0,0,0
WA,57630,2025-11,0,0,0,0
WA,57630,2025-12,0,0,0,0
WA,57630,2026-01,0,0,0,0
WA,57630,2026-02,0,0,0,0
WA,57630,2026-03,0,0,0,0
WA,57630,2026-04,0,0,0,0
WA,57630,2026-05,0,0,0,0
WA,57630,2026-06,0,0,0,0
WA,57630,2026-07,0,0,0,0
WA,57630,2026-08,0,0,0,0
WA,57700,2023-01,46,316.46,0,0
WA,57700,2023-02,73,545.7,0,0
WA,57700,2023-03,53.78,382.96,0,0
WA,57700,2023-04,37.78,297.16,0,0
WA,57700,2023-05,34,261.2,0,0
WA,57700,2023-06,56,419.11,0,0
WA,57700,2023-07,44.78,328.59,0,0
WA,57700,2023-08,49,372.07,0,0
WA,57700,2023-09,48,368.4,0,0
WA,57700,2023-10,73,505.98,0,0
WA,57700,2023-11,52,415.84,0,0
WA,57700,2023-12,60,668.66,0,0
WA,57700,2024-01,52,413.14,0,0
WA,57700,2024-02,78,582.08,0,0
WA,57700,2024-03,68,561.56,0,0
WA,57700,2024-04,55,489.28,0,0
WA,57700,2024-05,61,514.98,0,0
WA,57700,2024-06,94,753.74,0,0
WA,57700,2024-07,43,355.47,0,0
WA,57700,2024-08,50,512.8,0,0
WA,57700,2024-09,71,544.88,0,0
WA,57700,2024-10,60.78,573.68,0,0
WA,57700,2024-11,64,553.84,0,0
WA,57700,2024-12,92,819.57,0,0
WA,57700,2025-01,45.78,386.25,0,0
WA,57700,2025-02,47.78,405.49,0,0
WA,57700,2025-03,49,412.05,0,0
WA,57700,2025-04,64,498.48,0,0
WA,57700,2025-05,49,442.2,0,0
WA,57700,2025-06,17.56,146.23,0,0
WA,57700,2025-07,58.56,619.61,65.78,900.05
WA,57700,2025-08,32,323.7,72,1330.09
WA,57700,2025-09,48,575.02,75,1455.9
WA,57700,2025-10,37,480.46,67,1295.33
WA,57700,2025-11,51,512.26,81,1672.75
WA,57700,2025-12,57,628.05,93,2179.72
WA,57700,2026-01,38.78,414.76,63,1348.55
WA,57700,2026-02,64.56,592.87,111.56,2542.69
WA,57700,2026-03,60,686.92,73,1967.74
WA,57700,2026-04,85.78,1142.6,144.78,4944.21
WA,57700,2026-05,80,739.45,102,1992.02
WA,57700,2026-06,62,651.87,66,1481.17
WA,57700,2026-07,67,613.16,69,1509.73
WA,57700,2026-08,54.56,484.29,51.56,1075.52
WA,57770,2023-01,0.34,3.4,0,0
WA,57770,2023-02,0.22,1.38,0,0
WA,57770,2023-03,0.49,4.92,0,0
WA,57770,2023-04,0.27,1.76,0,0
WA,57770,2023-05,0.32,2.39,0,0
WA,57770,2023-06,0.1,0.7,0,0
WA,57770,2023-07,2.12,20.26,0,0
WA,57770,2023-08,0.34,2.28,0,0
WA,57770,2023-09,0.15,1.21,0,0
WA,57770,2023-10,0.24,1.63,0,0
WA,57770,2023-11,0.24,4.25,0,0
WA,57770,2023-12,1.15,7.61,0,0
WA,57770,2024-01,0.19,1.33,0,0
WA,57770,2024-02,2.22,12.76,0,0
WA,57770,2024-03,0.1,0.47,0,0
WA,57770,2024-04,0.19,1.54,0,0
WA,57770,2024-05,0.29,2.17,0,0
WA,57770,2024-06,0.19,1.37,0,0
WA,57770,2024-07,0.19,1.18,0,0
WA,57770,2024-08,1.1,6.11,0,0
WA,57770,2024-09,2.07,16.93,0,0
WA,57770,2024-10,3.19,109.42,0,0
WA,57770,2024-11,0.24,1.74,0,0
WA,57770,2024-12,1.46,36,0,0
WA,57770,2025-01,12.15,99.99,0,0
WA,57770,2025-02,0.07,0.51,0,0
WA,57770,2025-03,0.05,0.37,0,0
WA,57770,2025-04,3.12,21,0,0
WA,57770,2025-05,1.29,9.12,0,0
WA,57770,2025-06,1.15,35.28,0,0
WA,57770,2025-07,0.15,0.95,0.07,0.83
WA,57770,2025-08,0.19,1.59,0.22,3.81
WA,57770,2025-09,0.12,1.39,0.17,2.31
WA,57770,2025-10,0.24,2.17,0.27,3.91
WA,57770,2025-11,0.1,0.92,0.29,4.83
WA,57770,2025-12,0.15,1.03,0.07,1.62
WA,57770,2026-01,0.07,0.46,0.02,0.47
WA,57770,2026-02,1.19,8.42,0.27,3.87
WA,57770,2026-03,0.17,2.05,0.17,3.88
WA,57770,2026-04,0.22,2.27,0.29,8.19
WA,57770,2026-05,0.15,1.77,0.12,2.84
WA,57770,2026-06,0,0,0.07,1.3
WA,57770,2026-07,1.22,32.41,0.19,3.59
WA,57770,2026-08,0.1,0.72,0.07,1.69
WA,57840,2023-01,32,278.46,0,0
WA,57840,2023-02,32,224.42,0,0
WA,57840,2023-03,31,213.69,0,0
WA,57840,2023-04,24,207.36,0,0
WA,57840,2023-05,27,212.55,0,0
WA,57840,2023-06,22,198.85,0,0
WA,57840,2023-07,35,245.12,0,0
WA,57840,2023-08,42,287.14,0,0
WA,57840,2023-09,29,208.15,0,0
WA,57840,2023-10,46,349.28,0,0
WA,57840,2023-11,46,442.52,0,0
WA,57840,2023-12,40,368.8,0,0
WA,57840,2024-01,34,256.84,0,0
WA,57840,2024-02,33,277.29,0,0
WA,57840,2024-03,42,335.08,0,0
WA,57840,2024-04,36,271.1,0,0
WA,57840,2024-05,40,309.84,0,0
WA,57840,2024-06,26,185.78,0,0
WA,57840,2024-07,29,276.41,0,0
WA,57840,2024-08,25,192.06,0,0
WA,57840,2024-09,40,428.66,0,0
WA,57840,2024-10,33,291.82,0,0
WA,57840,2024-11,35,291.03,0,0
WA,57840,2024-12,34,306.66,0,0
WA,57840,2025-01,30,235.35,0,0
WA,57840,2025-02,25,230.55,0,0
WA,57840,2025-03,36,313.55,0,0
WA,57840,2025-04,24,203.68,0,0
WA,57840,2025-05,26,232.04,0,0
WA,57840,2025-06,21,166.79,0,0
WA,57840,2025-07,25,205.98,31,445.14
WA,57840,2025-08,36,384.33,62,986.99
WA,57840,2025-09,19,205.98,51,989.66
WA,57840,2025-10,34,325.49,70,1343.06
WA,57840,2025-11,43,415.09,82,1618.75
WA,57840,2025-12,31,299.3,54,1212.26
WA,57840,2026-01,26,236.12,50,1009.55
WA,57840,2026-02,25,243.48,53,1190.85
WA,57840,2026-03,34,355.59,68,1834.27
WA,57840,2026-04,45,459.16,91,2409.41
WA,57840,2026-05,48,479,54,1022.14
WA,57840,2026-06,49,444.57,58,1109.06
WA,57840,2026-07,42,444.33,43,895.57
WA,57840,2026-08,20,216.85,14,335.61
WA,57910,2023-01,199.18,1417.59,0,0
WA,57910,2023-02,186.25,1440.9,0,0
WA,57910,2023-03,210.12,1471.28,0,0
WA,57910,2023-04,162.81,1324.13,0,0
WA,57910,2023-05,190.48,1473.91,0,0
WA,57910,2023-06,157.72,1369.22,0,0
WA,57910,2023-07,162.98,1198.56,0,0
WA,57910,2023-08,207.51,1514.55,0,0
WA,57910,2023-09,175.25,1413.74,0,0
WA,57910,2023-10,227.01,1638.38,0,0
WA,57910,2023-11,286.36,2128.05,0,0
WA,57910,2023-12,253.49,1980.73,0,0
WA,57910,2024-01,161.98,1355.72,0,0
WA,57910,2024-02,196.59,1504.68,0,0
WA,57910,2024-03,195.05,1615.93,0,0
WA,57910,2024-04,196.36,1560.14,0,0
WA,57910,2024-05,192.47,1586.89,0,0
WA,57910,2024-06,151.5,1121,0,0
WA,57910,2024-07,182.4,1449.38,0,0
WA,57910,2024-08,177.48,1406.91,0,0
WA,57910,2024-09,151.58,1341.06,0,0
WA,57910,2024-10,221.7,1764.19,0,0
WA,57910,2024-11,226.59,2092.53,0,0
WA,57910,2024-12,220.28,1910.31,0,0
WA,57910,2025-01,165.22,1249.69,0,0
WA,57910,2025-02,190.8,1478.21,0,0
WA,57910,2025-03,200.45,1544.52,0,0
WA,57910,2025-04,146.76,1152,0,0
WA,57910,2025-05,152.89,1338.26,0,0
WA,57910,2025-06,124.69,1109.99,0,0
WA,57910,2025-07,137.03,1116.56,173.08,2732.45
WA,57910,2025-08,97.17,779.27,237.06,3541.4
WA,57910,2025-09,115.51,1028.85,273.86,4719.3
WA,57910,2025-10,169.47,1460.89,326.93,5665.66
WA,57910,2025-11,174.44,1669.78,330.41,6203.18
WA,57910,2025-12,186.97,1964.49,316.53,6931.66
WA,57910,2026-01,140.24,1309.46,251.55,5849.44
WA,57910,2026-02,176.73,1572.72,302.14,7375.82
WA,57910,2026-03,216.42,1990.58,349.14,8778.8
WA,57910,2026-04,254.9,2723.57,426.13,13116.58
WA,57910,2026-05,235.33,2061.78,265.43,5015.54
WA,57910,2026-06,245.99,2367.62,260.4,5348.33
WA,57910,2026-07,240.38,2341.2,268.87,5473.9
WA,57910,2026-08,155.87,1473.05,140.74,2922.68
WA,57980,2023-01,20.54,142.21,0,0
WA,57980,2023-02,13.99,196.89,0,0
WA,57980,2023-03,15.63,192.13,0,0
WA,57980,2023-04,9.94,71.36,0,0
WA,57980,2023-05,14.08,95.52,0,0
WA,57980,2023-06,13.46,117.58,0,0
WA,57980,2023-07,15.72,112.74,0,0
WA,57980,2023-08,24.79,170.39,0,0
WA,57980,2023-09,14.72,96.29,0,0
WA,57980,2023-10,18.54,140.75,0,0
WA,57980,2023-11,12.52,89.06,0,0
WA,57980,2023-12,12.82,136.27,0,0
WA,57980,2024-01,9.47,97.42,0,0
WA,57980,2024-02,8.65,65.56,0,0
WA,57980,2024-03,15.2,110.84,0,0
WA,57980,2024-04,7.3,54.48,0,0
WA,57980,2024-05,16.72,177.02,0,0
WA,57980,2024-06,7.77,65.54,0,0
WA,57980,2024-07,24,195.66,0,0
WA,57980,2024-08,12.29,85.14,0,0
WA,57980,2024-09,13.81,123.72,0,0
WA,57980,2024-10,12.29,88.23,0,0
WA,57980,2024-11,13.52,98.5,0,0
WA,57980,2024-12,13.9,138.18,0,0
WA,57980,2025-01,16.63,159.83,0,0
WA,57980,2025-02,15.93,118.06,0,0
WA,57980,2025-03,10.73,70.96,0,0
WA,57980,2025-04,18.54,135.56,0,0
WA,57980,2025-05,23.27,215.94,0,0
WA,57980,2025-06,15.84,217.45,0,0
WA,57980,2025-07,5.04,42.61,17.54,255.09
WA,57980,2025-08,9.21,86.75,16.6,229.75
WA,57980,2025-09,4.75,36.06,24.76,374.41
WA,57980,2025-10,8.47,70.89,27.24,406.34
WA,57980,2025-11,14.9,107.75,25.19,429.18
WA,57980,2025-12,16.07,140.63,36.17,705.55
WA,57980,2026-01,9.94,98.15,19.89,410.06
WA,57980,2026-02,10,97.9,23.64,589.39
WA,57980,2026-03,17.19,170.82,31.18,737.04
WA,57980,2026-04,18.03,187.64,38.01,873.8
WA,57980,2026-05,13.9,132.35,23.5,435.73
WA,57980,2026-06,18.59,153.82,18.56,398.86
WA,57980,2026-07,18.33,170.77,22.41,408.13
WA,57980,2026-08,14.81,159.84,15.72,389.02
WA,58050,2023-01,217.35,1514.07,0,0
WA,58050,2023-02,224.11,1647.22,0,0
WA,58050,2023-03,234.02,1741.59,0,0
WA,58050,2023-04,284.46,1910.79,0,0
WA,58050,2023-05,243.25,1840.27,0,0
WA,58050,2023-06,158.27,1407.82,0,0
WA,58050,2023-07,217.24,1769.72,0,0
WA,58050,2023-08,292.6,1951.37,0,0
WA,58050,2023-09,250.28,2164.36,0,0
WA,58050,2023-10,215.51,1664.67,0,0
WA,58050,2023-11,319.38,2404.76,0,0
WA,58050,2023-12,341.69,2819.65,0,0
WA,58050,2024-01,195.54,1422.5,0,0
WA,58050,2024-02,257.98,1928.29,0,0
WA,58050,2024-03,245.09,2015.13,0,0
WA,58050,2024-04,358.38,2677.25,0,0
WA,58050,2024-05,263.14,2173.38,0,0
WA,58050,2024-06,174.13,1341.58,0,0
WA,58050,2024-07,297.82,2183.93,0,0
WA,58050,2024-08,269.79,2052.18,0,0
WA,58050,2024-09,225.04,1658.39,0,0
WA,58050,2024-10,340.65,2832.67,0,0
WA,58050,2024-11,295.66,2343.18,0,0
WA,58050,2024-12,239.16,1824.81,0,0
WA,58050,2025-01,250.82,1947.45,0,0
WA,58050,2025-02,293.61,2454.8,0,0
WA,58050,2025-03,282.48,2088.19,0,0
WA,58050,2025-04,180.02,1330.43,0,0
WA,58050,2025-05,244.89,1708.18,0,0
WA,58050,2025-06,183.77,1305.33,0,0
WA,58050,2025-07,163.16,1445.88,146.05,2308.31
WA,58050,2025-08,190.62,1817.12,288.19,4819.02
WA,58050,2025-09,203.34,1984.4,314.52,5575.16
WA,58050,2025-10,221.07,2199.07,364.6,6705.72
WA,58050,2025-11,240.55,2254.28,341.48,6931.08
WA,58050,2025-12,247.53,2559,443.82,10805.78
WA,58050,2026-01,214.25,1789.41,342.54,8222.02
WA,58050,2026-02,249.14,2126.88,380.82,9649.51
WA,58050,2026-03,300.96,2770.02,462.42,12052.41
WA,58050,2026-04,320.76,3404.55,547.12,17458.49
WA,58050,2026-05,317.04,2819.59,307.47,5835.74
WA,58050,2026-06,348.97,3162.48,408.28,7628.88
WA,58050,2026-07,368.11,3098.85,340.3,7019.19
WA,58050,2026-08,256.37,2071.66,175.72,3567.22
WA,58190,2023-01,0,0,0,0
WA,58190,2023-02,0,0,0,0
WA,58190,2023-03,0,0,0,0
WA,58190,2023-04,0,0,0,0
WA,58190,2023-05,1,2.22,0,0
WA,58190,2023-06,0,0,0,0
WA,58190,2023-07,0,0,0,0
WA,58190,2023-08,0,0,0,0
WA,58190,2023-09,1,16.18,0,0
WA,58190,2023-10,2,25.64,0,0
WA,58190,2023-11,0,0,0,0
WA,58190,2023-12,0,0,0,0
WA,58190,2024-01,1,2.34,0,0
WA,58190,2024-02,0,0,0,0
WA,58190,2024-03,0,0,0,0
WA,58190,2024-04,0,0,0,0
WA,58190,2024-05,0,0,0,0
WA,58190,2024-06,0,0,0,0
WA,58190,2024-07,0,0,0,0
WA,58190,2024-08,0,0,0,0
WA,58190,2024-09,0,0,0,0
WA,58190,2024-10,1,6.6,0,0
WA,58190,2024-11,0,0,0,0
WA,58190,2024-12,0,0,0,0
WA,58190,2025-01,0,0,0,0
WA,58190,2025-02,1,9.5,0,0
WA,58190,2025-03,0,0,0,0
WA,58190,2025-04,1,6.6,0,0
WA,58190,2025-05,0,0,0,0
WA,58190,2025-06,0,0,0,0
WA,58190,2025-07,0,0,0,0
WA,58190,2025-08,0,0,0,0
WA,58190,2025-09,0,0,0,0
WA,58190,2025-10,0,0,0,0
WA,58190,2025-11,0,0,0,0
WA,58190,2025-12,0,0,0,0
WA,58190,2026-01,0,0,0,0
WA,58190,2026-02,0,0,0,0
WA,58190,2026-03,0,0,0,0
WA,58190,2026-04,1,6.65,0,0
WA,58190,2026-05,0,0,0,0
WA,58190,2026-06,0,0,0,0
WA,58190,2026-07,1,22.32,1,27
WA,58190,2026-08,0,0,0,0
WA,58260,2023-01,0,0,0,0
WA,58260,2023-02,0,0,0,0
WA,58260,2023-03,0,0,0,0
WA,58260,2023-04,0,0,0,0
WA,58260,2023-05,0,0,0,0
WA,58260,2023-06,2,13.28,0,0
WA,58260,2023-07,1,13.28,0,0
WA,58260,2023-08,3,19.92,0,0
WA,58260,2023-09,0,0,0,0
WA,58260,2023-10,0,0,0,0
WA,58260,2023-11,0,0,0,0
WA,58260,2023-12,1,6.64,0,0
WA,58260,2024-01,0,0,0,0
WA,58260,2024-02,0,0,0,0
WA,58260,2024-03,0,0,0,0
WA,58260,2024-04,0,0,0,0
WA,58260,2024-05,1,16.28,0,0
WA,58260,2024-06,3,26.4,0,0
WA,58260,2024-07,2,13.2,0,0
WA,58260,2024-08,0,0,0,0
WA,58260,2024-09,1,6.6,0,0
WA,58260,2024-10,4,26.4,0,0
WA,58260,2024-11,0,0,0,0
WA,58260,2024-12,1,38.95,0,0
WA,58260,2025-01,0,0,0,0
WA,58260,2025-02,1,13.3,0,0
WA,58260,2025-03,0,0,0,0
WA,58260,2025-04,0,0,0,0
WA,58260,2025-05,0,0,0,0
WA,58260,2025-06,0,0,0,0
WA,58260,2025-07,0,0,0,0
WA,58260,2025-08,0,0,0,0
WA,58260,2025-09,1,7.6,1,13.8
WA,58260,2025-10,0,0,0,0
WA,58260,2025-11,0,0,0,0
WA,58260,2025-12,0,0,1,19.2
WA,58260,2026-01,0,0,0,0
WA,58260,2026-02,0,0,0,0
WA,58260,2026-03,1,9.5,7,336
WA,58260,2026-04,0,0,0,0
WA,58260,2026-05,0,0,0,0
WA,58260,2026-06,0,0,0,0
WA,58260,2026-07,0,0,0,0
WA,58260,2026-08,0,0,0,0
WA,58330,2023-01,9.44,66.11,0,0
WA,58330,2023-02,11.49,74.13,0,0
WA,58330,2023-03,13.24,96.68,0,0
WA,58330,2023-04,10.9,84.06,0,0
WA,58330,2023-05,9.45,60.9,0,0
WA,58330,2023-06,6.64,45.94,0,0
WA,58330,2023-07,8.27,67.22,0,0
WA,58330,2023-08,6.07,82.75,0,0
WA,58330,2023-09,3.26,25.05,0,0
WA,58330,2023-10,10.66,83.17,0,0
WA,58330,2023-11,7.26,50.46,0,0
WA,58330,2023-12,6.68,48.1,0,0
WA,58330,2024-01,7.64,55.49,0,0
WA,58330,2024-02,6.64,46.17,0,0
WA,58330,2024-03,4.51,36.29,0,0
WA,58330,2024-04,10.86,82.16,0,0
WA,58330,2024-05,9.29,76.66,0,0
WA,58330,2024-06,9.88,89.05,0,0
WA,58330,2024-07,13.49,105.1,0,0
WA,58330,2024-08,6.05,40.61,0,0
WA,58330,2024-09,6.85,63.58,0,0
WA,58330,2024-10,5.84,49.52,0,0
WA,58330,2024-11,11.06,106.48,0,0
WA,58330,2024-12,11.65,92.63,0,0
WA,58330,2025-01,5.23,56.99,0,0
WA,58330,2025-02,6.22,54.78,0,0
WA,58330,2025-03,8.65,85.1,0,0
WA,58330,2025-04,7.48,53.25,0,0
WA,58330,2025-05,6.84,44.73,0,0
WA,58330,2025-06,6.24,48.71,0,0
WA,58330,2025-07,6.64,65.68,5.06,85.66
WA,58330,2025-08,3.05,35.43,5.69,81.08
WA,58330,2025-09,3.42,29.14,6.69,122.34
WA,58330,2025-10,3.26,34.03,5.68,102.79
WA,58330,2025-11,8.63,65.87,11.27,227.02
WA,58330,2025-12,8.49,129.43,10.69,306.01
WA,58330,2026-01,3.43,36.66,3.64,70.32
WA,58330,2026-02,8.1,99.83,10.31,244.6
WA,58330,2026-03,8.67,126.97,11.3,330.17
WA,58330,2026-04,6.07,87.26,10.19,398.81
WA,58330,2026-05,10.43,136.26,10.85,221.73
WA,58330,2026-06,6.04,52.14,8.84,158.1
WA,58330,2026-07,9.46,80.26,11.26,193.5
WA,58330,2026-08,4.24,51.5,4.03,105.08
WA,58400,2023-01,0,0,0,0
WA,58400,2023-02,0,0,0,0
WA,58400,2023-03,0,0,0,0
WA,58400,2023-04,1,6.64,0,0
WA,58400,2023-05,0,0,0,0
WA,58400,2023-06,0,0,0,0
WA,58400,2023-07,1,6.64,0,0
WA,58400,2023-08,0,0,0,0
WA,58400,2023-09,0,0,0,0
WA,58400,2023-10,1,6.64,0,0
WA,58400,2023-11,0,0,0,0
WA,58400,2023-12,0,0,0,0
WA,58400,2024-01,0,0,0,0
WA,58400,2024-02,0,0,0,0
WA,58400,2024-03,0,0,0,0
WA,58400,2024-04,1,6.6,0,0
WA,58400,2024-05,0,0,0,0
WA,58400,2024-06,0,0,0,0
WA,58400,2024-07,0,0,0,0
WA,58400,2024-08,2,13.2,0,0
WA,58400,2024-09,0,0,0,0
WA,58400,2024-10,1,6.6,0,0
WA,58400,2024-11,0,0,0,0
WA,58400,2024-12,0,0,0,0
WA,58400,2025-01,0,0,0,0
WA,58400,2025-02,0,0,0,0
WA,58400,2025-03,1,6.6,0,0
WA,58400,2025-04,1,6.6,0,0
WA,58400,2025-05,0,0,0,0
WA,58400,2025-06,0,0,0,0
WA,58400,2025-07,0,0,0,0
WA,58400,2025-08,0,0,0,0
WA,58400,2025-09,0,0,0,0
WA,58400,2025-10,0,0,0,0
WA,58400,2025-11,0,0,0,0
WA,58400,2025-12,0,0,0,0
WA,58400,2026-01,0,0,0,0
WA,58400,2026-02,0,0,0,0
WA,58400,2026-03,0,0,0,0
WA,58400,2026-04,0,0,0,0
WA,58400,2026-05,0,0,0,0
WA,58400,2026-06,0,0,0,0
WA,58400,2026-07,0,0,0,0
WA,58400,2026-08,0,0,0,0
WA,58470,2023-01,0,0,0,0
WA,58470,2023-02,0,0,0,0
WA,58470,2023-03,1,20.34,0,0
WA,58470,2023-04,0,0,0,0
WA,58470,2023-05,0,0,0,0
WA,58470,2023-06,0,0,0,0
WA,58470,2023-07,0,0,0,0
WA,58470,2023-08,0,0,0,0
WA,58470,2023-09,0,0,0,0
WA,58470,2023-10,0,0,0,0
WA,58470,2023-11,0,0,0,0
WA,58470,2023-12,0,0,0,0
WA,58470,2024-01,0,0,0,0
WA,58470,2024-02,0,0,0,0
WA,58470,2024-03,0,0,0,0
WA,58470,2024-04,0,0,0,0
WA,58470,2024-05,0,0,0,0
WA,58470,2024-06,0,0,0,0
WA,58470,2024-07,0,0,0,0
WA,58470,2024-08,0,0,0,0
WA,58470,2024-09,0,0,0,0
WA,58470,2024-10,0,0,0,0
WA,58470,2024-11,0,0,0,0
WA,58470,2024-12,0,0,0,0
WA,58470,2025-01,0,0,0,0
WA,58470,2025-02,0,0,0,0
WA,58470,2025-03,0,0,0,0
WA,58470,2025-04,0,0,0,0
WA,58470,2025-05,0,0,0,0
WA,58470,2025-06,0,0,0,0
WA,58470,2025-07,0,0,0,0
WA,58470,2025-08,0,0,0,0
WA,58470,2025-09,2,26.5,2,67.2
WA,58470,2025-10,0,0,0,0
WA,58470,2025-11,0,0,0,0
WA,58470,2025-12,0,0,0,0
WA,58470,2026-01,0,0,0,0
WA,58470,2026-02,0,0,0,0
WA,58470,2026-03,0,0,0,0
WA,58470,2026-04,0,0,0,0
WA,58470,2026-05,0,0,0,0
WA,58470,2026-06,0,0,0,0
WA,58470,2026-07,0,0,0,0
WA,58470,2026-08,0,0,0,0
WA,58510,2023-01,25.17,159.33,0,0
WA,58510,2023-02,32.71,256.11,0,0
WA,58510,2023-03,34.44,251.42,0,0
WA,58510,2023-04,30.9,215.91,0,0
WA,58510,2023-05,24.17,155.83,0,0
WA,58510,2023-06,15.44,110.06,0,0
WA,58510,2023-07,16.71,171.78,0,0
WA,58510,2023-08,32.17,247.49,0,0
WA,58510,2023-09,23.17,242.78,0,0
WA,58510,2023-10,31.9,279.42,0,0
WA,58510,2023-11,39.9,274.96,0,0
WA,58510,2023-12,32.98,275.26,0,0
WA,58510,2024-01,22.9,165.6,0,0
WA,58510,2024-02,26.26,169.34,0,0
WA,58510,2024-03,28.07,195.29,0,0
WA,58510,2024-04,26.9,189.71,0,0
WA,58510,2024-05,41.9,294.64,0,0
WA,58510,2024-06,28.44,208.04,0,0
WA,58510,2024-07,27.17,215.34,0,0
WA,58510,2024-08,39.07,312.04,0,0
WA,58510,2024-09,24.98,231.04,0,0
WA,58510,2024-10,35.36,305.26,0,0
WA,58510,2024-11,26.71,198.94,0,0
WA,58510,2024-12,34.63,294.46,0,0
WA,58510,2025-01,31.71,236.43,0,0
WA,58510,2025-02,34.07,249.55,0,0
WA,58510,2025-03,25.36,225.14,0,0
WA,58510,2025-04,29.44,218.11,0,0
WA,58510,2025-05,26.9,281.24,0,0
WA,58510,2025-06,18.54,148.35,0,0
WA,58510,2025-07,14.36,99.96,15.63,271.37
WA,58510,2025-08,20.09,185.31,43.44,599.74
WA,58510,2025-09,27.17,324.31,46.53,755.57
WA,58510,2025-10,26.17,233.74,60.97,1075.35
WA,58510,2025-11,35.98,402.98,61.8,1103.38
WA,58510,2025-12,25.63,246.54,42.53,885.9
WA,58510,2026-01,28.26,293.14,40.07,669.43
WA,58510,2026-02,24.44,212.74,48.98,1249.42
WA,58510,2026-03,42.71,398.75,67.7,1507.92
WA,58510,2026-04,41.88,377.47,70.14,1869.43
WA,58510,2026-05,27.63,229.02,35.98,687.44
WA,58510,2026-06,38.09,361.11,40.63,804.26
WA,58510,2026-07,36.53,297.15,45.26,888.57
WA,58510,2026-08,33.17,282.21,19.9,417.1
WA,58540,2023-01,0.82,5.43,0,0
WA,58540,2023-02,1.08,7.2,0,0
WA,58540,2023-03,1.9,12.7,0,0
WA,58540,2023-04,1.1,7.45,0,0
WA,58540,2023-05,1.82,15.55,0,0
WA,58540,2023-06,1.14,7.84,0,0
WA,58540,2023-07,1.06,36.92,0,0
WA,58540,2023-08,0.06,1.07,0,0
WA,58540,2023-09,1,6.64,0,0
WA,58540,2023-10,1,6.22,0,0
WA,58540,2023-11,0,0,0,0
WA,58540,2023-12,0.84,5.68,0,0
WA,58540,2024-01,0,0,0,0
WA,58540,2024-02,0,0,0,0
WA,58540,2024-03,0.02,0.13,0,0
WA,58540,2024-04,2.08,16.06,0,0
WA,58540,2024-05,0.02,0.14,0,0
WA,58540,2024-06,1.84,14.53,0,0
WA,58540,2024-07,2.04,14.79,0,0
WA,58540,2024-08,1.02,6.73,0,0
WA,58540,2024-09,0.02,0.13,0,0
WA,58540,2024-10,0.06,1.83,0,0
WA,58540,2024-11,0.02,0.13,0,0
WA,58540,2024-12,2.84,27.17,0,0
WA,58540,2025-01,0.84,19.57,0,0
WA,58540,2025-02,1,6.6,0,0
WA,58540,2025-03,1.04,7.21,0,0
WA,58540,2025-04,0.02,0.13,0,0
WA,58540,2025-05,0.02,0.13,0,0
WA,58540,2025-06,1.82,12,0,0
WA,58540,2025-07,1,7.04,0,0
WA,58540,2025-08,0.02,0.6,0.02,0.77
WA,58540,2025-09,0.02,0.13,0,0
WA,58540,2025-10,0.02,0.16,0.04,0.59
WA,58540,2025-11,0,0,0,0
WA,58540,2025-12,0.02,0.27,1.04,19.92
WA,58540,2026-01,0.02,0.03,0,0
WA,58540,2026-02,0,0,0,0
WA,58540,2026-03,0.02,0.2,0.08,1.77
WA,58540,2026-04,0.04,1.45,0.04,0.87
WA,58540,2026-05,0.02,0.2,0.02,0.39
WA,58540,2026-06,0.84,9.48,0.84,16.75
WA,58540,2026-07,0.04,0.49,0.02,0.39
WA,58540,2026-08,0.02,0.38,0,0
WA,58570,2023-01,26.98,185.77,0,0
WA,58570,2023-02,29.11,226.56,0,0
WA,58570,2023-03,26.43,214.66,0,0
WA,58570,2023-04,20.87,193.16,0,0
WA,58570,2023-05,26.6,257.09,0,0
WA,58570,2023-06,19.75,155.09,0,0
WA,58570,2023-07,19.32,232.5,0,0
WA,58570,2023-08,26.19,221.89,0,0
WA,58570,2023-09,20.17,156.06,0,0
WA,58570,2023-10,21.01,224.97,0,0
WA,58570,2023-11,26.03,199.35,0,0
WA,58570,2023-12,34.01,312.83,0,0
WA,58570,2024-01,25.38,202.4,0,0
WA,58570,2024-02,16.08,111.03,0,0
WA,58570,2024-03,25.21,280.57,0,0
WA,58570,2024-04,21.95,284.15,0,0
WA,58570,2024-05,21.54,243.75,0,0
WA,58570,2024-06,15.78,192.49,0,0
WA,58570,2024-07,26.32,283.01,0,0
WA,58570,2024-08,25.92,269.07,0,0
WA,58570,2024-09,15.43,147.9,0,0
WA,58570,2024-10,37.54,373.87,0,0
WA,58570,2024-11,25.73,208.15,0,0
WA,58570,2024-12,21.73,211.69,0,0
WA,58570,2025-01,23.55,175.04,0,0
WA,58570,2025-02,23.62,168.97,0,0
WA,58570,2025-03,22.06,220.28,0,0
WA,58570,2025-04,17.85,185.5,0,0
WA,58570,2025-05,22.88,212.41,0,0
WA,58570,2025-06,26.84,197.84,0,0
WA,58570,2025-07,13.15,89,25.18,407.86
WA,58570,2025-08,12.86,136.28,38.28,504.07
WA,58570,2025-09,18.52,156.34,41.2,610.62
WA,58570,2025-10,19.53,161.16,41.47,653.59
WA,58570,2025-11,24.5,203.84,38.07,652.53
WA,58570,2025-12,28.61,468.26,41.1,780.8
WA,58570,2026-01,15.44,163.88,34.81,697.35
WA,58570,2026-02,26.16,246.65,40.23,887.79
WA,58570,2026-03,31.44,329.72,49.2,1275.44
WA,58570,2026-04,32.63,370.23,55.28,1518.04
WA,58570,2026-05,21.07,194.17,28.41,551.66
WA,58570,2026-06,29.14,268.46,33.34,636.18
WA,58570,2026-07,30.22,306.48,34.23,678.82
WA,58570,2026-08,15.92,142.64,13.17,279.32
WA,58610,2023-01,0,0,0,0
WA,58610,2023-02,0.94,2.21,0,0
WA,58610,2023-03,0.94,2.21,0,0
WA,58610,2023-04,0.94,7.84,0,0
WA,58610,2023-05,0,0,0,0
WA,58610,2023-06,2.83,18.84,0,0
WA,58610,2023-07,0.94,38,0,0
WA,58610,2023-08,2.83,48.99,0,0
WA,58610,2023-09,2.83,18.43,0,0
WA,58610,2023-10,0.94,6.27,0,0
WA,58610,2023-11,0,0,0,0
WA,58610,2023-12,1.89,15.36,0,0
WA,58610,2024-01,0,0,0,0
WA,58610,2024-02,1.89,12.36,0,0
WA,58610,2024-03,0.94,6.27,0,0
WA,58610,2024-04,0.94,6.23,0,0
WA,58610,2024-05,0.94,6.23,0,0
WA,58610,2024-06,3.78,49.28,0,0
WA,58610,2024-07,2.83,15.6,0,0
WA,58610,2024-08,0,0,0,0
WA,58610,2024-09,2.83,26.81,0,0
WA,58610,2024-10,0.94,13.29,0,0
WA,58610,2024-11,0.94,12.46,0,0
WA,58610,2024-12,0.94,3.74,0,0
WA,58610,2025-01,0.94,6.23,0,0
WA,58610,2025-02,0.94,9.97,0,0
WA,58610,2025-03,2.83,51.92,0,0
WA,58610,2025-04,1.89,12.46,0,0
WA,58610,2025-05,0.94,14.35,0,0
WA,58610,2025-06,1.89,27.75,0,0
WA,58610,2025-07,1.89,25.04,1.89,27.47
WA,58610,2025-08,0.94,18.69,0.94,9.06
WA,58610,2025-09,0,0,0,0
WA,58610,2025-10,0.94,6.26,0.94,12.08
WA,58610,2025-11,0.94,4.15,0.94,9.44
WA,58610,2025-12,0.94,13.45,0.94,40.69
WA,58610,2026-01,0.94,12.56,0,0
WA,58610,2026-02,1.89,13.45,1.89,46.75
WA,58610,2026-03,0,0,0,0
WA,58610,2026-04,3.78,57.35,4.72,180.5
WA,58610,2026-05,0.94,4.15,1.89,32.29
WA,58610,2026-06,0.94,14.12,0.94,18.88
WA,58610,2026-07,0,0,0,0
WA,58610,2026-08,0,0,0,0
WA,58680,2023-01,1.56,12.45,0,0
WA,58680,2023-02,0.63,2.84,0,0
WA,58680,2023-03,0.94,7.99,0,0
WA,58680,2023-04,0.94,6.47,0,0
WA,58680,2023-05,0.02,0.15,0,0
WA,58680,2023-06,0.32,2.14,0,0
WA,58680,2023-07,0.03,0.18,0,0
WA,58680,2023-08,0.02,0.15,0,0
WA,58680,2023-09,0.32,2.14,0,0
WA,58680,2023-10,0,0,0,0
WA,58680,2023-11,0.33,2.21,0,0
WA,58680,2023-12,0.63,3.92,0,0
WA,58680,2024-01,0,0,0,0
WA,58680,2024-02,0.31,2.09,0,0
WA,58680,2024-03,0.31,3.38,0,0
WA,58680,2024-04,0.32,2.12,0,0
WA,58680,2024-05,0.01,0.07,0,0
WA,58680,2024-06,0.31,2.06,0,0
WA,58680,2024-07,2.18,18.13,0,0
WA,58680,2024-08,0.64,4.25,0,0
WA,58680,2024-09,0.63,4.13,0,0
WA,58680,2024-10,0.64,4.3,0,0
WA,58680,2024-11,0.33,2.37,0,0
WA,58680,2024-12,0.32,2.1,0,0
WA,58680,2025-01,0.01,0.07,0,0
WA,58680,2025-02,0.62,5.34,0,0
WA,58680,2025-03,0.63,3.77,0,0
WA,58680,2025-04,0.63,3.17,0,0
WA,58680,2025-05,0.31,2.35,0,0
WA,58680,2025-06,0.32,7.2,0,0
WA,58680,2025-07,0.62,5.34,0,0
WA,58680,2025-08,0,0.05,0,0.09
WA,58680,2025-09,0.63,10.73,0.63,15.72
WA,58680,2025-10,0.31,4.39,0.63,11.93
WA,58680,2025-11,0.32,3.69,0.33,9.98
WA,58680,2025-12,0.63,4.4,0.32,3.37
WA,58680,2026-01,0,0,0.31,7.47
WA,58680,2026-02,0.31,2.39,0.32,8.57
WA,58680,2026-03,0.94,10.76,0.63,14.71
WA,58680,2026-04,0.64,30.95,0.64,34.21
WA,58680,2026-05,0.31,2.1,0.01,0.12
WA,58680,2026-06,0.01,0.06,0.01,0.11
WA,58680,2026-07,0.95,12.95,0.95,21.61
WA,58680,2026-08,0.31,2.57,0,0
WA,58760,2023-01,241.71,1713.79,0,0
WA,58760,2023-02,234.92,1617.35,0,0
WA,58760,2023-03,404.71,2575.92,0,0
WA,58760,2023-04,231.71,1683.95,0,0
WA,58760,2023-05,205.59,1403.68,0,0
WA,58760,2023-06,200.77,1607.18,0,0
WA,58760,2023-07,335.77,2314.97,0,0
WA,58760,2023-08,300.68,1991.02,0,0
WA,58760,2023-09,200.59,1515.44,0,0
WA,58760,2023-10,345.68,2511.99,0,0
WA,58760,2023-11,442.07,2992.25,0,0
WA,58760,2023-12,264.53,2130.36,0,0
WA,58760,2024-01,208.53,1535.85,0,0
WA,58760,2024-02,302.68,2103.97,0,0
WA,58760,2024-03,381.39,2549.87,0,0
WA,58760,2024-04,267.86,1967.25,0,0
WA,58760,2024-05,284.77,2122.65,0,0
WA,58760,2024-06,305.77,2256.75,0,0
WA,58760,2024-07,324.83,2390.08,0,0
WA,58760,2024-08,233.56,1656.78,0,0
WA,58760,2024-09,255.56,1771.92,0,0
WA,58760,2024-10,355.68,2582.38,0,0
WA,58760,2024-11,307.89,2302.97,0,0
WA,58760,2024-12,256.77,2011.14,0,0
WA,58760,2025-01,298.36,1992.11,0,0
WA,58760,2025-02,274.62,2082.96,0,0
WA,58760,2025-03,258.83,1951.24,0,0
WA,58760,2025-04,226.56,1572.07,0,0
WA,58760,2025-05,316.33,2435.82,0,0
WA,58760,2025-06,190.36,1289.69,0,0
WA,58760,2025-07,212.56,1751.14,170.47,2630.38
WA,58760,2025-08,210.44,1720.59,332.04,5334.27
WA,58760,2025-09,238.68,2188.78,367.16,6224.39
WA,58760,2025-10,253.86,2297.04,403.54,7457.09
WA,58760,2025-11,301.01,2606.77,467.72,10370.58
WA,58760,2025-12,276.89,2724.47,470.33,12050.58
WA,58760,2026-01,243.86,2219.86,361.39,8751.72
WA,58760,2026-02,342.04,2953.88,465.48,10868.11
WA,58760,2026-03,379.71,3170.66,516.39,13453.64
WA,58760,2026-04,397.77,3888.7,632.33,19315.96
WA,58760,2026-05,406.07,3257.49,386.36,7309.5
WA,58760,2026-06,406.95,3278.73,363.07,7212.57
WA,58760,2026-07,443.98,3406.34,362.1,7100.12
WA,58760,2026-08,278.56,2127.24,189.59,3661.54
WA,58820,2023-01,5,61.8,0,0
WA,58820,2023-02,8,58.1,0,0
WA,58820,2023-03,5,38.78,0,0
WA,58820,2023-04,10,70.55,0,0
WA,58820,2023-05,12,95.52,0,0
WA,58820,2023-06,7,49.4,0,0
WA,58820,2023-07,5,64.39,0,0
WA,58820,2023-08,5,31.54,0,0
WA,58820,2023-09,7,49.45,0,0
WA,58820,2023-10,9,81.3,0,0
WA,58820,2023-11,5,32.74,0,0
WA,58820,2023-12,4,29.77,0,0
WA,58820,2024-01,3,23.8,0,0
WA,58820,2024-02,5,36.96,0,0
WA,58820,2024-03,9,75.38,0,0
WA,58820,2024-04,9,69.06,0,0
WA,58820,2024-05,5,42.68,0,0
WA,58820,2024-06,3,17.39,0,0
WA,58820,2024-07,5,34.31,0,0
WA,58820,2024-08,6,46.25,0,0
WA,58820,2024-09,7,75.47,0,0
WA,58820,2024-10,8,101.33,0,0
WA,58820,2024-11,6,43.61,0,0
WA,58820,2024-12,15,129.25,0,0
WA,58820,2025-01,14,100.09,0,0
WA,58820,2025-02,5,39.16,0,0
WA,58820,2025-03,7,52.85,0,0
WA,58820,2025-04,14,99.78,0,0
WA,58820,2025-05,8,75.54,0,0
WA,58820,2025-06,5,39.6,0,0
WA,58820,2025-07,1,14.96,5,71.43
WA,58820,2025-08,4,54.71,5,68.28
WA,58820,2025-09,7,49.77,6,113.56
WA,58820,2025-10,4,42.44,7,119.6
WA,58820,2025-11,3,38.09,4,80.9
WA,58820,2025-12,4,39.75,7,169.2
WA,58820,2026-01,3,37.27,3,61.8
WA,58820,2026-02,5,36.33,6,139.59
WA,58820,2026-03,4,55.58,3,74.3
WA,58820,2026-04,12,156.64,14,381.26
WA,58820,2026-05,4,28.98,2,28.6
WA,58820,2026-06,8,104.22,8,181.76
WA,58820,2026-07,9,75.22,6,92.1
WA,58820,2026-08,0,0,0,0
WA,58890,2023-01,1.14,6.5,0,0
WA,58890,2023-02,0.08,0.46,0,0
WA,58890,2023-03,1.04,19.25,0,0
WA,58890,2023-04,0.1,0.87,0,0
WA,58890,2023-05,1.17,10.34,0,0
WA,58890,2023-06,2.32,21.94,0,0
WA,58890,2023-07,1.06,18.57,0,0
WA,58890,2023-08,0.16,2.14,0,0
WA,58890,2023-09,0.12,0.75,0,0
WA,58890,2023-10,1.16,28.3,0,0
WA,58890,2023-11,0.12,0.83,0,0
WA,58890,2023-12,0.14,1.02,0,0
WA,58890,2024-01,0.14,1.14,0,0
WA,58890,2024-02,1.19,9.08,0,0
WA,58890,2024-03,0.25,1.76,0,0
WA,58890,2024-04,0.12,1.1,0,0
WA,58890,2024-05,1.26,9.16,0,0
WA,58890,2024-06,0.42,3.99,0,0
WA,58890,2024-07,0.25,1.62,0,0
WA,58890,2024-08,1.05,7.12,0,0
WA,58890,2024-09,0.26,2.01,0,0
WA,58890,2024-10,0.12,1.05,0,0
WA,58890,2024-11,0.13,1.02,0,0
WA,58890,2024-12,0.29,15.92,0,0
WA,58890,2025-01,0.22,2.52,0,0
WA,58890,2025-02,0.14,1.07,0,0
WA,58890,2025-03,0.3,3.26,0,0
WA,58890,2025-04,0.15,1.21,0,0
WA,58890,2025-05,1.17,8,0,0
WA,58890,2025-06,1.04,7.59,0,0
WA,58890,2025-07,0.13,1.39,0.12,1.64
WA,58890,2025-08,0.08,1.04,0.08,0.8
WA,58890,2025-09,0,0,0.02,0.28
WA,58890,2025-10,0.14,1.33,0.15,2.25
WA,58890,2025-11,0.12,0.84,0.16,2.41
WA,58890,2025-12,1.05,23.49,0.12,4.17
WA,58890,2026-01,0.21,2.66,0.17,4.2
WA,58890,2026-02,2.03,36.76,0.16,3.52
WA,58890,2026-03,1.01,6.74,1.03,20.86
WA,58890,2026-04,2.11,19.83,1.25,48.65
WA,58890,2026-05,0.1,0.87,1.04,19.83
WA,58890,2026-06,0.14,1.2,0.1,2.21
WA,58890,2026-07,0.09,0.79,0.08,1.41
WA,58890,2026-08,0.11,1.35,0.09,1.92
WA,59030,2023-01,0,0,0,0
WA,59030,2023-02,0,0,0,0
WA,59030,2023-03,0,0,0,0
WA,59030,2023-04,0.02,0.12,0,0
WA,59030,2023-05,3.04,38.58,0,0
WA,59030,2023-06,0,0,0,0
WA,59030,2023-07,1,11.62,0,0
WA,59030,2023-08,2,6.64,0,0
WA,59030,2023-09,0.12,1.24,0,0
WA,59030,2023-10,0.2,1.35,0,0
WA,59030,2023-11,0,0,0,0
WA,59030,2023-12,0,0,0,0
WA,59030,2024-01,0.04,1.46,0,0
WA,59030,2024-02,0.2,1.53,0,0
WA,59030,2024-03,0,0,0,0
WA,59030,2024-04,0,0,0,0
WA,59030,2024-05,0,0,0,0
WA,59030,2024-06,0,0,0,0
WA,59030,2024-07,0,0,0,0
WA,59030,2024-08,0.02,0.22,0,0
WA,59030,2024-09,0.02,0.12,0,0
WA,59030,2024-10,1.02,6.72,0,0
WA,59030,2024-11,0,0,0,0
WA,59030,2024-12,1,6.6,0,0
WA,59030,2025-01,0,0,0,0
WA,59030,2025-02,1.02,6.77,0,0
WA,59030,2025-03,0.18,1.21,0,0
WA,59030,2025-04,0,0,0,0
WA,59030,2025-05,0,0,0,0
WA,59030,2025-06,0.04,0.23,0,0
WA,59030,2025-07,0,0,0,0
WA,59030,2025-08,0,0,0,0
WA,59030,2025-09,0,0,0,0
WA,59030,2025-10,0,0,0,0
WA,59030,2025-11,0,0,0,0
WA,59030,2025-12,0.02,0.14,0.02,0.17
WA,59030,2026-01,0,0,0,0
WA,59030,2026-02,1,12.32,1,30.72
WA,59030,2026-03,0,0,0,0
WA,59030,2026-04,0.02,0.34,0.2,1.69
WA,59030,2026-05,1,18.52,1,26.4
WA,59030,2026-06,1,26.6,0,0
WA,59030,2026-07,0.05,0.47,0.05,1.53
WA,59030,2026-08,0.05,0.59,0.04,1.02
WA,59100,2023-01,0,0,0,0
WA,59100,2023-02,1.02,2.49,0,0
WA,59100,2023-03,1.04,7.01,0,0
WA,59100,2023-04,3.04,11.6,0,0
WA,59100,2023-05,0.03,0.18,0,0
WA,59100,2023-06,0.03,0.24,0,0
WA,59100,2023-07,0.02,0.14,0,0
WA,59100,2023-08,1.01,2.35,0,0
WA,59100,2023-09,0.03,0.24,0,0
WA,59100,2023-10,0.02,0.11,0,0
WA,59100,2023-11,2.02,13.47,0,0
WA,59100,2023-12,0.03,0.2,0,0
WA,59100,2024-01,2.01,13.28,0,0
WA,59100,2024-02,0.01,0.11,0,0
WA,59100,2024-03,2.02,13.4,0,0
WA,59100,2024-04,0.02,0.27,0,0
WA,59100,2024-05,1.02,6.76,0,0
WA,59100,2024-06,0.02,0.14,0,0
WA,59100,2024-07,0.02,0.11,0,0
WA,59100,2024-08,1.03,13.38,0,0
WA,59100,2024-09,0.03,0.2,0,0
WA,59100,2024-10,2.01,13.29,0,0
WA,59100,2024-11,0,0,0,0
WA,59100,2024-12,0.04,0.26,0,0
WA,59100,2025-01,0.02,0.11,0,0
WA,59100,2025-02,1.01,6.64,0,0
WA,59100,2025-03,0.03,0.21,0,0
WA,59100,2025-04,0.01,0.57,0,0
WA,59100,2025-05,1.02,6.71,0,0
WA,59100,2025-06,3.06,46.09,0,0
WA,59100,2025-07,0.01,0.04,0.01,0.08
WA,59100,2025-08,0.02,0.14,0.01,0.19
WA,59100,2025-09,2.01,30.44,0.01,0.1
WA,59100,2025-10,0.02,0.24,0.02,0.44
WA,59100,2025-11,0.05,0.52,0.05,1.14
WA,59100,2025-12,0.02,0.29,0.03,0.94
WA,59100,2026-01,0.01,0.07,0.01,0.08
WA,59100,2026-02,0.01,0.04,0,0
WA,59100,2026-03,2.01,17.9,1.02,22.87
WA,59100,2026-04,1.03,1.98,1.04,17.45
WA,59100,2026-05,3.01,24.73,1.01,10.05
WA,59100,2026-06,0.02,0.12,0.02,0.49
WA,59100,2026-07,0.01,0.11,0.02,0.32
WA,59100,2026-08,0.01,0.1,0.01,0.22
WA,59170,2023-01,1.01,12.87,0,0
WA,59170,2023-02,0,0,0,0
WA,59170,2023-03,2.89,20.02,0,0
WA,59170,2023-04,1.88,12.12,0,0
WA,59170,2023-05,0.94,14.07,0,0
WA,59170,2023-06,1.01,6.7,0,0
WA,59170,2023-07,0.06,1.14,0,0
WA,59170,2023-08,0.94,12.51,0,0
WA,59170,2023-09,0,0,0,0
WA,59170,2023-10,0,0,0,0
WA,59170,2023-11,0,0,0,0
WA,59170,2023-12,0,0,0,0
WA,59170,2024-01,0,0,0,0
WA,59170,2024-02,0.06,0.51,0,0
WA,59170,2024-03,1.88,18.4,0,0
WA,59170,2024-04,0,0,0,0
WA,59170,2024-05,1.01,7.45,0,0
WA,59170,2024-06,0.94,14.32,0,0
WA,59170,2024-07,0.94,66.45,0,0
WA,59170,2024-08,2.89,18.29,0,0
WA,59170,2024-09,0.94,6.22,0,0
WA,59170,2024-10,0.94,6.22,0,0
WA,59170,2024-11,0,0,0,0
WA,59170,2024-12,0,0,0,0
WA,59170,2025-01,0,0,0,0
WA,59170,2025-02,0,0,0,0
WA,59170,2025-03,0.94,5.39,0,0
WA,59170,2025-04,0.94,12.43,0,0
WA,59170,2025-05,0,0,0,0
WA,59170,2025-06,1.01,6.64,0,0
WA,59170,2025-07,1.88,25.28,2.83,41.29
WA,59170,2025-08,0,0,0,0
WA,59170,2025-09,0,0,0.94,17.33
WA,59170,2025-10,0,0,0.94,18.84
WA,59170,2025-11,0,0,0,0
WA,59170,2025-12,1.01,7.68,0,0
WA,59170,2026-01,0,0,0,0
WA,59170,2026-02,0.13,2.45,0.94,35.68
WA,59170,2026-03,1.95,37.56,0.06,1.32
WA,59170,2026-04,2.01,44.96,1.95,99.02
WA,59170,2026-05,0,0,0.06,1.24
WA,59170,2026-06,0.94,27.07,0,0
WA,59170,2026-07,1.88,16.67,1.88,50.62
WA,59170,2026-08,0.94,18.79,0,0
WA,59250,2023-01,0,0,0,0
WA,59250,2023-02,0,0,0,0
WA,59250,2023-03,0,0,0,0
WA,59250,2023-04,0,0,0,0
WA,59250,2023-05,1,7.88,0,0
WA,59250,2023-06,0,0,0,0
WA,59250,2023-07,0,0,0,0
WA,59250,2023-08,0,0,0,0
WA,59250,2023-09,0,0,0,0
WA,59250,2023-10,0,0,0,0
WA,59250,2023-11,0,0,0,0
WA,59250,2023-12,0,0,0,0
WA,59250,2024-01,0,0,0,0
WA,59250,2024-02,0,0,0,0
WA,59250,2024-03,1,11.4,0,0
WA,59250,2024-04,1,26.56,0,0
WA,59250,2024-05,0,0,0,0
WA,59250,2024-06,0,0,0,0
WA,59250,2024-07,0,0,0,0
WA,59250,2024-08,0,0,0,0
WA,59250,2024-09,0,0,0,0
WA,59250,2024-10,0,0,0,0
WA,59250,2024-11,0,0,0,0
WA,59250,2024-12,0,0,0,0
WA,59250,2025-01,0,0,0,0
WA,59250,2025-02,0,0,0,0
WA,59250,2025-03,0,0,0,0
WA,59250,2025-04,0,0,0,0
WA,59250,2025-05,0,0,0,0
WA,59250,2025-06,0,0,0,0
WA,59250,2025-07,0,0,0,0
WA,59250,2025-08,0,0,0,0
WA,59250,2025-09,0,0,0,0
WA,59250,2025-10,0,0,0,0
WA,59250,2025-11,0,0,0,0
WA,59250,2025-12,0,0,0,0
WA,59250,2026-01,0,0,0,0
WA,59250,2026-02,0,0,0,0
WA,59250,2026-03,0,0,0,0
WA,59250,2026-04,0,0,0,0
WA,59250,2026-05,0,0,0,0
WA,59250,2026-06,0,0,0,0
WA,59250,2026-07,0,0,0,0
WA,59250,2026-08,0,0,0,0
WA,59310,2023-01,0,0,0,0
WA,59310,2023-02,0,0,0,0
WA,59310,2023-03,1.94,12.9,0,0
WA,59310,2023-04,2.83,18.78,0,0
WA,59310,2023-05,0,0,0,0
WA,59310,2023-06,1.89,12.31,0,0
WA,59310,2023-07,2.89,17.39,0,0
WA,59310,2023-08,0.94,11.36,0,0
WA,59310,2023-09,1,6.64,0,0
WA,59310,2023-10,1,6.22,0,0
WA,59310,2023-11,0.94,15.66,0,0
WA,59310,2023-12,0.94,6.27,0,0
WA,59310,2024-01,0,0,0,0
WA,59310,2024-02,0,0,0,0
WA,59310,2024-03,1.94,19.46,0,0
WA,59310,2024-04,0,0,0,0
WA,59310,2024-05,1.89,12.45,0,0
WA,59310,2024-06,1.89,12.45,0,0
WA,59310,2024-07,0.94,6.23,0,0
WA,59310,2024-08,3.89,25.21,0,0
WA,59310,2024-09,0.94,7.47,0,0
WA,59310,2024-10,0,0,0,0
WA,59310,2024-11,0,0,0,0
WA,59310,2024-12,1.89,13.28,0,0
WA,59310,2025-01,1.89,12.5,0,0
WA,59310,2025-02,0,0,0,0
WA,59310,2025-03,1.89,9.96,0,0
WA,59310,2025-04,0.94,6.23,0,0
WA,59310,2025-05,2.89,22.79,0,0
WA,59310,2025-06,0,0,0,0
WA,59310,2025-07,0,0,0.94,9.03
WA,59310,2025-08,0,0,0,0
WA,59310,2025-09,0,0,0,0
WA,59310,2025-10,0.94,6.27,0,0
WA,59310,2025-11,0,0,0.94,28.98
WA,59310,2025-12,0,0,0.94,20.83
WA,59310,2026-01,0,0,0,0
WA,59310,2026-02,0,0,0.94,28.98
WA,59310,2026-03,1.94,20.51,1.89,40
WA,59310,2026-04,1.89,13.44,1.89,33.57
WA,59310,2026-05,0.94,6.27,0.94,12.55
WA,59310,2026-06,0.94,11.65,1.89,37.74
WA,59310,2026-07,0,0,0,0
WA,59310,2026-08,0,0,0,0
WA,59320,2023-01,0,0,0,0
WA,59320,2023-02,0,0,0,0
WA,59320,2023-03,0,0,0,0
WA,59320,2023-04,0,0,0,0
WA,59320,2023-05,0,0,0,0
WA,59320,2023-06,0.11,1.4,0,0
WA,59320,2023-07,1,5,0,0
WA,59320,2023-08,0,0,0,0
WA,59320,2023-09,1,6.53,0,0
WA,59320,2023-10,1,5,0,0
WA,59320,2023-11,1,7.22,0,0
WA,59320,2023-12,0,0,0,0
WA,59320,2024-01,0,0,0,0
WA,59320,2024-02,1,3.69,0,0
WA,59320,2024-03,1.11,7.34,0,0
WA,59320,2024-04,0,0,0,0
WA,59320,2024-05,1.11,7.26,0,0
WA,59320,2024-06,0.11,0.7,0,0
WA,59320,2024-07,0,0,0,0
WA,59320,2024-08,0,0,0,0
WA,59320,2024-09,0,0,0,0
WA,59320,2024-10,0,0,0,0
WA,59320,2024-11,0,0,0,0
WA,59320,2024-12,0.11,10.49,0,0
WA,59320,2025-01,0,0,0,0
WA,59320,2025-02,0,0,0,0
WA,59320,2025-03,0.11,0.7,0,0
WA,59320,2025-04,0,0,0,0
WA,59320,2025-05,0,0,0,0
WA,59320,2025-06,0,0,0,0
WA,59320,2025-07,0,0,0,0
WA,59320,2025-08,0,0,0,0
WA,59320,2025-09,0,0,0,0
WA,59320,2025-10,1,6.6,0,0
WA,59320,2025-11,0,0,0,0
WA,59320,2025-12,0,0,0,0
WA,59320,2026-01,0.11,1.48,0.11,2.89
WA,59320,2026-02,0,0,0,0
WA,59320,2026-03,1,15.2,0,0
WA,59320,2026-04,0,0,0,0
WA,59320,2026-05,0,0,0,0
WA,59320,2026-06,0,0,0,0
WA,59320,2026-07,0,0,1,15.36
WA,59320,2026-08,0,0,0,0
WA,59330,2023-01,0,0,0,0
WA,59330,2023-02,0,0,0,0
WA,59330,2023-03,1,6.44,0,0
WA,59330,2023-04,1,6.65,0,0
WA,59330,2023-05,2,8.86,0,0
WA,59330,2023-06,2,21.58,0,0
WA,59330,2023-07,3,49.8,0,0
WA,59330,2023-08,0,0,0,0
WA,59330,2023-09,0,0,0,0
WA,59330,2023-10,1,6.64,0,0
WA,59330,2023-11,0,0,0,0
WA,59330,2023-12,0,0,0,0
WA,59330,2024-01,0,0,0,0
WA,59330,2024-02,0,0,0,0
WA,59330,2024-03,0,0,0,0
WA,59330,2024-04,2,14.48,0,0
WA,59330,2024-05,3,22.88,0,0
WA,59330,2024-06,1,10.56,0,0
WA,59330,2024-07,0,0,0,0
WA,59330,2024-08,0,0,0,0
WA,59330,2024-09,2,10.12,0,0
WA,59330,2024-10,1,20.7,0,0
WA,59330,2024-11,0,0,0,0
WA,59330,2024-12,0,0,0,0
WA,59330,2025-01,0,0,0,0
WA,59330,2025-02,1,7.92,0,0
WA,59330,2025-03,0,0,0,0
WA,59330,2025-04,4,42.75,0,0
WA,59330,2025-05,1,9.5,0,0
WA,59330,2025-06,1,6.6,0,0
WA,59330,2025-07,0,0,0,0
WA,59330,2025-08,0,0,0,0
WA,59330,2025-09,0,0,0,0
WA,59330,2025-10,0,0,0,0
WA,59330,2025-11,0,0,0,0
WA,59330,2025-12,0,0,0,0
WA,59330,2026-01,0,0,0,0
WA,59330,2026-02,0,0,0,0
WA,59330,2026-03,0,0,0,0
WA,59330,2026-04,0,0,0,0
WA,59330,2026-05,0,0,0,0
WA,59330,2026-06,0,0,0,0
WA,59330,2026-07,0,0,0,0
WA,59330,2026-08,0,0,0,0
WA,59340,2023-01,3.89,31.15,0,0
WA,59340,2023-02,1.96,41.69,0,0
WA,59340,2023-03,0,0,0,0
WA,59340,2023-04,0,0,0,0
WA,59340,2023-05,2.89,82.24,0,0
WA,59340,2023-06,3.85,113.41,0,0
WA,59340,2023-07,0,0,0,0
WA,59340,2023-08,6.77,75.26,0,0
WA,59340,2023-09,0,0,0,0
WA,59340,2023-10,0,0,0,0
WA,59340,2023-11,1.92,58.2,0,0
WA,59340,2023-12,0,0,0,0
WA,59340,2024-01,0,0,0,0
WA,59340,2024-02,0,0,0,0
WA,59340,2024-03,0,0,0,0
WA,59340,2024-04,0.96,10.16,0,0
WA,59340,2024-05,0,0,0,0
WA,59340,2024-06,5.77,54.62,0,0
WA,59340,2024-07,0.96,11.98,0,0
WA,59340,2024-08,32.72,341.67,0,0
WA,59340,2024-09,5.89,109.63,0,0
WA,59340,2024-10,3.85,69.01,0,0
WA,59340,2024-11,8.7,58.25,0,0
WA,59340,2024-12,0,0,0,0
WA,59340,2025-01,4.81,41.91,0,0
WA,59340,2025-02,1.96,25.71,0,0
WA,59340,2025-03,1.92,44.45,0,0
WA,59340,2025-04,0,0,0,0
WA,59340,2025-05,0.96,6.35,0,0
WA,59340,2025-06,5.85,76.71,0,0
WA,59340,2025-07,1.92,13.97,0,0
WA,59340,2025-08,6.96,45.95,0,0
WA,59340,2025-09,1.92,21.59,0,0
WA,59340,2025-10,0.96,38.1,0,0
WA,59340,2025-11,0.96,26.25,0,0
WA,59340,2025-12,0.96,12.7,0,0
WA,59340,2026-01,0,0,0,0
WA,59340,2026-02,0,0,0,0
WA,59340,2026-03,0,0,0,0
WA,59340,2026-04,1.92,28.79,3.85,105.07
WA,59340,2026-05,0,0,0,0
WA,59340,2026-06,0,0,0,0
WA,59340,2026-07,1.96,13.03,1.96,36.92
WA,59340,2026-08,0,0,0,0
WA,59350,2023-01,0,0,0,0
WA,59350,2023-02,0,0,0,0
WA,59350,2023-03,0.74,19.24,0,0
WA,59350,2023-04,0,0,0,0
WA,59350,2023-05,0,0,0,0
WA,59350,2023-06,0.39,15.38,0,0
WA,59350,2023-07,0,0,0,0
WA,59350,2023-08,0,0,0,0
WA,59350,2023-09,0.39,2.56,0,0
WA,59350,2023-10,0,0,0,0
WA,59350,2023-11,0.39,2.57,0,0
WA,59350,2023-12,0,0,0,0
WA,59350,2024-01,0,0,0,0
WA,59350,2024-02,0,0,0,0
WA,59350,2024-03,0,0,0,0
WA,59350,2024-04,0,0,0,0
WA,59350,2024-05,0,0,0,0
WA,59350,2024-06,0.74,4.91,0,0
WA,59350,2024-07,0,0,0,0
WA,59350,2024-08,0,0,0,0
WA,59350,2024-09,0.39,2.55,0,0
WA,59350,2024-10,0,0,0,0
WA,59350,2024-11,0,0,0,0
WA,59350,2024-12,0,0,0,0
WA,59350,2025-01,0,0,0,0
WA,59350,2025-02,0,0,0,0
WA,59350,2025-03,0,0,0,0
WA,59350,2025-04,0,0,0,0
WA,59350,2025-05,0,0,0,0
WA,59350,2025-06,0,0,0,0
WA,59350,2025-07,0,0,0,0
WA,59350,2025-08,0,0,0,0
WA,59350,2025-09,0.74,4.81,0.74,7.1
WA,59350,2025-10,0,0,0,0
WA,59350,2025-11,0,0,0,0
WA,59350,2025-12,0,0,0,0
WA,59350,2026-01,0,0,0,0
WA,59350,2026-02,0,0,0,0
WA,59350,2026-03,0.39,19.3,0.39,23.71
WA,59350,2026-04,0,0,0.74,35.51
WA,59350,2026-05,0,0,0,0
WA,59350,2026-06,0.39,5.32,0.39,13.89
WA,59350,2026-07,0,0,0,0
WA,59350,2026-08,0,0,0,0
WA,59360,2023-01,0,0,0,0
WA,59360,2023-02,0,0,0,0
WA,59360,2023-03,1,6.64,0,0
WA,59360,2023-04,0,0,0,0
WA,59360,2023-05,3,6.66,0,0
WA,59360,2023-06,2,4.44,0,0
WA,59360,2023-07,3,19.92,0,0
WA,59360,2023-08,1,6.64,0,0
WA,59360,2023-09,6,56.85,0,0
WA,59360,2023-10,15,98.77,0,0
WA,59360,2023-11,0,0,0,0
WA,59360,2023-12,4,26.56,0,0
WA,59360,2024-01,0,0,0,0
WA,59360,2024-02,0,0,0,0
WA,59360,2024-03,0,0,0,0
WA,59360,2024-04,0,0,0,0
WA,59360,2024-05,0,0,0,0
WA,59360,2024-06,1,6.6,0,0
WA,59360,2024-07,1,13.3,0,0
WA,59360,2024-08,0,0,0,0
WA,59360,2024-09,0,0,0,0
WA,59360,2024-10,3,32.56,0,0
WA,59360,2024-11,3,20.8,0,0
WA,59360,2024-12,4,26.55,0,0
WA,59360,2025-01,1,6.65,0,0
WA,59360,2025-02,3,19.85,0,0
WA,59360,2025-03,0,0,0,0
WA,59360,2025-04,1,6.65,0,0
WA,59360,2025-05,3,19.89,0,0
WA,59360,2025-06,0,0,0,0
WA,59360,2025-07,1,6.6,0,0
WA,59360,2025-08,1,6.6,0,0
WA,59360,2025-09,1,6.6,0,0
WA,59360,2025-10,0,0,0,0
WA,59360,2025-11,0,0,0,0
WA,59360,2025-12,0,0,0,0
WA,59360,2026-01,0,0,0,0
WA,59360,2026-02,0,0,2,43
WA,59360,2026-03,1,20.9,1,26.4
WA,59360,2026-04,0,0,0,0
WA,59360,2026-05,0,0,0,0
WA,59360,2026-06,0,0,0,0
WA,59360,2026-07,0,0,0,0
WA,59360,2026-08,1,13.3,0,0
WA,59370,2023-01,4.95,30.85,0,0
WA,59370,2023-02,2.97,28.31,0,0
WA,59370,2023-03,7.92,58.38,0,0
WA,59370,2023-04,12.88,86.02,0,0
WA,59370,2023-05,0,0,0,0
WA,59370,2023-06,1.98,13.11,0,0
WA,59370,2023-07,6.93,49.07,0,0
WA,59370,2023-08,6.93,47.48,0,0
WA,59370,2023-09,8.91,61.31,0,0
WA,59370,2023-10,1.98,13.15,0,0
WA,59370,2023-11,8.91,69.72,0,0
WA,59370,2023-12,8.91,71.4,0,0
WA,59370,2024-01,4.95,40.74,0,0
WA,59370,2024-02,2.97,20.23,0,0
WA,59370,2024-03,5.94,45.94,0,0
WA,59370,2024-04,3.96,26.19,0,0
WA,59370,2024-05,6.93,72.29,0,0
WA,59370,2024-06,4.95,35.77,0,0
WA,59370,2024-07,7.92,57.29,0,0
WA,59370,2024-08,11.89,91.83,0,0
WA,59370,2024-09,4.95,36.61,0,0
WA,59370,2024-10,5.94,57.2,0,0
WA,59370,2024-11,9.9,77.83,0,0
WA,59370,2024-12,7.92,62.37,0,0
WA,59370,2025-01,2.97,19.66,0,0
WA,59370,2025-02,6.93,43.63,0,0
WA,59370,2025-03,6.93,50.65,0,0
WA,59370,2025-04,3.96,26.15,0,0
WA,59370,2025-05,6.93,52.34,0,0
WA,59370,2025-06,5.94,52.29,0,0
WA,59370,2025-07,7.92,46.63,0.99,19.02
WA,59370,2025-08,3.96,31.81,8.91,96.74
WA,59370,2025-09,4.95,54.25,3.96,93.5
WA,59370,2025-10,1.98,9.59,2.97,33.28
WA,59370,2025-11,6.93,61.02,7.92,127.86
WA,59370,2025-12,0.99,10.46,4.95,117.09
WA,59370,2026-01,4.95,40.93,6.93,124.6
WA,59370,2026-02,4.95,50.54,3.96,88.74
WA,59370,2026-03,2.97,33.16,6.93,190.1
WA,59370,2026-04,5.94,85.5,6.93,261.62
WA,59370,2026-05,6.93,64.8,2.97,88.15
WA,59370,2026-06,1.98,21.49,3.96,106.37
WA,59370,2026-07,11.89,101.41,7.92,189.57
WA,59370,2026-08,5.94,51.65,5.94,113.64
