lga_name,month,bev_exact,bev_supp,phev_exact,phev_supp,other_exact,other_supp
Albury,2022-09,0.0,40,0.0,0,12076.0,16178
Albury,2022-12,7.0,45,0.0,1,12439.0,16159
Albury,2023-03,22.0,53,0.0,1,12403.0,16227
Albury,2023-06,27.0,57,0.0,2,12607.0,16315
Albury,2023-09,35.0,61,0.0,6,12850.0,16294
Albury,2023-12,36.0,67,0.0,10,13216.0,16301
Albury,2024-03,38.0,78,0.0,16,13200.0,16426
Albury,2024-06,46.0,89,0.0,17,13183.0,16439
Albury,2024-09,46.0,98,0.0,22,13449.0,16388
Albury,2024-12,49.0,102,7.0,26,13752.0,16422
Albury,2025-03,53.0,114,8.0,42,13849.0,16459
Albury,2025-06,57.0,118,8.0,51,13884.0,16459
Albury,2025-09,55.0,126,7.0,64,13925.0,16489
Albury,2025-12,54.0,135,7.0,75,14281.0,16346
Albury,2026-03,69.0,153,15.0,75,14279.0,16308
Albury,2026-06,116.0,177,22.0,105,14221.0,16240
Albury,2026-08,147.0,190,37.0,114,14282.0,16224
Armidale Regional,2022-09,0.0,13,0.0,0,4272.0,11567
Armidale Regional,2022-12,0.0,16,0.0,0,4260.0,11579
Armidale Regional,2023-03,0.0,18,0.0,2,4233.0,11629
Armidale Regional,2023-06,0.0,21,0.0,5,4001.0,11565
Armidale Regional,2023-09,0.0,23,0.0,5,4076.0,11570
Armidale Regional,2023-12,6.0,26,0.0,6,4171.0,11576
Armidale Regional,2024-03,6.0,33,0.0,11,4131.0,11577
Armidale Regional,2024-06,6.0,38,0.0,15,4136.0,11598
Armidale Regional,2024-09,12.0,41,0.0,17,4154.0,11630
Armidale Regional,2024-12,0.0,50,0.0,18,4215.0,11684
Armidale Regional,2025-03,0.0,55,0.0,21,4289.0,11667
Armidale Regional,2025-06,0.0,55,0.0,22,4249.0,11582
Armidale Regional,2025-09,0.0,59,0.0,23,4277.0,11623
Armidale Regional,2025-12,0.0,66,0.0,26,4454.0,11593
Armidale Regional,2026-03,0.0,78,7.0,28,4439.0,11599
Armidale Regional,2026-06,7.0,98,8.0,38,4412.0,11514
Armidale Regional,2026-08,8.0,108,8.0,46,4429.0,11545
Ballina,2022-09,26.0,54,0.0,0,10061.0,15717
Ballina,2022-12,28.0,59,0.0,2,10295.0,15732
Ballina,2023-03,43.0,72,0.0,6,10114.0,15769
Ballina,2023-06,66.0,80,0.0,9,10221.0,15858
Ballina,2023-09,82.0,85,0.0,10,10276.0,15821
Ballina,2023-12,90.0,98,0.0,10,10401.0,15869
Ballina,2024-03,101.0,112,0.0,12,10432.0,15965
Ballina,2024-06,110.0,121,0.0,18,10384.0,15966
Ballina,2024-09,116.0,130,0.0,19,10526.0,15995
Ballina,2024-12,126.0,145,0.0,21,10774.0,15888
Ballina,2025-03,121.0,164,0.0,28,10707.0,15805
Ballina,2025-06,119.0,184,7.0,34,10669.0,15869
Ballina,2025-09,129.0,193,8.0,39,10783.0,15850
Ballina,2025-12,146.0,206,15.0,43,10855.0,15869
Ballina,2026-03,165.0,240,26.0,47,10878.0,15933
Ballina,2026-06,215.0,267,31.0,70,10788.0,15860
Ballina,2026-08,272.0,281,38.0,82,10819.0,15813
Balranald,2022-09,0.0,0,0.0,0,6.0,1577
Balranald,2022-12,0.0,0,0.0,0,0.0,1557
Balranald,2023-03,0.0,0,0.0,0,0.0,1557
Balranald,2023-06,0.0,0,0.0,0,0.0,1509
Balranald,2023-09,0.0,0,0.0,0,0.0,1485
Balranald,2023-12,0.0,0,0.0,0,0.0,1498
Balranald,2024-03,0.0,1,0.0,0,0.0,1496
Balranald,2024-06,0.0,1,0.0,0,0.0,1476
Balranald,2024-09,0.0,1,0.0,0,0.0,1489
Balranald,2024-12,0.0,1,0.0,0,6.0,1481
Balranald,2025-03,0.0,2,0.0,0,0.0,1485
Balranald,2025-06,0.0,2,0.0,1,0.0,1475
Balranald,2025-09,0.0,2,0.0,1,6.0,1491
Balranald,2025-12,0.0,2,0.0,1,6.0,1473
Balranald,2026-03,0.0,2,0.0,1,7.0,1464
Balranald,2026-06,0.0,2,0.0,1,0.0,1462
Balranald,2026-08,0.0,2,0.0,1,0.0,1471
Bathurst Regional,2022-09,9.0,25,0.0,2,10298.0,15098
Bathurst Regional,2022-12,9.0,30,0.0,4,10512.0,15031
Bathurst Regional,2023-03,18.0,36,0.0,4,10592.0,15147
Bathurst Regional,2023-06,18.0,41,0.0,6,10636.0,15267
Bathurst Regional,2023-09,29.0,46,0.0,8,10701.0,15307
Bathurst Regional,2023-12,29.0,52,0.0,13,10933.0,15299
Bathurst Regional,2024-03,39.0,60,0.0,15,11752.0,15446
Bathurst Regional,2024-06,47.0,69,0.0,16,11839.0,15537
Bathurst Regional,2024-09,52.0,72,0.0,20,11847.0,15533
Bathurst Regional,2024-12,53.0,75,0.0,21,12092.0,15517
Bathurst Regional,2025-03,50.0,79,0.0,28,12197.0,15515
Bathurst Regional,2025-06,49.0,95,0.0,31,12233.0,15517
Bathurst Regional,2025-09,48.0,99,0.0,39,12314.0,15501
Bathurst Regional,2025-12,54.0,107,0.0,41,12502.0,15514
Bathurst Regional,2026-03,61.0,120,0.0,50,12389.0,15529
Bathurst Regional,2026-06,72.0,153,0.0,62,12510.0,15689
Bathurst Regional,2026-08,83.0,166,8.0,71,12554.0,15748
Bayside,2022-09,204.0,107,0.0,3,69285.0,25350
Bayside,2022-12,309.0,112,0.0,5,70414.0,25420
Bayside,2023-03,433.0,131,0.0,10,70438.0,25656
Bayside,2023-06,646.0,148,0.0,19,71118.0,25518
Bayside,2023-09,905.0,154,0.0,34,71897.0,25497
Bayside,2023-12,1099.0,168,6.0,42,73217.0,25496
Bayside,2024-03,1240.0,191,0.0,51,72950.0,25718
Bayside,2024-06,1378.0,215,0.0,71,74568.0,25639
Bayside,2024-09,1483.0,240,47.0,71,74843.0,25579
Bayside,2024-12,1594.0,279,76.0,76,75765.0,25538
Bayside,2025-03,1561.0,336,104.0,111,74909.0,25820
Bayside,2025-06,1801.0,360,175.0,123,74783.0,25795
Bayside,2025-09,1909.0,377,203.0,148,75269.0,25750
Bayside,2025-12,1962.0,399,232.0,174,76785.0,25886
Bayside,2026-03,1927.0,449,269.0,191,76755.0,26012
Bayside,2026-06,2276.0,489,349.0,233,75916.0,25950
Bayside,2026-08,2557.0,505,401.0,248,75872.0,25921
Bega Valley,2022-09,13.0,31,0.0,1,6859.0,15299
Bega Valley,2022-12,14.0,37,0.0,4,6893.0,15340
Bega Valley,2023-03,19.0,49,0.0,4,6828.0,15372
Bega Valley,2023-06,19.0,58,0.0,5,6486.0,15425
Bega Valley,2023-09,25.0,61,0.0,7,6582.0,15472
Bega Valley,2023-12,26.0,73,0.0,10,6710.0,15493
Bega Valley,2024-03,31.0,80,0.0,13,6717.0,15544
Bega Valley,2024-06,31.0,84,0.0,14,6711.0,15569
Bega Valley,2024-09,30.0,93,0.0,18,6703.0,15590
Bega Valley,2024-12,31.0,103,0.0,19,6851.0,15574
Bega Valley,2025-03,37.0,109,6.0,23,6781.0,15627
Bega Valley,2025-06,37.0,129,0.0,24,6712.0,15659
Bega Valley,2025-09,50.0,140,6.0,23,6761.0,15691
Bega Valley,2025-12,52.0,151,6.0,26,6911.0,15664
Bega Valley,2026-03,61.0,173,20.0,26,6987.0,15697
Bega Valley,2026-06,57.0,208,14.0,36,6967.0,15663
Bega Valley,2026-08,67.0,222,14.0,42,6988.0,15754
Bellingen,2022-09,0.0,21,0.0,0,529.0,7960
Bellingen,2022-12,0.0,22,0.0,0,511.0,7969
Bellingen,2023-03,0.0,26,0.0,1,497.0,8044
Bellingen,2023-06,0.0,31,0.0,1,453.0,8117
Bellingen,2023-09,6.0,36,0.0,2,432.0,8156
Bellingen,2023-12,0.0,40,0.0,2,427.0,8130
Bellingen,2024-03,6.0,40,0.0,2,448.0,8215
Bellingen,2024-06,6.0,44,0.0,4,465.0,8212
Bellingen,2024-09,7.0,47,0.0,4,449.0,8221
Bellingen,2024-12,7.0,56,0.0,4,476.0,8213
Bellingen,2025-03,7.0,59,0.0,7,486.0,8155
Bellingen,2025-06,7.0,65,0.0,7,458.0,8179
Bellingen,2025-09,7.0,73,0.0,6,455.0,8194
Bellingen,2025-12,6.0,79,0.0,7,507.0,8159
Bellingen,2026-03,6.0,91,0.0,12,472.0,8185
Bellingen,2026-06,7.0,119,0.0,18,436.0,8167
Bellingen,2026-08,15.0,127,0.0,26,450.0,8143
Berrigan,2022-09,0.0,6,0.0,0,191.0,5372
Berrigan,2022-12,0.0,7,0.0,0,206.0,5345
Berrigan,2023-03,0.0,7,0.0,0,206.0,5372
Berrigan,2023-06,0.0,10,0.0,0,193.0,5381
Berrigan,2023-09,0.0,9,0.0,1,196.0,5374
Berrigan,2023-12,0.0,11,0.0,2,218.0,5395
Berrigan,2024-03,0.0,13,0.0,2,207.0,5401
Berrigan,2024-06,0.0,13,0.0,2,199.0,5379
Berrigan,2024-09,0.0,13,0.0,2,186.0,5379
Berrigan,2024-12,0.0,12,0.0,5,187.0,5349
Berrigan,2025-03,0.0,12,0.0,7,208.0,5362
Berrigan,2025-06,0.0,14,0.0,7,193.0,5350
Berrigan,2025-09,0.0,16,0.0,8,171.0,5333
Berrigan,2025-12,0.0,18,0.0,9,172.0,5348
Berrigan,2026-03,0.0,21,0.0,12,170.0,5347
Berrigan,2026-06,0.0,31,0.0,15,176.0,5326
Berrigan,2026-08,0.0,31,0.0,19,156.0,5325
Blacktown,2022-09,422.0,99,0.0,6,171855.0,34220
Blacktown,2022-12,547.0,113,0.0,14,173347.0,34205
Blacktown,2023-03,794.0,142,0.0,24,174189.0,34375
Blacktown,2023-06,1275.0,160,0.0,43,184449.0,34504
Blacktown,2023-09,1669.0,172,16.0,60,186668.0,34621
Blacktown,2023-12,1945.0,185,39.0,68,188163.0,34531
Blacktown,2024-03,2351.0,211,50.0,80,188971.0,34839
Blacktown,2024-06,2650.0,248,75.0,96,190754.0,34819
Blacktown,2024-09,2857.0,265,109.0,118,192605.0,34780
Blacktown,2024-12,3111.0,281,146.0,133,193460.0,34623
Blacktown,2025-03,3269.0,342,201.0,167,194545.0,34714
Blacktown,2025-06,3643.0,378,225.0,178,194862.0,34729
Blacktown,2025-09,4084.0,405,270.0,204,196270.0,34704
Blacktown,2025-12,4485.0,418,382.0,211,197243.0,34548
Blacktown,2026-03,4950.0,471,515.0,246,197388.0,34700
Blacktown,2026-06,6084.0,527,816.0,281,197237.0,34651
Blacktown,2026-08,6899.0,566,1101.0,297,197405.0,34681
Bland,2022-09,0.0,0,0.0,0,501.0,4580
Bland,2022-12,0.0,0,0.0,0,526.0,4577
Bland,2023-03,0.0,0,0.0,0,507.0,4618
Bland,2023-06,0.0,0,0.0,0,488.0,4687
Bland,2023-09,0.0,0,0.0,0,515.0,4700
Bland,2023-12,0.0,0,0.0,0,528.0,4728
Bland,2024-03,0.0,1,0.0,0,532.0,4751
Bland,2024-06,0.0,1,0.0,0,523.0,4735
Bland,2024-09,0.0,1,0.0,1,522.0,4729
Bland,2024-12,0.0,1,0.0,1,511.0,4742
Bland,2025-03,0.0,1,0.0,2,524.0,4723
Bland,2025-06,0.0,1,0.0,3,514.0,4719
Bland,2025-09,0.0,2,0.0,4,529.0,4702
Bland,2025-12,0.0,2,0.0,4,509.0,4744
Bland,2026-03,0.0,2,0.0,4,537.0,4717
Bland,2026-06,0.0,5,0.0,6,514.0,4744
Bland,2026-08,0.0,5,0.0,6,534.0,4707
Blayney,2022-09,0.0,4,0.0,0,223.0,4927
Blayney,2022-12,0.0,7,0.0,0,236.0,4903
Blayney,2023-03,0.0,11,0.0,2,216.0,4912
Blayney,2023-06,0.0,11,0.0,2,204.0,4929
Blayney,2023-09,0.0,12,0.0,2,238.0,4901
Blayney,2023-12,0.0,16,0.0,4,231.0,4908
Blayney,2024-03,0.0,21,0.0,3,224.0,4909
Blayney,2024-06,0.0,21,0.0,3,232.0,4904
Blayney,2024-09,0.0,23,0.0,3,218.0,4951
Blayney,2024-12,0.0,24,0.0,3,226.0,4956
Blayney,2025-03,0.0,26,0.0,3,253.0,4906
Blayney,2025-06,0.0,29,0.0,4,255.0,4942
Blayney,2025-09,0.0,32,0.0,4,208.0,4997
Blayney,2025-12,0.0,35,0.0,8,217.0,5026
Blayney,2026-03,0.0,35,0.0,11,221.0,5027
Blayney,2026-06,0.0,45,0.0,14,245.0,5018
Blayney,2026-08,0.0,47,0.0,17,250.0,5023
Blue Mountains,2022-09,69.0,82,0.0,1,21905.0,20345
Blue Mountains,2022-12,94.0,94,0.0,5,22006.0,20297
Blue Mountains,2023-03,113.0,121,0.0,6,22175.0,20484
Blue Mountains,2023-06,154.0,129,0.0,12,21920.0,21036
Blue Mountains,2023-09,225.0,143,0.0,16,22123.0,21110
Blue Mountains,2023-12,268.0,158,6.0,22,22294.0,21103
Blue Mountains,2024-03,321.0,180,7.0,27,22310.0,21133
Blue Mountains,2024-06,369.0,194,7.0,37,22293.0,21155
Blue Mountains,2024-09,413.0,211,7.0,45,22503.0,21155
Blue Mountains,2024-12,470.0,221,18.0,52,22749.0,21135
Blue Mountains,2025-03,489.0,254,21.0,67,22834.0,21194
Blue Mountains,2025-06,556.0,284,22.0,74,22803.0,21105
Blue Mountains,2025-09,619.0,309,22.0,83,22863.0,21159
Blue Mountains,2025-12,680.0,327,22.0,92,22902.0,21095
Blue Mountains,2026-03,770.0,365,28.0,114,23039.0,21048
Blue Mountains,2026-06,1027.0,405,28.0,148,22918.0,21052
Blue Mountains,2026-08,1164.0,418,36.0,158,22844.0,21065
Bogan,2022-09,0.0,0,0.0,0,163.0,1856
Bogan,2022-12,0.0,0,0.0,0,151.0,1851
Bogan,2023-03,0.0,0,0.0,0,151.0,1854
Bogan,2023-06,0.0,0,0.0,0,129.0,3564
Bogan,2023-09,0.0,0,0.0,1,139.0,3601
Bogan,2023-12,0.0,0,0.0,1,145.0,3599
Bogan,2024-03,0.0,0,0.0,1,147.0,3575
Bogan,2024-06,0.0,1,0.0,1,145.0,3596
Bogan,2024-09,0.0,1,0.0,1,127.0,3631
Bogan,2024-12,0.0,2,0.0,2,115.0,3652
Bogan,2025-03,0.0,2,0.0,2,125.0,3645
Bogan,2025-06,0.0,2,0.0,2,118.0,3610
Bogan,2025-09,0.0,2,0.0,2,119.0,3635
Bogan,2025-12,0.0,2,0.0,2,122.0,3627
Bogan,2026-03,0.0,4,0.0,2,131.0,3631
Bogan,2026-06,0.0,5,0.0,3,119.0,3668
Bogan,2026-08,0.0,6,0.0,6,118.0,3681
Bourke,2022-09,0.0,0,0.0,0,29.0,1375
Bourke,2022-12,0.0,0,0.0,0,40.0,1379
Bourke,2023-03,0.0,0,0.0,0,34.0,1381
Bourke,2023-06,0.0,0,0.0,0,38.0,1378
Bourke,2023-09,0.0,0,0.0,0,33.0,1403
Bourke,2023-12,0.0,0,0.0,0,32.0,1410
Bourke,2024-03,0.0,0,0.0,0,33.0,1393
Bourke,2024-06,0.0,0,0.0,0,41.0,1387
Bourke,2024-09,0.0,0,0.0,0,35.0,1375
Bourke,2024-12,0.0,0,0.0,0,34.0,1398
Bourke,2025-03,0.0,0,0.0,0,41.0,1381
Bourke,2025-06,0.0,0,0.0,0,39.0,1374
Bourke,2025-09,0.0,0,0.0,0,21.0,1392
Bourke,2025-12,0.0,0,0.0,0,21.0,1398
Bourke,2026-03,0.0,0,0.0,0,21.0,1396
Bourke,2026-06,0.0,1,0.0,0,22.0,1410
Bourke,2026-08,0.0,1,0.0,0,23.0,1418
Brewarrina,2022-09,0.0,0,0.0,0,0.0,743
Brewarrina,2022-12,0.0,0,0.0,0,0.0,760
Brewarrina,2023-03,0.0,0,0.0,0,0.0,768
Brewarrina,2023-06,0.0,0,0.0,0,0.0,885
Brewarrina,2023-09,0.0,0,0.0,0,0.0,895
Brewarrina,2023-12,0.0,0,0.0,0,0.0,908
Brewarrina,2024-03,0.0,0,0.0,0,0.0,910
Brewarrina,2024-06,0.0,0,0.0,0,6.0,896
Brewarrina,2024-09,0.0,0,0.0,0,6.0,903
Brewarrina,2024-12,0.0,0,0.0,0,6.0,919
Brewarrina,2025-03,0.0,0,0.0,0,6.0,920
Brewarrina,2025-06,0.0,0,0.0,0,6.0,899
Brewarrina,2025-09,0.0,0,0.0,0,6.0,916
Brewarrina,2025-12,0.0,0,0.0,0,6.0,902
Brewarrina,2026-03,0.0,0,0.0,0,7.0,927
Brewarrina,2026-06,0.0,0,0.0,0,7.0,921
Brewarrina,2026-08,0.0,0,0.0,0,7.0,948
Broken Hill,2022-09,0.0,4,0.0,0,1697.0,7173
Broken Hill,2022-12,0.0,4,0.0,0,1722.0,7133
Broken Hill,2023-03,0.0,4,0.0,1,1684.0,7161
Broken Hill,2023-06,0.0,7,0.0,1,1671.0,7159
Broken Hill,2023-09,0.0,7,0.0,1,1634.0,7193
Broken Hill,2023-12,0.0,6,0.0,2,1680.0,7161
Broken Hill,2024-03,0.0,7,0.0,3,1704.0,7184
Broken Hill,2024-06,0.0,8,0.0,2,1712.0,7171
Broken Hill,2024-09,0.0,8,0.0,2,1703.0,7209
Broken Hill,2024-12,0.0,8,0.0,2,1673.0,7197
Broken Hill,2025-03,0.0,7,0.0,3,1689.0,7222
Broken Hill,2025-06,0.0,8,0.0,3,1633.0,7235
Broken Hill,2025-09,0.0,10,0.0,5,1620.0,7216
Broken Hill,2025-12,0.0,12,0.0,5,1599.0,7228
Broken Hill,2026-03,0.0,14,0.0,6,1644.0,7203
Broken Hill,2026-06,0.0,15,0.0,7,1622.0,7228
Broken Hill,2026-08,0.0,20,0.0,11,1582.0,7260
Burwood,2022-09,38.0,70,0.0,0,7879.0,13357
Burwood,2022-12,44.0,81,0.0,1,7969.0,13362
Burwood,2023-03,61.0,95,0.0,6,7915.0,13518
Burwood,2023-06,94.0,98,0.0,11,7896.0,13448
Burwood,2023-09,145.0,108,0.0,17,7891.0,13401
Burwood,2023-12,158.0,130,0.0,20,8136.0,13469
Burwood,2024-03,195.0,146,0.0,22,8137.0,13555
Burwood,2024-06,222.0,163,0.0,29,8042.0,13620
Burwood,2024-09,227.0,185,0.0,35,7913.0,13506
Burwood,2024-12,230.0,193,0.0,43,7899.0,13362
Burwood,2025-03,229.0,223,6.0,57,7627.0,13463
Burwood,2025-06,248.0,255,12.0,65,7462.0,13374
Burwood,2025-09,293.0,279,23.0,75,7378.0,13363
Burwood,2025-12,309.0,299,36.0,88,7454.0,13261
Burwood,2026-03,333.0,320,48.0,103,7270.0,13298
Burwood,2026-06,417.0,347,61.0,126,7311.0,13351
Burwood,2026-08,466.0,353,85.0,145,7244.0,13322
Byron,2022-09,76.0,106,0.0,1,4703.0,15928
Byron,2022-12,78.0,112,0.0,1,4844.0,15960
Byron,2023-03,93.0,129,0.0,3,4822.0,16017
Byron,2023-06,115.0,131,0.0,2,4776.0,15862
Byron,2023-09,136.0,145,0.0,7,4738.0,15891
Byron,2023-12,148.0,159,0.0,10,4933.0,15973
Byron,2024-03,171.0,167,0.0,13,4981.0,16011
Byron,2024-06,193.0,188,0.0,18,4905.0,15935
Byron,2024-09,214.0,202,0.0,20,4988.0,15969
Byron,2024-12,205.0,216,0.0,23,5121.0,16052
Byron,2025-03,201.0,236,0.0,28,5116.0,16095
Byron,2025-06,197.0,259,8.0,33,5085.0,16044
Byron,2025-09,199.0,271,23.0,36,5065.0,16000
Byron,2025-12,226.0,290,32.0,40,5088.0,15969
Byron,2026-03,254.0,310,43.0,53,5052.0,16031
Byron,2026-06,298.0,344,63.0,71,5012.0,15986
Byron,2026-08,354.0,349,71.0,82,5103.0,15930
Cabonne,2022-09,0.0,42,0.0,4,1369.0,18565
Cabonne,2022-12,0.0,47,0.0,4,1354.0,18530
Cabonne,2023-03,0.0,59,0.0,5,1385.0,18616
Cabonne,2023-06,0.0,89,0.0,8,1378.0,26047
Cabonne,2023-09,0.0,99,0.0,17,1404.0,26087
Cabonne,2023-12,0.0,105,0.0,20,1466.0,26026
Cabonne,2024-03,0.0,121,0.0,26,1507.0,26133
Cabonne,2024-06,0.0,139,0.0,34,1491.0,26115
Cabonne,2024-09,0.0,149,0.0,40,1493.0,26109
Cabonne,2024-12,0.0,157,0.0,47,1550.0,26061
Cabonne,2025-03,0.0,170,0.0,62,1555.0,26180
Cabonne,2025-06,0.0,183,0.0,71,1532.0,26146
Cabonne,2025-09,0.0,189,0.0,85,1581.0,26191
Cabonne,2025-12,0.0,203,0.0,96,1581.0,26114
Cabonne,2026-03,0.0,224,0.0,101,1611.0,26283
Cabonne,2026-06,0.0,259,0.0,141,1611.0,26363
Cabonne,2026-08,0.0,280,0.0,156,1645.0,26375
Camden,2022-09,108.0,46,0.0,1,48065.0,21872
Camden,2022-12,130.0,56,0.0,6,49046.0,21890
Camden,2023-03,210.0,71,0.0,15,49803.0,22188
Camden,2023-06,306.0,79,0.0,18,50336.0,22894
Camden,2023-09,424.0,90,0.0,29,51659.0,22909
Camden,2023-12,470.0,107,0.0,34,52783.0,22896
Camden,2024-03,562.0,120,0.0,37,53214.0,23129
Camden,2024-06,662.0,144,0.0,44,53658.0,23235
Camden,2024-09,711.0,163,0.0,59,54899.0,23232
Camden,2024-12,770.0,185,18.0,68,55773.0,23229
Camden,2025-03,802.0,221,37.0,85,56165.0,23437
Camden,2025-06,921.0,241,81.0,88,56460.0,23352
Camden,2025-09,1033.0,255,101.0,100,57059.0,23317
Camden,2025-12,1142.0,278,124.0,117,58040.0,23271
Camden,2026-03,1286.0,312,162.0,131,58245.0,23445
Camden,2026-06,1640.0,348,235.0,171,58444.0,23369
Camden,2026-08,1873.0,374,312.0,187,58662.0,23418
Campbelltown,2022-09,98.0,66,0.0,2,63702.0,27453
Campbelltown,2022-12,112.0,77,0.0,5,64230.0,27450
Campbelltown,2023-03,175.0,93,0.0,9,64108.0,27697
Campbelltown,2023-06,296.0,98,0.0,13,66470.0,25898
Campbelltown,2023-09,411.0,111,0.0,27,67042.0,25931
Campbelltown,2023-12,469.0,130,0.0,34,67758.0,25884
Campbelltown,2024-03,577.0,152,0.0,39,68101.0,25962
Campbelltown,2024-06,661.0,167,0.0,50,68295.0,25951
Campbelltown,2024-09,720.0,189,17.0,58,69182.0,25940
Campbelltown,2024-12,750.0,198,49.0,63,69857.0,25913
Campbelltown,2025-03,762.0,229,70.0,81,69824.0,26038
Campbelltown,2025-06,864.0,246,94.0,84,70245.0,26011
Campbelltown,2025-09,954.0,269,115.0,95,70803.0,25931
Campbelltown,2025-12,1035.0,281,137.0,101,71277.0,25825
Campbelltown,2026-03,1148.0,299,153.0,124,71177.0,25837
Campbelltown,2026-06,1492.0,354,191.0,168,71311.0,25853
Campbelltown,2026-08,1651.0,383,244.0,177,71719.0,25868
Canada Bay,2022-09,241.0,116,0.0,0,30450.0,18597
Canada Bay,2022-12,268.0,134,0.0,8,30765.0,18594
Canada Bay,2023-03,331.0,156,0.0,14,30764.0,18706
Canada Bay,2023-06,441.0,195,0.0,22,31065.0,20252
Canada Bay,2023-09,537.0,217,15.0,34,31207.0,20177
Canada Bay,2023-12,622.0,225,36.0,41,31475.0,20127
Canada Bay,2024-03,737.0,255,41.0,53,31662.0,20351
Canada Bay,2024-06,777.0,282,57.0,62,31432.0,20434
Canada Bay,2024-09,829.0,297,74.0,67,31359.0,20368
Canada Bay,2024-12,889.0,318,90.0,80,31680.0,20243
Canada Bay,2025-03,942.0,367,91.0,112,31771.0,20353
Canada Bay,2025-06,1042.0,401,112.0,130,31589.0,20445
Canada Bay,2025-09,1137.0,414,85.0,133,27497.0,20338
Canada Bay,2025-12,1220.0,439,101.0,157,27619.0,20091
Canada Bay,2026-03,1279.0,490,140.0,185,27622.0,20234
Canada Bay,2026-06,1477.0,523,167.0,216,27373.0,20166
Canada Bay,2026-08,1624.0,539,229.0,236,27029.0,20132
Canterbury-Bankstown,2022-09,242.0,126,0.0,7,159682.0,34708
Canterbury-Bankstown,2022-12,290.0,137,0.0,8,160840.0,34865
Canterbury-Bankstown,2023-03,395.0,163,0.0,14,161642.0,35323
Canterbury-Bankstown,2023-06,579.0,182,0.0,16,163128.0,35298
Canterbury-Bankstown,2023-09,749.0,200,0.0,34,165046.0,35326
Canterbury-Bankstown,2023-12,882.0,220,10.0,42,166380.0,35363
Canterbury-Bankstown,2024-03,1122.0,258,13.0,54,167393.0,35450
Canterbury-Bankstown,2024-06,1226.0,289,22.0,71,168463.0,35392
Canterbury-Bankstown,2024-09,1365.0,312,76.0,81,169517.0,35265
Canterbury-Bankstown,2024-12,1476.0,319,117.0,89,170905.0,35214
Canterbury-Bankstown,2025-03,1535.0,378,138.0,116,170472.0,35349
Canterbury-Bankstown,2025-06,1735.0,402,233.0,136,171111.0,35220
Canterbury-Bankstown,2025-09,1965.0,426,309.0,169,172378.0,35106
Canterbury-Bankstown,2025-12,2110.0,444,415.0,183,173065.0,35025
Canterbury-Bankstown,2026-03,2295.0,503,515.0,209,172713.0,35054
Canterbury-Bankstown,2026-06,2840.0,561,716.0,261,173235.0,34965
Canterbury-Bankstown,2026-08,3213.0,594,872.0,282,173145.0,35136
Carrathool,2022-09,0.0,1,0.0,0,141.0,3141
Carrathool,2022-12,0.0,1,0.0,0,134.0,3153
Carrathool,2023-03,0.0,2,0.0,0,114.0,3176
Carrathool,2023-06,0.0,2,0.0,0,101.0,3181
Carrathool,2023-09,0.0,2,0.0,0,101.0,3154
Carrathool,2023-12,0.0,3,0.0,0,112.0,3180
Carrathool,2024-03,0.0,5,0.0,0,121.0,3192
Carrathool,2024-06,0.0,5,0.0,0,123.0,3170
Carrathool,2024-09,0.0,5,0.0,0,135.0,3162
Carrathool,2024-12,0.0,6,0.0,0,131.0,3158
Carrathool,2025-03,0.0,6,0.0,0,135.0,3166
Carrathool,2025-06,0.0,5,0.0,0,108.0,3143
Carrathool,2025-09,0.0,4,0.0,0,102.0,3154
Carrathool,2025-12,0.0,4,0.0,0,107.0,3148
Carrathool,2026-03,0.0,5,0.0,0,102.0,3170
Carrathool,2026-06,0.0,5,0.0,2,104.0,3162
Carrathool,2026-08,0.0,7,0.0,2,97.0,3183
Central Coast,2022-09,288.0,129,0.0,8,177393.0,39838
Central Coast,2022-12,342.0,143,0.0,13,177928.0,39866
Central Coast,2023-03,449.0,184,0.0,26,177460.0,40043
Central Coast,2023-06,589.0,202,0.0,38,177443.0,40000
Central Coast,2023-09,746.0,216,13.0,51,178492.0,39925
Central Coast,2023-12,953.0,221,29.0,63,179765.0,39881
Central Coast,2024-03,1140.0,253,46.0,72,180105.0,40065
Central Coast,2024-06,1282.0,282,65.0,92,180268.0,40006
Central Coast,2024-09,1404.0,306,119.0,97,182411.0,39854
Central Coast,2024-12,1604.0,325,175.0,106,182626.0,39708
Central Coast,2025-03,1664.0,376,216.0,141,182737.0,39915
Central Coast,2025-06,1920.0,405,331.0,141,182687.0,39779
Central Coast,2025-09,2142.0,428,367.0,164,184394.0,39620
Central Coast,2025-12,2379.0,454,430.0,173,185251.0,39589
Central Coast,2026-03,2679.0,514,517.0,187,185553.0,39570
Central Coast,2026-06,3630.0,563,667.0,235,185032.0,39406
Central Coast,2026-08,4101.0,602,798.0,252,185464.0,39435
Central Darling,2022-09,0.0,0,0.0,0,6.0,955
Central Darling,2022-12,0.0,0,0.0,0,0.0,977
Central Darling,2023-03,0.0,0,0.0,0,0.0,969
Central Darling,2023-06,0.0,0,0.0,0,0.0,952
Central Darling,2023-09,0.0,0,0.0,0,0.0,946
Central Darling,2023-12,0.0,0,0.0,0,9.0,935
Central Darling,2024-03,0.0,0,0.0,0,9.0,948
Central Darling,2024-06,0.0,0,0.0,0,16.0,943
Central Darling,2024-09,0.0,0,0.0,0,18.0,963
Central Darling,2024-12,0.0,0,0.0,0,20.0,975
Central Darling,2025-03,0.0,0,0.0,0,20.0,994
Central Darling,2025-06,0.0,0,0.0,0,21.0,978
Central Darling,2025-09,0.0,0,0.0,0,20.0,987
Central Darling,2025-12,0.0,0,0.0,0,19.0,995
Central Darling,2026-03,0.0,0,0.0,0,25.0,986
Central Darling,2026-06,0.0,0,0.0,0,25.0,957
Central Darling,2026-08,0.0,0,0.0,0,25.0,966
Cessnock,2022-09,6.0,32,0.0,0,17289.0,18825
Cessnock,2022-12,7.0,33,0.0,3,17746.0,18886
Cessnock,2023-03,11.0,39,0.0,5,17932.0,19058
Cessnock,2023-06,11.0,50,0.0,8,17815.0,19222
Cessnock,2023-09,11.0,56,0.0,12,18120.0,19331
Cessnock,2023-12,24.0,60,0.0,15,18740.0,19311
Cessnock,2024-03,18.0,80,0.0,19,18892.0,19453
Cessnock,2024-06,32.0,82,0.0,23,19075.0,19488
Cessnock,2024-09,32.0,83,10.0,27,19704.0,19660
Cessnock,2024-12,50.0,95,12.0,35,20287.0,19618
Cessnock,2025-03,56.0,112,15.0,44,20414.0,19788
Cessnock,2025-06,58.0,128,17.0,52,20485.0,19764
Cessnock,2025-09,71.0,135,17.0,57,21117.0,19931
Cessnock,2025-12,102.0,146,23.0,61,21423.0,19957
Cessnock,2026-03,111.0,169,23.0,76,21528.0,19963
Cessnock,2026-06,193.0,194,31.0,107,21803.0,19949
Cessnock,2026-08,241.0,207,48.0,114,21950.0,20052
Clarence Valley,2022-09,0.0,19,0.0,0,13362.0,17589
Clarence Valley,2022-12,0.0,23,0.0,0,13494.0,17610
Clarence Valley,2023-03,7.0,28,0.0,4,13521.0,17671
Clarence Valley,2023-06,7.0,35,0.0,4,13471.0,17722
Clarence Valley,2023-09,7.0,44,0.0,4,13560.0,17779
Clarence Valley,2023-12,8.0,49,0.0,5,13746.0,17775
Clarence Valley,2024-03,14.0,53,0.0,6,13783.0,17776
Clarence Valley,2024-06,14.0,60,0.0,7,13654.0,17820
Clarence Valley,2024-09,13.0,63,0.0,7,13801.0,17832
Clarence Valley,2024-12,14.0,74,0.0,11,13908.0,17790
Clarence Valley,2025-03,14.0,77,0.0,19,13929.0,17862
Clarence Valley,2025-06,15.0,81,0.0,21,13771.0,17931
Clarence Valley,2025-09,15.0,93,0.0,23,13917.0,18019
Clarence Valley,2025-12,14.0,101,0.0,26,14232.0,17992
Clarence Valley,2026-03,19.0,125,0.0,28,14393.0,18045
Clarence Valley,2026-06,45.0,143,0.0,44,14342.0,18052
Clarence Valley,2026-08,57.0,158,7.0,52,14375.0,18114
Cobar,2022-09,0.0,0,0.0,0,204.0,2393
Cobar,2022-12,0.0,0,0.0,0,195.0,2402
Cobar,2023-03,0.0,0,0.0,0,197.0,2394
Cobar,2023-06,0.0,0,0.0,0,158.0,2352
Cobar,2023-09,0.0,0,0.0,1,143.0,2368
Cobar,2023-12,0.0,0,0.0,1,148.0,2383
Cobar,2024-03,0.0,0,0.0,1,136.0,2373
Cobar,2024-06,0.0,1,0.0,1,130.0,2375
Cobar,2024-09,0.0,1,0.0,1,138.0,2417
Cobar,2024-12,0.0,1,0.0,2,141.0,2434
Cobar,2025-03,0.0,1,0.0,2,127.0,2436
Cobar,2025-06,0.0,1,0.0,2,123.0,2401
Cobar,2025-09,0.0,1,0.0,2,127.0,2429
Cobar,2025-12,0.0,1,0.0,2,117.0,2439
Cobar,2026-03,0.0,2,0.0,2,118.0,2438
Cobar,2026-06,0.0,2,0.0,3,114.0,2452
Cobar,2026-08,0.0,2,0.0,6,113.0,2444
Coffs Harbour,2022-09,19.0,41,0.0,2,23206.0,21555
Coffs Harbour,2022-12,20.0,50,0.0,6,23476.0,21548
Coffs Harbour,2023-03,33.0,62,0.0,8,23224.0,21645
Coffs Harbour,2023-06,45.0,71,0.0,9,23116.0,21707
Coffs Harbour,2023-09,67.0,76,0.0,13,23488.0,21708
Coffs Harbour,2023-12,78.0,84,0.0,15,23831.0,21765
Coffs Harbour,2024-03,74.0,100,0.0,19,23959.0,21802
Coffs Harbour,2024-06,68.0,108,0.0,22,23934.0,21745
Coffs Harbour,2024-09,67.0,123,0.0,30,24283.0,21660
Coffs Harbour,2024-12,81.0,138,0.0,35,24712.0,21582
Coffs Harbour,2025-03,85.0,150,6.0,44,24914.0,21623
Coffs Harbour,2025-06,80.0,171,7.0,47,24912.0,21598
Coffs Harbour,2025-09,108.0,174,7.0,61,25234.0,21481
Coffs Harbour,2025-12,135.0,182,7.0,68,25376.0,21440
Coffs Harbour,2026-03,163.0,199,7.0,78,25309.0,21469
Coffs Harbour,2026-06,250.0,233,15.0,101,25279.0,21409
Coffs Harbour,2026-08,294.0,241,29.0,116,25435.0,21409
Coolamon,2022-09,0.0,0,0.0,0,33.0,3026
Coolamon,2022-12,0.0,0,0.0,0,41.0,3056
Coolamon,2023-03,0.0,0,0.0,0,42.0,3107
Coolamon,2023-06,0.0,1,0.0,0,40.0,3131
Coolamon,2023-09,0.0,2,0.0,0,38.0,3123
Coolamon,2023-12,0.0,4,0.0,0,46.0,3152
Coolamon,2024-03,0.0,4,0.0,0,46.0,3159
Coolamon,2024-06,0.0,5,0.0,1,35.0,3152
Coolamon,2024-09,0.0,5,0.0,1,29.0,3158
Coolamon,2024-12,0.0,6,0.0,1,49.0,3158
Coolamon,2025-03,0.0,7,0.0,2,56.0,3176
Coolamon,2025-06,0.0,8,0.0,2,63.0,3194
Coolamon,2025-09,0.0,9,0.0,2,62.0,3185
Coolamon,2025-12,0.0,10,0.0,3,60.0,3200
Coolamon,2026-03,0.0,11,0.0,3,51.0,3214
Coolamon,2026-06,0.0,14,0.0,3,50.0,3214
Coolamon,2026-08,0.0,13,0.0,5,42.0,3237
Coonamble,2022-09,0.0,2,0.0,0,266.0,2237
Coonamble,2022-12,0.0,2,0.0,0,263.0,2237
Coonamble,2023-03,0.0,2,0.0,0,258.0,2258
Coonamble,2023-06,0.0,3,0.0,0,275.0,2239
Coonamble,2023-09,0.0,2,0.0,0,265.0,2249
Coonamble,2023-12,0.0,2,0.0,0,283.0,2244
Coonamble,2024-03,0.0,1,0.0,0,275.0,2235
Coonamble,2024-06,0.0,2,0.0,0,255.0,2242
Coonamble,2024-09,0.0,2,0.0,0,258.0,2259
Coonamble,2024-12,0.0,2,0.0,1,259.0,2291
Coonamble,2025-03,0.0,1,0.0,1,272.0,2300
Coonamble,2025-06,0.0,2,0.0,1,261.0,2281
Coonamble,2025-09,0.0,2,0.0,1,262.0,2290
Coonamble,2025-12,0.0,2,0.0,3,280.0,2283
Coonamble,2026-03,0.0,1,0.0,3,288.0,2283
Coonamble,2026-06,0.0,1,0.0,3,281.0,2258
Coonamble,2026-08,0.0,1,0.0,3,277.0,2291
Cootamundra-Gundagai Regional,2022-09,0.0,2,0.0,0,938.0,6043
Cootamundra-Gundagai Regional,2022-12,0.0,2,0.0,0,977.0,6046
Cootamundra-Gundagai Regional,2023-03,0.0,2,0.0,0,995.0,6045
Cootamundra-Gundagai Regional,2023-06,0.0,3,0.0,0,963.0,6020
Cootamundra-Gundagai Regional,2023-09,0.0,5,0.0,0,973.0,6038
Cootamundra-Gundagai Regional,2023-12,0.0,8,0.0,1,991.0,6080
Cootamundra-Gundagai Regional,2024-03,0.0,10,0.0,2,963.0,6078
Cootamundra-Gundagai Regional,2024-06,0.0,14,0.0,1,983.0,6092
Cootamundra-Gundagai Regional,2024-09,0.0,16,0.0,1,959.0,6117
Cootamundra-Gundagai Regional,2024-12,0.0,16,0.0,1,945.0,6138
Cootamundra-Gundagai Regional,2025-03,0.0,17,0.0,2,992.0,6152
Cootamundra-Gundagai Regional,2025-06,0.0,20,0.0,2,983.0,6189
Cootamundra-Gundagai Regional,2025-09,0.0,22,0.0,2,1001.0,6209
Cootamundra-Gundagai Regional,2025-12,0.0,22,0.0,3,1087.0,6227
Cootamundra-Gundagai Regional,2026-03,0.0,24,0.0,6,1071.0,6292
Cootamundra-Gundagai Regional,2026-06,0.0,31,0.0,9,1029.0,6278
Cootamundra-Gundagai Regional,2026-08,0.0,30,0.0,11,1050.0,6277
Cowra,2022-09,0.0,3,0.0,0,1494.0,7801
Cowra,2022-12,0.0,4,0.0,1,1433.0,7792
Cowra,2023-03,0.0,6,0.0,1,1391.0,7869
Cowra,2023-06,0.0,7,0.0,2,1331.0,8030
Cowra,2023-09,0.0,9,0.0,2,1283.0,8031
Cowra,2023-12,0.0,10,0.0,2,1333.0,8040
Cowra,2024-03,0.0,12,0.0,2,1309.0,8039
Cowra,2024-06,0.0,13,0.0,2,1300.0,8016
Cowra,2024-09,0.0,15,0.0,2,1276.0,8104
Cowra,2024-12,0.0,17,0.0,3,1283.0,8104
Cowra,2025-03,0.0,22,0.0,5,1298.0,8118
Cowra,2025-06,0.0,23,0.0,7,1264.0,8165
Cowra,2025-09,0.0,22,0.0,8,1305.0,8165
Cowra,2025-12,0.0,26,0.0,8,1303.0,8178
Cowra,2026-03,0.0,29,0.0,10,1296.0,8185
Cowra,2026-06,0.0,37,0.0,14,1322.0,8183
Cowra,2026-08,0.0,37,0.0,16,1335.0,8215
Cumberland,2022-09,226.0,102,0.0,4,93402.0,29831
Cumberland,2022-12,250.0,117,0.0,15,94252.0,29861
Cumberland,2023-03,322.0,142,0.0,20,94381.0,30124
Cumberland,2023-06,450.0,152,0.0,28,95887.0,30389
Cumberland,2023-09,561.0,169,8.0,34,97391.0,30416
Cumberland,2023-12,622.0,189,11.0,46,98616.0,30486
Cumberland,2024-03,755.0,227,16.0,65,99227.0,30698
Cumberland,2024-06,826.0,245,27.0,76,99663.0,30767
Cumberland,2024-09,894.0,247,42.0,82,99585.0,30571
Cumberland,2024-12,949.0,254,51.0,95,100894.0,30607
Cumberland,2025-03,966.0,291,70.0,127,101040.0,30806
Cumberland,2025-06,1064.0,307,125.0,138,100460.0,30705
Cumberland,2025-09,1169.0,332,169.0,157,101006.0,30580
Cumberland,2025-12,1315.0,366,225.0,170,101384.0,30640
Cumberland,2026-03,1452.0,419,285.0,194,101327.0,30728
Cumberland,2026-06,1827.0,444,388.0,238,101964.0,30628
Cumberland,2026-08,2015.0,480,428.0,250,101106.0,30745
Dubbo Regional,2022-09,0.0,27,0.0,1,17444.0,15000
Dubbo Regional,2022-12,0.0,28,0.0,1,17718.0,15004
Dubbo Regional,2023-03,6.0,31,0.0,1,17700.0,15095
Dubbo Regional,2023-06,7.0,40,0.0,1,15887.0,15707
Dubbo Regional,2023-09,18.0,43,0.0,6,15958.0,15770
Dubbo Regional,2023-12,18.0,45,0.0,9,16401.0,15725
Dubbo Regional,2024-03,18.0,55,0.0,10,16307.0,15787
Dubbo Regional,2024-06,18.0,61,0.0,14,16469.0,15752
Dubbo Regional,2024-09,19.0,62,0.0,17,16562.0,15737
Dubbo Regional,2024-12,20.0,66,0.0,23,16840.0,15719
Dubbo Regional,2025-03,21.0,73,0.0,29,16994.0,15750
Dubbo Regional,2025-06,21.0,77,0.0,33,16961.0,15760
Dubbo Regional,2025-09,21.0,79,0.0,40,17284.0,15779
Dubbo Regional,2025-12,21.0,82,0.0,47,17435.0,15798
Dubbo Regional,2026-03,21.0,91,0.0,48,17363.0,15875
Dubbo Regional,2026-06,27.0,109,0.0,59,17357.0,15924
Dubbo Regional,2026-08,44.0,120,13.0,64,17480.0,15936
Dungog,2022-09,0.0,8,0.0,0,414.0,6035
Dungog,2022-12,0.0,10,0.0,0,432.0,6044
Dungog,2023-03,0.0,12,0.0,1,432.0,6048
Dungog,2023-06,0.0,15,0.0,1,400.0,6047
Dungog,2023-09,0.0,16,0.0,1,435.0,6055
Dungog,2023-12,0.0,21,0.0,4,450.0,6054
Dungog,2024-03,0.0,27,0.0,5,443.0,6065
Dungog,2024-06,0.0,31,0.0,7,448.0,6014
Dungog,2024-09,0.0,31,0.0,9,445.0,5994
Dungog,2024-12,0.0,32,0.0,9,448.0,6018
Dungog,2025-03,0.0,32,0.0,10,514.0,6046
Dungog,2025-06,0.0,40,0.0,12,534.0,6074
Dungog,2025-09,0.0,44,0.0,13,529.0,6049
Dungog,2025-12,0.0,43,0.0,14,506.0,6080
Dungog,2026-03,0.0,48,0.0,14,526.0,6057
Dungog,2026-06,0.0,65,0.0,17,561.0,6082
Dungog,2026-08,0.0,72,0.0,17,584.0,6099
Edward River,2022-09,0.0,2,0.0,0,610.0,4977
Edward River,2022-12,0.0,2,0.0,0,647.0,4967
Edward River,2023-03,0.0,2,0.0,1,658.0,4981
Edward River,2023-06,0.0,2,0.0,2,633.0,4970
Edward River,2023-09,0.0,3,0.0,2,628.0,4974
Edward River,2023-12,0.0,5,0.0,3,649.0,4995
Edward River,2024-03,0.0,7,0.0,4,640.0,5013
Edward River,2024-06,0.0,8,0.0,4,663.0,5005
Edward River,2024-09,0.0,7,0.0,4,679.0,5026
Edward River,2024-12,0.0,8,0.0,4,720.0,4990
Edward River,2025-03,0.0,8,0.0,5,652.0,4996
Edward River,2025-06,0.0,9,0.0,5,611.0,4993
Edward River,2025-09,0.0,10,0.0,7,555.0,4995
Edward River,2025-12,0.0,10,0.0,6,565.0,4949
Edward River,2026-03,0.0,9,0.0,7,553.0,4958
Edward River,2026-06,0.0,14,0.0,9,528.0,4967
Edward River,2026-08,0.0,15,0.0,9,528.0,4966
Eurobodalla,2022-09,14.0,38,0.0,2,8327.0,16310
Eurobodalla,2022-12,14.0,42,0.0,2,8397.0,16323
Eurobodalla,2023-03,15.0,57,0.0,3,8342.0,16342
Eurobodalla,2023-06,15.0,69,0.0,4,8157.0,16941
Eurobodalla,2023-09,19.0,74,0.0,5,8158.0,16957
Eurobodalla,2023-12,33.0,82,0.0,7,8265.0,17025
Eurobodalla,2024-03,29.0,93,0.0,11,8259.0,17039
Eurobodalla,2024-06,28.0,98,0.0,12,8257.0,16996
Eurobodalla,2024-09,27.0,101,0.0,17,8229.0,17007
Eurobodalla,2024-12,34.0,106,0.0,20,8341.0,17042
Eurobodalla,2025-03,28.0,117,7.0,26,8446.0,17075
Eurobodalla,2025-06,21.0,130,7.0,29,8375.0,17083
Eurobodalla,2025-09,22.0,143,7.0,34,8383.0,17109
Eurobodalla,2025-12,29.0,155,14.0,36,8587.0,17105
Eurobodalla,2026-03,41.0,169,15.0,37,8666.0,17099
Eurobodalla,2026-06,100.0,196,15.0,50,8550.0,17093
Eurobodalla,2026-08,141.0,208,22.0,57,8579.0,17124
Fairfield,2022-09,94.0,46,0.0,2,84660.0,25294
Fairfield,2022-12,117.0,56,0.0,5,85847.0,25399
Fairfield,2023-03,195.0,64,0.0,7,85940.0,25578
Fairfield,2023-06,296.0,80,0.0,7,86184.0,25687
Fairfield,2023-09,378.0,90,0.0,15,87225.0,25679
Fairfield,2023-12,425.0,107,7.0,16,88188.0,25572
Fairfield,2024-03,504.0,120,7.0,21,88270.0,25864
Fairfield,2024-06,556.0,137,7.0,30,88870.0,25963
Fairfield,2024-09,579.0,145,23.0,34,89218.0,25956
Fairfield,2024-12,608.0,159,38.0,40,89620.0,25978
Fairfield,2025-03,615.0,178,43.0,58,89599.0,25953
Fairfield,2025-06,707.0,190,90.0,65,89614.0,25818
Fairfield,2025-09,775.0,208,114.0,75,90173.0,25881
Fairfield,2025-12,867.0,223,156.0,84,90789.0,25825
Fairfield,2026-03,901.0,247,184.0,103,90236.0,25772
Fairfield,2026-06,1135.0,272,272.0,136,90279.0,25796
Fairfield,2026-08,1271.0,290,293.0,155,90246.0,25778
Federation,2022-09,0.0,4,0.0,1,435.0,6571
Federation,2022-12,0.0,4,0.0,1,434.0,6583
Federation,2023-03,0.0,6,0.0,1,446.0,6578
Federation,2023-06,0.0,6,0.0,2,458.0,6588
Federation,2023-09,0.0,9,0.0,2,473.0,6569
Federation,2023-12,0.0,10,0.0,3,536.0,6574
Federation,2024-03,0.0,13,0.0,3,537.0,6586
Federation,2024-06,0.0,14,0.0,2,495.0,6612
Federation,2024-09,0.0,15,0.0,4,521.0,6612
Federation,2024-12,0.0,15,0.0,6,484.0,6606
Federation,2025-03,0.0,15,0.0,6,503.0,6566
Federation,2025-06,0.0,18,0.0,7,510.0,6562
Federation,2025-09,0.0,21,0.0,8,475.0,6624
Federation,2025-12,0.0,23,0.0,9,493.0,6668
Federation,2026-03,0.0,26,0.0,12,520.0,6653
Federation,2026-06,0.0,40,0.0,16,463.0,6659
Federation,2026-08,0.0,44,0.0,24,486.0,6627
Forbes,2022-09,0.0,1,0.0,0,1125.0,5223
Forbes,2022-12,0.0,3,0.0,1,1080.0,5209
Forbes,2023-03,0.0,4,0.0,1,1115.0,5239
Forbes,2023-06,0.0,4,0.0,2,1013.0,5417
Forbes,2023-09,0.0,3,0.0,2,988.0,5433
Forbes,2023-12,0.0,4,0.0,2,1035.0,5438
Forbes,2024-03,0.0,6,0.0,3,1033.0,5459
Forbes,2024-06,0.0,7,0.0,5,1060.0,5458
Forbes,2024-09,0.0,8,0.0,6,1067.0,5516
Forbes,2024-12,0.0,9,0.0,7,1104.0,5552
Forbes,2025-03,0.0,9,0.0,7,1117.0,5522
Forbes,2025-06,0.0,11,0.0,9,1112.0,5527
Forbes,2025-09,0.0,10,0.0,10,1153.0,5538
Forbes,2025-12,0.0,11,0.0,11,1141.0,5542
Forbes,2026-03,0.0,12,0.0,11,1152.0,5548
Forbes,2026-06,0.0,16,0.0,12,1177.0,5528
Forbes,2026-08,0.0,15,0.0,15,1182.0,5535
Georges River,2022-09,196.0,83,0.0,3,50974.0,24799
Georges River,2022-12,245.0,87,0.0,4,51459.0,24775
Georges River,2023-03,348.0,108,0.0,11,51412.0,24952
Georges River,2023-06,474.0,129,0.0,14,50776.0,25002
Georges River,2023-09,600.0,145,0.0,28,51390.0,24895
Georges River,2023-12,665.0,165,0.0,33,51865.0,24921
Georges River,2024-03,800.0,192,0.0,40,52052.0,25037
Georges River,2024-06,897.0,207,6.0,54,52155.0,25095
Georges River,2024-09,945.0,224,35.0,66,52491.0,25116
Georges River,2024-12,1017.0,254,66.0,68,53014.0,24990
Georges River,2025-03,1021.0,281,85.0,87,53075.0,25202
Georges River,2025-06,1130.0,297,151.0,104,52946.0,25173
Georges River,2025-09,1255.0,312,189.0,119,53327.0,25078
Georges River,2025-12,1367.0,336,247.0,129,53345.0,25081
Georges River,2026-03,1457.0,394,287.0,144,53152.0,25251
Georges River,2026-06,1797.0,418,358.0,180,52868.0,25287
Georges River,2026-08,1999.0,437,420.0,198,52750.0,25292
Gilgandra,2022-09,0.0,1,0.0,0,292.0,2851
Gilgandra,2022-12,0.0,1,0.0,0,289.0,2866
Gilgandra,2023-03,0.0,1,0.0,0,292.0,2918
Gilgandra,2023-06,0.0,1,0.0,0,275.0,2934
Gilgandra,2023-09,0.0,1,0.0,0,282.0,2966
Gilgandra,2023-12,0.0,1,0.0,0,247.0,2949
Gilgandra,2024-03,0.0,1,0.0,0,264.0,2980
Gilgandra,2024-06,0.0,1,0.0,0,273.0,2990
Gilgandra,2024-09,0.0,1,0.0,0,278.0,3044
Gilgandra,2024-12,0.0,1,0.0,0,276.0,3005
Gilgandra,2025-03,0.0,2,0.0,0,276.0,3014
Gilgandra,2025-06,0.0,2,0.0,1,267.0,3025
Gilgandra,2025-09,0.0,4,0.0,2,264.0,3093
Gilgandra,2025-12,0.0,4,0.0,2,244.0,3087
Gilgandra,2026-03,0.0,6,0.0,2,235.0,3053
Gilgandra,2026-06,0.0,8,0.0,2,234.0,3038
Gilgandra,2026-08,0.0,9,0.0,3,197.0,3067
Glen Innes Severn,2022-09,0.0,3,0.0,0,408.0,5260
Glen Innes Severn,2022-12,0.0,3,0.0,0,418.0,5272
Glen Innes Severn,2023-03,0.0,3,0.0,0,430.0,5302
Glen Innes Severn,2023-06,0.0,3,0.0,0,423.0,5266
Glen Innes Severn,2023-09,0.0,6,0.0,0,416.0,5225
Glen Innes Severn,2023-12,0.0,7,0.0,0,424.0,5228
Glen Innes Severn,2024-03,0.0,7,0.0,0,405.0,5278
Glen Innes Severn,2024-06,0.0,7,0.0,1,410.0,5240
Glen Innes Severn,2024-09,0.0,7,0.0,2,380.0,5280
Glen Innes Severn,2024-12,0.0,7,0.0,2,363.0,5317
Glen Innes Severn,2025-03,0.0,7,0.0,4,357.0,5294
Glen Innes Severn,2025-06,0.0,7,0.0,4,365.0,5325
Glen Innes Severn,2025-09,0.0,8,0.0,5,360.0,5358
Glen Innes Severn,2025-12,0.0,10,0.0,5,375.0,5375
Glen Innes Severn,2026-03,0.0,12,0.0,6,354.0,5390
Glen Innes Severn,2026-06,0.0,16,0.0,5,363.0,5382
Glen Innes Severn,2026-08,0.0,18,0.0,7,376.0,5417
Goulburn Mulwaree,2022-09,0.0,30,0.0,0,5969.0,13400
Goulburn Mulwaree,2022-12,6.0,34,0.0,1,6102.0,13404
Goulburn Mulwaree,2023-03,13.0,43,0.0,2,6054.0,13543
Goulburn Mulwaree,2023-06,14.0,45,0.0,4,5896.0,13455
Goulburn Mulwaree,2023-09,13.0,52,0.0,5,6083.0,13533
Goulburn Mulwaree,2023-12,20.0,57,0.0,7,6276.0,13573
Goulburn Mulwaree,2024-03,21.0,64,0.0,9,6295.0,13593
Goulburn Mulwaree,2024-06,19.0,71,0.0,12,6224.0,13723
Goulburn Mulwaree,2024-09,19.0,70,0.0,15,6396.0,13733
Goulburn Mulwaree,2024-12,28.0,75,0.0,19,6569.0,13729
Goulburn Mulwaree,2025-03,28.0,85,0.0,25,6468.0,13815
Goulburn Mulwaree,2025-06,28.0,99,0.0,33,6419.0,13826
Goulburn Mulwaree,2025-09,34.0,104,0.0,37,6495.0,13910
Goulburn Mulwaree,2025-12,34.0,113,6.0,45,6613.0,13901
Goulburn Mulwaree,2026-03,34.0,124,12.0,48,6590.0,13963
Goulburn Mulwaree,2026-06,42.0,146,13.0,57,6565.0,13926
Goulburn Mulwaree,2026-08,52.0,163,13.0,70,6598.0,13920
Greater Hume Shire,2022-09,0.0,8,0.0,0,538.0,7315
Greater Hume Shire,2022-12,0.0,11,0.0,0,545.0,7326
Greater Hume Shire,2023-03,0.0,15,0.0,0,553.0,7355
Greater Hume Shire,2023-06,0.0,20,0.0,0,564.0,7403
Greater Hume Shire,2023-09,0.0,27,0.0,0,547.0,7388
Greater Hume Shire,2023-12,0.0,30,0.0,1,585.0,7389
Greater Hume Shire,2024-03,0.0,31,0.0,2,582.0,7424
Greater Hume Shire,2024-06,0.0,34,0.0,3,606.0,7450
Greater Hume Shire,2024-09,0.0,35,0.0,6,602.0,7439
Greater Hume Shire,2024-12,0.0,34,0.0,7,611.0,7465
Greater Hume Shire,2025-03,0.0,36,0.0,9,579.0,7524
Greater Hume Shire,2025-06,0.0,41,0.0,10,566.0,7560
Greater Hume Shire,2025-09,0.0,42,0.0,11,586.0,7595
Greater Hume Shire,2025-12,0.0,44,0.0,13,598.0,7655
Greater Hume Shire,2026-03,0.0,50,0.0,17,589.0,7628
Greater Hume Shire,2026-06,0.0,62,0.0,25,576.0,7656
Greater Hume Shire,2026-08,0.0,64,0.0,30,578.0,7705
Griffith,2022-09,0.0,5,0.0,0,6326.0,10174
Griffith,2022-12,0.0,6,0.0,1,6312.0,10175
Griffith,2023-03,0.0,7,0.0,1,6276.0,10223
Griffith,2023-06,0.0,9,0.0,2,6224.0,10342
Griffith,2023-09,0.0,10,0.0,3,6293.0,10375
Griffith,2023-12,0.0,12,0.0,6,6383.0,10407
Griffith,2024-03,0.0,16,0.0,8,6460.0,10451
Griffith,2024-06,0.0,20,0.0,8,6347.0,10467
Griffith,2024-09,0.0,20,0.0,9,6417.0,10495
Griffith,2024-12,0.0,22,0.0,13,6503.0,10554
Griffith,2025-03,0.0,24,0.0,16,6543.0,10600
Griffith,2025-06,0.0,26,0.0,16,6441.0,10615
Griffith,2025-09,0.0,33,0.0,18,6479.0,10679
Griffith,2025-12,0.0,34,0.0,22,6488.0,10692
Griffith,2026-03,0.0,40,0.0,23,6412.0,10775
Griffith,2026-06,0.0,46,0.0,34,6391.0,10764
Griffith,2026-08,0.0,50,0.0,36,6421.0,10802
Gunnedah,2022-09,0.0,3,0.0,0,1888.0,6570
Gunnedah,2022-12,0.0,3,0.0,0,1960.0,6636
Gunnedah,2023-03,0.0,3,0.0,0,1936.0,6691
Gunnedah,2023-06,0.0,4,0.0,0,1977.0,6684
Gunnedah,2023-09,0.0,5,0.0,1,2028.0,6690
Gunnedah,2023-12,0.0,10,0.0,1,2165.0,6706
Gunnedah,2024-03,0.0,9,0.0,1,2160.0,6783
Gunnedah,2024-06,0.0,11,0.0,2,2159.0,6846
Gunnedah,2024-09,0.0,13,0.0,2,2154.0,6796
Gunnedah,2024-12,0.0,12,0.0,3,2161.0,6852
Gunnedah,2025-03,0.0,12,0.0,7,2119.0,6894
Gunnedah,2025-06,0.0,12,0.0,9,2125.0,6882
Gunnedah,2025-09,0.0,15,0.0,12,2154.0,6933
Gunnedah,2025-12,0.0,15,0.0,13,2118.0,6923
Gunnedah,2026-03,0.0,18,0.0,12,2148.0,6898
Gunnedah,2026-06,0.0,20,0.0,18,2062.0,6911
Gunnedah,2026-08,0.0,25,0.0,19,2081.0,6956
Gwydir,2022-09,0.0,1,0.0,0,217.0,4639
Gwydir,2022-12,0.0,1,0.0,0,217.0,4666
Gwydir,2023-03,0.0,1,0.0,0,219.0,4680
Gwydir,2023-06,0.0,2,0.0,1,203.0,7730
Gwydir,2023-09,0.0,2,0.0,1,184.0,7710
Gwydir,2023-12,0.0,3,0.0,3,219.0,7713
Gwydir,2024-03,0.0,5,0.0,4,195.0,7735
Gwydir,2024-06,0.0,4,0.0,4,210.0,7709
Gwydir,2024-09,0.0,5,0.0,4,228.0,7770
Gwydir,2024-12,0.0,7,0.0,5,219.0,7765
Gwydir,2025-03,0.0,6,0.0,4,230.0,7765
Gwydir,2025-06,0.0,7,0.0,3,212.0,7747
Gwydir,2025-09,0.0,9,0.0,6,200.0,7731
Gwydir,2025-12,0.0,9,0.0,6,193.0,7744
Gwydir,2026-03,0.0,6,0.0,7,198.0,7730
Gwydir,2026-06,0.0,12,0.0,9,201.0,7659
Gwydir,2026-08,0.0,12,0.0,10,194.0,7690
Hawkesbury,2022-09,7.0,43,0.0,1,21674.0,20678
Hawkesbury,2022-12,9.0,47,0.0,4,21905.0,20623
Hawkesbury,2023-03,16.0,55,0.0,5,21880.0,20719
Hawkesbury,2023-06,41.0,65,0.0,7,21938.0,20712
Hawkesbury,2023-09,64.0,80,0.0,14,22115.0,20788
Hawkesbury,2023-12,65.0,86,0.0,14,22459.0,20743
Hawkesbury,2024-03,91.0,103,0.0,17,22624.0,20883
Hawkesbury,2024-06,99.0,114,0.0,19,22655.0,20827
Hawkesbury,2024-09,105.0,122,6.0,23,23083.0,20849
Hawkesbury,2024-12,113.0,140,7.0,23,23559.0,20827
Hawkesbury,2025-03,132.0,151,8.0,36,23676.0,20900
Hawkesbury,2025-06,139.0,172,8.0,36,23613.0,20835
Hawkesbury,2025-09,168.0,183,8.0,48,23692.0,20867
Hawkesbury,2025-12,180.0,193,8.0,54,23981.0,20777
Hawkesbury,2026-03,187.0,217,8.0,67,23924.0,20831
Hawkesbury,2026-06,268.0,250,26.0,97,23958.0,20834
Hawkesbury,2026-08,327.0,258,39.0,110,24033.0,20875
Hay,2022-09,0.0,0,0.0,1,62.0,1974
Hay,2022-12,0.0,0,0.0,1,66.0,1966
Hay,2023-03,0.0,0,0.0,1,66.0,1978
Hay,2023-06,0.0,0,0.0,1,74.0,2005
Hay,2023-09,0.0,0,0.0,1,73.0,2032
Hay,2023-12,0.0,0,0.0,0,78.0,2044
Hay,2024-03,0.0,0,0.0,0,82.0,2025
Hay,2024-06,0.0,0,0.0,0,78.0,2039
Hay,2024-09,0.0,0,0.0,0,79.0,2055
Hay,2024-12,0.0,1,0.0,0,80.0,2050
Hay,2025-03,0.0,2,0.0,0,82.0,2057
Hay,2025-06,0.0,2,0.0,0,75.0,2069
Hay,2025-09,0.0,2,0.0,0,81.0,2074
Hay,2025-12,0.0,2,0.0,1,94.0,2088
Hay,2026-03,0.0,3,0.0,2,80.0,2094
Hay,2026-06,0.0,3,0.0,2,82.0,2094
Hay,2026-08,0.0,3,0.0,2,82.0,2100
Hilltops,2022-09,0.0,7,0.0,0,3925.0,9061
Hilltops,2022-12,0.0,9,0.0,2,3962.0,9086
Hilltops,2023-03,0.0,13,0.0,2,3985.0,9176
Hilltops,2023-06,0.0,15,0.0,2,3937.0,9195
Hilltops,2023-09,0.0,17,0.0,3,3975.0,9213
Hilltops,2023-12,0.0,15,0.0,3,4053.0,9211
Hilltops,2024-03,0.0,18,0.0,3,4074.0,9214
Hilltops,2024-06,0.0,19,0.0,4,4058.0,9226
Hilltops,2024-09,0.0,21,0.0,4,4106.0,9279
Hilltops,2024-12,0.0,22,0.0,3,4173.0,9289
Hilltops,2025-03,0.0,24,0.0,5,4251.0,9336
Hilltops,2025-06,0.0,24,0.0,10,4151.0,9314
Hilltops,2025-09,0.0,27,0.0,14,4145.0,9341
Hilltops,2025-12,0.0,29,0.0,14,4221.0,9334
Hilltops,2026-03,0.0,33,0.0,20,4250.0,9334
Hilltops,2026-06,6.0,40,0.0,24,4286.0,9309
Hilltops,2026-08,0.0,45,0.0,29,4370.0,9311
Hornsby,2022-09,331.0,196,0.0,12,54335.0,32321
Hornsby,2022-12,396.0,206,0.0,22,54727.0,32273
Hornsby,2023-03,492.0,256,0.0,43,54805.0,32566
Hornsby,2023-06,699.0,272,0.0,53,55043.0,31130
Hornsby,2023-09,893.0,280,0.0,71,55261.0,31156
Hornsby,2023-12,1080.0,305,9.0,79,55409.0,31089
Hornsby,2024-03,1324.0,369,12.0,98,55272.0,31199
Hornsby,2024-06,1502.0,404,20.0,114,55273.0,31079
Hornsby,2024-09,1618.0,420,42.0,126,55288.0,30982
Hornsby,2024-12,1776.0,420,79.0,137,55109.0,30860
Hornsby,2025-03,1817.0,507,116.0,168,54958.0,31070
Hornsby,2025-06,2013.0,539,143.0,187,55002.0,30881
Hornsby,2025-09,2240.0,557,166.0,214,55105.0,30713
Hornsby,2025-12,2513.0,583,201.0,247,55024.0,30642
Hornsby,2026-03,2700.0,643,230.0,290,54528.0,30798
Hornsby,2026-06,3194.0,712,280.0,343,54235.0,30737
Hornsby,2026-08,3546.0,772,318.0,360,53858.0,30704
Hunters Hill,2022-09,22.0,74,0.0,0,875.0,8560
Hunters Hill,2022-12,34.0,84,0.0,1,879.0,8519
Hunters Hill,2023-03,48.0,99,0.0,3,865.0,8612
Hunters Hill,2023-06,67.0,112,0.0,7,775.0,8660
Hunters Hill,2023-09,81.0,123,0.0,10,754.0,8614
Hunters Hill,2023-12,89.0,137,0.0,13,803.0,8599
Hunters Hill,2024-03,93.0,147,0.0,14,764.0,8577
Hunters Hill,2024-06,98.0,170,0.0,21,748.0,8561
Hunters Hill,2024-09,107.0,179,0.0,24,712.0,8546
Hunters Hill,2024-12,117.0,192,0.0,32,760.0,8532
Hunters Hill,2025-03,120.0,215,0.0,48,721.0,8527
Hunters Hill,2025-06,119.0,234,0.0,53,710.0,8510
Hunters Hill,2025-09,131.0,243,0.0,63,692.0,8497
Hunters Hill,2025-12,133.0,257,0.0,71,712.0,8498
Hunters Hill,2026-03,151.0,274,0.0,81,673.0,8473
Hunters Hill,2026-06,164.0,300,0.0,95,709.0,8507
Hunters Hill,2026-08,180.0,316,0.0,105,711.0,8484
Inner West,2022-09,299.0,133,0.0,5,54075.0,26010
Inner West,2022-12,347.0,149,0.0,13,54462.0,25987
Inner West,2023-03,399.0,192,0.0,25,54476.0,26326
Inner West,2023-06,545.0,230,0.0,28,54641.0,26947
Inner West,2023-09,681.0,251,0.0,42,55161.0,26939
Inner West,2023-12,774.0,262,6.0,63,55758.0,26875
Inner West,2024-03,951.0,294,8.0,76,55501.0,27027
Inner West,2024-06,1100.0,331,16.0,93,54702.0,26971
Inner West,2024-09,1287.0,357,47.0,106,54931.0,26873
Inner West,2024-12,1423.0,379,81.0,112,54753.0,26815
Inner West,2025-03,1488.0,458,104.0,146,54517.0,26900
Inner West,2025-06,1665.0,504,144.0,160,54390.0,26729
Inner West,2025-09,1865.0,537,178.0,176,54506.0,26678
Inner West,2025-12,2110.0,549,201.0,189,54636.0,26543
Inner West,2026-03,2341.0,627,249.0,218,54469.0,26647
Inner West,2026-06,2898.0,672,377.0,248,53835.0,26583
Inner West,2026-08,3231.0,710,421.0,277,53782.0,26490
Inverell,2022-09,0.0,3,0.0,0,1629.0,7993
Inverell,2022-12,0.0,2,0.0,1,1671.0,8031
Inverell,2023-03,0.0,2,0.0,1,1647.0,8068
Inverell,2023-06,0.0,3,0.0,2,1721.0,8376
Inverell,2023-09,0.0,3,0.0,3,1746.0,8431
Inverell,2023-12,0.0,3,0.0,3,1802.0,8441
Inverell,2024-03,0.0,6,0.0,5,1828.0,8445
Inverell,2024-06,0.0,6,0.0,6,1834.0,8428
Inverell,2024-09,0.0,6,0.0,5,1845.0,8479
Inverell,2024-12,0.0,6,0.0,5,1893.0,8468
Inverell,2025-03,0.0,7,0.0,9,1872.0,8515
Inverell,2025-06,0.0,8,0.0,9,1861.0,8509
Inverell,2025-09,0.0,11,0.0,8,1890.0,8542
Inverell,2025-12,0.0,12,0.0,8,1917.0,8528
Inverell,2026-03,0.0,12,0.0,9,1946.0,8519
Inverell,2026-06,0.0,16,0.0,11,1933.0,8451
Inverell,2026-08,0.0,18,0.0,15,1982.0,8453
Junee,2022-09,0.0,3,0.0,0,58.0,3594
Junee,2022-12,0.0,4,0.0,0,58.0,3614
Junee,2023-03,0.0,5,0.0,0,60.0,3651
Junee,2023-06,0.0,7,0.0,0,65.0,3853
Junee,2023-09,0.0,9,0.0,0,63.0,3876
Junee,2023-12,0.0,9,0.0,1,73.0,3870
Junee,2024-03,0.0,9,0.0,1,80.0,3845
Junee,2024-06,0.0,10,0.0,1,85.0,3842
Junee,2024-09,0.0,11,0.0,1,100.0,3847
Junee,2024-12,0.0,12,0.0,1,74.0,3848
Junee,2025-03,0.0,12,0.0,2,68.0,3885
Junee,2025-06,0.0,12,0.0,3,54.0,3891
Junee,2025-09,0.0,14,0.0,4,52.0,3878
Junee,2025-12,0.0,14,0.0,4,52.0,3873
Junee,2026-03,0.0,15,0.0,5,41.0,3889
Junee,2026-06,0.0,21,0.0,7,43.0,3894
Junee,2026-08,0.0,21,0.0,8,42.0,3929
Kempsey,2022-09,0.0,10,0.0,0,4485.0,12413
Kempsey,2022-12,0.0,12,0.0,0,4614.0,12515
Kempsey,2023-03,0.0,17,0.0,0,4682.0,12566
Kempsey,2023-06,0.0,20,0.0,0,4563.0,12621
Kempsey,2023-09,0.0,22,0.0,1,4647.0,12639
Kempsey,2023-12,0.0,23,0.0,4,4771.0,12716
Kempsey,2024-03,0.0,28,0.0,6,4836.0,12681
Kempsey,2024-06,0.0,31,0.0,6,4836.0,12700
Kempsey,2024-09,0.0,32,0.0,9,4816.0,12786
Kempsey,2024-12,0.0,34,0.0,8,4904.0,12820
Kempsey,2025-03,0.0,34,0.0,12,4903.0,12829
Kempsey,2025-06,0.0,39,0.0,13,4830.0,12738
Kempsey,2025-09,0.0,46,6.0,19,4979.0,12805
Kempsey,2025-12,0.0,47,8.0,21,5026.0,12885
Kempsey,2026-03,0.0,55,8.0,23,5080.0,12934
Kempsey,2026-06,8.0,76,8.0,32,5180.0,12902
Kempsey,2026-08,24.0,85,8.0,37,5154.0,12951
Kiama,2022-09,0.0,39,0.0,1,3290.0,10040
Kiama,2022-12,0.0,41,0.0,2,3272.0,10033
Kiama,2023-03,22.0,43,0.0,3,3317.0,10020
Kiama,2023-06,35.0,56,0.0,4,3332.0,10883
Kiama,2023-09,39.0,63,0.0,6,3405.0,10811
Kiama,2023-12,48.0,74,0.0,9,3419.0,10800
Kiama,2024-03,52.0,86,0.0,13,3414.0,10815
Kiama,2024-06,66.0,99,0.0,15,3355.0,10813
Kiama,2024-09,74.0,103,0.0,17,3451.0,10672
Kiama,2024-12,74.0,119,0.0,21,3578.0,10620
Kiama,2025-03,74.0,131,6.0,32,3487.0,10630
Kiama,2025-06,79.0,147,6.0,35,3429.0,10598
Kiama,2025-09,80.0,170,6.0,38,3509.0,10559
Kiama,2025-12,92.0,179,6.0,41,3571.0,10566
Kiama,2026-03,104.0,202,14.0,46,3627.0,10552
Kiama,2026-06,151.0,237,15.0,57,3574.0,10515
Kiama,2026-08,188.0,252,15.0,69,3569.0,10476
Ku-ring-gai,2022-09,623.0,164,0.0,12,44213.0,20561
Ku-ring-gai,2022-12,711.0,176,0.0,20,44349.0,20514
Ku-ring-gai,2023-03,950.0,212,0.0,29,44306.0,20632
Ku-ring-gai,2023-06,1184.0,247,0.0,38,43838.0,20667
Ku-ring-gai,2023-09,1470.0,266,0.0,51,44037.0,20687
Ku-ring-gai,2023-12,1720.0,287,14.0,58,44030.0,20589
Ku-ring-gai,2024-03,2115.0,312,35.0,76,43928.0,20748
Ku-ring-gai,2024-06,2303.0,355,51.0,99,43562.0,20756
Ku-ring-gai,2024-09,2430.0,379,82.0,110,43377.0,20676
Ku-ring-gai,2024-12,2576.0,405,115.0,115,43360.0,20572
Ku-ring-gai,2025-03,2674.0,475,124.0,147,42939.0,20658
Ku-ring-gai,2025-06,2985.0,500,140.0,166,42671.0,20647
Ku-ring-gai,2025-09,3258.0,536,245.0,179,46740.0,20603
Ku-ring-gai,2025-12,3391.0,544,231.0,195,45535.0,20417
Ku-ring-gai,2026-03,3641.0,622,283.0,231,45188.0,20423
Ku-ring-gai,2026-06,4256.0,689,305.0,271,44636.0,20419
Ku-ring-gai,2026-08,4583.0,732,317.0,294,44307.0,20299
Kyogle,2022-09,0.0,4,0.0,0,260.0,6038
Kyogle,2022-12,0.0,5,0.0,0,294.0,6044
Kyogle,2023-03,0.0,6,0.0,0,288.0,6034
Kyogle,2023-06,0.0,7,0.0,0,278.0,6271
Kyogle,2023-09,0.0,6,0.0,0,286.0,6296
Kyogle,2023-12,0.0,9,0.0,0,286.0,6341
Kyogle,2024-03,0.0,11,0.0,0,261.0,6301
Kyogle,2024-06,0.0,13,0.0,0,280.0,6344
Kyogle,2024-09,0.0,14,0.0,0,288.0,6364
Kyogle,2024-12,0.0,15,0.0,0,292.0,6387
Kyogle,2025-03,0.0,16,0.0,0,289.0,6348
Kyogle,2025-06,0.0,18,0.0,2,292.0,6327
Kyogle,2025-09,0.0,19,0.0,2,316.0,6351
Kyogle,2025-12,0.0,15,0.0,2,285.0,6404
Kyogle,2026-03,0.0,20,0.0,3,292.0,6392
Kyogle,2026-06,0.0,29,0.0,6,283.0,6369
Kyogle,2026-08,0.0,32,0.0,10,283.0,6417
Lachlan,2022-09,0.0,1,0.0,0,542.0,3883
Lachlan,2022-12,0.0,1,0.0,0,536.0,3857
Lachlan,2023-03,0.0,2,0.0,0,528.0,3895
Lachlan,2023-06,0.0,2,0.0,1,547.0,4049
Lachlan,2023-09,0.0,2,0.0,1,553.0,4066
Lachlan,2023-12,0.0,2,0.0,1,571.0,4050
Lachlan,2024-03,0.0,3,0.0,2,563.0,4060
Lachlan,2024-06,0.0,3,0.0,3,547.0,4052
Lachlan,2024-09,0.0,4,0.0,3,533.0,4068
Lachlan,2024-12,0.0,4,0.0,3,516.0,4079
Lachlan,2025-03,0.0,5,0.0,3,543.0,4057
Lachlan,2025-06,0.0,7,0.0,3,512.0,4063
Lachlan,2025-09,0.0,9,0.0,3,557.0,4105
Lachlan,2025-12,0.0,8,0.0,3,551.0,4110
Lachlan,2026-03,0.0,9,0.0,3,546.0,4091
Lachlan,2026-06,0.0,9,0.0,3,543.0,4094
Lachlan,2026-08,0.0,7,0.0,4,560.0,4106
Lake Macquarie,2022-09,105.0,102,0.0,3,103158.0,33288
Lake Macquarie,2022-12,124.0,114,0.0,10,103741.0,33290
Lake Macquarie,2023-03,167.0,140,0.0,13,103713.0,33492
Lake Macquarie,2023-06,274.0,152,0.0,30,103540.0,35397
Lake Macquarie,2023-09,373.0,176,7.0,41,104451.0,35371
Lake Macquarie,2023-12,491.0,187,18.0,49,105363.0,35306
Lake Macquarie,2024-03,587.0,219,34.0,59,105285.0,35501
Lake Macquarie,2024-06,667.0,250,46.0,68,105815.0,35399
Lake Macquarie,2024-09,734.0,267,88.0,74,106787.0,35391
Lake Macquarie,2024-12,804.0,279,125.0,90,107460.0,35356
Lake Macquarie,2025-03,840.0,317,154.0,116,107536.0,35481
Lake Macquarie,2025-06,1014.0,335,193.0,122,107897.0,35311
Lake Macquarie,2025-09,1126.0,361,222.0,138,108497.0,35355
Lake Macquarie,2025-12,1259.0,377,264.0,146,109254.0,35337
Lake Macquarie,2026-03,1381.0,442,317.0,174,109074.0,35455
Lake Macquarie,2026-06,1875.0,493,445.0,220,108889.0,35160
Lake Macquarie,2026-08,2204.0,515,519.0,236,108979.0,35119
Lane Cove,2022-09,151.0,84,0.0,2,8925.0,11673
Lane Cove,2022-12,147.0,103,0.0,5,8930.0,11637
Lane Cove,2023-03,194.0,128,0.0,8,8931.0,11741
Lane Cove,2023-06,275.0,145,0.0,12,9148.0,11793
Lane Cove,2023-09,335.0,154,0.0,19,9216.0,11769
Lane Cove,2023-12,374.0,171,0.0,25,9251.0,11708
Lane Cove,2024-03,421.0,197,0.0,41,9136.0,11831
Lane Cove,2024-06,482.0,230,0.0,52,9080.0,11826
Lane Cove,2024-09,520.0,253,9.0,56,9128.0,11764
Lane Cove,2024-12,556.0,275,13.0,70,9167.0,11668
Lane Cove,2025-03,552.0,312,15.0,94,9275.0,11712
Lane Cove,2025-06,611.0,331,19.0,108,8482.0,11533
Lane Cove,2025-09,667.0,347,29.0,125,8460.0,11553
Lane Cove,2025-12,722.0,362,18.0,117,7574.0,11209
Lane Cove,2026-03,732.0,381,18.0,121,7197.0,11173
Lane Cove,2026-06,886.0,411,16.0,139,7039.0,11113
Lane Cove,2026-08,954.0,434,17.0,155,7003.0,11171
Leeton,2022-09,0.0,4,0.0,0,780.0,5883
Leeton,2022-12,0.0,3,0.0,0,764.0,5911
Leeton,2023-03,0.0,5,0.0,0,729.0,5979
Leeton,2023-06,0.0,10,0.0,0,772.0,7757
Leeton,2023-09,0.0,11,0.0,0,799.0,7814
Leeton,2023-12,0.0,11,0.0,1,825.0,7844
Leeton,2024-03,0.0,10,0.0,1,792.0,7887
Leeton,2024-06,0.0,12,0.0,2,806.0,7864
Leeton,2024-09,0.0,14,0.0,4,868.0,7918
Leeton,2024-12,0.0,15,0.0,4,879.0,7897
Leeton,2025-03,0.0,17,0.0,5,909.0,7945
Leeton,2025-06,0.0,20,0.0,6,874.0,7891
Leeton,2025-09,0.0,23,0.0,7,905.0,7884
Leeton,2025-12,0.0,23,0.0,9,967.0,7876
Leeton,2026-03,0.0,21,0.0,12,928.0,7843
Leeton,2026-06,0.0,27,0.0,14,896.0,7853
Leeton,2026-08,0.0,27,0.0,21,888.0,7886
Lismore,2022-09,6.0,32,0.0,0,9554.0,16379
Lismore,2022-12,7.0,37,0.0,1,9679.0,16378
Lismore,2023-03,10.0,44,0.0,3,9591.0,16438
Lismore,2023-06,10.0,59,0.0,3,9337.0,16536
Lismore,2023-09,9.0,67,0.0,4,9552.0,16462
Lismore,2023-12,24.0,77,0.0,7,9677.0,16439
Lismore,2024-03,24.0,91,0.0,9,9770.0,16495
Lismore,2024-06,22.0,106,0.0,10,9746.0,16507
Lismore,2024-09,24.0,111,0.0,14,9845.0,16543
Lismore,2024-12,31.0,111,0.0,15,9869.0,16486
Lismore,2025-03,30.0,118,0.0,22,9920.0,16461
Lismore,2025-06,24.0,136,0.0,26,9926.0,16529
Lismore,2025-09,21.0,144,0.0,29,10002.0,16554
Lismore,2025-12,20.0,149,0.0,37,10119.0,16481
Lismore,2026-03,28.0,168,0.0,41,10098.0,16508
Lismore,2026-06,43.0,202,12.0,55,10062.0,16604
Lismore,2026-08,54.0,217,6.0,62,10039.0,16565
Lithgow,2022-09,0.0,16,0.0,0,2371.0,10351
Lithgow,2022-12,0.0,18,0.0,0,2451.0,10362
Lithgow,2023-03,0.0,23,0.0,0,2394.0,10402
Lithgow,2023-06,0.0,27,0.0,0,2233.0,10451
Lithgow,2023-09,0.0,32,0.0,1,2210.0,10459
Lithgow,2023-12,0.0,37,0.0,1,2236.0,10479
Lithgow,2024-03,0.0,45,0.0,2,2192.0,10480
Lithgow,2024-06,0.0,45,0.0,4,2227.0,10553
Lithgow,2024-09,0.0,49,0.0,7,2224.0,10558
Lithgow,2024-12,0.0,55,0.0,7,2262.0,10575
Lithgow,2025-03,0.0,58,0.0,11,2278.0,10596
Lithgow,2025-06,0.0,61,0.0,12,2317.0,10591
Lithgow,2025-09,0.0,70,0.0,17,2392.0,10607
Lithgow,2025-12,0.0,75,0.0,20,2361.0,10583
Lithgow,2026-03,0.0,86,0.0,25,2320.0,10577
Lithgow,2026-06,0.0,105,0.0,31,2355.0,10553
Lithgow,2026-08,0.0,106,0.0,35,2330.0,10602
Liverpool,2022-09,171.0,62,0.0,4,105186.0,29773
Liverpool,2022-12,219.0,80,0.0,7,106366.0,29783
Liverpool,2023-03,321.0,114,0.0,13,106998.0,30183
Liverpool,2023-06,475.0,127,0.0,17,106380.0,30843
Liverpool,2023-09,622.0,145,0.0,34,107653.0,30968
Liverpool,2023-12,704.0,160,8.0,34,108974.0,30933
Liverpool,2024-03,850.0,188,9.0,49,109768.0,31430
Liverpool,2024-06,959.0,214,15.0,68,111088.0,31283
Liverpool,2024-09,1031.0,229,57.0,78,112413.0,31324
Liverpool,2024-12,1109.0,247,97.0,78,113711.0,31292
Liverpool,2025-03,1136.0,287,133.0,93,114128.0,31461
Liverpool,2025-06,1296.0,315,176.0,110,114473.0,31356
Liverpool,2025-09,1542.0,334,248.0,119,115321.0,31351
Liverpool,2025-12,1637.0,359,294.0,131,116271.0,31375
Liverpool,2026-03,1779.0,406,346.0,163,116621.0,31432
Liverpool,2026-06,2294.0,440,533.0,207,116874.0,31430
Liverpool,2026-08,2608.0,499,623.0,228,117169.0,31429
Liverpool Plains,2022-09,0.0,1,0.0,0,621.0,4665
Liverpool Plains,2022-12,0.0,1,0.0,0,675.0,4685
Liverpool Plains,2023-03,0.0,1,0.0,0,664.0,4737
Liverpool Plains,2023-06,0.0,1,0.0,0,645.0,4699
Liverpool Plains,2023-09,0.0,3,0.0,0,637.0,4715
Liverpool Plains,2023-12,0.0,4,0.0,0,644.0,4688
Liverpool Plains,2024-03,0.0,5,0.0,0,649.0,4659
Liverpool Plains,2024-06,0.0,6,0.0,0,666.0,4642
Liverpool Plains,2024-09,0.0,7,0.0,0,686.0,4676
Liverpool Plains,2024-12,0.0,8,0.0,0,694.0,4710
Liverpool Plains,2025-03,0.0,9,0.0,1,712.0,4738
Liverpool Plains,2025-06,0.0,9,0.0,2,685.0,4719
Liverpool Plains,2025-09,0.0,9,0.0,2,691.0,4704
Liverpool Plains,2025-12,0.0,9,0.0,3,683.0,4745
Liverpool Plains,2026-03,0.0,11,0.0,3,672.0,4758
Liverpool Plains,2026-06,0.0,12,0.0,5,760.0,4781
Liverpool Plains,2026-08,0.0,12,0.0,5,709.0,4774
Lockhart,2022-09,0.0,1,0.0,0,7.0,3488
Lockhart,2022-12,0.0,1,0.0,0,7.0,3492
Lockhart,2023-03,0.0,3,0.0,1,0.0,3512
Lockhart,2023-06,0.0,3,0.0,1,0.0,3333
Lockhart,2023-09,0.0,3,0.0,1,0.0,3341
Lockhart,2023-12,0.0,4,0.0,1,0.0,3333
Lockhart,2024-03,0.0,3,0.0,1,0.0,3329
Lockhart,2024-06,0.0,3,0.0,1,0.0,3329
Lockhart,2024-09,0.0,4,0.0,2,0.0,3370
Lockhart,2024-12,0.0,3,0.0,2,0.0,3391
Lockhart,2025-03,0.0,4,0.0,4,0.0,3392
Lockhart,2025-06,0.0,5,0.0,4,0.0,3380
Lockhart,2025-09,0.0,6,0.0,4,0.0,3378
Lockhart,2025-12,0.0,7,0.0,4,0.0,3433
Lockhart,2026-03,0.0,7,0.0,3,0.0,3422
Lockhart,2026-06,0.0,9,0.0,8,0.0,3409
Lockhart,2026-08,0.0,9,0.0,10,0.0,3415
Maitland,2022-09,27.0,31,0.0,0,33780.0,21002
Maitland,2022-12,30.0,47,0.0,1,34217.0,21114
Maitland,2023-03,44.0,59,0.0,4,34329.0,21398
Maitland,2023-06,49.0,71,0.0,11,34540.0,23005
Maitland,2023-09,99.0,79,0.0,17,35230.0,23031
Maitland,2023-12,127.0,86,0.0,18,35856.0,23031
Maitland,2024-03,148.0,107,6.0,22,36172.0,23216
Maitland,2024-06,175.0,111,6.0,30,36393.0,23172
Maitland,2024-09,198.0,126,13.0,41,37142.0,23247
Maitland,2024-12,231.0,133,30.0,48,37947.0,23214
Maitland,2025-03,236.0,157,25.0,66,38257.0,23345
Maitland,2025-06,240.0,175,24.0,73,38463.0,23395
Maitland,2025-09,304.0,179,30.0,85,39006.0,23348
Maitland,2025-12,342.0,189,38.0,95,39646.0,23290
Maitland,2026-03,376.0,225,56.0,104,39708.0,23435
Maitland,2026-06,553.0,254,79.0,141,39528.0,23403
Maitland,2026-08,684.0,276,104.0,153,39646.0,23477
Mid-Coast,2022-09,18.0,50,0.0,4,37224.0,25112
Mid-Coast,2022-12,19.0,59,0.0,8,37513.0,25144
Mid-Coast,2023-03,29.0,70,0.0,8,37413.0,25160
Mid-Coast,2023-06,42.0,74,0.0,12,37519.0,25098
Mid-Coast,2023-09,62.0,74,0.0,16,37745.0,25078
Mid-Coast,2023-12,70.0,95,0.0,18,38545.0,25070
Mid-Coast,2024-03,71.0,106,0.0,21,38520.0,25054
Mid-Coast,2024-06,94.0,113,0.0,24,38528.0,25109
Mid-Coast,2024-09,88.0,121,6.0,28,38630.0,25161
Mid-Coast,2024-12,103.0,127,9.0,30,39083.0,25194
Mid-Coast,2025-03,118.0,132,8.0,37,39225.0,25283
Mid-Coast,2025-06,110.0,149,8.0,40,39066.0,25192
Mid-Coast,2025-09,88.0,160,8.0,46,39505.0,25150
Mid-Coast,2025-12,99.0,163,16.0,54,39873.0,25194
Mid-Coast,2026-03,106.0,189,16.0,66,40066.0,25158
Mid-Coast,2026-06,149.0,222,23.0,89,40068.0,25169
Mid-Coast,2026-08,192.0,238,36.0,105,40344.0,25187
Mid-Western Regional,2022-09,0.0,14,0.0,0,5291.0,11388
Mid-Western Regional,2022-12,0.0,15,0.0,1,5503.0,11384
Mid-Western Regional,2023-03,0.0,16,0.0,2,5472.0,11427
Mid-Western Regional,2023-06,0.0,21,0.0,3,5338.0,11473
Mid-Western Regional,2023-09,0.0,23,0.0,5,5383.0,11464
Mid-Western Regional,2023-12,0.0,24,0.0,6,5563.0,11487
Mid-Western Regional,2024-03,0.0,28,0.0,7,5618.0,11555
Mid-Western Regional,2024-06,0.0,34,0.0,7,5606.0,11624
Mid-Western Regional,2024-09,0.0,36,0.0,9,5707.0,11625
Mid-Western Regional,2024-12,0.0,39,0.0,10,5840.0,11605
Mid-Western Regional,2025-03,0.0,45,0.0,15,5886.0,11584
Mid-Western Regional,2025-06,0.0,50,0.0,17,5847.0,11580
Mid-Western Regional,2025-09,0.0,51,0.0,20,5812.0,11621
Mid-Western Regional,2025-12,0.0,55,0.0,29,6049.0,11638
Mid-Western Regional,2026-03,0.0,65,0.0,28,6044.0,11662
Mid-Western Regional,2026-06,6.0,74,0.0,38,6128.0,11652
Mid-Western Regional,2026-08,6.0,86,0.0,46,6133.0,11707
Moree Plains,2022-09,0.0,2,0.0,0,1783.0,5584
Moree Plains,2022-12,0.0,1,0.0,0,1798.0,5572
Moree Plains,2023-03,0.0,1,0.0,0,1839.0,5587
Moree Plains,2023-06,0.0,2,0.0,1,1685.0,5520
Moree Plains,2023-09,0.0,2,0.0,1,1724.0,5499
Moree Plains,2023-12,0.0,5,0.0,3,1777.0,5509
Moree Plains,2024-03,0.0,6,0.0,3,1754.0,5531
Moree Plains,2024-06,0.0,5,0.0,3,1716.0,5518
Moree Plains,2024-09,0.0,5,0.0,3,1680.0,5572
Moree Plains,2024-12,0.0,7,0.0,4,1709.0,5566
Moree Plains,2025-03,0.0,8,0.0,4,1741.0,5550
Moree Plains,2025-06,0.0,8,0.0,3,1785.0,5555
Moree Plains,2025-09,0.0,10,0.0,5,1748.0,5536
Moree Plains,2025-12,0.0,10,0.0,5,1757.0,5519
Moree Plains,2026-03,0.0,5,0.0,5,1772.0,5472
Moree Plains,2026-06,0.0,7,0.0,6,1774.0,5420
Moree Plains,2026-08,0.0,8,0.0,8,1759.0,5436
Mosman,2022-09,102.0,90,0.0,6,5146.0,8318
Mosman,2022-12,119.0,102,0.0,10,5258.0,8270
Mosman,2023-03,169.0,120,0.0,14,5252.0,8332
Mosman,2023-06,214.0,138,0.0,18,5114.0,8365
Mosman,2023-09,258.0,153,0.0,27,5101.0,8328
Mosman,2023-12,259.0,167,0.0,34,5329.0,8304
Mosman,2024-03,281.0,187,0.0,42,5181.0,8354
Mosman,2024-06,300.0,209,0.0,49,5085.0,8374
Mosman,2024-09,303.0,223,0.0,56,5027.0,8359
Mosman,2024-12,344.0,232,0.0,61,5007.0,8301
Mosman,2025-03,354.0,251,0.0,72,4724.0,8356
Mosman,2025-06,337.0,286,0.0,83,4762.0,8273
Mosman,2025-09,372.0,302,0.0,90,4785.0,8224
Mosman,2025-12,452.0,304,0.0,103,4879.0,8216
Mosman,2026-03,420.0,339,0.0,111,4721.0,8248
Mosman,2026-06,474.0,363,0.0,126,4620.0,8215
Mosman,2026-08,489.0,392,0.0,138,4578.0,8196
Murray River,2022-09,0.0,4,0.0,0,396.0,7766
Murray River,2022-12,0.0,5,0.0,0,432.0,7764
Murray River,2023-03,0.0,8,0.0,3,434.0,7764
Murray River,2023-06,0.0,10,0.0,4,443.0,8304
Murray River,2023-09,0.0,11,0.0,4,429.0,8304
Murray River,2023-12,0.0,12,0.0,7,459.0,8330
Murray River,2024-03,0.0,15,0.0,8,458.0,8375
Murray River,2024-06,0.0,17,0.0,8,481.0,8361
Murray River,2024-09,0.0,17,0.0,8,467.0,8407
Murray River,2024-12,0.0,19,0.0,8,468.0,8380
Murray River,2025-03,0.0,20,0.0,13,504.0,8396
Murray River,2025-06,0.0,20,0.0,13,504.0,8367
Murray River,2025-09,0.0,24,0.0,15,490.0,8368
Murray River,2025-12,0.0,25,0.0,20,504.0,8305
Murray River,2026-03,0.0,26,0.0,22,534.0,8304
Murray River,2026-06,0.0,35,0.0,26,477.0,8285
Murray River,2026-08,0.0,37,0.0,28,514.0,8295
Murrumbidgee,2022-09,0.0,2,0.0,0,189.0,4500
Murrumbidgee,2022-12,0.0,3,0.0,0,218.0,4472
Murrumbidgee,2023-03,0.0,3,0.0,0,208.0,4491
Murrumbidgee,2023-06,0.0,4,0.0,0,189.0,4675
Murrumbidgee,2023-09,0.0,6,0.0,0,211.0,4652
Murrumbidgee,2023-12,0.0,6,0.0,0,201.0,4701
Murrumbidgee,2024-03,0.0,6,0.0,0,187.0,4686
Murrumbidgee,2024-06,0.0,7,0.0,0,181.0,4652
Murrumbidgee,2024-09,0.0,7,0.0,0,200.0,4638
Murrumbidgee,2024-12,0.0,7,0.0,0,205.0,4647
Murrumbidgee,2025-03,0.0,7,0.0,1,202.0,4656
Murrumbidgee,2025-06,0.0,7,0.0,2,163.0,4628
Murrumbidgee,2025-09,0.0,5,0.0,4,165.0,4632
Murrumbidgee,2025-12,0.0,5,0.0,4,163.0,4657
Murrumbidgee,2026-03,0.0,6,0.0,3,155.0,4638
Murrumbidgee,2026-06,0.0,6,0.0,4,156.0,4620
Murrumbidgee,2026-08,0.0,6,0.0,5,154.0,4662
Muswellbrook,2022-09,0.0,5,0.0,0,1952.0,8687
Muswellbrook,2022-12,0.0,5,0.0,0,2097.0,8656
Muswellbrook,2023-03,0.0,9,0.0,0,2105.0,8684
Muswellbrook,2023-06,0.0,11,0.0,1,2146.0,8709
Muswellbrook,2023-09,0.0,12,0.0,3,2223.0,8742
Muswellbrook,2023-12,0.0,13,0.0,3,2215.0,8729
Muswellbrook,2024-03,0.0,18,0.0,3,2837.0,8826
Muswellbrook,2024-06,0.0,20,0.0,4,2876.0,8869
Muswellbrook,2024-09,0.0,23,0.0,5,2997.0,8914
Muswellbrook,2024-12,0.0,33,0.0,7,3078.0,8893
Muswellbrook,2025-03,0.0,35,0.0,8,3071.0,8923
Muswellbrook,2025-06,0.0,40,0.0,10,2994.0,8901
Muswellbrook,2025-09,0.0,43,0.0,12,2971.0,8939
Muswellbrook,2025-12,0.0,45,0.0,12,3056.0,8924
Muswellbrook,2026-03,0.0,48,0.0,16,3118.0,8942
Muswellbrook,2026-06,0.0,59,0.0,20,3101.0,8879
Muswellbrook,2026-08,0.0,63,0.0,26,3073.0,8948
Nambucca,2022-09,0.0,10,0.0,1,1811.0,9758
Nambucca,2022-12,0.0,18,0.0,1,1838.0,9786
Nambucca,2023-03,0.0,22,0.0,1,1845.0,9777
Nambucca,2023-06,0.0,29,0.0,1,1838.0,9801
Nambucca,2023-09,0.0,30,0.0,2,1863.0,9836
Nambucca,2023-12,0.0,29,0.0,3,1903.0,9792
Nambucca,2024-03,0.0,31,0.0,4,1981.0,9822
Nambucca,2024-06,0.0,36,0.0,4,1958.0,9890
Nambucca,2024-09,0.0,38,0.0,6,1976.0,9962
Nambucca,2024-12,0.0,40,0.0,6,2026.0,10016
Nambucca,2025-03,0.0,40,0.0,8,2016.0,10048
Nambucca,2025-06,0.0,42,0.0,8,2034.0,10049
Nambucca,2025-09,0.0,47,0.0,9,2112.0,10097
Nambucca,2025-12,0.0,52,0.0,11,2096.0,10090
Nambucca,2026-03,0.0,61,0.0,14,2066.0,10063
Nambucca,2026-06,10.0,77,0.0,20,2080.0,10085
Nambucca,2026-08,11.0,90,0.0,23,2077.0,10096
Narrabri,2022-09,0.0,6,0.0,0,2147.0,5920
Narrabri,2022-12,0.0,5,0.0,0,2220.0,5935
Narrabri,2023-03,0.0,7,0.0,0,2236.0,5916
Narrabri,2023-06,0.0,7,0.0,1,2198.0,5883
Narrabri,2023-09,0.0,7,0.0,1,2235.0,5906
Narrabri,2023-12,0.0,10,0.0,1,2293.0,5927
Narrabri,2024-03,0.0,11,0.0,2,2304.0,5935
Narrabri,2024-06,0.0,12,0.0,2,2329.0,5993
Narrabri,2024-09,0.0,12,0.0,2,2345.0,6011
Narrabri,2024-12,0.0,12,0.0,2,2376.0,6026
Narrabri,2025-03,0.0,11,0.0,2,2362.0,5998
Narrabri,2025-06,0.0,11,0.0,3,2298.0,5984
Narrabri,2025-09,0.0,13,0.0,5,2348.0,5984
Narrabri,2025-12,0.0,12,0.0,7,2373.0,5967
Narrabri,2026-03,0.0,13,0.0,8,2302.0,5976
Narrabri,2026-06,0.0,14,0.0,12,2308.0,5948
Narrabri,2026-08,0.0,19,0.0,14,2318.0,5971
Narrandera,2022-09,0.0,1,0.0,0,113.0,4230
Narrandera,2022-12,0.0,0,0.0,0,106.0,4261
Narrandera,2023-03,0.0,1,0.0,0,108.0,4298
Narrandera,2023-06,0.0,3,0.0,0,72.0,5156
Narrandera,2023-09,0.0,4,0.0,0,65.0,5153
Narrandera,2023-12,0.0,5,0.0,0,86.0,5202
Narrandera,2024-03,0.0,6,0.0,0,76.0,5216
Narrandera,2024-06,0.0,6,0.0,0,69.0,5208
Narrandera,2024-09,0.0,6,0.0,1,45.0,5241
Narrandera,2024-12,0.0,7,0.0,1,57.0,5246
Narrandera,2025-03,0.0,9,0.0,2,63.0,5224
Narrandera,2025-06,0.0,9,0.0,2,63.0,5195
Narrandera,2025-09,0.0,8,0.0,2,73.0,5184
Narrandera,2025-12,0.0,8,0.0,3,80.0,5204
Narrandera,2026-03,0.0,9,0.0,3,78.0,5200
Narrandera,2026-06,0.0,12,0.0,6,77.0,5178
Narrandera,2026-08,0.0,12,0.0,7,71.0,5222
Narromine,2022-09,0.0,0,0.0,0,446.0,3602
Narromine,2022-12,0.0,0,0.0,0,450.0,3614
Narromine,2023-03,0.0,1,0.0,0,473.0,3615
Narromine,2023-06,0.0,1,0.0,0,372.0,3614
Narromine,2023-09,0.0,1,0.0,0,393.0,3615
Narromine,2023-12,0.0,1,0.0,0,407.0,3645
Narromine,2024-03,0.0,2,0.0,0,416.0,3618
Narromine,2024-06,0.0,3,0.0,0,403.0,3609
Narromine,2024-09,0.0,4,0.0,0,387.0,3608
Narromine,2024-12,0.0,3,0.0,0,411.0,3659
Narromine,2025-03,0.0,4,0.0,0,420.0,3658
Narromine,2025-06,0.0,4,0.0,1,400.0,3665
Narromine,2025-09,0.0,4,0.0,3,372.0,3654
Narromine,2025-12,0.0,4,0.0,5,397.0,3680
Narromine,2026-03,0.0,4,0.0,5,383.0,3683
Narromine,2026-06,0.0,5,0.0,5,378.0,3647
Narromine,2026-08,0.0,6,0.0,5,378.0,3643
Newcastle,2022-09,134.0,107,0.0,4,73671.0,27686
Newcastle,2022-12,155.0,120,0.0,8,74213.0,27590
Newcastle,2023-03,216.0,147,0.0,13,74316.0,27794
Newcastle,2023-06,309.0,168,6.0,25,72730.0,29451
Newcastle,2023-09,408.0,187,10.0,35,73462.0,29377
Newcastle,2023-12,455.0,198,11.0,43,74445.0,29276
Newcastle,2024-03,555.0,232,13.0,55,74623.0,29504
Newcastle,2024-06,633.0,252,26.0,64,74672.0,29488
Newcastle,2024-09,686.0,274,38.0,75,75330.0,29452
Newcastle,2024-12,804.0,282,66.0,83,76041.0,29334
Newcastle,2025-03,828.0,331,98.0,112,76276.0,29478
Newcastle,2025-06,908.0,365,104.0,120,76623.0,29416
Newcastle,2025-09,1032.0,385,118.0,138,76351.0,29388
Newcastle,2025-12,1140.0,406,158.0,145,76533.0,29226
Newcastle,2026-03,1298.0,444,206.0,174,76785.0,29386
Newcastle,2026-06,1683.0,497,276.0,213,76996.0,29242
Newcastle,2026-08,1989.0,537,332.0,230,77001.0,29194
North Sydney,2022-09,216.0,110,0.0,3,20218.0,14814
North Sydney,2022-12,255.0,120,0.0,11,20442.0,14790
North Sydney,2023-03,330.0,160,0.0,15,20437.0,14866
North Sydney,2023-06,446.0,201,0.0,33,19822.0,16503
North Sydney,2023-09,536.0,216,0.0,44,19811.0,16471
North Sydney,2023-12,610.0,233,0.0,53,20055.0,16397
North Sydney,2024-03,688.0,255,0.0,76,20081.0,16486
North Sydney,2024-06,775.0,288,8.0,90,20076.0,16486
North Sydney,2024-09,807.0,304,28.0,105,20142.0,16361
North Sydney,2024-12,860.0,332,33.0,119,20204.0,16229
North Sydney,2025-03,834.0,393,43.0,146,20059.0,16263
North Sydney,2025-06,890.0,420,48.0,154,19309.0,16091
North Sydney,2025-09,983.0,452,49.0,165,20056.0,15965
North Sydney,2025-12,1116.0,461,97.0,177,22808.0,15918
North Sydney,2026-03,1216.0,504,123.0,192,22598.0,15853
North Sydney,2026-06,1366.0,555,142.0,220,22759.0,15787
North Sydney,2026-08,1505.0,568,147.0,239,22652.0,15793
Northern Beaches,2022-09,729.0,218,0.0,9,116450.0,33391
Northern Beaches,2022-12,828.0,227,0.0,22,117039.0,33432
Northern Beaches,2023-03,1039.0,286,0.0,36,116933.0,33742
Northern Beaches,2023-06,1331.0,303,0.0,42,116959.0,33703
Northern Beaches,2023-09,1679.0,306,16.0,59,117619.0,33764
Northern Beaches,2023-12,1985.0,327,40.0,70,118205.0,33724
Northern Beaches,2024-03,2302.0,368,53.0,85,117971.0,33936
Northern Beaches,2024-06,2567.0,405,83.0,111,117802.0,33813
Northern Beaches,2024-09,2749.0,425,130.0,124,118097.0,33693
Northern Beaches,2024-12,3031.0,426,183.0,134,118827.0,33520
Northern Beaches,2025-03,3129.0,510,253.0,180,118319.0,33635
Northern Beaches,2025-06,3494.0,543,270.0,194,118195.0,33509
Northern Beaches,2025-09,3787.0,573,305.0,212,118230.0,33396
Northern Beaches,2025-12,4167.0,585,363.0,228,118625.0,33213
Northern Beaches,2026-03,4543.0,664,450.0,254,118266.0,33208
Northern Beaches,2026-06,5247.0,757,536.0,300,117622.0,33062
Northern Beaches,2026-08,5747.0,813,671.0,307,117440.0,33024
Oberon,2022-09,0.0,6,0.0,1,174.0,4242
Oberon,2022-12,0.0,7,0.0,1,172.0,4262
Oberon,2023-03,0.0,9,0.0,1,172.0,4237
Oberon,2023-06,0.0,10,0.0,2,186.0,4224
Oberon,2023-09,0.0,10,0.0,3,207.0,4227
Oberon,2023-12,0.0,14,0.0,3,203.0,4275
Oberon,2024-03,0.0,13,0.0,4,189.0,4243
Oberon,2024-06,0.0,18,0.0,5,174.0,4279
Oberon,2024-09,0.0,17,0.0,6,170.0,4336
Oberon,2024-12,0.0,18,0.0,6,176.0,4340
Oberon,2025-03,0.0,18,0.0,7,165.0,4326
Oberon,2025-06,0.0,24,0.0,8,161.0,4322
Oberon,2025-09,0.0,25,0.0,8,166.0,4347
Oberon,2025-12,0.0,29,0.0,8,153.0,4341
Oberon,2026-03,0.0,31,0.0,8,157.0,4343
Oberon,2026-06,0.0,32,0.0,11,165.0,4351
Oberon,2026-08,0.0,35,0.0,11,158.0,4393
Orange,2022-09,17.0,34,0.0,4,10437.0,14920
Orange,2022-12,17.0,41,0.0,3,10700.0,14892
Orange,2023-03,26.0,51,0.0,5,10811.0,14923
Orange,2023-06,27.0,60,0.0,8,10804.0,14930
Orange,2023-09,36.0,68,0.0,14,10901.0,14949
Orange,2023-12,39.0,73,0.0,14,11161.0,14905
Orange,2024-03,42.0,84,0.0,17,11247.0,14973
Orange,2024-06,50.0,99,0.0,23,11464.0,14948
Orange,2024-09,41.0,106,0.0,27,11634.0,14870
Orange,2024-12,52.0,113,0.0,30,11726.0,14863
Orange,2025-03,53.0,123,0.0,42,11872.0,14939
Orange,2025-06,52.0,138,0.0,48,11896.0,14950
Orange,2025-09,45.0,145,0.0,62,11967.0,14997
Orange,2025-12,45.0,160,0.0,72,12141.0,14929
Orange,2026-03,43.0,167,0.0,74,12136.0,15055
Orange,2026-06,63.0,191,0.0,106,12248.0,15067
Orange,2026-08,96.0,208,0.0,119,11993.0,15129
Parkes,2022-09,0.0,2,0.0,1,1679.0,6855
Parkes,2022-12,0.0,2,0.0,1,1664.0,6821
Parkes,2023-03,0.0,3,0.0,1,1682.0,6870
Parkes,2023-06,0.0,4,0.0,1,1633.0,6879
Parkes,2023-09,0.0,8,0.0,1,1565.0,6903
Parkes,2023-12,0.0,8,0.0,2,1617.0,6925
Parkes,2024-03,0.0,10,0.0,2,1651.0,6925
Parkes,2024-06,0.0,11,0.0,2,1673.0,6882
Parkes,2024-09,0.0,16,0.0,2,1655.0,6921
Parkes,2024-12,0.0,18,0.0,2,1670.0,6951
Parkes,2025-03,0.0,23,0.0,3,1715.0,6920
Parkes,2025-06,0.0,23,0.0,4,1724.0,6901
Parkes,2025-09,0.0,22,0.0,4,1755.0,6926
Parkes,2025-12,0.0,21,0.0,4,1740.0,6982
Parkes,2026-03,0.0,23,0.0,5,1726.0,6960
Parkes,2026-06,0.0,26,0.0,10,1705.0,6997
Parkes,2026-08,0.0,29,0.0,14,1739.0,6985
Parramatta,2022-09,542.0,151,0.0,13,113493.0,35705
Parramatta,2022-12,610.0,169,0.0,31,113761.0,35651
Parramatta,2023-03,851.0,211,0.0,48,113335.0,35830
Parramatta,2023-06,1164.0,235,0.0,62,113748.0,34266
Parramatta,2023-09,1376.0,263,0.0,87,109873.0,34035
Parramatta,2023-12,1564.0,277,17.0,94,110750.0,33974
Parramatta,2024-03,1889.0,365,24.0,122,108352.0,34208
Parramatta,2024-06,2084.0,396,32.0,141,108848.0,34142
Parramatta,2024-09,2264.0,420,93.0,166,109765.0,34065
Parramatta,2024-12,2419.0,444,125.0,182,110280.0,33986
Parramatta,2025-03,2511.0,506,177.0,216,110193.0,34224
Parramatta,2025-06,2807.0,547,233.0,230,110041.0,34252
Parramatta,2025-09,3147.0,563,266.0,247,110211.0,34044
Parramatta,2025-12,3381.0,612,401.0,255,110825.0,33929
Parramatta,2026-03,3784.0,680,487.0,297,110382.0,33938
Parramatta,2026-06,4419.0,751,633.0,329,109885.0,33842
Parramatta,2026-08,4904.0,804,804.0,361,110801.0,33891
Penrith,2022-09,71.0,69,0.0,3,95344.0,28951
Penrith,2022-12,93.0,84,0.0,10,95870.0,28917
Penrith,2023-03,165.0,94,0.0,13,96278.0,29126
Penrith,2023-06,239.0,110,0.0,16,95942.0,29142
Penrith,2023-09,322.0,125,0.0,24,97315.0,29173
Penrith,2023-12,405.0,140,6.0,32,97913.0,29121
Penrith,2024-03,530.0,156,15.0,40,97927.0,29235
Penrith,2024-06,602.0,178,23.0,57,98157.0,29257
Penrith,2024-09,653.0,194,33.0,69,99466.0,29134
Penrith,2024-12,719.0,205,42.0,84,99929.0,29059
Penrith,2025-03,749.0,240,51.0,102,100098.0,29253
Penrith,2025-06,870.0,260,49.0,116,100132.0,29166
Penrith,2025-09,1023.0,277,49.0,135,100548.0,29268
Penrith,2025-12,1152.0,296,93.0,144,101147.0,29127
Penrith,2026-03,1281.0,338,140.0,167,100971.0,29242
Penrith,2026-06,1655.0,378,228.0,205,100775.0,29144
Penrith,2026-08,1927.0,395,296.0,214,101258.0,29197
Port Macquarie-Hastings,2022-09,29.0,42,0.0,1,31832.0,22009
Port Macquarie-Hastings,2022-12,30.0,55,0.0,5,32106.0,21995
Port Macquarie-Hastings,2023-03,35.0,64,0.0,5,32075.0,22156
Port Macquarie-Hastings,2023-06,43.0,78,0.0,5,32229.0,22168
Port Macquarie-Hastings,2023-09,63.0,89,0.0,11,32636.0,22222
Port Macquarie-Hastings,2023-12,88.0,99,0.0,13,33130.0,22217
Port Macquarie-Hastings,2024-03,104.0,112,0.0,18,33261.0,22322
Port Macquarie-Hastings,2024-06,121.0,130,0.0,26,33598.0,22233
Port Macquarie-Hastings,2024-09,130.0,141,8.0,30,34179.0,22114
Port Macquarie-Hastings,2024-12,161.0,154,11.0,32,34580.0,22111
Port Macquarie-Hastings,2025-03,170.0,171,14.0,50,34668.0,22286
Port Macquarie-Hastings,2025-06,173.0,184,22.0,54,34581.0,22208
Port Macquarie-Hastings,2025-09,213.0,195,28.0,72,34973.0,22196
Port Macquarie-Hastings,2025-12,258.0,199,42.0,78,35252.0,22191
Port Macquarie-Hastings,2026-03,320.0,217,63.0,82,35223.0,22218
Port Macquarie-Hastings,2026-06,419.0,249,84.0,103,35204.0,22220
Port Macquarie-Hastings,2026-08,499.0,266,110.0,126,35386.0,22221
Port Stephens,2022-09,28.0,46,0.0,1,24751.0,20806
Port Stephens,2022-12,30.0,56,0.0,4,25008.0,20737
Port Stephens,2023-03,48.0,69,0.0,6,25122.0,20793
Port Stephens,2023-06,61.0,78,0.0,7,25094.0,20923
Port Stephens,2023-09,82.0,84,0.0,12,25378.0,20961
Port Stephens,2023-12,96.0,101,0.0,16,25659.0,20919
Port Stephens,2024-03,112.0,106,0.0,21,25540.0,21032
Port Stephens,2024-06,122.0,119,0.0,26,25748.0,21032
Port Stephens,2024-09,125.0,134,6.0,30,25948.0,21171
Port Stephens,2024-12,134.0,149,8.0,35,26314.0,21061
Port Stephens,2025-03,147.0,159,10.0,45,26233.0,21154
Port Stephens,2025-06,141.0,176,10.0,51,26219.0,21148
Port Stephens,2025-09,152.0,180,11.0,59,26511.0,21138
Port Stephens,2025-12,193.0,187,25.0,64,26909.0,21067
Port Stephens,2026-03,211.0,212,35.0,75,26906.0,21058
Port Stephens,2026-06,303.0,233,50.0,101,27010.0,21008
Port Stephens,2026-08,382.0,245,59.0,114,26915.0,21005
Queanbeyan-Palerang Regional,2022-09,73.0,69,0.0,3,14772.0,20633
Queanbeyan-Palerang Regional,2022-12,80.0,87,0.0,7,14849.0,20642
Queanbeyan-Palerang Regional,2023-03,101.0,120,0.0,8,14663.0,20679
Queanbeyan-Palerang Regional,2023-06,159.0,136,0.0,13,14304.0,20733
Queanbeyan-Palerang Regional,2023-09,216.0,150,6.0,18,14440.0,20756
Queanbeyan-Palerang Regional,2023-12,239.0,161,13.0,31,14709.0,20776
Queanbeyan-Palerang Regional,2024-03,287.0,168,16.0,43,14904.0,20798
Queanbeyan-Palerang Regional,2024-06,339.0,192,16.0,53,14994.0,20779
Queanbeyan-Palerang Regional,2024-09,373.0,206,26.0,60,15041.0,20857
Queanbeyan-Palerang Regional,2024-12,418.0,219,27.0,63,15225.0,20867
Queanbeyan-Palerang Regional,2025-03,417.0,263,58.0,81,15195.0,20969
Queanbeyan-Palerang Regional,2025-06,437.0,293,77.0,84,15133.0,20951
Queanbeyan-Palerang Regional,2025-09,489.0,309,81.0,93,15305.0,20960
Queanbeyan-Palerang Regional,2025-12,546.0,334,86.0,102,15456.0,20976
Queanbeyan-Palerang Regional,2026-03,630.0,377,102.0,117,15404.0,21036
Queanbeyan-Palerang Regional,2026-06,806.0,425,113.0,153,15391.0,20979
Queanbeyan-Palerang Regional,2026-08,942.0,458,119.0,179,15480.0,20893
Randwick,2022-09,251.0,117,0.0,3,35394.0,19704
Randwick,2022-12,260.0,136,0.0,8,35520.0,19733
Randwick,2023-03,348.0,163,0.0,15,35489.0,19806
Randwick,2023-06,476.0,188,0.0,23,36281.0,19889
Randwick,2023-09,564.0,211,0.0,31,36292.0,19889
Randwick,2023-12,631.0,221,6.0,31,36453.0,19807
Randwick,2024-03,745.0,238,8.0,42,36194.0,19919
Randwick,2024-06,828.0,266,8.0,59,35941.0,19781
Randwick,2024-09,894.0,276,19.0,71,36035.0,19764
Randwick,2024-12,964.0,300,40.0,77,36161.0,19780
Randwick,2025-03,1010.0,343,62.0,105,35891.0,19791
Randwick,2025-06,1085.0,374,90.0,111,35697.0,19737
Randwick,2025-09,1173.0,405,128.0,120,35824.0,19698
Randwick,2025-12,1309.0,418,154.0,128,35931.0,19564
Randwick,2026-03,1424.0,444,164.0,147,35831.0,19584
Randwick,2026-06,1704.0,477,175.0,172,35625.0,19549
Randwick,2026-08,1857.0,509,196.0,190,35479.0,19617
Richmond Valley,2022-09,0.0,4,0.0,0,2324.0,10213
Richmond Valley,2022-12,0.0,8,0.0,0,2323.0,10210
Richmond Valley,2023-03,0.0,11,0.0,1,2299.0,10250
Richmond Valley,2023-06,0.0,13,0.0,1,2274.0,10312
Richmond Valley,2023-09,0.0,14,0.0,1,2327.0,10359
Richmond Valley,2023-12,0.0,20,0.0,2,2388.0,10361
Richmond Valley,2024-03,0.0,26,0.0,2,2421.0,10402
Richmond Valley,2024-06,0.0,27,0.0,1,2410.0,10384
Richmond Valley,2024-09,0.0,30,0.0,2,2491.0,10382
Richmond Valley,2024-12,0.0,30,0.0,2,2519.0,10413
Richmond Valley,2025-03,0.0,33,0.0,4,2442.0,10404
Richmond Valley,2025-06,0.0,34,0.0,4,2380.0,10412
Richmond Valley,2025-09,0.0,39,0.0,6,2462.0,10419
Richmond Valley,2025-12,0.0,40,0.0,6,2484.0,10450
Richmond Valley,2026-03,0.0,51,0.0,10,2486.0,10441
Richmond Valley,2026-06,0.0,60,0.0,16,2461.0,10435
Richmond Valley,2026-08,0.0,65,0.0,17,2540.0,10449
Ryde,2022-09,375.0,154,0.0,9,47724.0,19724
Ryde,2022-12,491.0,156,0.0,21,48042.0,19646
Ryde,2023-03,609.0,194,0.0,33,47935.0,19926
Ryde,2023-06,844.0,222,0.0,39,47910.0,19911
Ryde,2023-09,1068.0,235,8.0,55,48173.0,19895
Ryde,2023-12,1278.0,240,13.0,58,48837.0,19874
Ryde,2024-03,1499.0,279,12.0,72,48794.0,20071
Ryde,2024-06,1655.0,315,28.0,91,49236.0,20011
Ryde,2024-09,1785.0,334,54.0,94,49192.0,19868
Ryde,2024-12,1958.0,350,108.0,101,49898.0,19773
Ryde,2025-03,1997.0,410,111.0,127,49745.0,19939
Ryde,2025-06,2229.0,437,168.0,135,49892.0,19927
Ryde,2025-09,2337.0,442,223.0,144,49244.0,19835
Ryde,2025-12,2477.0,470,249.0,169,49424.0,19784
Ryde,2026-03,2643.0,526,300.0,188,49240.0,19912
Ryde,2026-06,3095.0,572,377.0,214,49024.0,19904
Ryde,2026-08,3350.0,594,408.0,228,48825.0,19818
Shellharbour,2022-09,22.0,40,0.0,3,25215.0,18907
Shellharbour,2022-12,30.0,46,0.0,3,25271.0,18840
Shellharbour,2023-03,60.0,55,0.0,3,25426.0,18990
Shellharbour,2023-06,67.0,73,0.0,4,25583.0,18980
Shellharbour,2023-09,109.0,77,0.0,9,25768.0,19036
Shellharbour,2023-12,124.0,92,6.0,9,26232.0,19071
Shellharbour,2024-03,130.0,112,6.0,11,26169.0,19122
Shellharbour,2024-06,147.0,123,0.0,19,26407.0,19108
Shellharbour,2024-09,174.0,128,13.0,26,26722.0,19077
Shellharbour,2024-12,197.0,137,23.0,27,27021.0,19048
Shellharbour,2025-03,196.0,160,40.0,35,27408.0,19115
Shellharbour,2025-06,232.0,171,50.0,39,27290.0,19124
Shellharbour,2025-09,283.0,180,47.0,43,27617.0,19080
Shellharbour,2025-12,327.0,189,56.0,45,28021.0,19032
Shellharbour,2026-03,342.0,218,82.0,53,28247.0,19086
Shellharbour,2026-06,497.0,272,111.0,70,28615.0,19121
Shellharbour,2026-08,597.0,290,130.0,81,28772.0,19102
Shoalhaven,2022-09,54.0,53,0.0,3,42251.0,26415
Shoalhaven,2022-12,76.0,64,0.0,6,42517.0,26277
Shoalhaven,2023-03,100.0,86,0.0,8,42308.0,26466
Shoalhaven,2023-06,135.0,97,0.0,10,42443.0,26578
Shoalhaven,2023-09,168.0,106,0.0,15,42726.0,26592
Shoalhaven,2023-12,186.0,118,0.0,20,43042.0,26561
Shoalhaven,2024-03,217.0,136,6.0,26,42949.0,26655
Shoalhaven,2024-06,229.0,150,12.0,29,43121.0,26702
Shoalhaven,2024-09,229.0,165,22.0,35,43469.0,26776
Shoalhaven,2024-12,258.0,175,37.0,38,43855.0,26771
Shoalhaven,2025-03,268.0,198,46.0,54,43836.0,26808
Shoalhaven,2025-06,259.0,224,55.0,56,43542.0,26790
Shoalhaven,2025-09,297.0,239,76.0,62,43838.0,26739
Shoalhaven,2025-12,346.0,257,83.0,70,44442.0,26653
Shoalhaven,2026-03,427.0,281,113.0,71,44515.0,26746
Shoalhaven,2026-06,586.0,333,124.0,101,44627.0,26691
Shoalhaven,2026-08,698.0,346,137.0,112,44523.0,26732
Singleton,2022-09,0.0,18,0.0,0,5273.0,11111
Singleton,2022-12,0.0,20,0.0,4,5413.0,11197
Singleton,2023-03,0.0,26,0.0,5,5504.0,11221
Singleton,2023-06,0.0,36,0.0,7,5223.0,12083
Singleton,2023-09,0.0,37,0.0,8,5350.0,12064
Singleton,2023-12,0.0,40,0.0,9,5553.0,12063
Singleton,2024-03,0.0,43,0.0,11,5560.0,12150
Singleton,2024-06,0.0,48,0.0,15,5544.0,12198
Singleton,2024-09,0.0,49,0.0,20,5581.0,12265
Singleton,2024-12,0.0,54,0.0,23,5702.0,12251
Singleton,2025-03,0.0,63,0.0,29,5598.0,12407
Singleton,2025-06,0.0,74,0.0,30,5563.0,12329
Singleton,2025-09,0.0,75,6.0,33,5561.0,12311
Singleton,2025-12,0.0,79,0.0,35,5587.0,12339
Singleton,2026-03,0.0,93,0.0,42,5522.0,12304
Singleton,2026-06,8.0,115,0.0,53,5474.0,12302
Singleton,2026-08,23.0,130,0.0,61,5522.0,12299
Snowy Monaro Regional,2022-09,0.0,19,0.0,1,2879.0,10956
Snowy Monaro Regional,2022-12,0.0,19,0.0,1,2910.0,10910
Snowy Monaro Regional,2023-03,9.0,26,0.0,3,2909.0,10892
Snowy Monaro Regional,2023-06,16.0,41,0.0,5,2908.0,11704
Snowy Monaro Regional,2023-09,18.0,46,0.0,7,2930.0,11785
Snowy Monaro Regional,2023-12,16.0,51,0.0,10,3013.0,11726
Snowy Monaro Regional,2024-03,17.0,58,0.0,11,2957.0,11726
Snowy Monaro Regional,2024-06,18.0,62,0.0,13,3015.0,11725
Snowy Monaro Regional,2024-09,18.0,64,0.0,16,3050.0,11710
Snowy Monaro Regional,2024-12,20.0,74,0.0,16,3077.0,11635
Snowy Monaro Regional,2025-03,18.0,77,0.0,24,3051.0,11623
Snowy Monaro Regional,2025-06,20.0,82,0.0,24,3089.0,11687
Snowy Monaro Regional,2025-09,20.0,87,0.0,28,3175.0,11749
Snowy Monaro Regional,2025-12,19.0,96,0.0,30,3223.0,11756
Snowy Monaro Regional,2026-03,20.0,115,0.0,31,3211.0,11712
Snowy Monaro Regional,2026-06,18.0,145,0.0,42,3202.0,11715
Snowy Monaro Regional,2026-08,24.0,153,0.0,46,3151.0,11725
Snowy Valleys,2022-09,0.0,8,0.0,1,1807.0,7706
Snowy Valleys,2022-12,0.0,8,0.0,1,1835.0,7699
Snowy Valleys,2023-03,0.0,11,0.0,1,1817.0,7751
Snowy Valleys,2023-06,0.0,14,0.0,1,1814.0,7744
Snowy Valleys,2023-09,0.0,14,0.0,0,1785.0,7820
Snowy Valleys,2023-12,0.0,14,0.0,2,1820.0,7784
Snowy Valleys,2024-03,0.0,17,0.0,3,1817.0,7840
Snowy Valleys,2024-06,0.0,19,0.0,3,1802.0,7833
Snowy Valleys,2024-09,0.0,19,0.0,2,1796.0,7822
Snowy Valleys,2024-12,0.0,19,0.0,5,1764.0,7833
Snowy Valleys,2025-03,0.0,18,0.0,7,1751.0,7876
Snowy Valleys,2025-06,0.0,20,0.0,7,1756.0,7866
Snowy Valleys,2025-09,0.0,21,0.0,8,1710.0,7866
Snowy Valleys,2025-12,0.0,23,0.0,10,1813.0,7885
Snowy Valleys,2026-03,0.0,23,0.0,16,1837.0,7881
Snowy Valleys,2026-06,0.0,34,0.0,21,1808.0,7872
Snowy Valleys,2026-08,0.0,38,0.0,26,1807.0,7903
Strathfield,2022-09,38.0,68,0.0,0,7414.0,14796
Strathfield,2022-12,65.0,78,0.0,1,7541.0,14792
Strathfield,2023-03,85.0,83,0.0,4,7531.0,14942
Strathfield,2023-06,194.0,96,0.0,10,10269.0,15710
Strathfield,2023-09,256.0,105,7.0,11,10528.0,15633
Strathfield,2023-12,289.0,114,7.0,19,10762.0,15680
Strathfield,2024-03,320.0,133,7.0,24,10682.0,15841
Strathfield,2024-06,357.0,149,7.0,29,10713.0,15836
Strathfield,2024-09,376.0,157,21.0,35,10977.0,15820
Strathfield,2024-12,403.0,172,28.0,46,11152.0,15779
Strathfield,2025-03,411.0,202,26.0,55,11127.0,15812
Strathfield,2025-06,480.0,216,29.0,65,10941.0,15875
Strathfield,2025-09,500.0,234,44.0,79,10989.0,15842
Strathfield,2025-12,544.0,252,55.0,88,11187.0,15671
Strathfield,2026-03,560.0,268,71.0,106,11172.0,15639
Strathfield,2026-06,637.0,302,78.0,137,11125.0,15702
Strathfield,2026-08,738.0,307,96.0,156,11104.0,15658
Sutherland Shire,2022-09,331.0,118,0.0,5,109766.0,29724
Sutherland Shire,2022-12,390.0,133,0.0,14,110245.0,29676
Sutherland Shire,2023-03,552.0,162,0.0,25,109896.0,30012
Sutherland Shire,2023-06,761.0,187,0.0,32,110214.0,30091
Sutherland Shire,2023-09,936.0,220,0.0,46,111018.0,30014
Sutherland Shire,2023-12,1087.0,233,7.0,61,111877.0,29926
Sutherland Shire,2024-03,1300.0,264,10.0,77,111897.0,30136
Sutherland Shire,2024-06,1484.0,291,23.0,88,111951.0,30048
Sutherland Shire,2024-09,1606.0,303,73.0,95,112232.0,30156
Sutherland Shire,2024-12,1745.0,320,133.0,101,113079.0,30088
Sutherland Shire,2025-03,1764.0,369,199.0,131,112851.0,30236
Sutherland Shire,2025-06,1963.0,398,306.0,140,113636.0,30055
Sutherland Shire,2025-09,2232.0,410,366.0,154,114026.0,29899
Sutherland Shire,2025-12,2448.0,438,431.0,169,114395.0,29863
Sutherland Shire,2026-03,2673.0,492,506.0,210,114002.0,29905
Sutherland Shire,2026-06,3216.0,544,704.0,243,113933.0,29761
Sutherland Shire,2026-08,3628.0,582,838.0,271,114040.0,29784
Sydney,2022-09,717.0,223,0.0,6,62358.0,26605
Sydney,2022-12,1029.0,243,0.0,16,62092.0,26578
Sydney,2023-03,1295.0,296,0.0,31,61412.0,26820
Sydney,2023-06,1883.0,326,0.0,48,62653.0,26881
Sydney,2023-09,2584.0,341,0.0,70,66605.0,26864
Sydney,2023-12,3220.0,340,27.0,73,66620.0,26728
Sydney,2024-03,3407.0,403,40.0,88,65567.0,26846
Sydney,2024-06,3822.0,446,57.0,116,65137.0,26647
Sydney,2024-09,4142.0,491,97.0,133,65462.0,26513
Sydney,2024-12,4566.0,511,136.0,146,65586.0,26443
Sydney,2025-03,5121.0,586,183.0,188,65259.0,26746
Sydney,2025-06,5675.0,643,254.0,214,65674.0,26597
Sydney,2025-09,6259.0,654,307.0,233,65774.0,26531
Sydney,2025-12,6802.0,692,457.0,254,66311.0,26541
Sydney,2026-03,6686.0,755,509.0,294,66797.0,26704
Sydney,2026-06,7009.0,802,683.0,324,66038.0,26560
Sydney,2026-08,7366.0,869,750.0,352,65437.0,26514
Tamworth Regional,2022-09,0.0,20,0.0,3,19537.0,18016
Tamworth Regional,2022-12,0.0,22,0.0,4,19841.0,17965
Tamworth Regional,2023-03,11.0,31,0.0,4,19811.0,18031
Tamworth Regional,2023-06,10.0,38,0.0,5,19834.0,18105
Tamworth Regional,2023-09,18.0,46,0.0,6,20259.0,18202
Tamworth Regional,2023-12,28.0,51,0.0,12,20600.0,18176
Tamworth Regional,2024-03,27.0,60,0.0,15,20413.0,18265
Tamworth Regional,2024-06,36.0,64,0.0,20,20491.0,18228
Tamworth Regional,2024-09,36.0,72,7.0,27,20833.0,18257
Tamworth Regional,2024-12,39.0,75,8.0,31,21251.0,18262
Tamworth Regional,2025-03,34.0,79,8.0,33,21081.0,18335
Tamworth Regional,2025-06,32.0,89,8.0,39,21055.0,18297
Tamworth Regional,2025-09,32.0,96,13.0,46,21355.0,18284
Tamworth Regional,2025-12,39.0,111,14.0,60,21711.0,18334
Tamworth Regional,2026-03,33.0,125,16.0,66,21850.0,18338
Tamworth Regional,2026-06,43.0,142,16.0,82,21636.0,18439
Tamworth Regional,2026-08,61.0,154,14.0,97,21766.0,18406
Temora,2022-09,0.0,1,0.0,0,238.0,4203
Temora,2022-12,0.0,1,0.0,0,246.0,4195
Temora,2023-03,0.0,1,0.0,0,276.0,4220
Temora,2023-06,0.0,4,0.0,0,241.0,4244
Temora,2023-09,0.0,6,0.0,0,260.0,4263
Temora,2023-12,0.0,9,0.0,0,295.0,4261
Temora,2024-03,0.0,10,0.0,0,297.0,4260
Temora,2024-06,0.0,10,0.0,0,297.0,4236
Temora,2024-09,0.0,10,0.0,1,295.0,4242
Temora,2024-12,0.0,10,0.0,1,328.0,4215
Temora,2025-03,0.0,12,0.0,1,344.0,4230
Temora,2025-06,0.0,15,0.0,1,337.0,4209
Temora,2025-09,0.0,16,0.0,2,338.0,4223
Temora,2025-12,0.0,16,0.0,4,347.0,4243
Temora,2026-03,0.0,20,0.0,4,318.0,4267
Temora,2026-06,0.0,20,0.0,6,336.0,4275
Temora,2026-08,0.0,20,0.0,6,340.0,4278
Tenterfield,2022-09,0.0,3,0.0,0,133.0,4588
Tenterfield,2022-12,0.0,1,0.0,1,137.0,4605
Tenterfield,2023-03,0.0,2,0.0,1,127.0,4636
Tenterfield,2023-06,0.0,4,0.0,1,115.0,4631
Tenterfield,2023-09,0.0,3,0.0,1,130.0,4633
Tenterfield,2023-12,0.0,5,0.0,1,123.0,4672
Tenterfield,2024-03,0.0,5,0.0,3,128.0,4673
Tenterfield,2024-06,0.0,5,0.0,3,133.0,4663
Tenterfield,2024-09,0.0,5,0.0,3,116.0,4677
Tenterfield,2024-12,0.0,6,0.0,3,115.0,4696
Tenterfield,2025-03,0.0,6,0.0,4,133.0,4686
Tenterfield,2025-06,0.0,7,0.0,4,129.0,4680
Tenterfield,2025-09,0.0,9,0.0,4,145.0,4671
Tenterfield,2025-12,0.0,9,0.0,4,156.0,4685
Tenterfield,2026-03,0.0,9,0.0,4,173.0,4742
Tenterfield,2026-06,0.0,14,0.0,5,165.0,4724
Tenterfield,2026-08,0.0,17,0.0,5,156.0,4790
The Hills Shire,2022-09,553.0,127,0.0,10,76215.0,29636
The Hills Shire,2022-12,667.0,138,0.0,25,76647.0,29572
The Hills Shire,2023-03,946.0,172,0.0,40,76827.0,29831
The Hills Shire,2023-06,1471.0,211,8.0,58,87381.0,30674
The Hills Shire,2023-09,1870.0,228,9.0,85,88584.0,30530
The Hills Shire,2023-12,2144.0,249,26.0,95,89745.0,30513
The Hills Shire,2024-03,2670.0,314,28.0,116,90175.0,30685
The Hills Shire,2024-06,2967.0,351,43.0,132,90817.0,30715
The Hills Shire,2024-09,3170.0,371,73.0,148,91526.0,30718
The Hills Shire,2024-12,3413.0,385,89.0,166,92245.0,30640
The Hills Shire,2025-03,3570.0,465,128.0,203,92410.0,30858
The Hills Shire,2025-06,3952.0,500,211.0,217,93057.0,30776
The Hills Shire,2025-09,4419.0,535,274.0,243,93944.0,30780
The Hills Shire,2025-12,5167.0,561,391.0,266,94860.0,30674
The Hills Shire,2026-03,5581.0,621,564.0,309,94750.0,30888
The Hills Shire,2026-06,6548.0,688,765.0,360,95052.0,30835
The Hills Shire,2026-08,7214.0,736,830.0,387,94806.0,30876
Tweed,2022-09,43.0,56,0.0,4,25586.0,21401
Tweed,2022-12,75.0,63,0.0,8,25825.0,21414
Tweed,2023-03,85.0,77,0.0,12,25831.0,21472
Tweed,2023-06,114.0,85,0.0,14,25733.0,21419
Tweed,2023-09,160.0,94,0.0,19,26129.0,21380
Tweed,2023-12,186.0,102,0.0,22,26556.0,21331
Tweed,2024-03,213.0,116,0.0,30,26240.0,21453
Tweed,2024-06,247.0,128,0.0,31,26376.0,21406
Tweed,2024-09,241.0,140,8.0,31,26587.0,21296
Tweed,2024-12,266.0,150,11.0,36,26768.0,21239
Tweed,2025-03,263.0,173,11.0,49,26573.0,21237
Tweed,2025-06,276.0,190,19.0,54,26597.0,21067
Tweed,2025-09,277.0,206,35.0,65,26703.0,21071
Tweed,2025-12,317.0,224,42.0,75,26893.0,21029
Tweed,2026-03,346.0,254,65.0,87,26858.0,20989
Tweed,2026-06,480.0,297,72.0,117,26699.0,20923
Tweed,2026-08,547.0,312,96.0,122,26735.0,20881
Upper Hunter Shire,2022-09,0.0,3,0.0,1,1578.0,7032
Upper Hunter Shire,2022-12,0.0,5,0.0,1,1579.0,7068
Upper Hunter Shire,2023-03,0.0,8,0.0,1,1542.0,7120
Upper Hunter Shire,2023-06,0.0,11,0.0,1,1561.0,7181
Upper Hunter Shire,2023-09,0.0,10,0.0,1,1599.0,7236
Upper Hunter Shire,2023-12,0.0,10,0.0,3,1666.0,7232
Upper Hunter Shire,2024-03,0.0,12,0.0,3,1647.0,7225
Upper Hunter Shire,2024-06,0.0,12,0.0,4,1616.0,7214
Upper Hunter Shire,2024-09,0.0,13,0.0,4,1749.0,7233
Upper Hunter Shire,2024-12,0.0,16,0.0,7,1790.0,7276
Upper Hunter Shire,2025-03,0.0,15,0.0,11,1799.0,7284
Upper Hunter Shire,2025-06,0.0,20,0.0,11,1755.0,7280
Upper Hunter Shire,2025-09,0.0,24,0.0,12,1780.0,7258
Upper Hunter Shire,2025-12,0.0,23,0.0,13,1782.0,7256
Upper Hunter Shire,2026-03,0.0,28,0.0,15,1812.0,7250
Upper Hunter Shire,2026-06,0.0,33,0.0,18,1779.0,7206
Upper Hunter Shire,2026-08,0.0,34,0.0,24,1816.0,7266
Upper Lachlan Shire,2022-09,0.0,6,0.0,1,580.0,6247
Upper Lachlan Shire,2022-12,0.0,9,0.0,1,541.0,6266
Upper Lachlan Shire,2023-03,0.0,14,0.0,3,553.0,6232
Upper Lachlan Shire,2023-06,0.0,19,0.0,3,508.0,6567
Upper Lachlan Shire,2023-09,0.0,21,0.0,2,531.0,6598
Upper Lachlan Shire,2023-12,0.0,25,0.0,2,529.0,6684
Upper Lachlan Shire,2024-03,0.0,27,0.0,2,512.0,6682
Upper Lachlan Shire,2024-06,0.0,28,0.0,3,500.0,6700
Upper Lachlan Shire,2024-09,0.0,36,0.0,5,492.0,6734
Upper Lachlan Shire,2024-12,0.0,42,0.0,5,473.0,6720
Upper Lachlan Shire,2025-03,0.0,44,0.0,7,446.0,6758
Upper Lachlan Shire,2025-06,0.0,49,0.0,8,485.0,6725
Upper Lachlan Shire,2025-09,0.0,55,0.0,9,510.0,6733
Upper Lachlan Shire,2025-12,0.0,59,0.0,9,542.0,6732
Upper Lachlan Shire,2026-03,0.0,60,0.0,11,555.0,6759
Upper Lachlan Shire,2026-06,0.0,73,0.0,14,570.0,6750
Upper Lachlan Shire,2026-08,0.0,79,0.0,17,570.0,6763
Uralla,2022-09,0.0,5,0.0,0,115.0,4229
Uralla,2022-12,0.0,5,0.0,0,125.0,4209
Uralla,2023-03,0.0,5,0.0,1,125.0,4235
Uralla,2023-06,0.0,7,0.0,1,109.0,4383
Uralla,2023-09,0.0,8,0.0,0,119.0,4428
Uralla,2023-12,0.0,11,0.0,0,116.0,4440
Uralla,2024-03,0.0,12,0.0,3,130.0,4435
Uralla,2024-06,0.0,13,0.0,3,138.0,4411
Uralla,2024-09,0.0,14,0.0,4,127.0,4436
Uralla,2024-12,0.0,16,0.0,4,153.0,4467
Uralla,2025-03,0.0,18,0.0,4,165.0,4477
Uralla,2025-06,0.0,22,0.0,6,160.0,4475
Uralla,2025-09,0.0,26,0.0,6,158.0,4491
Uralla,2025-12,0.0,27,0.0,6,161.0,4517
Uralla,2026-03,0.0,29,0.0,7,161.0,4514
Uralla,2026-06,0.0,38,0.0,12,164.0,4456
Uralla,2026-08,0.0,43,0.0,13,165.0,4479
Wagga Wagga,2022-09,13.0,19,0.0,3,20776.0,18411
Wagga Wagga,2022-12,14.0,24,0.0,4,20998.0,18441
Wagga Wagga,2023-03,17.0,34,0.0,5,20911.0,18559
Wagga Wagga,2023-06,18.0,47,0.0,7,20902.0,18649
Wagga Wagga,2023-09,31.0,50,6.0,9,21545.0,18632
Wagga Wagga,2023-12,45.0,55,9.0,13,21841.0,18534
Wagga Wagga,2024-03,48.0,64,11.0,16,21924.0,18539
Wagga Wagga,2024-06,44.0,72,11.0,18,21795.0,18572
Wagga Wagga,2024-09,52.0,81,11.0,19,22197.0,18494
Wagga Wagga,2024-12,51.0,92,18.0,23,22349.0,18514
Wagga Wagga,2025-03,54.0,99,17.0,27,22327.0,18517
Wagga Wagga,2025-06,59.0,116,18.0,31,22280.0,18498
Wagga Wagga,2025-09,75.0,119,18.0,36,22424.0,18475
Wagga Wagga,2025-12,77.0,128,30.0,40,22545.0,18513
Wagga Wagga,2026-03,87.0,144,34.0,52,22742.0,18517
Wagga Wagga,2026-06,98.0,171,53.0,73,22689.0,18475
Wagga Wagga,2026-08,122.0,182,60.0,87,22747.0,18499
Walcha,2022-09,0.0,0,0.0,0,91.0,2252
Walcha,2022-12,0.0,1,0.0,0,91.0,2266
Walcha,2023-03,0.0,1,0.0,0,111.0,2258
Walcha,2023-06,0.0,1,0.0,0,103.0,2243
Walcha,2023-09,0.0,1,0.0,0,124.0,2216
Walcha,2023-12,0.0,1,0.0,0,111.0,2209
Walcha,2024-03,0.0,1,0.0,0,113.0,2219
Walcha,2024-06,0.0,2,0.0,0,102.0,2215
Walcha,2024-09,0.0,2,0.0,0,111.0,2213
Walcha,2024-12,0.0,2,0.0,1,95.0,2233
Walcha,2025-03,0.0,2,0.0,1,104.0,2190
Walcha,2025-06,0.0,3,0.0,1,111.0,2206
Walcha,2025-09,0.0,3,0.0,2,119.0,2211
Walcha,2025-12,0.0,2,0.0,2,118.0,2207
Walcha,2026-03,0.0,4,0.0,3,134.0,2223
Walcha,2026-06,0.0,6,0.0,3,112.0,2207
Walcha,2026-08,0.0,6,0.0,4,113.0,2220
Walgett,2022-09,0.0,0,0.0,0,435.0,3320
Walgett,2022-12,0.0,0,0.0,0,423.0,3348
Walgett,2023-03,0.0,0,0.0,0,450.0,3347
Walgett,2023-06,0.0,0,0.0,0,426.0,3322
Walgett,2023-09,0.0,0,0.0,0,421.0,3289
Walgett,2023-12,0.0,2,10.0,0,446.0,3314
Walgett,2024-03,0.0,2,10.0,0,456.0,3305
Walgett,2024-06,0.0,2,10.0,0,457.0,3305
Walgett,2024-09,0.0,2,10.0,0,427.0,3307
Walgett,2024-12,0.0,2,10.0,0,415.0,3323
Walgett,2025-03,0.0,6,10.0,0,426.0,3360
Walgett,2025-06,0.0,5,9.0,0,454.0,3345
Walgett,2025-09,0.0,6,9.0,0,469.0,3364
Walgett,2025-12,0.0,6,9.0,1,473.0,3391
Walgett,2026-03,0.0,3,9.0,1,460.0,3328
Walgett,2026-06,0.0,2,8.0,2,451.0,3342
Walgett,2026-08,0.0,3,8.0,3,456.0,3362
Warren,2022-09,0.0,0,0.0,0,244.0,1715
Warren,2022-12,0.0,0,0.0,0,257.0,1714
Warren,2023-03,0.0,0,0.0,0,255.0,1730
Warren,2023-06,0.0,1,0.0,0,265.0,2398
Warren,2023-09,0.0,1,0.0,0,272.0,2409
Warren,2023-12,0.0,1,0.0,0,284.0,2405
Warren,2024-03,0.0,1,0.0,0,274.0,2390
Warren,2024-06,0.0,1,0.0,0,274.0,2398
Warren,2024-09,0.0,2,0.0,0,287.0,2438
Warren,2024-12,0.0,1,0.0,0,291.0,2430
Warren,2025-03,0.0,2,0.0,0,283.0,2409
Warren,2025-06,0.0,3,0.0,2,271.0,2430
Warren,2025-09,0.0,3,0.0,3,257.0,2420
Warren,2025-12,0.0,2,0.0,3,250.0,2462
Warren,2026-03,0.0,2,0.0,4,241.0,2453
Warren,2026-06,0.0,3,0.0,3,226.0,2416
Warren,2026-08,0.0,4,0.0,3,213.0,2432
Warrumbungle Shire,2022-09,0.0,2,0.0,0,745.0,5584
Warrumbungle Shire,2022-12,0.0,2,0.0,1,740.0,5553
Warrumbungle Shire,2023-03,0.0,2,0.0,1,743.0,5572
Warrumbungle Shire,2023-06,0.0,2,0.0,1,763.0,5621
Warrumbungle Shire,2023-09,0.0,2,0.0,1,753.0,5700
Warrumbungle Shire,2023-12,0.0,3,0.0,1,786.0,5717
Warrumbungle Shire,2024-03,0.0,3,0.0,1,768.0,5677
Warrumbungle Shire,2024-06,0.0,3,0.0,2,768.0,5676
Warrumbungle Shire,2024-09,0.0,4,0.0,4,772.0,5681
Warrumbungle Shire,2024-12,0.0,5,0.0,4,776.0,5702
Warrumbungle Shire,2025-03,0.0,6,0.0,5,772.0,5704
Warrumbungle Shire,2025-06,0.0,7,0.0,6,779.0,5653
Warrumbungle Shire,2025-09,0.0,9,0.0,7,794.0,5677
Warrumbungle Shire,2025-12,0.0,11,0.0,7,819.0,5640
Warrumbungle Shire,2026-03,0.0,12,0.0,6,817.0,5624
Warrumbungle Shire,2026-06,0.0,15,0.0,7,796.0,5618
Warrumbungle Shire,2026-08,0.0,16,0.0,8,800.0,5609
Waverley,2022-09,235.0,144,0.0,2,12691.0,15713
Waverley,2022-12,268.0,165,0.0,10,12857.0,15696
Waverley,2023-03,314.0,199,0.0,14,12713.0,15813
Waverley,2023-06,396.0,205,0.0,16,12351.0,15793
Waverley,2023-09,473.0,218,0.0,25,12401.0,15770
Waverley,2023-12,515.0,240,0.0,35,12562.0,15758
Waverley,2024-03,606.0,259,0.0,46,12271.0,15904
Waverley,2024-06,674.0,267,0.0,52,12089.0,15738
Waverley,2024-09,719.0,279,0.0,65,12283.0,15604
Waverley,2024-12,767.0,309,0.0,78,12349.0,15494
Waverley,2025-03,774.0,359,0.0,93,12074.0,15525
Waverley,2025-06,827.0,383,12.0,105,11881.0,15431
Waverley,2025-09,915.0,401,33.0,113,11861.0,15350
Waverley,2025-12,953.0,426,31.0,125,11949.0,15216
Waverley,2026-03,1000.0,469,37.0,143,11907.0,15144
Waverley,2026-06,1125.0,511,36.0,177,11757.0,15089
Waverley,2026-08,1247.0,538,36.0,193,11733.0,15047
Weddin,2022-09,0.0,0,0.0,0,82.0,2710
Weddin,2022-12,0.0,1,0.0,0,82.0,2732
Weddin,2023-03,0.0,1,0.0,0,82.0,2732
Weddin,2023-06,0.0,5,0.0,2,73.0,6403
Weddin,2023-09,0.0,5,0.0,2,72.0,6417
Weddin,2023-12,0.0,6,0.0,2,68.0,6461
Weddin,2024-03,0.0,9,0.0,3,54.0,6443
Weddin,2024-06,0.0,11,0.0,5,67.0,6449
Weddin,2024-09,0.0,11,0.0,6,80.0,6490
Weddin,2024-12,0.0,12,0.0,7,75.0,6523
Weddin,2025-03,0.0,13,0.0,9,76.0,6509
Weddin,2025-06,0.0,16,0.0,11,76.0,6522
Weddin,2025-09,0.0,16,0.0,12,71.0,6523
Weddin,2025-12,0.0,17,0.0,13,78.0,6538
Weddin,2026-03,0.0,17,0.0,14,84.0,6544
Weddin,2026-06,0.0,22,0.0,16,82.0,6549
Weddin,2026-08,0.0,22,0.0,18,75.0,6567
Wentworth,2022-09,0.0,1,0.0,0,155.0,3637
Wentworth,2022-12,0.0,1,0.0,0,148.0,3635
Wentworth,2023-03,0.0,1,0.0,0,151.0,3642
Wentworth,2023-06,0.0,1,0.0,0,159.0,3662
Wentworth,2023-09,0.0,3,0.0,0,146.0,3652
Wentworth,2023-12,0.0,3,0.0,0,159.0,3703
Wentworth,2024-03,0.0,3,0.0,0,159.0,3717
Wentworth,2024-06,0.0,3,0.0,0,146.0,3719
Wentworth,2024-09,0.0,2,0.0,0,154.0,3712
Wentworth,2024-12,0.0,4,0.0,0,168.0,3716
Wentworth,2025-03,0.0,4,0.0,1,183.0,3724
Wentworth,2025-06,0.0,4,0.0,2,189.0,3713
Wentworth,2025-09,0.0,4,0.0,3,187.0,3712
Wentworth,2025-12,0.0,6,0.0,3,204.0,3686
Wentworth,2026-03,0.0,8,0.0,5,209.0,3692
Wentworth,2026-06,0.0,11,0.0,5,196.0,3728
Wentworth,2026-08,0.0,13,0.0,7,178.0,3708
Willoughby,2022-09,372.0,136,0.0,5,25035.0,17282
Willoughby,2022-12,406.0,156,0.0,11,25274.0,17209
Willoughby,2023-03,577.0,194,0.0,19,25135.0,17387
Willoughby,2023-06,726.0,234,0.0,31,25171.0,18340
Willoughby,2023-09,885.0,257,0.0,49,25270.0,18237
Willoughby,2023-12,961.0,263,21.0,62,25283.0,18138
Willoughby,2024-03,1130.0,295,0.0,88,25384.0,18315
Willoughby,2024-06,1232.0,349,11.0,108,25212.0,18219
Willoughby,2024-09,1295.0,362,29.0,114,25328.0,18135
Willoughby,2024-12,1388.0,392,51.0,129,25171.0,17959
Willoughby,2025-03,1429.0,461,57.0,166,25066.0,18030
Willoughby,2025-06,1652.0,489,71.0,191,24007.0,17903
Willoughby,2025-09,1842.0,512,89.0,198,24065.0,17843
Willoughby,2025-12,1911.0,544,78.0,205,22697.0,17473
Willoughby,2026-03,1994.0,581,79.0,229,22061.0,17608
Willoughby,2026-06,2301.0,628,86.0,266,22039.0,17577
Willoughby,2026-08,2579.0,659,92.0,288,21687.0,17475
Wingecarribee,2022-09,80.0,62,0.0,4,13997.0,19331
Wingecarribee,2022-12,78.0,71,0.0,5,14228.0,19271
Wingecarribee,2023-03,90.0,90,0.0,6,14193.0,19268
Wingecarribee,2023-06,126.0,102,0.0,13,13834.0,20725
Wingecarribee,2023-09,161.0,119,0.0,16,13993.0,20707
Wingecarribee,2023-12,175.0,131,0.0,24,14358.0,20611
Wingecarribee,2024-03,198.0,150,6.0,28,14103.0,20656
Wingecarribee,2024-06,209.0,169,6.0,34,14108.0,20745
Wingecarribee,2024-09,211.0,182,6.0,38,14452.0,20675
Wingecarribee,2024-12,237.0,187,6.0,43,14544.0,20643
Wingecarribee,2025-03,236.0,214,7.0,57,14430.0,20709
Wingecarribee,2025-06,267.0,239,13.0,68,14305.0,20678
Wingecarribee,2025-09,292.0,266,15.0,73,14368.0,20676
Wingecarribee,2025-12,327.0,282,24.0,79,14549.0,20592
Wingecarribee,2026-03,361.0,311,31.0,91,14504.0,20646
Wingecarribee,2026-06,471.0,343,37.0,125,14422.0,20626
Wingecarribee,2026-08,547.0,362,49.0,147,14336.0,20652
Wollondilly,2022-09,14.0,26,0.0,0,15118.0,18007
Wollondilly,2022-12,17.0,36,0.0,1,15396.0,18019
Wollondilly,2023-03,20.0,44,0.0,2,15488.0,18133
Wollondilly,2023-06,33.0,55,0.0,7,14842.0,19760
Wollondilly,2023-09,50.0,60,0.0,12,15151.0,19815
Wollondilly,2023-12,67.0,69,0.0,15,15606.0,19866
Wollondilly,2024-03,84.0,86,0.0,17,15727.0,19932
Wollondilly,2024-06,95.0,100,0.0,19,15854.0,19983
Wollondilly,2024-09,99.0,106,0.0,22,16250.0,20064
Wollondilly,2024-12,112.0,120,0.0,29,16720.0,20130
Wollondilly,2025-03,113.0,133,0.0,38,16887.0,20191
Wollondilly,2025-06,119.0,151,0.0,44,17051.0,20181
Wollondilly,2025-09,123.0,166,0.0,44,17371.0,20243
Wollondilly,2025-12,170.0,172,9.0,51,17818.0,20131
Wollondilly,2026-03,179.0,209,9.0,59,18000.0,20187
Wollondilly,2026-06,239.0,237,9.0,79,18061.0,20194
Wollondilly,2026-08,317.0,241,9.0,102,18349.0,20218
Wollongong,2022-09,215.0,109,0.0,4,93383.0,30735
Wollongong,2022-12,238.0,129,0.0,14,94290.0,30779
Wollongong,2023-03,327.0,152,0.0,26,94400.0,30894
Wollongong,2023-06,448.0,168,0.0,29,93392.0,31037
Wollongong,2023-09,564.0,188,0.0,43,94262.0,30918
Wollongong,2023-12,680.0,211,20.0,49,94856.0,30981
Wollongong,2024-03,821.0,242,21.0,59,94981.0,31023
Wollongong,2024-06,970.0,264,36.0,76,94749.0,31077
Wollongong,2024-09,1051.0,291,80.0,85,95128.0,31148
Wollongong,2024-12,1175.0,300,116.0,96,95916.0,31080
Wollongong,2025-03,1234.0,356,176.0,119,96250.0,31215
Wollongong,2025-06,1419.0,384,210.0,123,96258.0,31112
Wollongong,2025-09,1584.0,422,236.0,137,96680.0,31102
Wollongong,2025-12,1766.0,439,249.0,151,97637.0,31022
Wollongong,2026-03,2011.0,490,281.0,171,97795.0,31233
Wollongong,2026-06,2577.0,541,339.0,203,96919.0,31127
Wollongong,2026-08,2872.0,582,403.0,220,97025.0,31084
Woollahra,2022-09,306.0,148,0.0,0,11461.0,13275
Woollahra,2022-12,314.0,165,0.0,8,11496.0,13245
Woollahra,2023-03,371.0,188,0.0,12,11386.0,13323
Woollahra,2023-06,428.0,212,0.0,17,11348.0,13273
Woollahra,2023-09,478.0,220,0.0,30,11320.0,13223
Woollahra,2023-12,513.0,232,0.0,33,11305.0,13227
Woollahra,2024-03,595.0,255,0.0,42,11193.0,13210
Woollahra,2024-06,621.0,280,0.0,51,10991.0,13138
Woollahra,2024-09,657.0,306,0.0,62,10981.0,13057
Woollahra,2024-12,693.0,320,0.0,74,11019.0,12982
Woollahra,2025-03,688.0,360,0.0,93,10887.0,13015
Woollahra,2025-06,694.0,390,0.0,113,10655.0,12969
Woollahra,2025-09,767.0,406,0.0,122,10689.0,12953
Woollahra,2025-12,828.0,419,0.0,136,10735.0,12959
Woollahra,2026-03,878.0,457,0.0,170,10620.0,12976
Woollahra,2026-06,984.0,481,0.0,192,10478.0,12961
Woollahra,2026-08,1041.0,502,0.0,209,10463.0,12947
Yass Valley,2022-09,12.0,40,0.0,1,1424.0,10335
Yass Valley,2022-12,19.0,52,0.0,2,1512.0,10361
Yass Valley,2023-03,22.0,66,0.0,3,1504.0,10362
Yass Valley,2023-06,29.0,79,0.0,4,1504.0,10917
Yass Valley,2023-09,31.0,88,0.0,7,1478.0,10939
Yass Valley,2023-12,29.0,97,0.0,11,1556.0,10957
Yass Valley,2024-03,32.0,112,0.0,12,1560.0,10973
Yass Valley,2024-06,41.0,119,0.0,16,1591.0,10941
Yass Valley,2024-09,42.0,138,0.0,21,1597.0,10963
Yass Valley,2024-12,42.0,150,0.0,23,1614.0,10903
Yass Valley,2025-03,42.0,166,0.0,35,1638.0,10934
Yass Valley,2025-06,42.0,183,8.0,38,1639.0,10951
Yass Valley,2025-09,50.0,193,10.0,44,1642.0,10911
Yass Valley,2025-12,56.0,203,11.0,48,1657.0,10864
Yass Valley,2026-03,59.0,224,11.0,50,1642.0,10864
Yass Valley,2026-06,66.0,256,11.0,59,1648.0,10854
Yass Valley,2026-08,90.0,272,11.0,71,1649.0,10850
