postcode,vehicles,bev,hybrid,recent_vehicles,recent_bev,quarter
3000,23011,601,701,4438,380,2023Q2
3000,23397,750,716,5345,553,2023Q3
3000,23590,836,780,6099,656,2023Q4
3000,24337,971,884,4209,698,2024Q1
3000,25190,1107,1067,5304,834,2024Q2
3000,24612,1186,1161,6275,935,2024Q3
3000,24418,1246,1185,7033,1010,2024Q4
3000,23428,1321,1302,3876,460,2025Q1
3000,23264,1462,1399,4706,632,2025Q2
3000,22765,1559,1556,5478,806,2025Q3
3000,23586,1713,1746,6871,1029,2025Q4
3000,22913,1847,1857,3644,791,2026Q1
3000,23381,2217,1892,4685,1201,2026Q2
3002,4807,89,111,552,48,2023Q2
3002,4704,92,114,647,54,2023Q3
3002,5015,110,132,936,73,2023Q4
3002,5015,131,135,605,68,2024Q1
3002,4950,149,130,727,85,2024Q2
3002,4905,156,146,845,95,2024Q3
3002,4748,157,158,924,104,2024Q4
3002,4693,168,181,529,61,2025Q1
3002,4602,186,190,637,81,2025Q2
3002,4665,204,214,754,103,2025Q3
3002,4611,227,229,839,122,2025Q4
3002,4597,241,248,474,82,2026Q1
3002,4586,261,269,587,102,2026Q2
3003,4679,93,185,475,41,2023Q2
3003,4701,99,183,600,49,2023Q3
3003,4775,109,192,718,58,2023Q4
3003,4852,118,189,448,44,2024Q1
3003,4886,127,194,554,50,2024Q2
3003,4882,130,209,638,57,2024Q3
3003,4939,136,220,728,64,2024Q4
3003,4978,142,226,382,26,2025Q1
3003,5087,157,250,504,39,2025Q2
3003,5025,174,235,592,57,2025Q3
3003,5090,197,245,701,71,2025Q4
3003,5073,200,272,374,46,2026Q1
3003,5112,221,294,479,68,2026Q2
3004,7704,88,90,851,50,2023Q2
3004,7770,99,100,1056,63,2023Q3
3004,7822,113,107,1201,77,2023Q4
3004,7893,128,121,859,59,2024Q1
3004,8059,138,136,1153,72,2024Q2
3004,8186,151,153,1420,86,2024Q3
3004,8299,164,178,1681,103,2024Q4
3004,8515,183,196,1262,66,2025Q1
3004,8657,205,212,1547,87,2025Q2
3004,8755,227,234,1739,98,2025Q3
3004,8777,238,264,1845,116,2025Q4
3004,8942,258,287,1244,79,2026Q1
3004,9037,356,308,1465,169,2026Q2
3006,13253,134,253,2050,77,2023Q2
3006,13245,159,275,2442,98,2023Q3
3006,13283,170,292,2767,112,2023Q4
3006,13180,205,314,1864,120,2024Q1
3006,12559,218,344,1798,132,2024Q2
3006,12590,243,403,2151,156,2024Q3
3006,12457,242,455,2446,160,2024Q4
3006,12412,261,509,1403,79,2025Q1
3006,12418,286,535,1654,107,2025Q2
3006,12399,312,551,1904,132,2025Q3
3006,12567,340,587,2257,156,2025Q4
3006,12287,357,616,1236,101,2026Q1
3006,12269,420,625,1403,141,2026Q2
3008,8727,148,122,1415,71,2023Q2
3008,8959,166,155,1728,91,2023Q3
3008,8943,188,159,2016,114,2023Q4
3008,9148,226,195,1398,104,2024Q1
3008,9112,235,220,1601,119,2024Q2
3008,9139,266,267,1857,155,2024Q3
3008,9224,306,301,2057,193,2024Q4
3008,10688,354,411,1221,153,2025Q1
3008,10871,412,456,1513,202,2025Q2
3008,11114,447,469,1710,228,2025Q3
3008,11236,495,515,1988,267,2025Q4
3008,10478,498,518,991,145,2026Q1
3008,10707,549,544,1231,197,2026Q2
3011,15072,131,263,1408,75,2023Q2
3011,15088,145,278,1613,93,2023Q3
3011,15198,158,308,1842,107,2023Q4
3011,15191,167,344,1226,90,2024Q1
3011,15182,198,386,1511,119,2024Q2
3011,15262,219,442,1861,139,2024Q3
3011,15222,250,471,2096,168,2024Q4
3011,15064,278,507,1306,106,2025Q1
3011,15157,299,550,1570,128,2025Q2
3011,15130,339,599,1816,171,2025Q3
3011,15097,369,637,2013,195,2025Q4
3011,15156,427,662,1076,158,2026Q1
3011,15216,478,709,1338,213,2026Q2
3012,21294,155,330,1591,96,2023Q2
3012,21602,180,346,1864,126,2023Q3
3012,21562,196,367,2138,145,2023Q4
3012,21673,243,380,1242,130,2024Q1
3012,21994,273,424,1579,155,2024Q2
3012,21945,299,432,1892,180,2024Q3
3012,21842,331,441,2141,212,2024Q4
3012,21796,379,483,1214,130,2025Q1
3012,21961,421,513,1472,168,2025Q2
3012,22005,475,577,1801,231,2025Q3
3012,22201,504,602,2093,267,2025Q4
3012,22201,596,620,1160,244,2026Q1
3012,22148,713,689,1522,361,2026Q2
3013,10002,100,144,670,64,2023Q2
3013,10059,127,157,829,94,2023Q3
3013,10139,146,168,971,113,2023Q4
3013,10203,164,180,594,98,2024Q1
3013,10153,182,186,718,117,2024Q2
3013,10168,196,191,864,130,2024Q3
3013,10253,217,212,985,150,2024Q4
3013,10318,231,227,532,61,2025Q1
3013,10402,264,248,672,91,2025Q2
3013,10471,295,258,821,122,2025Q3
3013,10448,336,282,948,158,2025Q4
3013,10528,369,295,567,128,2026Q1
3013,10605,421,316,715,181,2026Q2
3015,12352,104,150,971,80,2023Q2
3015,12456,120,160,1147,94,2023Q3
3015,12583,153,180,1359,123,2023Q4
3015,12787,172,189,836,97,2024Q1
3015,12948,191,211,1068,112,2024Q2
3015,13063,202,235,1240,122,2024Q3
3015,13171,222,261,1458,143,2024Q4
3015,13306,253,295,825,77,2025Q1
3015,13363,279,308,1019,102,2025Q2
3015,13515,312,339,1267,133,2025Q3
3015,13162,350,351,1263,169,2025Q4
3015,13220,401,396,738,134,2026Q1
3015,13250,469,416,932,198,2026Q2
3016,12640,130,138,880,83,2023Q2
3016,12634,155,152,1041,108,2023Q3
3016,12646,160,160,1208,117,2023Q4
3016,12735,179,180,752,96,2024Q1
3016,12896,196,196,945,113,2024Q2
3016,12875,217,209,1097,133,2024Q3
3016,12999,239,230,1296,155,2024Q4
3016,13146,263,240,694,74,2025Q1
3016,13285,295,270,910,104,2025Q2
3016,13313,326,294,1083,133,2025Q3
3016,13325,348,313,1266,161,2025Q4
3016,13382,388,343,750,129,2026Q1
3016,13476,453,378,957,185,2026Q2
3018,10884,104,159,956,61,2023Q2
3018,10882,114,159,1046,71,2023Q3
3018,10863,136,169,1121,89,2023Q4
3018,10952,142,182,682,71,2024Q1
3018,11032,156,207,888,85,2024Q2
3018,11068,171,219,1056,100,2024Q3
3018,11101,193,240,1247,121,2024Q4
3018,11103,203,233,685,65,2025Q1
3018,11208,231,243,881,94,2025Q2
3018,11222,253,244,1052,115,2025Q3
3018,11224,269,266,1215,130,2025Q4
3018,11310,300,291,653,96,2026Q1
3018,11293,331,301,826,129,2026Q2
3019,8134,33,133,765,20,2023Q2
3019,8320,40,141,958,29,2023Q3
3019,8422,41,158,1062,33,2023Q4
3019,8458,43,175,672,25,2024Q1
3019,8487,52,185,814,31,2024Q2
3019,8450,59,212,886,37,2024Q3
3019,8360,68,222,1030,46,2024Q4
3019,8417,86,247,607,33,2025Q1
3019,8473,93,265,717,40,2025Q2
3019,8486,103,266,777,53,2025Q3
3019,8336,119,270,819,67,2025Q4
3019,8204,124,277,367,55,2026Q1
3019,8163,164,302,442,88,2026Q2
3020,36197,809,705,2268,140,2023Q2
3020,36571,825,743,2857,172,2023Q3
3020,37039,867,770,3391,197,2023Q4
3020,37311,897,803,2195,130,2024Q1
3020,37421,939,847,2737,169,2024Q2
3020,37393,956,906,3197,190,2024Q3
3020,37429,1001,940,3679,220,2024Q4
3020,37477,1019,981,1976,116,2025Q1
3020,37710,1093,1095,2506,170,2025Q2
3020,38003,1194,1167,3028,266,2025Q3
3020,36940,499,1251,3156,241,2025Q4
3020,37104,556,1321,1810,176,2026Q1
3020,37276,656,1379,2254,274,2026Q2
3021,35141,80,776,1427,53,2023Q2
3021,35377,89,803,1704,64,2023Q3
3021,35666,107,818,2001,82,2023Q4
3021,35769,124,841,1278,72,2024Q1
3021,36090,139,886,1622,86,2024Q2
3021,36317,153,914,1877,96,2024Q3
3021,36442,175,962,2155,112,2024Q4
3021,36507,181,982,1276,53,2025Q1
3021,36641,211,1024,1602,74,2025Q2
3021,36838,229,1058,1877,89,2025Q3
3021,36954,236,1121,2165,101,2025Q4
3021,37017,274,1176,1248,81,2026Q1
3021,37025,339,1234,1571,138,2026Q2
3022,2755,4,52,106,2,2023Q2
3022,2766,5,51,132,3,2023Q3
3022,2744,7,51,164,5,2023Q4
3022,2743,7,57,109,4,2024Q1
3022,2756,9,57,129,4,2024Q2
3022,2733,11,57,146,6,2024Q3
3022,2719,12,57,162,7,2024Q4
3022,2742,14,71,102,4,2025Q1
3022,2739,18,72,125,7,2025Q2
3022,2707,23,75,141,11,2025Q3
3022,2674,23,81,162,12,2025Q4
3022,2688,25,91,93,9,2026Q1
3022,2724,34,98,121,16,2026Q2
3023,47452,247,865,3552,157,2023Q2
3023,47879,309,894,4327,216,2023Q3
3023,48272,335,955,5102,248,2023Q4
3023,48727,382,998,3371,207,2024Q1
3023,48874,429,1083,4035,254,2024Q2
3023,49017,475,1180,4654,297,2024Q3
3023,48974,514,1234,5206,336,2024Q4
3023,49231,560,1312,3072,187,2025Q1
3023,49465,647,1413,3776,277,2025Q2
3023,49493,716,1440,4453,346,2025Q3
3023,49421,800,1503,5057,426,2025Q4
3023,49533,891,1640,3029,336,2026Q1
3023,49843,1088,1726,3790,529,2026Q2
3024,22844,133,403,1677,96,2023Q2
3024,23360,169,431,2091,134,2023Q3
3024,23853,202,467,2489,166,2023Q4
3024,24342,233,497,1612,138,2024Q1
3024,25004,276,549,2030,179,2024Q2
3024,25579,299,608,2437,202,2024Q3
3024,25964,339,678,2872,245,2024Q4
3024,26449,387,756,1628,150,2025Q1
3024,26865,464,817,2140,217,2025Q2
3024,27471,519,863,2507,275,2025Q3
3024,28020,578,971,2925,332,2025Q4
3024,28653,652,1067,1677,260,2026Q1
3024,29169,797,1202,2214,409,2026Q2
3025,13546,73,345,2444,49,2023Q2
3025,13786,83,356,2868,60,2023Q3
3025,14076,103,403,3308,85,2023Q4
3025,14165,153,484,2111,112,2024Q1
3025,14326,189,574,2516,147,2024Q2
3025,14522,239,679,2990,196,2024Q3
3025,14612,286,791,3361,244,2024Q4
3025,14736,333,912,2371,180,2025Q1
3025,14916,371,1025,2780,209,2025Q2
3025,15017,403,1099,3143,236,2025Q3
3025,15250,458,1183,3526,288,2025Q4
3025,15458,485,1234,2314,175,2026Q1
3025,15621,533,1255,2679,251,2026Q2
3026,12612,94,147,1980,33,2023Q2
3026,12946,98,162,2421,44,2023Q3
3026,13337,108,181,2939,57,2023Q4
3026,13488,125,188,1928,54,2024Q1
3026,13805,145,208,2423,74,2024Q2
3026,14398,153,270,2890,82,2024Q3
3026,14424,155,291,3218,94,2024Q4
3026,14179,156,262,1701,43,2025Q1
3026,14561,173,289,2053,53,2025Q2
3026,14874,181,330,2374,73,2025Q3
3026,16188,955,362,2975,175,2025Q4
3026,16669,1023,402,1621,165,2026Q1
3026,16774,1062,416,1979,192,2026Q2
3027,6092,117,113,611,94,2023Q2
3027,6207,127,117,731,105,2023Q3
3027,6222,144,134,824,125,2023Q4
3027,6324,161,147,544,98,2024Q1
3027,6384,182,164,657,121,2024Q2
3027,6402,192,183,732,127,2024Q3
3027,6409,209,208,832,142,2024Q4
3027,6332,230,210,448,80,2025Q1
3027,6325,251,240,555,98,2025Q2
3027,6340,283,261,657,126,2025Q3
3027,6439,302,280,749,146,2025Q4
3027,6463,326,333,433,107,2026Q1
3027,6510,373,372,559,154,2026Q2
3028,20576,71,374,1311,49,2023Q2
3028,20707,79,384,1613,58,2023Q3
3028,20877,99,385,1918,77,2023Q4
3028,20985,111,403,1179,65,2024Q1
3028,21222,120,471,1547,77,2024Q2
3028,21155,137,524,1820,96,2024Q3
3028,21165,145,558,2061,104,2024Q4
3028,21197,165,589,1200,65,2025Q1
3028,21122,191,614,1450,90,2025Q2
3028,21006,206,632,1650,105,2025Q3
3028,21034,231,653,1888,124,2025Q4
3028,20103,247,535,841,83,2026Q1
3028,20181,300,565,1062,134,2026Q2
3029,99936,669,2353,9207,486,2023Q2
3029,101554,810,2542,11099,616,2023Q3
3029,102894,921,2695,12048,713,2023Q4
3029,104851,1070,2842,8042,616,2024Q1
3029,107102,1230,3137,9942,778,2024Q2
3029,109162,1356,3361,11709,898,2024Q3
3029,110399,1491,3582,13325,1021,2024Q4
3029,112270,1593,3902,7944,532,2025Q1
3029,114654,1811,4252,9969,743,2025Q2
3029,116641,2048,4629,11759,968,2025Q3
3029,118003,2223,5002,13423,1149,2025Q4
3029,119632,2493,5445,7809,925,2026Q1
3029,121684,3116,6124,10110,1523,2026Q2
3030,85889,719,1296,6700,509,2023Q2
3030,86601,873,1352,8141,666,2023Q3
3030,87039,966,1468,9532,753,2023Q4
3030,87560,1115,1570,5891,635,2024Q1
3030,88556,1304,1713,7432,821,2024Q2
3030,89055,1426,1871,8710,942,2024Q3
3030,89382,1600,2044,10028,1111,2024Q4
3030,89987,1720,2205,5574,607,2025Q1
3030,90533,1969,2388,7024,849,2025Q2
3030,90564,2194,2580,8365,1081,2025Q3
3030,91010,2392,2749,9601,1277,2025Q4
3030,90914,2619,2889,5429,950,2026Q1
3030,91567,3137,3200,6990,1466,2026Q2
3031,10190,88,189,655,58,2023Q2
3031,10200,98,200,807,69,2023Q3
3031,10305,114,214,979,87,2023Q4
3031,10320,134,232,606,77,2024Q1
3031,10398,153,240,741,96,2024Q2
3031,10521,163,258,850,106,2024Q3
3031,10497,167,274,960,112,2024Q4
3031,10565,185,306,511,54,2025Q1
3031,10558,204,329,642,74,2025Q2
3031,10580,231,351,782,97,2025Q3
3031,10690,264,366,942,123,2025Q4
3031,10787,297,394,575,106,2026Q1
3031,10973,348,436,718,152,2026Q2
3032,18534,195,259,1261,120,2023Q2
3032,18609,225,278,1527,154,2023Q3
3032,18719,250,294,1818,180,2023Q4
3032,18872,276,321,1143,142,2024Q1
3032,19020,308,346,1410,174,2024Q2
3032,19018,341,381,1665,209,2024Q3
3032,19123,373,402,1906,243,2024Q4
3032,19217,402,466,1017,125,2025Q1
3032,19367,447,531,1274,171,2025Q2
3032,19370,492,574,1506,216,2025Q3
3032,19367,552,622,1751,270,2025Q4
3032,19332,610,659,979,187,2026Q1
3032,19389,696,710,1252,279,2026Q2
3033,12287,75,151,949,41,2023Q2
3033,12350,85,160,1127,50,2023Q3
3033,12511,94,181,1328,57,2023Q4
3033,12640,104,199,865,48,2024Q1
3033,12694,110,209,1079,56,2024Q2
3033,12747,117,226,1274,64,2024Q3
3033,12712,130,238,1445,76,2024Q4
3033,12752,141,260,806,37,2025Q1
3033,12897,163,278,1020,56,2025Q2
3033,12940,177,317,1222,70,2025Q3
3033,12993,202,339,1432,96,2025Q4
3033,13050,227,366,794,84,2026Q1
3033,13072,296,391,1009,152,2026Q2
3034,8433,33,110,467,24,2023Q2
3034,8443,45,123,581,36,2023Q3
3034,8500,58,126,701,47,2023Q4
3034,8533,67,133,446,41,2024Q1
3034,8577,85,144,533,55,2024Q2
3034,8566,87,159,621,60,2024Q3
3034,8562,99,174,723,70,2024Q4
3034,8574,109,193,367,37,2025Q1
3034,8618,123,203,479,53,2025Q2
3034,8645,128,210,568,64,2025Q3
3034,8669,148,227,666,84,2025Q4
3034,8710,172,240,403,71,2026Q1
3034,8777,204,272,512,101,2026Q2
3036,4982,21,78,313,16,2023Q2
3036,4987,27,76,374,23,2023Q3
3036,5027,26,83,455,23,2023Q4
3036,5029,31,82,285,18,2024Q1
3036,5037,34,84,351,21,2024Q2
3036,5088,37,89,414,25,2024Q3
3036,5128,44,96,479,32,2024Q4
3036,5057,57,103,257,18,2025Q1
3036,5060,63,109,320,21,2025Q2
3036,5021,68,115,377,24,2025Q3
3036,5049,75,119,458,33,2025Q4
3036,5074,86,123,240,26,2026Q1
3036,5093,102,134,302,41,2026Q2
3037,36224,140,568,2235,87,2023Q2
3037,36380,158,575,2731,105,2023Q3
3037,36587,179,599,3179,127,2023Q4
3037,36778,209,619,2051,115,2024Q1
3037,36927,233,661,2540,140,2024Q2
3037,37099,259,739,2965,167,2024Q3
3037,37071,303,780,3364,209,2024Q4
3037,37268,332,878,1861,115,2025Q1
3037,37258,383,946,2347,163,2025Q2
3037,37286,429,1001,2830,206,2025Q3
3037,37331,477,1052,3228,254,2025Q4
3037,37333,538,1111,1856,202,2026Q1
3037,37517,641,1179,2301,302,2026Q2
3038,20669,76,338,1164,43,2023Q2
3038,20806,93,348,1463,61,2023Q3
3038,20885,98,358,1696,66,2023Q4
3038,20888,113,370,1015,65,2024Q1
3038,20972,126,391,1257,73,2024Q2
3038,20919,138,404,1479,82,2024Q3
3038,20954,163,426,1771,109,2024Q4
3038,20935,174,453,994,66,2025Q1
3038,20927,187,482,1226,81,2025Q2
3038,20830,216,510,1451,102,2025Q3
3038,20806,239,540,1689,126,2025Q4
3038,20713,277,571,956,97,2026Q1
3038,20729,345,618,1181,161,2026Q2
3039,10988,99,131,1290,65,2023Q2
3039,11083,115,138,1560,80,2023Q3
3039,11161,133,154,1751,99,2023Q4
3039,11290,150,175,1307,77,2024Q1
3039,11494,181,202,1634,106,2024Q2
3039,11453,195,244,1775,120,2024Q3
3039,11437,204,287,1886,130,2024Q4
3039,11485,219,320,1090,66,2025Q1
3039,11542,248,345,1321,90,2025Q2
3039,13155,310,415,2221,138,2025Q3
3039,13378,350,487,2574,175,2025Q4
3039,13746,393,573,1506,135,2026Q1
3039,13865,438,602,1822,182,2026Q2
3040,18634,182,205,1422,120,2023Q2
3040,18623,195,216,1671,131,2023Q3
3040,18764,216,231,1980,151,2023Q4
3040,18882,246,263,1281,125,2024Q1
3040,18796,263,300,1540,144,2024Q2
3040,18857,284,333,1784,166,2024Q3
3040,18897,323,371,2028,206,2024Q4
3040,18938,347,412,1085,121,2025Q1
3040,19053,391,460,1405,166,2025Q2
3040,19081,418,504,1671,196,2025Q3
3040,19102,450,528,1921,230,2025Q4
3040,19123,495,571,1101,163,2026Q1
3040,19273,584,626,1411,255,2026Q2
3041,12368,124,139,1786,83,2023Q2
3041,12501,158,168,2048,119,2023Q3
3041,12758,229,197,2400,202,2023Q4
3041,12895,262,243,1691,187,2024Q1
3041,13283,313,312,2064,238,2024Q2
3041,13135,313,363,2327,241,2024Q3
3041,13550,392,355,2691,323,2024Q4
3041,13447,407,373,1762,185,2025Q1
3041,13711,439,428,2154,225,2025Q2
3041,13692,450,480,2308,231,2025Q3
3041,13801,485,537,2684,276,2025Q4
3041,13525,453,605,1847,177,2026Q1
3041,13855,537,680,2272,281,2026Q2
3042,15856,79,434,1491,43,2023Q2
3042,16013,100,430,1716,63,2023Q3
3042,15971,102,430,1950,68,2023Q4
3042,16165,131,450,1097,69,2024Q1
3042,16448,144,470,1385,80,2024Q2
3042,16459,152,485,1611,93,2024Q3
3042,16584,174,498,1885,111,2024Q4
3042,16724,190,513,1106,55,2025Q1
3042,16783,215,540,1399,84,2025Q2
3042,16825,244,566,1676,105,2025Q3
3042,16942,273,590,1951,133,2025Q4
3042,17137,299,626,1167,102,2026Q1
3042,17167,358,713,1501,161,2026Q2
3043,28659,296,557,7315,200,2023Q2
3043,29772,294,561,8908,210,2023Q3
3043,30997,331,603,10826,256,2023Q4
3043,30814,345,695,7430,209,2024Q1
3043,30515,385,740,8168,253,2024Q2
3043,30411,376,793,9098,265,2024Q3
3043,30705,386,934,10153,277,2024Q4
3043,30611,423,1046,5865,128,2025Q1
3043,30397,418,1168,6798,137,2025Q2
3043,29963,397,1453,8487,146,2025Q3
3043,30317,408,1588,9780,154,2025Q4
3043,30762,444,1686,6973,105,2026Q1
3043,30192,516,1722,7575,233,2026Q2
3044,18473,101,272,1071,54,2023Q2
3044,18591,127,280,1312,77,2023Q3
3044,18786,146,295,1591,94,2023Q4
3044,18892,168,317,982,90,2024Q1
3044,19040,195,344,1214,116,2024Q2
3044,19191,220,394,1456,140,2024Q3
3044,19266,242,434,1716,165,2024Q4
3044,19344,252,485,955,99,2025Q1
3044,19362,298,521,1179,143,2025Q2
3044,19435,342,563,1402,178,2025Q3
3044,19435,367,617,1612,200,2025Q4
3044,19449,415,675,894,146,2026Q1
3044,19623,521,744,1219,247,2026Q2
3046,23802,128,446,1292,64,2023Q2
3046,24048,142,451,1561,78,2023Q3
3046,24430,158,470,1844,96,2023Q4
3046,24569,175,505,1161,82,2024Q1
3046,24828,191,559,1434,97,2024Q2
3046,24924,208,613,1700,115,2024Q3
3046,24906,226,686,1974,138,2024Q4
3046,24905,244,759,1141,73,2025Q1
3046,24927,264,800,1388,95,2025Q2
3046,24994,301,880,1644,131,2025Q3
3046,25045,336,951,1933,161,2025Q4
3046,25138,371,1017,1142,125,2026Q1
3046,25364,458,1136,1460,211,2026Q2
3047,14416,49,416,638,23,2023Q2
3047,14631,51,420,776,26,2023Q3
3047,14814,50,442,932,30,2023Q4
3047,14917,58,451,614,26,2024Q1
3047,15118,60,484,771,30,2024Q2
3047,15149,58,512,889,29,2024Q3
3047,15158,64,527,1027,32,2024Q4
3047,15159,61,536,574,15,2025Q1
3047,15144,64,546,719,17,2025Q2
3047,15174,74,573,860,25,2025Q3
3047,15180,89,602,1012,35,2025Q4
3047,15235,111,648,613,33,2026Q1
3047,15356,132,679,769,60,2026Q2
3048,12582,36,376,534,12,2023Q2
3048,12696,39,378,640,14,2023Q3
3048,12839,41,383,765,15,2023Q4
3048,12944,47,392,520,10,2024Q1
3048,13108,51,419,638,17,2024Q2
3048,13169,57,430,735,25,2024Q3
3048,13201,58,440,830,27,2024Q4
3048,13104,61,450,434,17,2025Q1
3048,13017,69,469,551,26,2025Q2
3048,13076,78,489,655,34,2025Q3
3048,13117,94,498,746,47,2025Q4
3048,13019,102,513,405,41,2026Q1
3048,13038,111,551,509,50,2026Q2
3049,7802,31,104,468,22,2023Q2
3049,7869,34,102,574,25,2023Q3
3049,7892,34,105,664,26,2023Q4
3049,7913,43,116,422,20,2024Q1
3049,8008,50,149,549,27,2024Q2
3049,8038,54,159,675,32,2024Q3
3049,8085,60,170,803,38,2024Q4
3049,8115,63,177,515,22,2025Q1
3049,8164,72,196,625,29,2025Q2
3049,8164,87,222,718,42,2025Q3
3049,8173,99,242,826,53,2025Q4
3049,8191,112,282,433,44,2026Q1
3049,8211,128,308,536,61,2026Q2
3051,8521,117,249,782,59,2023Q2
3051,8592,130,263,945,73,2023Q3
3051,8582,135,273,1107,73,2023Q4
3051,8615,154,289,654,57,2024Q1
3051,8664,159,307,803,67,2024Q2
3051,8607,174,320,934,86,2024Q3
3051,8692,187,339,1071,98,2024Q4
3051,8589,198,285,631,54,2025Q1
3051,8724,217,311,815,65,2025Q2
3051,8747,240,317,993,91,2025Q3
3051,8861,259,330,1155,106,2025Q4
3051,8880,280,362,692,67,2026Q1
3051,8972,305,367,841,98,2026Q2
3052,2956,45,75,283,34,2023Q2
3052,2819,51,82,321,42,2023Q3
3052,2841,57,88,364,49,2023Q4
3052,2865,61,98,242,29,2024Q1
3052,2897,73,127,324,39,2024Q2
3052,2905,79,149,385,47,2024Q3
3052,2839,91,158,418,58,2024Q4
3052,2884,95,179,288,31,2025Q1
3052,2928,107,198,366,35,2025Q2
3052,2914,107,202,395,36,2025Q3
3052,2924,105,224,444,39,2025Q4
3052,2852,117,227,220,23,2026Q1
3052,2877,144,239,283,57,2026Q2
3053,5736,50,125,466,28,2023Q2
3053,5756,51,140,538,31,2023Q3
3053,5826,60,142,642,40,2023Q4
3053,5822,72,166,427,40,2024Q1
3053,5829,84,182,539,50,2024Q2
3053,5810,85,186,607,51,2024Q3
3053,5785,92,208,702,58,2024Q4
3053,5800,90,220,426,22,2025Q1
3053,5850,100,237,527,31,2025Q2
3053,5864,110,257,648,41,2025Q3
3053,5976,121,282,740,51,2025Q4
3053,5948,130,295,372,34,2026Q1
3053,5930,156,305,430,61,2026Q2
3054,4228,52,60,229,32,2023Q2
3054,4234,55,69,266,36,2023Q3
3054,4273,59,76,312,40,2023Q4
3054,4267,66,72,179,29,2024Q1
3054,4287,77,79,233,40,2024Q2
3054,4270,82,83,273,45,2024Q3
3054,4285,95,91,324,58,2024Q4
3054,4338,101,96,168,31,2025Q1
3054,4336,108,104,218,36,2025Q2
3054,4349,121,110,261,44,2025Q3
3054,4357,131,115,299,54,2025Q4
3054,4375,139,119,170,33,2026Q1
3054,4367,155,123,221,51,2026Q2
3055,8192,53,157,386,33,2023Q2
3055,8236,59,162,474,39,2023Q3
3055,8242,69,179,571,48,2023Q4
3055,8274,82,177,342,41,2024Q1
3055,8278,94,176,415,53,2024Q2
3055,8284,104,193,495,63,2024Q3
3055,8284,117,214,584,76,2024Q4
3055,8326,127,233,311,36,2025Q1
3055,8376,143,246,405,53,2025Q2
3055,8390,162,262,499,70,2025Q3
3055,8409,179,273,564,82,2025Q4
3055,8464,197,301,344,65,2026Q1
3055,8524,255,318,449,115,2026Q2
3056,17272,157,236,2003,81,2023Q2
3056,17329,174,243,2342,100,2023Q3
3056,17377,189,258,2712,113,2023Q4
3056,17561,211,269,1554,92,2024Q1
3056,17730,243,293,2059,122,2024Q2
3056,17680,270,316,2474,145,2024Q3
3056,17709,305,347,2886,178,2024Q4
3056,17668,328,370,1691,104,2025Q1
3056,17725,367,393,2093,138,2025Q2
3056,17782,415,415,2536,190,2025Q3
3056,17880,449,476,2910,221,2025Q4
3056,18003,494,511,1548,148,2026Q1
3056,18021,590,543,1949,241,2026Q2
3057,7146,61,109,362,42,2023Q2
3057,7142,66,118,442,48,2023Q3
3057,7296,74,124,521,55,2023Q4
3057,7325,89,131,332,40,2024Q1
3057,7381,109,139,402,56,2024Q2
3057,7399,123,146,473,65,2024Q3
3057,7392,132,152,526,76,2024Q4
3057,7477,141,169,277,42,2025Q1
3057,7533,159,174,346,57,2025Q2
3057,7578,180,190,430,83,2025Q3
3057,7620,204,208,519,101,2025Q4
3057,7619,228,217,319,77,2026Q1
3057,7644,269,232,403,115,2026Q2
3058,24321,208,568,1557,101,2023Q2
3058,24434,226,597,1789,119,2023Q3
3058,24618,250,632,2065,140,2023Q4
3058,24859,283,704,1352,117,2024Q1
3058,25029,319,747,1694,157,2024Q2
3058,25080,362,806,1978,190,2024Q3
3058,25097,411,821,2252,236,2024Q4
3058,25036,445,897,1234,145,2025Q1
3058,25245,485,984,1586,185,2025Q2
3058,25327,542,1024,1841,229,2025Q3
3058,25365,592,1099,2155,279,2025Q4
3058,25273,650,1149,1303,190,2026Q1
3058,25409,774,1221,1677,318,2026Q2
3059,17148,105,242,1261,69,2023Q2
3059,17433,122,249,1525,84,2023Q3
3059,17774,138,263,1821,101,2023Q4
3059,18026,152,282,1173,79,2024Q1
3059,18341,170,312,1459,100,2024Q2
3059,18535,187,349,1727,117,2024Q3
3059,18696,217,384,1974,145,2024Q4
3059,18814,236,438,1054,83,2025Q1
3059,19068,263,486,1352,109,2025Q2
3059,19357,312,547,1647,153,2025Q3
3059,19527,354,595,1916,183,2025Q4
3059,19837,385,651,1121,129,2026Q1
3059,20221,460,746,1474,207,2026Q2
3060,10008,61,340,493,19,2023Q2
3060,10164,69,371,618,27,2023Q3
3060,10217,71,377,718,34,2023Q4
3060,10360,74,380,450,24,2024Q1
3060,10513,84,399,546,36,2024Q2
3060,10641,88,437,624,39,2024Q3
3060,10697,103,464,731,52,2024Q4
3060,10759,113,469,418,31,2025Q1
3060,10849,133,511,496,45,2025Q2
3060,11041,148,577,614,60,2025Q3
3060,11123,156,618,717,70,2025Q4
3060,11111,160,637,411,53,2026Q1
3060,11238,191,690,526,83,2026Q2
3061,13772,61,335,1460,13,2023Q2
3061,13874,66,362,1773,17,2023Q3
3061,13988,68,396,2075,19,2023Q4
3061,14227,71,450,1244,11,2024Q1
3061,14305,76,475,1478,12,2024Q2
3061,14410,82,488,1810,25,2024Q3
3061,14484,84,498,2144,29,2024Q4
3061,14539,92,551,1143,25,2025Q1
3061,14698,99,581,1392,32,2025Q2
3061,14086,94,566,1529,35,2025Q3
3061,14598,103,550,1856,41,2025Q4
3061,14483,113,490,913,24,2026Q1
3061,14455,130,526,1132,43,2026Q2
3063,694,0,16,44,0,2023Q2
3063,685,0,15,46,0,2023Q3
3063,695,0,16,53,0,2023Q4
3063,687,1,15,31,1,2024Q1
3063,691,1,15,38,1,2024Q2
3063,693,1,15,45,1,2024Q3
3063,685,3,15,50,2,2024Q4
3063,696,3,17,29,1,2025Q1
3063,697,4,17,38,2,2025Q2
3063,680,5,19,41,2,2025Q3
3063,698,5,19,50,2,2025Q4
3063,693,7,20,29,1,2026Q1
3063,663,9,20,39,3,2026Q2
3064,82960,420,1964,6010,234,2023Q2
3064,84821,482,2071,7292,294,2023Q3
3064,86331,532,2217,8577,346,2023Q4
3064,87883,608,2300,5343,287,2024Q1
3064,89361,693,2535,6658,368,2024Q2
3064,90803,774,2742,7875,447,2024Q3
3064,92337,880,2981,9165,542,2024Q4
3064,93416,958,3268,5266,340,2025Q1
3064,95243,1082,3608,6744,464,2025Q2
3064,96556,1212,3950,8198,594,2025Q3
3064,97959,1327,4260,9477,695,2025Q4
3064,99461,1509,4681,5604,529,2026Q1
3064,101218,1870,5186,7151,871,2026Q2
3065,5515,82,75,360,37,2023Q2
3065,5515,86,75,427,43,2023Q3
3065,5497,93,76,487,52,2023Q4
3065,5555,99,80,317,37,2024Q1
3065,5555,118,94,392,52,2024Q2
3065,5448,125,112,464,57,2024Q3
3065,5471,138,117,549,74,2024Q4
3065,5500,154,125,319,46,2025Q1
3065,5486,165,145,398,57,2025Q2
3065,5536,185,163,485,75,2025Q3
3065,5524,196,173,562,90,2025Q4
3065,5536,216,181,289,58,2026Q1
3065,5540,235,192,350,79,2026Q2
3066,5599,72,105,574,39,2023Q2
3066,5662,78,117,650,45,2023Q3
3066,5683,90,134,741,59,2023Q4
3066,5783,108,139,537,59,2024Q1
3066,5734,134,146,649,90,2024Q2
3066,5735,135,157,716,90,2024Q3
3066,5709,143,164,819,96,2024Q4
3066,5713,157,183,505,68,2025Q1
3066,5753,177,207,614,89,2025Q2
3066,5800,188,216,721,103,2025Q3
3066,5769,214,239,778,125,2025Q4
3066,5804,238,247,529,95,2026Q1
3066,5745,249,259,597,108,2026Q2
3067,5316,57,70,459,33,2023Q2
3067,5419,69,79,556,44,2023Q3
3067,5425,78,89,656,53,2023Q4
3067,5492,87,92,414,50,2024Q1
3067,5481,89,99,500,53,2024Q2
3067,5460,92,107,566,58,2024Q3
3067,5453,110,123,649,74,2024Q4
3067,5469,123,138,361,43,2025Q1
3067,5474,136,140,447,55,2025Q2
3067,5461,150,145,523,67,2025Q3
3067,5619,165,168,606,79,2025Q4
3067,5588,184,175,350,62,2026Q1
3067,5642,217,197,444,97,2026Q2
3068,10993,168,134,640,109,2023Q2
3068,11080,179,149,759,119,2023Q3
3068,11167,201,155,874,140,2023Q4
3068,11175,230,177,548,117,2024Q1
3068,11190,259,202,714,144,2024Q2
3068,11197,281,209,857,166,2024Q3
3068,11174,309,215,991,196,2024Q4
3068,11230,332,244,592,113,2025Q1
3068,11177,361,267,722,140,2025Q2
3068,11236,392,286,854,168,2025Q3
3068,11278,433,305,979,211,2025Q4
3068,11322,462,333,494,132,2026Q1
3068,11353,551,343,652,224,2026Q2
3070,14498,184,415,873,100,2023Q2
3070,14587,217,427,1038,131,2023Q3
3070,14727,243,450,1215,152,2023Q4
3070,14803,281,453,732,141,2024Q1
3070,14853,307,459,893,173,2024Q2
3070,14810,334,473,1079,200,2024Q3
3070,14918,375,471,1282,243,2024Q4
3070,15015,399,511,758,129,2025Q1
3070,15062,440,533,964,173,2025Q2
3070,15122,476,557,1116,206,2025Q3
3070,15204,526,583,1296,254,2025Q4
3070,15368,589,618,734,180,2026Q1
3070,15446,694,640,944,278,2026Q2
3071,11700,82,180,701,43,2023Q2
3071,11709,107,192,823,65,2023Q3
3071,11765,120,200,956,80,2023Q4
3071,11832,134,215,570,74,2024Q1
3071,11941,152,230,703,88,2024Q2
3071,11977,170,239,847,104,2024Q3
3071,12044,195,261,996,129,2024Q4
3071,12115,213,273,567,66,2025Q1
3071,12221,251,286,709,101,2025Q2
3071,12222,277,309,871,131,2025Q3
3071,12305,314,329,1046,170,2025Q4
3071,12333,349,336,593,120,2026Q1
3071,12448,424,365,782,194,2026Q2
3072,25660,167,559,2229,87,2023Q2
3072,25944,181,581,2649,104,2023Q3
3072,26036,198,609,3129,121,2023Q4
3072,26143,238,621,2054,113,2024Q1
3072,26508,275,696,2556,147,2024Q2
3072,26773,309,761,3026,176,2024Q3
3072,27098,351,804,3567,214,2024Q4
3072,27117,375,846,2257,127,2025Q1
3072,27208,409,906,2740,165,2025Q2
3072,25838,449,916,2532,205,2025Q3
3072,26075,504,957,2926,256,2025Q4
3072,26043,561,996,1780,196,2026Q1
3072,26289,678,1025,2179,304,2026Q2
3073,33449,147,679,1683,76,2023Q2
3073,33706,172,708,2063,102,2023Q3
3073,33800,189,718,2411,122,2023Q4
3073,34039,218,749,1539,118,2024Q1
3073,34167,258,792,1919,149,2024Q2
3073,34339,288,821,2296,180,2024Q3
3073,34384,322,869,2651,213,2024Q4
3073,34586,347,930,1524,110,2025Q1
3073,34816,403,1012,1912,166,2025Q2
3073,34848,452,1062,2240,215,2025Q3
3073,34779,506,1123,2597,258,2025Q4
3073,34734,551,1166,1452,190,2026Q1
3073,34851,657,1228,1861,300,2026Q2
3074,19763,65,395,1349,28,2023Q2
3074,20084,72,423,1658,37,2023Q3
3074,20249,78,442,1935,43,2023Q4
3074,20285,93,486,1233,43,2024Q1
3074,20464,102,515,1516,51,2024Q2
3074,20639,108,550,1758,59,2024Q3
3074,20687,114,629,2080,65,2024Q4
3074,20804,119,741,1201,35,2025Q1
3074,20998,139,810,1495,54,2025Q2
3074,21002,159,835,1787,68,2025Q3
3074,20918,172,899,2059,81,2025Q4
3074,20923,192,920,1145,66,2026Q1
3074,21054,223,936,1400,97,2026Q2
3075,15414,49,369,731,29,2023Q2
3075,15565,54,396,891,34,2023Q3
3075,15705,58,409,1070,38,2023Q4
3075,15822,70,436,678,39,2024Q1
3075,16003,81,493,890,51,2024Q2
3075,15979,90,522,1034,60,2024Q3
3075,16131,95,549,1178,62,2024Q4
3075,16041,100,545,669,37,2025Q1
3075,16092,120,561,828,54,2025Q2
3075,16068,131,581,987,62,2025Q3
3075,16090,136,601,1127,72,2025Q4
3075,16097,148,594,591,52,2026Q1
3075,16237,174,662,758,74,2026Q2
3076,27408,301,913,2346,76,2023Q2
3076,27714,309,975,2806,87,2023Q3
3076,28114,281,1011,3290,104,2023Q4
3076,28324,343,1048,2390,91,2024Q1
3076,28672,358,1105,2915,106,2024Q2
3076,28663,393,1147,3277,134,2024Q3
3076,28735,393,1164,3672,142,2024Q4
3076,28744,413,1231,2326,96,2025Q1
3076,28999,446,1292,2812,129,2025Q2
3076,29010,478,1355,3225,152,2025Q3
3076,29212,513,1440,3684,184,2025Q4
3076,29261,541,1491,2321,143,2026Q1
3076,29284,581,1597,2718,200,2026Q2
3078,9279,146,149,820,101,2023Q2
3078,9287,166,162,945,124,2023Q3
3078,9440,191,180,1123,149,2023Q4
3078,9541,217,196,788,129,2024Q1
3078,9619,250,193,935,159,2024Q2
3078,9522,276,212,1066,188,2024Q3
3078,9603,276,233,1142,186,2024Q4
3078,9593,302,257,654,117,2025Q1
3078,9641,325,279,804,141,2025Q2
3078,9677,352,291,916,169,2025Q3
3078,9689,380,304,1061,192,2025Q4
3078,9818,416,317,692,132,2026Q1
3078,9958,487,363,910,207,2026Q2
3079,12138,139,170,832,79,2023Q2
3079,12152,170,183,1010,106,2023Q3
3079,12209,190,192,1202,122,2023Q4
3079,12308,215,201,793,112,2024Q1
3079,12369,266,230,1000,161,2024Q2
3079,12540,296,260,1170,185,2024Q3
3079,12597,323,285,1333,211,2024Q4
3079,12607,341,308,724,108,2025Q1
3079,12634,372,331,906,139,2025Q2
3079,12712,408,356,1115,176,2025Q3
3079,12806,449,372,1316,213,2025Q4
3079,12842,492,408,746,149,2026Q1
3079,12928,566,449,939,221,2026Q2
3081,10825,85,279,738,58,2023Q2
3081,10986,115,292,908,84,2023Q3
3081,11121,132,296,1061,99,2023Q4
3081,11195,143,312,621,69,2024Q1
3081,11374,151,338,798,81,2024Q2
3081,11536,168,373,948,94,2024Q3
3081,11594,184,396,1093,108,2024Q4
3081,11697,201,416,656,55,2025Q1
3081,11831,220,431,819,70,2025Q2
3081,11936,242,436,984,92,2025Q3
3081,11919,258,454,1111,110,2025Q4
3081,12000,281,477,621,84,2026Q1
3081,11992,328,493,781,129,2026Q2
3082,21315,72,376,1289,44,2023Q2
3082,21400,94,379,1531,67,2023Q3
3082,21430,96,394,1785,69,2023Q4
3082,21510,103,405,1195,59,2024Q1
3082,21531,121,437,1475,78,2024Q2
3082,21640,122,477,1741,82,2024Q3
3082,21601,136,498,1978,98,2024Q4
3082,21548,151,540,1172,64,2025Q1
3082,21669,184,583,1468,92,2025Q2
3082,21575,216,625,1648,120,2025Q3
3082,21628,238,701,1900,144,2025Q4
3082,21550,269,746,1126,112,2026Q1
3082,21653,332,791,1426,172,2026Q2
3083,23163,128,404,1608,85,2023Q2
3083,23289,145,421,1919,102,2023Q3
3083,23538,173,451,2264,128,2023Q4
3083,23736,203,486,1526,117,2024Q1
3083,23896,220,516,1826,137,2024Q2
3083,24016,235,561,2195,155,2024Q3
3083,24064,256,590,2488,170,2024Q4
3083,24077,273,630,1446,105,2025Q1
3083,24199,310,665,1717,143,2025Q2
3083,24078,337,706,2012,172,2025Q3
3083,24160,375,757,2260,203,2025Q4
3083,24253,441,814,1307,178,2026Q1
3083,24346,544,866,1693,278,2026Q2
3084,18504,173,261,1225,111,2023Q2
3084,18612,207,286,1495,145,2023Q3
3084,18701,243,306,1777,178,2023Q4
3084,18671,276,350,1109,157,2024Q1
3084,18781,305,402,1354,186,2024Q2
3084,18829,350,433,1622,227,2024Q3
3084,18883,391,484,1870,267,2024Q4
3084,18931,430,552,1045,141,2025Q1
3084,19000,475,606,1313,191,2025Q2
3084,19053,533,656,1579,245,2025Q3
3084,19084,564,716,1826,280,2025Q4
3084,19104,624,776,1013,202,2026Q1
3084,19259,769,847,1351,341,2026Q2
3085,9165,66,120,573,44,2023Q2
3085,9219,79,129,706,54,2023Q3
3085,9250,91,139,862,66,2023Q4
3085,9292,106,154,569,53,2024Q1
3085,9339,116,165,695,64,2024Q2
3085,9371,128,177,831,75,2024Q3
3085,9376,150,198,956,102,2024Q4
3085,9447,166,221,543,68,2025Q1
3085,9454,190,238,676,92,2025Q2
3085,9418,218,249,814,120,2025Q3
3085,9500,252,271,950,152,2025Q4
3085,9460,288,291,543,120,2026Q1
3085,9516,335,324,683,166,2026Q2
3087,6102,31,92,373,20,2023Q2
3087,6159,42,94,439,30,2023Q3
3087,6207,47,105,526,34,2023Q4
3087,6201,54,101,314,30,2024Q1
3087,6188,63,106,401,39,2024Q2
3087,6209,67,113,476,43,2024Q3
3087,6219,76,122,556,54,2024Q4
3087,6273,81,144,314,28,2025Q1
3087,6270,88,151,387,36,2025Q2
3087,6305,96,164,465,42,2025Q3
3087,6323,113,182,553,59,2025Q4
3087,6268,127,190,320,44,2026Q1
3087,6265,147,204,388,65,2026Q2
3088,19832,101,255,1243,61,2023Q2
3088,19890,128,281,1526,88,2023Q3
3088,20020,152,299,1810,110,2023Q4
3088,20099,184,312,1107,110,2024Q1
3088,20223,235,348,1424,160,2024Q2
3088,20242,263,380,1707,184,2024Q3
3088,20338,295,415,1959,216,2024Q4
3088,20443,324,464,1144,127,2025Q1
3088,20436,356,498,1438,157,2025Q2
3088,20436,397,536,1700,200,2025Q3
3088,20429,433,587,2001,241,2025Q4
3088,20451,488,622,1105,158,2026Q1
3088,20560,589,692,1432,259,2026Q2
3089,10039,51,151,726,30,2023Q2
3089,10074,59,157,855,38,2023Q3
3089,10022,68,161,981,45,2023Q4
3089,10116,77,168,603,34,2024Q1
3089,10161,90,175,731,47,2024Q2
3089,10152,102,180,868,59,2024Q3
3089,10190,118,188,1004,75,2024Q4
3089,10225,135,216,615,57,2025Q1
3089,10270,160,247,780,78,2025Q2
3089,10277,177,265,927,93,2025Q3
3089,10263,195,281,1064,112,2025Q4
3089,10246,208,296,604,71,2026Q1
3089,10284,256,321,771,123,2026Q2
3090,2485,18,27,187,13,2023Q2
3090,2502,24,31,219,17,2023Q3
3090,2501,27,31,265,20,2023Q4
3090,2516,29,33,188,20,2024Q1
3090,2534,33,39,243,24,2024Q2
3090,2527,36,41,276,26,2024Q3
3090,2498,36,46,299,26,2024Q4
3090,2493,44,53,164,15,2025Q1
3090,2488,46,54,208,17,2025Q2
3090,2543,52,58,256,22,2025Q3
3090,2544,58,59,289,28,2025Q4
3090,2581,65,62,178,22,2026Q1
3090,2591,77,71,220,33,2026Q2
3091,1780,10,38,108,2,2023Q2
3091,1793,13,36,128,4,2023Q3
3091,1799,15,36,161,6,2023Q4
3091,1801,18,37,100,8,2024Q1
3091,1805,18,40,119,8,2024Q2
3091,1841,21,44,144,10,2024Q3
3091,1856,22,43,173,10,2024Q4
3091,1829,23,41,87,8,2025Q1
3091,1843,24,41,115,10,2025Q2
3091,1843,24,48,140,10,2025Q3
3091,1858,24,53,163,10,2025Q4
3091,1849,27,54,86,5,2026Q1
3091,1889,30,59,105,7,2026Q2
3093,3063,30,41,235,18,2023Q2
3093,3109,36,43,277,24,2023Q3
3093,3107,41,42,323,29,2023Q4
3093,3089,49,42,194,26,2024Q1
3093,3113,54,43,243,32,2024Q2
3093,3222,61,47,299,38,2024Q3
3093,3211,66,51,345,44,2024Q4
3093,3248,67,62,196,21,2025Q1
3093,3248,73,61,236,27,2025Q2
3093,3225,88,58,282,42,2025Q3
3093,3230,96,61,314,49,2025Q4
3093,3210,103,68,165,31,2026Q1
3093,3250,126,81,220,52,2026Q2
3094,6518,38,92,395,23,2023Q2
3094,6556,40,90,465,24,2023Q3
3094,6577,47,95,562,31,2023Q4
3094,6571,54,106,340,28,2024Q1
3094,6628,65,114,437,39,2024Q2
3094,6614,75,117,507,48,2024Q3
3094,6615,91,125,599,66,2024Q4
3094,6619,105,140,349,48,2025Q1
3094,6640,116,160,440,57,2025Q2
3094,6667,129,172,540,67,2025Q3
3094,6685,153,191,640,89,2025Q4
3094,6678,169,206,381,57,2026Q1
3094,6667,205,225,459,90,2026Q2
3095,22332,182,301,1414,107,2023Q2
3095,22428,216,312,1752,138,2023Q3
3095,22484,244,335,2069,165,2023Q4
3095,22502,272,366,1337,136,2024Q1
3095,22562,322,382,1685,184,2024Q2
3095,22531,371,414,2011,230,2024Q3
3095,22525,403,460,2319,261,2024Q4
3095,22583,435,510,1339,161,2025Q1
3095,22638,492,549,1674,215,2025Q2
3095,22643,554,600,1975,276,2025Q3
3095,22695,611,648,2269,330,2025Q4
3095,22738,700,717,1227,228,2026Q1
3095,22786,810,786,1556,329,2026Q2
3096,1589,8,32,82,5,2023Q2
3096,1592,10,31,103,7,2023Q3
3096,1611,12,31,121,9,2023Q4
3096,1625,12,32,79,6,2024Q1
3096,1631,13,31,97,7,2024Q2
3096,1634,17,35,118,10,2024Q3
3096,1657,20,36,133,12,2024Q4
3096,1685,22,37,65,4,2025Q1
3096,1670,23,39,85,5,2025Q2
3096,1675,24,42,105,6,2025Q3
3096,1645,26,41,120,8,2025Q4
3096,1652,32,40,72,11,2026Q1
3096,1628,35,46,92,14,2026Q2
3097,1473,16,24,77,8,2023Q2
3097,1465,18,27,95,10,2023Q3
3097,1478,19,28,120,11,2023Q4
3097,1499,18,27,76,7,2024Q1
3097,1506,18,26,87,7,2024Q2
3097,1524,20,27,108,8,2024Q3
3097,1517,23,29,127,12,2024Q4
3097,1508,23,31,53,5,2025Q1
3097,1531,25,35,73,7,2025Q2
3097,1530,28,42,104,11,2025Q3
3097,1543,38,40,127,20,2025Q4
3097,1537,44,41,93,19,2026Q1
3097,1547,52,49,113,26,2026Q2
3099,4533,29,84,209,18,2023Q2
3099,4528,37,88,258,24,2023Q3
3099,4544,38,90,312,24,2023Q4
3099,4546,44,91,190,21,2024Q1
3099,4525,45,96,229,22,2024Q2
3099,4545,47,96,274,25,2024Q3
3099,4534,53,101,336,30,2024Q4
3099,4563,53,105,193,12,2025Q1
3099,4606,65,113,252,22,2025Q2
3099,4596,69,120,292,27,2025Q3
3099,4621,74,122,337,32,2025Q4
3099,4657,81,132,195,23,2026Q1
3099,4652,90,137,237,31,2026Q2
3101,16598,347,207,1376,215,2023Q2
3101,16611,391,223,1641,262,2023Q3
3101,16721,453,253,1981,322,2023Q4
3101,16758,499,282,1295,246,2024Q1
3101,16838,539,314,1566,287,2024Q2
3101,16952,595,351,1842,339,2024Q3
3101,16926,621,380,2105,368,2024Q4
3101,17047,661,437,1131,175,2025Q1
3101,17108,718,480,1435,231,2025Q2
3101,17036,779,506,1683,297,2025Q3
3101,17092,860,550,1963,368,2025Q4
3101,17199,913,610,1105,245,2026Q1
3101,17274,1055,647,1408,380,2026Q2
3102,4967,80,65,496,50,2023Q2
3102,5039,87,73,612,57,2023Q3
3102,5138,95,84,734,65,2023Q4
3102,4970,107,91,359,52,2024Q1
3102,5009,116,100,447,60,2024Q2
3102,5024,123,114,533,69,2024Q3
3102,5043,137,123,609,83,2024Q4
3102,5082,151,143,334,41,2025Q1
3102,5072,174,149,400,63,2025Q2
3102,5072,199,157,479,87,2025Q3
3102,5088,214,171,552,102,2025Q4
3102,5055,232,178,305,66,2026Q1
3102,5056,274,192,394,108,2026Q2
3103,10842,185,144,959,124,2023Q2
3103,10893,210,165,1168,150,2023Q3
3103,10837,239,176,1324,175,2023Q4
3103,10912,265,210,858,139,2024Q1
3103,11000,296,237,1049,166,2024Q2
3103,10936,310,259,1211,187,2024Q3
3103,10929,339,292,1394,215,2024Q4
3103,10935,365,326,793,122,2025Q1
3103,10962,420,349,1011,174,2025Q2
3103,10920,446,381,1165,206,2025Q3
3103,10931,493,404,1343,252,2025Q4
3103,10938,548,433,778,189,2026Q1
3103,10961,657,477,1004,302,2026Q2
3104,14635,251,185,1298,179,2023Q2
3104,14622,284,218,1507,209,2023Q3
3104,14686,320,240,1765,243,2023Q4
3104,14752,365,261,1109,188,2024Q1
3104,14893,415,296,1392,241,2024Q2
3104,14949,431,324,1580,266,2024Q3
3104,14931,469,350,1795,300,2024Q4
3104,15127,530,404,1047,181,2025Q1
3104,15241,593,455,1326,246,2025Q2
3104,14974,668,487,1575,329,2025Q3
3104,14973,720,535,1797,382,2025Q4
3104,14997,793,579,1005,288,2026Q1
3104,15019,951,637,1320,446,2026Q2
3105,8181,82,124,549,67,2023Q2
3105,8195,96,126,667,78,2023Q3
3105,8205,100,137,777,84,2023Q4
3105,8233,109,151,507,60,2024Q1
3105,8273,123,159,598,73,2024Q2
3105,8293,134,170,702,85,2024Q3
3105,8297,155,192,830,105,2024Q4
3105,8360,170,217,442,54,2025Q1
3105,8391,191,252,565,76,2025Q2
3105,8380,208,270,676,95,2025Q3
3105,8372,234,286,788,116,2025Q4
3105,8386,268,306,435,92,2026Q1
3105,8396,326,342,569,147,2026Q2
3106,13099,174,148,1027,116,2023Q2
3106,13154,209,159,1210,147,2023Q3
3106,13191,234,163,1406,172,2023Q4
3106,13207,267,190,913,137,2024Q1
3106,13168,296,210,1126,170,2024Q2
3106,13165,323,237,1316,195,2024Q3
3106,13099,339,264,1481,218,2024Q4
3106,13126,367,296,813,120,2025Q1
3106,13209,415,335,1026,169,2025Q2
3106,13129,455,362,1243,211,2025Q3
3106,13138,477,392,1397,234,2025Q4
3106,13161,530,431,806,183,2026Q1
3106,13274,627,483,1047,282,2026Q2
3107,9872,87,125,691,69,2023Q2
3107,9954,101,139,817,83,2023Q3
3107,9974,114,145,953,96,2023Q4
3107,10057,131,154,612,83,2024Q1
3107,9993,154,173,740,106,2024Q2
3107,10048,173,193,890,122,2024Q3
3107,10068,204,208,1031,151,2024Q4
3107,10103,214,228,555,76,2025Q1
3107,10175,249,239,702,112,2025Q2
3107,10203,285,262,849,144,2025Q3
3107,10249,309,281,997,165,2025Q4
3107,10283,352,296,549,120,2026Q1
3107,10337,434,328,746,201,2026Q2
3108,19888,280,330,2319,204,2023Q2
3108,20092,334,359,2736,260,2023Q3
3108,20350,368,397,3109,294,2023Q4
3108,20612,458,424,2383,296,2024Q1
3108,20848,548,477,2790,379,2024Q2
3108,20687,602,524,3121,438,2024Q3
3108,20713,702,577,3551,543,2024Q4
3108,20068,661,627,2014,330,2025Q1
3108,20155,736,733,2370,413,2025Q2
3108,20265,822,806,2806,499,2025Q3
3108,20389,841,896,3159,534,2025Q4
3108,20487,927,993,2212,422,2026Q1
3108,20605,1038,1090,2641,542,2026Q2
3109,21089,191,267,1706,141,2023Q2
3109,21178,234,304,2072,182,2023Q3
3109,21355,260,329,2434,208,2023Q4
3109,21472,322,368,1605,203,2024Q1
3109,21571,373,417,1961,252,2024Q2
3109,21543,418,469,2271,294,2024Q3
3109,21595,457,547,2623,329,2024Q4
3109,21635,499,595,1438,182,2025Q1
3109,21747,582,656,1815,254,2025Q2
3109,21764,649,740,2162,323,2025Q3
3109,21713,729,799,2477,394,2025Q4
3109,21816,848,884,1431,338,2026Q1
3109,22001,1039,959,1851,522,2026Q2
3111,9540,115,131,641,68,2023Q2
3111,9597,125,134,769,80,2023Q3
3111,9622,145,141,941,99,2023Q4
3111,9709,171,150,645,85,2024Q1
3111,9779,198,164,792,116,2024Q2
3111,9795,214,168,927,132,2024Q3
3111,9831,245,186,1054,159,2024Q4
3111,9895,257,210,572,82,2025Q1
3111,9876,302,226,730,124,2025Q2
3111,9938,330,253,868,154,2025Q3
3111,10025,350,277,993,178,2025Q4
3111,9959,383,302,552,123,2026Q1
3111,9965,463,327,728,206,2026Q2
3113,7169,86,95,454,54,2023Q2
3113,7215,95,103,554,62,2023Q3
3113,7226,108,110,646,74,2023Q4
3113,7258,116,118,399,56,2024Q1
3113,7254,125,119,505,70,2024Q2
3113,7313,134,126,609,80,2024Q3
3113,7321,149,134,685,95,2024Q4
3113,7304,159,156,362,53,2025Q1
3113,7315,179,162,450,71,2025Q2
3113,7327,193,173,538,86,2025Q3
3113,7320,227,190,633,119,2025Q4
3113,7306,260,210,373,92,2026Q1
3113,7309,304,233,497,136,2026Q2
3114,3365,42,53,216,31,2023Q2
3114,3391,45,51,269,34,2023Q3
3114,3421,49,52,318,37,2023Q4
3114,3409,58,52,199,29,2024Q1
3114,3423,70,52,255,40,2024Q2
3114,3397,73,49,284,43,2024Q3
3114,3402,78,53,316,49,2024Q4
3114,3434,83,59,154,22,2025Q1
3114,3469,91,69,208,28,2025Q2
3114,4042,106,85,310,38,2025Q3
3114,3462,113,74,294,47,2025Q4
3114,3475,118,80,171,35,2026Q1
3114,3485,143,91,230,60,2026Q2
3115,3483,16,56,241,9,2023Q2
3115,3488,18,63,289,11,2023Q3
3115,3486,22,64,350,15,2023Q4
3115,3492,32,68,225,19,2024Q1
3115,3563,39,76,284,24,2024Q2
3115,3572,40,74,325,26,2024Q3
3115,3566,45,77,380,31,2024Q4
3115,3566,51,81,202,23,2025Q1
3115,3586,59,91,265,30,2025Q2
3115,3619,64,96,319,35,2025Q3
3115,3596,67,96,347,38,2025Q4
3115,3629,76,101,194,25,2026Q1
3115,3647,88,116,249,36,2026Q2
3116,9210,40,158,663,25,2023Q2
3116,9296,40,162,805,25,2023Q3
3116,9354,47,166,931,30,2023Q4
3116,9390,53,173,591,24,2024Q1
3116,9432,62,175,729,37,2024Q2
3116,9387,67,192,850,45,2024Q3
3116,9439,78,207,1016,56,2024Q4
3116,9441,91,222,598,41,2025Q1
3116,9509,109,227,749,57,2025Q2
3116,9511,126,233,875,74,2025Q3
3116,9501,141,252,998,91,2025Q4
3116,9510,154,272,510,66,2026Q1
3116,9552,195,303,651,105,2026Q2
3121,25299,441,257,3728,244,2023Q2
3121,25356,490,268,4623,314,2023Q3
3121,25545,562,297,5500,387,2023Q4
3121,25119,642,330,4143,361,2024Q1
3121,25410,697,374,5226,395,2024Q2
3121,25435,727,413,5978,455,2024Q3
3121,25191,758,445,6465,509,2024Q4
3121,25031,907,497,5124,390,2025Q1
3121,25925,1054,604,6276,507,2025Q2
3121,24847,926,723,6205,512,2025Q3
3121,23816,886,798,5896,501,2025Q4
3121,24204,952,988,4667,376,2026Q1
3121,24537,974,1019,5297,411,2026Q2
3122,14365,206,148,1164,111,2023Q2
3122,14371,233,166,1402,139,2023Q3
3122,14411,256,182,1631,164,2023Q4
3122,14507,287,218,1026,137,2024Q1
3122,14542,317,253,1246,162,2024Q2
3122,14645,345,282,1476,191,2024Q3
3122,14772,363,324,1685,215,2024Q4
3122,14756,387,362,911,104,2025Q1
3122,14884,422,422,1153,144,2025Q2
3122,14855,467,455,1353,180,2025Q3
3122,14891,510,500,1606,224,2025Q4
3122,14854,566,532,953,165,2026Q1
3122,14778,634,580,1192,249,2026Q2
3123,9927,153,174,908,97,2023Q2
3123,10010,172,198,1100,118,2023Q3
3123,10028,194,219,1286,142,2023Q4
3123,10039,209,245,825,107,2024Q1
3123,10122,239,272,1027,141,2024Q2
3123,10093,258,303,1191,162,2024Q3
3123,10152,278,349,1422,180,2024Q4
3123,10308,310,394,869,112,2025Q1
3123,10327,340,422,1060,144,2025Q2
3123,10336,372,450,1232,170,2025Q3
3123,10362,404,460,1398,206,2025Q4
3123,10492,439,499,778,138,2026Q1
3123,10528,508,538,998,204,2026Q2
3124,15361,289,191,1297,190,2023Q2
3124,15338,326,216,1560,228,2023Q3
3124,15442,358,245,1840,264,2023Q4
3124,15485,397,278,1222,216,2024Q1
3124,15657,463,313,1536,281,2024Q2
3124,15672,494,347,1774,309,2024Q3
3124,15746,542,376,2039,355,2024Q4
3124,15785,589,420,1110,196,2025Q1
3124,15871,657,457,1384,260,2025Q2
3124,15916,717,495,1623,323,2025Q3
3124,15962,790,540,1862,386,2025Q4
3124,16020,883,585,1032,278,2026Q1
3124,15998,1005,628,1311,406,2026Q2
3125,11167,136,171,992,89,2023Q2
3125,11195,146,185,1180,103,2023Q3
3125,11321,167,194,1319,123,2023Q4
3125,11230,187,205,932,92,2024Q1
3125,11306,214,249,1136,119,2024Q2
3125,11262,237,272,1324,144,2024Q3
3125,11334,267,298,1501,175,2024Q4
3125,11265,297,311,860,117,2025Q1
3125,11407,333,342,1051,150,2025Q2
3125,11609,370,374,1238,186,2025Q3
3125,11705,397,416,1417,215,2025Q4
3125,11717,429,460,902,161,2026Q1
3125,11791,505,553,1134,236,2026Q2
3126,5655,112,67,488,67,2023Q2
3126,5648,124,69,565,80,2023Q3
3126,5632,137,76,646,93,2023Q4
3126,5675,165,87,379,86,2024Q1
3126,5717,181,98,474,101,2024Q2
3126,5702,199,120,593,120,2024Q3
3126,5718,220,137,699,140,2024Q4
3126,5668,228,156,381,65,2025Q1
3126,5653,248,178,483,89,2025Q2
3126,5633,261,199,556,103,2025Q3
3126,5634,284,209,643,127,2025Q4
3126,5684,312,224,382,90,2026Q1
3126,5684,347,248,486,132,2026Q2
3127,12983,179,153,982,125,2023Q2
3127,13068,208,166,1162,152,2023Q3
3127,13112,239,190,1383,179,2023Q4
3127,13381,268,196,989,140,2024Q1
3127,13454,317,209,1224,186,2024Q2
3127,13488,345,250,1431,215,2024Q3
3127,13519,384,269,1638,256,2024Q4
3127,13613,409,295,906,141,2025Q1
3127,13666,472,326,1144,198,2025Q2
3127,13721,516,362,1344,238,2025Q3
3127,13774,545,406,1579,266,2025Q4
3127,13459,605,436,831,194,2026Q1
3127,13470,704,464,1043,301,2026Q2
3128,14334,162,184,1230,104,2023Q2
3128,14440,185,203,1507,125,2023Q3
3128,14487,214,223,1773,155,2023Q4
3128,14619,259,253,1199,129,2024Q1
3128,14831,286,297,1488,162,2024Q2
3128,14961,292,337,1697,168,2024Q3
3128,15073,323,350,1925,197,2024Q4
3128,15195,340,392,1054,110,2025Q1
3128,15351,377,432,1318,144,2025Q2
3128,15463,420,479,1609,191,2025Q3
3128,15612,464,534,1855,227,2025Q4
3128,15773,521,574,1082,175,2026Q1
3128,15880,641,634,1337,277,2026Q2
3129,11390,122,124,868,91,2023Q2
3129,11532,143,139,1045,107,2023Q3
3129,11598,158,163,1199,123,2023Q4
3129,11733,185,176,766,97,2024Q1
3129,11799,215,202,946,124,2024Q2
3129,11776,240,225,1107,148,2024Q3
3129,11797,262,245,1281,173,2024Q4
3129,11920,301,259,708,109,2025Q1
3129,11931,349,294,899,161,2025Q2
3129,11940,386,326,1077,188,2025Q3
3129,12015,413,360,1234,222,2025Q4
3129,12063,481,385,701,173,2026Q1
3129,12167,588,432,948,286,2026Q2
3130,24003,250,336,1932,180,2023Q2
3130,24064,290,343,2277,221,2023Q3
3130,24119,319,363,2605,247,2023Q4
3130,24159,364,406,1686,206,2024Q1
3130,24321,415,456,2121,262,2024Q2
3130,24291,462,518,2423,306,2024Q3
3130,24251,509,563,2725,345,2024Q4
3130,24330,563,590,1566,204,2025Q1
3130,24325,642,649,1965,281,2025Q2
3130,24198,731,671,2347,368,2025Q3
3130,24292,791,743,2724,427,2025Q4
3130,24275,890,815,1606,344,2026Q1
3130,24449,1076,915,2056,528,2026Q2
3131,17803,235,245,1452,136,2023Q2
3131,17825,264,256,1681,165,2023Q3
3131,17907,309,263,1956,217,2023Q4
3131,18114,334,281,1313,184,2024Q1
3131,18176,397,310,1613,247,2024Q2
3131,18295,437,341,1856,288,2024Q3
3131,17992,423,356,2041,319,2024Q4
3131,17962,463,382,1227,175,2025Q1
3131,17994,506,435,1534,218,2025Q2
3131,18715,870,490,1960,404,2025Q3
3131,18661,893,521,2193,472,2025Q4
3131,18855,964,571,1443,379,2026Q1
3131,18839,1069,647,1725,512,2026Q2
3132,12512,119,154,970,79,2023Q2
3132,12497,130,157,1166,96,2023Q3
3132,12584,153,189,1411,119,2023Q4
3132,12585,170,206,928,101,2024Q1
3132,12582,185,224,1112,117,2024Q2
3132,12585,206,247,1304,135,2024Q3
3132,12632,226,283,1513,157,2024Q4
3132,12718,254,306,868,96,2025Q1
3132,12849,286,328,1074,133,2025Q2
3132,12901,333,341,1273,177,2025Q3
3132,12867,367,353,1433,213,2025Q4
3132,13156,421,390,909,173,2026Q1
3132,13054,496,412,1049,253,2026Q2
3133,16767,147,237,1190,100,2023Q2
3133,16883,184,267,1475,137,2023Q3
3133,17030,210,295,1730,165,2023Q4
3133,17124,252,314,1107,142,2024Q1
3133,17304,283,334,1388,174,2024Q2
3133,17400,320,364,1638,205,2024Q3
3133,17485,345,376,1899,234,2024Q4
3133,17329,378,410,1051,130,2025Q1
3133,17301,444,446,1327,198,2025Q2
3133,17319,504,486,1595,250,2025Q3
3133,17269,556,534,1823,299,2025Q4
3133,17291,635,577,1005,246,2026Q1
3133,17338,771,643,1304,381,2026Q2
3134,27530,193,396,2116,129,2023Q2
3134,27693,240,442,2570,174,2023Q3
3134,27974,274,451,3000,201,2023Q4
3134,28090,322,449,2042,190,2024Q1
3134,28243,366,489,2529,227,2024Q2
3134,28099,399,520,2856,261,2024Q3
3134,28106,440,578,3263,302,2024Q4
3134,28235,484,639,1994,185,2025Q1
3134,28451,549,693,2423,248,2025Q2
3134,28485,629,749,2782,329,2025Q3
3134,28514,691,818,3133,386,2025Q4
3134,28661,785,913,1852,307,2026Q1
3134,28872,954,986,2391,473,2026Q2
3135,13847,95,232,883,65,2023Q2
3135,13924,104,236,1044,73,2023Q3
3135,14023,126,250,1214,95,2023Q4
3135,14103,155,260,749,92,2024Q1
3135,14222,179,291,944,117,2024Q2
3135,14320,203,308,1123,140,2024Q3
3135,14328,230,312,1287,166,2024Q4
3135,14337,243,329,699,88,2025Q1
3135,14385,282,347,887,125,2025Q2
3135,14424,307,378,1094,149,2025Q3
3135,14453,349,398,1270,188,2025Q4
3135,14438,410,427,730,150,2026Q1
3135,14586,508,480,957,244,2026Q2
3136,35515,171,591,2945,104,2023Q2
3136,35645,214,617,3517,144,2023Q3
3136,35812,260,658,4023,187,2023Q4
3136,35934,300,687,2467,169,2024Q1
3136,35012,355,734,2617,225,2024Q2
3136,34959,389,764,3034,257,2024Q3
3136,35080,440,812,3485,308,2024Q4
3136,35169,468,865,1910,163,2025Q1
3136,35250,525,938,2405,219,2025Q2
3136,35352,596,990,2871,293,2025Q3
3136,35302,661,1052,3350,351,2025Q4
3136,35359,733,1098,1902,265,2026Q1
3136,35489,925,1210,2447,459,2026Q2
3137,12883,48,241,852,30,2023Q2
3137,12892,56,236,1001,37,2023Q3
3137,12991,66,237,1188,46,2023Q4
3137,13109,80,243,733,41,2024Q1
3137,13188,88,245,929,47,2024Q2
3137,13150,102,258,1115,58,2024Q3
3137,13239,105,278,1283,61,2024Q4
3137,13260,106,286,720,28,2025Q1
3137,13338,120,303,904,41,2025Q2
3137,13311,126,315,1078,49,2025Q3
3137,13303,133,328,1246,57,2025Q4
3137,13249,154,359,701,49,2026Q1
3137,13236,202,389,877,95,2026Q2
3138,16489,53,335,1065,36,2023Q2
3138,16611,67,342,1285,49,2023Q3
3138,16711,74,346,1477,55,2023Q4
3138,16815,82,350,921,42,2024Q1
3138,16936,93,371,1139,51,2024Q2
3138,16974,110,390,1351,67,2024Q3
3138,16909,124,401,1573,80,2024Q4
3138,16907,132,441,896,50,2025Q1
3138,16999,167,465,1091,81,2025Q2
3138,17050,184,482,1281,98,2025Q3
3138,17124,203,516,1510,116,2025Q4
3138,17169,238,550,856,96,2026Q1
3138,17236,309,613,1098,159,2026Q2
3139,14090,30,369,758,20,2023Q2
3139,14220,31,369,902,21,2023Q3
3139,14221,39,362,1070,29,2023Q4
3139,14254,47,362,630,23,2024Q1
3139,14288,53,352,793,28,2024Q2
3139,14361,62,353,928,36,2024Q3
3139,14361,69,362,1079,40,2024Q4
3139,14351,72,360,589,17,2025Q1
3139,14341,74,369,717,22,2025Q2
3139,14326,84,372,875,29,2025Q3
3139,14320,90,394,999,35,2025Q4
3139,14335,99,409,548,26,2026Q1
3139,14390,116,434,713,45,2026Q2
3140,15913,58,307,1276,37,2023Q2
3140,16049,61,316,1544,43,2023Q3
3140,16167,62,331,1810,48,2023Q4
3140,16349,78,343,1210,44,2024Q1
3140,16508,94,355,1473,58,2024Q2
3140,16586,119,362,1708,77,2024Q3
3140,16573,131,380,1923,88,2024Q4
3140,16653,147,422,1119,64,2025Q1
3140,16689,170,443,1372,85,2025Q2
3140,16616,188,481,1622,104,2025Q3
3140,16695,207,508,1895,124,2025Q4
3140,17240,253,580,1244,110,2026Q1
3140,17365,318,660,1552,172,2026Q2
3141,13402,213,126,1222,112,2023Q2
3141,13392,231,153,1425,133,2023Q3
3141,13443,253,180,1731,154,2023Q4
3141,13455,269,201,1122,113,2024Q1
3141,13476,298,224,1347,147,2024Q2
3141,13461,303,235,1472,153,2024Q3
3141,13463,319,265,1678,172,2024Q4
3141,13474,359,286,1010,99,2025Q1
3141,13415,378,308,1161,124,2025Q2
3141,13381,401,330,1395,154,2025Q3
3141,13432,436,353,1555,189,2025Q4
3141,13463,463,401,923,130,2026Q1
3141,13431,520,426,1131,193,2026Q2
3142,10185,229,95,1028,110,2023Q2
3142,10160,257,102,1218,141,2023Q3
3142,10222,291,119,1398,181,2023Q4
3142,10045,291,131,818,123,2024Q1
3142,10051,317,146,997,151,2024Q2
3142,10020,330,161,1145,166,2024Q3
3142,9992,349,181,1296,186,2024Q4
3142,10047,372,215,681,90,2025Q1
3142,10061,399,236,841,122,2025Q2
3142,10095,415,255,1034,148,2025Q3
3142,10106,439,274,1217,182,2025Q4
3142,10148,460,305,718,118,2026Q1
3142,10203,511,333,906,170,2026Q2
3143,6030,104,39,438,53,2023Q2
3143,6079,118,48,557,69,2023Q3
3143,6145,132,61,688,84,2023Q4
3143,6175,144,65,451,75,2024Q1
3143,6203,154,74,558,91,2024Q2
3143,6190,161,86,646,101,2024Q3
3143,6168,167,105,753,109,2024Q4
3143,6140,171,120,422,44,2025Q1
3143,6207,189,133,540,66,2025Q2
3143,6236,212,137,650,88,2025Q3
3143,6253,221,156,753,99,2025Q4
3143,6261,238,170,399,70,2026Q1
3143,6305,269,184,509,101,2026Q2
3144,8921,173,172,1087,109,2023Q2
3144,8920,191,179,1173,124,2023Q3
3144,8837,206,192,1320,143,2023Q4
3144,8750,217,165,771,117,2024Q1
3144,8738,239,175,945,135,2024Q2
3144,8705,254,188,1108,152,2024Q3
3144,8693,272,214,1281,167,2024Q4
3144,8730,294,231,743,92,2025Q1
3144,8795,316,248,913,115,2025Q2
3144,8864,335,271,1085,137,2025Q3
3144,8859,352,290,1203,154,2025Q4
3144,8912,387,337,689,98,2026Q1
3144,8892,429,367,821,143,2026Q2
3145,14987,216,151,1167,156,2023Q2
3145,14991,242,167,1369,180,2023Q3
3145,15142,268,183,1598,206,2023Q4
3145,15243,312,205,977,155,2024Q1
3145,15245,349,236,1198,192,2024Q2
3145,15283,369,279,1398,212,2024Q3
3145,15267,393,308,1617,244,2024Q4
3145,15398,417,345,922,125,2025Q1
3145,15479,465,398,1201,176,2025Q2
3145,15553,526,429,1457,234,2025Q3
3145,15543,563,468,1657,269,2025Q4
3145,15659,607,502,936,185,2026Q1
3145,15690,700,557,1170,280,2026Q2
3146,16944,288,177,1261,188,2023Q2
3146,16980,337,197,1519,236,2023Q3
3146,17031,369,218,1780,270,2023Q4
3146,17157,409,240,1125,210,2024Q1
3146,17182,463,274,1396,271,2024Q2
3146,17174,509,310,1649,311,2024Q3
3146,17195,553,351,1925,360,2024Q4
3146,17282,601,416,1091,195,2025Q1
3146,17354,636,460,1363,236,2025Q2
3146,17371,692,503,1587,290,2025Q3
3146,17420,734,546,1799,335,2025Q4
3146,17518,816,597,974,214,2026Q1
3146,17554,955,675,1289,339,2026Q2
3147,9585,152,140,711,118,2023Q2
3147,9709,175,148,865,141,2023Q3
3147,9758,194,161,1017,161,2023Q4
3147,9828,221,188,675,136,2024Q1
3147,9920,253,214,823,166,2024Q2
3147,9951,277,239,944,186,2024Q3
3147,9972,303,260,1087,214,2024Q4
3147,10018,335,294,601,121,2025Q1
3147,10113,371,325,739,153,2025Q2
3147,10141,424,347,903,202,2025Q3
3147,10177,475,376,1051,245,2025Q4
3147,10205,513,412,604,157,2026Q1
3147,10278,599,439,781,245,2026Q2
3148,6545,91,105,511,65,2023Q2
3148,6567,97,108,586,73,2023Q3
3148,6590,106,115,676,87,2023Q4
3148,6551,120,129,444,69,2024Q1
3148,6710,148,147,568,91,2024Q2
3148,6764,181,170,684,127,2024Q3
3148,6794,215,190,811,159,2024Q4
3148,6830,236,213,485,100,2025Q1
3148,6937,307,231,650,171,2025Q2
3148,6894,305,263,719,175,2025Q3
3148,6886,280,278,787,155,2025Q4
3148,6889,327,289,459,131,2026Q1
3148,6872,302,324,503,128,2026Q2
3149,27539,407,430,2382,273,2023Q2
3149,27648,481,464,2903,344,2023Q3
3149,27791,553,496,3400,415,2023Q4
3149,27860,643,530,2300,372,2024Q1
3149,27811,704,586,2794,435,2024Q2
3149,27845,754,657,3184,486,2024Q3
3149,27702,760,719,3519,497,2024Q4
3149,27885,817,788,1978,252,2025Q1
3149,27981,905,855,2415,341,2025Q2
3149,28120,1004,924,2903,437,2025Q3
3149,28124,1104,991,3346,534,2025Q4
3149,27880,1207,1018,1809,408,2026Q1
3149,28116,1409,1146,2378,615,2026Q2
3150,44039,603,555,3680,435,2023Q2
3150,44371,711,601,4450,545,2023Q3
3150,44520,813,666,5141,643,2023Q4
3150,44506,886,714,3300,509,2024Q1
3150,44943,1040,796,4202,660,2024Q2
3150,44823,1118,893,4789,729,2024Q3
3150,44922,1231,975,5444,841,2024Q4
3150,45782,1408,1078,3343,529,2025Q1
3150,46019,1558,1208,4091,695,2025Q2
3150,45939,1714,1327,4820,858,2025Q3
3150,45932,1866,1506,5544,1009,2025Q4
3150,45889,2061,1648,3160,744,2026Q1
3150,46063,2437,1866,4029,1110,2026Q2
3151,8631,70,112,668,49,2023Q2
3151,8741,78,116,799,58,2023Q3
3151,8872,86,124,943,67,2023Q4
3151,8977,109,135,606,62,2024Q1
3151,9036,137,131,768,88,2024Q2
3151,9086,144,158,894,97,2024Q3
3151,9073,155,187,1018,107,2024Q4
3151,9024,163,210,582,67,2025Q1
3151,8963,185,234,705,96,2025Q2
3151,8982,222,255,823,131,2025Q3
3151,8961,251,287,943,160,2025Q4
3151,8973,292,321,546,124,2026Q1
3151,8967,345,349,690,179,2026Q2
3152,25330,240,350,1785,167,2023Q2
3152,25381,296,360,2181,222,2023Q3
3152,25496,344,382,2569,268,2023Q4
3152,25638,394,409,1726,238,2024Q1
3152,25745,447,452,2168,288,2024Q2
3152,25748,482,490,2516,323,2024Q3
3152,25692,521,542,2814,368,2024Q4
3152,25756,551,596,1527,184,2025Q1
3152,25899,650,662,1955,274,2025Q2
3152,25930,731,732,2354,352,2025Q3
3152,25959,787,791,2703,414,2025Q4
3152,26066,882,865,1586,324,2026Q1
3152,26266,1077,974,2098,524,2026Q2
3153,22511,81,387,1916,47,2023Q2
3153,22629,96,395,2306,61,2023Q3
3153,22758,113,394,2728,77,2023Q4
3153,22785,132,404,1710,75,2024Q1
3153,22828,155,434,2099,96,2024Q2
3153,22868,171,479,2476,112,2024Q3
3153,22685,191,491,2749,131,2024Q4
3153,22616,203,514,1431,72,2025Q1
3153,22721,232,537,1851,105,2025Q2
3153,22659,259,577,2184,133,2025Q3
3153,22720,286,620,2510,160,2025Q4
3153,22775,323,649,1445,121,2026Q1
3153,22759,402,701,1793,197,2026Q2
3154,3430,10,69,171,6,2023Q2
3154,3457,12,67,204,7,2023Q3
3154,3475,15,65,242,11,2023Q4
3154,3527,20,68,152,13,2024Q1
3154,3537,23,68,197,15,2024Q2
3154,3549,27,69,232,18,2024Q3
3154,3555,34,67,271,23,2024Q4
3154,3566,40,72,164,15,2025Q1
3154,3565,45,78,204,19,2025Q2
3154,3549,51,78,245,23,2025Q3
3154,3536,55,80,271,26,2025Q4
3154,3552,60,87,142,14,2026Q1
3154,3573,75,96,187,28,2026Q2
3155,17623,88,288,969,48,2023Q2
3155,17633,99,291,1145,60,2023Q3
3155,17794,119,312,1364,81,2023Q4
3155,17813,133,312,881,70,2024Q1
3155,17919,144,320,1097,79,2024Q2
3155,18014,169,325,1312,104,2024Q3
3155,18084,189,360,1520,124,2024Q4
3155,18141,200,380,837,69,2025Q1
3155,18206,228,409,1056,93,2025Q2
3155,18227,260,437,1246,120,2025Q3
3155,18252,282,478,1434,142,2025Q4
3155,18319,315,520,788,108,2026Q1
3155,18362,384,564,1023,179,2026Q2
3156,31495,155,521,2179,94,2023Q2
3156,31616,182,531,2542,120,2023Q3
3156,31908,207,548,3017,146,2023Q4
3156,32212,253,561,2089,154,2024Q1
3156,32519,292,586,2575,193,2024Q2
3156,32475,338,586,3106,232,2024Q3
3156,32573,370,618,3582,273,2024Q4
3156,32479,407,646,2221,192,2025Q1
3156,32710,466,691,2653,241,2025Q2
3156,32652,536,758,3120,312,2025Q3
3156,32708,570,786,3520,350,2025Q4
3156,32771,666,817,2123,259,2026Q1
3156,33041,805,907,2592,382,2026Q2
3158,5250,22,85,237,15,2023Q2
3158,5249,24,85,288,18,2023Q3
3158,5245,31,84,349,25,2023Q4
3158,5248,38,87,211,24,2024Q1
3158,5306,45,86,275,32,2024Q2
3158,5296,49,93,331,36,2024Q3
3158,5323,56,97,382,40,2024Q4
3158,5337,62,101,221,18,2025Q1
3158,5334,80,104,279,31,2025Q2
3158,5294,88,107,324,40,2025Q3
3158,5283,97,109,368,49,2025Q4
3158,5317,109,113,215,38,2026Q1
3158,5361,139,126,293,61,2026Q2
3159,2251,9,54,122,7,2023Q2
3159,2267,13,54,145,11,2023Q3
3159,2280,16,55,174,14,2023Q4
3159,2302,22,57,112,17,2024Q1
3159,2294,27,54,130,21,2024Q2
3159,2306,31,54,153,25,2024Q3
3159,2288,32,52,169,26,2024Q4
3159,2318,32,52,82,10,2025Q1
3159,2309,33,50,109,11,2025Q2
3159,2311,35,53,130,13,2025Q3
3159,2328,39,53,151,17,2025Q4
3159,2334,45,55,86,12,2026Q1
3159,2344,61,60,123,27,2026Q2
3160,7080,53,133,346,30,2023Q2
3160,7124,55,129,409,34,2023Q3
3160,7107,62,133,485,41,2023Q4
3160,7136,69,136,293,36,2024Q1
3160,7163,78,141,368,46,2024Q2
3160,7177,88,143,425,55,2024Q3
3160,7217,100,149,506,67,2024Q4
3160,7256,112,150,291,38,2025Q1
3160,7294,125,158,379,48,2025Q2
3160,7307,136,154,455,57,2025Q3
3160,7329,151,161,538,67,2025Q4
3160,7333,177,166,336,55,2026Q1
3160,7344,210,184,412,85,2026Q2
3161,10201,171,117,816,105,2023Q2
3161,10302,204,138,994,135,2023Q3
3161,10322,222,147,1152,154,2023Q4
3161,10352,244,156,783,125,2024Q1
3161,10467,272,183,945,153,2024Q2
3161,10505,281,201,1107,163,2024Q3
3161,10457,298,222,1250,185,2024Q4
3161,10500,329,252,687,96,2025Q1
3161,10490,355,275,844,126,2025Q2
3161,10491,389,289,1007,160,2025Q3
3161,10534,423,326,1150,196,2025Q4
3161,10582,477,357,671,157,2026Q1
3161,10630,540,383,838,222,2026Q2
3162,12673,186,146,905,120,2023Q2
3162,12811,227,158,1126,164,2023Q3
3162,12884,270,168,1355,208,2023Q4
3162,12950,313,183,927,185,2024Q1
3162,13027,335,216,1121,207,2024Q2
3162,13032,369,244,1317,239,2024Q3
3162,13079,409,279,1507,274,2024Q4
3162,13171,438,299,854,120,2025Q1
3162,13184,467,331,1067,152,2025Q2
3162,13224,516,361,1262,201,2025Q3
3162,13199,555,392,1422,236,2025Q4
3162,13289,610,438,805,169,2026Q1
3162,13256,701,475,1034,256,2026Q2
3163,20163,178,225,1286,113,2023Q2
3163,20336,212,248,1602,148,2023Q3
3163,20483,236,270,1868,172,2023Q4
3163,20624,262,287,1187,140,2024Q1
3163,20721,296,322,1459,174,2024Q2
3163,20710,326,365,1698,203,2024Q3
3163,20825,359,420,1981,235,2024Q4
3163,20891,389,472,1135,123,2025Q1
3163,20944,464,511,1438,192,2025Q2
3163,20984,510,556,1724,242,2025Q3
3163,21033,559,617,1993,288,2025Q4
3163,21087,647,667,1161,259,2026Q1
3163,21050,766,717,1439,377,2026Q2
3165,20072,211,246,1439,159,2023Q2
3165,20221,247,258,1750,196,2023Q3
3165,20393,282,288,2045,230,2023Q4
3165,20556,329,300,1305,186,2024Q1
3165,20700,382,327,1631,237,2024Q2
3165,20679,405,373,1909,263,2024Q3
3165,20724,450,409,2196,309,2024Q4
3165,20830,477,466,1212,169,2025Q1
3165,20993,554,501,1555,247,2025Q2
3165,21085,605,551,1864,288,2025Q3
3165,21195,659,611,2161,343,2025Q4
3165,21297,724,696,1276,230,2026Q1
3165,21334,845,747,1589,343,2026Q2
3166,18057,161,299,1381,100,2023Q2
3166,18173,185,311,1685,131,2023Q3
3166,18548,196,340,1994,145,2023Q4
3166,18640,224,372,1406,135,2024Q1
3166,18686,251,400,1641,161,2024Q2
3166,18743,289,427,1965,193,2024Q3
3166,18904,317,484,2273,223,2024Q4
3166,18763,347,496,1357,131,2025Q1
3166,18936,371,559,1657,162,2025Q2
3166,19021,425,614,1948,214,2025Q3
3166,18916,459,705,2195,247,2025Q4
3166,19035,534,776,1470,186,2026Q1
3166,19248,600,821,1756,266,2026Q2
3167,8212,71,134,563,56,2023Q2
3167,8294,80,138,676,64,2023Q3
3167,8341,90,153,776,72,2023Q4
3167,8400,108,162,490,64,2024Q1
3167,8379,130,169,608,86,2024Q2
3167,8380,146,181,720,106,2024Q3
3167,8375,160,201,846,120,2024Q4
3167,8443,170,218,481,63,2025Q1
3167,8570,190,236,590,76,2025Q2
3167,8450,211,255,691,97,2025Q3
3167,8632,231,277,797,115,2025Q4
3167,8659,253,290,446,76,2026Q1
3167,8543,300,307,578,127,2026Q2
3168,17964,150,263,1855,97,2023Q2
3168,18055,164,305,2244,113,2023Q3
3168,18167,236,350,2659,184,2023Q4
3168,18404,291,400,1832,201,2024Q1
3168,19618,327,481,2676,235,2024Q2
3168,19530,337,519,3033,251,2024Q3
3168,19392,357,587,3328,273,2024Q4
3168,19121,368,654,1778,110,2025Q1
3168,19109,407,686,2090,143,2025Q2
3168,18929,429,741,2451,159,2025Q3
3168,18864,441,790,2773,176,2025Q4
3168,18756,495,854,1498,119,2026Q1
3168,18804,543,956,1893,167,2026Q2
3169,15254,95,335,1009,61,2023Q2
3169,15459,104,344,1231,72,2023Q3
3169,15570,112,356,1468,79,2023Q4
3169,15625,124,385,934,62,2024Q1
3169,15835,138,424,1170,79,2024Q2
3169,15763,160,455,1373,97,2024Q3
3169,15775,185,481,1547,123,2024Q4
3169,15700,204,500,829,81,2025Q1
3169,15845,232,542,1037,103,2025Q2
3169,15857,244,571,1201,120,2025Q3
3169,15923,275,589,1377,138,2025Q4
3169,15884,297,615,730,96,2026Q1
3169,16036,350,678,942,145,2026Q2
3170,22960,291,254,5941,206,2023Q2
3170,23629,396,272,7016,319,2023Q3
3170,24813,486,289,8663,418,2023Q4
3170,25290,553,321,7545,424,2024Q1
3170,25762,731,377,8609,613,2024Q2
3170,25638,956,426,9114,832,2024Q3
3170,25706,1030,469,9596,912,2024Q4
3170,25717,1075,500,7303,822,2025Q1
3170,25729,1147,556,7879,895,2025Q2
3170,25461,1267,630,8393,1017,2025Q3
3170,25073,1177,691,8502,928,2025Q4
3170,25446,1331,760,6448,906,2026Q1
3170,25887,1370,879,7322,988,2026Q2
3171,16759,118,277,934,77,2023Q2
3171,16928,148,309,1126,108,2023Q3
3171,16983,169,321,1330,132,2023Q4
3171,17155,184,334,887,107,2024Q1
3171,17174,197,346,1092,122,2024Q2
3171,17153,215,394,1303,144,2024Q3
3171,17279,229,428,1471,161,2024Q4
3171,17247,243,447,850,75,2025Q1
3171,17397,260,492,1033,93,2025Q2
3171,17386,303,515,1180,130,2025Q3
3171,17367,334,525,1339,157,2025Q4
3171,17270,370,569,749,112,2026Q1
3171,17312,418,633,962,167,2026Q2
3172,17485,92,230,1027,71,2023Q2
3172,17589,105,236,1207,81,2023Q3
3172,17644,120,240,1397,92,2023Q4
3172,17788,136,257,861,67,2024Q1
3172,17892,160,281,1088,90,2024Q2
3172,17920,172,304,1312,101,2024Q3
3172,17810,184,325,1484,113,2024Q4
3172,17855,200,358,800,51,2025Q1
3172,17962,227,378,997,76,2025Q2
3172,17896,259,399,1194,106,2025Q3
3172,17946,281,441,1402,127,2025Q4
3172,18052,311,486,800,97,2026Q1
3172,18071,366,532,1050,152,2026Q2
3173,24648,216,385,1915,153,2023Q2
3173,25000,249,423,2273,189,2023Q3
3173,25212,300,461,2655,237,2023Q4
3173,25444,356,480,1732,201,2024Q1
3173,26143,405,608,2276,245,2024Q2
3173,26374,442,698,2671,281,2024Q3
3173,26445,459,746,3056,304,2024Q4
3173,26653,510,806,1863,166,2025Q1
3173,26857,567,917,2349,225,2025Q2
3173,27011,631,1001,2802,290,2025Q3
3173,27079,695,1081,3160,350,2025Q4
3173,27146,763,1156,1761,273,2026Q1
3173,27274,887,1253,2210,391,2026Q2
3174,27196,79,513,1392,47,2023Q2
3174,27416,101,511,1728,70,2023Q3
3174,27599,115,525,2032,84,2023Q4
3174,27756,139,553,1320,77,2024Q1
3174,28022,158,578,1613,94,2024Q2
3174,28172,174,615,1864,109,2024Q3
3174,28178,192,644,2115,129,2024Q4
3174,28179,216,688,1138,78,2025Q1
3174,28311,242,767,1430,104,2025Q2
3174,28443,269,798,1695,131,2025Q3
3174,28516,287,858,1936,146,2025Q4
3174,28737,332,951,1167,120,2026Q1
3174,28912,419,1039,1587,200,2026Q2
3175,58958,389,1314,5461,229,2023Q2
3175,59872,451,1327,6641,284,2023Q3
3175,60433,471,1358,7724,320,2023Q4
3175,61931,556,1420,5000,318,2024Q1
3175,61599,586,1506,6235,357,2024Q2
3175,61936,614,1618,7262,389,2024Q3
3175,61569,637,1722,8281,410,2024Q4
3175,61556,671,1845,5094,236,2025Q1
3175,61936,764,2069,6372,330,2025Q2
3175,61983,917,2270,7468,486,2025Q3
3175,62441,1262,2489,8667,764,2025Q4
3175,62573,1209,2670,5212,592,2026Q1
3175,62671,1291,2786,6370,691,2026Q2
3177,8527,19,227,436,8,2023Q2
3177,8651,23,227,540,11,2023Q3
3177,8757,28,231,640,14,2023Q4
3177,8812,33,242,397,14,2024Q1
3177,8893,44,244,476,25,2024Q2
3177,8951,50,245,573,32,2024Q3
3177,8949,53,273,663,32,2024Q4
3177,8956,57,282,401,18,2025Q1
3177,8915,61,288,502,24,2025Q2
3177,9002,69,304,572,33,2025Q3
3177,9132,76,317,669,38,2025Q4
3177,9241,90,339,375,36,2026Q1
3177,9255,102,369,451,49,2026Q2
3178,27597,196,347,2102,131,2023Q2
3178,27637,236,357,2521,173,2023Q3
3178,27678,272,375,2958,205,2023Q4
3178,27674,304,382,1839,171,2024Q1
3178,27848,345,395,2272,207,2024Q2
3178,27780,385,429,2711,248,2024Q3
3178,27817,440,454,3088,306,2024Q4
3178,27726,484,492,1690,193,2025Q1
3178,27680,550,536,2125,264,2025Q2
3178,27725,615,606,2566,323,2025Q3
3178,27739,657,659,2939,363,2025Q4
3178,27814,746,734,1623,259,2026Q1
3178,27915,919,832,2188,421,2026Q2
3179,6146,44,91,551,28,2023Q2
3179,6161,50,100,660,35,2023Q3
3179,6207,60,115,803,47,2023Q4
3179,6260,66,118,542,41,2024Q1
3179,6213,80,124,682,56,2024Q2
3179,6300,87,141,842,66,2024Q3
3179,6352,90,147,955,69,2024Q4
3179,6362,108,156,541,43,2025Q1
3179,6452,125,166,671,57,2025Q2
3179,6494,136,169,765,63,2025Q3
3179,6555,156,180,876,79,2025Q4
3179,6654,163,202,491,53,2026Q1
3179,6585,210,217,617,99,2026Q2
3180,7642,49,119,642,32,2023Q2
3180,7678,52,119,770,35,2023Q3
3180,7689,55,127,905,39,2023Q4
3180,7810,70,139,586,41,2024Q1
3180,7878,87,150,747,54,2024Q2
3180,7865,93,158,869,64,2024Q3
3180,7791,109,172,972,79,2024Q4
3180,7825,116,186,532,42,2025Q1
3180,7793,123,190,641,56,2025Q2
3180,7790,132,204,738,65,2025Q3
3180,7832,146,225,850,79,2025Q4
3180,7962,163,223,434,56,2026Q1
3180,7856,211,247,560,103,2026Q2
3181,10384,115,90,793,72,2023Q2
3181,10439,141,101,968,99,2023Q3
3181,10560,163,112,1175,122,2023Q4
3181,10657,178,111,713,101,2024Q1
3181,10610,200,120,854,121,2024Q2
3181,10705,226,138,1005,143,2024Q3
3181,10755,243,155,1168,157,2024Q4
3181,10875,253,179,644,73,2025Q1
3181,10928,273,198,795,96,2025Q2
3181,10911,293,208,952,117,2025Q3
3181,11042,321,236,1139,147,2025Q4
3181,11217,355,293,796,121,2026Q1
3181,11232,383,336,944,159,2026Q2
3182,13126,145,129,753,63,2023Q2
3182,13138,167,133,913,83,2023Q3
3182,13242,175,146,1050,92,2023Q4
3182,13273,192,156,662,68,2024Q1
3182,13365,221,180,849,97,2024Q2
3182,13399,230,201,983,109,2024Q3
3182,13422,248,211,1123,131,2024Q4
3182,13476,255,236,620,72,2025Q1
3182,13533,269,263,804,92,2025Q2
3182,13502,298,288,932,119,2025Q3
3182,13570,322,289,1059,143,2025Q4
3182,13584,352,304,582,87,2026Q1
3182,13513,407,316,759,130,2026Q2
3183,9443,107,102,520,63,2023Q2
3183,9534,120,106,638,74,2023Q3
3183,9496,129,119,735,84,2023Q4
3183,9541,135,129,449,60,2024Q1
3183,9484,140,131,531,67,2024Q2
3183,9465,153,150,658,82,2024Q3
3183,9489,174,174,773,97,2024Q4
3183,9604,191,185,442,53,2025Q1
3183,9630,208,203,565,67,2025Q2
3183,9677,220,204,673,84,2025Q3
3183,9731,248,212,781,111,2025Q4
3183,9711,278,230,444,90,2026Q1
3183,9812,301,263,548,122,2026Q2
3184,9503,104,77,587,57,2023Q2
3184,9522,119,77,705,72,2023Q3
3184,9529,140,81,828,89,2023Q4
3184,9611,148,93,502,60,2024Q1
3184,9644,164,97,625,73,2024Q2
3184,9636,181,106,728,93,2024Q3
3184,9641,201,118,834,112,2024Q4
3184,9681,222,130,472,66,2025Q1
3184,9721,242,141,595,85,2025Q2
3184,9657,281,158,727,118,2025Q3
3184,9753,298,179,856,137,2025Q4
3184,9744,313,187,477,93,2026Q1
3184,9737,347,229,609,125,2026Q2
3185,8768,115,93,775,68,2023Q2
3185,8780,138,104,931,90,2023Q3
3185,8875,154,110,1106,105,2023Q4
3185,8907,183,129,719,85,2024Q1
3185,9309,208,149,1061,110,2024Q2
3185,9325,223,184,1185,128,2024Q3
3185,9442,251,207,1473,158,2024Q4
3185,9547,267,239,1007,101,2025Q1
3185,9525,299,259,1139,138,2025Q2
3185,9563,348,274,1344,174,2025Q3
3185,9657,372,314,1541,198,2025Q4
3185,9746,399,366,1000,145,2026Q1
3185,9769,458,388,1176,196,2026Q2
3186,17616,349,145,1586,197,2023Q2
3186,17729,388,171,1901,239,2023Q3
3186,17927,438,183,2272,286,2023Q4
3186,18116,492,237,1529,230,2024Q1
3186,18148,506,264,1772,249,2024Q2
3186,18210,548,305,2077,295,2024Q3
3186,18262,576,334,2383,329,2024Q4
3186,18414,630,369,1370,189,2025Q1
3186,18452,695,409,1718,254,2025Q2
3186,18466,729,445,2016,298,2025Q3
3186,18585,796,487,2367,367,2025Q4
3186,18730,868,539,1400,268,2026Q1
3186,18839,979,589,1742,383,2026Q2
3187,11718,177,118,1032,116,2023Q2
3187,11783,206,132,1237,145,2023Q3
3187,11856,231,147,1434,174,2023Q4
3187,11943,267,155,957,141,2024Q1
3187,12002,292,168,1178,166,2024Q2
3187,11955,329,200,1414,202,2024Q3
3187,12029,358,223,1597,231,2024Q4
3187,12096,381,244,923,129,2025Q1
3187,12185,428,274,1111,170,2025Q2
3187,12180,472,300,1313,211,2025Q3
3187,12148,493,326,1488,239,2025Q4
3187,12255,549,363,910,164,2026Q1
3187,12323,614,412,1156,239,2026Q2
3188,12478,169,137,804,113,2023Q2
3188,12607,198,139,1009,141,2023Q3
3188,12740,227,143,1216,163,2023Q4
3188,12875,265,148,801,145,2024Q1
3188,13024,289,164,1000,169,2024Q2
3188,13078,319,183,1173,195,2024Q3
3188,13115,368,205,1373,240,2024Q4
3188,13178,393,251,755,134,2025Q1
3188,13287,439,266,997,181,2025Q2
3188,13313,481,287,1223,217,2025Q3
3188,13331,516,309,1431,246,2025Q4
3188,13425,572,351,865,167,2026Q1
3188,13443,630,392,1079,229,2026Q2
3189,9417,76,157,1026,49,2023Q2
3189,9503,91,175,1209,65,2023Q3
3189,9480,102,177,1441,76,2023Q4
3189,9558,116,178,1021,67,2024Q1
3189,9663,124,184,1205,76,2024Q2
3189,9627,129,189,1334,84,2024Q3
3189,9535,128,202,1387,88,2024Q4
3189,9581,147,214,766,53,2025Q1
3189,9696,163,228,950,72,2025Q2
3189,9649,162,238,1070,76,2025Q3
3189,9686,199,256,1289,109,2025Q4
3189,9730,211,289,768,76,2026Q1
3189,9994,249,314,993,111,2026Q2
3190,8282,75,81,537,47,2023Q2
3190,8277,85,87,646,57,2023Q3
3190,8360,95,91,765,64,2023Q4
3190,8376,107,100,481,57,2024Q1
3190,8497,130,115,621,78,2024Q2
3190,8554,150,120,731,98,2024Q3
3190,8563,168,128,854,115,2024Q4
3190,8608,176,148,485,59,2025Q1
3190,8667,190,161,606,76,2025Q2
3190,8766,208,172,733,98,2025Q3
3190,8797,225,194,875,120,2025Q4
3190,8935,249,223,516,82,2026Q1
3190,8939,292,264,677,128,2026Q2
3191,7709,80,70,566,48,2023Q2
3191,7746,93,70,666,62,2023Q3
3191,7824,108,72,799,77,2023Q4
3191,7920,121,74,486,58,2024Q1
3191,7947,146,90,610,80,2024Q2
3191,7940,179,100,730,110,2024Q3
3191,7975,200,115,869,133,2024Q4
3191,7952,225,134,517,90,2025Q1
3191,7977,249,149,656,111,2025Q2
3191,7928,267,161,769,127,2025Q3
3191,7975,282,185,893,140,2025Q4
3191,8054,303,206,493,78,2026Q1
3191,8216,349,238,641,121,2026Q2
3192,19474,133,278,1585,98,2023Q2
3192,19407,157,276,1842,122,2023Q3
3192,19250,187,269,2084,151,2023Q4
3192,19499,213,253,1359,129,2024Q1
3192,19617,239,277,1709,157,2024Q2
3192,19747,260,297,2013,176,2024Q3
3192,19712,293,325,2271,208,2024Q4
3192,19768,321,361,1289,126,2025Q1
3192,19901,370,395,1680,172,2025Q2
3192,19907,420,444,2011,220,2025Q3
3192,19931,451,455,2266,251,2025Q4
3192,19893,512,512,1270,185,2026Q1
3192,20049,602,577,1645,276,2026Q2
3193,15211,169,140,1061,102,2023Q2
3193,15248,198,148,1312,131,2023Q3
3193,15331,228,161,1562,163,2023Q4
3193,15342,259,178,996,137,2024Q1
3193,15410,296,196,1264,177,2024Q2
3193,15431,331,219,1495,211,2024Q3
3193,15456,360,241,1734,238,2024Q4
3193,15605,411,274,956,139,2025Q1
3193,15627,454,300,1182,185,2025Q2
3193,15662,507,312,1429,230,2025Q3
3193,15783,560,352,1691,281,2025Q4
3193,15881,614,385,954,199,2026Q1
3193,15945,705,443,1191,289,2026Q2
3194,10271,69,102,718,43,2023Q2
3194,10300,76,117,855,51,2023Q3
3194,10358,87,130,1024,62,2023Q4
3194,10432,99,141,691,46,2024Q1
3194,10444,115,142,854,63,2024Q2
3194,10440,130,162,989,76,2024Q3
3194,10491,149,181,1160,96,2024Q4
3194,10519,161,194,680,57,2025Q1
3194,10620,186,209,838,77,2025Q2
3194,10708,208,219,968,97,2025Q3
3194,10776,233,245,1094,123,2025Q4
3194,10762,264,268,655,102,2026Q1
3194,10810,301,286,814,140,2026Q2
3195,31172,246,365,2441,153,2023Q2
3195,31261,296,377,2926,198,2023Q3
3195,31456,333,392,3424,236,2023Q4
3195,31558,387,400,2043,225,2024Q1
3195,31888,443,419,2572,282,2024Q2
3195,31935,492,449,3031,326,2024Q3
3195,31926,541,476,3498,378,2024Q4
3195,31856,566,523,1913,189,2025Q1
3195,32032,622,587,2411,249,2025Q2
3195,32099,687,617,2864,309,2025Q3
3195,32190,755,670,3323,377,2025Q4
3195,32278,834,735,1842,256,2026Q1
3195,32478,985,819,2371,403,2026Q2
3196,18497,91,204,1149,62,2023Q2
3196,18586,102,215,1374,70,2023Q3
3196,18654,125,223,1627,92,2023Q4
3196,18719,141,227,988,79,2024Q1
3196,18772,175,239,1234,109,2024Q2
3196,18874,192,264,1462,127,2024Q3
3196,18933,221,271,1715,156,2024Q4
3196,18970,236,290,967,92,2025Q1
3196,19087,271,325,1232,126,2025Q2
3196,19181,301,351,1500,155,2025Q3
3196,19262,348,362,1734,194,2025Q4
3196,19467,398,400,980,139,2026Q1
3196,19504,498,455,1281,230,2026Q2
3197,9226,51,116,557,27,2023Q2
3197,9246,62,115,682,36,2023Q3
3197,9327,70,120,810,44,2023Q4
3197,9419,81,123,510,38,2024Q1
3197,9452,86,131,658,44,2024Q2
3197,9513,94,137,810,52,2024Q3
3197,9560,105,153,937,63,2024Q4
3197,9593,115,158,509,30,2025Q1
3197,9548,134,161,648,45,2025Q2
3197,9545,149,165,756,62,2025Q3
3197,9524,156,173,860,68,2025Q4
3197,9516,191,182,455,70,2026Q1
3197,9603,226,217,617,102,2026Q2
3198,14981,53,246,1030,36,2023Q2
3198,15104,54,245,1202,38,2023Q3
3198,15187,65,245,1402,49,2023Q4
3198,15279,81,245,883,42,2024Q1
3198,15367,91,247,1106,53,2024Q2
3198,15414,104,264,1287,65,2024Q3
3198,15458,112,269,1427,70,2024Q4
3198,15476,125,287,806,46,2025Q1
3198,15499,148,297,1027,64,2025Q2
3198,15665,168,324,1248,81,2025Q3
3198,15706,185,340,1442,99,2025Q4
3198,15770,195,352,817,73,2026Q1
3198,15915,244,377,1021,116,2026Q2
3199,41372,193,645,2748,123,2023Q2
3199,41466,219,638,3277,149,2023Q3
3199,41666,252,643,3873,180,2023Q4
3199,41853,299,650,2530,165,2024Q1
3199,42147,352,684,3099,217,2024Q2
3199,42301,381,697,3639,247,2024Q3
3199,42382,427,721,4189,292,2024Q4
3199,42399,460,760,2505,170,2025Q1
3199,42577,533,783,3054,241,2025Q2
3199,42714,613,840,3639,320,2025Q3
3199,42761,711,925,4281,416,2025Q4
3199,42839,821,1020,2583,345,2026Q1
3199,43200,998,1134,3261,513,2026Q2
3200,3540,10,114,116,5,2023Q2
3200,3566,11,109,138,6,2023Q3
3200,3562,11,103,158,6,2023Q4
3200,3557,13,98,91,6,2024Q1
3200,3574,14,97,115,6,2024Q2
3200,3567,18,98,144,10,2024Q3
3200,3568,16,98,164,9,2024Q4
3200,3623,17,100,84,5,2025Q1
3200,3625,19,105,111,7,2025Q2
3200,3633,23,106,140,9,2025Q3
3200,3646,30,103,165,16,2025Q4
3200,3625,35,107,99,16,2026Q1
3200,3623,38,112,120,18,2026Q2
3201,20635,58,336,1561,32,2023Q2
3201,20814,69,342,1833,42,2023Q3
3201,20907,80,339,2091,52,2023Q4
3201,21014,89,340,1210,46,2024Q1
3201,21165,100,350,1549,59,2024Q2
3201,21170,106,356,1838,65,2024Q3
3201,21215,122,374,2135,83,2024Q4
3201,21318,134,387,1170,43,2025Q1
3201,21222,150,404,1514,61,2025Q2
3201,21279,172,427,1795,80,2025Q3
3201,21432,189,452,2081,93,2025Q4
3201,21523,218,502,1217,66,2026Q1
3201,21484,284,565,1558,134,2026Q2
3202,2657,21,33,227,12,2023Q2
3202,2646,25,35,270,17,2023Q3
3202,2659,27,35,324,21,2023Q4
3202,2653,28,34,227,16,2024Q1
3202,2681,34,37,273,20,2024Q2
3202,2686,37,41,319,24,2024Q3
3202,2664,43,42,339,29,2024Q4
3202,2626,45,41,167,13,2025Q1
3202,2642,51,45,231,20,2025Q2
3202,2657,55,48,281,23,2025Q3
3202,2653,70,50,334,39,2025Q4
3202,2669,80,51,208,36,2026Q1
3202,2590,89,54,254,47,2026Q2
3204,21286,205,283,1741,148,2023Q2
3204,21441,257,300,2092,197,2023Q3
3204,21594,286,316,2426,225,2023Q4
3204,21727,352,351,1613,216,2024Q1
3204,21916,441,397,2011,299,2024Q2
3204,21864,451,414,2208,318,2024Q3
3204,22007,563,430,2567,426,2024Q4
3204,22139,634,514,1580,326,2025Q1
3204,22236,674,583,1929,359,2025Q2
3204,22243,744,638,2269,438,2025Q3
3204,22298,779,727,2578,475,2025Q4
3204,22444,836,777,1639,354,2026Q1
3204,22595,998,852,2000,505,2026Q2
3205,14380,233,237,3788,170,2023Q2
3205,14608,295,283,4522,225,2023Q3
3205,15176,474,317,5608,406,2023Q4
3205,15466,556,333,3890,391,2024Q1
3205,15211,616,401,4487,445,2024Q2
3205,15034,677,422,5021,507,2024Q3
3205,15382,786,449,5861,602,2024Q4
3205,15448,812,463,3728,242,2025Q1
3205,15440,859,506,4434,302,2025Q2
3205,15402,883,562,5010,345,2025Q3
3205,16145,890,673,5784,384,2025Q4
3205,16056,966,787,3537,279,2026Q1
3205,15947,977,919,4054,367,2026Q2
3206,6693,110,63,484,66,2023Q2
3206,6738,118,72,598,75,2023Q3
3206,6774,130,69,689,89,2023Q4
3206,6812,149,79,435,68,2024Q1
3206,6863,162,89,544,84,2024Q2
3206,6882,168,95,642,88,2024Q3
3206,6865,185,117,771,105,2024Q4
3206,6930,201,137,454,62,2025Q1
3206,6935,211,155,595,76,2025Q2
3206,6944,229,171,716,95,2025Q3
3206,6946,248,185,808,112,2025Q4
3206,6997,271,202,484,75,2026Q1
3206,6999,299,207,594,104,2026Q2
3207,19138,262,293,2638,141,2023Q2
3207,19331,312,376,3321,195,2023Q3
3207,19646,345,464,4137,232,2023Q4
3207,20062,394,523,3193,204,2024Q1
3207,21371,462,568,4398,275,2024Q2
3207,21865,529,646,5043,344,2024Q3
3207,22248,645,718,5839,425,2024Q4
3207,22287,690,829,4060,273,2025Q1
3207,22738,748,893,5006,343,2025Q2
3207,22876,804,994,5669,423,2025Q3
3207,22918,856,1063,6294,487,2025Q4
3207,23758,931,1106,4277,368,2026Q1
3207,23514,932,1167,4825,433,2026Q2
3211,1686,3,38,99,1,2023Q2
3211,1672,4,40,121,2,2023Q3
3211,1687,4,44,142,2,2023Q4
3211,1699,6,45,93,3,2024Q1
3211,1711,9,42,120,6,2024Q2
3211,1711,11,40,139,7,2024Q3
3211,1706,12,43,160,7,2024Q4
3211,1711,13,40,81,4,2025Q1
3211,1744,15,42,103,5,2025Q2
3211,1756,17,45,125,8,2025Q3
3211,1758,19,48,149,9,2025Q4
3211,1798,19,51,82,5,2026Q1
3211,1814,19,53,107,6,2026Q2
3212,16423,44,279,1222,36,2023Q2
3212,16675,50,285,1448,41,2023Q3
3212,16962,61,285,1714,47,2023Q4
3212,17158,67,303,1098,33,2024Q1
3212,17325,91,310,1377,55,2024Q2
3212,17652,106,328,1675,71,2024Q3
3212,17915,125,353,1956,88,2024Q4
3212,18184,138,378,1126,54,2025Q1
3212,18507,168,417,1497,84,2025Q2
3212,18635,186,446,1785,106,2025Q3
3212,18918,204,479,2057,124,2025Q4
3212,19145,224,512,1223,94,2026Q1
3212,19440,286,558,1555,161,2026Q2
3213,3746,20,65,253,9,2023Q2
3213,3775,20,61,297,9,2023Q3
3213,3848,26,60,350,16,2023Q4
3213,3896,26,58,216,12,2024Q1
3213,3942,27,53,284,13,2024Q2
3213,4029,29,56,333,16,2024Q3
3213,4071,33,65,386,20,2024Q4
3213,4154,35,72,208,8,2025Q1
3213,4215,36,84,261,11,2025Q2
3213,4237,39,87,314,16,2025Q3
3213,4226,39,89,351,17,2025Q4
3213,4268,41,98,175,13,2026Q1
3213,4263,54,107,227,26,2026Q2
3214,17808,20,481,760,9,2023Q2
3214,17956,22,483,940,11,2023Q3
3214,18075,26,482,1138,13,2023Q4
3214,18154,30,490,721,8,2024Q1
3214,18303,36,495,929,14,2024Q2
3214,18304,41,501,1078,19,2024Q3
3214,18280,45,517,1233,21,2024Q4
3214,18193,50,526,680,19,2025Q1
3214,18273,52,515,823,21,2025Q2
3214,18193,59,509,955,31,2025Q3
3214,18218,61,524,1114,31,2025Q4
3214,18197,70,528,611,23,2026Q1
3214,18250,87,553,757,40,2026Q2
3215,19015,73,351,1133,42,2023Q2
3215,22801,126,352,3535,94,2023Q3
3215,23176,207,441,4382,173,2023Q4
3215,22672,252,438,3361,193,2024Q1
3215,23251,274,443,3933,209,2024Q2
3215,23375,277,448,4620,216,2024Q3
3215,23436,292,459,5214,232,2024Q4
3215,23432,296,485,3305,86,2025Q1
3215,23232,282,495,3764,100,2025Q2
3215,23328,272,506,4316,118,2025Q3
3215,23926,294,514,5286,149,2025Q4
3215,24098,306,504,3681,126,2026Q1
3215,23728,406,540,4006,245,2026Q2
3216,45600,204,529,2896,126,2023Q2
3216,45713,251,531,3438,171,2023Q3
3216,45829,288,560,4060,208,2023Q4
3216,45923,324,587,2521,178,2024Q1
3216,46118,373,609,3099,220,2024Q2
3216,46246,427,639,3632,269,2024Q3
3216,46083,474,710,4165,313,2024Q4
3216,46161,502,793,2278,157,2025Q1
3216,46296,583,839,2869,231,2025Q2
3216,46392,665,917,3412,303,2025Q3
3216,46642,735,1012,4044,373,2025Q4
3216,46619,829,1086,2343,305,2026Q1
3216,46729,1011,1185,2991,474,2026Q2
3217,17218,85,170,1458,65,2023Q2
3217,17866,106,178,1781,86,2023Q3
3217,18665,126,200,2124,105,2023Q4
3217,19305,149,223,1345,95,2024Q1
3217,19931,172,270,1716,116,2024Q2
3217,20764,190,310,2082,138,2024Q3
3217,21548,231,366,2511,176,2024Q4
3217,22256,254,426,1437,79,2025Q1
3217,22969,299,475,1891,119,2025Q2
3217,23490,352,518,2310,171,2025Q3
3217,24024,393,574,2718,214,2025Q4
3217,24612,477,655,1635,199,2026Q1
3217,25327,581,764,2071,294,2026Q2
3218,10842,57,110,754,35,2023Q2
3218,10953,70,109,923,51,2023Q3
3218,11051,82,108,1104,64,2023Q4
3218,11082,100,110,743,60,2024Q1
3218,11193,106,117,892,69,2024Q2
3218,11266,116,118,1063,78,2024Q3
3218,11310,132,141,1229,93,2024Q4
3218,11402,160,164,682,65,2025Q1
3218,11452,179,175,834,81,2025Q2
3218,11527,210,188,1010,110,2025Q3
3218,11505,248,204,1189,141,2025Q4
3218,11542,256,216,651,99,2026Q1
3218,11618,311,246,823,147,2026Q2
3219,16004,34,327,822,17,2023Q2
3219,15991,37,320,959,21,2023Q3
3219,16019,43,318,1128,25,2023Q4
3219,16013,45,307,694,16,2024Q1
3219,16016,49,301,828,19,2024Q2
3219,16043,56,310,994,26,2024Q3
3219,16088,69,322,1155,39,2024Q4
3219,16093,78,344,679,28,2025Q1
3219,16093,93,349,836,40,2025Q2
3219,16125,105,356,1023,52,2025Q3
3219,16248,127,373,1204,71,2025Q4
3219,16245,144,385,645,61,2026Q1
3219,16240,173,398,797,86,2026Q2
3220,22321,220,198,4211,132,2023Q2
3220,18654,225,202,2782,134,2023Q3
3220,18798,223,208,3244,162,2023Q4
3220,18793,288,220,1973,136,2024Q1
3220,19090,320,227,2482,156,2024Q2
3220,19059,349,257,2852,184,2024Q3
3220,19063,379,326,3222,217,2024Q4
3220,18997,397,399,1956,108,2025Q1
3220,19113,434,464,2372,152,2025Q2
3220,19155,459,523,2785,179,2025Q3
3220,19063,516,576,3129,244,2025Q4
3220,19127,551,629,1877,191,2026Q1
3220,19113,602,703,2305,253,2026Q2
3221,5558,29,80,315,13,2023Q2
3221,5513,33,81,364,18,2023Q3
3221,5444,35,78,426,20,2023Q4
3221,5406,38,82,242,19,2024Q1
3221,5344,41,76,311,22,2024Q2
3221,5266,41,73,361,22,2024Q3
3221,5206,42,77,407,23,2024Q4
3221,5126,42,76,206,1,2025Q1
3221,5097,46,80,242,4,2025Q2
3221,5048,47,85,283,5,2025Q3
3221,5033,50,85,323,6,2025Q4
3221,4989,55,85,147,7,2026Q1
3221,4960,56,91,198,10,2026Q2
3222,15847,40,261,944,24,2023Q2
3222,15999,51,265,1170,34,2023Q3
3222,16037,64,269,1352,46,2023Q4
3222,16130,76,271,809,41,2024Q1
3222,16250,83,264,1001,48,2024Q2
3222,16275,91,270,1180,58,2024Q3
3222,16373,96,279,1344,62,2024Q4
3222,16415,107,295,745,31,2025Q1
3222,16486,128,309,944,48,2025Q2
3222,16439,149,325,1123,66,2025Q3
3222,16471,171,343,1332,86,2025Q4
3222,16472,195,352,743,73,2026Q1
3222,16558,237,378,935,112,2026Q2
3223,10679,39,192,583,23,2023Q2
3223,10739,48,189,692,32,2023Q3
3223,10864,51,194,834,35,2023Q4
3223,10960,51,193,529,19,2024Q1
3223,10956,58,202,644,26,2024Q2
3223,11068,70,212,793,37,2024Q3
3223,11135,78,215,942,45,2024Q4
3223,11169,85,226,544,25,2025Q1
3223,11280,96,252,700,32,2025Q2
3223,11301,106,263,832,42,2025Q3
3223,11380,121,269,973,54,2025Q4
3223,11521,135,280,520,37,2026Q1
3223,11648,170,309,677,68,2026Q2
3224,12874,26,190,755,15,2023Q2
3224,12966,32,190,917,21,2023Q3
3224,13191,38,196,1127,27,2023Q4
3224,13351,42,199,666,22,2024Q1
3224,13458,51,211,859,30,2024Q2
3224,13543,57,216,997,37,2024Q3
3224,13598,65,227,1179,45,2024Q4
3224,13615,73,247,671,31,2025Q1
3224,13751,84,247,855,42,2025Q2
3224,13819,99,259,1050,53,2025Q3
3224,13944,105,274,1233,58,2025Q4
3224,14012,122,286,693,42,2026Q1
3224,14066,150,296,881,69,2026Q2
3225,5378,44,75,382,29,2023Q2
3225,5398,49,72,462,32,2023Q3
3225,5400,62,69,563,45,2023Q4
3225,5448,72,78,370,39,2024Q1
3225,5476,81,86,460,47,2024Q2
3225,5521,90,84,535,56,2024Q3
3225,5584,101,99,628,67,2024Q4
3225,5672,114,112,340,39,2025Q1
3225,5684,124,125,427,48,2025Q2
3225,5688,139,126,504,64,2025Q3
3225,5776,159,137,589,82,2025Q4
3225,5818,171,146,351,57,2026Q1
3225,5876,200,168,457,86,2026Q2
3226,14941,102,167,986,62,2023Q2
3226,14965,116,165,1145,76,2023Q3
3226,15078,135,165,1389,96,2023Q4
3226,15141,159,164,802,83,2024Q1
3226,15284,179,172,1018,101,2024Q2
3226,15254,193,185,1168,111,2024Q3
3226,15324,217,200,1391,137,2024Q4
3226,15474,235,222,780,70,2025Q1
3226,15516,255,248,993,92,2025Q2
3226,15624,283,271,1206,125,2025Q3
3226,15665,307,287,1426,149,2025Q4
3226,15742,344,319,814,109,2026Q1
3226,15838,412,353,1015,171,2026Q2
3227,4774,51,45,306,31,2023Q2
3227,4795,59,52,385,38,2023Q3
3227,4783,67,54,439,44,2023Q4
3227,4803,73,57,271,32,2024Q1
3227,4810,87,58,344,45,2024Q2
3227,4879,103,63,407,58,2024Q3
3227,4912,108,69,491,64,2024Q4
3227,4938,115,72,270,35,2025Q1
3227,4932,124,77,346,44,2025Q2
3227,4939,139,83,427,58,2025Q3
3227,4976,151,95,485,72,2025Q4
3227,5008,160,104,272,43,2026Q1
3227,5035,195,112,359,77,2026Q2
3228,20538,169,222,1481,111,2023Q2
3228,20599,193,233,1748,135,2023Q3
3228,20743,210,229,2060,153,2023Q4
3228,20930,248,240,1241,137,2024Q1
3228,21052,275,247,1531,166,2024Q2
3228,21080,306,248,1815,194,2024Q3
3228,21154,335,280,2099,225,2024Q4
3228,21209,365,328,1159,109,2025Q1
3228,21350,403,372,1479,138,2025Q2
3228,21458,439,420,1773,172,2025Q3
3228,21577,484,454,2073,214,2025Q4
3228,21702,539,488,1168,153,2026Q1
3228,21799,658,542,1520,263,2026Q2
3230,3343,28,57,181,18,2023Q2
3230,3334,31,55,216,21,2023Q3
3230,3341,40,51,273,28,2023Q4
3230,3340,44,51,167,24,2024Q1
3230,3333,53,50,205,34,2024Q2
3230,3305,54,53,233,37,2024Q3
3230,3332,59,58,286,42,2024Q4
3230,3398,61,71,161,18,2025Q1
3230,3414,68,74,210,25,2025Q2
3230,3403,77,80,241,33,2025Q3
3230,3429,86,83,280,40,2025Q4
3230,3430,97,88,148,27,2026Q1
3230,3465,115,94,192,47,2026Q2
3231,1764,21,19,96,11,2023Q2
3231,1744,26,16,113,16,2023Q3
3231,1738,27,14,129,17,2023Q4
3231,1780,34,17,93,17,2024Q1
3231,1807,41,20,121,26,2024Q2
3231,1815,47,22,139,32,2024Q3
3231,1829,54,23,177,40,2024Q4
3231,1833,56,27,91,24,2025Q1
3231,1839,59,33,115,27,2025Q2
3231,1864,63,35,137,29,2025Q3
3231,1859,66,37,159,31,2025Q4
3231,1877,72,38,77,12,2026Q1
3231,1881,91,44,107,28,2026Q2
3232,1570,12,14,79,8,2023Q2
3232,1556,12,16,95,8,2023Q3
3232,1586,13,16,121,9,2023Q4
3232,1624,15,18,85,4,2024Q1
3232,1627,16,17,104,6,2024Q2
3232,1603,17,16,116,7,2024Q3
3232,1589,18,14,128,8,2024Q4
3232,1603,18,16,75,4,2025Q1
3232,1588,21,16,85,6,2025Q2
3232,1599,23,20,110,8,2025Q3
3232,1603,26,22,127,11,2025Q4
3232,1606,26,24,60,6,2026Q1
3232,1592,30,25,72,10,2026Q2
3233,2452,7,47,107,5,2023Q2
3233,2460,11,48,131,9,2023Q3
3233,2461,13,48,163,10,2023Q4
3233,2467,16,48,113,10,2024Q1
3233,2479,17,50,134,11,2024Q2
3233,2469,16,50,153,11,2024Q3
3233,2498,20,51,185,14,2024Q4
3233,2508,22,54,103,6,2025Q1
3233,2516,23,54,121,8,2025Q2
3233,2503,25,55,141,9,2025Q3
3233,2512,28,61,172,12,2025Q4
3233,2527,31,66,105,11,2026Q1
3233,2526,39,71,126,16,2026Q2
3235,575,3,7,21,2,2023Q2
3235,579,3,8,24,2,2023Q3
3235,585,3,8,33,2,2023Q4
3235,602,4,8,24,2,2024Q1
3235,599,4,8,33,2,2024Q2
3235,591,4,9,36,2,2024Q3
3235,590,5,12,44,3,2024Q4
3235,596,5,13,23,2,2025Q1
3235,605,7,12,29,4,2025Q2
3235,601,7,12,34,4,2025Q3
3235,611,7,13,40,5,2025Q4
3235,621,7,14,21,3,2026Q1
3235,629,10,15,28,4,2026Q2
3239,737,2,13,30,1,2023Q2
3239,745,2,12,38,1,2023Q3
3239,729,2,11,38,1,2023Q4
3239,730,3,11,29,2,2024Q1
3239,731,2,11,33,1,2024Q2
3239,742,2,11,43,1,2024Q3
3239,744,2,11,52,1,2024Q4
3239,733,2,12,29,0,2025Q1
3239,721,2,11,32,0,2025Q2
3239,707,2,10,35,0,2025Q3
3239,717,2,11,41,0,2025Q4
3239,726,2,11,21,0,2026Q1
3239,725,5,12,28,3,2026Q2
3240,2575,11,46,146,6,2023Q2
3240,2568,11,47,169,7,2023Q3
3240,2571,13,47,190,9,2023Q4
3240,2592,15,47,103,6,2024Q1
3240,2617,17,46,128,7,2024Q2
3240,2634,21,43,151,11,2024Q3
3240,2661,29,45,187,18,2024Q4
3240,2680,33,49,110,15,2025Q1
3240,2688,32,51,131,16,2025Q2
3240,2654,34,49,155,18,2025Q3
3240,2677,35,51,175,19,2025Q4
3240,2683,40,47,89,7,2026Q1
3240,2705,52,49,113,16,2026Q2
3241,3686,7,53,184,4,2023Q2
3241,3712,8,51,212,5,2023Q3
3241,3739,9,51,241,6,2023Q4
3241,3742,11,50,139,4,2024Q1
3241,3737,12,53,171,5,2024Q2
3241,3753,13,51,198,6,2024Q3
3241,3777,17,47,227,10,2024Q4
3241,3774,18,52,138,6,2025Q1
3241,3851,19,53,175,7,2025Q2
3241,3888,19,59,220,7,2025Q3
3241,3890,24,54,253,11,2025Q4
3241,3923,24,59,136,7,2026Q1
3241,3982,34,65,177,16,2026Q2
3242,1241,4,12,49,2,2023Q2
3242,1236,5,10,58,2,2023Q3
3242,1243,5,11,67,2,2023Q4
3242,1249,5,11,34,1,2024Q1
3242,1257,5,10,43,1,2024Q2
3242,1244,5,11,55,1,2024Q3
3242,1240,6,11,63,2,2024Q4
3242,1256,8,12,40,1,2025Q1
3242,1254,8,12,46,1,2025Q2
3242,1259,10,10,64,3,2025Q3
3242,1263,13,11,74,5,2025Q4
3242,1280,13,12,45,3,2026Q1
3242,1305,16,15,65,7,2026Q2
3243,684,3,7,37,3,2023Q2
3243,693,3,8,42,3,2023Q3
3243,688,4,9,48,4,2023Q4
3243,693,3,9,23,1,2024Q1
3243,697,3,9,26,1,2024Q2
3243,690,3,9,31,1,2024Q3
3243,697,3,9,34,1,2024Q4
3243,693,4,9,16,1,2025Q1
3243,703,4,8,22,1,2025Q2
3243,698,4,8,29,1,2025Q3
3243,708,5,7,38,2,2025Q4
3243,714,5,8,22,2,2026Q1
3243,720,6,11,26,2,2026Q2
3249,4569,0,91,202,0,2023Q2
3249,4579,0,84,240,0,2023Q3
3249,4564,0,83,280,0,2023Q4
3249,4588,0,79,145,0,2024Q1
3249,4649,4,83,195,4,2024Q2
3249,4673,5,79,227,5,2024Q3
3249,4681,5,78,266,5,2024Q4
3249,4708,6,80,132,3,2025Q1
3249,4698,6,80,156,4,2025Q2
3249,4751,9,76,190,7,2025Q3
3249,4769,9,73,223,7,2025Q4
3249,4781,12,75,122,5,2026Q1
3249,4770,22,81,153,15,2026Q2
3250,12305,21,222,660,15,2023Q2
3250,12375,25,220,784,17,2023Q3
3250,12390,28,204,937,20,2023Q4
3250,12408,33,201,576,14,2024Q1
3250,12415,36,206,708,16,2024Q2
3250,12492,38,204,827,18,2024Q3
3250,12588,38,212,955,18,2024Q4
3250,12603,39,208,497,8,2025Q1
3250,12694,48,208,635,17,2025Q2
3250,12689,51,221,745,20,2025Q3
3250,12774,55,220,862,26,2025Q4
3250,12764,62,218,474,23,2026Q1
3250,12805,74,232,590,33,2026Q2
3251,823,0,19,38,0,2023Q2
3251,832,1,19,43,1,2023Q3
3251,841,1,22,48,1,2023Q4
3251,835,2,21,26,2,2024Q1
3251,841,2,24,37,2,2024Q2
3251,862,2,25,42,2,2024Q3
3251,878,3,25,51,3,2024Q4
3251,877,4,25,30,2,2025Q1
3251,866,4,25,37,2,2025Q2
3251,865,5,24,43,3,2025Q3
3251,868,6,22,50,4,2025Q4
3251,873,7,22,24,4,2026Q1
3251,869,6,22,28,4,2026Q2
3260,6020,7,89,325,5,2023Q2
3260,6056,7,85,383,6,2023Q3
3260,6034,7,83,440,6,2023Q4
3260,6079,7,79,231,4,2024Q1
3260,6091,7,78,277,4,2024Q2
3260,6110,7,79,330,4,2024Q3
3260,6080,8,74,375,5,2024Q4
3260,6073,8,77,200,1,2025Q1
3260,6057,9,76,248,2,2025Q2
3260,6053,10,76,288,2,2025Q3
3260,6071,11,76,338,3,2025Q4
3260,6082,17,75,172,7,2026Q1
3260,6124,20,80,224,10,2026Q2
3264,3020,4,68,183,0,2023Q2
3264,3022,4,67,201,0,2023Q3
3264,2996,4,63,236,0,2023Q4
3264,2983,4,58,120,0,2024Q1
3264,3009,4,60,149,0,2024Q2
3264,3019,5,61,174,1,2024Q3
3264,3035,6,60,201,2,2024Q4
3264,3027,6,60,100,2,2025Q1
3264,3045,6,60,126,2,2025Q2
3264,3049,4,63,147,1,2025Q3
3264,3051,4,63,164,1,2025Q4
3264,3045,4,61,77,0,2026Q1
3264,3026,4,60,105,0,2026Q2
3265,3905,3,49,218,3,2023Q2
3265,3937,3,48,250,3,2023Q3
3265,3967,4,48,297,4,2023Q4
3265,4021,5,49,164,5,2024Q1
3265,4034,6,47,202,6,2024Q2
3265,4005,6,44,221,6,2024Q3
3265,4013,6,44,256,6,2024Q4
3265,4020,6,42,116,2,2025Q1
3265,4039,6,42,137,2,2025Q2
3265,4024,7,42,155,3,2025Q3
3265,4032,7,40,187,3,2025Q4
3265,4010,8,40,91,2,2026Q1
3265,4004,10,47,122,4,2026Q2
3266,4333,6,71,262,5,2023Q2
3266,4404,5,69,335,4,2023Q3
3266,4404,6,67,384,5,2023Q4
3266,4404,7,63,204,4,2024Q1
3266,4440,7,63,245,4,2024Q2
3266,4472,7,71,288,4,2024Q3
3266,4504,7,68,336,4,2024Q4
3266,4515,7,68,145,0,2025Q1
3266,4514,7,61,168,0,2025Q2
3266,4523,7,61,223,0,2025Q3
3266,4543,7,57,259,0,2025Q4
3266,4540,9,55,137,1,2026Q1
3266,4544,9,55,168,1,2026Q2
3268,4221,2,25,214,1,2023Q2
3268,4239,3,23,261,2,2023Q3
3268,4215,3,25,292,2,2023Q4
3268,4231,4,25,160,2,2024Q1
3268,4232,4,25,190,2,2024Q2
3268,4255,6,23,222,4,2024Q3
3268,4220,7,22,247,5,2024Q4
3268,4215,10,27,124,6,2025Q1
3268,4225,11,26,152,7,2025Q2
3268,4210,13,23,187,8,2025Q3
3268,4196,15,25,220,10,2025Q4
3268,4146,19,26,120,9,2026Q1
3268,4175,20,31,156,11,2026Q2
3269,929,1,10,56,1,2023Q2
3269,930,2,11,60,2,2023Q3
3269,945,2,11,72,2,2023Q4
3269,945,2,11,37,1,2024Q1
3269,959,2,11,50,1,2024Q2
3269,951,2,10,54,1,2024Q3
3269,938,2,10,62,1,2024Q4
3269,947,2,9,28,0,2025Q1
3269,942,2,10,37,0,2025Q2
3269,939,2,10,42,0,2025Q3
3269,952,3,12,49,1,2025Q4
3269,959,3,13,34,1,2026Q1
3269,967,3,13,39,1,2026Q2
3272,2125,2,47,107,1,2023Q2
3272,2123,3,44,135,1,2023Q3
3272,2099,3,41,153,1,2023Q4
3272,2112,3,44,79,1,2024Q1
3272,2105,3,42,99,1,2024Q2
3272,2116,3,42,115,1,2024Q3
3272,2127,3,44,125,1,2024Q4
3272,2122,2,43,52,0,2025Q1
3272,2136,2,41,69,0,2025Q2
3272,2155,3,42,81,0,2025Q3
3272,2183,4,43,91,1,2025Q4
3272,2179,4,45,44,1,2026Q1
3272,2188,5,44,56,2,2026Q2
3275,531,0,12,15,0,2023Q2
3275,547,0,12,26,0,2023Q3
3275,536,0,11,28,0,2023Q4
3275,540,0,10,19,0,2024Q1
3275,554,0,8,24,0,2024Q2
3275,562,0,7,27,0,2024Q3
3275,548,0,6,31,0,2024Q4
3275,550,0,8,17,0,2025Q1
3275,547,0,8,23,0,2025Q2
3275,548,0,8,29,0,2025Q3
3275,554,0,8,36,0,2025Q4
3275,558,0,8,19,0,2026Q1
3275,561,1,8,23,1,2026Q2
3276,809,0,10,34,0,2023Q2
3276,827,1,10,39,1,2023Q3
3276,803,1,7,47,1,2023Q4
3276,825,1,7,28,1,2024Q1
3276,850,1,7,32,1,2024Q2
3276,875,1,6,37,1,2024Q3
3276,891,1,8,40,1,2024Q4
3276,852,1,7,18,0,2025Q1
3276,897,1,7,25,0,2025Q2
3276,899,1,7,29,0,2025Q3
3276,892,1,7,36,0,2025Q4
3276,905,1,7,20,0,2026Q1
3276,863,2,8,28,1,2026Q2
3277,2583,3,21,154,1,2023Q2
3277,2581,3,18,185,1,2023Q3
3277,2583,3,17,216,1,2023Q4
3277,2583,3,17,126,1,2024Q1
3277,2612,2,16,178,0,2024Q2
3277,2625,3,16,201,1,2024Q3
3277,2623,3,16,223,1,2024Q4
3277,2607,3,16,108,1,2025Q1
3277,2624,5,17,129,2,2025Q2
3277,2629,5,18,159,2,2025Q3
3277,2629,6,17,187,3,2025Q4
3277,2634,8,22,102,3,2026Q1
3277,2630,13,25,122,7,2026Q2
3278,456,0,8,23,0,2023Q2
3278,455,0,8,25,0,2023Q3
3278,463,0,8,29,0,2023Q4
3278,468,0,8,22,0,2024Q1
3278,484,0,8,30,0,2024Q2
3278,485,0,10,38,0,2024Q3
3278,483,0,9,40,0,2024Q4
3278,477,0,8,14,0,2025Q1
3278,479,0,8,17,0,2025Q2
3278,476,0,11,20,0,2025Q3
3278,482,0,12,26,0,2025Q4
3278,492,0,12,10,0,2026Q1
3278,490,1,13,15,1,2026Q2
3279,458,1,6,19,0,2023Q2
3279,452,1,5,23,0,2023Q3
3279,457,2,5,26,1,2023Q4
3279,469,2,5,14,1,2024Q1
3279,472,2,5,16,1,2024Q2
3279,477,2,5,18,1,2024Q3
3279,480,2,6,21,1,2024Q4
3279,478,1,6,11,0,2025Q1
3279,481,1,5,14,0,2025Q2
3279,478,1,5,14,0,2025Q3
3279,483,1,6,18,0,2025Q4
3279,492,2,6,13,1,2026Q1
3279,495,2,8,19,1,2026Q2
3280,30994,90,396,2255,61,2023Q2
3280,31123,106,392,2661,76,2023Q3
3280,31209,127,392,3117,100,2023Q4
3280,31293,151,381,1979,82,2024Q1
3280,31470,166,383,2454,95,2024Q2
3280,31622,180,384,2851,107,2024Q3
3280,31748,184,389,3295,110,2024Q4
3280,32130,199,399,1903,61,2025Q1
3280,32294,221,414,2354,77,2025Q2
3280,32414,236,421,2779,94,2025Q3
3280,32574,261,455,3165,130,2025Q4
3280,32633,276,515,1792,100,2026Q1
3280,32824,333,603,2183,161,2026Q2
3281,2232,3,32,145,3,2023Q2
3281,2212,4,28,171,4,2023Q3
3281,2232,5,29,197,5,2023Q4
3281,2250,5,25,114,3,2024Q1
3281,2231,5,25,144,3,2024Q2
3281,2244,5,26,163,3,2024Q3
3281,2252,7,25,187,5,2024Q4
3281,2254,7,28,86,2,2025Q1
3281,2276,8,28,109,3,2025Q2
3281,2259,9,26,125,3,2025Q3
3281,2288,10,27,152,4,2025Q4
3281,2304,11,28,83,3,2026Q1
3281,2289,14,25,104,6,2026Q2
3282,2849,3,37,165,1,2023Q2
3282,2872,3,37,204,1,2023Q3
3282,2903,6,35,244,4,2023Q4
3282,2946,7,36,149,4,2024Q1
3282,2969,7,36,175,4,2024Q2
3282,2973,8,33,203,5,2024Q3
3282,2975,12,34,228,9,2024Q4
3282,2963,12,32,113,5,2025Q1
3282,2965,15,32,138,8,2025Q2
3282,2976,15,33,168,8,2025Q3
3282,2990,15,33,196,9,2025Q4
3282,2979,18,34,108,5,2026Q1
3282,2984,19,38,127,7,2026Q2
3283,1721,0,22,79,0,2023Q2
3283,1740,0,22,100,0,2023Q3
3283,1752,1,21,122,1,2023Q4
3283,1765,1,23,68,1,2024Q1
3283,1776,2,22,83,2,2024Q2
3283,1775,4,21,93,4,2024Q3
3283,1796,4,23,113,4,2024Q4
3283,1828,4,22,55,3,2025Q1
3283,1834,4,24,60,3,2025Q2
3283,1863,4,24,73,3,2025Q3
3283,1882,4,26,86,3,2025Q4
3283,1900,7,27,40,2,2026Q1
3283,1916,11,30,53,6,2026Q2
3284,3882,11,44,244,10,2023Q2
3284,3876,15,42,297,14,2023Q3
3284,3877,18,41,349,16,2023Q4
3284,3878,20,40,222,15,2024Q1
3284,3866,26,40,261,21,2024Q2
3284,3885,28,43,307,23,2024Q3
3284,3895,31,45,346,26,2024Q4
3284,3944,34,46,184,10,2025Q1
3284,3951,34,48,219,10,2025Q2
3284,3972,37,51,279,11,2025Q3
3284,3973,38,56,323,12,2025Q4
3284,4032,42,55,170,6,2026Q1
3284,4037,46,64,210,10,2026Q2
3285,1726,4,16,89,3,2023Q2
3285,1743,5,19,112,4,2023Q3
3285,1740,5,19,123,4,2023Q4
3285,1740,6,18,71,2,2024Q1
3285,1747,7,18,84,3,2024Q2
3285,1746,7,18,92,3,2024Q3
3285,1749,7,17,101,3,2024Q4
3285,1747,8,18,36,2,2025Q1
3285,1783,8,16,52,2,2025Q2
3285,1780,10,18,66,4,2025Q3
3285,1776,10,19,75,4,2025Q4
3285,1782,12,20,47,5,2026Q1
3285,1793,14,20,61,7,2026Q2
3286,912,1,11,57,0,2023Q2
3286,911,1,8,66,0,2023Q3
3286,909,1,8,86,0,2023Q4
3286,940,1,9,44,0,2024Q1
3286,933,1,6,49,0,2024Q2
3286,927,1,6,54,0,2024Q3
3286,938,2,8,61,1,2024Q4
3286,935,2,9,21,1,2025Q1
3286,929,2,9,22,1,2025Q2
3286,924,2,10,28,1,2025Q3
3286,931,2,11,32,1,2025Q4
3286,929,2,11,9,1,2026Q1
3286,929,2,13,15,1,2026Q2
3287,792,1,8,45,1,2023Q2
3287,793,1,7,53,1,2023Q3
3287,796,1,7,62,1,2023Q4
3287,811,1,7,27,0,2024Q1
3287,822,1,6,36,0,2024Q2
3287,845,0,6,45,0,2024Q3
3287,840,0,6,49,0,2024Q4
3287,839,0,7,26,0,2025Q1
3287,844,0,6,27,0,2025Q2
3287,845,0,7,31,0,2025Q3
3287,842,0,8,40,0,2025Q4
3287,848,0,10,23,0,2026Q1
3287,839,1,10,26,1,2026Q2
3289,1221,0,13,86,0,2023Q2
3289,1216,0,13,102,0,2023Q3
3289,1216,0,13,115,0,2023Q4
3289,1230,1,12,51,0,2024Q1
3289,1224,1,12,59,0,2024Q2
3289,1210,1,14,68,0,2024Q3
3289,1217,1,14,82,0,2024Q4
3289,1227,0,14,31,0,2025Q1
3289,1229,0,14,40,0,2025Q2
3289,1229,0,13,45,0,2025Q3
3289,1240,0,13,53,0,2025Q4
3289,1253,0,17,29,0,2026Q1
3289,1251,0,15,42,0,2026Q2
3294,1514,1,15,100,0,2023Q2
3294,1505,1,13,108,0,2023Q3
3294,1512,3,13,127,2,2023Q4
3294,1529,3,14,55,2,2024Q1
3294,1518,3,13,63,2,2024Q2
3294,1508,3,14,72,2,2024Q3
3294,1513,3,15,82,2,2024Q4
3294,1513,3,16,41,0,2025Q1
3294,1520,4,20,50,1,2025Q2
3294,1516,4,20,58,1,2025Q3
3294,1495,4,20,66,1,2025Q4
3294,1495,4,23,35,1,2026Q1
3294,1503,6,28,48,2,2026Q2
3300,10828,13,140,703,8,2023Q2
3300,10953,15,146,883,10,2023Q3
3300,10912,17,141,985,12,2023Q4
3300,10877,24,148,570,15,2024Q1
3300,10931,28,158,718,19,2024Q2
3300,10956,29,171,832,20,2024Q3
3300,10977,33,194,933,24,2024Q4
3300,10988,32,216,492,13,2025Q1
3300,11007,31,230,607,13,2025Q2
3300,10996,37,254,713,17,2025Q3
3300,11051,37,278,835,17,2025Q4
3300,11053,43,293,448,11,2026Q1
3300,11098,47,319,568,18,2026Q2
3301,2025,2,17,114,1,2023Q2
3301,2040,2,17,143,1,2023Q3
3301,2015,2,17,166,1,2023Q4
3301,2048,2,18,79,0,2024Q1
3301,2033,2,21,96,0,2024Q2
3301,2043,2,22,109,0,2024Q3
3301,2043,3,25,121,0,2024Q4
3301,2045,5,26,56,1,2025Q1
3301,2022,6,24,69,2,2025Q2
3301,2024,6,26,79,2,2025Q3
3301,2028,6,29,93,2,2025Q4
3301,2038,4,32,46,0,2026Q1
3301,2032,4,35,57,0,2026Q2
3302,594,0,6,34,0,2023Q2
3302,615,0,6,43,0,2023Q3
3302,611,0,6,52,0,2023Q4
3302,614,0,6,32,0,2024Q1
3302,607,0,7,37,0,2024Q2
3302,599,0,7,37,0,2024Q3
3302,618,0,8,42,0,2024Q4
3302,602,0,8,13,0,2025Q1
3302,594,0,8,13,0,2025Q2
3302,600,0,11,18,0,2025Q3
3302,608,0,11,21,0,2025Q4
3302,571,0,11,10,0,2026Q1
3302,583,1,13,16,1,2026Q2
3304,3613,1,52,184,0,2023Q2
3304,3597,2,51,211,1,2023Q3
3304,3592,3,50,247,2,2023Q4
3304,3604,3,49,128,2,2024Q1
3304,3593,3,49,146,2,2024Q2
3304,3589,4,48,174,3,2024Q3
3304,3591,4,43,194,3,2024Q4
3304,3597,4,44,91,1,2025Q1
3304,3613,4,47,127,1,2025Q2
3304,3634,5,49,162,2,2025Q3
3304,3632,5,51,194,2,2025Q4
3304,3646,4,52,128,0,2026Q1
3304,3660,4,55,157,0,2026Q2
3305,13904,11,214,719,8,2023Q2
3305,13939,13,205,865,10,2023Q3
3305,13910,14,193,1001,11,2023Q4
3305,13998,13,197,558,7,2024Q1
3305,14092,20,194,715,14,2024Q2
3305,14146,20,196,852,14,2024Q3
3305,14107,26,198,986,20,2024Q4
3305,14041,28,192,527,11,2025Q1
3305,14081,30,186,632,14,2025Q2
3305,14097,33,193,738,17,2025Q3
3305,14118,38,194,865,22,2025Q4
3305,14162,47,196,465,19,2026Q1
3305,14233,54,217,588,27,2026Q2
3311,2123,2,23,97,2,2023Q2
3311,2136,2,23,114,2,2023Q3
3311,2106,3,21,134,3,2023Q4
3311,2085,3,21,70,1,2024Q1
3311,2086,3,22,85,1,2024Q2
3311,2069,3,20,95,1,2024Q3
3311,2064,3,22,152,1,2024Q4
3311,2056,6,24,99,2,2025Q1
3311,2039,6,25,117,2,2025Q2
3311,2019,5,25,127,2,2025Q3
3311,2013,5,26,139,2,2025Q4
3311,1990,5,30,62,1,2026Q1
3311,2007,5,32,71,1,2026Q2
3312,1507,1,10,71,0,2023Q2
3312,1524,1,10,86,0,2023Q3
3312,1506,1,10,96,0,2023Q4
3312,1526,2,11,51,1,2024Q1
3312,1544,2,11,66,1,2024Q2
3312,1545,2,11,76,1,2024Q3
3312,1538,2,11,84,1,2024Q4
3312,1542,2,10,30,1,2025Q1
3312,1570,2,10,40,1,2025Q2
3312,1557,2,9,48,1,2025Q3
3312,1551,2,9,55,1,2025Q4
3312,1560,2,8,29,0,2026Q1
3312,1554,3,10,40,1,2026Q2
3314,864,5,7,61,4,2023Q2
3314,855,5,6,61,4,2023Q3
3314,860,4,6,72,3,2023Q4
3314,870,3,6,33,1,2024Q1
3314,876,3,6,37,1,2024Q2
3314,887,3,7,44,1,2024Q3
3314,873,4,7,50,2,2024Q4
3314,872,4,8,25,1,2025Q1
3314,881,4,10,30,1,2025Q2
3314,874,4,10,35,1,2025Q3
3314,882,4,11,40,1,2025Q4
3314,887,4,11,25,0,2026Q1
3314,889,4,11,30,0,2026Q2
3315,2675,0,38,137,0,2023Q2
3315,2667,0,37,158,0,2023Q3
3315,2643,0,37,177,0,2023Q4
3315,2648,0,36,87,0,2024Q1
3315,2650,0,38,101,0,2024Q2
3315,2626,0,37,114,0,2024Q3
3315,2630,1,37,135,1,2024Q4
3315,2631,2,37,63,2,2025Q1
3315,2645,2,37,84,2,2025Q2
3315,2636,2,39,92,2,2025Q3
3315,2627,2,40,110,2,2025Q4
3315,2668,2,39,70,1,2026Q1
3315,2673,3,43,89,2,2026Q2
3318,1843,0,19,90,0,2023Q2
3318,1824,0,20,108,0,2023Q3
3318,1809,2,20,126,2,2023Q4
3318,1806,2,18,66,1,2024Q1
3318,1773,2,18,77,1,2024Q2
3318,1788,2,20,98,1,2024Q3
3318,1780,2,20,113,1,2024Q4
3318,1781,2,20,62,0,2025Q1
3318,1786,2,18,79,0,2025Q2
3318,1772,2,18,86,0,2025Q3
3318,1775,3,17,100,0,2025Q4
3318,1786,5,19,52,2,2026Q1
3318,1784,5,18,70,2,2026Q2
3319,639,0,5,35,0,2023Q2
3319,653,0,5,44,0,2023Q3
3319,653,0,5,54,0,2023Q4
3319,658,0,5,30,0,2024Q1
3319,655,0,5,38,0,2024Q2
3319,657,0,5,43,0,2024Q3
3319,655,0,6,46,0,2024Q4
3319,654,0,5,20,0,2025Q1
3319,648,0,6,25,0,2025Q2
3319,637,0,6,26,0,2025Q3
3319,634,0,5,27,0,2025Q4
3319,637,0,5,15,0,2026Q1
3319,640,0,4,18,0,2026Q2
3321,2012,4,35,119,3,2023Q2
3321,2048,4,35,147,3,2023Q3
3321,2082,4,35,178,3,2023Q4
3321,2084,4,37,103,3,2024Q1
3321,2100,6,37,131,5,2024Q2
3321,2100,7,39,146,6,2024Q3
3321,2137,8,42,178,7,2024Q4
3321,2161,9,46,91,4,2025Q1
3321,2172,10,46,121,5,2025Q2
3321,2208,13,45,144,8,2025Q3
3321,2235,16,50,172,10,2025Q4
3321,2251,19,50,104,10,2026Q1
3321,2259,25,54,132,16,2026Q2
3324,975,0,12,33,0,2023Q2
3324,980,0,11,41,0,2023Q3
3324,986,0,13,50,0,2023Q4
3324,989,0,12,26,0,2024Q1
3324,981,0,13,32,0,2024Q2
3324,978,0,12,38,0,2024Q3
3324,988,1,11,45,1,2024Q4
3324,1001,1,12,22,1,2025Q1
3324,994,2,12,29,2,2025Q2
3324,996,2,12,37,2,2025Q3
3324,1001,2,13,49,2,2025Q4
3324,1007,3,14,22,1,2026Q1
3324,1023,3,14,33,1,2026Q2
3325,933,0,14,59,0,2023Q2
3325,939,0,15,73,0,2023Q3
3325,931,0,15,83,0,2023Q4
3325,936,0,14,39,0,2024Q1
3325,953,0,15,54,0,2024Q2
3325,949,0,16,67,0,2024Q3
3325,951,0,17,73,0,2024Q4
3325,950,0,17,29,0,2025Q1
3325,943,1,15,32,0,2025Q2
3325,946,1,15,35,0,2025Q3
3325,939,1,15,48,0,2025Q4
3325,923,1,14,24,0,2026Q1
3325,941,1,16,34,0,2026Q2
3328,2188,2,51,131,2,2023Q2
3328,2252,2,53,161,2,2023Q3
3328,2277,2,52,189,2,2023Q4
3328,2314,3,49,98,3,2024Q1
3328,2326,5,53,144,5,2024Q2
3328,2387,6,48,170,6,2024Q3
3328,2411,8,45,189,8,2024Q4
3328,2413,9,46,105,6,2025Q1
3328,2438,11,45,133,7,2025Q2
3328,2456,14,48,174,10,2025Q3
3328,2464,16,50,205,12,2025Q4
3328,2495,18,53,109,6,2026Q1
3328,2546,25,53,136,13,2026Q2
3331,6823,15,129,480,11,2023Q2
3331,6882,17,122,552,13,2023Q3
3331,6922,19,121,643,15,2023Q4
3331,6981,27,119,376,18,2024Q1
3331,7021,26,120,464,17,2024Q2
3331,7054,28,121,554,19,2024Q3
3331,7072,32,125,646,22,2024Q4
3331,7074,34,128,377,14,2025Q1
3331,7116,37,130,455,17,2025Q2
3331,7200,42,131,555,19,2025Q3
3331,7245,50,132,636,27,2025Q4
3331,7270,56,140,322,18,2026Q1
3331,7383,84,155,431,46,2026Q2
3332,1330,4,39,57,1,2023Q2
3332,1337,5,39,72,2,2023Q3
3332,1347,5,39,89,2,2023Q4
3332,1374,5,37,51,1,2024Q1
3332,1386,8,31,69,4,2024Q2
3332,1402,9,31,72,5,2024Q3
3332,1439,9,33,89,5,2024Q4
3332,1452,10,36,54,4,2025Q1
3332,1473,11,37,72,5,2025Q2
3332,1500,12,37,89,6,2025Q3
3332,1510,13,41,104,6,2025Q4
3332,1524,14,39,54,4,2026Q1
3332,1538,21,39,76,11,2026Q2
3333,1194,0,37,62,0,2023Q2
3333,1203,0,34,75,0,2023Q3
3333,1197,1,35,87,1,2023Q4
3333,1198,1,33,47,1,2024Q1
3333,1180,1,33,51,1,2024Q2
3333,1199,1,34,64,1,2024Q3
3333,1200,1,33,77,1,2024Q4
3333,1204,2,30,30,0,2025Q1
3333,1199,2,28,33,0,2025Q2
3333,1207,3,24,40,0,2025Q3
3333,1220,4,29,54,1,2025Q4
3333,1201,6,26,31,2,2026Q1
3333,1216,9,29,46,5,2026Q2
3334,750,1,21,34,0,2023Q2
3334,760,1,21,44,0,2023Q3
3334,768,1,21,55,0,2023Q4
3334,769,1,21,35,0,2024Q1
3334,779,2,22,38,1,2024Q2
3334,780,2,25,43,1,2024Q3
3334,775,2,23,48,1,2024Q4
3334,769,2,23,22,1,2025Q1
3334,776,2,25,25,1,2025Q2
3334,781,2,26,31,1,2025Q3
3334,785,2,23,39,1,2025Q4
3334,780,2,25,21,0,2026Q1
3334,796,4,26,28,3,2026Q2
3335,8699,61,199,804,46,2023Q2
3335,9437,79,227,1013,64,2023Q3
3335,10073,87,250,1220,74,2023Q4
3335,10441,113,279,760,64,2024Q1
3335,11070,130,331,1016,78,2024Q2
3335,11592,140,377,1220,87,2024Q3
3335,12020,154,416,1463,99,2024Q4
3335,12453,169,442,867,59,2025Q1
3335,12974,199,503,1155,86,2025Q2
3335,13436,233,533,1376,112,2025Q3
3335,13709,266,578,1595,148,2025Q4
3335,14049,305,624,919,118,2026Q1
3335,14422,404,705,1235,214,2026Q2
3336,15464,130,299,1590,99,2023Q2
3336,16509,171,328,1987,134,2023Q3
3336,17480,196,384,2372,154,2023Q4
3336,18442,232,431,1493,129,2024Q1
3336,19532,266,514,1951,165,2024Q2
3336,20416,298,561,2346,194,2024Q3
3336,21306,339,619,2785,237,2024Q4
3336,22095,395,722,1574,147,2025Q1
3336,23230,449,828,2086,191,2025Q2
3336,24207,531,933,2599,271,2025Q3
3336,25163,590,1029,3082,317,2025Q4
3336,25998,678,1159,1864,261,2026Q1
3336,26964,892,1284,2459,468,2026Q2
3337,31831,74,856,2034,46,2023Q2
3337,32082,91,873,2449,62,2023Q3
3337,32222,98,878,2792,73,2023Q4
3337,32527,105,890,1770,58,2024Q1
3337,32844,127,915,2233,77,2024Q2
3337,33089,145,943,2602,96,2024Q3
3337,33162,161,965,2953,112,2024Q4
3337,33076,165,988,1868,64,2025Q1
3337,33158,196,1005,2343,93,2025Q2
3337,33304,213,1062,2702,115,2025Q3
3337,33331,238,1117,3111,136,2025Q4
3337,33232,280,1191,1917,116,2026Q1
3337,33303,354,1270,2379,186,2026Q2
3338,26367,98,671,1838,72,2023Q2
3338,27261,121,720,2288,94,2023Q3
3338,28104,141,775,2732,114,2023Q4
3338,28679,167,823,1674,96,2024Q1
3338,29585,197,923,2181,122,2024Q2
3338,30346,233,1000,2652,154,2024Q3
3338,31025,270,1113,3151,190,2024Q4
3338,31446,284,1171,1809,97,2025Q1
3338,31975,327,1271,2284,135,2025Q2
3338,32373,374,1327,2727,187,2025Q3
3338,32794,438,1364,3179,247,2025Q4
3338,33248,491,1448,1813,197,2026Q1
3338,33560,652,1566,2365,353,2026Q2
3340,23675,69,551,1546,44,2023Q2
3340,23822,81,550,1837,57,2023Q3
3340,24025,90,556,2184,66,2023Q4
3340,24199,105,553,1321,56,2024Q1
3340,24345,117,547,1635,67,2024Q2
3340,24595,129,575,1973,79,2024Q3
3340,24887,149,597,2315,102,2024Q4
3340,25168,162,633,1284,57,2025Q1
3340,25231,181,655,1587,80,2025Q2
3340,25238,204,671,1926,101,2025Q3
3340,25421,229,698,2246,127,2025Q4
3340,25584,261,731,1295,91,2026Q1
3340,25824,334,795,1654,154,2026Q2
3341,1933,3,50,100,2,2023Q2
3341,1961,3,51,128,2,2023Q3
3341,1950,3,50,143,2,2023Q4
3341,1973,4,53,100,2,2024Q1
3341,2005,6,54,117,4,2024Q2
3341,1985,7,50,144,5,2024Q3
3341,1988,8,53,158,6,2024Q4
3341,1991,10,56,76,5,2025Q1
3341,2035,12,61,100,6,2025Q2
3341,2028,13,62,116,8,2025Q3
3341,2058,15,66,142,11,2025Q4
3341,2059,18,66,82,11,2026Q1
3341,2077,23,66,103,16,2026Q2
3342,4436,11,110,257,3,2023Q2
3342,4433,13,107,300,5,2023Q3
3342,4433,20,108,349,12,2023Q4
3342,4414,23,106,200,12,2024Q1
3342,4444,25,105,248,14,2024Q2
3342,4477,29,106,306,18,2024Q3
3342,4484,30,107,360,19,2024Q4
3342,4533,32,107,205,6,2025Q1
3342,4564,34,105,261,7,2025Q2
3342,4602,39,108,309,9,2025Q3
3342,4605,42,112,355,12,2025Q4
3342,4641,47,112,182,14,2026Q1
3342,4681,51,125,231,17,2026Q2
3345,1570,3,41,104,2,2023Q2
3345,1583,3,39,125,3,2023Q3
3345,1575,3,39,144,3,2023Q4
3345,1590,3,38,86,1,2024Q1
3345,1590,4,39,110,2,2024Q2
3345,1608,5,41,132,4,2024Q3
3345,1617,6,39,149,5,2024Q4
3345,1620,8,41,79,4,2025Q1
3345,1636,10,41,95,6,2025Q2
3345,1675,10,41,106,6,2025Q3
3345,1682,12,42,120,7,2025Q4
3345,1692,14,38,54,2,2026Q1
3345,1710,18,43,73,5,2026Q2
3350,55019,211,946,3636,128,2023Q2
3350,55490,256,942,4443,168,2023Q3
3350,55533,309,920,5244,218,2023Q4
3350,55792,345,948,3280,176,2024Q1
3350,56221,384,987,4115,214,2024Q2
3350,56275,426,1008,4803,261,2024Q3
3350,56451,472,1019,5575,311,2024Q4
3350,56722,502,1070,2972,175,2025Q1
3350,56974,564,1107,3707,238,2025Q2
3350,57150,629,1148,4481,294,2025Q3
3350,57272,701,1215,5258,367,2025Q4
3350,57427,797,1294,2882,283,2026Q1
3350,57656,974,1406,3659,454,2026Q2
3351,10774,18,305,556,6,2023Q2
3351,10847,20,302,669,9,2023Q3
3351,10982,24,290,761,13,2023Q4
3351,11025,30,288,460,19,2024Q1
3351,11127,35,295,580,22,2024Q2
3351,11170,41,290,680,26,2024Q3
3351,11219,47,285,793,32,2024Q4
3351,11241,48,282,411,18,2025Q1
3351,11324,50,281,497,20,2025Q2
3351,11329,52,276,589,22,2025Q3
3351,11449,56,294,691,25,2025Q4
3351,11534,66,292,355,16,2026Q1
3351,11568,104,300,459,49,2026Q2
3352,22507,31,417,1433,23,2023Q2
3352,22761,42,424,1809,31,2023Q3
3352,22892,49,422,2089,37,2023Q4
3352,22957,53,414,1217,32,2024Q1
3352,23060,64,414,1462,41,2024Q2
3352,23012,72,419,1674,48,2024Q3
3352,23064,82,421,1887,56,2024Q4
3352,23230,92,441,925,26,2025Q1
3352,23343,110,454,1174,43,2025Q2
3352,23395,119,460,1380,53,2025Q3
3352,23426,135,472,1578,67,2025Q4
3352,23444,157,490,793,61,2026Q1
3352,23578,204,523,1078,107,2026Q2
3355,15385,30,275,2081,19,2023Q2
3355,15530,37,275,2502,25,2023Q3
3355,15565,43,286,2854,32,2023Q4
3355,15777,53,304,2050,25,2024Q1
3355,15774,58,300,2435,30,2024Q2
3355,15823,64,314,2732,38,2024Q3
3355,15859,67,335,3132,41,2024Q4
3355,16010,75,351,1885,38,2025Q1
3355,16027,96,349,2157,55,2025Q2
3355,15919,98,361,2421,59,2025Q3
3355,15967,98,371,2720,55,2025Q4
3355,16021,111,404,1487,47,2026Q1
3355,16137,160,427,1820,85,2026Q2
3356,13630,18,336,791,13,2023Q2
3356,13676,20,323,955,15,2023Q3
3356,13657,26,320,1112,21,2023Q4
3356,13709,30,316,706,17,2024Q1
3356,13837,39,305,869,23,2024Q2
3356,13899,43,306,1036,26,2024Q3
3356,14000,48,300,1168,30,2024Q4
3356,14010,49,299,669,14,2025Q1
3356,14163,56,300,820,22,2025Q2
3356,14192,61,306,957,27,2025Q3
3356,14305,65,308,1073,30,2025Q4
3356,14354,71,328,592,22,2026Q1
3356,14410,80,337,740,31,2026Q2
3357,3361,13,73,189,7,2023Q2
3357,3369,17,73,233,11,2023Q3
3357,3414,20,78,269,14,2023Q4
3357,3432,23,77,177,14,2024Q1
3357,3441,24,79,216,15,2024Q2
3357,3467,30,78,276,21,2024Q3
3357,3452,34,78,307,25,2024Q4
3357,3484,36,74,164,13,2025Q1
3357,3534,43,75,205,19,2025Q2
3357,3530,47,74,244,22,2025Q3
3357,3516,50,78,278,24,2025Q4
3357,3503,51,79,137,8,2026Q1
3357,3511,63,89,178,19,2026Q2
3358,3203,8,49,244,7,2023Q2
3358,3446,9,56,319,8,2023Q3
3358,3683,8,56,383,7,2023Q4
3358,3914,12,61,241,7,2024Q1
3358,4139,17,68,324,12,2024Q2
3358,4321,15,71,384,10,2024Q3
3358,4492,19,84,447,13,2024Q4
3358,4625,24,83,269,12,2025Q1
3358,4785,29,91,339,16,2025Q2
3358,4891,35,102,397,20,2025Q3
3358,5025,38,115,472,22,2025Q4
3358,5168,48,139,277,16,2026Q1
3358,5275,59,165,358,28,2026Q2
3360,1076,2,33,39,2,2023Q2
3360,1056,2,31,47,2,2023Q3
3360,1064,3,30,57,3,2023Q4
3360,1068,3,29,31,1,2024Q1
3360,1084,3,25,39,1,2024Q2
3360,1099,3,26,45,1,2024Q3
3360,1088,3,26,52,1,2024Q4
3360,1094,4,24,26,1,2025Q1
3360,1090,4,21,34,1,2025Q2
3360,1098,5,20,39,1,2025Q3
3360,1085,4,21,48,1,2025Q4
3360,1089,4,22,25,0,2026Q1
3360,1096,6,21,36,2,2026Q2
3361,1047,1,27,56,0,2023Q2
3361,1051,1,26,65,0,2023Q3
3361,1057,1,25,77,0,2023Q4
3361,1065,1,28,44,0,2024Q1
3361,1076,0,26,53,0,2024Q2
3361,1082,0,24,61,0,2024Q3
3361,1075,0,24,69,0,2024Q4
3361,1073,0,25,31,0,2025Q1
3361,1089,0,22,32,0,2025Q2
3361,1065,0,21,33,0,2025Q3
3361,1071,0,23,42,0,2025Q4
3361,1109,0,23,25,0,2026Q1
3361,1106,0,25,35,0,2026Q2
3363,3627,10,101,175,8,2023Q2
3363,3620,10,98,200,8,2023Q3
3363,3632,10,96,232,8,2023Q4
3363,3664,11,96,143,5,2024Q1
3363,3681,15,94,174,9,2024Q2
3363,3687,18,95,213,12,2024Q3
3363,3679,20,91,249,13,2024Q4
3363,3671,23,90,141,8,2025Q1
3363,3699,25,90,178,10,2025Q2
3363,3728,27,91,199,11,2025Q3
3363,3729,30,94,223,14,2025Q4
3363,3748,36,97,114,14,2026Q1
3363,3787,44,102,163,23,2026Q2
3364,3151,3,79,140,3,2023Q2
3364,3179,4,73,161,4,2023Q3
3364,3166,5,72,193,5,2023Q4
3364,3208,6,73,101,4,2024Q1
3364,3234,8,72,131,5,2024Q2
3364,3236,10,71,165,7,2024Q3
3364,3239,12,71,197,8,2024Q4
3364,3272,14,73,118,7,2025Q1
3364,3299,14,70,138,7,2025Q2
3364,3319,14,70,160,7,2025Q3
3364,3325,14,68,183,9,2025Q4
3364,3339,17,70,82,6,2026Q1
3364,3348,25,74,113,12,2026Q2
3370,2158,11,73,103,7,2023Q2
3370,2164,10,70,124,6,2023Q3
3370,2126,12,69,134,7,2023Q4
3370,2150,14,72,75,6,2024Q1
3370,2149,17,71,96,9,2024Q2
3370,2152,17,70,108,9,2024Q3
3370,2144,19,66,125,12,2024Q4
3370,2158,21,64,56,6,2025Q1
3370,2174,24,61,68,10,2025Q2
3370,2198,23,56,88,11,2025Q3
3370,2210,27,59,106,14,2025Q4
3370,2214,31,65,64,13,2026Q1
3370,2219,37,60,80,18,2026Q2
3371,1399,2,52,46,1,2023Q2
3371,1421,3,50,55,1,2023Q3
3371,1420,3,50,63,2,2023Q4
3371,1415,3,51,33,2,2024Q1
3371,1391,3,47,34,2,2024Q2
3371,1397,3,46,45,2,2024Q3
3371,1415,5,45,54,4,2024Q4
3371,1420,6,42,38,4,2025Q1
3371,1424,6,46,50,4,2025Q2
3371,1413,7,43,59,4,2025Q3
3371,1423,7,43,63,4,2025Q4
3371,1438,7,43,33,1,2026Q1
3371,1441,10,47,50,4,2026Q2
3373,3434,10,91,173,7,2023Q2
3373,3417,13,91,207,9,2023Q3
3373,3453,14,88,244,10,2023Q4
3373,3497,14,84,141,5,2024Q1
3373,3548,12,87,179,4,2024Q2
3373,3583,11,88,216,5,2024Q3
3373,3576,10,81,251,5,2024Q4
3373,3596,10,80,140,2,2025Q1
3373,3624,12,76,180,4,2025Q2
3373,3619,15,74,203,7,2025Q3
3373,3649,13,72,229,6,2025Q4
3373,3669,15,70,97,6,2026Q1
3373,3667,18,70,124,8,2026Q2
3374,555,0,16,28,0,2023Q2
3374,559,0,17,34,0,2023Q3
3374,561,0,16,40,0,2023Q4
3374,564,0,16,21,0,2024Q1
3374,566,0,14,24,0,2024Q2
3374,565,0,13,27,0,2024Q3
3374,573,0,13,34,0,2024Q4
3374,574,0,13,13,0,2025Q1
3374,575,0,13,20,0,2025Q2
3374,578,0,12,36,0,2025Q3
3374,592,1,14,38,0,2025Q4
3374,592,1,14,25,0,2026Q1
3374,607,2,15,34,0,2026Q2
3377,9345,13,211,467,8,2023Q2
3377,9419,16,210,564,11,2023Q3
3377,9421,20,219,692,15,2023Q4
3377,9436,21,227,423,11,2024Q1
3377,9524,23,227,546,13,2024Q2
3377,9510,24,228,642,14,2024Q3
3377,9553,27,231,752,16,2024Q4
3377,9556,28,223,412,8,2025Q1
3377,9571,33,226,513,13,2025Q2
3377,9555,32,225,597,12,2025Q3
3377,9564,32,230,699,14,2025Q4
3377,9564,31,230,332,6,2026Q1
3377,9590,40,241,420,15,2026Q2
3379,1399,0,18,70,0,2023Q2
3379,1404,0,17,82,0,2023Q3
3379,1398,0,20,98,0,2023Q4
3379,1398,0,20,52,0,2024Q1
3379,1415,0,20,58,0,2024Q2
3379,1413,0,20,65,0,2024Q3
3379,1420,0,20,77,0,2024Q4
3379,1434,0,22,30,0,2025Q1
3379,1432,0,22,37,0,2025Q2
3379,1416,0,23,40,0,2025Q3
3379,1431,0,28,49,0,2025Q4
3379,1427,0,27,29,0,2026Q1
3379,1430,0,25,37,0,2026Q2
3380,6498,5,138,348,3,2023Q2
3380,6537,6,140,414,4,2023Q3
3380,6568,5,145,482,4,2023Q4
3380,6533,5,142,268,2,2024Q1
3380,6563,6,150,346,3,2024Q2
3380,6574,7,155,410,4,2024Q3
3380,6588,7,153,467,4,2024Q4
3380,6603,8,151,261,3,2025Q1
3380,6652,9,158,334,4,2025Q2
3380,6680,11,160,410,6,2025Q3
3380,6680,10,164,460,5,2025Q4
3380,6630,17,164,248,9,2026Q1
3380,6615,22,182,304,13,2026Q2
3381,1484,3,30,77,1,2023Q2
3381,1485,3,29,91,1,2023Q3
3381,1483,3,30,110,1,2023Q4
3381,1504,3,33,69,0,2024Q1
3381,1516,3,32,94,0,2024Q2
3381,1527,3,31,108,0,2024Q3
3381,1524,4,35,121,1,2024Q4
3381,1536,6,37,55,3,2025Q1
3381,1534,7,38,65,4,2025Q2
3381,1528,7,39,75,4,2025Q3
3381,1533,9,40,90,6,2025Q4
3381,1539,10,38,47,4,2026Q1
3381,1542,12,43,65,6,2026Q2
3384,1051,0,36,35,0,2023Q2
3384,1047,0,34,43,0,2023Q3
3384,1044,0,33,50,0,2023Q4
3384,1050,0,34,28,0,2024Q1
3384,1065,0,33,32,0,2024Q2
3384,1083,0,31,40,0,2024Q3
3384,1083,0,30,44,0,2024Q4
3384,1085,0,31,23,0,2025Q1
3384,1088,1,31,28,1,2025Q2
3384,1099,1,30,31,1,2025Q3
3384,1086,2,30,36,1,2025Q4
3384,1084,4,29,17,2,2026Q1
3384,1102,4,29,28,2,2026Q2
3385,850,4,17,23,3,2023Q2
3385,845,4,16,31,3,2023Q3
3385,836,4,15,34,3,2023Q4
3385,834,4,15,24,3,2024Q1
3385,857,4,16,37,3,2024Q2
3385,859,4,19,42,3,2024Q3
3385,862,4,20,46,3,2024Q4
3385,880,4,17,18,0,2025Q1
3385,885,4,17,21,0,2025Q2
3385,878,4,16,32,0,2025Q3
3385,891,4,19,33,0,2025Q4
3385,889,4,19,17,0,2026Q1
3385,895,4,22,23,0,2026Q2
3388,1036,1,10,48,1,2023Q2
3388,1045,1,11,57,1,2023Q3
3388,1039,1,10,69,1,2023Q4
3388,1069,1,10,50,0,2024Q1
3388,1070,1,8,63,0,2024Q2
3388,1093,2,8,71,1,2024Q3
3388,1106,2,10,80,1,2024Q4
3388,1099,2,12,35,1,2025Q1
3388,1086,2,12,40,1,2025Q2
3388,1094,2,14,44,1,2025Q3
3388,1101,2,14,51,1,2025Q4
3388,1111,2,15,18,0,2026Q1
3388,1140,2,15,25,0,2026Q2
3390,1354,0,31,57,0,2023Q2
3390,1363,0,33,63,0,2023Q3
3390,1363,0,34,70,0,2023Q4
3390,1389,0,33,29,0,2024Q1
3390,1402,0,34,36,0,2024Q2
3390,1397,0,31,45,0,2024Q3
3390,1386,2,29,67,2,2024Q4
3390,1383,2,28,39,2,2025Q1
3390,1396,2,29,53,2,2025Q2
3390,1404,3,31,58,2,2025Q3
3390,1419,3,30,65,2,2025Q4
3390,1423,2,27,35,0,2026Q1
3390,1420,2,28,41,0,2026Q2
3392,892,3,10,45,1,2023Q2
3392,911,3,10,59,1,2023Q3
3392,911,3,10,67,1,2023Q4
3392,927,2,9,40,0,2024Q1
3392,916,2,10,50,0,2024Q2
3392,926,2,8,59,0,2024Q3
3392,929,2,6,68,0,2024Q4
3392,937,2,6,31,0,2025Q1
3392,941,2,7,36,0,2025Q2
3392,931,2,6,44,0,2025Q3
3392,928,2,6,54,0,2025Q4
3392,929,2,6,32,0,2026Q1
3392,918,2,5,34,0,2026Q2
3393,3773,3,36,199,2,2023Q2
3393,3798,3,35,253,2,2023Q3
3393,3783,4,34,300,3,2023Q4
3393,3846,4,35,196,3,2024Q1
3393,3889,4,36,244,3,2024Q2
3393,3907,5,38,289,3,2024Q3
3393,3906,6,37,330,3,2024Q4
3393,3907,6,37,150,0,2025Q1
3393,3929,7,35,195,1,2025Q2
3393,3921,8,35,225,2,2025Q3
3393,3923,8,35,254,2,2025Q4
3393,3881,7,34,113,1,2026Q1
3393,3867,7,34,136,1,2026Q2
3395,913,0,8,56,0,2023Q2
3395,932,0,8,67,0,2023Q3
3395,927,0,8,76,0,2023Q4
3395,946,0,8,53,0,2024Q1
3395,956,0,7,69,0,2024Q2
3395,958,0,7,75,0,2024Q3
3395,964,0,7,85,0,2024Q4
3395,963,0,7,34,0,2025Q1
3395,964,0,9,38,0,2025Q2
3395,950,0,9,40,0,2025Q3
3395,950,0,8,43,0,2025Q4
3395,952,0,8,14,0,2026Q1
3395,965,0,8,26,0,2026Q2
3396,1179,1,11,56,1,2023Q2
3396,1185,1,8,70,1,2023Q3
3396,1199,1,8,80,1,2023Q4
3396,1226,2,7,61,2,2024Q1
3396,1230,2,6,76,2,2024Q2
3396,1231,3,6,88,3,2024Q3
3396,1261,3,6,106,3,2024Q4
3396,1246,3,7,42,0,2025Q1
3396,1254,3,8,51,0,2025Q2
3396,1247,3,8,58,0,2025Q3
3396,1251,3,8,74,0,2025Q4
3396,1245,3,10,35,0,2026Q1
3396,1241,3,10,43,0,2026Q2
3400,14699,17,219,1032,8,2023Q2
3400,14791,22,216,1244,13,2023Q3
3400,14737,22,209,1415,13,2023Q4
3400,14792,26,207,796,12,2024Q1
3400,14905,29,207,1003,15,2024Q2
3400,15000,31,218,1202,15,2024Q3
3400,15021,34,219,1401,16,2024Q4
3400,15089,35,227,828,6,2025Q1
3400,15173,40,230,1008,9,2025Q2
3400,15117,42,238,1148,10,2025Q3
3400,15188,43,259,1339,13,2025Q4
3400,15161,46,268,730,11,2026Q1
3400,15165,52,286,910,18,2026Q2
3401,7008,9,95,358,6,2023Q2
3401,7067,9,92,427,7,2023Q3
3401,7087,9,95,504,7,2023Q4
3401,7165,10,93,277,5,2024Q1
3401,7236,10,96,355,5,2024Q2
3401,7279,10,89,426,5,2024Q3
3401,7337,10,86,478,5,2024Q4
3401,7384,10,90,242,0,2025Q1
3401,7437,10,92,310,1,2025Q2
3401,7466,11,93,361,2,2025Q3
3401,7456,11,89,416,2,2025Q4
3401,7507,13,96,205,2,2026Q1
3401,7473,15,100,260,4,2026Q2
3402,36,0,0,5,0,2023Q2
3402,36,0,0,5,0,2023Q3
3402,36,0,0,8,0,2023Q4
3402,36,0,0,3,0,2024Q1
3402,36,0,0,4,0,2024Q2
3402,37,0,0,4,0,2024Q3
3402,35,0,0,4,0,2024Q4
3402,35,0,0,1,0,2025Q1
3402,31,0,0,2,0,2025Q2
3402,30,0,0,2,0,2025Q3
3402,28,0,0,2,0,2025Q4
3402,27,0,0,2,0,2026Q1
3402,91,1,0,14,0,2026Q2
3407,749,1,6,34,0,2023Q2
3407,762,1,6,41,0,2023Q3
3407,758,1,7,48,0,2023Q4
3407,771,1,6,20,0,2024Q1
3407,778,2,6,25,1,2024Q2
3407,778,2,6,29,1,2024Q3
3407,762,2,8,33,1,2024Q4
3407,757,2,7,14,1,2025Q1
3407,763,2,8,19,1,2025Q2
3407,734,2,8,22,1,2025Q3
3407,742,2,9,27,1,2025Q4
3407,739,2,9,15,1,2026Q1
3407,735,2,9,16,1,2026Q2
3409,1674,2,24,62,0,2023Q2
3409,1672,2,23,75,0,2023Q3
3409,1677,2,22,92,0,2023Q4
3409,1692,1,21,56,0,2024Q1
3409,1697,1,19,68,0,2024Q2
3409,1692,1,18,74,0,2024Q3
3409,1691,2,15,82,1,2024Q4
3409,1699,3,15,31,1,2025Q1
3409,1710,3,14,41,1,2025Q2
3409,1715,4,14,54,2,2025Q3
3409,1726,4,15,62,2,2025Q4
3409,1728,5,14,43,2,2026Q1
3409,1733,5,18,57,2,2026Q2
3414,2183,1,43,90,0,2023Q2
3414,2185,1,42,106,0,2023Q3
3414,2183,1,42,127,0,2023Q4
3414,2216,1,43,74,0,2024Q1
3414,2217,1,42,87,0,2024Q2
3414,2217,1,41,99,0,2024Q3
3414,2205,2,41,113,1,2024Q4
3414,2216,2,43,54,0,2025Q1
3414,2211,2,43,68,0,2025Q2
3414,2234,2,41,80,0,2025Q3
3414,2233,2,40,90,0,2025Q4
3414,2239,2,38,41,0,2026Q1
3414,2234,2,38,56,0,2026Q2
3418,4221,2,51,156,2,2023Q2
3418,4249,2,51,190,2,2023Q3
3418,4258,3,50,224,3,2023Q4
3418,4312,3,47,138,3,2024Q1
3418,4319,2,46,182,2,2024Q2
3418,4340,2,47,219,2,2024Q3
3418,4355,3,49,261,3,2024Q4
3418,4362,3,53,160,1,2025Q1
3418,4345,4,53,202,2,2025Q2
3418,4331,4,52,228,2,2025Q3
3418,4329,4,51,261,3,2025Q4
3418,4355,4,52,143,2,2026Q1
3418,4332,6,54,172,3,2026Q2
3419,1396,0,11,53,0,2023Q2
3419,1385,0,11,65,0,2023Q3
3419,1389,0,12,74,0,2023Q4
3419,1388,0,12,36,0,2024Q1
3419,1402,1,11,60,1,2024Q2
3419,1402,1,11,71,1,2024Q3
3419,1387,1,12,76,1,2024Q4
3419,1384,1,11,41,1,2025Q1
3419,1377,1,10,46,1,2025Q2
3419,1366,1,10,54,1,2025Q3
3419,1369,1,10,64,1,2025Q4
3419,1364,1,9,31,0,2026Q1
3419,1362,2,11,37,1,2026Q2
3424,1424,0,18,73,0,2023Q2
3424,1432,0,21,85,0,2023Q3
3424,1428,0,23,101,0,2023Q4
3424,1452,0,22,58,0,2024Q1
3424,1465,0,21,76,0,2024Q2
3424,1464,0,21,82,0,2024Q3
3424,1460,0,21,102,0,2024Q4
3424,1439,0,20,43,0,2025Q1
3424,1455,0,17,51,0,2025Q2
3424,1446,1,17,59,1,2025Q3
3424,1456,1,17,71,1,2025Q4
3424,1458,1,17,36,1,2026Q1
3424,1448,1,17,50,1,2026Q2
3427,5094,30,122,412,23,2023Q2
3427,5208,33,123,478,26,2023Q3
3427,5363,36,122,564,29,2023Q4
3427,5440,39,123,321,23,2024Q1
3427,5517,47,129,410,31,2024Q2
3427,5652,53,137,480,34,2024Q3
3427,5752,58,144,557,40,2024Q4
3427,5864,61,150,321,19,2025Q1
3427,5949,75,155,416,34,2025Q2
3427,6056,87,163,495,46,2025Q3
3427,6139,100,184,576,59,2025Q4
3427,6211,108,201,345,46,2026Q1
3427,6330,133,232,456,68,2026Q2
3428,845,0,22,49,0,2023Q2
3428,852,3,20,58,3,2023Q3
3428,854,4,20,70,4,2023Q4
3428,873,4,20,48,4,2024Q1
3428,882,3,20,51,3,2024Q2
3428,884,3,23,56,3,2024Q3
3428,867,3,24,65,3,2024Q4
3428,870,3,25,24,0,2025Q1
3428,878,3,23,35,0,2025Q2
3428,890,4,25,48,1,2025Q3
3428,894,6,24,57,3,2025Q4
3428,908,7,24,41,4,2026Q1
3428,902,9,24,54,6,2026Q2
3429,31149,104,510,1958,64,2023Q2
3429,31719,127,516,2491,84,2023Q3
3429,32046,143,535,2973,103,2023Q4
3429,32295,178,554,1904,104,2024Q1
3429,32710,220,594,2392,141,2024Q2
3429,33111,237,635,2821,159,2024Q3
3429,33426,283,683,3292,201,2024Q4
3429,33670,314,725,1897,123,2025Q1
3429,34047,365,782,2394,169,2025Q2
3429,34632,430,862,2927,230,2025Q3
3429,35008,489,938,3441,287,2025Q4
3429,35229,572,1009,2041,236,2026Q1
3429,35754,708,1100,2596,371,2026Q2
3431,4288,16,101,256,11,2023Q2
3431,4305,17,100,303,12,2023Q3
3431,4296,20,95,369,15,2023Q4
3431,4319,26,95,233,16,2024Q1
3431,4367,30,101,288,20,2024Q2
3431,4381,32,102,344,23,2024Q3
3431,4454,36,107,397,27,2024Q4
3431,4473,38,109,235,13,2025Q1
3431,4499,40,113,288,14,2025Q2
3431,4532,43,117,338,16,2025Q3
3431,4505,47,112,384,20,2025Q4
3431,4488,55,113,215,15,2026Q1
3431,4488,70,120,266,26,2026Q2
3434,6149,14,130,356,12,2023Q2
3434,6118,15,129,411,13,2023Q3
3434,6150,19,130,488,17,2023Q4
3434,6177,25,129,284,15,2024Q1
3434,6215,34,129,364,21,2024Q2
3434,6274,36,129,443,25,2024Q3
3434,6259,38,127,500,28,2024Q4
3434,6263,44,134,281,18,2025Q1
3434,6253,49,134,358,23,2025Q2
3434,6259,54,143,426,29,2025Q3
3434,6288,59,156,501,33,2025Q4
3434,6302,65,160,261,21,2026Q1
3434,6337,83,169,331,39,2026Q2
3435,3694,15,89,212,5,2023Q2
3435,3712,15,86,259,7,2023Q3
3435,3712,17,89,303,9,2023Q4
3435,3713,20,92,183,9,2024Q1
3435,3736,21,95,219,12,2024Q2
3435,3727,23,96,252,13,2024Q3
3435,3695,25,96,288,15,2024Q4
3435,3721,29,99,135,8,2025Q1
3435,3758,33,98,179,12,2025Q2
3435,3756,35,97,224,15,2025Q3
3435,3786,36,100,268,18,2025Q4
3435,3786,42,105,169,17,2026Q1
3435,3827,55,106,210,30,2026Q2
3437,10458,52,161,765,37,2023Q2
3437,10581,67,165,922,50,2023Q3
3437,10688,86,169,1090,69,2023Q4
3437,10797,107,170,685,67,2024Q1
3437,10957,120,178,872,80,2024Q2
3437,11128,134,181,1032,93,2024Q3
3437,11212,147,196,1194,104,2024Q4
3437,11291,153,226,629,51,2025Q1
3437,11430,176,253,818,68,2025Q2
3437,11511,187,268,1004,82,2025Q3
3437,11598,205,284,1153,94,2025Q4
3437,11685,234,299,626,53,2026Q1
3437,11807,295,331,826,115,2026Q2
3438,2491,5,46,146,2,2023Q2
3438,2527,7,47,185,3,2023Q3
3438,2557,6,48,221,3,2023Q4
3438,2615,7,48,145,5,2024Q1
3438,2626,10,47,182,8,2024Q2
3438,2664,12,46,223,10,2024Q3
3438,2695,16,49,266,14,2024Q4
3438,2766,17,50,153,9,2025Q1
3438,2803,25,57,207,15,2025Q2
3438,2808,37,62,246,22,2025Q3
3438,2843,41,60,283,26,2025Q4
3438,2851,53,67,152,22,2026Q1
3438,2876,68,71,188,36,2026Q2
3440,2001,11,37,111,8,2023Q2
3440,2019,14,36,136,11,2023Q3
3440,2027,16,37,161,13,2023Q4
3440,2024,21,38,103,12,2024Q1
3440,2028,23,37,122,15,2024Q2
3440,2023,25,40,146,17,2024Q3
3440,2015,27,42,165,19,2024Q4
3440,2007,31,46,86,12,2025Q1
3440,1994,35,49,114,17,2025Q2
3440,1968,43,51,124,23,2025Q3
3440,1956,53,50,153,32,2025Q4
3440,1971,58,50,94,25,2026Q1
3440,1971,71,53,113,33,2026Q2
3441,1401,15,24,87,9,2023Q2
3441,1409,16,25,103,10,2023Q3
3441,1406,18,28,125,12,2023Q4
3441,1415,23,27,74,9,2024Q1
3441,1393,26,26,89,13,2024Q2
3441,1403,30,26,104,16,2024Q3
3441,1390,31,29,114,17,2024Q4
3441,1378,34,31,57,10,2025Q1
3441,1372,41,32,80,18,2025Q2
3441,1365,42,30,91,21,2025Q3
3441,1366,42,35,111,22,2025Q4
3441,1367,43,36,65,15,2026Q1
3441,1355,58,39,90,26,2026Q2
3442,7992,58,180,427,32,2023Q2
3442,8063,66,181,523,40,2023Q3
3442,8074,74,181,627,47,2023Q4
3442,8150,89,176,418,50,2024Q1
3442,8162,112,174,533,70,2024Q2
3442,8271,122,183,631,81,2024Q3
3442,8309,130,188,732,90,2024Q4
3442,8278,142,208,401,50,2025Q1
3442,8306,161,222,502,68,2025Q2
3442,8301,180,222,607,88,2025Q3
3442,8364,206,229,698,111,2025Q4
3442,8397,230,236,386,79,2026Q1
3442,8473,285,262,533,134,2026Q2
3444,10805,54,256,631,34,2023Q2
3444,10817,64,259,738,43,2023Q3
3444,10813,66,260,862,46,2023Q4
3444,10853,71,259,495,31,2024Q1
3444,10939,80,257,608,41,2024Q2
3444,10917,89,259,703,47,2024Q3
3444,10961,100,261,810,58,2024Q4
3444,10971,103,269,411,28,2025Q1
3444,11036,108,279,550,35,2025Q2
3444,11033,119,293,667,48,2025Q3
3444,11072,138,298,777,64,2025Q4
3444,11079,162,295,452,51,2026Q1
3444,11123,219,308,596,101,2026Q2
3446,1192,3,32,46,3,2023Q2
3446,1199,5,32,58,5,2023Q3
3446,1220,5,34,70,5,2023Q4
3446,1233,7,32,45,3,2024Q1
3446,1238,9,32,56,5,2024Q2
3446,1238,10,34,64,6,2024Q3
3446,1248,10,34,73,7,2024Q4
3446,1239,12,32,41,5,2025Q1
3446,1240,13,35,49,5,2025Q2
3446,1246,14,34,58,5,2025Q3
3446,1258,16,33,72,7,2025Q4
3446,1264,18,39,39,3,2026Q1
3446,1284,26,49,62,9,2026Q2
3447,629,2,20,31,0,2023Q2
3447,618,2,15,33,0,2023Q3
3447,623,2,16,40,0,2023Q4
3447,611,2,15,21,0,2024Q1
3447,614,2,16,27,0,2024Q2
3447,618,2,16,32,0,2024Q3
3447,607,2,15,34,0,2024Q4
3447,604,2,15,15,0,2025Q1
3447,593,2,15,22,0,2025Q2
3447,608,3,14,26,1,2025Q3
3447,617,5,14,30,3,2025Q4
3447,618,6,16,12,4,2026Q1
3447,623,8,16,17,6,2026Q2
3448,1275,3,49,50,1,2023Q2
3448,1277,3,45,56,1,2023Q3
3448,1285,4,43,76,2,2023Q4
3448,1292,7,42,54,5,2024Q1
3448,1320,8,39,73,6,2024Q2
3448,1326,8,39,87,6,2024Q3
3448,1345,11,41,98,9,2024Q4
3448,1341,12,40,46,4,2025Q1
3448,1352,14,42,58,6,2025Q2
3448,1338,14,38,63,7,2025Q3
3448,1357,16,38,75,9,2025Q4
3448,1336,22,41,38,9,2026Q1
3448,1329,25,40,49,12,2026Q2
3450,6433,53,142,285,29,2023Q2
3450,6422,58,143,335,32,2023Q3
3450,6446,61,148,402,35,2023Q4
3450,6503,70,147,259,24,2024Q1
3450,6509,77,145,305,32,2024Q2
3450,6494,84,148,349,36,2024Q3
3450,6517,92,156,410,43,2024Q4
3450,6512,99,162,248,25,2025Q1
3450,6529,111,159,303,36,2025Q2
3450,6567,121,168,376,47,2025Q3
3450,6551,134,179,437,60,2025Q4
3450,6582,154,192,257,47,2026Q1
3450,6596,185,211,342,75,2026Q2
3451,5776,32,137,215,18,2023Q2
3451,5799,36,134,256,22,2023Q3
3451,5823,41,136,299,26,2023Q4
3451,5876,42,134,182,21,2024Q1
3451,5901,51,135,238,27,2024Q2
3451,5924,57,139,282,30,2024Q3
3451,5971,67,147,334,41,2024Q4
3451,6015,77,154,198,19,2025Q1
3451,6060,77,158,245,20,2025Q2
3451,6072,86,165,304,27,2025Q3
3451,6134,99,170,351,40,2025Q4
3451,6165,108,171,195,30,2026Q1
3451,6244,136,181,254,54,2026Q2
3453,2169,8,54,112,3,2023Q2
3453,2157,9,55,124,4,2023Q3
3453,2163,9,54,141,4,2023Q4
3453,2167,9,51,65,2,2024Q1
3453,2205,9,56,88,2,2024Q2
3453,2214,9,54,106,2,2024Q3
3453,2203,10,54,125,3,2024Q4
3453,2223,10,50,76,0,2025Q1
3453,2227,12,52,90,0,2025Q2
3453,2250,14,55,112,2,2025Q3
3453,2252,15,60,137,4,2025Q4
3453,2238,16,59,75,5,2026Q1
3453,2238,23,63,95,11,2026Q2
3458,2727,17,55,136,9,2023Q2
3458,2732,20,53,166,12,2023Q3
3458,2745,25,54,198,15,2023Q4
3458,2784,28,54,124,11,2024Q1
3458,2781,34,54,150,18,2024Q2
3458,2798,40,52,179,24,2024Q3
3458,2794,43,51,201,28,2024Q4
3458,2811,45,53,113,18,2025Q1
3458,2822,52,56,142,26,2025Q2
3458,2842,58,60,174,34,2025Q3
3458,2863,63,64,189,38,2025Q4
3458,2906,64,73,104,20,2026Q1
3458,2934,77,77,140,31,2026Q2
3460,2982,24,86,140,12,2023Q2
3460,2970,25,82,179,13,2023Q3
3460,2968,24,81,207,13,2023Q4
3460,3004,23,83,139,3,2024Q1
3460,2988,24,77,164,5,2024Q2
3460,2999,30,78,201,11,2024Q3
3460,2990,31,85,236,13,2024Q4
3460,3000,37,86,148,12,2025Q1
3460,3013,41,86,171,15,2025Q2
3460,3010,43,93,203,18,2025Q3
3460,3026,44,99,233,19,2025Q4
3460,3019,50,100,119,15,2026Q1
3460,3041,57,103,149,20,2026Q2
3461,5303,34,142,233,15,2023Q2
3461,5294,36,144,272,17,2023Q3
3461,5289,43,144,310,22,2023Q4
3461,5308,51,145,176,22,2024Q1
3461,5360,55,144,234,26,2024Q2
3461,5386,62,140,275,33,2024Q3
3461,5451,71,137,326,40,2024Q4
3461,5471,77,142,186,27,2025Q1
3461,5476,86,140,243,36,2025Q2
3461,5477,96,136,294,44,2025Q3
3461,5499,99,146,338,46,2025Q4
3461,5499,109,146,168,24,2026Q1
3461,5514,124,153,207,41,2026Q2
3462,1434,6,42,41,4,2023Q2
3462,1447,7,43,54,5,2023Q3
3462,1441,7,41,59,5,2023Q4
3462,1440,6,41,28,1,2024Q1
3462,1442,7,46,35,2,2024Q2
3462,1463,8,48,43,2,2024Q3
3462,1451,9,47,48,3,2024Q4
3462,1473,11,48,31,2,2025Q1
3462,1460,13,45,36,3,2025Q2
3462,1488,19,46,51,7,2025Q3
3462,1494,20,43,61,8,2025Q4
3462,1505,21,43,30,8,2026Q1
3462,1528,26,45,38,12,2026Q2
3463,3290,16,83,129,13,2023Q2
3463,3289,21,82,158,17,2023Q3
3463,3320,24,83,183,20,2023Q4
3463,3342,25,83,112,14,2024Q1
3463,3328,25,79,142,15,2024Q2
3463,3317,28,81,163,18,2024Q3
3463,3319,32,81,187,22,2024Q4
3463,3296,36,80,91,5,2025Q1
3463,3306,38,79,113,6,2025Q2
3463,3320,40,81,134,8,2025Q3
3463,3341,40,84,156,10,2025Q4
3463,3334,44,92,89,7,2026Q1
3463,3306,50,93,124,14,2026Q2
3464,1352,2,31,67,1,2023Q2
3464,1360,3,32,79,2,2023Q3
3464,1383,2,31,97,2,2023Q4
3464,1387,2,28,51,2,2024Q1
3464,1402,3,29,63,3,2024Q2
3464,1400,3,27,74,3,2024Q3
3464,1403,3,29,83,3,2024Q4
3464,1423,4,28,38,1,2025Q1
3464,1422,5,27,50,2,2025Q2
3464,1401,7,26,61,4,2025Q3
3464,1417,7,28,68,4,2025Q4
3464,1416,5,32,34,1,2026Q1
3464,1419,6,36,44,1,2026Q2
3465,10378,14,320,392,10,2023Q2
3465,10409,15,319,478,11,2023Q3
3465,10389,16,304,562,12,2023Q4
3465,10410,17,295,352,8,2024Q1
3465,10480,18,296,430,9,2024Q2
3465,10562,19,295,495,10,2024Q3
3465,10621,21,290,585,12,2024Q4
3465,10623,23,292,337,7,2025Q1
3465,10667,25,293,418,9,2025Q2
3465,11639,29,297,520,13,2025Q3
3465,11759,33,307,583,17,2025Q4
3465,11858,37,320,308,14,2026Q1
3465,11964,47,335,391,24,2026Q2
3467,1815,0,46,81,0,2023Q2
3467,1836,0,44,96,0,2023Q3
3467,1840,0,41,111,0,2023Q4
3467,1838,0,40,54,0,2024Q1
3467,1827,0,36,67,0,2024Q2
3467,1816,0,34,73,0,2024Q3
3467,1808,1,34,85,1,2024Q4
3467,1807,1,36,44,0,2025Q1
3467,1818,1,34,55,0,2025Q2
3467,1819,3,33,69,2,2025Q3
3467,1816,3,34,73,2,2025Q4
3467,1828,4,37,40,3,2026Q1
3467,1829,5,36,47,3,2026Q2
3472,2075,2,77,55,0,2023Q2
3472,2082,2,75,66,0,2023Q3
3472,2086,2,74,79,0,2023Q4
3472,2085,2,72,46,0,2024Q1
3472,2082,2,69,56,0,2024Q2
3472,2088,2,71,72,0,2024Q3
3472,2095,2,70,83,0,2024Q4
3472,2114,2,69,57,0,2025Q1
3472,2085,2,66,63,0,2025Q2
3472,2083,2,66,68,0,2025Q3
3472,2077,2,65,75,0,2025Q4
3472,2088,3,67,31,1,2026Q1
3472,2087,5,69,39,3,2026Q2
3477,1493,2,30,62,2,2023Q2
3477,1507,2,31,74,2,2023Q3
3477,1503,3,26,84,2,2023Q4
3477,1506,3,24,45,1,2024Q1
3477,1525,3,21,53,1,2024Q2
3477,1524,3,25,64,1,2024Q3
3477,1519,3,26,69,1,2024Q4
3477,1506,3,26,28,0,2025Q1
3477,1533,4,26,33,1,2025Q2
3477,1548,4,24,38,1,2025Q3
3477,1570,4,22,46,1,2025Q4
3477,1576,5,23,26,2,2026Q1
3477,1574,5,24,36,2,2026Q2
3478,3174,2,63,124,1,2023Q2
3478,3195,2,64,152,1,2023Q3
3478,3216,2,65,186,1,2023Q4
3478,3245,3,69,129,2,2024Q1
3478,3228,3,69,160,2,2024Q2
3478,3220,3,69,184,2,2024Q3
3478,3235,4,72,199,2,2024Q4
3478,3200,4,67,97,1,2025Q1
3478,3211,4,69,118,1,2025Q2
3478,3217,5,68,142,2,2025Q3
3478,3220,5,70,164,2,2025Q4
3478,3227,5,70,76,1,2026Q1
3478,3248,6,75,106,2,2026Q2
3480,2756,0,27,138,0,2023Q2
3480,2770,0,26,158,0,2023Q3
3480,2769,0,24,190,0,2023Q4
3480,2800,2,25,131,2,2024Q1
3480,2809,3,22,153,3,2024Q2
3480,2841,3,27,174,3,2024Q3
3480,2841,3,27,190,3,2024Q4
3480,2856,3,29,80,1,2025Q1
3480,2866,3,31,104,1,2025Q2
3480,2872,4,32,124,2,2025Q3
3480,2879,4,33,143,2,2025Q4
3480,2886,5,32,76,2,2026Q1
3480,2886,7,33,96,4,2026Q2
3483,1617,1,14,73,0,2023Q2
3483,1642,1,13,92,0,2023Q3
3483,1634,1,12,112,0,2023Q4
3483,1673,1,14,86,0,2024Q1
3483,1680,1,13,108,0,2024Q2
3483,1700,1,14,124,0,2024Q3
3483,1691,3,12,134,2,2024Q4
3483,1729,3,13,60,0,2025Q1
3483,1712,3,16,69,0,2025Q2
3483,1721,3,16,84,0,2025Q3
3483,1715,3,16,90,0,2025Q4
3483,1702,3,15,36,0,2026Q1
3483,1683,4,15,47,1,2026Q2
3490,1891,0,18,84,0,2023Q2
3490,1898,0,18,94,0,2023Q3
3490,1898,0,17,114,0,2023Q4
3490,1938,0,15,69,0,2024Q1
3490,1957,0,16,92,0,2024Q2
3490,1973,0,14,115,0,2024Q3
3490,1965,0,15,127,0,2024Q4
3490,1960,0,14,65,0,2025Q1
3490,1961,0,13,73,0,2025Q2
3490,1946,0,15,84,0,2025Q3
3490,1940,0,15,102,0,2025Q4
3490,1952,0,15,51,0,2026Q1
3490,1950,2,17,59,2,2026Q2
3494,1343,1,8,110,0,2023Q2
3494,1377,1,6,144,0,2023Q3
3494,1431,1,5,184,0,2023Q4
3494,1427,1,5,107,0,2024Q1
3494,1476,1,6,143,0,2024Q2
3494,1514,1,5,157,0,2024Q3
3494,1558,1,5,178,0,2024Q4
3494,1537,1,5,88,0,2025Q1
3494,1589,1,6,121,0,2025Q2
3494,1624,1,6,173,0,2025Q3
3494,1615,1,6,184,0,2025Q4
3494,1605,2,5,82,1,2026Q1
3494,1608,2,7,95,1,2026Q2
3496,7482,0,97,282,0,2023Q2
3496,7539,0,99,343,0,2023Q3
3496,7512,1,94,401,1,2023Q4
3496,7547,4,94,245,4,2024Q1
3496,7546,5,90,304,5,2024Q2
3496,7584,5,89,370,5,2024Q3
3496,7598,5,88,431,5,2024Q4
3496,7571,6,90,228,2,2025Q1
3496,7585,6,91,290,2,2025Q2
3496,7577,7,102,351,5,2025Q3
3496,7612,8,99,406,6,2025Q4
3496,7660,12,99,225,6,2026Q1
3496,7631,14,104,277,8,2026Q2
3498,6788,5,72,424,4,2023Q2
3498,6810,5,71,488,4,2023Q3
3498,6830,6,70,557,5,2023Q4
3498,6854,7,71,338,5,2024Q1
3498,6947,9,73,437,7,2024Q2
3498,6982,9,73,508,7,2024Q3
3498,7025,10,72,596,8,2024Q4
3498,7031,11,71,310,4,2025Q1
3498,7148,12,74,401,5,2025Q2
3498,7203,15,74,474,8,2025Q3
3498,7259,17,78,549,10,2025Q4
3498,7280,19,86,302,8,2026Q1
3498,7337,18,92,379,9,2026Q2
3500,31858,48,309,1916,25,2023Q2
3500,32070,60,308,2325,37,2023Q3
3500,31993,63,307,2742,41,2023Q4
3500,32333,72,302,1829,35,2024Q1
3500,32500,75,308,2247,39,2024Q2
3500,32697,83,322,2638,48,2024Q3
3500,32739,89,325,2971,52,2024Q4
3500,32955,97,334,1595,27,2025Q1
3500,33163,104,361,1999,34,2025Q2
3500,33344,120,355,2390,46,2025Q3
3500,33278,124,370,2758,53,2025Q4
3500,33282,133,395,1579,43,2026Q1
3500,33231,159,465,1976,72,2026Q2
3501,3513,2,39,406,0,2023Q2
3501,3517,3,40,472,1,2023Q3
3501,3512,5,39,531,3,2023Q4
3501,3555,7,37,317,5,2024Q1
3501,3576,8,38,406,5,2024Q2
3501,3567,8,47,463,5,2024Q3
3501,3507,8,47,508,5,2024Q4
3501,3517,8,49,294,0,2025Q1
3501,3526,8,50,368,0,2025Q2
3501,3512,8,51,445,0,2025Q3
3501,3531,9,49,517,1,2025Q4
3501,3474,12,58,292,4,2026Q1
3501,3496,13,65,356,4,2026Q2
3502,291,0,2,52,0,2023Q2
3502,303,0,2,64,0,2023Q3
3502,308,0,2,71,0,2023Q4
3502,311,0,2,43,0,2024Q1
3502,311,0,2,51,0,2024Q2
3502,316,0,4,68,0,2024Q3
3502,321,0,5,83,0,2024Q4
3502,324,0,5,46,0,2025Q1
3502,310,0,5,49,0,2025Q2
3502,312,0,5,54,0,2025Q3
3502,315,0,5,57,0,2025Q4
3502,315,0,5,13,0,2026Q1
3502,319,0,5,27,0,2026Q2
3505,5597,7,69,240,4,2023Q2
3505,5615,8,63,288,5,2023Q3
3505,5632,8,66,345,5,2023Q4
3505,5669,8,65,195,3,2024Q1
3505,5648,8,61,243,3,2024Q2
3505,5667,10,61,302,3,2024Q3
3505,5695,8,59,342,2,2024Q4
3505,5698,4,62,171,1,2025Q1
3505,5717,5,64,220,2,2025Q2
3505,5703,5,64,263,2,2025Q3
3505,5758,6,66,313,3,2025Q4
3505,5750,7,70,166,3,2026Q1
3505,5781,9,74,233,5,2026Q2
3512,731,0,5,35,0,2023Q2
3512,727,0,5,40,0,2023Q3
3512,716,0,5,45,0,2023Q4
3512,730,0,4,21,0,2024Q1
3512,732,0,4,25,0,2024Q2
3512,729,0,4,26,0,2024Q3
3512,730,0,4,31,0,2024Q4
3512,736,0,4,15,0,2025Q1
3512,729,0,3,15,0,2025Q2
3512,728,0,3,15,0,2025Q3
3512,715,0,3,16,0,2025Q4
3512,707,0,2,7,0,2026Q1
3512,699,0,3,11,0,2026Q2
3515,2575,5,54,150,2,2023Q2
3515,2601,6,57,172,3,2023Q3
3515,2622,9,58,207,6,2023Q4
3515,2638,11,58,110,7,2024Q1
3515,2656,10,58,144,7,2024Q2
3515,2695,10,57,174,7,2024Q3
3515,2719,11,59,208,8,2024Q4
3515,2747,12,59,132,3,2025Q1
3515,2783,16,60,166,5,2025Q2
3515,2798,18,65,198,7,2025Q3
3515,2811,18,72,234,7,2025Q4
3515,2851,20,73,128,8,2026Q1
3515,2876,26,83,158,14,2026Q2
3516,1126,0,26,58,0,2023Q2
3516,1164,0,26,65,0,2023Q3
3516,1160,0,25,72,0,2023Q4
3516,1158,0,25,32,0,2024Q1
3516,1159,0,26,37,0,2024Q2
3516,1147,0,27,48,0,2024Q3
3516,1148,0,27,55,0,2024Q4
3516,1140,0,26,32,0,2025Q1
3516,1156,0,26,47,0,2025Q2
3516,1185,2,26,61,2,2025Q3
3516,1206,2,27,71,2,2025Q4
3516,1208,2,26,40,2,2026Q1
3516,1222,5,25,53,5,2026Q2
3517,1967,4,59,60,0,2023Q2
3517,2024,4,57,85,0,2023Q3
3517,2019,6,59,106,2,2023Q4
3517,2045,7,60,70,3,2024Q1
3517,2071,6,59,84,2,2024Q2
3517,2082,6,57,100,2,2024Q3
3517,2088,6,61,111,2,2024Q4
3517,2098,7,62,46,1,2025Q1
3517,2123,7,66,67,1,2025Q2
3517,2131,7,65,77,1,2025Q3
3517,2144,7,69,92,1,2025Q4
3517,2171,6,71,53,1,2026Q1
3517,2192,7,74,66,2,2026Q2
3518,2176,0,62,76,0,2023Q2
3518,2183,0,60,86,0,2023Q3
3518,2202,0,64,100,0,2023Q4
3518,2247,1,63,67,1,2024Q1
3518,2239,1,60,76,1,2024Q2
3518,2240,1,60,88,1,2024Q3
3518,2275,1,61,99,1,2024Q4
3518,2281,1,61,48,0,2025Q1
3518,2265,1,61,57,0,2025Q2
3518,2252,2,57,64,0,2025Q3
3518,2257,5,55,90,3,2025Q4
3518,2258,5,50,51,2,2026Q1
3518,2235,5,53,65,2,2026Q2
3521,857,3,22,25,1,2023Q2
3521,861,3,21,34,1,2023Q3
3521,865,3,21,52,1,2023Q4
3521,885,3,21,43,0,2024Q1
3521,891,3,19,52,0,2024Q2
3521,900,3,17,68,0,2024Q3
3521,886,2,17,75,0,2024Q4
3521,894,3,18,40,1,2025Q1
3521,898,3,18,46,1,2025Q2
3521,896,4,18,50,2,2025Q3
3521,912,6,20,56,4,2025Q4
3521,907,7,18,21,5,2026Q1
3521,934,8,19,26,6,2026Q2
3523,5031,11,193,175,7,2023Q2
3523,5096,21,190,238,17,2023Q3
3523,5081,26,182,282,22,2023Q4
3523,5061,30,184,177,19,2024Q1
3523,5074,31,184,226,20,2024Q2
3523,5070,33,176,261,21,2024Q3
3523,5098,35,171,292,22,2024Q4
3523,5158,38,174,136,5,2025Q1
3523,5202,40,178,173,7,2025Q2
3523,5162,43,177,211,10,2025Q3
3523,5161,43,175,250,10,2025Q4
3523,5182,46,175,144,8,2026Q1
3523,5211,50,168,171,12,2026Q2
3525,1937,0,45,60,0,2023Q2
3525,1941,0,44,72,0,2023Q3
3525,1932,0,41,92,0,2023Q4
3525,1946,0,42,66,0,2024Q1
3525,1957,0,44,74,0,2024Q2
3525,1990,1,42,90,0,2024Q3
3525,1993,1,44,101,0,2024Q4
3525,1996,1,42,51,0,2025Q1
3525,1994,1,42,62,0,2025Q2
3525,1998,0,41,76,0,2025Q3
3525,1997,0,40,83,0,2025Q4
3525,1988,0,43,40,0,2026Q1
3525,1988,1,44,56,1,2026Q2
3527,1273,1,11,56,1,2023Q2
3527,1281,1,13,72,1,2023Q3
3527,1280,1,11,80,1,2023Q4
3527,1288,2,11,43,0,2024Q1
3527,1295,2,12,59,0,2024Q2
3527,1292,2,12,70,0,2024Q3
3527,1298,2,13,77,0,2024Q4
3527,1305,2,14,34,0,2025Q1
3527,1304,2,14,41,0,2025Q2
3527,1312,2,15,47,0,2025Q3
3527,1333,2,17,53,0,2025Q4
3527,1332,2,16,17,0,2026Q1
3527,1349,2,17,29,0,2026Q2
3533,1217,1,21,50,0,2023Q2
3533,1228,1,20,63,0,2023Q3
3533,1215,1,17,69,0,2023Q4
3533,1234,1,19,38,0,2024Q1
3533,1233,1,18,51,0,2024Q2
3533,1224,1,18,56,0,2024Q3
3533,1238,2,18,70,1,2024Q4
3533,1221,3,18,46,2,2025Q1
3533,1225,3,20,57,2,2025Q2
3533,1220,3,22,68,2,2025Q3
3533,1238,3,21,75,2,2025Q4
3533,1244,3,21,38,0,2026Q1
3533,1230,3,22,42,0,2026Q2
3537,1571,0,21,78,0,2023Q2
3537,1562,0,20,88,0,2023Q3
3537,1571,0,20,111,0,2023Q4
3537,1575,0,18,67,0,2024Q1
3537,1601,0,21,83,0,2024Q2
3537,1591,0,22,93,0,2024Q3
3537,1599,0,24,110,0,2024Q4
3537,1616,0,25,68,0,2025Q1
3537,1614,0,28,86,0,2025Q2
3537,1623,0,28,99,0,2025Q3
3537,1631,0,31,113,0,2025Q4
3537,1637,0,31,56,0,2026Q1
3537,1621,1,30,67,1,2026Q2
3546,820,0,9,35,0,2023Q2
3546,845,0,10,48,0,2023Q3
3546,844,0,10,61,0,2023Q4
3546,850,0,9,41,0,2024Q1
3546,864,0,10,57,0,2024Q2
3546,853,0,10,62,0,2024Q3
3546,842,0,11,69,0,2024Q4
3546,855,0,11,31,0,2025Q1
3546,856,0,10,39,0,2025Q2
3546,862,0,9,41,0,2025Q3
3546,878,0,8,48,0,2025Q4
3546,888,0,8,25,0,2026Q1
3546,871,0,8,29,0,2026Q2
3549,5828,1,42,325,0,2023Q2
3549,5852,2,43,383,1,2023Q3
3549,5851,2,43,429,1,2023Q4
3549,5888,3,43,227,1,2024Q1
3549,5939,3,42,270,1,2024Q2
3549,5898,3,40,315,2,2024Q3
3549,5879,3,40,356,2,2024Q4
3549,5868,3,40,162,1,2025Q1
3549,5955,3,48,209,1,2025Q2
3549,5934,3,46,258,1,2025Q3
3549,5921,3,47,305,1,2025Q4
3549,5922,3,47,138,0,2026Q1
3549,5951,3,50,170,0,2026Q2
3550,36004,113,812,2277,63,2023Q2
3550,36501,133,832,2828,83,2023Q3
3550,36611,147,862,3306,99,2023Q4
3550,36791,171,904,2156,91,2024Q1
3550,37044,197,955,2710,120,2024Q2
3550,37187,236,983,3202,156,2024Q3
3550,37330,261,1027,3726,180,2024Q4
3550,37508,284,1082,2209,108,2025Q1
3550,37752,314,1161,2711,137,2025Q2
3550,37932,353,1237,3213,174,2025Q3
3550,38023,383,1287,3670,211,2025Q4
3550,38078,423,1361,1955,140,2026Q1
3550,38123,475,1453,2406,197,2026Q2
3551,34720,87,776,2403,51,2023Q2
3551,34861,117,782,2882,80,2023Q3
3551,35040,139,794,3352,101,2023Q4
3551,35433,163,806,2138,93,2024Q1
3551,35787,174,843,2644,108,2024Q2
3551,35985,179,901,3087,116,2024Q3
3551,36123,197,922,3559,132,2024Q4
3551,36412,216,974,2136,81,2025Q1
3551,36723,245,1030,2595,110,2025Q2
3551,37084,276,1121,3113,142,2025Q3
3551,37344,291,1192,3539,161,2025Q4
3551,37499,315,1284,2006,120,2026Q1
3551,37842,402,1401,2517,201,2026Q2
3555,17790,43,403,956,22,2023Q2
3555,17864,49,410,1181,28,2023Q3
3555,17909,55,391,1390,34,2023Q4
3555,18007,54,402,864,21,2024Q1
3555,18104,64,405,1072,28,2024Q2
3555,18135,70,419,1273,35,2024Q3
3555,18149,82,429,1473,48,2024Q4
3555,18172,90,450,834,29,2025Q1
3555,18295,94,478,1021,32,2025Q2
3555,18280,100,491,1220,42,2025Q3
3555,18312,102,511,1392,45,2025Q4
3555,18362,117,543,758,29,2026Q1
3555,18429,145,577,956,56,2026Q2
3556,12407,14,346,490,9,2023Q2
3556,12523,14,348,597,8,2023Q3
3556,12616,14,346,710,8,2023Q4
3556,12678,18,347,451,10,2024Q1
3556,12714,25,359,578,13,2024Q2
3556,12821,25,362,701,14,2024Q3
3556,12883,33,374,797,20,2024Q4
3556,12896,37,366,451,15,2025Q1
3556,12920,42,365,563,20,2025Q2
3556,12957,46,375,679,28,2025Q3
3556,12941,50,389,801,31,2025Q4
3556,12978,58,398,425,24,2026Q1
3556,12992,67,432,531,34,2026Q2
3557,1280,1,26,77,1,2023Q2
3557,1305,2,27,87,2,2023Q3
3557,1300,1,28,99,1,2023Q4
3557,1303,1,29,43,0,2024Q1
3557,1291,1,30,51,0,2024Q2
3557,1291,1,24,60,0,2024Q3
3557,1310,2,23,62,0,2024Q4
3557,1317,2,24,33,0,2025Q1
3557,1315,2,23,41,0,2025Q2
3557,1334,2,26,52,0,2025Q3
3557,1338,3,25,60,1,2025Q4
3557,1344,3,27,39,1,2026Q1
3557,1337,3,28,50,1,2026Q2
3558,1640,2,21,91,0,2023Q2
3558,1644,2,18,108,0,2023Q3
3558,1634,2,18,126,0,2023Q4
3558,1653,2,16,66,0,2024Q1
3558,1665,2,18,80,0,2024Q2
3558,1671,2,14,93,0,2024Q3
3558,1661,2,14,100,0,2024Q4
3558,1668,1,15,45,0,2025Q1
3558,1671,1,17,64,0,2025Q2
3558,1686,2,17,74,1,2025Q3
3558,1680,2,16,82,1,2025Q4
3558,1682,2,18,43,1,2026Q1
3558,1704,2,20,54,1,2026Q2
3559,998,1,20,49,0,2023Q2
3559,1014,1,19,63,0,2023Q3
3559,994,1,18,70,0,2023Q4
3559,1007,2,16,59,0,2024Q1
3559,1006,2,15,68,0,2024Q2
3559,1010,2,15,74,0,2024Q3
3559,1013,2,17,81,0,2024Q4
3559,1010,3,20,35,0,2025Q1
3559,1004,3,21,39,0,2025Q2
3559,1001,3,22,44,0,2025Q3
3559,1005,3,21,47,0,2025Q4
3559,1010,3,21,21,1,2026Q1
3559,988,3,20,23,1,2026Q2
3561,5956,5,81,384,1,2023Q2
3561,6018,6,80,450,2,2023Q3
3561,5963,17,77,518,13,2023Q4
3561,6014,17,75,282,11,2024Q1
3561,6032,18,76,338,12,2024Q2
3561,6034,20,75,377,13,2024Q3
3561,6044,20,76,424,13,2024Q4
3561,6061,20,78,182,3,2025Q1
3561,6078,21,82,234,4,2025Q2
3561,6090,22,87,300,4,2025Q3
3561,6131,22,89,349,4,2025Q4
3561,6103,24,97,216,3,2026Q1
3561,6127,27,100,270,7,2026Q2
3563,1014,2,14,40,1,2023Q2
3563,1020,2,9,50,1,2023Q3
3563,1032,2,9,58,1,2023Q4
3563,1037,2,10,31,0,2024Q1
3563,1051,2,9,42,0,2024Q2
3563,1058,2,11,53,0,2024Q3
3563,1058,2,11,62,0,2024Q4
3563,1064,2,10,41,0,2025Q1
3563,1083,2,10,50,0,2025Q2
3563,1087,2,11,57,0,2025Q3
3563,1098,2,11,61,0,2025Q4
3563,1116,2,11,27,0,2026Q1
3563,1115,3,11,33,1,2026Q2
3564,20368,23,275,1266,10,2023Q2
3564,20460,24,273,1519,12,2023Q3
3564,20509,27,274,1826,15,2023Q4
3564,20681,32,272,1189,14,2024Q1
3564,20826,35,283,1519,18,2024Q2
3564,20847,39,293,1774,23,2024Q3
3564,20962,42,301,2054,26,2024Q4
3564,21046,46,310,1114,14,2025Q1
3564,21149,50,323,1377,19,2025Q2
3564,21190,53,331,1606,21,2025Q3
3564,21321,59,348,1872,27,2025Q4
3564,21445,67,368,1034,20,2026Q1
3564,21589,75,397,1280,31,2026Q2
3566,810,0,6,26,0,2023Q2
3566,801,0,6,33,0,2023Q3
3566,815,0,8,46,0,2023Q4
3566,806,0,6,35,0,2024Q1
3566,806,0,6,45,0,2024Q2
3566,806,0,7,52,0,2024Q3
3566,797,0,7,56,0,2024Q4
3566,789,0,7,23,0,2025Q1
3566,785,0,9,28,0,2025Q2
3566,782,0,10,33,0,2025Q3
3566,780,0,10,37,0,2025Q4
3566,798,0,11,19,0,2026Q1
3566,789,0,10,24,0,2026Q2
3567,1034,0,16,57,0,2023Q2
3567,1045,0,17,63,0,2023Q3
3567,1028,0,17,70,0,2023Q4
3567,1053,0,17,40,0,2024Q1
3567,1069,0,18,48,0,2024Q2
3567,1058,0,17,57,0,2024Q3
3567,1058,0,16,67,0,2024Q4
3567,1062,0,16,39,0,2025Q1
3567,1062,0,16,47,0,2025Q2
3567,1082,0,16,49,0,2025Q3
3567,1088,0,15,59,0,2025Q4
3567,1093,0,15,28,0,2026Q1
3567,1086,0,16,38,0,2026Q2
3568,4167,1,53,234,0,2023Q2
3568,4161,2,51,269,1,2023Q3
3568,4194,2,54,317,1,2023Q4
3568,4242,1,54,164,0,2024Q1
3568,4279,1,55,224,0,2024Q2
3568,4311,2,57,279,0,2024Q3
3568,4333,2,57,328,0,2024Q4
3568,4319,2,59,195,0,2025Q1
3568,4335,2,59,232,0,2025Q2
3568,4325,2,59,274,0,2025Q3
3568,4300,2,61,303,0,2025Q4
3568,4310,3,63,122,0,2026Q1
3568,4358,7,62,157,2,2026Q2
3570,1151,0,39,31,0,2023Q2
3570,1162,0,38,39,0,2023Q3
3570,1169,0,38,51,0,2023Q4
3570,1171,0,38,34,0,2024Q1
3570,1182,0,35,45,0,2024Q2
3570,1175,0,34,46,0,2024Q3
3570,1178,0,33,56,0,2024Q4
3570,1175,1,34,31,1,2025Q1
3570,1163,1,32,43,1,2025Q2
3570,1163,1,32,40,1,2025Q3
3570,1176,1,34,46,1,2025Q4
3570,1157,2,34,23,2,2026Q1
3570,1164,4,33,29,4,2026Q2
3573,712,0,11,25,0,2023Q2
3573,717,0,12,31,0,2023Q3
3573,711,0,12,42,0,2023Q4
3573,702,0,11,25,0,2024Q1
3573,709,0,10,32,0,2024Q2
3573,720,0,9,36,0,2024Q3
3573,726,0,11,40,0,2024Q4
3573,722,0,12,18,0,2025Q1
3573,722,0,11,20,0,2025Q2
3573,718,0,11,24,0,2025Q3
3573,725,0,11,30,0,2025Q4
3573,723,0,11,19,0,2026Q1
3573,725,1,12,23,0,2026Q2
3575,1301,1,27,49,0,2023Q2
3575,1298,1,26,62,0,2023Q3
3575,1297,1,26,78,0,2023Q4
3575,1304,1,23,50,0,2024Q1
3575,1286,1,21,58,0,2024Q2
3575,1300,1,24,64,0,2024Q3
3575,1316,1,25,74,0,2024Q4
3575,1321,1,24,32,0,2025Q1
3575,1324,1,24,37,0,2025Q2
3575,1313,1,25,40,0,2025Q3
3575,1311,1,25,46,0,2025Q4
3575,1307,1,25,22,0,2026Q1
3575,1322,2,24,30,2,2026Q2
3579,6792,7,120,283,0,2023Q2
3579,6845,7,114,345,1,2023Q3
3579,6785,9,115,416,3,2023Q4
3579,6815,9,109,245,3,2024Q1
3579,6877,8,106,319,3,2024Q2
3579,6891,10,105,360,3,2024Q3
3579,6931,10,103,413,3,2024Q4
3579,6931,13,102,225,3,2025Q1
3579,6935,12,99,278,2,2025Q2
3579,6951,14,103,339,3,2025Q3
3579,6981,14,104,388,3,2025Q4
3579,6969,13,102,204,1,2026Q1
3579,7009,15,106,249,3,2026Q2
3580,1473,0,28,63,0,2023Q2
3580,1485,0,27,83,0,2023Q3
3580,1479,0,25,104,0,2023Q4
3580,1483,0,26,60,0,2024Q1
3580,1480,0,27,73,0,2024Q2
3580,1486,0,28,86,0,2024Q3
3580,1496,0,28,100,0,2024Q4
3580,1492,1,29,55,0,2025Q1
3580,1507,1,28,69,0,2025Q2
3580,1500,1,27,83,0,2025Q3
3580,1504,1,25,93,0,2025Q4
3580,1517,1,26,46,0,2026Q1
3580,1516,2,25,58,1,2026Q2
3584,1287,1,21,69,1,2023Q2
3584,1296,1,21,84,1,2023Q3
3584,1287,1,22,96,1,2023Q4
3584,1309,1,22,49,0,2024Q1
3584,1315,1,21,58,0,2024Q2
3584,1328,1,21,73,0,2024Q3
3584,1329,1,23,82,0,2024Q4
3584,1355,1,24,50,0,2025Q1
3584,1350,1,23,56,0,2025Q2
3584,1353,1,23,65,0,2025Q3
3584,1374,1,24,75,0,2025Q4
3584,1392,1,25,41,0,2026Q1
3584,1405,2,27,46,1,2026Q2
3585,12593,8,129,921,4,2023Q2
3585,12746,10,138,1144,5,2023Q3
3585,12789,12,139,1355,7,2023Q4
3585,12878,13,137,874,8,2024Q1
3585,12951,11,141,1038,7,2024Q2
3585,13017,11,146,1191,7,2024Q3
3585,12989,14,152,1365,10,2024Q4
3585,13011,15,154,739,5,2025Q1
3585,13032,17,160,879,7,2025Q2
3585,12946,22,166,1050,12,2025Q3
3585,13033,22,182,1169,13,2025Q4
3585,13064,28,191,641,14,2026Q1
3585,13102,33,207,818,18,2026Q2
3586,929,0,7,46,0,2023Q2
3586,926,0,8,50,0,2023Q3
3586,934,0,8,59,0,2023Q4
3586,941,0,8,31,0,2024Q1
3586,949,0,8,35,0,2024Q2
3586,954,1,7,47,0,2024Q3
3586,1090,1,6,55,0,2024Q4
3586,1074,1,5,20,0,2025Q1
3586,1086,1,5,28,0,2025Q2
3586,1090,1,6,34,0,2025Q3
3586,1105,1,6,45,0,2025Q4
3586,1101,1,6,29,0,2026Q1
3586,1098,1,7,33,0,2026Q2
3588,376,0,9,16,0,2023Q2
3588,379,0,9,18,0,2023Q3
3588,376,0,8,20,0,2023Q4
3588,376,0,8,12,0,2024Q1
3588,379,0,9,16,0,2024Q2
3588,397,0,10,18,0,2024Q3
3588,400,0,11,16,0,2024Q4
3588,404,0,11,6,0,2025Q1
3588,401,0,10,8,0,2025Q2
3588,396,0,9,10,0,2025Q3
3588,395,0,9,12,0,2025Q4
3588,403,0,8,9,0,2026Q1
3588,401,0,11,14,0,2026Q2
3589,630,0,9,22,0,2023Q2
3589,632,0,8,27,0,2023Q3
3589,642,0,9,33,0,2023Q4
3589,643,0,7,16,0,2024Q1
3589,651,1,6,29,1,2024Q2
3589,662,1,6,48,1,2024Q3
3589,687,1,5,59,1,2024Q4
3589,694,1,5,26,0,2025Q1
3589,693,2,6,35,1,2025Q2
3589,688,2,6,46,1,2025Q3
3589,688,2,6,45,1,2025Q4
3589,682,2,6,22,1,2026Q1
3589,687,2,6,23,1,2026Q2
3594,781,0,9,25,0,2023Q2
3594,775,0,10,36,0,2023Q3
3594,785,0,10,37,0,2023Q4
3594,804,0,10,19,0,2024Q1
3594,804,0,9,26,0,2024Q2
3594,796,0,9,31,0,2024Q3
3594,796,0,8,35,0,2024Q4
3594,800,0,7,19,0,2025Q1
3594,808,0,5,26,0,2025Q2
3594,793,0,5,30,0,2025Q3
3594,816,0,5,35,0,2025Q4
3594,805,0,6,16,0,2026Q1
3594,804,0,5,19,0,2026Q2
3595,694,1,20,20,0,2023Q2
3595,697,1,20,23,0,2023Q3
3595,704,1,20,25,0,2023Q4
3595,716,1,19,13,0,2024Q1
3595,727,1,17,18,0,2024Q2
3595,722,1,17,19,0,2024Q3
3595,737,1,19,25,0,2024Q4
3595,725,1,17,15,0,2025Q1
3595,738,1,14,23,0,2025Q2
3595,741,1,13,26,0,2025Q3
3595,736,1,13,27,0,2025Q4
3595,749,1,12,14,0,2026Q1
3595,755,1,12,19,0,2026Q2
3597,1037,0,7,45,0,2023Q2
3597,1032,0,7,51,0,2023Q3
3597,1039,0,7,59,0,2023Q4
3597,1067,0,7,34,0,2024Q1
3597,1067,0,8,44,0,2024Q2
3597,1062,0,8,50,0,2024Q3
3597,1074,0,8,59,0,2024Q4
3597,1052,0,8,29,0,2025Q1
3597,1047,0,7,41,0,2025Q2
3597,1058,0,6,48,0,2025Q3
3597,1066,0,4,54,0,2025Q4
3597,1061,0,4,27,0,2026Q1
3597,1050,0,4,37,0,2026Q2
3608,3564,7,67,192,2,2023Q2
3608,3626,8,69,238,3,2023Q3
3608,3642,9,67,292,5,2023Q4
3608,3684,10,69,177,6,2024Q1
3608,3719,11,70,221,7,2024Q2
3608,3699,13,65,261,9,2024Q3
3608,3776,13,69,313,9,2024Q4
3608,3801,14,66,156,5,2025Q1
3608,3822,15,63,200,6,2025Q2
3608,3819,15,66,223,6,2025Q3
3608,3850,15,73,251,6,2025Q4
3608,3898,17,76,131,2,2026Q1
3608,3957,24,82,174,9,2026Q2
3610,1902,0,60,58,0,2023Q2
3610,1930,2,57,76,1,2023Q3
3610,1941,3,60,86,1,2023Q4
3610,1956,3,59,64,1,2024Q1
3610,1963,3,62,79,1,2024Q2
3610,1965,3,63,90,1,2024Q3
3610,1943,3,59,114,1,2024Q4
3610,1966,4,57,64,1,2025Q1
3610,1956,5,60,79,1,2025Q2
3610,1975,6,61,92,2,2025Q3
3610,1984,6,61,101,2,2025Q4
3610,1987,6,60,59,1,2026Q1
3610,2009,7,61,74,2,2026Q2
3612,2267,4,78,95,3,2023Q2
3612,2296,4,82,108,3,2023Q3
3612,2332,4,79,134,3,2023Q4
3612,2354,4,86,66,1,2024Q1
3612,2381,4,83,80,1,2024Q2
3612,2377,4,81,96,1,2024Q3
3612,2383,4,79,107,1,2024Q4
3612,2404,6,76,47,1,2025Q1
3612,2390,6,71,68,1,2025Q2
3612,2391,7,68,83,2,2025Q3
3612,2396,6,67,108,2,2025Q4
3612,2406,7,67,72,3,2026Q1
3612,2407,7,65,84,3,2026Q2
3614,1063,1,21,59,0,2023Q2
3614,1066,1,21,72,0,2023Q3
3614,1056,1,20,84,0,2023Q4
3614,1063,1,19,57,0,2024Q1
3614,1076,1,25,73,0,2024Q2
3614,1090,1,22,87,0,2024Q3
3614,1107,2,20,98,1,2024Q4
3614,1098,2,17,57,1,2025Q1
3614,1098,2,17,69,1,2025Q2
3614,1093,2,19,82,1,2025Q3
3614,1099,3,19,86,1,2025Q4
3614,1094,3,19,36,0,2026Q1
3614,1108,5,20,44,2,2026Q2
3616,6515,9,95,413,6,2023Q2
3616,6599,9,104,497,6,2023Q3
3616,6581,11,102,579,7,2023Q4
3616,6638,15,101,345,7,2024Q1
3616,6657,17,101,433,9,2024Q2
3616,6603,19,101,492,10,2024Q3
3616,6558,20,104,564,11,2024Q4
3616,6509,22,103,299,5,2025Q1
3616,6508,22,111,406,5,2025Q2
3616,6560,27,115,512,9,2025Q3
3616,6595,31,127,585,14,2025Q4
3616,6626,35,134,334,13,2026Q1
3616,6622,37,135,417,17,2026Q2
3618,801,2,16,38,1,2023Q2
3618,808,2,14,42,1,2023Q3
3618,815,2,14,51,1,2023Q4
3618,832,2,16,34,0,2024Q1
3618,833,2,17,44,0,2024Q2
3618,854,2,17,50,0,2024Q3
3618,872,2,18,56,0,2024Q4
3618,862,2,18,27,0,2025Q1
3618,862,2,16,36,0,2025Q2
3618,859,1,13,41,0,2025Q3
3618,864,1,13,47,0,2025Q4
3618,859,1,15,26,0,2026Q1
3618,864,3,13,34,2,2026Q2
3620,8816,7,155,491,3,2023Q2
3620,8848,8,158,584,4,2023Q3
3620,8870,11,158,682,7,2023Q4
3620,8900,12,162,410,7,2024Q1
3620,8942,14,170,536,9,2024Q2
3620,8978,16,176,635,12,2024Q3
3620,9055,17,186,723,12,2024Q4
3620,9130,18,193,397,2,2025Q1
3620,9143,20,203,488,4,2025Q2
3620,9208,23,209,576,7,2025Q3
3620,9194,28,214,661,11,2025Q4
3620,9258,30,222,363,12,2026Q1
3620,9268,36,233,446,18,2026Q2
3621,2751,0,59,120,0,2023Q2
3621,2797,0,57,157,0,2023Q3
3621,2783,0,56,178,0,2023Q4
3621,2806,0,53,112,0,2024Q1
3621,2819,0,52,135,0,2024Q2
3621,2863,0,50,153,0,2024Q3
3621,2882,0,51,176,0,2024Q4
3621,2888,0,53,83,0,2025Q1
3621,2881,0,52,108,0,2025Q2
3621,2879,1,54,139,0,2025Q3
3621,2918,1,54,161,0,2025Q4
3621,2921,3,56,103,2,2026Q1
3621,2933,4,59,139,2,2026Q2
3622,735,1,6,29,0,2023Q2
3622,747,1,6,38,0,2023Q3
3622,738,1,5,45,0,2023Q4
3622,741,1,5,25,0,2024Q1
3622,737,1,6,29,0,2024Q2
3622,731,1,5,33,0,2024Q3
3622,734,1,5,36,0,2024Q4
3622,731,1,5,16,0,2025Q1
3622,737,1,4,20,0,2025Q2
3622,726,1,4,27,0,2025Q3
3622,725,1,4,37,0,2025Q4
3622,726,1,6,26,0,2026Q1
3622,729,1,6,30,0,2026Q2
3623,1179,1,23,48,0,2023Q2
3623,1180,1,22,60,0,2023Q3
3623,1179,1,22,71,0,2023Q4
3623,1183,1,19,41,0,2024Q1
3623,1185,1,19,52,0,2024Q2
3623,1191,1,20,63,0,2024Q3
3623,1191,1,20,70,0,2024Q4
3623,1185,1,23,23,0,2025Q1
3623,1175,1,21,30,0,2025Q2
3623,1187,1,21,36,0,2025Q3
3623,1190,1,21,45,0,2025Q4
3623,1188,2,23,34,1,2026Q1
3623,1196,3,25,42,2,2026Q2
3624,713,0,14,32,0,2023Q2
3624,718,0,13,38,0,2023Q3
3624,720,0,13,40,0,2023Q4
3624,711,0,14,18,0,2024Q1
3624,719,1,15,21,1,2024Q2
3624,721,1,15,23,1,2024Q3
3624,714,1,15,27,1,2024Q4
3624,715,1,13,14,0,2025Q1
3624,722,1,13,18,0,2025Q2
3624,731,1,15,26,0,2025Q3
3624,725,1,15,32,0,2025Q4
3624,725,1,13,19,0,2026Q1
3624,721,1,12,32,0,2026Q2
3629,9051,8,153,425,6,2023Q2
3629,9123,9,149,539,7,2023Q3
3629,9166,10,141,651,8,2023Q4
3629,9203,11,142,395,5,2024Q1
3629,9256,11,138,489,5,2024Q2
3629,9318,16,136,572,9,2024Q3
3629,9363,19,138,689,12,2024Q4
3629,9442,20,151,379,8,2025Q1
3629,9518,20,154,481,8,2025Q2
3629,9508,22,156,554,8,2025Q3
3629,9543,22,158,635,9,2025Q4
3629,9494,27,166,333,6,2026Q1
3629,9480,39,176,414,17,2026Q2
3630,31058,65,486,2425,38,2023Q2
3630,31293,82,503,2891,52,2023Q3
3630,31269,97,514,3455,71,2023Q4
3630,31373,112,528,2140,58,2024Q1
3630,31447,118,552,2641,63,2024Q2
3630,31561,117,588,3038,63,2024Q3
3630,31536,118,626,3432,68,2024Q4
3630,32107,116,669,2002,26,2025Q1
3630,32259,137,747,2472,42,2025Q2
3630,32267,144,814,2936,47,2025Q3
3630,32316,157,877,3403,57,2025Q4
3630,32358,162,919,2009,42,2026Q1
3630,32469,190,988,2457,70,2026Q2
3631,15428,32,205,1328,25,2023Q2
3631,15707,36,215,1663,30,2023Q3
3631,15841,44,225,1918,38,2023Q4
3631,16067,60,236,1132,35,2024Q1
3631,16237,63,252,1370,38,2024Q2
3631,16303,60,263,1575,40,2024Q3
3631,16411,69,276,1821,48,2024Q4
3631,16074,74,298,827,20,2025Q1
3631,16260,79,321,1095,25,2025Q2
3631,16301,81,335,1309,33,2025Q3
3631,16415,90,377,1527,44,2025Q4
3631,16518,98,411,890,32,2026Q1
3631,16824,122,454,1156,54,2026Q2
3633,790,1,9,44,1,2023Q2
3633,792,2,9,57,2,2023Q3
3633,808,3,8,65,3,2023Q4
3633,808,3,8,39,2,2024Q1
3633,812,3,7,51,2,2024Q2
3633,805,3,7,55,2,2024Q3
3633,805,3,7,62,2,2024Q4
3633,809,3,8,28,0,2025Q1
3633,802,3,9,36,0,2025Q2
3633,778,3,9,40,0,2025Q3
3633,784,4,9,45,1,2025Q4
3633,788,5,10,24,1,2026Q1
3633,784,6,8,33,2,2026Q2
3634,2433,4,44,121,3,2023Q2
3634,2442,4,41,143,3,2023Q3
3634,2459,4,38,171,3,2023Q4
3634,2462,4,38,99,2,2024Q1
3634,2506,4,43,140,2,2024Q2
3634,2510,5,42,168,3,2024Q3
3634,2503,6,44,192,4,2024Q4
3634,2513,6,42,118,2,2025Q1
3634,2511,8,42,135,4,2025Q2
3634,2543,7,48,160,4,2025Q3
3634,2556,7,47,185,4,2025Q4
3634,2575,8,48,96,2,2026Q1
3634,2595,9,50,110,2,2026Q2
3635,756,0,16,22,0,2023Q2
3635,775,0,17,24,0,2023Q3
3635,771,0,17,34,0,2023Q4
3635,779,0,17,21,0,2024Q1
3635,788,0,16,33,0,2024Q2
3635,791,0,15,40,0,2024Q3
3635,810,0,15,47,0,2024Q4
3635,802,0,12,25,0,2025Q1
3635,789,0,12,32,0,2025Q2
3635,793,0,12,35,0,2025Q3
3635,803,0,12,39,0,2025Q4
3635,795,1,12,16,0,2026Q1
3635,787,2,12,19,1,2026Q2
3636,6033,8,94,289,4,2023Q2
3636,6100,9,94,360,5,2023Q3
3636,6090,9,92,413,5,2023Q4
3636,6152,8,93,244,3,2024Q1
3636,6167,9,90,308,4,2024Q2
3636,6200,9,93,362,4,2024Q3
3636,6262,8,91,424,4,2024Q4
3636,6299,9,89,201,1,2025Q1
3636,6329,10,85,248,1,2025Q2
3636,6327,11,87,308,2,2025Q3
3636,6328,11,90,358,2,2025Q4
3636,6328,12,96,188,2,2026Q1
3636,6377,18,97,250,7,2026Q2
3637,832,1,10,45,0,2023Q2
3637,830,1,11,54,0,2023Q3
3637,827,1,13,59,0,2023Q4
3637,830,1,12,27,0,2024Q1
3637,836,1,13,37,0,2024Q2
3637,848,1,13,42,0,2024Q3
3637,857,1,15,49,0,2024Q4
3637,852,1,14,20,0,2025Q1
3637,860,1,13,32,0,2025Q2
3637,857,1,12,36,0,2025Q3
3637,868,2,12,46,0,2025Q4
3637,871,2,12,24,0,2026Q1
3637,876,1,13,31,0,2026Q2
3638,2715,7,43,153,2,2023Q2
3638,2746,7,45,187,2,2023Q3
3638,2771,7,44,225,2,2023Q4
3638,2788,7,41,145,2,2024Q1
3638,2821,7,41,175,2,2024Q2
3638,2830,7,38,206,2,2024Q3
3638,2838,9,39,242,3,2024Q4
3638,2841,10,41,117,2,2025Q1
3638,2845,10,44,155,2,2025Q2
3638,2853,11,48,178,3,2025Q3
3638,2845,10,51,189,2,2025Q4
3638,2845,10,55,95,0,2026Q1
3638,2859,13,58,117,2,2026Q2
3639,872,0,13,38,0,2023Q2
3639,870,0,13,42,0,2023Q3
3639,871,0,13,46,0,2023Q4
3639,878,0,13,31,0,2024Q1
3639,872,0,12,37,0,2024Q2
3639,876,0,12,45,0,2024Q3
3639,887,0,10,51,0,2024Q4
3639,901,0,9,24,0,2025Q1
3639,918,0,10,35,0,2025Q2
3639,919,0,11,41,0,2025Q3
3639,943,0,13,48,0,2025Q4
3639,960,0,12,31,0,2026Q1
3639,958,0,13,35,0,2026Q2
3640,1449,1,26,76,0,2023Q2
3640,1466,1,27,93,0,2023Q3
3640,1489,1,27,108,0,2023Q4
3640,1502,1,27,51,0,2024Q1
3640,1508,1,27,68,0,2024Q2
3640,1523,1,28,81,0,2024Q3
3640,1547,1,30,90,0,2024Q4
3640,1588,1,29,71,0,2025Q1
3640,1576,1,31,88,0,2025Q2
3640,1582,2,33,101,1,2025Q3
3640,1604,3,29,119,2,2025Q4
3640,1611,3,29,55,3,2026Q1
3640,1608,5,31,65,4,2026Q2
3641,1662,0,36,96,0,2023Q2
3641,1670,0,37,110,0,2023Q3
3641,1675,0,38,130,0,2023Q4
3641,1681,0,37,58,0,2024Q1
3641,1703,1,37,72,0,2024Q2
3641,1705,1,38,89,0,2024Q3
3641,1701,1,37,98,0,2024Q4
3641,1686,1,35,50,0,2025Q1
3641,1669,1,36,54,0,2025Q2
3641,1708,2,38,72,0,2025Q3
3641,1716,2,41,87,0,2025Q4
3641,1708,2,40,50,0,2026Q1
3641,1717,2,40,65,0,2026Q2
3644,9889,8,151,569,2,2023Q2
3644,9976,11,149,713,3,2023Q3
3644,9978,11,147,841,4,2023Q4
3644,10086,16,147,539,8,2024Q1
3644,10184,15,155,667,8,2024Q2
3644,10276,15,162,763,8,2024Q3
3644,10334,15,169,865,8,2024Q4
3644,10466,16,171,417,3,2025Q1
3644,10494,18,168,567,5,2025Q2
3644,10543,19,180,663,6,2025Q3
3644,10620,18,188,777,7,2025Q4
3644,10655,21,196,471,8,2026Q1
3644,10714,36,204,598,21,2026Q2
3646,897,0,16,52,0,2023Q2
3646,896,0,16,55,0,2023Q3
3646,911,1,17,69,1,2023Q4
3646,916,1,18,37,1,2024Q1
3646,912,1,15,42,1,2024Q2
3646,914,1,15,47,1,2024Q3
3646,921,1,16,54,1,2024Q4
3646,933,1,17,28,0,2025Q1
3646,953,1,15,40,0,2025Q2
3646,940,1,18,45,0,2025Q3
3646,958,2,18,52,1,2025Q4
3646,950,3,18,32,2,2026Q1
3646,949,3,21,44,2,2026Q2
3649,685,2,10,36,2,2023Q2
3649,689,2,11,44,2,2023Q3
3649,697,2,10,59,2,2023Q4
3649,715,3,10,34,0,2024Q1
3649,704,3,10,41,0,2024Q2
3649,697,3,9,43,0,2024Q3
3649,695,4,8,48,1,2024Q4
3649,686,4,9,16,1,2025Q1
3649,686,4,8,21,1,2025Q2
3649,693,3,8,24,1,2025Q3
3649,686,3,8,27,1,2025Q4
3649,695,3,9,19,0,2026Q1
3649,692,3,10,22,0,2026Q2
3658,6946,10,201,362,7,2023Q2
3658,6996,11,198,445,8,2023Q3
3658,7017,15,195,523,12,2023Q4
3658,7001,17,186,305,9,2024Q1
3658,7040,19,185,385,11,2024Q2
3658,7042,18,183,459,11,2024Q3
3658,7071,23,189,539,13,2024Q4
3658,7108,24,187,293,6,2025Q1
3658,7119,27,186,371,8,2025Q2
3658,7112,31,183,430,13,2025Q3
3658,7141,35,190,491,17,2025Q4
3658,7138,47,197,268,20,2026Q1
3658,7156,55,199,335,27,2026Q2
3659,1016,11,33,42,8,2023Q2
3659,1019,12,30,53,9,2023Q3
3659,1023,11,30,61,8,2023Q4
3659,1031,12,28,38,5,2024Q1
3659,1051,14,26,54,6,2024Q2
3659,1046,13,27,59,5,2024Q3
3659,1052,13,28,68,5,2024Q4
3659,1055,14,27,28,2,2025Q1
3659,1052,13,27,35,1,2025Q2
3659,1059,16,28,47,4,2025Q3
3659,1071,18,31,56,5,2025Q4
3659,1079,18,33,38,4,2026Q1
3659,1076,18,35,48,6,2026Q2
3660,8256,9,187,478,6,2023Q2
3660,8335,12,179,600,9,2023Q3
3660,8404,14,181,733,11,2023Q4
3660,8448,16,171,495,11,2024Q1
3660,8522,20,163,583,15,2024Q2
3660,8595,24,167,683,19,2024Q3
3660,8619,24,161,785,20,2024Q4
3660,8578,27,173,456,10,2025Q1
3660,8683,30,177,559,13,2025Q2
3660,8691,33,188,682,16,2025Q3
3660,8738,42,189,803,24,2025Q4
3660,8755,47,193,501,17,2026Q1
3660,8890,55,202,590,24,2026Q2
3662,506,0,4,46,0,2023Q2
3662,516,0,4,52,0,2023Q3
3662,497,0,5,59,0,2023Q4
3662,513,1,5,37,1,2024Q1
3662,516,3,5,54,3,2024Q2
3662,535,3,7,70,3,2024Q3
3662,550,5,10,91,4,2024Q4
3662,556,5,12,65,3,2025Q1
3662,568,5,14,66,3,2025Q2
3662,583,5,15,81,3,2025Q3
3662,591,4,14,92,2,2025Q4
3662,595,4,15,46,1,2026Q1
3662,595,5,15,52,2,2026Q2
3664,1357,6,29,74,5,2023Q2
3664,1355,7,27,90,6,2023Q3
3664,1373,9,27,107,8,2023Q4
3664,1395,8,28,74,5,2024Q1
3664,1406,9,25,93,6,2024Q2
3664,1422,10,23,109,7,2024Q3
3664,1435,13,24,128,9,2024Q4
3664,1425,13,26,70,3,2025Q1
3664,1431,14,26,84,4,2025Q2
3664,1449,15,28,97,6,2025Q3
3664,1439,15,24,112,7,2025Q4
3664,1447,15,27,53,4,2026Q1
3664,1448,18,30,74,7,2026Q2
3665,642,4,9,28,2,2023Q2
3665,648,4,9,33,2,2023Q3
3665,645,4,9,41,2,2023Q4
3665,647,4,9,22,1,2024Q1
3665,656,4,9,26,1,2024Q2
3665,655,4,7,27,1,2024Q3
3665,644,4,8,31,1,2024Q4
3665,658,4,10,20,0,2025Q1
3665,661,4,9,27,0,2025Q2
3665,668,4,8,35,0,2025Q3
3665,671,4,6,47,0,2025Q4
3665,675,4,7,25,0,2026Q1
3665,680,7,7,35,3,2026Q2
3666,6144,20,114,297,12,2023Q2
3666,6163,21,112,339,12,2023Q3
3666,6148,22,109,385,13,2023Q4
3666,6213,22,110,206,6,2024Q1
3666,6242,25,109,271,9,2024Q2
3666,6276,27,107,331,12,2024Q3
3666,6303,31,109,389,14,2024Q4
3666,6309,39,107,226,13,2025Q1
3666,6313,41,106,269,14,2025Q2
3666,6325,47,109,328,18,2025Q3
3666,6352,48,115,378,21,2025Q4
3666,6352,49,118,202,11,2026Q1
3666,6380,54,113,259,20,2026Q2
3669,1866,3,35,90,1,2023Q2
3669,1890,4,35,105,3,2023Q3
3669,1896,5,34,121,5,2023Q4
3669,1907,6,36,69,4,2024Q1
3669,1926,6,35,83,4,2024Q2
3669,1944,9,34,99,6,2024Q3
3669,1938,9,33,118,6,2024Q4
3669,1938,9,32,66,2,2025Q1
3669,1943,10,34,81,3,2025Q2
3669,1944,11,32,101,4,2025Q3
3669,1913,12,31,113,5,2025Q4
3669,1933,13,31,55,3,2026Q1
3669,1953,19,34,72,6,2026Q2
3670,845,0,16,45,0,2023Q2
3670,858,0,16,50,0,2023Q3
3670,859,1,16,54,1,2023Q4
3670,860,0,15,19,0,2024Q1
3670,866,0,14,25,0,2024Q2
3670,873,2,15,31,2,2024Q3
3670,859,2,15,36,2,2024Q4
3670,853,2,15,20,2,2025Q1
3670,862,2,17,25,2,2025Q2
3670,869,2,18,37,2,2025Q3
3670,865,2,19,42,2,2025Q4
3670,857,2,19,29,0,2026Q1
3670,876,3,20,36,0,2026Q2
3672,11267,25,249,575,18,2023Q2
3672,11437,27,265,717,20,2023Q3
3672,11450,26,260,816,19,2023Q4
3672,11522,27,261,515,9,2024Q1
3672,11613,31,265,656,13,2024Q2
3672,11552,33,267,774,17,2024Q3
3672,11550,39,271,887,21,2024Q4
3672,11590,41,289,492,12,2025Q1
3672,11651,46,296,626,18,2025Q2
3672,11720,45,301,756,19,2025Q3
3672,11791,50,303,865,25,2025Q4
3672,11845,55,311,476,13,2026Q1
3672,11879,67,324,574,24,2026Q2
3673,2638,6,42,145,2,2023Q2
3673,2676,6,40,180,3,2023Q3
3673,2633,8,42,205,5,2023Q4
3673,2658,8,39,103,2,2024Q1
3673,2673,9,39,131,3,2024Q2
3673,2678,11,41,144,5,2024Q3
3673,2684,12,39,174,5,2024Q4
3673,2702,12,37,88,2,2025Q1
3673,2698,13,36,105,3,2025Q2
3673,2668,13,36,125,3,2025Q3
3673,2682,14,36,141,3,2025Q4
3673,2699,16,39,68,2,2026Q1
3673,2694,19,40,88,4,2026Q2
3675,2354,5,40,95,2,2023Q2
3675,2365,5,40,113,3,2023Q3
3675,2366,5,40,133,3,2023Q4
3675,2387,5,40,77,2,2024Q1
3675,2400,6,40,91,3,2024Q2
3675,2439,6,40,116,3,2024Q3
3675,2449,5,43,134,3,2024Q4
3675,2451,5,42,75,1,2025Q1
3675,2473,7,41,92,3,2025Q2
3675,2474,7,40,116,3,2025Q3
3675,2507,8,41,133,4,2025Q4
3675,2520,12,43,61,7,2026Q1
3675,2527,13,45,79,9,2026Q2
3677,18011,27,262,1308,15,2023Q2
3677,18195,34,255,1642,20,2023Q3
3677,18203,43,253,1944,27,2023Q4
3677,18270,45,260,1286,22,2024Q1
3677,18459,52,264,1566,28,2024Q2
3677,18565,54,269,1823,29,2024Q3
3677,18621,55,275,2050,32,2024Q4
3677,18706,61,292,1151,19,2025Q1
3677,18788,65,296,1436,24,2025Q2
3677,18761,75,305,1681,32,2025Q3
3677,18819,82,349,1975,37,2025Q4
3677,18775,92,381,1172,22,2026Q1
3677,18918,117,445,1463,49,2026Q2
3678,8720,18,114,460,8,2023Q2
3678,8826,21,112,539,11,2023Q3
3678,8839,29,112,632,18,2023Q4
3678,8989,30,109,385,12,2024Q1
3678,8995,34,112,461,16,2024Q2
3678,9019,33,114,546,15,2024Q3
3678,9108,35,113,637,17,2024Q4
3678,9190,43,117,337,15,2025Q1
3678,9190,45,113,422,17,2025Q2
3678,9206,52,112,500,24,2025Q3
3678,9219,51,119,576,24,2025Q4
3678,9260,55,126,304,16,2026Q1
3678,9317,65,139,391,26,2026Q2
3682,1043,0,12,62,0,2023Q2
3682,1056,0,11,69,0,2023Q3
3682,1054,1,11,77,1,2023Q4
3682,1065,2,13,34,1,2024Q1
3682,1056,2,11,42,1,2024Q2
3682,1062,2,12,50,1,2024Q3
3682,1063,2,12,57,1,2024Q4
3682,1086,2,13,36,0,2025Q1
3682,1090,3,12,44,1,2025Q2
3682,1086,2,12,50,0,2025Q3
3682,1097,3,10,63,1,2025Q4
3682,1092,3,10,28,1,2026Q1
3682,1095,3,10,39,1,2026Q2
3683,2072,2,37,92,1,2023Q2
3683,2074,2,33,117,1,2023Q3
3683,2070,2,33,133,1,2023Q4
3683,2089,2,31,72,1,2024Q1
3683,2099,3,31,94,2,2024Q2
3683,2133,5,31,119,3,2024Q3
3683,2144,6,31,139,4,2024Q4
3683,2153,6,31,84,0,2025Q1
3683,2159,7,31,103,1,2025Q2
3683,2157,8,31,117,2,2025Q3
3683,2158,10,32,131,3,2025Q4
3683,2152,11,33,64,4,2026Q1
3683,2165,15,37,89,7,2026Q2
3685,3772,11,45,185,7,2023Q2
3685,3822,12,48,229,8,2023Q3
3685,3815,12,48,271,7,2023Q4
3685,3859,13,50,170,5,2024Q1
3685,3876,14,50,205,6,2024Q2
3685,3871,15,48,247,6,2024Q3
3685,3883,15,51,290,6,2024Q4
3685,3931,18,53,164,5,2025Q1
3685,3944,20,50,197,6,2025Q2
3685,3940,25,48,225,11,2025Q3
3685,4001,27,50,256,12,2025Q4
3685,4015,29,55,129,11,2026Q1
3685,4081,36,60,171,18,2026Q2
3687,1234,2,19,74,2,2023Q2
3687,1229,2,17,83,2,2023Q3
3687,1202,2,18,96,2,2023Q4
3687,1239,2,18,45,2,2024Q1
3687,1263,3,18,63,3,2024Q2
3687,1293,3,19,73,3,2024Q3
3687,1285,3,23,87,3,2024Q4
3687,1275,2,19,44,0,2025Q1
3687,1273,3,19,56,0,2025Q2
3687,1280,3,20,70,1,2025Q3
3687,1282,4,21,82,2,2025Q4
3687,1288,4,23,41,2,2026Q1
3687,1288,4,24,56,2,2026Q2
3688,1936,6,20,118,4,2023Q2
3688,1944,6,17,138,4,2023Q3
3688,1960,7,17,162,5,2023Q4
3688,1939,8,15,89,4,2024Q1
3688,1959,8,16,105,4,2024Q2
3688,1952,8,16,124,5,2024Q3
3688,1982,9,16,149,6,2024Q4
3688,2004,10,18,82,3,2025Q1
3688,2019,11,19,100,3,2025Q2
3688,2022,10,19,117,3,2025Q3
3688,2005,12,19,127,5,2025Q4
3688,2018,12,20,61,3,2026Q1
3688,2020,12,22,79,3,2026Q2
3690,36267,69,359,2974,47,2023Q2
3690,36301,77,350,3463,55,2023Q3
3690,36348,90,356,4016,65,2023Q4
3690,36472,105,359,2335,56,2024Q1
3690,36718,119,370,2858,70,2024Q2
3690,36830,125,380,3330,80,2024Q3
3690,36811,130,404,3785,89,2024Q4
3690,36817,136,427,2176,44,2025Q1
3690,36993,154,458,2743,60,2025Q2
3690,37029,169,471,3224,78,2025Q3
3690,37094,178,515,3673,86,2025Q4
3690,37096,209,577,2193,81,2026Q1
3690,37348,289,669,2750,152,2026Q2
3691,13998,33,135,991,21,2023Q2
3691,14236,38,145,1201,25,2023Q3
3691,14350,46,149,1444,33,2023Q4
3691,14484,54,149,839,26,2024Q1
3691,14700,62,146,1071,34,2024Q2
3691,14870,65,144,1266,37,2024Q3
3691,15111,73,147,1469,44,2024Q4
3691,15198,78,156,780,20,2025Q1
3691,15389,83,169,954,26,2025Q2
3691,15559,92,183,1158,35,2025Q3
3691,15686,100,193,1383,45,2025Q4
3691,15843,106,211,825,39,2026Q1
3691,16015,139,231,1011,68,2026Q2
3695,735,0,7,35,0,2023Q2
3695,747,0,7,46,0,2023Q3
3695,748,0,7,52,0,2023Q4
3695,763,0,7,32,0,2024Q1
3695,770,0,7,40,0,2024Q2
3695,778,1,7,44,0,2024Q3
3695,772,1,7,57,0,2024Q4
3695,773,1,7,28,0,2025Q1
3695,762,1,7,33,0,2025Q2
3695,770,1,7,44,0,2025Q3
3695,779,1,7,46,0,2025Q4
3695,772,0,8,25,0,2026Q1
3695,767,0,9,32,0,2026Q2
3697,668,1,8,29,1,2023Q2
3697,661,1,9,35,1,2023Q3
3697,669,2,9,46,2,2023Q4
3697,670,3,10,28,3,2024Q1
3697,660,3,9,31,3,2024Q2
3697,658,3,10,39,3,2024Q3
3697,662,3,10,42,3,2024Q4
3697,672,6,10,20,2,2025Q1
3697,677,7,10,25,3,2025Q2
3697,671,9,10,28,4,2025Q3
3697,667,9,11,33,4,2025Q4
3697,674,11,12,18,4,2026Q1
3697,669,15,12,27,8,2026Q2
3698,992,6,6,42,3,2023Q2
3698,984,6,7,48,3,2023Q3
3698,967,11,9,60,6,2023Q4
3698,973,13,10,52,7,2024Q1
3698,988,15,10,64,8,2024Q2
3698,999,14,11,76,7,2024Q3
3698,1009,13,14,85,6,2024Q4
3698,1008,15,13,54,4,2025Q1
3698,1012,16,13,60,6,2025Q2
3698,1033,17,14,76,7,2025Q3
3698,1047,18,14,86,8,2025Q4
3698,1056,21,15,40,6,2026Q1
3698,1062,28,16,58,13,2026Q2
3699,1278,4,17,63,2,2023Q2
3699,1279,4,18,77,2,2023Q3
3699,1285,5,19,84,3,2023Q4
3699,1299,6,18,46,2,2024Q1
3699,1324,6,17,70,2,2024Q2
3699,1320,6,17,78,2,2024Q3
3699,1299,7,19,90,3,2024Q4
3699,1304,6,21,45,2,2025Q1
3699,1290,5,20,50,2,2025Q2
3699,1284,6,20,68,3,2025Q3
3699,1284,9,21,83,5,2025Q4
3699,1290,11,21,42,4,2026Q1
3699,1295,16,23,52,6,2026Q2
3700,1926,1,20,78,1,2023Q2
3700,1938,1,20,103,1,2023Q3
3700,1938,1,20,119,1,2023Q4
3700,1927,2,20,74,2,2024Q1
3700,1918,2,19,83,2,2024Q2
3700,1909,2,16,101,2,2024Q3
3700,1923,2,19,121,2,2024Q4
3700,1926,2,20,61,1,2025Q1
3700,1938,2,20,74,1,2025Q2
3700,1921,3,19,96,1,2025Q3
3700,1937,3,19,112,1,2025Q4
3700,1946,3,20,69,1,2026Q1
3700,1949,5,22,93,2,2026Q2
3701,1714,3,15,72,0,2023Q2
3701,1732,3,15,97,0,2023Q3
3701,1724,3,15,107,0,2023Q4
3701,1734,3,15,51,0,2024Q1
3701,1746,3,15,64,0,2024Q2
3701,1770,3,15,80,0,2024Q3
3701,1764,4,14,89,1,2024Q4
3701,1765,4,15,44,0,2025Q1
3701,1755,3,15,53,0,2025Q2
3701,1773,4,18,77,1,2025Q3
3701,1782,4,18,88,1,2025Q4
3701,1789,5,18,50,1,2026Q1
3701,1802,7,21,62,2,2026Q2
3707,2388,2,15,102,1,2023Q2
3707,2400,2,17,124,1,2023Q3
3707,2381,2,16,150,1,2023Q4
3707,2395,2,16,85,0,2024Q1
3707,2407,2,16,108,0,2024Q2
3707,2409,2,17,126,0,2024Q3
3707,2411,2,17,150,0,2024Q4
3707,2439,2,16,84,0,2025Q1
3707,2442,2,16,98,0,2025Q2
3707,2444,1,19,112,0,2025Q3
3707,2455,1,21,131,0,2025Q4
3707,2466,2,23,61,0,2026Q1
3707,2466,3,24,72,1,2026Q2
3711,814,5,16,36,2,2023Q2
3711,827,5,16,46,2,2023Q3
3711,818,5,18,49,2,2023Q4
3711,810,5,17,38,1,2024Q1
3711,806,5,18,45,1,2024Q2
3711,811,5,18,53,1,2024Q3
3711,805,6,17,61,2,2024Q4
3711,820,6,18,27,1,2025Q1
3711,820,7,18,31,1,2025Q2
3711,822,8,19,37,2,2025Q3
3711,826,9,18,46,3,2025Q4
3711,810,9,17,22,1,2026Q1
3711,827,9,17,28,1,2026Q2
3712,480,0,11,19,0,2023Q2
3712,485,0,11,23,0,2023Q3
3712,484,0,12,28,0,2023Q4
3712,494,0,11,13,0,2024Q1
3712,491,0,10,17,0,2024Q2
3712,504,0,10,24,0,2024Q3
3712,502,0,8,24,0,2024Q4
3712,502,0,8,10,0,2025Q1
3712,500,1,7,13,0,2025Q2
3712,508,1,8,14,0,2025Q3
3712,512,1,9,19,0,2025Q4
3712,520,1,10,16,0,2026Q1
3712,517,1,10,22,0,2026Q2
3713,1389,1,45,62,1,2023Q2
3713,1393,2,45,75,2,2023Q3
3713,1388,2,45,90,2,2023Q4
3713,1396,2,44,41,1,2024Q1
3713,1401,2,47,52,1,2024Q2
3713,1416,2,46,63,1,2024Q3
3713,1418,4,46,76,2,2024Q4
3713,1401,5,48,40,2,2025Q1
3713,1407,5,47,48,2,2025Q2
3713,1395,6,47,58,3,2025Q3
3713,1398,6,46,68,3,2025Q4
3713,1428,7,49,29,1,2026Q1
3713,1424,13,50,47,5,2026Q2
3714,4806,7,114,251,4,2023Q2
3714,4834,8,117,307,5,2023Q3
3714,4829,9,115,356,5,2023Q4
3714,4916,10,121,219,2,2024Q1
3714,4983,11,120,267,3,2024Q2
3714,4971,11,118,308,4,2024Q3
3714,4972,12,118,347,5,2024Q4
3714,5038,12,111,173,4,2025Q1
3714,5060,13,114,225,5,2025Q2
3714,5040,13,112,269,5,2025Q3
3714,5063,14,113,306,6,2025Q4
3714,5128,16,121,176,4,2026Q1
3714,5151,24,131,249,10,2026Q2
3715,700,2,19,35,0,2023Q2
3715,698,3,18,42,1,2023Q3
3715,690,3,18,47,1,2023Q4
3715,678,3,17,21,1,2024Q1
3715,684,3,16,39,1,2024Q2
3715,668,3,15,33,1,2024Q3
3715,661,3,15,38,1,2024Q4
3715,655,3,14,23,0,2025Q1
3715,662,4,15,27,0,2025Q2
3715,655,5,14,31,0,2025Q3
3715,672,5,16,37,0,2025Q4
3715,681,5,16,17,0,2026Q1
3715,666,6,14,21,1,2026Q2
3717,4434,5,110,188,4,2023Q2
3717,4460,7,111,247,6,2023Q3
3717,4469,7,106,306,6,2023Q4
3717,4497,7,111,195,4,2024Q1
3717,4535,8,112,245,4,2024Q2
3717,4503,9,114,283,5,2024Q3
3717,4511,14,115,325,10,2024Q4
3717,4532,13,116,155,6,2025Q1
3717,4526,15,117,193,8,2025Q2
3717,4546,16,117,233,9,2025Q3
3717,4577,20,121,265,13,2025Q4
3717,4662,26,132,160,11,2026Q1
3717,4692,34,138,207,18,2026Q2
3719,876,2,18,61,0,2023Q2
3719,892,3,19,71,1,2023Q3
3719,895,3,19,72,1,2023Q4
3719,910,3,19,22,1,2024Q1
3719,913,4,19,34,2,2024Q2
3719,928,4,18,39,2,2024Q3
3719,930,4,18,45,2,2024Q4
3719,927,4,18,30,1,2025Q1
3719,926,4,16,37,1,2025Q2
3719,938,4,16,54,1,2025Q3
3719,950,6,15,67,3,2025Q4
3719,942,5,14,37,1,2026Q1
3719,931,6,12,41,1,2026Q2
3720,1200,2,33,60,0,2023Q2
3720,1227,3,31,72,1,2023Q3
3720,1236,2,31,83,1,2023Q4
3720,1244,2,29,45,1,2024Q1
3720,1258,2,32,63,1,2024Q2
3720,1274,2,34,84,1,2024Q3
3720,1254,2,34,88,1,2024Q4
3720,1278,2,37,53,0,2025Q1
3720,1294,5,40,70,3,2025Q2
3720,1305,8,39,90,5,2025Q3
3720,1301,10,39,99,7,2025Q4
3720,1345,10,46,52,5,2026Q1
3720,1358,11,50,67,6,2026Q2
3722,7071,12,96,432,5,2023Q2
3722,7122,16,98,537,7,2023Q3
3722,7087,21,96,634,12,2023Q4
3722,7087,25,97,377,11,2024Q1
3722,7141,28,101,483,14,2024Q2
3722,7147,28,102,564,14,2024Q3
3722,7206,32,106,646,18,2024Q4
3722,7282,35,113,376,10,2025Q1
3722,7292,35,119,463,12,2025Q2
3722,7265,38,119,538,14,2025Q3
3722,7270,40,119,609,15,2025Q4
3722,7292,42,125,338,7,2026Q1
3722,7313,56,134,440,19,2026Q2
3723,4645,13,80,248,6,2023Q2
3723,4653,13,80,309,7,2023Q3
3723,4611,17,75,366,10,2023Q4
3723,4632,18,74,222,7,2024Q1
3723,4662,17,76,260,8,2024Q2
3723,4693,21,77,292,11,2024Q3
3723,4699,22,73,338,13,2024Q4
3723,4723,22,75,150,6,2025Q1
3723,4750,23,79,192,6,2025Q2
3723,4777,25,80,234,9,2025Q3
3723,4790,26,87,285,9,2025Q4
3723,4798,28,86,163,5,2026Q1
3723,4817,38,88,209,16,2026Q2
3725,987,1,14,52,1,2023Q2
3725,1009,1,13,59,1,2023Q3
3725,1020,1,13,70,1,2023Q4
3725,1017,2,12,43,1,2024Q1
3725,1025,2,18,54,1,2024Q2
3725,1026,2,19,62,1,2024Q3
3725,1024,2,18,71,1,2024Q4
3725,1015,2,18,32,0,2025Q1
3725,1030,2,19,40,0,2025Q2
3725,1026,2,21,49,0,2025Q3
3725,1019,1,20,58,0,2025Q4
3725,1020,2,19,39,1,2026Q1
3725,1004,4,18,42,3,2026Q2
3726,658,1,19,31,0,2023Q2
3726,664,1,19,33,0,2023Q3
3726,660,1,17,34,0,2023Q4
3726,667,1,17,21,0,2024Q1
3726,674,1,18,25,0,2024Q2
3726,676,2,18,31,1,2024Q3
3726,685,2,17,35,1,2024Q4
3726,691,3,17,18,2,2025Q1
3726,686,3,16,23,2,2025Q2
3726,696,4,17,26,2,2025Q3
3726,703,4,16,29,2,2025Q4
3726,714,4,16,18,0,2026Q1
3726,712,4,17,23,0,2026Q2
3728,1022,0,8,54,0,2023Q2
3728,1043,0,9,60,0,2023Q3
3728,1031,0,9,73,0,2023Q4
3728,1048,0,9,36,0,2024Q1
3728,1041,0,8,45,0,2024Q2
3728,1060,0,6,60,0,2024Q3
3728,1061,0,8,65,0,2024Q4
3728,1071,0,7,32,0,2025Q1
3728,1074,0,7,35,0,2025Q2
3728,1086,0,7,45,0,2025Q3
3728,1072,0,7,53,0,2025Q4
3728,1071,1,7,20,1,2026Q1
3728,1074,1,6,25,1,2026Q2
3730,10993,19,152,709,13,2023Q2
3730,11027,21,147,853,14,2023Q3
3730,11041,21,152,1010,14,2023Q4
3730,11142,24,151,571,9,2024Q1
3730,11196,29,154,704,13,2024Q2
3730,11278,31,164,828,15,2024Q3
3730,11324,35,169,969,19,2024Q4
3730,11391,38,188,508,14,2025Q1
3730,11466,41,201,657,17,2025Q2
3730,11552,43,204,772,20,2025Q3
3730,11635,45,208,904,21,2025Q4
3730,11713,50,215,492,12,2026Q1
3730,11838,63,227,618,26,2026Q2
3732,849,1,10,51,0,2023Q2
3732,859,1,10,60,0,2023Q3
3732,872,1,10,68,0,2023Q4
3732,880,1,8,34,0,2024Q1
3732,864,1,9,42,0,2024Q2
3732,868,1,11,46,0,2024Q3
3732,868,1,11,57,0,2024Q4
3732,880,1,10,26,0,2025Q1
3732,893,1,10,37,0,2025Q2
3732,890,1,11,43,0,2025Q3
3732,879,1,12,51,0,2025Q4
3732,886,2,11,32,1,2026Q1
3732,881,2,12,41,1,2026Q2
3735,1033,2,8,46,1,2023Q2
3735,1064,3,7,57,1,2023Q3
3735,1055,3,6,70,2,2023Q4
3735,1065,3,6,40,1,2024Q1
3735,1082,3,7,47,1,2024Q2
3735,1066,1,7,50,0,2024Q3
3735,1057,1,7,59,0,2024Q4
3735,1068,1,7,34,0,2025Q1
3735,1077,1,7,36,0,2025Q2
3735,1067,1,7,42,0,2025Q3
3735,1083,1,9,50,0,2025Q4
3735,1093,1,9,27,0,2026Q1
3735,1086,1,9,35,0,2026Q2
3737,5401,8,67,246,2,2023Q2
3737,5436,9,64,296,3,2023Q3
3737,5399,10,64,346,3,2023Q4
3737,5413,10,60,199,2,2024Q1
3737,5447,11,62,265,3,2024Q2
3737,5497,13,61,319,5,2024Q3
3737,5480,17,57,365,9,2024Q4
3737,5504,18,58,209,4,2025Q1
3737,5548,19,58,256,4,2025Q2
3737,5558,20,61,303,6,2025Q3
3737,5592,19,64,353,6,2025Q4
3737,5580,21,70,177,5,2026Q1
3737,5580,30,74,218,13,2026Q2
3740,1386,7,21,69,4,2023Q2
3740,1406,9,20,84,6,2023Q3
3740,1412,9,20,107,6,2023Q4
3740,1420,10,19,60,3,2024Q1
3740,1440,13,17,77,6,2024Q2
3740,1426,15,17,87,7,2024Q3
3740,1417,14,17,97,7,2024Q4
3740,1426,15,20,52,3,2025Q1
3740,1432,17,21,62,4,2025Q2
3740,1441,17,22,75,4,2025Q3
3740,1461,18,22,89,5,2025Q4
3740,1465,18,21,55,2,2026Q1
3740,1462,20,24,69,4,2026Q2
3741,3751,21,40,198,13,2023Q2
3741,3765,25,40,248,17,2023Q3
3741,3751,28,41,278,20,2023Q4
3741,3784,31,43,180,17,2024Q1
3741,3800,35,44,211,21,2024Q2
3741,3795,37,46,231,23,2024Q3
3741,3791,37,48,268,23,2024Q4
3741,3781,40,49,128,9,2025Q1
3741,3812,43,45,163,11,2025Q2
3741,3804,46,45,197,14,2025Q3
3741,3830,52,52,233,17,2025Q4
3741,3799,53,53,134,14,2026Q1
3741,3815,69,62,174,31,2026Q2
3744,547,6,5,26,4,2023Q2
3744,541,6,5,29,4,2023Q3
3744,542,7,5,33,6,2023Q4
3744,540,7,6,19,3,2024Q1
3744,550,7,7,29,3,2024Q2
3744,547,8,6,34,4,2024Q3
3744,538,8,6,36,4,2024Q4
3744,544,10,6,24,2,2025Q1
3744,551,11,5,27,2,2025Q2
3744,560,12,5,34,3,2025Q3
3744,564,13,5,39,4,2025Q4
3744,551,13,5,13,3,2026Q1
3744,558,15,5,21,4,2026Q2
3746,514,1,7,12,1,2023Q2
3746,516,2,6,16,2,2023Q3
3746,519,2,6,20,2,2023Q4
3746,523,2,7,16,2,2024Q1
3746,520,2,5,20,2,2024Q2
3746,520,2,5,23,2,2024Q3
3746,521,3,5,28,3,2024Q4
3746,521,3,5,17,1,2025Q1
3746,530,4,6,23,2,2025Q2
3746,524,5,7,31,2,2025Q3
3746,531,5,7,33,2,2025Q4
3746,534,6,7,16,2,2026Q1
3746,532,6,7,18,2,2026Q2
3747,5175,26,80,283,17,2023Q2
3747,5215,33,86,348,23,2023Q3
3747,5200,36,83,408,26,2023Q4
3747,5225,40,84,249,15,2024Q1
3747,5226,45,83,304,19,2024Q2
3747,5212,48,85,361,23,2024Q3
3747,5208,51,84,433,26,2024Q4
3747,5237,54,86,225,17,2025Q1
3747,5179,57,89,258,20,2025Q2
3747,5202,63,93,329,27,2025Q3
3747,5202,69,91,374,34,2025Q4
3747,5226,74,95,196,18,2026Q1
3747,5266,94,96,255,35,2026Q2
3749,2353,25,28,110,8,2023Q2
3749,2344,21,25,134,7,2023Q3
3749,2364,24,25,153,11,2023Q4
3749,2383,30,25,90,14,2024Q1
3749,2381,32,24,111,16,2024Q2
3749,2380,37,24,131,19,2024Q3
3749,2382,36,25,154,19,2024Q4
3749,2371,40,28,87,9,2025Q1
3749,2414,42,32,115,11,2025Q2
3749,2401,42,33,133,12,2025Q3
3749,2398,46,37,154,14,2025Q4
3749,2386,47,40,93,8,2026Q1
3749,2396,55,40,114,10,2026Q2
3750,18158,114,474,1621,84,2023Q2
3750,18690,138,519,1927,108,2023Q3
3750,19241,159,590,2274,128,2023Q4
3750,19778,181,647,1435,93,2024Q1
3750,20539,209,748,1850,119,2024Q2
3750,21261,238,832,2211,144,2024Q3
3750,21904,269,886,2630,174,2024Q4
3750,22508,291,990,1578,103,2025Q1
3750,23211,334,1098,1970,139,2025Q2
3750,24100,398,1216,2415,199,2025Q3
3750,24791,438,1324,2858,237,2025Q4
3750,25523,489,1507,1770,183,2026Q1
3750,26302,606,1718,2299,298,2026Q2
3752,18514,88,317,1496,61,2023Q2
3752,18703,113,326,1785,83,2023Q3
3752,18901,119,359,2134,88,2023Q4
3752,19005,139,381,1353,72,2024Q1
3752,19136,155,408,1659,88,2024Q2
3752,19051,169,434,1870,107,2024Q3
3752,19177,187,474,2142,126,2024Q4
3752,19383,208,515,1235,71,2025Q1
3752,19501,222,564,1500,87,2025Q2
3752,19466,252,602,1780,123,2025Q3
3752,19596,285,662,2095,153,2025Q4
3752,19775,337,712,1283,137,2026Q1
3752,19911,421,797,1605,221,2026Q2
3753,4556,26,99,383,19,2023Q2
3753,4833,27,108,477,19,2023Q3
3753,5190,30,118,599,22,2023Q4
3753,5495,34,123,388,16,2024Q1
3753,5955,40,145,517,21,2024Q2
3753,6217,43,163,663,25,2024Q3
3753,6465,55,190,775,34,2024Q4
3753,6724,56,214,467,20,2025Q1
3753,7084,74,237,624,37,2025Q2
3753,7328,85,277,755,47,2025Q3
3753,7593,100,310,899,61,2025Q4
3753,7819,113,336,509,48,2026Q1
3753,8061,149,396,707,83,2026Q2
3754,34208,196,586,2724,141,2023Q2
3754,34549,225,621,3301,170,2023Q3
3754,34782,254,654,3839,196,2023Q4
3754,35127,288,743,2414,150,2024Q1
3754,35442,341,786,2999,197,2024Q2
3754,35735,386,852,3543,232,2024Q3
3754,35768,429,906,4037,273,2024Q4
3754,35884,470,999,2277,170,2025Q1
3754,36116,554,1075,2883,252,2025Q2
3754,36253,608,1132,3453,311,2025Q3
3754,36391,675,1231,3969,372,2025Q4
3754,36402,776,1334,2298,310,2026Q1
3754,36659,937,1486,2949,471,2026Q2
3756,14342,35,334,919,20,2023Q2
3756,14630,41,362,1137,25,2023Q3
3756,14791,51,368,1345,34,2023Q4
3756,15188,62,461,883,29,2024Q1
3756,15523,71,500,1151,38,2024Q2
3756,15775,74,515,1322,44,2024Q3
3756,15885,80,533,1524,50,2024Q4
3756,15998,90,552,838,34,2025Q1
3756,16146,108,575,1087,53,2025Q2
3756,16490,127,647,1301,63,2025Q3
3756,16648,141,687,1509,75,2025Q4
3756,16761,160,730,882,66,2026Q1
3756,16933,215,797,1131,120,2026Q2
3757,8796,38,207,486,19,2023Q2
3757,8849,43,206,583,23,2023Q3
3757,8943,48,205,724,27,2023Q4
3757,9004,52,207,433,19,2024Q1
3757,9093,59,212,538,26,2024Q2
3757,9160,67,213,632,33,2024Q3
3757,9212,72,210,750,39,2024Q4
3757,9280,75,217,375,25,2025Q1
3757,9322,78,224,479,31,2025Q2
3757,9339,83,237,581,36,2025Q3
3757,9361,84,233,670,40,2025Q4
3757,9360,96,245,383,28,2026Q1
3757,9358,115,257,475,45,2026Q2
3758,2385,6,64,121,2,2023Q2
3758,2389,6,65,148,3,2023Q3
3758,2394,8,63,169,5,2023Q4
3758,2391,9,60,94,5,2024Q1
3758,2419,10,60,130,6,2024Q2
3758,2436,11,59,166,7,2024Q3
3758,2454,11,60,190,7,2024Q4
3758,2461,13,57,97,4,2025Q1
3758,2490,15,57,126,4,2025Q2
3758,2534,18,56,158,7,2025Q3
3758,2527,18,53,184,7,2025Q4
3758,2535,20,53,104,4,2026Q1
3758,2514,21,56,126,7,2026Q2
3759,1086,5,22,52,3,2023Q2
3759,1079,6,23,58,4,2023Q3
3759,1082,8,23,75,6,2023Q4
3759,1079,10,25,48,5,2024Q1
3759,1098,11,25,56,6,2024Q2
3759,1106,12,28,76,7,2024Q3
3759,1090,14,26,86,8,2024Q4
3759,1091,14,27,56,3,2025Q1
3759,1089,16,28,66,5,2025Q2
3759,1096,16,29,75,5,2025Q3
3759,1107,18,27,96,7,2025Q4
3759,1111,21,28,57,6,2026Q1
3759,1131,27,30,73,9,2026Q2
3760,414,5,8,20,2,2023Q2
3760,410,5,8,23,2,2023Q3
3760,422,5,10,28,2,2023Q4
3760,417,6,9,12,2,2024Q1
3760,417,6,11,17,2,2024Q2
3760,415,7,9,20,3,2024Q3
3760,417,7,10,23,3,2024Q4
3760,418,6,9,11,1,2025Q1
3760,417,6,10,13,1,2025Q2
3760,415,6,10,13,1,2025Q3
3760,413,5,12,18,1,2025Q4
3760,413,5,13,12,0,2026Q1
3760,413,4,14,14,0,2026Q2
3761,1193,7,38,44,3,2023Q2
3761,1197,7,39,50,3,2023Q3
3761,1201,9,35,70,5,2023Q4
3761,1213,11,36,50,6,2024Q1
3761,1211,11,37,58,6,2024Q2
3761,1228,13,35,74,8,2024Q3
3761,1242,15,36,91,10,2024Q4
3761,1246,18,36,47,5,2025Q1
3761,1254,20,37,66,8,2025Q2
3761,1261,25,39,81,11,2025Q3
3761,1259,26,40,92,13,2025Q4
3761,1267,26,41,48,8,2026Q1
3761,1264,33,42,69,16,2026Q2
3763,1808,7,46,89,6,2023Q2
3763,1829,7,47,118,6,2023Q3
3763,1835,6,49,137,5,2023Q4
3763,1841,6,50,85,3,2024Q1
3763,1844,6,50,111,3,2024Q2
3763,1855,6,53,122,3,2024Q3
3763,1848,6,54,141,3,2024Q4
3763,1853,7,53,73,2,2025Q1
3763,1871,7,51,90,3,2025Q2
3763,1862,9,49,111,5,2025Q3
3763,1848,12,47,123,8,2025Q4
3763,1842,12,46,68,6,2026Q1
3763,1866,16,51,88,9,2026Q2
3764,10340,27,188,649,13,2023Q2
3764,10473,29,189,782,15,2023Q3
3764,10618,36,189,937,19,2023Q4
3764,10743,38,191,574,18,2024Q1
3764,10811,42,194,721,23,2024Q2
3764,10927,41,195,832,22,2024Q3
3764,10954,45,186,954,25,2024Q4
3764,11019,53,192,525,15,2025Q1
3764,11056,59,198,668,21,2025Q2
3764,11005,68,200,797,28,2025Q3
3764,11043,75,201,906,33,2025Q4
3764,11135,85,219,511,27,2026Q1
3764,11174,109,235,644,45,2026Q2
3765,5553,23,111,314,15,2023Q2
3765,5572,27,110,387,17,2023Q3
3765,5598,27,115,467,17,2023Q4
3765,5600,34,114,302,16,2024Q1
3765,5623,36,120,359,18,2024Q2
3765,5631,37,119,403,19,2024Q3
3765,5612,45,119,458,26,2024Q4
3765,5609,48,127,246,15,2025Q1
3765,5593,51,128,306,17,2025Q2
3765,5620,63,132,362,26,2025Q3
3765,5596,69,134,427,33,2025Q4
3765,5624,72,144,232,20,2026Q1
3765,5665,94,150,308,43,2026Q2
3766,1021,5,17,43,3,2023Q2
3766,1034,6,17,50,4,2023Q3
3766,1035,6,16,62,4,2023Q4
3766,1043,7,16,39,3,2024Q1
3766,1044,8,18,47,4,2024Q2
3766,1031,9,19,56,5,2024Q3
3766,1037,11,20,69,7,2024Q4
3766,1027,12,25,34,5,2025Q1
3766,1029,14,23,44,6,2025Q2
3766,1030,17,23,50,9,2025Q3
3766,1029,21,26,56,12,2025Q4
3766,1023,25,25,30,7,2026Q1
3766,1036,31,28,41,11,2026Q2
3767,967,2,15,69,2,2023Q2
3767,964,5,16,76,5,2023Q3
3767,967,5,16,87,5,2023Q4
3767,973,7,17,51,4,2024Q1
3767,979,12,17,72,8,2024Q2
3767,1000,14,17,87,10,2024Q3
3767,992,15,19,94,11,2024Q4
3767,998,17,21,54,9,2025Q1
3767,997,18,20,64,9,2025Q2
3767,1017,20,19,77,10,2025Q3
3767,1009,27,21,90,15,2025Q4
3767,1023,29,21,43,6,2026Q1
3767,1026,33,28,58,10,2026Q2
3770,3376,15,80,216,6,2023Q2
3770,3400,16,80,254,7,2023Q3
3770,3389,18,75,302,9,2023Q4
3770,3436,20,80,173,4,2024Q1
3770,3432,22,81,206,6,2024Q2
3770,3459,23,87,257,7,2024Q3
3770,3496,25,92,297,9,2024Q4
3770,3524,27,95,154,8,2025Q1
3770,3553,29,96,189,10,2025Q2
3770,3599,31,99,222,12,2025Q3
3770,3588,32,100,263,14,2025Q4
3770,3639,33,100,151,10,2026Q1
3770,3648,40,105,189,15,2026Q2
3775,4192,17,87,284,9,2023Q2
3775,4205,18,84,338,10,2023Q3
3775,4170,19,84,383,10,2023Q4
3775,4224,21,85,197,4,2024Q1
3775,4243,22,88,255,6,2024Q2
3775,4238,24,93,315,8,2024Q3
3775,4247,28,90,376,12,2024Q4
3775,4255,34,97,222,11,2025Q1
3775,4309,40,102,284,16,2025Q2
3775,4299,44,107,335,22,2025Q3
3775,4334,48,115,389,25,2025Q4
3775,4328,56,124,180,17,2026Q1
3775,4349,63,126,224,25,2026Q2
3777,10020,36,235,546,15,2023Q2
3777,10118,42,235,678,22,2023Q3
3777,10141,48,251,778,27,2023Q4
3777,10228,56,250,473,23,2024Q1
3777,10346,67,251,608,31,2024Q2
3777,10396,74,269,737,39,2024Q3
3777,10439,79,283,843,45,2024Q4
3777,10388,84,293,479,24,2025Q1
3777,10466,96,309,583,35,2025Q2
3777,10485,107,321,687,47,2025Q3
3777,10509,121,334,782,60,2025Q4
3777,10521,133,346,407,48,2026Q1
3777,10554,164,368,526,78,2026Q2
3779,621,3,11,24,2,2023Q2
3779,631,3,11,32,2,2023Q3
3779,629,3,10,40,2,2023Q4
3779,618,3,10,27,0,2024Q1
3779,613,5,8,35,2,2024Q2
3779,627,5,7,46,2,2024Q3
3779,620,4,11,54,2,2024Q4
3779,630,4,12,32,2,2025Q1
3779,631,4,12,34,2,2025Q2
3779,641,7,11,42,4,2025Q3
3779,639,8,11,51,5,2025Q4
3779,642,10,12,28,2,2026Q1
3779,643,12,13,37,4,2026Q2
3781,3819,12,103,168,6,2023Q2
3781,3838,14,100,205,8,2023Q3
3781,3834,18,99,237,12,2023Q4
3781,3877,18,98,136,9,2024Q1
3781,3913,20,99,177,10,2024Q2
3781,3921,21,98,212,11,2024Q3
3781,3956,23,101,251,13,2024Q4
3781,3952,26,108,146,3,2025Q1
3781,3960,28,114,183,5,2025Q2
3781,3984,32,122,215,9,2025Q3
3781,4003,37,125,255,13,2025Q4
3781,4023,43,127,136,12,2026Q1
3781,4043,56,126,171,26,2026Q2
3782,7268,32,147,394,23,2023Q2
3782,7283,42,144,479,33,2023Q3
3782,7337,52,146,555,43,2023Q4
3782,7375,65,149,329,37,2024Q1
3782,7377,69,146,397,41,2024Q2
3782,7408,74,146,485,47,2024Q3
3782,7391,77,144,547,50,2024Q4
3782,7383,80,146,287,19,2025Q1
3782,7411,93,152,363,31,2025Q2
3782,7419,101,146,439,40,2025Q3
3782,7460,103,160,522,42,2025Q4
3782,7484,121,161,305,36,2026Q1
3782,7510,146,168,396,59,2026Q2
3783,2472,10,57,112,4,2023Q2
3783,2467,11,54,139,4,2023Q3
3783,2498,11,54,166,4,2023Q4
3783,2526,11,59,108,2,2024Q1
3783,2552,13,60,135,4,2024Q2
3783,2562,14,61,162,5,2024Q3
3783,2508,16,64,189,7,2024Q4
3783,2522,19,65,119,7,2025Q1
3783,2526,20,67,146,7,2025Q2
3783,2515,22,70,178,10,2025Q3
3783,2496,22,65,196,11,2025Q4
3783,2492,24,68,115,9,2026Q1
3783,2502,30,74,146,15,2026Q2
3786,1274,8,21,83,4,2023Q2
3786,1273,10,21,97,6,2023Q3
3786,1274,13,22,111,9,2023Q4
3786,1274,16,21,74,10,2024Q1
3786,1271,22,18,88,13,2024Q2
3786,1293,26,17,105,17,2024Q3
3786,1295,31,15,120,22,2024Q4
3786,1306,35,17,72,15,2025Q1
3786,1305,41,17,84,19,2025Q2
3786,1308,49,21,101,26,2025Q3
3786,1331,55,23,113,31,2025Q4
3786,1321,58,24,54,20,2026Q1
3786,1328,62,30,73,26,2026Q2
3787,831,8,15,46,3,2023Q2
3787,840,9,15,54,5,2023Q3
3787,849,10,14,72,6,2023Q4
3787,847,12,14,43,7,2024Q1
3787,861,14,16,58,8,2024Q2
3787,860,15,18,67,10,2024Q3
3787,864,18,20,77,13,2024Q4
3787,856,19,21,32,4,2025Q1
3787,863,24,21,45,9,2025Q2
3787,855,24,24,55,9,2025Q3
3787,848,24,22,60,9,2025Q4
3787,855,27,27,33,8,2026Q1
3787,855,36,28,44,15,2026Q2
3788,1567,12,29,74,7,2023Q2
3788,1546,13,28,83,8,2023Q3
3788,1551,15,27,105,10,2023Q4
3788,1556,16,26,64,5,2024Q1
3788,1561,21,26,90,10,2024Q2
3788,1565,26,24,106,13,2024Q3
3788,1573,29,26,123,14,2024Q4
3788,1559,34,28,76,11,2025Q1
3788,1568,33,31,94,12,2025Q2
3788,1588,35,30,112,15,2025Q3
3788,1599,38,33,139,18,2025Q4
3788,1605,41,39,64,11,2026Q1
3788,1573,43,43,76,12,2026Q2
3791,1264,13,25,46,7,2023Q2
3791,1273,15,26,60,8,2023Q3
3791,1308,16,29,73,10,2023Q4
3791,1313,18,30,51,8,2024Q1
3791,1320,21,30,69,10,2024Q2
3791,1315,25,30,78,13,2024Q3
3791,1309,26,33,94,15,2024Q4
3791,1301,29,36,56,10,2025Q1
3791,1314,32,35,71,13,2025Q2
3791,1308,33,38,81,13,2025Q3
3791,1319,35,40,98,15,2025Q4
3791,1330,38,41,58,7,2026Q1
3791,1338,45,40,74,13,2026Q2
3792,916,10,22,37,5,2023Q2
3792,934,12,23,44,7,2023Q3
3792,916,14,22,51,9,2023Q4
3792,921,17,23,39,10,2024Q1
3792,914,17,23,45,10,2024Q2
3792,922,18,23,50,11,2024Q3
3792,923,21,25,60,14,2024Q4
3792,925,24,24,29,6,2025Q1
3792,922,24,26,46,6,2025Q2
3792,911,24,25,58,6,2025Q3
3792,913,26,25,66,8,2025Q4
3792,905,27,22,36,4,2026Q1
3792,914,34,22,48,11,2026Q2
3793,3420,12,54,173,9,2023Q2
3793,3414,12,52,208,9,2023Q3
3793,3447,19,53,259,16,2023Q4
3793,3474,20,55,150,13,2024Q1
3793,3515,22,59,190,15,2024Q2
3793,3542,25,61,222,17,2024Q3
3793,3594,30,63,257,22,2024Q4
3793,3598,33,64,141,12,2025Q1
3793,3564,40,67,170,18,2025Q2
3793,3584,46,70,201,24,2025Q3
3793,3596,50,77,228,29,2025Q4
3793,3601,55,78,106,20,2026Q1
3793,3603,63,82,143,28,2026Q2
3795,1837,4,40,103,0,2023Q2
3795,1841,6,39,123,2,2023Q3
3795,1863,6,38,152,1,2023Q4
3795,1846,7,36,94,2,2024Q1
3795,1852,8,38,118,3,2024Q2
3795,1851,8,41,129,4,2024Q3
3795,1821,8,40,149,4,2024Q4
3795,1836,6,40,80,2,2025Q1
3795,1831,7,39,103,3,2025Q2
3795,1844,8,42,120,4,2025Q3
3795,1833,9,50,141,4,2025Q4
3795,1849,10,51,60,2,2026Q1
3795,1841,11,53,83,3,2026Q2
3796,8011,25,206,473,17,2023Q2
3796,8049,29,198,589,19,2023Q3
3796,8043,33,197,665,24,2023Q4
3796,8027,40,194,398,24,2024Q1
3796,8093,44,197,492,28,2024Q2
3796,8148,51,200,585,35,2024Q3
3796,8165,55,208,681,39,2024Q4
3796,8228,67,230,381,29,2025Q1
3796,8274,71,230,456,34,2025Q2
3796,8273,80,230,536,43,2025Q3
3796,8320,85,236,619,50,2025Q4
3796,8332,97,245,315,34,2026Q1
3796,8286,116,253,391,51,2026Q2
3797,3698,13,110,192,7,2023Q2
3797,3688,13,109,234,8,2023Q3
3797,3724,13,111,288,8,2023Q4
3797,3781,15,110,187,6,2024Q1
3797,3811,18,111,226,7,2024Q2
3797,3775,15,110,249,5,2024Q3
3797,3793,16,112,281,6,2024Q4
3797,3812,18,118,136,1,2025Q1
3797,3811,18,115,162,1,2025Q2
3797,3811,17,109,181,1,2025Q3
3797,3835,20,113,206,3,2025Q4
3797,3850,21,114,98,3,2026Q1
3797,3917,32,121,134,13,2026Q2
3799,5550,15,200,181,6,2023Q2
3799,5572,14,200,214,6,2023Q3
3799,5580,16,195,245,7,2023Q4
3799,5587,20,195,163,5,2024Q1
3799,5597,23,192,206,8,2024Q2
3799,5643,22,194,240,8,2024Q3
3799,5661,24,195,262,10,2024Q4
3799,5681,27,189,151,8,2025Q1
3799,5689,29,181,188,11,2025Q2
3799,5696,31,177,226,14,2025Q3
3799,5707,34,175,252,17,2025Q4
3799,5690,40,185,140,13,2026Q1
3799,5662,51,194,182,26,2026Q2
3802,17715,79,287,949,48,2023Q2
3802,17830,98,291,1143,66,2023Q3
3802,17892,103,292,1366,72,2023Q4
3802,17980,120,301,845,63,2024Q1
3802,18026,141,318,1062,84,2024Q2
3802,18078,161,354,1278,101,2024Q3
3802,18094,178,394,1465,119,2024Q4
3802,18161,196,417,864,80,2025Q1
3802,18274,226,448,1108,105,2025Q2
3802,18245,244,467,1304,120,2025Q3
3802,18222,264,503,1479,142,2025Q4
3802,18177,307,519,829,117,2026Q1
3802,18303,383,573,1084,185,2026Q2
3803,12184,75,220,1094,48,2023Q2
3803,12333,85,230,1320,57,2023Q3
3803,12377,84,239,1546,58,2023Q4
3803,12443,100,242,1010,59,2024Q1
3803,12565,111,251,1253,72,2024Q2
3803,12559,121,258,1427,81,2024Q3
3803,12561,123,261,1578,85,2024Q4
3803,12527,129,282,759,37,2025Q1
3803,12762,130,307,964,41,2025Q2
3803,12754,133,322,1144,50,2025Q3
3803,12699,145,332,1302,61,2025Q4
3803,12631,149,361,734,44,2026Q1
3803,12624,173,396,901,68,2026Q2
3804,8065,55,129,546,34,2023Q2
3804,8089,63,127,643,42,2023Q3
3804,8106,69,125,762,48,2023Q4
3804,8128,84,127,465,42,2024Q1
3804,8169,90,127,566,48,2024Q2
3804,8229,98,137,658,54,2024Q3
3804,8282,105,139,779,61,2024Q4
3804,8314,114,145,409,30,2025Q1
3804,8309,133,159,525,47,2025Q2
3804,8267,143,167,624,58,2025Q3
3804,8262,152,172,748,69,2025Q4
3804,8284,162,186,417,52,2026Q1
3804,8365,192,200,570,82,2026Q2
3805,43017,224,746,2966,126,2023Q2
3805,43399,265,769,3621,165,2023Q3
3805,43781,307,809,4269,204,2023Q4
3805,43871,356,826,2821,210,2024Q1
3805,44040,430,867,3363,277,2024Q2
3805,44313,481,948,3888,323,2024Q3
3805,44383,524,1005,4395,361,2024Q4
3805,44510,521,1079,2678,214,2025Q1
3805,44903,569,1169,3354,255,2025Q2
3805,44972,610,1244,3934,310,2025Q3
3805,45351,691,1347,4591,380,2025Q4
3805,45237,760,1394,2721,304,2026Q1
3805,45299,883,1486,3355,426,2026Q2
3806,39940,327,530,3541,225,2023Q2
3806,40612,397,545,4311,289,2023Q3
3806,40992,438,572,5018,334,2023Q4
3806,41374,558,591,3506,346,2024Q1
3806,42045,667,665,4274,453,2024Q2
3806,42308,709,738,4952,507,2024Q3
3806,42544,784,823,5680,579,2024Q4
3806,42705,829,916,3549,355,2025Q1
3806,43304,912,1039,4231,445,2025Q2
3806,43418,1016,1138,4974,537,2025Q3
3806,43512,1114,1236,5564,629,2025Q4
3806,43408,1198,1347,3265,448,2026Q1
3806,44058,1454,1591,4221,709,2026Q2
3807,6308,34,81,437,20,2023Q2
3807,6405,42,87,551,27,2023Q3
3807,6406,44,94,650,30,2023Q4
3807,6448,48,98,417,23,2024Q1
3807,6490,60,98,525,35,2024Q2
3807,6488,69,111,634,42,2024Q3
3807,6494,71,113,734,45,2024Q4
3807,6520,74,115,413,23,2025Q1
3807,6578,88,122,529,35,2025Q2
3807,6534,100,132,618,49,2025Q3
3807,6566,111,140,712,59,2025Q4
3807,6600,118,157,357,40,2026Q1
3807,6627,146,173,464,67,2026Q2
3808,3055,18,50,194,8,2023Q2
3808,3061,20,51,229,11,2023Q3
3808,3067,25,46,269,16,2023Q4
3808,3074,26,46,152,15,2024Q1
3808,3087,28,51,196,16,2024Q2
3808,3111,33,48,240,21,2024Q3
3808,3134,35,49,285,24,2024Q4
3808,3151,34,56,155,10,2025Q1
3808,3165,43,62,204,16,2025Q2
3808,3203,49,66,251,22,2025Q3
3808,3190,51,70,284,23,2025Q4
3808,3165,53,77,154,14,2026Q1
3808,3153,67,81,203,29,2026Q2
3809,15458,119,243,1421,84,2023Q2
3809,15920,132,264,1760,96,2023Q3
3809,16325,154,291,2075,117,2023Q4
3809,16726,183,318,1301,94,2024Q1
3809,17099,221,358,1635,129,2024Q2
3809,17482,245,399,1938,153,2024Q3
3809,17745,268,445,2216,179,2024Q4
3809,18054,294,515,1261,121,2025Q1
3809,18453,339,567,1593,158,2025Q2
3809,18906,390,639,1964,210,2025Q3
3809,19335,426,714,2336,248,2025Q4
3809,19622,505,777,1416,206,2026Q1
3809,20346,664,1047,1909,344,2026Q2
3810,44259,154,820,3228,92,2023Q2
3810,44385,176,845,3710,117,2023Q3
3810,44905,212,896,4383,152,2023Q4
3810,45462,243,926,2860,136,2024Q1
3810,45981,276,1022,3562,173,2024Q2
3810,46461,306,1108,4212,199,2024Q3
3810,46707,354,1143,4860,242,2024Q4
3810,46934,379,1211,2838,129,2025Q1
3810,47394,426,1300,3526,172,2025Q2
3810,47804,478,1371,4263,225,2025Q3
3810,48045,517,1431,4899,262,2025Q4
3810,48196,592,1517,2846,214,2026Q1
3810,48690,725,1681,3584,333,2026Q2
3812,2710,5,68,162,3,2023Q2
3812,2712,5,67,190,3,2023Q3
3812,2700,4,66,211,2,2023Q4
3812,2690,6,64,120,2,2024Q1
3812,2715,7,61,146,3,2024Q2
3812,2767,11,61,174,7,2024Q3
3812,2798,12,63,217,8,2024Q4
3812,2816,11,60,127,6,2025Q1
3812,2903,11,62,173,8,2025Q2
3812,2981,13,63,213,9,2025Q3
3812,3062,18,64,253,14,2025Q4
3812,3146,23,65,151,11,2026Q1
3812,3275,33,70,197,20,2026Q2
3813,1179,1,35,65,0,2023Q2
3813,1176,1,35,79,0,2023Q3
3813,1195,1,33,88,0,2023Q4
3813,1201,1,35,48,0,2024Q1
3813,1203,1,33,57,0,2024Q2
3813,1218,1,32,65,0,2024Q3
3813,1199,2,32,83,1,2024Q4
3813,1177,2,27,42,1,2025Q1
3813,1170,3,25,52,2,2025Q2
3813,1178,3,29,76,2,2025Q3
3813,1150,3,29,80,2,2025Q4
3813,1163,4,32,45,2,2026Q1
3813,1165,11,29,59,6,2026Q2
3814,2759,8,57,171,6,2023Q2
3814,2785,9,59,208,7,2023Q3
3814,2811,9,60,241,6,2023Q4
3814,2814,10,58,149,4,2024Q1
3814,2822,10,56,179,4,2024Q2
3814,2833,10,55,208,4,2024Q3
3814,2854,12,57,243,6,2024Q4
3814,2868,12,58,114,1,2025Q1
3814,2888,14,57,147,2,2025Q2
3814,2897,17,56,177,5,2025Q3
3814,2880,17,57,200,6,2025Q4
3814,2885,18,58,107,5,2026Q1
3814,2884,25,62,136,9,2026Q2
3815,3632,7,76,225,5,2023Q2
3815,3693,6,74,267,4,2023Q3
3815,3707,7,71,322,4,2023Q4
3815,3735,12,72,182,8,2024Q1
3815,3782,11,73,226,8,2024Q2
3815,3775,14,74,269,11,2024Q3
3815,3781,19,72,306,16,2024Q4
3815,3812,22,78,174,11,2025Q1
3815,3842,23,77,217,12,2025Q2
3815,3860,23,78,260,13,2025Q3
3815,3917,21,78,293,11,2025Q4
3815,3976,30,80,160,11,2026Q1
3815,4013,35,87,205,16,2026Q2
3816,3438,5,80,204,3,2023Q2
3816,3468,9,82,247,7,2023Q3
3816,3441,10,83,282,8,2023Q4
3816,3507,9,82,166,3,2024Q1
3816,3568,8,79,215,3,2024Q2
3816,3579,11,78,241,5,2024Q3
3816,3591,10,77,276,5,2024Q4
3816,3596,10,77,140,2,2025Q1
3816,3621,10,79,177,2,2025Q2
3816,3616,11,79,208,4,2025Q3
3816,3631,14,80,231,6,2025Q4
3816,3644,16,83,133,6,2026Q1
3816,3654,20,84,166,9,2026Q2
3818,16581,39,307,917,26,2023Q2
3818,16737,48,303,1143,34,2023Q3
3818,16890,57,294,1336,41,2023Q4
3818,17042,68,292,814,40,2024Q1
3818,17184,78,287,1027,52,2024Q2
3818,17309,89,292,1226,62,2024Q3
3818,17373,92,293,1400,66,2024Q4
3818,17437,104,305,765,35,2025Q1
3818,17519,114,322,985,44,2025Q2
3818,17580,124,324,1186,55,2025Q3
3818,17687,140,347,1379,67,2025Q4
3818,17798,168,370,833,67,2026Q1
3818,17875,229,412,1038,122,2026Q2
3820,19194,65,345,1345,38,2023Q2
3820,19327,76,355,1600,48,2023Q3
3820,19597,88,357,1903,60,2023Q4
3820,19757,100,373,1169,56,2024Q1
3820,19891,119,388,1481,72,2024Q2
3820,19932,124,391,1722,79,2024Q3
3820,20035,139,400,2000,94,2024Q4
3820,20045,152,428,1177,57,2025Q1
3820,20161,173,454,1483,75,2025Q2
3820,20270,189,475,1775,92,2025Q3
3820,20444,206,486,2082,114,2025Q4
3820,20684,236,521,1204,86,2026Q1
3820,20875,311,564,1522,157,2026Q2
3821,3850,14,73,213,11,2023Q2
3821,3896,15,73,249,12,2023Q3
3821,3856,14,74,279,12,2023Q4
3821,3909,14,72,162,7,2024Q1
3821,3965,16,72,198,9,2024Q2
3821,4000,16,78,241,10,2024Q3
3821,4008,16,76,276,10,2024Q4
3821,4033,19,79,134,5,2025Q1
3821,4024,21,77,175,7,2025Q2
3821,4030,25,80,213,11,2025Q3
3821,4055,29,84,248,13,2025Q4
3821,4024,32,85,128,13,2026Q1
3821,4054,50,84,178,26,2026Q2
3822,1239,1,35,61,0,2023Q2
3822,1267,1,36,70,0,2023Q3
3822,1263,1,37,87,0,2023Q4
3822,1257,3,36,57,2,2024Q1
3822,1246,3,37,72,2,2024Q2
3822,1266,3,40,83,2,2024Q3
3822,1284,3,39,93,2,2024Q4
3822,1281,4,36,47,2,2025Q1
3822,1294,4,34,62,2,2025Q2
3822,1312,5,33,78,3,2025Q3
3822,1321,5,33,86,3,2025Q4
3822,1328,7,35,51,2,2026Q1
3822,1334,9,38,60,4,2026Q2
3823,2304,9,39,126,4,2023Q2
3823,2308,9,40,142,5,2023Q3
3823,2292,12,40,178,8,2023Q4
3823,2325,13,38,124,8,2024Q1
3823,2365,15,41,163,10,2024Q2
3823,2393,18,44,196,11,2024Q3
3823,2404,20,45,223,13,2024Q4
3823,2393,21,44,112,6,2025Q1
3823,2390,25,42,126,9,2025Q2
3823,2386,27,39,153,12,2025Q3
3823,2382,28,41,180,14,2025Q4
3823,2411,30,45,99,11,2026Q1
3823,2419,42,49,131,24,2026Q2
3824,5708,11,113,333,5,2023Q2
3824,5727,12,111,399,6,2023Q3
3824,5728,14,112,479,8,2023Q4
3824,5682,15,110,251,7,2024Q1
3824,5713,18,108,329,10,2024Q2
3824,5737,20,105,386,12,2024Q3
3824,5712,20,107,442,12,2024Q4
3824,5754,21,110,237,6,2025Q1
3824,5792,27,113,295,10,2025Q2
3824,5808,30,116,361,14,2025Q3
3824,5839,33,113,421,17,2025Q4
3824,5854,40,113,239,16,2026Q1
3824,5882,55,114,293,29,2026Q2
3825,19613,28,546,895,13,2023Q2
3825,19814,31,533,1080,17,2023Q3
3825,19881,35,527,1270,21,2023Q4
3825,19973,39,520,766,19,2024Q1
3825,20138,47,522,995,27,2024Q2
3825,20246,53,524,1213,32,2024Q3
3825,20305,61,515,1405,39,2024Q4
3825,20337,68,525,780,22,2025Q1
3825,20251,78,512,954,29,2025Q2
3825,20357,84,519,1175,34,2025Q3
3825,20403,94,507,1360,43,2025Q4
3825,20410,110,515,746,38,2026Q1
3825,20356,146,531,914,73,2026Q2
3831,2298,4,54,149,1,2023Q2
3831,2346,6,55,192,3,2023Q3
3831,2328,7,55,213,3,2023Q4
3831,2341,9,56,126,4,2024Q1
3831,2343,12,61,155,7,2024Q2
3831,2362,13,60,179,8,2024Q3
3831,2372,13,60,209,9,2024Q4
3831,2369,13,59,106,5,2025Q1
3831,2364,15,63,138,7,2025Q2
3831,2372,16,55,162,8,2025Q3
3831,2402,16,57,191,8,2025Q4
3831,2395,16,54,92,3,2026Q1
3831,2383,21,55,121,8,2026Q2
3835,840,0,20,34,0,2023Q2
3835,852,0,18,36,0,2023Q3
3835,848,0,17,42,0,2023Q4
3835,847,0,17,20,0,2024Q1
3835,866,0,17,29,0,2024Q2
3835,870,0,17,34,0,2024Q3
3835,867,0,16,39,0,2024Q4
3835,871,0,15,23,0,2025Q1
3835,883,1,16,30,0,2025Q2
3835,883,1,18,38,0,2025Q3
3835,886,1,18,40,0,2025Q4
3835,883,3,17,28,1,2026Q1
3835,881,3,17,30,1,2026Q2
3840,16972,31,424,1077,19,2023Q2
3840,17097,33,421,1299,21,2023Q3
3840,17067,39,407,1565,27,2023Q4
3840,17129,40,400,950,20,2024Q1
3840,17242,46,389,1123,28,2024Q2
3840,17534,48,389,1378,32,2024Q3
3840,17505,53,395,1576,38,2024Q4
3840,17496,60,388,820,25,2025Q1
3840,17700,68,391,1100,31,2025Q2
3840,17712,77,415,1330,40,2025Q3
3840,17735,82,423,1525,44,2025Q4
3840,17779,86,433,963,18,2026Q1
3840,17684,96,458,1144,31,2026Q2
3842,3970,5,94,188,2,2023Q2
3842,4022,4,88,241,2,2023Q3
3842,4037,5,86,286,3,2023Q4
3842,4036,7,81,185,3,2024Q1
3842,4074,9,83,222,5,2024Q2
3842,4090,9,83,264,5,2024Q3
3842,4103,10,85,293,7,2024Q4
3842,4126,10,83,147,4,2025Q1
3842,4123,12,83,187,6,2025Q2
3842,4133,14,81,230,9,2025Q3
3842,4166,15,76,272,10,2025Q4
3842,4141,17,72,157,9,2026Q1
3842,4128,23,75,194,16,2026Q2
3844,31173,98,516,2730,59,2023Q2
3844,31276,113,507,3261,78,2023Q3
3844,31452,128,508,3829,93,2023Q4
3844,31667,147,519,2453,77,2024Q1
3844,31805,166,532,2964,95,2024Q2
3844,31728,188,560,3447,114,2024Q3
3844,31827,196,598,3958,123,2024Q4
3844,31941,209,631,2377,82,2025Q1
3844,32094,225,651,2828,102,2025Q2
3844,32232,237,684,3347,113,2025Q3
3844,32356,254,710,3869,130,2025Q4
3844,32507,274,743,2322,87,2026Q1
3844,32703,368,826,2806,176,2026Q2
3847,2673,1,48,126,1,2023Q2
3847,2680,2,47,151,2,2023Q3
3847,2670,2,44,186,2,2023Q4
3847,2674,3,42,97,2,2024Q1
3847,2688,4,38,130,3,2024Q2
3847,2676,5,42,160,3,2024Q3
3847,2718,6,43,195,4,2024Q4
3847,2744,6,44,110,1,2025Q1
3847,2736,7,43,135,2,2025Q2
3847,2746,7,41,157,2,2025Q3
3847,2751,8,43,183,3,2025Q4
3847,2753,8,43,85,2,2026Q1
3847,2760,12,46,112,5,2026Q2
3850,13944,30,209,961,16,2023Q2
3850,14018,35,209,1162,21,2023Q3
3850,14112,46,208,1399,31,2023Q4
3850,14110,53,215,890,32,2024Q1
3850,14227,59,220,1148,38,2024Q2
3850,14181,67,213,1312,46,2024Q3
3850,14191,71,225,1452,50,2024Q4
3850,14333,75,229,847,24,2025Q1
3850,14337,83,228,1032,30,2025Q2
3850,14339,92,224,1242,38,2025Q3
3850,14389,106,226,1431,53,2025Q4
3850,14415,119,232,779,36,2026Q1
3850,14485,143,243,984,61,2026Q2
3851,7078,10,156,380,7,2023Q2
3851,7202,11,152,469,8,2023Q3
3851,7193,11,149,547,8,2023Q4
3851,7220,10,141,284,4,2024Q1
3851,7280,18,139,360,12,2024Q2
3851,7344,20,138,433,14,2024Q3
3851,7403,23,139,503,17,2024Q4
3851,7446,27,138,260,13,2025Q1
3851,7477,30,136,336,15,2025Q2
3851,7466,32,137,401,17,2025Q3
3851,7563,43,136,469,24,2025Q4
3851,7605,53,141,257,18,2026Q1
3851,7698,64,145,324,27,2026Q2
3854,1664,1,32,85,1,2023Q2
3854,1671,2,32,99,1,2023Q3
3854,1694,2,34,117,1,2023Q4
3854,1700,2,34,76,0,2024Q1
3854,1735,4,34,97,2,2024Q2
3854,1739,4,32,112,2,2024Q3
3854,1772,5,29,135,3,2024Q4
3854,1783,5,32,74,2,2025Q1
3854,1792,5,32,86,2,2025Q2
3854,1828,5,31,106,2,2025Q3
3854,1838,5,30,126,2,2025Q4
3854,1850,7,30,65,0,2026Q1
3854,1878,9,36,87,2,2026Q2
3856,1167,2,28,65,2,2023Q2
3856,1186,2,27,72,2,2023Q3
3856,1169,2,25,93,2,2023Q4
3856,1186,2,25,51,1,2024Q1
3856,1190,1,23,64,0,2024Q2
3856,1198,1,23,79,0,2024Q3
3856,1204,1,22,91,0,2024Q4
3856,1204,1,25,47,0,2025Q1
3856,1208,1,24,58,0,2025Q2
3856,1216,1,22,66,0,2025Q3
3856,1196,1,23,74,0,2025Q4
3856,1190,2,24,42,1,2026Q1
3856,1189,2,28,52,1,2026Q2
3857,471,0,10,23,0,2023Q2
3857,485,0,10,25,0,2023Q3
3857,482,0,12,26,0,2023Q4
3857,486,0,13,17,0,2024Q1
3857,492,1,12,20,1,2024Q2
3857,494,1,14,25,1,2024Q3
3857,507,2,14,27,1,2024Q4
3857,505,2,14,15,0,2025Q1
3857,499,3,12,18,1,2025Q2
3857,501,4,11,20,1,2025Q3
3857,508,4,12,24,1,2025Q4
3857,507,4,11,13,0,2026Q1
3857,513,5,12,18,1,2026Q2
3858,4048,4,91,207,3,2023Q2
3858,4033,5,92,240,4,2023Q3
3858,4078,5,89,278,4,2023Q4
3858,4122,7,88,137,4,2024Q1
3858,4244,8,84,168,5,2024Q2
3858,4301,9,83,199,6,2024Q3
3858,4235,9,74,228,6,2024Q4
3858,4278,11,75,116,2,2025Q1
3858,4301,11,78,145,2,2025Q2
3858,4366,11,78,189,2,2025Q3
3858,4337,11,77,230,4,2025Q4
3858,4232,13,77,135,3,2026Q1
3858,4239,16,81,179,5,2026Q2
3859,1316,0,16,85,0,2023Q2
3859,1315,1,16,97,1,2023Q3
3859,1325,1,16,103,1,2023Q4
3859,1312,1,19,36,1,2024Q1
3859,1320,1,17,46,1,2024Q2
3859,1327,2,16,52,2,2024Q3
3859,1340,2,18,60,2,2024Q4
3859,1331,2,17,37,1,2025Q1
3859,1320,2,17,48,1,2025Q2
3859,1322,2,17,60,1,2025Q3
3859,1333,2,15,66,1,2025Q4
3859,1355,3,15,46,1,2026Q1
3859,1374,3,15,60,1,2026Q2
3860,8363,6,164,477,4,2023Q2
3860,8421,6,163,582,4,2023Q3
3860,8376,8,157,660,6,2023Q4
3860,8325,11,146,380,8,2024Q1
3860,8393,12,146,493,9,2024Q2
3860,8425,15,150,588,12,2024Q3
3860,8421,17,144,692,14,2024Q4
3860,8449,21,146,400,8,2025Q1
3860,8450,24,147,495,9,2025Q2
3860,8497,31,146,623,13,2025Q3
3860,8544,36,142,715,17,2025Q4
3860,8580,40,152,367,15,2026Q1
3860,8597,46,158,445,23,2026Q2
3862,4094,6,71,253,5,2023Q2
3862,4106,7,72,282,6,2023Q3
3862,4138,8,72,322,7,2023Q4
3862,4189,8,77,181,5,2024Q1
3862,4184,8,73,213,5,2024Q2
3862,4233,10,72,249,7,2024Q3
3862,4251,10,73,285,7,2024Q4
3862,4268,10,69,142,5,2025Q1
3862,4307,11,67,184,7,2025Q2
3862,4382,12,68,231,8,2025Q3
3862,4380,15,68,280,11,2025Q4
3862,4415,21,72,168,11,2026Q1
3862,4435,30,81,221,19,2026Q2
3865,828,0,12,48,0,2023Q2
3865,834,0,12,59,0,2023Q3
3865,827,0,9,62,0,2023Q4
3865,841,0,10,35,0,2024Q1
3865,840,0,9,40,0,2024Q2
3865,849,0,8,42,0,2024Q3
3865,846,0,8,56,0,2024Q4
3865,857,0,8,22,0,2025Q1
3865,862,0,6,38,0,2025Q2
3865,868,0,6,43,0,2025Q3
3865,861,0,6,52,0,2025Q4
3865,841,0,5,30,0,2026Q1
3865,838,0,7,35,0,2026Q2
3869,2110,4,48,115,3,2023Q2
3869,2132,5,47,131,4,2023Q3
3869,2149,5,46,155,4,2023Q4
3869,2155,5,45,86,1,2024Q1
3869,2171,6,45,101,2,2024Q2
3869,2179,6,47,122,2,2024Q3
3869,2174,6,45,144,2,2024Q4
3869,2182,7,47,90,2,2025Q1
3869,2207,9,49,125,4,2025Q2
3869,2190,13,49,140,7,2025Q3
3869,2180,15,50,153,9,2025Q4
3869,2169,17,50,74,8,2026Q1
3869,2182,19,52,99,11,2026Q2
3870,1567,2,37,54,2,2023Q2
3870,1580,3,38,72,3,2023Q3
3870,1586,3,35,82,3,2023Q4
3870,1612,3,35,51,2,2024Q1
3870,1629,3,34,61,2,2024Q2
3870,1631,5,35,69,3,2024Q3
3870,1619,5,37,83,4,2024Q4
3870,1629,5,37,46,2,2025Q1
3870,1616,5,37,59,2,2025Q2
3870,1608,6,38,69,2,2025Q3
3870,1624,8,40,72,4,2025Q4
3870,1623,9,39,28,3,2026Q1
3870,1628,13,40,34,6,2026Q2
3871,3236,6,80,128,3,2023Q2
3871,3251,8,77,155,5,2023Q3
3871,3249,8,80,181,5,2023Q4
3871,3249,10,80,108,4,2024Q1
3871,3248,11,75,129,5,2024Q2
3871,3234,12,77,162,6,2024Q3
3871,3230,15,76,188,9,2024Q4
3871,3228,16,74,94,6,2025Q1
3871,3265,17,72,114,6,2025Q2
3871,3273,19,73,149,7,2025Q3
3871,3282,21,77,180,9,2025Q4
3871,3290,26,83,101,8,2026Q1
3871,3318,34,92,132,18,2026Q2
3873,473,1,14,19,0,2023Q2
3873,482,1,13,23,0,2023Q3
3873,480,1,11,28,0,2023Q4
3873,478,1,11,12,0,2024Q1
3873,485,2,12,14,1,2024Q2
3873,484,2,12,16,1,2024Q3
3873,479,2,12,17,1,2024Q4
3873,480,2,12,6,0,2025Q1
3873,481,3,11,10,0,2025Q2
3873,488,3,12,16,0,2025Q3
3873,492,3,11,16,0,2025Q4
3873,490,3,12,11,0,2026Q1
3873,487,3,13,16,0,2026Q2
3874,886,1,21,44,1,2023Q2
3874,889,2,21,52,2,2023Q3
3874,898,2,22,60,2,2023Q4
3874,913,2,20,29,1,2024Q1
3874,913,2,21,36,1,2024Q2
3874,903,2,21,41,1,2024Q3
3874,913,2,22,42,1,2024Q4
3874,923,2,20,16,0,2025Q1
3874,925,4,20,25,2,2025Q2
3874,930,4,21,29,2,2025Q3
3874,930,5,20,36,3,2025Q4
3874,921,5,20,27,2,2026Q1
3874,924,5,20,33,2,2026Q2
3875,21517,42,402,1350,23,2023Q2
3875,21691,51,391,1639,32,2023Q3
3875,21710,63,374,1931,44,2023Q4
3875,21867,75,375,1205,38,2024Q1
3875,22026,87,368,1520,50,2024Q2
3875,22074,91,360,1762,55,2024Q3
3875,22228,107,358,2027,62,2024Q4
3875,22363,116,359,1174,36,2025Q1
3875,22567,121,361,1456,44,2025Q2
3875,22565,127,364,1707,52,2025Q3
3875,22508,132,367,1940,58,2025Q4
3875,22570,143,376,1047,42,2026Q1
3875,22723,172,401,1277,70,2026Q2
3878,1329,2,22,59,0,2023Q2
3878,1357,4,23,75,1,2023Q3
3878,1370,5,24,91,2,2023Q4
3878,1382,5,24,50,0,2024Q1
3878,1381,7,24,65,1,2024Q2
3878,1391,8,20,83,2,2024Q3
3878,1412,9,19,99,3,2024Q4
3878,1426,10,20,64,3,2025Q1
3878,1418,11,18,72,4,2025Q2
3878,1441,12,19,85,5,2025Q3
3878,1416,13,19,99,6,2025Q4
3878,1433,14,21,72,4,2026Q1
3878,1434,16,26,82,6,2026Q2
3880,4343,11,91,247,6,2023Q2
3880,4362,13,85,297,8,2023Q3
3880,4389,15,78,352,10,2023Q4
3880,4424,14,74,196,5,2024Q1
3880,4480,16,76,255,7,2024Q2
3880,4493,18,82,290,9,2024Q3
3880,4495,18,81,333,10,2024Q4
3880,4489,18,84,177,3,2025Q1
3880,4501,19,83,235,4,2025Q2
3880,4501,20,85,289,6,2025Q3
3880,4547,25,92,370,10,2025Q4
3880,4598,28,94,218,9,2026Q1
3880,4643,34,96,280,14,2026Q2
3882,1525,0,28,92,0,2023Q2
3882,1535,0,27,102,0,2023Q3
3882,1536,0,26,120,0,2023Q4
3882,1524,1,24,62,1,2024Q1
3882,1528,2,25,74,2,2024Q2
3882,1546,2,25,88,2,2024Q3
3882,1570,3,24,106,3,2024Q4
3882,1566,4,22,46,0,2025Q1
3882,1589,5,23,65,1,2025Q2
3882,1580,6,24,89,2,2025Q3
3882,1598,6,24,107,2,2025Q4
3882,1602,6,23,66,2,2026Q1
3882,1619,8,24,87,3,2026Q2
3885,2376,3,35,110,3,2023Q2
3885,2414,4,34,135,3,2023Q3
3885,2421,5,33,153,4,2023Q4
3885,2441,4,32,78,3,2024Q1
3885,2455,5,31,98,4,2024Q2
3885,2463,7,33,121,6,2024Q3
3885,2444,11,30,151,10,2024Q4
3885,2446,13,32,80,7,2025Q1
3885,2431,14,31,97,8,2025Q2
3885,2436,15,30,112,8,2025Q3
3885,2446,15,32,126,8,2025Q4
3885,2432,17,28,62,3,2026Q1
3885,2455,20,29,83,6,2026Q2
3886,527,0,6,22,0,2023Q2
3886,525,1,6,28,1,2023Q3
3886,521,1,6,33,1,2023Q4
3886,526,1,5,23,1,2024Q1
3886,533,1,4,30,1,2024Q2
3886,545,1,4,34,1,2024Q3
3886,550,1,4,45,1,2024Q4
3886,556,1,6,22,0,2025Q1
3886,559,1,7,26,0,2025Q2
3886,557,1,7,29,0,2025Q3
3886,553,1,6,31,0,2025Q4
3886,555,1,6,9,0,2026Q1
3886,568,1,8,12,0,2026Q2
3888,4192,4,86,163,0,2023Q2
3888,4190,5,79,200,1,2023Q3
3888,4182,6,76,241,1,2023Q4
3888,4230,6,77,145,0,2024Q1
3888,4237,7,78,181,1,2024Q2
3888,4224,10,75,219,4,2024Q3
3888,4213,12,74,260,5,2024Q4
3888,4223,12,72,142,3,2025Q1
3888,4240,14,71,172,5,2025Q2
3888,4255,15,68,214,6,2025Q3
3888,4275,14,70,250,6,2025Q4
3888,4295,16,66,133,4,2026Q1
3888,4297,17,66,165,6,2026Q2
3892,1273,2,19,43,1,2023Q2
3892,1274,2,19,53,1,2023Q3
3892,1277,2,20,63,1,2023Q4
3892,1279,2,20,36,0,2024Q1
3892,1272,2,21,40,0,2024Q2
3892,1278,3,21,49,1,2024Q3
3892,1281,2,22,55,1,2024Q4
3892,1290,3,22,25,1,2025Q1
3892,1306,4,23,35,1,2025Q2
3892,1301,4,26,42,1,2025Q3
3892,1306,6,26,49,2,2025Q4
3892,1310,7,28,27,1,2026Q1
3892,1317,7,29,38,1,2026Q2
3896,564,0,12,27,0,2023Q2
3896,574,0,11,39,0,2023Q3
3896,554,0,11,38,0,2023Q4
3896,565,0,11,20,0,2024Q1
3896,568,0,11,23,0,2024Q2
3896,558,0,10,27,0,2024Q3
3896,547,0,10,26,0,2024Q4
3896,537,0,10,11,0,2025Q1
3896,540,0,8,19,0,2025Q2
3896,553,0,7,26,0,2025Q3
3896,554,1,7,31,1,2025Q4
3896,558,1,6,20,1,2026Q1
3896,568,3,6,25,3,2026Q2
3898,996,2,14,58,1,2023Q2
3898,989,2,14,64,1,2023Q3
3898,998,2,14,74,1,2023Q4
3898,1019,2,14,42,1,2024Q1
3898,1046,3,12,55,2,2024Q2
3898,1052,3,11,68,2,2024Q3
3898,1036,5,12,76,3,2024Q4
3898,1032,6,13,41,3,2025Q1
3898,1046,6,13,52,3,2025Q2
3898,1051,5,13,66,2,2025Q3
3898,1059,5,14,77,2,2025Q4
3898,1054,5,14,44,0,2026Q1
3898,1062,7,15,55,2,2026Q2
3902,539,1,12,25,1,2023Q2
3902,548,1,13,30,1,2023Q3
3902,550,1,12,37,1,2023Q4
3902,553,2,12,29,2,2024Q1
3902,547,2,12,34,2,2024Q2
3902,546,2,12,38,2,2024Q3
3902,548,2,11,42,2,2024Q4
3902,546,2,11,18,1,2025Q1
3902,529,2,10,22,1,2025Q2
3902,528,2,10,27,1,2025Q3
3902,542,2,9,32,1,2025Q4
3902,552,2,8,17,0,2026Q1
3902,560,2,8,25,0,2026Q2
3903,1028,0,10,63,0,2023Q2
3903,1028,0,11,74,0,2023Q3
3903,1037,0,11,87,0,2023Q4
3903,1064,0,10,58,0,2024Q1
3903,1052,0,10,71,0,2024Q2
3903,1072,0,10,85,0,2024Q3
3903,1074,0,8,102,0,2024Q4
3903,1074,0,8,57,0,2025Q1
3903,1095,0,10,69,0,2025Q2
3903,1091,0,10,76,0,2025Q3
3903,1101,0,13,85,0,2025Q4
3903,1093,0,17,33,0,2026Q1
3903,1097,0,16,46,0,2026Q2
3904,2041,4,49,103,3,2023Q2
3904,2055,6,49,116,5,2023Q3
3904,2047,6,48,139,5,2023Q4
3904,2048,7,46,97,4,2024Q1
3904,2058,11,47,128,7,2024Q2
3904,2079,11,46,147,7,2024Q3
3904,2088,13,45,159,8,2024Q4
3904,2096,14,44,88,5,2025Q1
3904,2086,17,43,105,7,2025Q2
3904,2106,16,44,132,7,2025Q3
3904,2106,17,45,156,8,2025Q4
3904,2129,18,46,68,4,2026Q1
3904,2144,24,46,87,10,2026Q2
3909,8109,8,216,406,3,2023Q2
3909,8109,10,205,484,6,2023Q3
3909,8134,11,212,571,6,2023Q4
3909,8151,14,215,331,7,2024Q1
3909,8170,17,218,420,10,2024Q2
3909,8228,21,216,484,14,2024Q3
3909,8232,26,218,559,19,2024Q4
3909,8268,30,210,325,15,2025Q1
3909,8310,30,205,415,15,2025Q2
3909,8290,33,194,486,19,2025Q3
3909,8307,34,186,540,19,2025Q4
3909,8335,36,192,298,8,2026Q1
3909,8323,46,196,369,19,2026Q2
3910,18612,63,291,1188,45,2023Q2
3910,18588,71,307,1405,53,2023Q3
3910,18646,82,309,1667,63,2023Q4
3910,18775,95,312,998,57,2024Q1
3910,18828,107,324,1240,70,2024Q2
3910,18796,121,312,1466,84,2024Q3
3910,18833,134,319,1718,98,2024Q4
3910,18931,149,334,952,55,2025Q1
3910,19006,166,351,1231,73,2025Q2
3910,19079,194,361,1467,99,2025Q3
3910,19125,223,369,1713,126,2025Q4
3910,19152,259,389,960,107,2026Q1
3910,19193,317,421,1180,161,2026Q2
3911,3426,13,59,205,9,2023Q2
3911,3445,15,61,239,11,2023Q3
3911,3488,18,64,275,13,2023Q4
3911,3504,22,67,157,9,2024Q1
3911,3523,24,66,204,11,2024Q2
3911,3562,27,68,247,13,2024Q3
3911,3626,29,71,291,15,2024Q4
3911,3602,29,71,168,10,2025Q1
3911,3631,30,72,214,11,2025Q2
3911,3605,35,71,253,13,2025Q3
3911,3595,38,73,299,15,2025Q4
3911,3619,43,77,164,10,2026Q1
3911,3601,51,86,200,19,2026Q2
3912,14539,37,251,987,24,2023Q2
3912,14668,41,245,1203,28,2023Q3
3912,14705,45,245,1336,30,2023Q4
3912,14787,66,245,751,34,2024Q1
3912,14889,72,242,964,40,2024Q2
3912,14991,81,256,1161,49,2024Q3
3912,15008,93,260,1336,58,2024Q4
3912,15047,104,277,743,36,2025Q1
3912,15248,118,276,971,46,2025Q2
3912,15189,131,271,1113,55,2025Q3
3912,15262,140,277,1291,63,2025Q4
3912,15295,152,303,708,41,2026Q1
3912,15250,190,340,893,76,2026Q2
3913,3554,7,67,188,5,2023Q2
3913,3608,9,62,248,7,2023Q3
3913,3651,12,60,305,10,2023Q4
3913,3661,15,61,201,7,2024Q1
3913,3683,19,63,251,10,2024Q2
3913,3662,24,67,286,15,2024Q3
3913,3649,22,61,337,15,2024Q4
3913,3661,24,62,188,8,2025Q1
3913,3648,29,66,217,12,2025Q2
3913,3665,30,68,255,13,2025Q3
3913,3684,35,70,291,17,2025Q4
3913,3686,39,75,157,14,2026Q1
3913,3727,48,88,221,22,2026Q2
3915,9008,17,175,465,9,2023Q2
3915,9084,15,167,569,7,2023Q3
3915,9158,17,168,699,9,2023Q4
3915,9196,20,168,432,8,2024Q1
3915,9372,26,173,555,14,2024Q2
3915,9368,31,181,635,19,2024Q3
3915,9383,36,175,749,23,2024Q4
3915,9382,40,172,420,19,2025Q1
3915,9372,42,172,527,22,2025Q2
3915,9394,50,174,635,28,2025Q3
3915,9429,62,179,734,36,2025Q4
3915,9477,64,181,382,17,2026Q1
3915,9539,81,196,497,31,2026Q2
3916,1181,26,22,74,13,2023Q2
3916,1156,28,22,88,15,2023Q3
3916,1174,28,22,107,17,2023Q4
3916,1156,31,23,64,14,2024Q1
3916,1166,31,21,78,14,2024Q2
3916,1164,31,21,90,15,2024Q3
3916,1172,32,25,107,16,2024Q4
3916,1187,34,27,55,6,2025Q1
3916,1184,37,30,70,8,2025Q2
3916,1178,39,30,82,10,2025Q3
3916,1187,44,33,103,15,2025Q4
3916,1185,49,35,64,8,2026Q1
3916,1190,58,41,88,17,2026Q2
3918,3842,12,75,229,8,2023Q2
3918,3881,14,72,279,10,2023Q3
3918,3900,19,68,318,15,2023Q4
3918,3896,21,63,181,9,2024Q1
3918,3892,27,65,237,15,2024Q2
3918,3917,29,68,286,17,2024Q3
3918,3894,33,66,326,20,2024Q4
3918,3899,35,64,175,13,2025Q1
3918,3895,37,64,213,15,2025Q2
3918,3914,40,67,255,18,2025Q3
3918,3920,42,70,308,21,2025Q4
3918,3927,45,73,158,10,2026Q1
3918,3955,56,88,208,20,2026Q2
3919,2756,5,67,136,2,2023Q2
3919,2787,5,66,172,2,2023Q3
3919,2792,5,67,198,2,2023Q4
3919,2810,6,67,113,1,2024Q1
3919,2854,8,64,146,3,2024Q2
3919,2872,11,68,174,7,2024Q3
3919,2871,12,68,206,8,2024Q4
3919,2902,14,72,124,7,2025Q1
3919,2882,13,70,145,8,2025Q2
3919,2875,13,71,171,8,2025Q3
3919,2904,12,74,194,7,2025Q4
3919,2918,21,74,101,9,2026Q1
3919,2948,27,77,135,15,2026Q2
3920,524,0,6,35,0,2023Q2
3920,519,0,7,34,0,2023Q3
3920,522,0,7,34,0,2023Q4
3920,513,0,7,19,0,2024Q1
3920,530,0,6,32,0,2024Q2
3920,513,0,7,45,0,2024Q3
3920,514,0,6,56,0,2024Q4
3920,500,0,4,35,0,2025Q1
3920,494,0,4,45,0,2025Q2
3920,511,0,8,54,0,2025Q3
3920,514,0,8,60,0,2025Q4
3920,503,0,8,33,0,2026Q1
3920,519,2,9,42,0,2026Q2
3922,10132,45,197,507,28,2023Q2
3922,10175,51,200,644,35,2023Q3
3922,10200,56,203,761,43,2023Q4
3922,10242,66,209,483,38,2024Q1
3922,10267,72,225,606,44,2024Q2
3922,10337,70,241,703,43,2024Q3
3922,10414,77,254,830,48,2024Q4
3922,10506,89,263,449,18,2025Q1
3922,10584,93,276,543,22,2025Q2
3922,10647,109,283,658,37,2025Q3
3922,10738,120,298,787,48,2025Q4
3922,10765,131,312,420,36,2026Q1
3922,10820,163,339,554,67,2026Q2
3923,895,6,17,49,4,2023Q2
3923,883,7,17,62,5,2023Q3
3923,887,9,17,80,7,2023Q4
3923,873,9,17,39,4,2024Q1
3923,875,9,19,49,4,2024Q2
3923,875,9,19,56,4,2024Q3
3923,880,10,19,69,4,2024Q4
3923,874,11,19,35,0,2025Q1
3923,881,12,19,45,1,2025Q2
3923,874,14,22,56,3,2025Q3
3923,881,15,24,68,4,2025Q4
3923,883,16,23,30,3,2026Q1
3923,893,17,26,41,3,2026Q2
3925,4369,21,103,264,17,2023Q2
3925,4390,24,106,314,20,2023Q3
3925,4436,32,105,381,27,2023Q4
3925,4462,40,106,225,26,2024Q1
3925,4522,45,113,283,30,2024Q2
3925,4558,49,124,333,33,2024Q3
3925,4620,52,134,393,36,2024Q4
3925,4691,52,132,223,14,2025Q1
3925,4730,54,136,274,14,2025Q2
3925,4727,64,140,331,22,2025Q3
3925,4745,66,144,383,27,2025Q4
3925,4803,78,156,214,19,2026Q1
3925,4822,93,172,277,34,2026Q2
3926,3285,31,48,199,19,2023Q2
3926,3304,34,47,237,22,2023Q3
3926,3306,39,46,275,27,2023Q4
3926,3321,41,46,156,21,2024Q1
3926,3296,47,50,188,25,2024Q2
3926,3312,52,50,232,29,2024Q3
3926,3319,58,51,273,36,2024Q4
3926,3326,65,50,142,18,2025Q1
3926,3329,73,55,193,24,2025Q2
3926,3358,79,58,250,29,2025Q3
3926,3367,83,69,296,35,2025Q4
3926,3387,93,75,186,24,2026Q1
3926,3409,111,80,232,38,2026Q2
3927,1641,24,23,100,13,2023Q2
3927,1664,27,23,122,14,2023Q3
3927,1673,29,23,144,16,2023Q4
3927,1701,34,26,101,17,2024Q1
3927,1707,37,25,128,22,2024Q2
3927,1733,41,27,148,26,2024Q3
3927,1711,47,28,172,32,2024Q4
3927,1705,50,32,89,18,2025Q1
3927,1714,53,34,105,20,2025Q2
3927,1721,56,40,135,23,2025Q3
3927,1734,59,46,166,27,2025Q4
3927,1729,69,56,91,20,2026Q1
3927,1754,83,61,122,35,2026Q2
3928,622,10,4,46,4,2023Q2
3928,614,10,4,48,4,2023Q3
3928,643,11,4,58,5,2023Q4
3928,625,12,2,34,4,2024Q1
3928,622,13,2,39,5,2024Q2
3928,635,14,2,45,7,2024Q3
3928,625,15,2,49,8,2024Q4
3928,621,18,2,28,8,2025Q1
3928,616,20,3,41,10,2025Q2
3928,618,21,5,50,10,2025Q3
3928,636,26,8,62,14,2025Q4
3928,648,32,9,45,11,2026Q1
3928,652,36,9,49,14,2026Q2
3929,1298,26,9,92,14,2023Q2
3929,1323,26,8,107,14,2023Q3
3929,1334,29,11,129,15,2023Q4
3929,1351,33,10,92,9,2024Q1
3929,1359,34,13,118,12,2024Q2
3929,1370,35,15,138,12,2024Q3
3929,1388,37,18,162,16,2024Q4
3929,1394,42,19,93,13,2025Q1
3929,1404,49,19,115,20,2025Q2
3929,1410,52,22,137,22,2025Q3
3929,1427,56,24,157,24,2025Q4
3929,1443,57,25,71,11,2026Q1
3929,1431,62,30,91,16,2026Q2
3930,14742,169,154,1101,104,2023Q2
3930,14809,202,157,1333,132,2023Q3
3930,14847,235,153,1561,163,2023Q4
3930,14837,273,156,935,145,2024Q1
3930,15000,302,165,1151,172,2024Q2
3930,15049,336,183,1361,204,2024Q3
3930,15062,361,201,1576,230,2024Q4
3930,15126,391,219,853,118,2025Q1
3930,15224,436,240,1082,159,2025Q2
3930,15164,487,263,1335,206,2025Q3
3930,15141,529,286,1544,245,2025Q4
3930,15178,585,322,880,163,2026Q1
3930,15211,688,362,1120,251,2026Q2
3931,22383,139,237,1994,82,2023Q2
3931,22614,169,245,2364,107,2023Q3
3931,22828,190,264,2782,132,2023Q4
3931,22931,229,275,1888,129,2024Q1
3931,22983,264,298,2300,162,2024Q2
3931,22929,288,319,2680,192,2024Q3
3931,23025,305,328,3032,209,2024Q4
3931,23171,328,349,1833,129,2025Q1
3931,23305,345,380,2219,147,2025Q2
3931,23259,370,423,2564,178,2025Q3
3931,23410,414,491,2956,215,2025Q4
3931,23358,471,516,1698,175,2026Q1
3931,23561,560,576,2157,255,2026Q2
3933,1382,6,16,85,5,2023Q2
3933,1387,8,16,102,7,2023Q3
3933,1403,8,18,123,7,2023Q4
3933,1409,9,19,65,4,2024Q1
3933,1427,11,19,79,6,2024Q2
3933,1412,12,19,92,7,2024Q3
3933,1417,13,20,104,8,2024Q4
3933,1414,13,21,50,4,2025Q1
3933,1422,14,23,67,5,2025Q2
3933,1402,14,20,82,6,2025Q3
3933,1401,14,21,92,6,2025Q4
3933,1407,14,23,45,3,2026Q1
3933,1408,17,29,61,6,2026Q2
3934,15409,133,160,1110,84,2023Q2
3934,15492,158,165,1340,108,2023Q3
3934,15558,185,167,1591,135,2023Q4
3934,15691,218,173,990,114,2024Q1
3934,15701,244,185,1265,141,2024Q2
3934,15804,265,202,1494,166,2024Q3
3934,15854,284,219,1720,187,2024Q4
3934,15899,305,239,983,103,2025Q1
3934,15921,321,263,1231,124,2025Q2
3934,15916,340,282,1444,148,2025Q3
3934,15942,369,308,1713,183,2025Q4
3934,16045,411,350,915,123,2026Q1
3934,16191,505,407,1216,207,2026Q2
3936,12077,80,184,753,47,2023Q2
3936,12146,91,179,906,58,2023Q3
3936,12221,107,181,1077,71,2023Q4
3936,12261,122,180,661,56,2024Q1
3936,12367,130,187,803,62,2024Q2
3936,12398,139,190,979,72,2024Q3
3936,12468,152,190,1151,84,2024Q4
3936,12502,167,198,640,39,2025Q1
3936,12676,184,206,792,50,2025Q2
3936,12674,196,221,945,65,2025Q3
3936,12694,219,241,1118,87,2025Q4
3936,12720,251,265,626,73,2026Q1
3936,12848,306,297,829,126,2026Q2
3937,1687,30,26,119,22,2023Q2
3937,1698,39,26,139,29,2023Q3
3937,1699,45,26,161,36,2023Q4
3937,1700,46,28,100,22,2024Q1
3937,1714,45,32,119,23,2024Q2
3937,1712,51,37,145,28,2024Q3
3937,1718,54,37,163,30,2024Q4
3937,1727,56,38,88,8,2025Q1
3937,1749,58,41,113,10,2025Q2
3937,1755,60,44,134,14,2025Q3
3937,1785,66,46,159,18,2025Q4
3937,1788,69,49,91,16,2026Q1
3937,1786,73,54,108,20,2026Q2
3938,3165,23,43,159,12,2023Q2
3938,3128,23,43,192,13,2023Q3
3938,3138,23,42,218,14,2023Q4
3938,3182,28,43,149,12,2024Q1
3938,3181,33,43,198,16,2024Q2
3938,3218,35,44,234,18,2024Q3
3938,3237,42,46,264,24,2024Q4
3938,3251,45,48,143,14,2025Q1
3938,3259,45,54,183,15,2025Q2
3938,3266,47,55,225,15,2025Q3
3938,3257,50,60,262,18,2025Q4
3938,3257,58,64,168,13,2026Q1
3938,3256,78,72,211,32,2026Q2
3939,13876,74,261,742,42,2023Q2
3939,13841,90,266,899,56,2023Q3
3939,13980,107,269,1085,74,2023Q4
3939,14029,114,257,679,57,2024Q1
3939,14162,121,258,885,67,2024Q2
3939,14211,135,254,1067,78,2024Q3
3939,14390,145,268,1261,86,2024Q4
3939,14399,143,277,739,29,2025Q1
3939,14426,155,289,911,44,2025Q2
3939,14499,175,309,1066,61,2025Q3
3939,14538,198,324,1254,83,2025Q4
3939,14635,222,336,665,81,2026Q1
3939,14737,275,371,875,130,2026Q2
3940,3977,7,71,206,5,2023Q2
3940,3958,7,71,240,5,2023Q3
3940,3971,10,70,280,8,2023Q4
3940,3936,11,70,145,7,2024Q1
3940,3949,13,68,185,8,2024Q2
3940,3978,13,68,231,8,2024Q3
3940,4011,16,69,265,11,2024Q4
3940,4038,18,69,148,8,2025Q1
3940,4028,22,70,196,11,2025Q2
3940,4056,29,71,237,17,2025Q3
3940,4076,31,70,281,20,2025Q4
3940,4123,32,72,165,13,2026Q1
3940,4120,36,85,202,19,2026Q2
3941,12192,70,231,646,42,2023Q2
3941,12186,89,231,774,60,2023Q3
3941,12271,100,229,916,69,2023Q4
3941,12310,109,238,553,53,2024Q1
3941,12370,116,242,693,60,2024Q2
3941,12399,125,247,804,67,2024Q3
3941,12500,140,250,932,81,2024Q4
3941,12506,150,253,522,39,2025Q1
3941,12642,164,262,665,50,2025Q2
3941,12711,181,268,787,64,2025Q3
3941,12829,193,276,938,75,2025Q4
3941,12820,206,284,528,57,2026Q1
3941,12901,246,316,684,92,2026Q2
3942,2872,31,32,182,19,2023Q2
3942,2882,35,28,222,22,2023Q3
3942,2908,36,32,267,25,2023Q4
3942,2930,40,35,153,15,2024Q1
3942,2943,44,42,198,18,2024Q2
3942,2971,49,42,236,22,2024Q3
3942,3000,55,49,280,26,2024Q4
3942,3010,63,54,151,11,2025Q1
3942,3046,72,65,207,21,2025Q2
3942,3010,74,72,247,25,2025Q3
3942,3012,80,73,286,31,2025Q4
3942,3047,87,81,165,23,2026Q1
3942,3059,99,85,203,36,2026Q2
3943,2301,33,36,155,18,2023Q2
3943,2297,35,36,196,22,2023Q3
3943,2296,36,38,230,23,2023Q4
3943,2315,40,38,144,17,2024Q1
3943,2312,46,39,185,22,2024Q2
3943,2309,50,39,227,26,2024Q3
3943,2344,54,42,268,30,2024Q4
3943,2343,59,41,134,12,2025Q1
3943,2365,65,44,162,16,2025Q2
3943,2381,71,49,204,24,2025Q3
3943,2424,78,52,239,32,2025Q4
3943,2430,80,60,124,20,2026Q1
3943,2458,92,64,162,30,2026Q2
3944,1203,22,5,72,11,2023Q2
3944,1213,24,6,92,13,2023Q3
3944,1215,27,8,117,16,2023Q4
3944,1213,27,10,67,10,2024Q1
3944,1213,28,10,78,11,2024Q2
3944,1218,34,12,97,16,2024Q3
3944,1220,39,13,119,21,2024Q4
3944,1201,40,14,62,11,2025Q1
3944,1218,41,14,84,13,2025Q2
3944,1238,43,16,108,14,2025Q3
3944,1257,49,21,133,19,2025Q4
3944,1254,55,19,76,13,2026Q1
3944,1233,57,24,94,15,2026Q2
3945,1382,5,31,81,2,2023Q2
3945,1389,4,31,92,2,2023Q3
3945,1388,4,30,109,2,2023Q4
3945,1398,5,34,59,1,2024Q1
3945,1430,6,37,73,2,2024Q2
3945,1444,8,34,86,4,2024Q3
3945,1427,11,31,99,7,2024Q4
3945,1420,10,31,41,3,2025Q1
3945,1431,11,31,56,4,2025Q2
3945,1434,13,33,72,7,2025Q3
3945,1452,13,35,83,7,2025Q4
3945,1460,14,35,42,5,2026Q1
3945,1475,17,35,54,8,2026Q2
3950,5285,8,105,285,1,2023Q2
3950,5308,7,106,354,2,2023Q3
3950,5346,8,105,400,2,2023Q4
3950,5372,9,100,208,2,2024Q1
3950,5366,9,100,272,3,2024Q2
3950,5419,11,97,320,4,2024Q3
3950,5445,12,95,363,5,2024Q4
3950,5454,12,96,202,4,2025Q1
3950,5479,16,95,260,8,2025Q2
3950,5515,19,99,323,10,2025Q3
3950,5503,21,103,366,11,2025Q4
3950,5551,27,108,190,10,2026Q1
3950,5598,35,109,255,17,2026Q2
3951,1441,8,23,69,4,2023Q2
3951,1452,8,22,84,4,2023Q3
3951,1448,8,23,96,4,2023Q4
3951,1437,9,20,49,3,2024Q1
3951,1434,9,24,67,3,2024Q2
3951,1441,9,26,83,3,2024Q3
3951,1425,11,27,94,5,2024Q4
3951,1404,12,29,53,2,2025Q1
3951,1392,14,28,67,4,2025Q2
3951,1380,14,26,72,4,2025Q3
3951,1371,14,25,81,3,2025Q4
3951,1379,17,28,33,2,2026Q1
3951,1365,20,28,45,5,2026Q2
3953,9548,17,143,611,9,2023Q2
3953,9559,18,140,730,10,2023Q3
3953,9595,23,143,849,15,2023Q4
3953,9656,28,146,507,14,2024Q1
3953,9687,32,145,631,17,2024Q2
3953,9793,33,145,741,19,2024Q3
3953,9779,40,146,842,23,2024Q4
3953,9883,41,144,490,15,2025Q1
3953,9956,44,141,596,18,2025Q2
3953,9942,51,153,690,25,2025Q3
3953,9970,55,168,800,29,2025Q4
3953,9936,63,170,432,22,2026Q1
3953,10031,75,181,530,32,2026Q2
3954,489,1,6,23,0,2023Q2
3954,488,1,7,28,0,2023Q3
3954,491,1,7,32,0,2023Q4
3954,489,1,7,20,0,2024Q1
3954,496,1,7,21,0,2024Q2
3954,501,1,7,28,0,2024Q3
3954,497,1,8,29,0,2024Q4
3954,486,2,7,14,1,2025Q1
3954,483,2,6,20,1,2025Q2
3954,496,2,7,31,1,2025Q3
3954,488,2,7,33,1,2025Q4
3954,488,2,9,23,0,2026Q1
3954,496,4,10,32,2,2026Q2
3956,3865,8,73,181,5,2023Q2
3956,3881,10,67,216,7,2023Q3
3956,3887,14,64,256,10,2023Q4
3956,3899,17,63,156,9,2024Q1
3956,3917,19,61,189,10,2024Q2
3956,3928,20,64,211,12,2024Q3
3956,3932,21,66,227,14,2024Q4
3956,3982,24,67,111,11,2025Q1
3956,3967,24,66,139,11,2025Q2
3956,3992,27,65,170,14,2025Q3
3956,3995,31,66,202,18,2025Q4
3956,4027,34,69,122,9,2026Q1
3956,4057,44,73,174,18,2026Q2
3957,488,1,9,36,0,2023Q2
3957,486,1,9,40,0,2023Q3
3957,475,1,8,40,0,2023Q4
3957,470,1,7,22,0,2024Q1
3957,476,2,7,27,0,2024Q2
3957,485,2,8,30,0,2024Q3
3957,484,2,7,35,0,2024Q4
3957,478,2,5,17,0,2025Q1
3957,474,2,4,19,0,2025Q2
3957,474,2,6,23,0,2025Q3
3957,473,3,4,26,1,2025Q4
3957,467,5,3,11,1,2026Q1
3957,466,5,3,13,1,2026Q2
3959,1748,10,26,99,7,2023Q2
3959,1748,11,27,123,8,2023Q3
3959,1726,13,25,137,10,2023Q4
3959,1731,15,27,68,7,2024Q1
3959,1731,14,29,89,7,2024Q2
3959,1724,13,28,104,6,2024Q3
3959,1718,13,29,120,6,2024Q4
3959,1715,15,29,52,3,2025Q1
3959,1749,15,29,67,2,2025Q2
3959,1730,15,31,82,3,2025Q3
3959,1720,19,31,98,6,2025Q4
3959,1719,20,30,57,7,2026Q1
3959,1724,29,34,78,14,2026Q2
3960,3353,7,63,178,4,2023Q2
3960,3365,8,62,213,5,2023Q3
3960,3346,8,61,244,5,2023Q4
3960,3360,9,63,124,3,2024Q1
3960,3357,12,63,159,6,2024Q2
3960,3378,15,62,208,8,2024Q3
3960,3373,16,62,234,9,2024Q4
3960,3405,18,59,152,8,2025Q1
3960,3428,19,60,196,9,2025Q2
3960,3419,22,59,228,12,2025Q3
3960,3446,24,60,274,14,2025Q4
3960,3457,32,62,145,13,2026Q1
3960,3458,46,61,191,27,2026Q2
3962,1235,1,24,55,1,2023Q2
3962,1243,1,22,63,1,2023Q3
3962,1240,1,21,77,1,2023Q4
3962,1253,1,17,45,1,2024Q1
3962,1270,3,17,51,2,2024Q2
3962,1269,3,17,61,2,2024Q3
3962,1265,4,17,73,3,2024Q4
3962,1287,6,17,49,3,2025Q1
3962,1318,6,17,67,3,2025Q2
3962,1332,6,18,81,3,2025Q3
3962,1345,6,18,89,3,2025Q4
3962,1339,6,16,42,1,2026Q1
3962,1350,8,17,52,1,2026Q2
3966,892,0,22,36,0,2023Q2
3966,887,2,21,40,2,2023Q3
3966,861,2,20,48,2,2023Q4
3966,877,2,18,33,2,2024Q1
3966,885,3,17,48,3,2024Q2
3966,892,3,17,58,3,2024Q3
3966,902,3,18,65,3,2024Q4
3966,906,3,18,32,0,2025Q1
3966,905,4,18,46,1,2025Q2
3966,912,5,18,55,2,2025Q3
3966,913,5,16,59,2,2025Q4
3966,920,5,17,26,2,2026Q1
3966,932,6,17,35,3,2026Q2
3971,5233,7,94,229,2,2023Q2
3971,5283,8,87,288,3,2023Q3
3971,5294,10,82,332,3,2023Q4
3971,5355,12,84,197,5,2024Q1
3971,5385,16,85,253,9,2024Q2
3971,5392,17,88,309,10,2024Q3
3971,5386,16,85,362,10,2024Q4
3971,5356,18,81,181,3,2025Q1
3971,5391,18,83,224,3,2025Q2
3971,5421,19,80,265,3,2025Q3
3971,5398,19,79,306,3,2025Q4
3971,5412,22,82,148,2,2026Q1
3971,5433,26,85,192,5,2026Q2
3975,12397,87,203,1018,60,2023Q2
3975,12529,103,205,1209,77,2023Q3
3975,12581,111,225,1360,88,2023Q4
3975,12733,130,257,832,81,2024Q1
3975,12906,152,288,1046,101,2024Q2
3975,13080,161,314,1225,112,2024Q3
3975,13112,184,332,1399,135,2024Q4
3975,13217,199,379,806,73,2025Q1
3975,13228,226,419,995,95,2025Q2
3975,13263,254,471,1212,120,2025Q3
3975,13337,276,538,1433,140,2025Q4
3975,13402,295,603,837,90,2026Q1
3975,13441,345,648,1036,141,2026Q2
3976,17078,48,325,785,27,2023Q2
3976,17144,57,332,943,39,2023Q3
3976,17352,63,343,1107,44,2023Q4
3976,17546,68,356,697,39,2024Q1
3976,17641,77,359,864,44,2024Q2
3976,17648,86,384,1000,53,2024Q3
3976,17752,95,409,1170,63,2024Q4
3976,17822,96,435,682,33,2025Q1
3976,17919,111,460,850,46,2025Q2
3976,17975,121,485,1031,56,2025Q3
3976,18092,132,544,1231,65,2025Q4
3976,18072,153,555,735,48,2026Q1
3976,18192,198,621,958,86,2026Q2
3977,85650,398,1582,6169,286,2023Q2
3977,86695,457,1659,7480,345,2023Q3
3977,87303,522,1747,8711,411,2023Q4
3977,88662,625,1830,5502,367,2024Q1
3977,89552,721,1892,6849,465,2024Q2
3977,90027,796,2042,8007,533,2024Q3
3977,90651,883,2144,9270,613,2024Q4
3977,91255,948,2298,5064,313,2025Q1
3977,92011,1055,2483,6405,423,2025Q2
3977,92541,1189,2632,7780,565,2025Q3
3977,92972,1296,2811,9075,679,2025Q4
3977,93441,1445,3029,5351,527,2026Q1
3977,94196,1803,3380,6888,863,2026Q2
3978,35601,291,609,3532,214,2023Q2
3978,37548,365,686,4607,281,2023Q3
3978,38910,428,770,5425,339,2023Q4
3978,40757,507,884,3438,311,2024Q1
3978,42724,613,1095,4475,418,2024Q2
3978,44254,684,1240,5288,484,2024Q3
3978,45632,752,1361,5981,546,2024Q4
3978,46937,811,1535,3306,274,2025Q1
3978,48646,928,1769,4348,385,2025Q2
3978,50185,1059,1982,5333,503,2025Q3
3978,51554,1162,2220,6282,579,2025Q4
3978,53052,1337,2490,3775,472,2026Q1
3978,54608,1693,2866,5003,819,2026Q2
3979,563,1,7,24,0,2023Q2
3979,569,1,7,32,0,2023Q3
3979,552,1,7,36,0,2023Q4
3979,564,2,6,23,1,2024Q1
3979,570,2,6,29,1,2024Q2
3979,564,2,6,33,1,2024Q3
3979,566,2,4,37,1,2024Q4
3979,564,2,5,15,0,2025Q1
3979,574,2,5,16,0,2025Q2
3979,585,4,4,20,1,2025Q3
3979,585,4,5,27,1,2025Q4
3979,585,7,5,15,2,2026Q1
3979,594,8,5,23,2,2026Q2
3980,3457,8,77,204,5,2023Q2
3980,3458,8,73,242,5,2023Q3
3980,3444,8,73,272,5,2023Q4
3980,3498,8,69,148,1,2024Q1
3980,3512,12,69,191,5,2024Q2
3980,3492,14,69,219,6,2024Q3
3980,3497,15,68,267,7,2024Q4
3980,3529,14,70,153,3,2025Q1
3980,3520,15,72,206,4,2025Q2
3980,3513,15,75,251,4,2025Q3
3980,3533,19,72,297,8,2025Q4
3980,3512,19,79,170,5,2026Q1
3980,3536,21,85,212,7,2026Q2
3981,5897,9,135,304,8,2023Q2
3981,5981,12,136,365,11,2023Q3
3981,5924,12,135,442,11,2023Q4
3981,6000,12,136,279,8,2024Q1
3981,6054,16,136,341,11,2024Q2
3981,6102,16,128,391,11,2024Q3
3981,6117,19,129,448,15,2024Q4
3981,6102,18,129,218,5,2025Q1
3981,6110,21,126,286,8,2025Q2
3981,6101,23,134,343,11,2025Q3
3981,6127,26,139,393,14,2025Q4
3981,6143,33,135,208,15,2026Q1
3981,6179,40,145,277,22,2026Q2
3984,7929,26,224,433,15,2023Q2
3984,8057,28,212,526,16,2023Q3
3984,8073,31,217,629,19,2023Q4
3984,8186,37,216,361,17,2024Q1
3984,8192,42,212,438,22,2024Q2
3984,8303,47,202,538,28,2024Q3
3984,8372,55,201,634,35,2024Q4
3984,8458,55,200,335,20,2025Q1
3984,8467,60,202,442,27,2025Q2
3984,8484,69,207,539,35,2025Q3
3984,8564,80,207,631,45,2025Q4
3984,8622,92,218,354,35,2026Q1
3984,8698,121,236,475,64,2026Q2
3987,1865,5,37,82,1,2023Q2
3987,1874,4,36,102,0,2023Q3
3987,1864,4,31,112,0,2023Q4
3987,1895,5,32,66,1,2024Q1
3987,1905,7,29,90,3,2024Q2
3987,1922,9,33,116,4,2024Q3
3987,1916,8,31,129,4,2024Q4
3987,1928,10,35,76,2,2025Q1
3987,1914,10,36,95,1,2025Q2
3987,1926,14,38,114,5,2025Q3
3987,1910,16,36,123,8,2025Q4
3987,1927,16,39,68,6,2026Q1
3987,1948,15,43,80,6,2026Q2
3988,1550,2,37,69,0,2023Q2
3988,1543,2,37,96,0,2023Q3
3988,1542,3,37,105,0,2023Q4
3988,1593,3,36,62,0,2024Q1
3988,1589,3,34,78,0,2024Q2
3988,1604,3,34,106,0,2024Q3
3988,1582,3,32,112,0,2024Q4
3988,1591,5,32,55,1,2025Q1
3988,1583,4,30,67,1,2025Q2
3988,1584,4,32,74,1,2025Q3
3988,1578,4,34,88,1,2025Q4
3988,1599,5,36,42,0,2026Q1
3988,1603,6,36,52,1,2026Q2
3991,591,1,15,29,1,2023Q2
3991,574,1,14,32,1,2023Q3
3991,585,1,14,42,1,2023Q4
3991,587,1,11,33,1,2024Q1
3991,603,1,13,37,1,2024Q2
3991,607,2,12,39,2,2024Q3
3991,607,2,11,40,2,2024Q4
3991,609,2,12,14,0,2025Q1
3991,611,2,12,23,0,2025Q2
3991,607,4,12,28,0,2025Q3
3991,611,7,12,36,3,2025Q4
3991,618,7,10,21,2,2026Q1
3991,619,7,10,22,3,2026Q2
3992,1416,2,23,69,2,2023Q2
3992,1431,3,23,82,2,2023Q3
3992,1440,3,24,97,2,2023Q4
3992,1456,5,25,66,4,2024Q1
3992,1483,5,29,79,3,2024Q2
3992,1492,6,31,96,4,2024Q3
3992,1494,6,30,109,4,2024Q4
3992,1495,5,29,54,2,2025Q1
3992,1509,7,30,65,4,2025Q2
3992,1502,11,28,78,7,2025Q3
3992,1502,16,30,94,12,2025Q4
3992,1514,19,29,46,10,2026Q1
3992,1552,23,30,62,13,2026Q2
3995,11385,60,219,636,31,2023Q2
3995,11438,63,220,767,36,2023Q3
3995,11449,60,214,888,36,2023Q4
3995,11621,70,222,534,31,2024Q1
3995,11672,80,231,656,42,2024Q2
3995,11718,91,241,782,49,2024Q3
3995,11797,103,245,902,61,2024Q4
3995,11892,114,266,473,35,2025Q1
3995,11941,128,280,589,48,2025Q2
3995,12008,146,300,732,63,2025Q3
3995,12127,159,308,863,75,2025Q4
3995,12195,186,301,509,65,2026Q1
3995,12220,210,329,639,90,2026Q2
3996,6447,30,100,397,15,2023Q2
3996,6488,33,100,487,18,2023Q3
3996,6415,39,97,579,23,2023Q4
3996,6511,47,102,380,20,2024Q1
3996,6572,56,113,494,29,2024Q2
3996,6605,64,120,575,37,2024Q3
3996,6606,69,124,675,44,2024Q4
3996,6628,74,130,371,30,2025Q1
3996,6650,84,135,466,39,2025Q2
3996,6671,93,139,543,50,2025Q3
3996,6704,100,158,632,56,2025Q4
3996,6767,110,178,338,33,2026Q1
3996,6822,139,196,446,63,2026Q2
